example_id,inp_file,design_block,dist_code,factor1,level1_code,factor2,level2_code,factor3,level3_code,factor4,level4_code,factor5,level5_code,K,G,h,theta_true,theta_CV,Nmin,Nmax,nsims,random.seed,od_mult,sigma,mean_nsamp,ln_sd,nb_size,N_range_label,p_lbound,p_ubound
1,hake_ex1.inp,Poisson,1,mean_nsamp,-1,sigma,-1,theta_true,-1,theta_CV,-1,G,-1,3,2,0.05,0.5,0.0,50,100,10,2356,1.0,0.25,25,1.0,25,,"0.0, 0.0, 0.0","1.0, 1.0, 1.0"
2,hake_ex2.inp,Poisson,1,mean_nsamp,-1,sigma,-1,theta_true,-1,theta_CV,-1,G,0,3,4,0.05,0.5,0.0,50,100,10,2356,1.0,0.25,25,1.0,25,,"0.0, 0.0, 0.0","1.0, 1.0, 1.0"
3,hake_ex3.inp,Poisson,1,mean_nsamp,-1,sigma,-1,theta_true,-1,theta_CV,-1,G,1,3,8,0.05,0.5,0.0,50,100,10,2356,1.0,0.25,25,1.0,25,,"0.0, 0.0, 0.0","1.0, 1.0, 1.0"
4,hake_ex4.inp,Poisson,1,mean_nsamp,-1,sigma,-1,theta_true,-1,theta_CV,0,G,-1,3,2,0.05,0.5,0.2,50,100,10,2356,1.0,0.25,25,1.0,25,,"0.0, 0.0, 0.0","1.0, 1.0, 1.0"
5,hake_ex5.inp,Poisson,1,mean_nsamp,-1,sigma,-1,theta_true,-1,theta_CV,0,G,0,3,4,0.05,0.5,0.2,50,100,10,2356,1.0,0.25,25,1.0,25,,"0.0, 0.0, 0.0","1.0, 1.0, 1.0"
6,hake_ex6.inp,Poisson,1,mean_nsamp,-1,sigma,-1,theta_true,-1,theta_CV,0,G,1,3,8,0.05,0.5,0.2,50,100,10,2356,1.0,0.25,25,1.0,25,,"0.0, 0.0, 0.0","1.0, 1.0, 1.0"
7,hake_ex7.inp,Poisson,1,mean_nsamp,-1,sigma,-1,theta_true,-1,theta_CV,1,G,-1,3,2,0.05,0.5,0.6,50,100,10,2356,1.0,0.25,25,1.0,25,,"0.0, 0.0, 0.0","1.0, 1.0, 1.0"
8,hake_ex8.inp,Poisson,1,mean_nsamp,-1,sigma,-1,theta_true,-1,theta_CV,1,G,0,3,4,0.05,0.5,0.6,50,100,10,2356,1.0,0.25,25,1.0,25,,"0.0, 0.0, 0.0","1.0, 1.0, 1.0"
9,hake_ex9.inp,Poisson,1,mean_nsamp,-1,sigma,-1,theta_true,-1,theta_CV,1,G,1,3,8,0.05,0.5,0.6,50,100,10,2356,1.0,0.25,25,1.0,25,,"0.0, 0.0, 0.0","1.0, 1.0, 1.0"
10,hake_ex10.inp,Poisson,1,mean_nsamp,-1,sigma,-1,theta_true,0,theta_CV,-1,G,-1,3,2,0.05,1.0,0.0,50,100,10,2356,1.0,0.25,25,1.0,25,,"0.0, 0.0, 0.0","1.0, 1.0, 1.0"
11,hake_ex11.inp,Poisson,1,mean_nsamp,-1,sigma,-1,theta_true,0,theta_CV,-1,G,0,3,4,0.05,1.0,0.0,50,100,10,2356,1.0,0.25,25,1.0,25,,"0.0, 0.0, 0.0","1.0, 1.0, 1.0"
12,hake_ex12.inp,Poisson,1,mean_nsamp,-1,sigma,-1,theta_true,0,theta_CV,-1,G,1,3,8,0.05,1.0,0.0,50,100,10,2356,1.0,0.25,25,1.0,25,,"0.0, 0.0, 0.0","1.0, 1.0, 1.0"
13,hake_ex13.inp,Poisson,1,mean_nsamp,-1,sigma,-1,theta_true,0,theta_CV,0,G,-1,3,2,0.05,1.0,0.2,50,100,10,2356,1.0,0.25,25,1.0,25,,"0.0, 0.0, 0.0","1.0, 1.0, 1.0"
14,hake_ex14.inp,Poisson,1,mean_nsamp,-1,sigma,-1,theta_true,0,theta_CV,0,G,0,3,4,0.05,1.0,0.2,50,100,10,2356,1.0,0.25,25,1.0,25,,"0.0, 0.0, 0.0","1.0, 1.0, 1.0"
15,hake_ex15.inp,Poisson,1,mean_nsamp,-1,sigma,-1,theta_true,0,theta_CV,0,G,1,3,8,0.05,1.0,0.2,50,100,10,2356,1.0,0.25,25,1.0,25,,"0.0, 0.0, 0.0","1.0, 1.0, 1.0"
16,hake_ex16.inp,Poisson,1,mean_nsamp,-1,sigma,-1,theta_true,0,theta_CV,1,G,-1,3,2,0.05,1.0,0.6,50,100,10,2356,1.0,0.25,25,1.0,25,,"0.0, 0.0, 0.0","1.0, 1.0, 1.0"
17,hake_ex17.inp,Poisson,1,mean_nsamp,-1,sigma,-1,theta_true,0,theta_CV,1,G,0,3,4,0.05,1.0,0.6,50,100,10,2356,1.0,0.25,25,1.0,25,,"0.0, 0.0, 0.0","1.0, 1.0, 1.0"
18,hake_ex18.inp,Poisson,1,mean_nsamp,-1,sigma,-1,theta_true,0,theta_CV,1,G,1,3,8,0.05,1.0,0.6,50,100,10,2356,1.0,0.25,25,1.0,25,,"0.0, 0.0, 0.0","1.0, 1.0, 1.0"
19,hake_ex19.inp,Poisson,1,mean_nsamp,-1,sigma,-1,theta_true,1,theta_CV,-1,G,-1,3,2,0.05,2.0,0.0,50,100,10,2356,1.0,0.25,25,1.0,25,,"0.0, 0.0, 0.0","1.0, 1.0, 1.0"
20,hake_ex20.inp,Poisson,1,mean_nsamp,-1,sigma,-1,theta_true,1,theta_CV,-1,G,0,3,4,0.05,2.0,0.0,50,100,10,2356,1.0,0.25,25,1.0,25,,"0.0, 0.0, 0.0","1.0, 1.0, 1.0"
21,hake_ex21.inp,Poisson,1,mean_nsamp,-1,sigma,-1,theta_true,1,theta_CV,-1,G,1,3,8,0.05,2.0,0.0,50,100,10,2356,1.0,0.25,25,1.0,25,,"0.0, 0.0, 0.0","1.0, 1.0, 1.0"
22,hake_ex22.inp,Poisson,1,mean_nsamp,-1,sigma,-1,theta_true,1,theta_CV,0,G,-1,3,2,0.05,2.0,0.2,50,100,10,2356,1.0,0.25,25,1.0,25,,"0.0, 0.0, 0.0","1.0, 1.0, 1.0"
23,hake_ex23.inp,Poisson,1,mean_nsamp,-1,sigma,-1,theta_true,1,theta_CV,0,G,0,3,4,0.05,2.0,0.2,50,100,10,2356,1.0,0.25,25,1.0,25,,"0.0, 0.0, 0.0","1.0, 1.0, 1.0"
24,hake_ex24.inp,Poisson,1,mean_nsamp,-1,sigma,-1,theta_true,1,theta_CV,0,G,1,3,8,0.05,2.0,0.2,50,100,10,2356,1.0,0.25,25,1.0,25,,"0.0, 0.0, 0.0","1.0, 1.0, 1.0"
25,hake_ex25.inp,Poisson,1,mean_nsamp,-1,sigma,-1,theta_true,1,theta_CV,1,G,-1,3,2,0.05,2.0,0.6,50,100,10,2356,1.0,0.25,25,1.0,25,,"0.0, 0.0, 0.0","1.0, 1.0, 1.0"
26,hake_ex26.inp,Poisson,1,mean_nsamp,-1,sigma,-1,theta_true,1,theta_CV,1,G,0,3,4,0.05,2.0,0.6,50,100,10,2356,1.0,0.25,25,1.0,25,,"0.0, 0.0, 0.0","1.0, 1.0, 1.0"
27,hake_ex27.inp,Poisson,1,mean_nsamp,-1,sigma,-1,theta_true,1,theta_CV,1,G,1,3,8,0.05,2.0,0.6,50,100,10,2356,1.0,0.25,25,1.0,25,,"0.0, 0.0, 0.0","1.0, 1.0, 1.0"
28,hake_ex28.inp,Poisson,1,mean_nsamp,-1,sigma,0,theta_true,-1,theta_CV,-1,G,-1,3,2,0.05,0.5,0.0,50,100,10,2356,1.0,0.5,25,1.0,25,,"0.0, 0.0, 0.0","1.0, 1.0, 1.0"
29,hake_ex29.inp,Poisson,1,mean_nsamp,-1,sigma,0,theta_true,-1,theta_CV,-1,G,0,3,4,0.05,0.5,0.0,50,100,10,2356,1.0,0.5,25,1.0,25,,"0.0, 0.0, 0.0","1.0, 1.0, 1.0"
30,hake_ex30.inp,Poisson,1,mean_nsamp,-1,sigma,0,theta_true,-1,theta_CV,-1,G,1,3,8,0.05,0.5,0.0,50,100,10,2356,1.0,0.5,25,1.0,25,,"0.0, 0.0, 0.0","1.0, 1.0, 1.0"
31,hake_ex31.inp,Poisson,1,mean_nsamp,-1,sigma,0,theta_true,-1,theta_CV,0,G,-1,3,2,0.05,0.5,0.2,50,100,10,2356,1.0,0.5,25,1.0,25,,"0.0, 0.0, 0.0","1.0, 1.0, 1.0"
32,hake_ex32.inp,Poisson,1,mean_nsamp,-1,sigma,0,theta_true,-1,theta_CV,0,G,0,3,4,0.05,0.5,0.2,50,100,10,2356,1.0,0.5,25,1.0,25,,"0.0, 0.0, 0.0","1.0, 1.0, 1.0"
33,hake_ex33.inp,Poisson,1,mean_nsamp,-1,sigma,0,theta_true,-1,theta_CV,0,G,1,3,8,0.05,0.5,0.2,50,100,10,2356,1.0,0.5,25,1.0,25,,"0.0, 0.0, 0.0","1.0, 1.0, 1.0"
34,hake_ex34.inp,Poisson,1,mean_nsamp,-1,sigma,0,theta_true,-1,theta_CV,1,G,-1,3,2,0.05,0.5,0.6,50,100,10,2356,1.0,0.5,25,1.0,25,,"0.0, 0.0, 0.0","1.0, 1.0, 1.0"
35,hake_ex35.inp,Poisson,1,mean_nsamp,-1,sigma,0,theta_true,-1,theta_CV,1,G,0,3,4,0.05,0.5,0.6,50,100,10,2356,1.0,0.5,25,1.0,25,,"0.0, 0.0, 0.0","1.0, 1.0, 1.0"
36,hake_ex36.inp,Poisson,1,mean_nsamp,-1,sigma,0,theta_true,-1,theta_CV,1,G,1,3,8,0.05,0.5,0.6,50,100,10,2356,1.0,0.5,25,1.0,25,,"0.0, 0.0, 0.0","1.0, 1.0, 1.0"
37,hake_ex37.inp,Poisson,1,mean_nsamp,-1,sigma,0,theta_true,0,theta_CV,-1,G,-1,3,2,0.05,1.0,0.0,50,100,10,2356,1.0,0.5,25,1.0,25,,"0.0, 0.0, 0.0","1.0, 1.0, 1.0"
38,hake_ex38.inp,Poisson,1,mean_nsamp,-1,sigma,0,theta_true,0,theta_CV,-1,G,0,3,4,0.05,1.0,0.0,50,100,10,2356,1.0,0.5,25,1.0,25,,"0.0, 0.0, 0.0","1.0, 1.0, 1.0"
39,hake_ex39.inp,Poisson,1,mean_nsamp,-1,sigma,0,theta_true,0,theta_CV,-1,G,1,3,8,0.05,1.0,0.0,50,100,10,2356,1.0,0.5,25,1.0,25,,"0.0, 0.0, 0.0","1.0, 1.0, 1.0"
40,hake_ex40.inp,Poisson,1,mean_nsamp,-1,sigma,0,theta_true,0,theta_CV,0,G,-1,3,2,0.05,1.0,0.2,50,100,10,2356,1.0,0.5,25,1.0,25,,"0.0, 0.0, 0.0","1.0, 1.0, 1.0"
41,hake_ex41.inp,Poisson,1,mean_nsamp,-1,sigma,0,theta_true,0,theta_CV,0,G,0,3,4,0.05,1.0,0.2,50,100,10,2356,1.0,0.5,25,1.0,25,,"0.0, 0.0, 0.0","1.0, 1.0, 1.0"
42,hake_ex42.inp,Poisson,1,mean_nsamp,-1,sigma,0,theta_true,0,theta_CV,0,G,1,3,8,0.05,1.0,0.2,50,100,10,2356,1.0,0.5,25,1.0,25,,"0.0, 0.0, 0.0","1.0, 1.0, 1.0"
43,hake_ex43.inp,Poisson,1,mean_nsamp,-1,sigma,0,theta_true,0,theta_CV,1,G,-1,3,2,0.05,1.0,0.6,50,100,10,2356,1.0,0.5,25,1.0,25,,"0.0, 0.0, 0.0","1.0, 1.0, 1.0"
44,hake_ex44.inp,Poisson,1,mean_nsamp,-1,sigma,0,theta_true,0,theta_CV,1,G,0,3,4,0.05,1.0,0.6,50,100,10,2356,1.0,0.5,25,1.0,25,,"0.0, 0.0, 0.0","1.0, 1.0, 1.0"
45,hake_ex45.inp,Poisson,1,mean_nsamp,-1,sigma,0,theta_true,0,theta_CV,1,G,1,3,8,0.05,1.0,0.6,50,100,10,2356,1.0,0.5,25,1.0,25,,"0.0, 0.0, 0.0","1.0, 1.0, 1.0"
46,hake_ex46.inp,Poisson,1,mean_nsamp,-1,sigma,0,theta_true,1,theta_CV,-1,G,-1,3,2,0.05,2.0,0.0,50,100,10,2356,1.0,0.5,25,1.0,25,,"0.0, 0.0, 0.0","1.0, 1.0, 1.0"
47,hake_ex47.inp,Poisson,1,mean_nsamp,-1,sigma,0,theta_true,1,theta_CV,-1,G,0,3,4,0.05,2.0,0.0,50,100,10,2356,1.0,0.5,25,1.0,25,,"0.0, 0.0, 0.0","1.0, 1.0, 1.0"
48,hake_ex48.inp,Poisson,1,mean_nsamp,-1,sigma,0,theta_true,1,theta_CV,-1,G,1,3,8,0.05,2.0,0.0,50,100,10,2356,1.0,0.5,25,1.0,25,,"0.0, 0.0, 0.0","1.0, 1.0, 1.0"
49,hake_ex49.inp,Poisson,1,mean_nsamp,-1,sigma,0,theta_true,1,theta_CV,0,G,-1,3,2,0.05,2.0,0.2,50,100,10,2356,1.0,0.5,25,1.0,25,,"0.0, 0.0, 0.0","1.0, 1.0, 1.0"
50,hake_ex50.inp,Poisson,1,mean_nsamp,-1,sigma,0,theta_true,1,theta_CV,0,G,0,3,4,0.05,2.0,0.2,50,100,10,2356,1.0,0.5,25,1.0,25,,"0.0, 0.0, 0.0","1.0, 1.0, 1.0"
51,hake_ex51.inp,Poisson,1,mean_nsamp,-1,sigma,0,theta_true,1,theta_CV,0,G,1,3,8,0.05,2.0,0.2,50,100,10,2356,1.0,0.5,25,1.0,25,,"0.0, 0.0, 0.0","1.0, 1.0, 1.0"
52,hake_ex52.inp,Poisson,1,mean_nsamp,-1,sigma,0,theta_true,1,theta_CV,1,G,-1,3,2,0.05,2.0,0.6,50,100,10,2356,1.0,0.5,25,1.0,25,,"0.0, 0.0, 0.0","1.0, 1.0, 1.0"
53,hake_ex53.inp,Poisson,1,mean_nsamp,-1,sigma,0,theta_true,1,theta_CV,1,G,0,3,4,0.05,2.0,0.6,50,100,10,2356,1.0,0.5,25,1.0,25,,"0.0, 0.0, 0.0","1.0, 1.0, 1.0"
54,hake_ex54.inp,Poisson,1,mean_nsamp,-1,sigma,0,theta_true,1,theta_CV,1,G,1,3,8,0.05,2.0,0.6,50,100,10,2356,1.0,0.5,25,1.0,25,,"0.0, 0.0, 0.0","1.0, 1.0, 1.0"
55,hake_ex55.inp,Poisson,1,mean_nsamp,-1,sigma,1,theta_true,-1,theta_CV,-1,G,-1,3,2,0.05,0.5,0.0,50,100,10,2356,1.0,1.0,25,1.0,25,,"0.0, 0.0, 0.0","1.0, 1.0, 1.0"
56,hake_ex56.inp,Poisson,1,mean_nsamp,-1,sigma,1,theta_true,-1,theta_CV,-1,G,0,3,4,0.05,0.5,0.0,50,100,10,2356,1.0,1.0,25,1.0,25,,"0.0, 0.0, 0.0","1.0, 1.0, 1.0"
57,hake_ex57.inp,Poisson,1,mean_nsamp,-1,sigma,1,theta_true,-1,theta_CV,-1,G,1,3,8,0.05,0.5,0.0,50,100,10,2356,1.0,1.0,25,1.0,25,,"0.0, 0.0, 0.0","1.0, 1.0, 1.0"
58,hake_ex58.inp,Poisson,1,mean_nsamp,-1,sigma,1,theta_true,-1,theta_CV,0,G,-1,3,2,0.05,0.5,0.2,50,100,10,2356,1.0,1.0,25,1.0,25,,"0.0, 0.0, 0.0","1.0, 1.0, 1.0"
59,hake_ex59.inp,Poisson,1,mean_nsamp,-1,sigma,1,theta_true,-1,theta_CV,0,G,0,3,4,0.05,0.5,0.2,50,100,10,2356,1.0,1.0,25,1.0,25,,"0.0, 0.0, 0.0","1.0, 1.0, 1.0"
60,hake_ex60.inp,Poisson,1,mean_nsamp,-1,sigma,1,theta_true,-1,theta_CV,0,G,1,3,8,0.05,0.5,0.2,50,100,10,2356,1.0,1.0,25,1.0,25,,"0.0, 0.0, 0.0","1.0, 1.0, 1.0"
61,hake_ex61.inp,Poisson,1,mean_nsamp,-1,sigma,1,theta_true,-1,theta_CV,1,G,-1,3,2,0.05,0.5,0.6,50,100,10,2356,1.0,1.0,25,1.0,25,,"0.0, 0.0, 0.0","1.0, 1.0, 1.0"
62,hake_ex62.inp,Poisson,1,mean_nsamp,-1,sigma,1,theta_true,-1,theta_CV,1,G,0,3,4,0.05,0.5,0.6,50,100,10,2356,1.0,1.0,25,1.0,25,,"0.0, 0.0, 0.0","1.0, 1.0, 1.0"
63,hake_ex63.inp,Poisson,1,mean_nsamp,-1,sigma,1,theta_true,-1,theta_CV,1,G,1,3,8,0.05,0.5,0.6,50,100,10,2356,1.0,1.0,25,1.0,25,,"0.0, 0.0, 0.0","1.0, 1.0, 1.0"
64,hake_ex64.inp,Poisson,1,mean_nsamp,-1,sigma,1,theta_true,0,theta_CV,-1,G,-1,3,2,0.05,1.0,0.0,50,100,10,2356,1.0,1.0,25,1.0,25,,"0.0, 0.0, 0.0","1.0, 1.0, 1.0"
65,hake_ex65.inp,Poisson,1,mean_nsamp,-1,sigma,1,theta_true,0,theta_CV,-1,G,0,3,4,0.05,1.0,0.0,50,100,10,2356,1.0,1.0,25,1.0,25,,"0.0, 0.0, 0.0","1.0, 1.0, 1.0"
66,hake_ex66.inp,Poisson,1,mean_nsamp,-1,sigma,1,theta_true,0,theta_CV,-1,G,1,3,8,0.05,1.0,0.0,50,100,10,2356,1.0,1.0,25,1.0,25,,"0.0, 0.0, 0.0","1.0, 1.0, 1.0"
67,hake_ex67.inp,Poisson,1,mean_nsamp,-1,sigma,1,theta_true,0,theta_CV,0,G,-1,3,2,0.05,1.0,0.2,50,100,10,2356,1.0,1.0,25,1.0,25,,"0.0, 0.0, 0.0","1.0, 1.0, 1.0"
68,hake_ex68.inp,Poisson,1,mean_nsamp,-1,sigma,1,theta_true,0,theta_CV,0,G,0,3,4,0.05,1.0,0.2,50,100,10,2356,1.0,1.0,25,1.0,25,,"0.0, 0.0, 0.0","1.0, 1.0, 1.0"
69,hake_ex69.inp,Poisson,1,mean_nsamp,-1,sigma,1,theta_true,0,theta_CV,0,G,1,3,8,0.05,1.0,0.2,50,100,10,2356,1.0,1.0,25,1.0,25,,"0.0, 0.0, 0.0","1.0, 1.0, 1.0"
70,hake_ex70.inp,Poisson,1,mean_nsamp,-1,sigma,1,theta_true,0,theta_CV,1,G,-1,3,2,0.05,1.0,0.6,50,100,10,2356,1.0,1.0,25,1.0,25,,"0.0, 0.0, 0.0","1.0, 1.0, 1.0"
71,hake_ex71.inp,Poisson,1,mean_nsamp,-1,sigma,1,theta_true,0,theta_CV,1,G,0,3,4,0.05,1.0,0.6,50,100,10,2356,1.0,1.0,25,1.0,25,,"0.0, 0.0, 0.0","1.0, 1.0, 1.0"
72,hake_ex72.inp,Poisson,1,mean_nsamp,-1,sigma,1,theta_true,0,theta_CV,1,G,1,3,8,0.05,1.0,0.6,50,100,10,2356,1.0,1.0,25,1.0,25,,"0.0, 0.0, 0.0","1.0, 1.0, 1.0"
73,hake_ex73.inp,Poisson,1,mean_nsamp,-1,sigma,1,theta_true,1,theta_CV,-1,G,-1,3,2,0.05,2.0,0.0,50,100,10,2356,1.0,1.0,25,1.0,25,,"0.0, 0.0, 0.0","1.0, 1.0, 1.0"
74,hake_ex74.inp,Poisson,1,mean_nsamp,-1,sigma,1,theta_true,1,theta_CV,-1,G,0,3,4,0.05,2.0,0.0,50,100,10,2356,1.0,1.0,25,1.0,25,,"0.0, 0.0, 0.0","1.0, 1.0, 1.0"
75,hake_ex75.inp,Poisson,1,mean_nsamp,-1,sigma,1,theta_true,1,theta_CV,-1,G,1,3,8,0.05,2.0,0.0,50,100,10,2356,1.0,1.0,25,1.0,25,,"0.0, 0.0, 0.0","1.0, 1.0, 1.0"
76,hake_ex76.inp,Poisson,1,mean_nsamp,-1,sigma,1,theta_true,1,theta_CV,0,G,-1,3,2,0.05,2.0,0.2,50,100,10,2356,1.0,1.0,25,1.0,25,,"0.0, 0.0, 0.0","1.0, 1.0, 1.0"
77,hake_ex77.inp,Poisson,1,mean_nsamp,-1,sigma,1,theta_true,1,theta_CV,0,G,0,3,4,0.05,2.0,0.2,50,100,10,2356,1.0,1.0,25,1.0,25,,"0.0, 0.0, 0.0","1.0, 1.0, 1.0"
78,hake_ex78.inp,Poisson,1,mean_nsamp,-1,sigma,1,theta_true,1,theta_CV,0,G,1,3,8,0.05,2.0,0.2,50,100,10,2356,1.0,1.0,25,1.0,25,,"0.0, 0.0, 0.0","1.0, 1.0, 1.0"
79,hake_ex79.inp,Poisson,1,mean_nsamp,-1,sigma,1,theta_true,1,theta_CV,1,G,-1,3,2,0.05,2.0,0.6,50,100,10,2356,1.0,1.0,25,1.0,25,,"0.0, 0.0, 0.0","1.0, 1.0, 1.0"
80,hake_ex80.inp,Poisson,1,mean_nsamp,-1,sigma,1,theta_true,1,theta_CV,1,G,0,3,4,0.05,2.0,0.6,50,100,10,2356,1.0,1.0,25,1.0,25,,"0.0, 0.0, 0.0","1.0, 1.0, 1.0"
81,hake_ex81.inp,Poisson,1,mean_nsamp,-1,sigma,1,theta_true,1,theta_CV,1,G,1,3,8,0.05,2.0,0.6,50,100,10,2356,1.0,1.0,25,1.0,25,,"0.0, 0.0, 0.0","1.0, 1.0, 1.0"
82,hake_ex82.inp,Poisson,1,mean_nsamp,0,sigma,-1,theta_true,-1,theta_CV,-1,G,-1,3,2,0.05,0.5,0.0,50,100,10,2356,1.0,0.25,50,1.0,25,,"0.0, 0.0, 0.0","1.0, 1.0, 1.0"
83,hake_ex83.inp,Poisson,1,mean_nsamp,0,sigma,-1,theta_true,-1,theta_CV,-1,G,0,3,4,0.05,0.5,0.0,50,100,10,2356,1.0,0.25,50,1.0,25,,"0.0, 0.0, 0.0","1.0, 1.0, 1.0"
84,hake_ex84.inp,Poisson,1,mean_nsamp,0,sigma,-1,theta_true,-1,theta_CV,-1,G,1,3,8,0.05,0.5,0.0,50,100,10,2356,1.0,0.25,50,1.0,25,,"0.0, 0.0, 0.0","1.0, 1.0, 1.0"
85,hake_ex85.inp,Poisson,1,mean_nsamp,0,sigma,-1,theta_true,-1,theta_CV,0,G,-1,3,2,0.05,0.5,0.2,50,100,10,2356,1.0,0.25,50,1.0,25,,"0.0, 0.0, 0.0","1.0, 1.0, 1.0"
86,hake_ex86.inp,Poisson,1,mean_nsamp,0,sigma,-1,theta_true,-1,theta_CV,0,G,0,3,4,0.05,0.5,0.2,50,100,10,2356,1.0,0.25,50,1.0,25,,"0.0, 0.0, 0.0","1.0, 1.0, 1.0"
87,hake_ex87.inp,Poisson,1,mean_nsamp,0,sigma,-1,theta_true,-1,theta_CV,0,G,1,3,8,0.05,0.5,0.2,50,100,10,2356,1.0,0.25,50,1.0,25,,"0.0, 0.0, 0.0","1.0, 1.0, 1.0"
88,hake_ex88.inp,Poisson,1,mean_nsamp,0,sigma,-1,theta_true,-1,theta_CV,1,G,-1,3,2,0.05,0.5,0.6,50,100,10,2356,1.0,0.25,50,1.0,25,,"0.0, 0.0, 0.0","1.0, 1.0, 1.0"
89,hake_ex89.inp,Poisson,1,mean_nsamp,0,sigma,-1,theta_true,-1,theta_CV,1,G,0,3,4,0.05,0.5,0.6,50,100,10,2356,1.0,0.25,50,1.0,25,,"0.0, 0.0, 0.0","1.0, 1.0, 1.0"
90,hake_ex90.inp,Poisson,1,mean_nsamp,0,sigma,-1,theta_true,-1,theta_CV,1,G,1,3,8,0.05,0.5,0.6,50,100,10,2356,1.0,0.25,50,1.0,25,,"0.0, 0.0, 0.0","1.0, 1.0, 1.0"
91,hake_ex91.inp,Poisson,1,mean_nsamp,0,sigma,-1,theta_true,0,theta_CV,-1,G,-1,3,2,0.05,1.0,0.0,50,100,10,2356,1.0,0.25,50,1.0,25,,"0.0, 0.0, 0.0","1.0, 1.0, 1.0"
92,hake_ex92.inp,Poisson,1,mean_nsamp,0,sigma,-1,theta_true,0,theta_CV,-1,G,0,3,4,0.05,1.0,0.0,50,100,10,2356,1.0,0.25,50,1.0,25,,"0.0, 0.0, 0.0","1.0, 1.0, 1.0"
93,hake_ex93.inp,Poisson,1,mean_nsamp,0,sigma,-1,theta_true,0,theta_CV,-1,G,1,3,8,0.05,1.0,0.0,50,100,10,2356,1.0,0.25,50,1.0,25,,"0.0, 0.0, 0.0","1.0, 1.0, 1.0"
94,hake_ex94.inp,Poisson,1,mean_nsamp,0,sigma,-1,theta_true,0,theta_CV,0,G,-1,3,2,0.05,1.0,0.2,50,100,10,2356,1.0,0.25,50,1.0,25,,"0.0, 0.0, 0.0","1.0, 1.0, 1.0"
95,hake_ex95.inp,Poisson,1,mean_nsamp,0,sigma,-1,theta_true,0,theta_CV,0,G,0,3,4,0.05,1.0,0.2,50,100,10,2356,1.0,0.25,50,1.0,25,,"0.0, 0.0, 0.0","1.0, 1.0, 1.0"
96,hake_ex96.inp,Poisson,1,mean_nsamp,0,sigma,-1,theta_true,0,theta_CV,0,G,1,3,8,0.05,1.0,0.2,50,100,10,2356,1.0,0.25,50,1.0,25,,"0.0, 0.0, 0.0","1.0, 1.0, 1.0"
97,hake_ex97.inp,Poisson,1,mean_nsamp,0,sigma,-1,theta_true,0,theta_CV,1,G,-1,3,2,0.05,1.0,0.6,50,100,10,2356,1.0,0.25,50,1.0,25,,"0.0, 0.0, 0.0","1.0, 1.0, 1.0"
98,hake_ex98.inp,Poisson,1,mean_nsamp,0,sigma,-1,theta_true,0,theta_CV,1,G,0,3,4,0.05,1.0,0.6,50,100,10,2356,1.0,0.25,50,1.0,25,,"0.0, 0.0, 0.0","1.0, 1.0, 1.0"
99,hake_ex99.inp,Poisson,1,mean_nsamp,0,sigma,-1,theta_true,0,theta_CV,1,G,1,3,8,0.05,1.0,0.6,50,100,10,2356,1.0,0.25,50,1.0,25,,"0.0, 0.0, 0.0","1.0, 1.0, 1.0"
100,hake_ex100.inp,Poisson,1,mean_nsamp,0,sigma,-1,theta_true,1,theta_CV,-1,G,-1,3,2,0.05,2.0,0.0,50,100,10,2356,1.0,0.25,50,1.0,25,,"0.0, 0.0, 0.0","1.0, 1.0, 1.0"
101,hake_ex101.inp,Poisson,1,mean_nsamp,0,sigma,-1,theta_true,1,theta_CV,-1,G,0,3,4,0.05,2.0,0.0,50,100,10,2356,1.0,0.25,50,1.0,25,,"0.0, 0.0, 0.0","1.0, 1.0, 1.0"
102,hake_ex102.inp,Poisson,1,mean_nsamp,0,sigma,-1,theta_true,1,theta_CV,-1,G,1,3,8,0.05,2.0,0.0,50,100,10,2356,1.0,0.25,50,1.0,25,,"0.0, 0.0, 0.0","1.0, 1.0, 1.0"
103,hake_ex103.inp,Poisson,1,mean_nsamp,0,sigma,-1,theta_true,1,theta_CV,0,G,-1,3,2,0.05,2.0,0.2,50,100,10,2356,1.0,0.25,50,1.0,25,,"0.0, 0.0, 0.0","1.0, 1.0, 1.0"
104,hake_ex104.inp,Poisson,1,mean_nsamp,0,sigma,-1,theta_true,1,theta_CV,0,G,0,3,4,0.05,2.0,0.2,50,100,10,2356,1.0,0.25,50,1.0,25,,"0.0, 0.0, 0.0","1.0, 1.0, 1.0"
105,hake_ex105.inp,Poisson,1,mean_nsamp,0,sigma,-1,theta_true,1,theta_CV,0,G,1,3,8,0.05,2.0,0.2,50,100,10,2356,1.0,0.25,50,1.0,25,,"0.0, 0.0, 0.0","1.0, 1.0, 1.0"
106,hake_ex106.inp,Poisson,1,mean_nsamp,0,sigma,-1,theta_true,1,theta_CV,1,G,-1,3,2,0.05,2.0,0.6,50,100,10,2356,1.0,0.25,50,1.0,25,,"0.0, 0.0, 0.0","1.0, 1.0, 1.0"
107,hake_ex107.inp,Poisson,1,mean_nsamp,0,sigma,-1,theta_true,1,theta_CV,1,G,0,3,4,0.05,2.0,0.6,50,100,10,2356,1.0,0.25,50,1.0,25,,"0.0, 0.0, 0.0","1.0, 1.0, 1.0"
108,hake_ex108.inp,Poisson,1,mean_nsamp,0,sigma,-1,theta_true,1,theta_CV,1,G,1,3,8,0.05,2.0,0.6,50,100,10,2356,1.0,0.25,50,1.0,25,,"0.0, 0.0, 0.0","1.0, 1.0, 1.0"
109,hake_ex109.inp,Poisson,1,mean_nsamp,0,sigma,0,theta_true,-1,theta_CV,-1,G,-1,3,2,0.05,0.5,0.0,50,100,10,2356,1.0,0.5,50,1.0,25,,"0.0, 0.0, 0.0","1.0, 1.0, 1.0"
110,hake_ex110.inp,Poisson,1,mean_nsamp,0,sigma,0,theta_true,-1,theta_CV,-1,G,0,3,4,0.05,0.5,0.0,50,100,10,2356,1.0,0.5,50,1.0,25,,"0.0, 0.0, 0.0","1.0, 1.0, 1.0"
111,hake_ex111.inp,Poisson,1,mean_nsamp,0,sigma,0,theta_true,-1,theta_CV,-1,G,1,3,8,0.05,0.5,0.0,50,100,10,2356,1.0,0.5,50,1.0,25,,"0.0, 0.0, 0.0","1.0, 1.0, 1.0"
112,hake_ex112.inp,Poisson,1,mean_nsamp,0,sigma,0,theta_true,-1,theta_CV,0,G,-1,3,2,0.05,0.5,0.2,50,100,10,2356,1.0,0.5,50,1.0,25,,"0.0, 0.0, 0.0","1.0, 1.0, 1.0"
113,hake_ex113.inp,Poisson,1,mean_nsamp,0,sigma,0,theta_true,-1,theta_CV,0,G,0,3,4,0.05,0.5,0.2,50,100,10,2356,1.0,0.5,50,1.0,25,,"0.0, 0.0, 0.0","1.0, 1.0, 1.0"
114,hake_ex114.inp,Poisson,1,mean_nsamp,0,sigma,0,theta_true,-1,theta_CV,0,G,1,3,8,0.05,0.5,0.2,50,100,10,2356,1.0,0.5,50,1.0,25,,"0.0, 0.0, 0.0","1.0, 1.0, 1.0"
115,hake_ex115.inp,Poisson,1,mean_nsamp,0,sigma,0,theta_true,-1,theta_CV,1,G,-1,3,2,0.05,0.5,0.6,50,100,10,2356,1.0,0.5,50,1.0,25,,"0.0, 0.0, 0.0","1.0, 1.0, 1.0"
116,hake_ex116.inp,Poisson,1,mean_nsamp,0,sigma,0,theta_true,-1,theta_CV,1,G,0,3,4,0.05,0.5,0.6,50,100,10,2356,1.0,0.5,50,1.0,25,,"0.0, 0.0, 0.0","1.0, 1.0, 1.0"
117,hake_ex117.inp,Poisson,1,mean_nsamp,0,sigma,0,theta_true,-1,theta_CV,1,G,1,3,8,0.05,0.5,0.6,50,100,10,2356,1.0,0.5,50,1.0,25,,"0.0, 0.0, 0.0","1.0, 1.0, 1.0"
118,hake_ex118.inp,Poisson,1,mean_nsamp,0,sigma,0,theta_true,0,theta_CV,-1,G,-1,3,2,0.05,1.0,0.0,50,100,10,2356,1.0,0.5,50,1.0,25,,"0.0, 0.0, 0.0","1.0, 1.0, 1.0"
119,hake_ex119.inp,Poisson,1,mean_nsamp,0,sigma,0,theta_true,0,theta_CV,-1,G,0,3,4,0.05,1.0,0.0,50,100,10,2356,1.0,0.5,50,1.0,25,,"0.0, 0.0, 0.0","1.0, 1.0, 1.0"
120,hake_ex120.inp,Poisson,1,mean_nsamp,0,sigma,0,theta_true,0,theta_CV,-1,G,1,3,8,0.05,1.0,0.0,50,100,10,2356,1.0,0.5,50,1.0,25,,"0.0, 0.0, 0.0","1.0, 1.0, 1.0"
121,hake_ex121.inp,Poisson,1,mean_nsamp,0,sigma,0,theta_true,0,theta_CV,0,G,-1,3,2,0.05,1.0,0.2,50,100,10,2356,1.0,0.5,50,1.0,25,,"0.0, 0.0, 0.0","1.0, 1.0, 1.0"
122,hake_ex122.inp,Poisson,1,mean_nsamp,0,sigma,0,theta_true,0,theta_CV,0,G,0,3,4,0.05,1.0,0.2,50,100,10,2356,1.0,0.5,50,1.0,25,,"0.0, 0.0, 0.0","1.0, 1.0, 1.0"
123,hake_ex123.inp,Poisson,1,mean_nsamp,0,sigma,0,theta_true,0,theta_CV,0,G,1,3,8,0.05,1.0,0.2,50,100,10,2356,1.0,0.5,50,1.0,25,,"0.0, 0.0, 0.0","1.0, 1.0, 1.0"
124,hake_ex124.inp,Poisson,1,mean_nsamp,0,sigma,0,theta_true,0,theta_CV,1,G,-1,3,2,0.05,1.0,0.6,50,100,10,2356,1.0,0.5,50,1.0,25,,"0.0, 0.0, 0.0","1.0, 1.0, 1.0"
125,hake_ex125.inp,Poisson,1,mean_nsamp,0,sigma,0,theta_true,0,theta_CV,1,G,0,3,4,0.05,1.0,0.6,50,100,10,2356,1.0,0.5,50,1.0,25,,"0.0, 0.0, 0.0","1.0, 1.0, 1.0"
126,hake_ex126.inp,Poisson,1,mean_nsamp,0,sigma,0,theta_true,0,theta_CV,1,G,1,3,8,0.05,1.0,0.6,50,100,10,2356,1.0,0.5,50,1.0,25,,"0.0, 0.0, 0.0","1.0, 1.0, 1.0"
127,hake_ex127.inp,Poisson,1,mean_nsamp,0,sigma,0,theta_true,1,theta_CV,-1,G,-1,3,2,0.05,2.0,0.0,50,100,10,2356,1.0,0.5,50,1.0,25,,"0.0, 0.0, 0.0","1.0, 1.0, 1.0"
128,hake_ex128.inp,Poisson,1,mean_nsamp,0,sigma,0,theta_true,1,theta_CV,-1,G,0,3,4,0.05,2.0,0.0,50,100,10,2356,1.0,0.5,50,1.0,25,,"0.0, 0.0, 0.0","1.0, 1.0, 1.0"
129,hake_ex129.inp,Poisson,1,mean_nsamp,0,sigma,0,theta_true,1,theta_CV,-1,G,1,3,8,0.05,2.0,0.0,50,100,10,2356,1.0,0.5,50,1.0,25,,"0.0, 0.0, 0.0","1.0, 1.0, 1.0"
130,hake_ex130.inp,Poisson,1,mean_nsamp,0,sigma,0,theta_true,1,theta_CV,0,G,-1,3,2,0.05,2.0,0.2,50,100,10,2356,1.0,0.5,50,1.0,25,,"0.0, 0.0, 0.0","1.0, 1.0, 1.0"
131,hake_ex131.inp,Poisson,1,mean_nsamp,0,sigma,0,theta_true,1,theta_CV,0,G,0,3,4,0.05,2.0,0.2,50,100,10,2356,1.0,0.5,50,1.0,25,,"0.0, 0.0, 0.0","1.0, 1.0, 1.0"
132,hake_ex132.inp,Poisson,1,mean_nsamp,0,sigma,0,theta_true,1,theta_CV,0,G,1,3,8,0.05,2.0,0.2,50,100,10,2356,1.0,0.5,50,1.0,25,,"0.0, 0.0, 0.0","1.0, 1.0, 1.0"
133,hake_ex133.inp,Poisson,1,mean_nsamp,0,sigma,0,theta_true,1,theta_CV,1,G,-1,3,2,0.05,2.0,0.6,50,100,10,2356,1.0,0.5,50,1.0,25,,"0.0, 0.0, 0.0","1.0, 1.0, 1.0"
134,hake_ex134.inp,Poisson,1,mean_nsamp,0,sigma,0,theta_true,1,theta_CV,1,G,0,3,4,0.05,2.0,0.6,50,100,10,2356,1.0,0.5,50,1.0,25,,"0.0, 0.0, 0.0","1.0, 1.0, 1.0"
135,hake_ex135.inp,Poisson,1,mean_nsamp,0,sigma,0,theta_true,1,theta_CV,1,G,1,3,8,0.05,2.0,0.6,50,100,10,2356,1.0,0.5,50,1.0,25,,"0.0, 0.0, 0.0","1.0, 1.0, 1.0"
136,hake_ex136.inp,Poisson,1,mean_nsamp,0,sigma,1,theta_true,-1,theta_CV,-1,G,-1,3,2,0.05,0.5,0.0,50,100,10,2356,1.0,1.0,50,1.0,25,,"0.0, 0.0, 0.0","1.0, 1.0, 1.0"
137,hake_ex137.inp,Poisson,1,mean_nsamp,0,sigma,1,theta_true,-1,theta_CV,-1,G,0,3,4,0.05,0.5,0.0,50,100,10,2356,1.0,1.0,50,1.0,25,,"0.0, 0.0, 0.0","1.0, 1.0, 1.0"
138,hake_ex138.inp,Poisson,1,mean_nsamp,0,sigma,1,theta_true,-1,theta_CV,-1,G,1,3,8,0.05,0.5,0.0,50,100,10,2356,1.0,1.0,50,1.0,25,,"0.0, 0.0, 0.0","1.0, 1.0, 1.0"
139,hake_ex139.inp,Poisson,1,mean_nsamp,0,sigma,1,theta_true,-1,theta_CV,0,G,-1,3,2,0.05,0.5,0.2,50,100,10,2356,1.0,1.0,50,1.0,25,,"0.0, 0.0, 0.0","1.0, 1.0, 1.0"
140,hake_ex140.inp,Poisson,1,mean_nsamp,0,sigma,1,theta_true,-1,theta_CV,0,G,0,3,4,0.05,0.5,0.2,50,100,10,2356,1.0,1.0,50,1.0,25,,"0.0, 0.0, 0.0","1.0, 1.0, 1.0"
141,hake_ex141.inp,Poisson,1,mean_nsamp,0,sigma,1,theta_true,-1,theta_CV,0,G,1,3,8,0.05,0.5,0.2,50,100,10,2356,1.0,1.0,50,1.0,25,,"0.0, 0.0, 0.0","1.0, 1.0, 1.0"
142,hake_ex142.inp,Poisson,1,mean_nsamp,0,sigma,1,theta_true,-1,theta_CV,1,G,-1,3,2,0.05,0.5,0.6,50,100,10,2356,1.0,1.0,50,1.0,25,,"0.0, 0.0, 0.0","1.0, 1.0, 1.0"
143,hake_ex143.inp,Poisson,1,mean_nsamp,0,sigma,1,theta_true,-1,theta_CV,1,G,0,3,4,0.05,0.5,0.6,50,100,10,2356,1.0,1.0,50,1.0,25,,"0.0, 0.0, 0.0","1.0, 1.0, 1.0"
144,hake_ex144.inp,Poisson,1,mean_nsamp,0,sigma,1,theta_true,-1,theta_CV,1,G,1,3,8,0.05,0.5,0.6,50,100,10,2356,1.0,1.0,50,1.0,25,,"0.0, 0.0, 0.0","1.0, 1.0, 1.0"
145,hake_ex145.inp,Poisson,1,mean_nsamp,0,sigma,1,theta_true,0,theta_CV,-1,G,-1,3,2,0.05,1.0,0.0,50,100,10,2356,1.0,1.0,50,1.0,25,,"0.0, 0.0, 0.0","1.0, 1.0, 1.0"
146,hake_ex146.inp,Poisson,1,mean_nsamp,0,sigma,1,theta_true,0,theta_CV,-1,G,0,3,4,0.05,1.0,0.0,50,100,10,2356,1.0,1.0,50,1.0,25,,"0.0, 0.0, 0.0","1.0, 1.0, 1.0"
147,hake_ex147.inp,Poisson,1,mean_nsamp,0,sigma,1,theta_true,0,theta_CV,-1,G,1,3,8,0.05,1.0,0.0,50,100,10,2356,1.0,1.0,50,1.0,25,,"0.0, 0.0, 0.0","1.0, 1.0, 1.0"
148,hake_ex148.inp,Poisson,1,mean_nsamp,0,sigma,1,theta_true,0,theta_CV,0,G,-1,3,2,0.05,1.0,0.2,50,100,10,2356,1.0,1.0,50,1.0,25,,"0.0, 0.0, 0.0","1.0, 1.0, 1.0"
149,hake_ex149.inp,Poisson,1,mean_nsamp,0,sigma,1,theta_true,0,theta_CV,0,G,0,3,4,0.05,1.0,0.2,50,100,10,2356,1.0,1.0,50,1.0,25,,"0.0, 0.0, 0.0","1.0, 1.0, 1.0"
150,hake_ex150.inp,Poisson,1,mean_nsamp,0,sigma,1,theta_true,0,theta_CV,0,G,1,3,8,0.05,1.0,0.2,50,100,10,2356,1.0,1.0,50,1.0,25,,"0.0, 0.0, 0.0","1.0, 1.0, 1.0"
151,hake_ex151.inp,Poisson,1,mean_nsamp,0,sigma,1,theta_true,0,theta_CV,1,G,-1,3,2,0.05,1.0,0.6,50,100,10,2356,1.0,1.0,50,1.0,25,,"0.0, 0.0, 0.0","1.0, 1.0, 1.0"
152,hake_ex152.inp,Poisson,1,mean_nsamp,0,sigma,1,theta_true,0,theta_CV,1,G,0,3,4,0.05,1.0,0.6,50,100,10,2356,1.0,1.0,50,1.0,25,,"0.0, 0.0, 0.0","1.0, 1.0, 1.0"
153,hake_ex153.inp,Poisson,1,mean_nsamp,0,sigma,1,theta_true,0,theta_CV,1,G,1,3,8,0.05,1.0,0.6,50,100,10,2356,1.0,1.0,50,1.0,25,,"0.0, 0.0, 0.0","1.0, 1.0, 1.0"
154,hake_ex154.inp,Poisson,1,mean_nsamp,0,sigma,1,theta_true,1,theta_CV,-1,G,-1,3,2,0.05,2.0,0.0,50,100,10,2356,1.0,1.0,50,1.0,25,,"0.0, 0.0, 0.0","1.0, 1.0, 1.0"
155,hake_ex155.inp,Poisson,1,mean_nsamp,0,sigma,1,theta_true,1,theta_CV,-1,G,0,3,4,0.05,2.0,0.0,50,100,10,2356,1.0,1.0,50,1.0,25,,"0.0, 0.0, 0.0","1.0, 1.0, 1.0"
156,hake_ex156.inp,Poisson,1,mean_nsamp,0,sigma,1,theta_true,1,theta_CV,-1,G,1,3,8,0.05,2.0,0.0,50,100,10,2356,1.0,1.0,50,1.0,25,,"0.0, 0.0, 0.0","1.0, 1.0, 1.0"
157,hake_ex157.inp,Poisson,1,mean_nsamp,0,sigma,1,theta_true,1,theta_CV,0,G,-1,3,2,0.05,2.0,0.2,50,100,10,2356,1.0,1.0,50,1.0,25,,"0.0, 0.0, 0.0","1.0, 1.0, 1.0"
158,hake_ex158.inp,Poisson,1,mean_nsamp,0,sigma,1,theta_true,1,theta_CV,0,G,0,3,4,0.05,2.0,0.2,50,100,10,2356,1.0,1.0,50,1.0,25,,"0.0, 0.0, 0.0","1.0, 1.0, 1.0"
159,hake_ex159.inp,Poisson,1,mean_nsamp,0,sigma,1,theta_true,1,theta_CV,0,G,1,3,8,0.05,2.0,0.2,50,100,10,2356,1.0,1.0,50,1.0,25,,"0.0, 0.0, 0.0","1.0, 1.0, 1.0"
160,hake_ex160.inp,Poisson,1,mean_nsamp,0,sigma,1,theta_true,1,theta_CV,1,G,-1,3,2,0.05,2.0,0.6,50,100,10,2356,1.0,1.0,50,1.0,25,,"0.0, 0.0, 0.0","1.0, 1.0, 1.0"
161,hake_ex161.inp,Poisson,1,mean_nsamp,0,sigma,1,theta_true,1,theta_CV,1,G,0,3,4,0.05,2.0,0.6,50,100,10,2356,1.0,1.0,50,1.0,25,,"0.0, 0.0, 0.0","1.0, 1.0, 1.0"
162,hake_ex162.inp,Poisson,1,mean_nsamp,0,sigma,1,theta_true,1,theta_CV,1,G,1,3,8,0.05,2.0,0.6,50,100,10,2356,1.0,1.0,50,1.0,25,,"0.0, 0.0, 0.0","1.0, 1.0, 1.0"
163,hake_ex163.inp,Poisson,1,mean_nsamp,1,sigma,-1,theta_true,-1,theta_CV,-1,G,-1,3,2,0.05,0.5,0.0,50,100,10,2356,1.0,0.25,100,1.0,25,,"0.0, 0.0, 0.0","1.0, 1.0, 1.0"
164,hake_ex164.inp,Poisson,1,mean_nsamp,1,sigma,-1,theta_true,-1,theta_CV,-1,G,0,3,4,0.05,0.5,0.0,50,100,10,2356,1.0,0.25,100,1.0,25,,"0.0, 0.0, 0.0","1.0, 1.0, 1.0"
165,hake_ex165.inp,Poisson,1,mean_nsamp,1,sigma,-1,theta_true,-1,theta_CV,-1,G,1,3,8,0.05,0.5,0.0,50,100,10,2356,1.0,0.25,100,1.0,25,,"0.0, 0.0, 0.0","1.0, 1.0, 1.0"
166,hake_ex166.inp,Poisson,1,mean_nsamp,1,sigma,-1,theta_true,-1,theta_CV,0,G,-1,3,2,0.05,0.5,0.2,50,100,10,2356,1.0,0.25,100,1.0,25,,"0.0, 0.0, 0.0","1.0, 1.0, 1.0"
167,hake_ex167.inp,Poisson,1,mean_nsamp,1,sigma,-1,theta_true,-1,theta_CV,0,G,0,3,4,0.05,0.5,0.2,50,100,10,2356,1.0,0.25,100,1.0,25,,"0.0, 0.0, 0.0","1.0, 1.0, 1.0"
168,hake_ex168.inp,Poisson,1,mean_nsamp,1,sigma,-1,theta_true,-1,theta_CV,0,G,1,3,8,0.05,0.5,0.2,50,100,10,2356,1.0,0.25,100,1.0,25,,"0.0, 0.0, 0.0","1.0, 1.0, 1.0"
169,hake_ex169.inp,Poisson,1,mean_nsamp,1,sigma,-1,theta_true,-1,theta_CV,1,G,-1,3,2,0.05,0.5,0.6,50,100,10,2356,1.0,0.25,100,1.0,25,,"0.0, 0.0, 0.0","1.0, 1.0, 1.0"
170,hake_ex170.inp,Poisson,1,mean_nsamp,1,sigma,-1,theta_true,-1,theta_CV,1,G,0,3,4,0.05,0.5,0.6,50,100,10,2356,1.0,0.25,100,1.0,25,,"0.0, 0.0, 0.0","1.0, 1.0, 1.0"
171,hake_ex171.inp,Poisson,1,mean_nsamp,1,sigma,-1,theta_true,-1,theta_CV,1,G,1,3,8,0.05,0.5,0.6,50,100,10,2356,1.0,0.25,100,1.0,25,,"0.0, 0.0, 0.0","1.0, 1.0, 1.0"
172,hake_ex172.inp,Poisson,1,mean_nsamp,1,sigma,-1,theta_true,0,theta_CV,-1,G,-1,3,2,0.05,1.0,0.0,50,100,10,2356,1.0,0.25,100,1.0,25,,"0.0, 0.0, 0.0","1.0, 1.0, 1.0"
173,hake_ex173.inp,Poisson,1,mean_nsamp,1,sigma,-1,theta_true,0,theta_CV,-1,G,0,3,4,0.05,1.0,0.0,50,100,10,2356,1.0,0.25,100,1.0,25,,"0.0, 0.0, 0.0","1.0, 1.0, 1.0"
174,hake_ex174.inp,Poisson,1,mean_nsamp,1,sigma,-1,theta_true,0,theta_CV,-1,G,1,3,8,0.05,1.0,0.0,50,100,10,2356,1.0,0.25,100,1.0,25,,"0.0, 0.0, 0.0","1.0, 1.0, 1.0"
175,hake_ex175.inp,Poisson,1,mean_nsamp,1,sigma,-1,theta_true,0,theta_CV,0,G,-1,3,2,0.05,1.0,0.2,50,100,10,2356,1.0,0.25,100,1.0,25,,"0.0, 0.0, 0.0","1.0, 1.0, 1.0"
176,hake_ex176.inp,Poisson,1,mean_nsamp,1,sigma,-1,theta_true,0,theta_CV,0,G,0,3,4,0.05,1.0,0.2,50,100,10,2356,1.0,0.25,100,1.0,25,,"0.0, 0.0, 0.0","1.0, 1.0, 1.0"
177,hake_ex177.inp,Poisson,1,mean_nsamp,1,sigma,-1,theta_true,0,theta_CV,0,G,1,3,8,0.05,1.0,0.2,50,100,10,2356,1.0,0.25,100,1.0,25,,"0.0, 0.0, 0.0","1.0, 1.0, 1.0"
178,hake_ex178.inp,Poisson,1,mean_nsamp,1,sigma,-1,theta_true,0,theta_CV,1,G,-1,3,2,0.05,1.0,0.6,50,100,10,2356,1.0,0.25,100,1.0,25,,"0.0, 0.0, 0.0","1.0, 1.0, 1.0"
179,hake_ex179.inp,Poisson,1,mean_nsamp,1,sigma,-1,theta_true,0,theta_CV,1,G,0,3,4,0.05,1.0,0.6,50,100,10,2356,1.0,0.25,100,1.0,25,,"0.0, 0.0, 0.0","1.0, 1.0, 1.0"
180,hake_ex180.inp,Poisson,1,mean_nsamp,1,sigma,-1,theta_true,0,theta_CV,1,G,1,3,8,0.05,1.0,0.6,50,100,10,2356,1.0,0.25,100,1.0,25,,"0.0, 0.0, 0.0","1.0, 1.0, 1.0"
181,hake_ex181.inp,Poisson,1,mean_nsamp,1,sigma,-1,theta_true,1,theta_CV,-1,G,-1,3,2,0.05,2.0,0.0,50,100,10,2356,1.0,0.25,100,1.0,25,,"0.0, 0.0, 0.0","1.0, 1.0, 1.0"
182,hake_ex182.inp,Poisson,1,mean_nsamp,1,sigma,-1,theta_true,1,theta_CV,-1,G,0,3,4,0.05,2.0,0.0,50,100,10,2356,1.0,0.25,100,1.0,25,,"0.0, 0.0, 0.0","1.0, 1.0, 1.0"
183,hake_ex183.inp,Poisson,1,mean_nsamp,1,sigma,-1,theta_true,1,theta_CV,-1,G,1,3,8,0.05,2.0,0.0,50,100,10,2356,1.0,0.25,100,1.0,25,,"0.0, 0.0, 0.0","1.0, 1.0, 1.0"
184,hake_ex184.inp,Poisson,1,mean_nsamp,1,sigma,-1,theta_true,1,theta_CV,0,G,-1,3,2,0.05,2.0,0.2,50,100,10,2356,1.0,0.25,100,1.0,25,,"0.0, 0.0, 0.0","1.0, 1.0, 1.0"
185,hake_ex185.inp,Poisson,1,mean_nsamp,1,sigma,-1,theta_true,1,theta_CV,0,G,0,3,4,0.05,2.0,0.2,50,100,10,2356,1.0,0.25,100,1.0,25,,"0.0, 0.0, 0.0","1.0, 1.0, 1.0"
186,hake_ex186.inp,Poisson,1,mean_nsamp,1,sigma,-1,theta_true,1,theta_CV,0,G,1,3,8,0.05,2.0,0.2,50,100,10,2356,1.0,0.25,100,1.0,25,,"0.0, 0.0, 0.0","1.0, 1.0, 1.0"
187,hake_ex187.inp,Poisson,1,mean_nsamp,1,sigma,-1,theta_true,1,theta_CV,1,G,-1,3,2,0.05,2.0,0.6,50,100,10,2356,1.0,0.25,100,1.0,25,,"0.0, 0.0, 0.0","1.0, 1.0, 1.0"
188,hake_ex188.inp,Poisson,1,mean_nsamp,1,sigma,-1,theta_true,1,theta_CV,1,G,0,3,4,0.05,2.0,0.6,50,100,10,2356,1.0,0.25,100,1.0,25,,"0.0, 0.0, 0.0","1.0, 1.0, 1.0"
189,hake_ex189.inp,Poisson,1,mean_nsamp,1,sigma,-1,theta_true,1,theta_CV,1,G,1,3,8,0.05,2.0,0.6,50,100,10,2356,1.0,0.25,100,1.0,25,,"0.0, 0.0, 0.0","1.0, 1.0, 1.0"
190,hake_ex190.inp,Poisson,1,mean_nsamp,1,sigma,0,theta_true,-1,theta_CV,-1,G,-1,3,2,0.05,0.5,0.0,50,100,10,2356,1.0,0.5,100,1.0,25,,"0.0, 0.0, 0.0","1.0, 1.0, 1.0"
191,hake_ex191.inp,Poisson,1,mean_nsamp,1,sigma,0,theta_true,-1,theta_CV,-1,G,0,3,4,0.05,0.5,0.0,50,100,10,2356,1.0,0.5,100,1.0,25,,"0.0, 0.0, 0.0","1.0, 1.0, 1.0"
192,hake_ex192.inp,Poisson,1,mean_nsamp,1,sigma,0,theta_true,-1,theta_CV,-1,G,1,3,8,0.05,0.5,0.0,50,100,10,2356,1.0,0.5,100,1.0,25,,"0.0, 0.0, 0.0","1.0, 1.0, 1.0"
193,hake_ex193.inp,Poisson,1,mean_nsamp,1,sigma,0,theta_true,-1,theta_CV,0,G,-1,3,2,0.05,0.5,0.2,50,100,10,2356,1.0,0.5,100,1.0,25,,"0.0, 0.0, 0.0","1.0, 1.0, 1.0"
194,hake_ex194.inp,Poisson,1,mean_nsamp,1,sigma,0,theta_true,-1,theta_CV,0,G,0,3,4,0.05,0.5,0.2,50,100,10,2356,1.0,0.5,100,1.0,25,,"0.0, 0.0, 0.0","1.0, 1.0, 1.0"
195,hake_ex195.inp,Poisson,1,mean_nsamp,1,sigma,0,theta_true,-1,theta_CV,0,G,1,3,8,0.05,0.5,0.2,50,100,10,2356,1.0,0.5,100,1.0,25,,"0.0, 0.0, 0.0","1.0, 1.0, 1.0"
196,hake_ex196.inp,Poisson,1,mean_nsamp,1,sigma,0,theta_true,-1,theta_CV,1,G,-1,3,2,0.05,0.5,0.6,50,100,10,2356,1.0,0.5,100,1.0,25,,"0.0, 0.0, 0.0","1.0, 1.0, 1.0"
197,hake_ex197.inp,Poisson,1,mean_nsamp,1,sigma,0,theta_true,-1,theta_CV,1,G,0,3,4,0.05,0.5,0.6,50,100,10,2356,1.0,0.5,100,1.0,25,,"0.0, 0.0, 0.0","1.0, 1.0, 1.0"
198,hake_ex198.inp,Poisson,1,mean_nsamp,1,sigma,0,theta_true,-1,theta_CV,1,G,1,3,8,0.05,0.5,0.6,50,100,10,2356,1.0,0.5,100,1.0,25,,"0.0, 0.0, 0.0","1.0, 1.0, 1.0"
199,hake_ex199.inp,Poisson,1,mean_nsamp,1,sigma,0,theta_true,0,theta_CV,-1,G,-1,3,2,0.05,1.0,0.0,50,100,10,2356,1.0,0.5,100,1.0,25,,"0.0, 0.0, 0.0","1.0, 1.0, 1.0"
200,hake_ex200.inp,Poisson,1,mean_nsamp,1,sigma,0,theta_true,0,theta_CV,-1,G,0,3,4,0.05,1.0,0.0,50,100,10,2356,1.0,0.5,100,1.0,25,,"0.0, 0.0, 0.0","1.0, 1.0, 1.0"
201,hake_ex201.inp,Poisson,1,mean_nsamp,1,sigma,0,theta_true,0,theta_CV,-1,G,1,3,8,0.05,1.0,0.0,50,100,10,2356,1.0,0.5,100,1.0,25,,"0.0, 0.0, 0.0","1.0, 1.0, 1.0"
202,hake_ex202.inp,Poisson,1,mean_nsamp,1,sigma,0,theta_true,0,theta_CV,0,G,-1,3,2,0.05,1.0,0.2,50,100,10,2356,1.0,0.5,100,1.0,25,,"0.0, 0.0, 0.0","1.0, 1.0, 1.0"
203,hake_ex203.inp,Poisson,1,mean_nsamp,1,sigma,0,theta_true,0,theta_CV,0,G,0,3,4,0.05,1.0,0.2,50,100,10,2356,1.0,0.5,100,1.0,25,,"0.0, 0.0, 0.0","1.0, 1.0, 1.0"
204,hake_ex204.inp,Poisson,1,mean_nsamp,1,sigma,0,theta_true,0,theta_CV,0,G,1,3,8,0.05,1.0,0.2,50,100,10,2356,1.0,0.5,100,1.0,25,,"0.0, 0.0, 0.0","1.0, 1.0, 1.0"
205,hake_ex205.inp,Poisson,1,mean_nsamp,1,sigma,0,theta_true,0,theta_CV,1,G,-1,3,2,0.05,1.0,0.6,50,100,10,2356,1.0,0.5,100,1.0,25,,"0.0, 0.0, 0.0","1.0, 1.0, 1.0"
206,hake_ex206.inp,Poisson,1,mean_nsamp,1,sigma,0,theta_true,0,theta_CV,1,G,0,3,4,0.05,1.0,0.6,50,100,10,2356,1.0,0.5,100,1.0,25,,"0.0, 0.0, 0.0","1.0, 1.0, 1.0"
207,hake_ex207.inp,Poisson,1,mean_nsamp,1,sigma,0,theta_true,0,theta_CV,1,G,1,3,8,0.05,1.0,0.6,50,100,10,2356,1.0,0.5,100,1.0,25,,"0.0, 0.0, 0.0","1.0, 1.0, 1.0"
208,hake_ex208.inp,Poisson,1,mean_nsamp,1,sigma,0,theta_true,1,theta_CV,-1,G,-1,3,2,0.05,2.0,0.0,50,100,10,2356,1.0,0.5,100,1.0,25,,"0.0, 0.0, 0.0","1.0, 1.0, 1.0"
209,hake_ex209.inp,Poisson,1,mean_nsamp,1,sigma,0,theta_true,1,theta_CV,-1,G,0,3,4,0.05,2.0,0.0,50,100,10,2356,1.0,0.5,100,1.0,25,,"0.0, 0.0, 0.0","1.0, 1.0, 1.0"
210,hake_ex210.inp,Poisson,1,mean_nsamp,1,sigma,0,theta_true,1,theta_CV,-1,G,1,3,8,0.05,2.0,0.0,50,100,10,2356,1.0,0.5,100,1.0,25,,"0.0, 0.0, 0.0","1.0, 1.0, 1.0"
211,hake_ex211.inp,Poisson,1,mean_nsamp,1,sigma,0,theta_true,1,theta_CV,0,G,-1,3,2,0.05,2.0,0.2,50,100,10,2356,1.0,0.5,100,1.0,25,,"0.0, 0.0, 0.0","1.0, 1.0, 1.0"
212,hake_ex212.inp,Poisson,1,mean_nsamp,1,sigma,0,theta_true,1,theta_CV,0,G,0,3,4,0.05,2.0,0.2,50,100,10,2356,1.0,0.5,100,1.0,25,,"0.0, 0.0, 0.0","1.0, 1.0, 1.0"
213,hake_ex213.inp,Poisson,1,mean_nsamp,1,sigma,0,theta_true,1,theta_CV,0,G,1,3,8,0.05,2.0,0.2,50,100,10,2356,1.0,0.5,100,1.0,25,,"0.0, 0.0, 0.0","1.0, 1.0, 1.0"
214,hake_ex214.inp,Poisson,1,mean_nsamp,1,sigma,0,theta_true,1,theta_CV,1,G,-1,3,2,0.05,2.0,0.6,50,100,10,2356,1.0,0.5,100,1.0,25,,"0.0, 0.0, 0.0","1.0, 1.0, 1.0"
215,hake_ex215.inp,Poisson,1,mean_nsamp,1,sigma,0,theta_true,1,theta_CV,1,G,0,3,4,0.05,2.0,0.6,50,100,10,2356,1.0,0.5,100,1.0,25,,"0.0, 0.0, 0.0","1.0, 1.0, 1.0"
216,hake_ex216.inp,Poisson,1,mean_nsamp,1,sigma,0,theta_true,1,theta_CV,1,G,1,3,8,0.05,2.0,0.6,50,100,10,2356,1.0,0.5,100,1.0,25,,"0.0, 0.0, 0.0","1.0, 1.0, 1.0"
217,hake_ex217.inp,Poisson,1,mean_nsamp,1,sigma,1,theta_true,-1,theta_CV,-1,G,-1,3,2,0.05,0.5,0.0,50,100,10,2356,1.0,1.0,100,1.0,25,,"0.0, 0.0, 0.0","1.0, 1.0, 1.0"
218,hake_ex218.inp,Poisson,1,mean_nsamp,1,sigma,1,theta_true,-1,theta_CV,-1,G,0,3,4,0.05,0.5,0.0,50,100,10,2356,1.0,1.0,100,1.0,25,,"0.0, 0.0, 0.0","1.0, 1.0, 1.0"
219,hake_ex219.inp,Poisson,1,mean_nsamp,1,sigma,1,theta_true,-1,theta_CV,-1,G,1,3,8,0.05,0.5,0.0,50,100,10,2356,1.0,1.0,100,1.0,25,,"0.0, 0.0, 0.0","1.0, 1.0, 1.0"
220,hake_ex220.inp,Poisson,1,mean_nsamp,1,sigma,1,theta_true,-1,theta_CV,0,G,-1,3,2,0.05,0.5,0.2,50,100,10,2356,1.0,1.0,100,1.0,25,,"0.0, 0.0, 0.0","1.0, 1.0, 1.0"
221,hake_ex221.inp,Poisson,1,mean_nsamp,1,sigma,1,theta_true,-1,theta_CV,0,G,0,3,4,0.05,0.5,0.2,50,100,10,2356,1.0,1.0,100,1.0,25,,"0.0, 0.0, 0.0","1.0, 1.0, 1.0"
222,hake_ex222.inp,Poisson,1,mean_nsamp,1,sigma,1,theta_true,-1,theta_CV,0,G,1,3,8,0.05,0.5,0.2,50,100,10,2356,1.0,1.0,100,1.0,25,,"0.0, 0.0, 0.0","1.0, 1.0, 1.0"
223,hake_ex223.inp,Poisson,1,mean_nsamp,1,sigma,1,theta_true,-1,theta_CV,1,G,-1,3,2,0.05,0.5,0.6,50,100,10,2356,1.0,1.0,100,1.0,25,,"0.0, 0.0, 0.0","1.0, 1.0, 1.0"
224,hake_ex224.inp,Poisson,1,mean_nsamp,1,sigma,1,theta_true,-1,theta_CV,1,G,0,3,4,0.05,0.5,0.6,50,100,10,2356,1.0,1.0,100,1.0,25,,"0.0, 0.0, 0.0","1.0, 1.0, 1.0"
225,hake_ex225.inp,Poisson,1,mean_nsamp,1,sigma,1,theta_true,-1,theta_CV,1,G,1,3,8,0.05,0.5,0.6,50,100,10,2356,1.0,1.0,100,1.0,25,,"0.0, 0.0, 0.0","1.0, 1.0, 1.0"
226,hake_ex226.inp,Poisson,1,mean_nsamp,1,sigma,1,theta_true,0,theta_CV,-1,G,-1,3,2,0.05,1.0,0.0,50,100,10,2356,1.0,1.0,100,1.0,25,,"0.0, 0.0, 0.0","1.0, 1.0, 1.0"
227,hake_ex227.inp,Poisson,1,mean_nsamp,1,sigma,1,theta_true,0,theta_CV,-1,G,0,3,4,0.05,1.0,0.0,50,100,10,2356,1.0,1.0,100,1.0,25,,"0.0, 0.0, 0.0","1.0, 1.0, 1.0"
228,hake_ex228.inp,Poisson,1,mean_nsamp,1,sigma,1,theta_true,0,theta_CV,-1,G,1,3,8,0.05,1.0,0.0,50,100,10,2356,1.0,1.0,100,1.0,25,,"0.0, 0.0, 0.0","1.0, 1.0, 1.0"
229,hake_ex229.inp,Poisson,1,mean_nsamp,1,sigma,1,theta_true,0,theta_CV,0,G,-1,3,2,0.05,1.0,0.2,50,100,10,2356,1.0,1.0,100,1.0,25,,"0.0, 0.0, 0.0","1.0, 1.0, 1.0"
230,hake_ex230.inp,Poisson,1,mean_nsamp,1,sigma,1,theta_true,0,theta_CV,0,G,0,3,4,0.05,1.0,0.2,50,100,10,2356,1.0,1.0,100,1.0,25,,"0.0, 0.0, 0.0","1.0, 1.0, 1.0"
231,hake_ex231.inp,Poisson,1,mean_nsamp,1,sigma,1,theta_true,0,theta_CV,0,G,1,3,8,0.05,1.0,0.2,50,100,10,2356,1.0,1.0,100,1.0,25,,"0.0, 0.0, 0.0","1.0, 1.0, 1.0"
232,hake_ex232.inp,Poisson,1,mean_nsamp,1,sigma,1,theta_true,0,theta_CV,1,G,-1,3,2,0.05,1.0,0.6,50,100,10,2356,1.0,1.0,100,1.0,25,,"0.0, 0.0, 0.0","1.0, 1.0, 1.0"
233,hake_ex233.inp,Poisson,1,mean_nsamp,1,sigma,1,theta_true,0,theta_CV,1,G,0,3,4,0.05,1.0,0.6,50,100,10,2356,1.0,1.0,100,1.0,25,,"0.0, 0.0, 0.0","1.0, 1.0, 1.0"
234,hake_ex234.inp,Poisson,1,mean_nsamp,1,sigma,1,theta_true,0,theta_CV,1,G,1,3,8,0.05,1.0,0.6,50,100,10,2356,1.0,1.0,100,1.0,25,,"0.0, 0.0, 0.0","1.0, 1.0, 1.0"
235,hake_ex235.inp,Poisson,1,mean_nsamp,1,sigma,1,theta_true,1,theta_CV,-1,G,-1,3,2,0.05,2.0,0.0,50,100,10,2356,1.0,1.0,100,1.0,25,,"0.0, 0.0, 0.0","1.0, 1.0, 1.0"
236,hake_ex236.inp,Poisson,1,mean_nsamp,1,sigma,1,theta_true,1,theta_CV,-1,G,0,3,4,0.05,2.0,0.0,50,100,10,2356,1.0,1.0,100,1.0,25,,"0.0, 0.0, 0.0","1.0, 1.0, 1.0"
237,hake_ex237.inp,Poisson,1,mean_nsamp,1,sigma,1,theta_true,1,theta_CV,-1,G,1,3,8,0.05,2.0,0.0,50,100,10,2356,1.0,1.0,100,1.0,25,,"0.0, 0.0, 0.0","1.0, 1.0, 1.0"
238,hake_ex238.inp,Poisson,1,mean_nsamp,1,sigma,1,theta_true,1,theta_CV,0,G,-1,3,2,0.05,2.0,0.2,50,100,10,2356,1.0,1.0,100,1.0,25,,"0.0, 0.0, 0.0","1.0, 1.0, 1.0"
239,hake_ex239.inp,Poisson,1,mean_nsamp,1,sigma,1,theta_true,1,theta_CV,0,G,0,3,4,0.05,2.0,0.2,50,100,10,2356,1.0,1.0,100,1.0,25,,"0.0, 0.0, 0.0","1.0, 1.0, 1.0"
240,hake_ex240.inp,Poisson,1,mean_nsamp,1,sigma,1,theta_true,1,theta_CV,0,G,1,3,8,0.05,2.0,0.2,50,100,10,2356,1.0,1.0,100,1.0,25,,"0.0, 0.0, 0.0","1.0, 1.0, 1.0"
241,hake_ex241.inp,Poisson,1,mean_nsamp,1,sigma,1,theta_true,1,theta_CV,1,G,-1,3,2,0.05,2.0,0.6,50,100,10,2356,1.0,1.0,100,1.0,25,,"0.0, 0.0, 0.0","1.0, 1.0, 1.0"
242,hake_ex242.inp,Poisson,1,mean_nsamp,1,sigma,1,theta_true,1,theta_CV,1,G,0,3,4,0.05,2.0,0.6,50,100,10,2356,1.0,1.0,100,1.0,25,,"0.0, 0.0, 0.0","1.0, 1.0, 1.0"
243,hake_ex243.inp,Poisson,1,mean_nsamp,1,sigma,1,theta_true,1,theta_CV,1,G,1,3,8,0.05,2.0,0.6,50,100,10,2356,1.0,1.0,100,1.0,25,,"0.0, 0.0, 0.0","1.0, 1.0, 1.0"
244,hake_ex244.inp,Lognormal,2,mean_nsamp,-1,sigma,-1,theta_true,-1,theta_CV,-1,ln_sd,-1,3,2,0.05,0.5,0.0,50,100,10,2356,1.0,0.25,25,0.5,25,,"0.0, 0.0, 0.0","1.0, 1.0, 1.0"
245,hake_ex245.inp,Lognormal,2,mean_nsamp,-1,sigma,-1,theta_true,-1,theta_CV,-1,ln_sd,0,3,2,0.05,0.5,0.0,50,100,10,2356,1.0,0.25,25,1.0,25,,"0.0, 0.0, 0.0","1.0, 1.0, 1.0"
246,hake_ex246.inp,Lognormal,2,mean_nsamp,-1,sigma,-1,theta_true,-1,theta_CV,-1,ln_sd,1,3,2,0.05,0.5,0.0,50,100,10,2356,1.0,0.25,25,1.5,25,,"0.0, 0.0, 0.0","1.0, 1.0, 1.0"
247,hake_ex247.inp,Lognormal,2,mean_nsamp,-1,sigma,-1,theta_true,-1,theta_CV,0,ln_sd,-1,3,2,0.05,0.5,0.2,50,100,10,2356,1.0,0.25,25,0.5,25,,"0.0, 0.0, 0.0","1.0, 1.0, 1.0"
248,hake_ex248.inp,Lognormal,2,mean_nsamp,-1,sigma,-1,theta_true,-1,theta_CV,0,ln_sd,0,3,2,0.05,0.5,0.2,50,100,10,2356,1.0,0.25,25,1.0,25,,"0.0, 0.0, 0.0","1.0, 1.0, 1.0"
249,hake_ex249.inp,Lognormal,2,mean_nsamp,-1,sigma,-1,theta_true,-1,theta_CV,0,ln_sd,1,3,2,0.05,0.5,0.2,50,100,10,2356,1.0,0.25,25,1.5,25,,"0.0, 0.0, 0.0","1.0, 1.0, 1.0"
250,hake_ex250.inp,Lognormal,2,mean_nsamp,-1,sigma,-1,theta_true,-1,theta_CV,1,ln_sd,-1,3,2,0.05,0.5,0.6,50,100,10,2356,1.0,0.25,25,0.5,25,,"0.0, 0.0, 0.0","1.0, 1.0, 1.0"
251,hake_ex251.inp,Lognormal,2,mean_nsamp,-1,sigma,-1,theta_true,-1,theta_CV,1,ln_sd,0,3,2,0.05,0.5,0.6,50,100,10,2356,1.0,0.25,25,1.0,25,,"0.0, 0.0, 0.0","1.0, 1.0, 1.0"
252,hake_ex252.inp,Lognormal,2,mean_nsamp,-1,sigma,-1,theta_true,-1,theta_CV,1,ln_sd,1,3,2,0.05,0.5,0.6,50,100,10,2356,1.0,0.25,25,1.5,25,,"0.0, 0.0, 0.0","1.0, 1.0, 1.0"
253,hake_ex253.inp,Lognormal,2,mean_nsamp,-1,sigma,-1,theta_true,0,theta_CV,-1,ln_sd,-1,3,2,0.05,1.0,0.0,50,100,10,2356,1.0,0.25,25,0.5,25,,"0.0, 0.0, 0.0","1.0, 1.0, 1.0"
254,hake_ex254.inp,Lognormal,2,mean_nsamp,-1,sigma,-1,theta_true,0,theta_CV,-1,ln_sd,0,3,2,0.05,1.0,0.0,50,100,10,2356,1.0,0.25,25,1.0,25,,"0.0, 0.0, 0.0","1.0, 1.0, 1.0"
255,hake_ex255.inp,Lognormal,2,mean_nsamp,-1,sigma,-1,theta_true,0,theta_CV,-1,ln_sd,1,3,2,0.05,1.0,0.0,50,100,10,2356,1.0,0.25,25,1.5,25,,"0.0, 0.0, 0.0","1.0, 1.0, 1.0"
256,hake_ex256.inp,Lognormal,2,mean_nsamp,-1,sigma,-1,theta_true,0,theta_CV,0,ln_sd,-1,3,2,0.05,1.0,0.2,50,100,10,2356,1.0,0.25,25,0.5,25,,"0.0, 0.0, 0.0","1.0, 1.0, 1.0"
257,hake_ex257.inp,Lognormal,2,mean_nsamp,-1,sigma,-1,theta_true,0,theta_CV,0,ln_sd,0,3,2,0.05,1.0,0.2,50,100,10,2356,1.0,0.25,25,1.0,25,,"0.0, 0.0, 0.0","1.0, 1.0, 1.0"
258,hake_ex258.inp,Lognormal,2,mean_nsamp,-1,sigma,-1,theta_true,0,theta_CV,0,ln_sd,1,3,2,0.05,1.0,0.2,50,100,10,2356,1.0,0.25,25,1.5,25,,"0.0, 0.0, 0.0","1.0, 1.0, 1.0"
259,hake_ex259.inp,Lognormal,2,mean_nsamp,-1,sigma,-1,theta_true,0,theta_CV,1,ln_sd,-1,3,2,0.05,1.0,0.6,50,100,10,2356,1.0,0.25,25,0.5,25,,"0.0, 0.0, 0.0","1.0, 1.0, 1.0"
260,hake_ex260.inp,Lognormal,2,mean_nsamp,-1,sigma,-1,theta_true,0,theta_CV,1,ln_sd,0,3,2,0.05,1.0,0.6,50,100,10,2356,1.0,0.25,25,1.0,25,,"0.0, 0.0, 0.0","1.0, 1.0, 1.0"
261,hake_ex261.inp,Lognormal,2,mean_nsamp,-1,sigma,-1,theta_true,0,theta_CV,1,ln_sd,1,3,2,0.05,1.0,0.6,50,100,10,2356,1.0,0.25,25,1.5,25,,"0.0, 0.0, 0.0","1.0, 1.0, 1.0"
262,hake_ex262.inp,Lognormal,2,mean_nsamp,-1,sigma,-1,theta_true,1,theta_CV,-1,ln_sd,-1,3,2,0.05,2.0,0.0,50,100,10,2356,1.0,0.25,25,0.5,25,,"0.0, 0.0, 0.0","1.0, 1.0, 1.0"
263,hake_ex263.inp,Lognormal,2,mean_nsamp,-1,sigma,-1,theta_true,1,theta_CV,-1,ln_sd,0,3,2,0.05,2.0,0.0,50,100,10,2356,1.0,0.25,25,1.0,25,,"0.0, 0.0, 0.0","1.0, 1.0, 1.0"
264,hake_ex264.inp,Lognormal,2,mean_nsamp,-1,sigma,-1,theta_true,1,theta_CV,-1,ln_sd,1,3,2,0.05,2.0,0.0,50,100,10,2356,1.0,0.25,25,1.5,25,,"0.0, 0.0, 0.0","1.0, 1.0, 1.0"
265,hake_ex265.inp,Lognormal,2,mean_nsamp,-1,sigma,-1,theta_true,1,theta_CV,0,ln_sd,-1,3,2,0.05,2.0,0.2,50,100,10,2356,1.0,0.25,25,0.5,25,,"0.0, 0.0, 0.0","1.0, 1.0, 1.0"
266,hake_ex266.inp,Lognormal,2,mean_nsamp,-1,sigma,-1,theta_true,1,theta_CV,0,ln_sd,0,3,2,0.05,2.0,0.2,50,100,10,2356,1.0,0.25,25,1.0,25,,"0.0, 0.0, 0.0","1.0, 1.0, 1.0"
267,hake_ex267.inp,Lognormal,2,mean_nsamp,-1,sigma,-1,theta_true,1,theta_CV,0,ln_sd,1,3,2,0.05,2.0,0.2,50,100,10,2356,1.0,0.25,25,1.5,25,,"0.0, 0.0, 0.0","1.0, 1.0, 1.0"
268,hake_ex268.inp,Lognormal,2,mean_nsamp,-1,sigma,-1,theta_true,1,theta_CV,1,ln_sd,-1,3,2,0.05,2.0,0.6,50,100,10,2356,1.0,0.25,25,0.5,25,,"0.0, 0.0, 0.0","1.0, 1.0, 1.0"
269,hake_ex269.inp,Lognormal,2,mean_nsamp,-1,sigma,-1,theta_true,1,theta_CV,1,ln_sd,0,3,2,0.05,2.0,0.6,50,100,10,2356,1.0,0.25,25,1.0,25,,"0.0, 0.0, 0.0","1.0, 1.0, 1.0"
270,hake_ex270.inp,Lognormal,2,mean_nsamp,-1,sigma,-1,theta_true,1,theta_CV,1,ln_sd,1,3,2,0.05,2.0,0.6,50,100,10,2356,1.0,0.25,25,1.5,25,,"0.0, 0.0, 0.0","1.0, 1.0, 1.0"
271,hake_ex271.inp,Lognormal,2,mean_nsamp,-1,sigma,0,theta_true,-1,theta_CV,-1,ln_sd,-1,3,2,0.05,0.5,0.0,50,100,10,2356,1.0,0.5,25,0.5,25,,"0.0, 0.0, 0.0","1.0, 1.0, 1.0"
272,hake_ex272.inp,Lognormal,2,mean_nsamp,-1,sigma,0,theta_true,-1,theta_CV,-1,ln_sd,0,3,2,0.05,0.5,0.0,50,100,10,2356,1.0,0.5,25,1.0,25,,"0.0, 0.0, 0.0","1.0, 1.0, 1.0"
273,hake_ex273.inp,Lognormal,2,mean_nsamp,-1,sigma,0,theta_true,-1,theta_CV,-1,ln_sd,1,3,2,0.05,0.5,0.0,50,100,10,2356,1.0,0.5,25,1.5,25,,"0.0, 0.0, 0.0","1.0, 1.0, 1.0"
274,hake_ex274.inp,Lognormal,2,mean_nsamp,-1,sigma,0,theta_true,-1,theta_CV,0,ln_sd,-1,3,2,0.05,0.5,0.2,50,100,10,2356,1.0,0.5,25,0.5,25,,"0.0, 0.0, 0.0","1.0, 1.0, 1.0"
275,hake_ex275.inp,Lognormal,2,mean_nsamp,-1,sigma,0,theta_true,-1,theta_CV,0,ln_sd,0,3,2,0.05,0.5,0.2,50,100,10,2356,1.0,0.5,25,1.0,25,,"0.0, 0.0, 0.0","1.0, 1.0, 1.0"
276,hake_ex276.inp,Lognormal,2,mean_nsamp,-1,sigma,0,theta_true,-1,theta_CV,0,ln_sd,1,3,2,0.05,0.5,0.2,50,100,10,2356,1.0,0.5,25,1.5,25,,"0.0, 0.0, 0.0","1.0, 1.0, 1.0"
277,hake_ex277.inp,Lognormal,2,mean_nsamp,-1,sigma,0,theta_true,-1,theta_CV,1,ln_sd,-1,3,2,0.05,0.5,0.6,50,100,10,2356,1.0,0.5,25,0.5,25,,"0.0, 0.0, 0.0","1.0, 1.0, 1.0"
278,hake_ex278.inp,Lognormal,2,mean_nsamp,-1,sigma,0,theta_true,-1,theta_CV,1,ln_sd,0,3,2,0.05,0.5,0.6,50,100,10,2356,1.0,0.5,25,1.0,25,,"0.0, 0.0, 0.0","1.0, 1.0, 1.0"
279,hake_ex279.inp,Lognormal,2,mean_nsamp,-1,sigma,0,theta_true,-1,theta_CV,1,ln_sd,1,3,2,0.05,0.5,0.6,50,100,10,2356,1.0,0.5,25,1.5,25,,"0.0, 0.0, 0.0","1.0, 1.0, 1.0"
280,hake_ex280.inp,Lognormal,2,mean_nsamp,-1,sigma,0,theta_true,0,theta_CV,-1,ln_sd,-1,3,2,0.05,1.0,0.0,50,100,10,2356,1.0,0.5,25,0.5,25,,"0.0, 0.0, 0.0","1.0, 1.0, 1.0"
281,hake_ex281.inp,Lognormal,2,mean_nsamp,-1,sigma,0,theta_true,0,theta_CV,-1,ln_sd,0,3,2,0.05,1.0,0.0,50,100,10,2356,1.0,0.5,25,1.0,25,,"0.0, 0.0, 0.0","1.0, 1.0, 1.0"
282,hake_ex282.inp,Lognormal,2,mean_nsamp,-1,sigma,0,theta_true,0,theta_CV,-1,ln_sd,1,3,2,0.05,1.0,0.0,50,100,10,2356,1.0,0.5,25,1.5,25,,"0.0, 0.0, 0.0","1.0, 1.0, 1.0"
283,hake_ex283.inp,Lognormal,2,mean_nsamp,-1,sigma,0,theta_true,0,theta_CV,0,ln_sd,-1,3,2,0.05,1.0,0.2,50,100,10,2356,1.0,0.5,25,0.5,25,,"0.0, 0.0, 0.0","1.0, 1.0, 1.0"
284,hake_ex284.inp,Lognormal,2,mean_nsamp,-1,sigma,0,theta_true,0,theta_CV,0,ln_sd,0,3,2,0.05,1.0,0.2,50,100,10,2356,1.0,0.5,25,1.0,25,,"0.0, 0.0, 0.0","1.0, 1.0, 1.0"
285,hake_ex285.inp,Lognormal,2,mean_nsamp,-1,sigma,0,theta_true,0,theta_CV,0,ln_sd,1,3,2,0.05,1.0,0.2,50,100,10,2356,1.0,0.5,25,1.5,25,,"0.0, 0.0, 0.0","1.0, 1.0, 1.0"
286,hake_ex286.inp,Lognormal,2,mean_nsamp,-1,sigma,0,theta_true,0,theta_CV,1,ln_sd,-1,3,2,0.05,1.0,0.6,50,100,10,2356,1.0,0.5,25,0.5,25,,"0.0, 0.0, 0.0","1.0, 1.0, 1.0"
287,hake_ex287.inp,Lognormal,2,mean_nsamp,-1,sigma,0,theta_true,0,theta_CV,1,ln_sd,0,3,2,0.05,1.0,0.6,50,100,10,2356,1.0,0.5,25,1.0,25,,"0.0, 0.0, 0.0","1.0, 1.0, 1.0"
288,hake_ex288.inp,Lognormal,2,mean_nsamp,-1,sigma,0,theta_true,0,theta_CV,1,ln_sd,1,3,2,0.05,1.0,0.6,50,100,10,2356,1.0,0.5,25,1.5,25,,"0.0, 0.0, 0.0","1.0, 1.0, 1.0"
289,hake_ex289.inp,Lognormal,2,mean_nsamp,-1,sigma,0,theta_true,1,theta_CV,-1,ln_sd,-1,3,2,0.05,2.0,0.0,50,100,10,2356,1.0,0.5,25,0.5,25,,"0.0, 0.0, 0.0","1.0, 1.0, 1.0"
290,hake_ex290.inp,Lognormal,2,mean_nsamp,-1,sigma,0,theta_true,1,theta_CV,-1,ln_sd,0,3,2,0.05,2.0,0.0,50,100,10,2356,1.0,0.5,25,1.0,25,,"0.0, 0.0, 0.0","1.0, 1.0, 1.0"
291,hake_ex291.inp,Lognormal,2,mean_nsamp,-1,sigma,0,theta_true,1,theta_CV,-1,ln_sd,1,3,2,0.05,2.0,0.0,50,100,10,2356,1.0,0.5,25,1.5,25,,"0.0, 0.0, 0.0","1.0, 1.0, 1.0"
292,hake_ex292.inp,Lognormal,2,mean_nsamp,-1,sigma,0,theta_true,1,theta_CV,0,ln_sd,-1,3,2,0.05,2.0,0.2,50,100,10,2356,1.0,0.5,25,0.5,25,,"0.0, 0.0, 0.0","1.0, 1.0, 1.0"
293,hake_ex293.inp,Lognormal,2,mean_nsamp,-1,sigma,0,theta_true,1,theta_CV,0,ln_sd,0,3,2,0.05,2.0,0.2,50,100,10,2356,1.0,0.5,25,1.0,25,,"0.0, 0.0, 0.0","1.0, 1.0, 1.0"
294,hake_ex294.inp,Lognormal,2,mean_nsamp,-1,sigma,0,theta_true,1,theta_CV,0,ln_sd,1,3,2,0.05,2.0,0.2,50,100,10,2356,1.0,0.5,25,1.5,25,,"0.0, 0.0, 0.0","1.0, 1.0, 1.0"
295,hake_ex295.inp,Lognormal,2,mean_nsamp,-1,sigma,0,theta_true,1,theta_CV,1,ln_sd,-1,3,2,0.05,2.0,0.6,50,100,10,2356,1.0,0.5,25,0.5,25,,"0.0, 0.0, 0.0","1.0, 1.0, 1.0"
296,hake_ex296.inp,Lognormal,2,mean_nsamp,-1,sigma,0,theta_true,1,theta_CV,1,ln_sd,0,3,2,0.05,2.0,0.6,50,100,10,2356,1.0,0.5,25,1.0,25,,"0.0, 0.0, 0.0","1.0, 1.0, 1.0"
297,hake_ex297.inp,Lognormal,2,mean_nsamp,-1,sigma,0,theta_true,1,theta_CV,1,ln_sd,1,3,2,0.05,2.0,0.6,50,100,10,2356,1.0,0.5,25,1.5,25,,"0.0, 0.0, 0.0","1.0, 1.0, 1.0"
298,hake_ex298.inp,Lognormal,2,mean_nsamp,-1,sigma,1,theta_true,-1,theta_CV,-1,ln_sd,-1,3,2,0.05,0.5,0.0,50,100,10,2356,1.0,1.0,25,0.5,25,,"0.0, 0.0, 0.0","1.0, 1.0, 1.0"
299,hake_ex299.inp,Lognormal,2,mean_nsamp,-1,sigma,1,theta_true,-1,theta_CV,-1,ln_sd,0,3,2,0.05,0.5,0.0,50,100,10,2356,1.0,1.0,25,1.0,25,,"0.0, 0.0, 0.0","1.0, 1.0, 1.0"
300,hake_ex300.inp,Lognormal,2,mean_nsamp,-1,sigma,1,theta_true,-1,theta_CV,-1,ln_sd,1,3,2,0.05,0.5,0.0,50,100,10,2356,1.0,1.0,25,1.5,25,,"0.0, 0.0, 0.0","1.0, 1.0, 1.0"
301,hake_ex301.inp,Lognormal,2,mean_nsamp,-1,sigma,1,theta_true,-1,theta_CV,0,ln_sd,-1,3,2,0.05,0.5,0.2,50,100,10,2356,1.0,1.0,25,0.5,25,,"0.0, 0.0, 0.0","1.0, 1.0, 1.0"
302,hake_ex302.inp,Lognormal,2,mean_nsamp,-1,sigma,1,theta_true,-1,theta_CV,0,ln_sd,0,3,2,0.05,0.5,0.2,50,100,10,2356,1.0,1.0,25,1.0,25,,"0.0, 0.0, 0.0","1.0, 1.0, 1.0"
303,hake_ex303.inp,Lognormal,2,mean_nsamp,-1,sigma,1,theta_true,-1,theta_CV,0,ln_sd,1,3,2,0.05,0.5,0.2,50,100,10,2356,1.0,1.0,25,1.5,25,,"0.0, 0.0, 0.0","1.0, 1.0, 1.0"
304,hake_ex304.inp,Lognormal,2,mean_nsamp,-1,sigma,1,theta_true,-1,theta_CV,1,ln_sd,-1,3,2,0.05,0.5,0.6,50,100,10,2356,1.0,1.0,25,0.5,25,,"0.0, 0.0, 0.0","1.0, 1.0, 1.0"
305,hake_ex305.inp,Lognormal,2,mean_nsamp,-1,sigma,1,theta_true,-1,theta_CV,1,ln_sd,0,3,2,0.05,0.5,0.6,50,100,10,2356,1.0,1.0,25,1.0,25,,"0.0, 0.0, 0.0","1.0, 1.0, 1.0"
306,hake_ex306.inp,Lognormal,2,mean_nsamp,-1,sigma,1,theta_true,-1,theta_CV,1,ln_sd,1,3,2,0.05,0.5,0.6,50,100,10,2356,1.0,1.0,25,1.5,25,,"0.0, 0.0, 0.0","1.0, 1.0, 1.0"
307,hake_ex307.inp,Lognormal,2,mean_nsamp,-1,sigma,1,theta_true,0,theta_CV,-1,ln_sd,-1,3,2,0.05,1.0,0.0,50,100,10,2356,1.0,1.0,25,0.5,25,,"0.0, 0.0, 0.0","1.0, 1.0, 1.0"
308,hake_ex308.inp,Lognormal,2,mean_nsamp,-1,sigma,1,theta_true,0,theta_CV,-1,ln_sd,0,3,2,0.05,1.0,0.0,50,100,10,2356,1.0,1.0,25,1.0,25,,"0.0, 0.0, 0.0","1.0, 1.0, 1.0"
309,hake_ex309.inp,Lognormal,2,mean_nsamp,-1,sigma,1,theta_true,0,theta_CV,-1,ln_sd,1,3,2,0.05,1.0,0.0,50,100,10,2356,1.0,1.0,25,1.5,25,,"0.0, 0.0, 0.0","1.0, 1.0, 1.0"
310,hake_ex310.inp,Lognormal,2,mean_nsamp,-1,sigma,1,theta_true,0,theta_CV,0,ln_sd,-1,3,2,0.05,1.0,0.2,50,100,10,2356,1.0,1.0,25,0.5,25,,"0.0, 0.0, 0.0","1.0, 1.0, 1.0"
311,hake_ex311.inp,Lognormal,2,mean_nsamp,-1,sigma,1,theta_true,0,theta_CV,0,ln_sd,0,3,2,0.05,1.0,0.2,50,100,10,2356,1.0,1.0,25,1.0,25,,"0.0, 0.0, 0.0","1.0, 1.0, 1.0"
312,hake_ex312.inp,Lognormal,2,mean_nsamp,-1,sigma,1,theta_true,0,theta_CV,0,ln_sd,1,3,2,0.05,1.0,0.2,50,100,10,2356,1.0,1.0,25,1.5,25,,"0.0, 0.0, 0.0","1.0, 1.0, 1.0"
313,hake_ex313.inp,Lognormal,2,mean_nsamp,-1,sigma,1,theta_true,0,theta_CV,1,ln_sd,-1,3,2,0.05,1.0,0.6,50,100,10,2356,1.0,1.0,25,0.5,25,,"0.0, 0.0, 0.0","1.0, 1.0, 1.0"
314,hake_ex314.inp,Lognormal,2,mean_nsamp,-1,sigma,1,theta_true,0,theta_CV,1,ln_sd,0,3,2,0.05,1.0,0.6,50,100,10,2356,1.0,1.0,25,1.0,25,,"0.0, 0.0, 0.0","1.0, 1.0, 1.0"
315,hake_ex315.inp,Lognormal,2,mean_nsamp,-1,sigma,1,theta_true,0,theta_CV,1,ln_sd,1,3,2,0.05,1.0,0.6,50,100,10,2356,1.0,1.0,25,1.5,25,,"0.0, 0.0, 0.0","1.0, 1.0, 1.0"
316,hake_ex316.inp,Lognormal,2,mean_nsamp,-1,sigma,1,theta_true,1,theta_CV,-1,ln_sd,-1,3,2,0.05,2.0,0.0,50,100,10,2356,1.0,1.0,25,0.5,25,,"0.0, 0.0, 0.0","1.0, 1.0, 1.0"
317,hake_ex317.inp,Lognormal,2,mean_nsamp,-1,sigma,1,theta_true,1,theta_CV,-1,ln_sd,0,3,2,0.05,2.0,0.0,50,100,10,2356,1.0,1.0,25,1.0,25,,"0.0, 0.0, 0.0","1.0, 1.0, 1.0"
318,hake_ex318.inp,Lognormal,2,mean_nsamp,-1,sigma,1,theta_true,1,theta_CV,-1,ln_sd,1,3,2,0.05,2.0,0.0,50,100,10,2356,1.0,1.0,25,1.5,25,,"0.0, 0.0, 0.0","1.0, 1.0, 1.0"
319,hake_ex319.inp,Lognormal,2,mean_nsamp,-1,sigma,1,theta_true,1,theta_CV,0,ln_sd,-1,3,2,0.05,2.0,0.2,50,100,10,2356,1.0,1.0,25,0.5,25,,"0.0, 0.0, 0.0","1.0, 1.0, 1.0"
320,hake_ex320.inp,Lognormal,2,mean_nsamp,-1,sigma,1,theta_true,1,theta_CV,0,ln_sd,0,3,2,0.05,2.0,0.2,50,100,10,2356,1.0,1.0,25,1.0,25,,"0.0, 0.0, 0.0","1.0, 1.0, 1.0"
321,hake_ex321.inp,Lognormal,2,mean_nsamp,-1,sigma,1,theta_true,1,theta_CV,0,ln_sd,1,3,2,0.05,2.0,0.2,50,100,10,2356,1.0,1.0,25,1.5,25,,"0.0, 0.0, 0.0","1.0, 1.0, 1.0"
322,hake_ex322.inp,Lognormal,2,mean_nsamp,-1,sigma,1,theta_true,1,theta_CV,1,ln_sd,-1,3,2,0.05,2.0,0.6,50,100,10,2356,1.0,1.0,25,0.5,25,,"0.0, 0.0, 0.0","1.0, 1.0, 1.0"
323,hake_ex323.inp,Lognormal,2,mean_nsamp,-1,sigma,1,theta_true,1,theta_CV,1,ln_sd,0,3,2,0.05,2.0,0.6,50,100,10,2356,1.0,1.0,25,1.0,25,,"0.0, 0.0, 0.0","1.0, 1.0, 1.0"
324,hake_ex324.inp,Lognormal,2,mean_nsamp,-1,sigma,1,theta_true,1,theta_CV,1,ln_sd,1,3,2,0.05,2.0,0.6,50,100,10,2356,1.0,1.0,25,1.5,25,,"0.0, 0.0, 0.0","1.0, 1.0, 1.0"
325,hake_ex325.inp,Lognormal,2,mean_nsamp,0,sigma,-1,theta_true,-1,theta_CV,-1,ln_sd,-1,3,2,0.05,0.5,0.0,50,100,10,2356,1.0,0.25,50,0.5,25,,"0.0, 0.0, 0.0","1.0, 1.0, 1.0"
326,hake_ex326.inp,Lognormal,2,mean_nsamp,0,sigma,-1,theta_true,-1,theta_CV,-1,ln_sd,0,3,2,0.05,0.5,0.0,50,100,10,2356,1.0,0.25,50,1.0,25,,"0.0, 0.0, 0.0","1.0, 1.0, 1.0"
327,hake_ex327.inp,Lognormal,2,mean_nsamp,0,sigma,-1,theta_true,-1,theta_CV,-1,ln_sd,1,3,2,0.05,0.5,0.0,50,100,10,2356,1.0,0.25,50,1.5,25,,"0.0, 0.0, 0.0","1.0, 1.0, 1.0"
328,hake_ex328.inp,Lognormal,2,mean_nsamp,0,sigma,-1,theta_true,-1,theta_CV,0,ln_sd,-1,3,2,0.05,0.5,0.2,50,100,10,2356,1.0,0.25,50,0.5,25,,"0.0, 0.0, 0.0","1.0, 1.0, 1.0"
329,hake_ex329.inp,Lognormal,2,mean_nsamp,0,sigma,-1,theta_true,-1,theta_CV,0,ln_sd,0,3,2,0.05,0.5,0.2,50,100,10,2356,1.0,0.25,50,1.0,25,,"0.0, 0.0, 0.0","1.0, 1.0, 1.0"
330,hake_ex330.inp,Lognormal,2,mean_nsamp,0,sigma,-1,theta_true,-1,theta_CV,0,ln_sd,1,3,2,0.05,0.5,0.2,50,100,10,2356,1.0,0.25,50,1.5,25,,"0.0, 0.0, 0.0","1.0, 1.0, 1.0"
331,hake_ex331.inp,Lognormal,2,mean_nsamp,0,sigma,-1,theta_true,-1,theta_CV,1,ln_sd,-1,3,2,0.05,0.5,0.6,50,100,10,2356,1.0,0.25,50,0.5,25,,"0.0, 0.0, 0.0","1.0, 1.0, 1.0"
332,hake_ex332.inp,Lognormal,2,mean_nsamp,0,sigma,-1,theta_true,-1,theta_CV,1,ln_sd,0,3,2,0.05,0.5,0.6,50,100,10,2356,1.0,0.25,50,1.0,25,,"0.0, 0.0, 0.0","1.0, 1.0, 1.0"
333,hake_ex333.inp,Lognormal,2,mean_nsamp,0,sigma,-1,theta_true,-1,theta_CV,1,ln_sd,1,3,2,0.05,0.5,0.6,50,100,10,2356,1.0,0.25,50,1.5,25,,"0.0, 0.0, 0.0","1.0, 1.0, 1.0"
334,hake_ex334.inp,Lognormal,2,mean_nsamp,0,sigma,-1,theta_true,0,theta_CV,-1,ln_sd,-1,3,2,0.05,1.0,0.0,50,100,10,2356,1.0,0.25,50,0.5,25,,"0.0, 0.0, 0.0","1.0, 1.0, 1.0"
335,hake_ex335.inp,Lognormal,2,mean_nsamp,0,sigma,-1,theta_true,0,theta_CV,-1,ln_sd,0,3,2,0.05,1.0,0.0,50,100,10,2356,1.0,0.25,50,1.0,25,,"0.0, 0.0, 0.0","1.0, 1.0, 1.0"
336,hake_ex336.inp,Lognormal,2,mean_nsamp,0,sigma,-1,theta_true,0,theta_CV,-1,ln_sd,1,3,2,0.05,1.0,0.0,50,100,10,2356,1.0,0.25,50,1.5,25,,"0.0, 0.0, 0.0","1.0, 1.0, 1.0"
337,hake_ex337.inp,Lognormal,2,mean_nsamp,0,sigma,-1,theta_true,0,theta_CV,0,ln_sd,-1,3,2,0.05,1.0,0.2,50,100,10,2356,1.0,0.25,50,0.5,25,,"0.0, 0.0, 0.0","1.0, 1.0, 1.0"
338,hake_ex338.inp,Lognormal,2,mean_nsamp,0,sigma,-1,theta_true,0,theta_CV,0,ln_sd,0,3,2,0.05,1.0,0.2,50,100,10,2356,1.0,0.25,50,1.0,25,,"0.0, 0.0, 0.0","1.0, 1.0, 1.0"
339,hake_ex339.inp,Lognormal,2,mean_nsamp,0,sigma,-1,theta_true,0,theta_CV,0,ln_sd,1,3,2,0.05,1.0,0.2,50,100,10,2356,1.0,0.25,50,1.5,25,,"0.0, 0.0, 0.0","1.0, 1.0, 1.0"
340,hake_ex340.inp,Lognormal,2,mean_nsamp,0,sigma,-1,theta_true,0,theta_CV,1,ln_sd,-1,3,2,0.05,1.0,0.6,50,100,10,2356,1.0,0.25,50,0.5,25,,"0.0, 0.0, 0.0","1.0, 1.0, 1.0"
341,hake_ex341.inp,Lognormal,2,mean_nsamp,0,sigma,-1,theta_true,0,theta_CV,1,ln_sd,0,3,2,0.05,1.0,0.6,50,100,10,2356,1.0,0.25,50,1.0,25,,"0.0, 0.0, 0.0","1.0, 1.0, 1.0"
342,hake_ex342.inp,Lognormal,2,mean_nsamp,0,sigma,-1,theta_true,0,theta_CV,1,ln_sd,1,3,2,0.05,1.0,0.6,50,100,10,2356,1.0,0.25,50,1.5,25,,"0.0, 0.0, 0.0","1.0, 1.0, 1.0"
343,hake_ex343.inp,Lognormal,2,mean_nsamp,0,sigma,-1,theta_true,1,theta_CV,-1,ln_sd,-1,3,2,0.05,2.0,0.0,50,100,10,2356,1.0,0.25,50,0.5,25,,"0.0, 0.0, 0.0","1.0, 1.0, 1.0"
344,hake_ex344.inp,Lognormal,2,mean_nsamp,0,sigma,-1,theta_true,1,theta_CV,-1,ln_sd,0,3,2,0.05,2.0,0.0,50,100,10,2356,1.0,0.25,50,1.0,25,,"0.0, 0.0, 0.0","1.0, 1.0, 1.0"
345,hake_ex345.inp,Lognormal,2,mean_nsamp,0,sigma,-1,theta_true,1,theta_CV,-1,ln_sd,1,3,2,0.05,2.0,0.0,50,100,10,2356,1.0,0.25,50,1.5,25,,"0.0, 0.0, 0.0","1.0, 1.0, 1.0"
346,hake_ex346.inp,Lognormal,2,mean_nsamp,0,sigma,-1,theta_true,1,theta_CV,0,ln_sd,-1,3,2,0.05,2.0,0.2,50,100,10,2356,1.0,0.25,50,0.5,25,,"0.0, 0.0, 0.0","1.0, 1.0, 1.0"
347,hake_ex347.inp,Lognormal,2,mean_nsamp,0,sigma,-1,theta_true,1,theta_CV,0,ln_sd,0,3,2,0.05,2.0,0.2,50,100,10,2356,1.0,0.25,50,1.0,25,,"0.0, 0.0, 0.0","1.0, 1.0, 1.0"
348,hake_ex348.inp,Lognormal,2,mean_nsamp,0,sigma,-1,theta_true,1,theta_CV,0,ln_sd,1,3,2,0.05,2.0,0.2,50,100,10,2356,1.0,0.25,50,1.5,25,,"0.0, 0.0, 0.0","1.0, 1.0, 1.0"
349,hake_ex349.inp,Lognormal,2,mean_nsamp,0,sigma,-1,theta_true,1,theta_CV,1,ln_sd,-1,3,2,0.05,2.0,0.6,50,100,10,2356,1.0,0.25,50,0.5,25,,"0.0, 0.0, 0.0","1.0, 1.0, 1.0"
350,hake_ex350.inp,Lognormal,2,mean_nsamp,0,sigma,-1,theta_true,1,theta_CV,1,ln_sd,0,3,2,0.05,2.0,0.6,50,100,10,2356,1.0,0.25,50,1.0,25,,"0.0, 0.0, 0.0","1.0, 1.0, 1.0"
351,hake_ex351.inp,Lognormal,2,mean_nsamp,0,sigma,-1,theta_true,1,theta_CV,1,ln_sd,1,3,2,0.05,2.0,0.6,50,100,10,2356,1.0,0.25,50,1.5,25,,"0.0, 0.0, 0.0","1.0, 1.0, 1.0"
352,hake_ex352.inp,Lognormal,2,mean_nsamp,0,sigma,0,theta_true,-1,theta_CV,-1,ln_sd,-1,3,2,0.05,0.5,0.0,50,100,10,2356,1.0,0.5,50,0.5,25,,"0.0, 0.0, 0.0","1.0, 1.0, 1.0"
353,hake_ex353.inp,Lognormal,2,mean_nsamp,0,sigma,0,theta_true,-1,theta_CV,-1,ln_sd,0,3,2,0.05,0.5,0.0,50,100,10,2356,1.0,0.5,50,1.0,25,,"0.0, 0.0, 0.0","1.0, 1.0, 1.0"
354,hake_ex354.inp,Lognormal,2,mean_nsamp,0,sigma,0,theta_true,-1,theta_CV,-1,ln_sd,1,3,2,0.05,0.5,0.0,50,100,10,2356,1.0,0.5,50,1.5,25,,"0.0, 0.0, 0.0","1.0, 1.0, 1.0"
355,hake_ex355.inp,Lognormal,2,mean_nsamp,0,sigma,0,theta_true,-1,theta_CV,0,ln_sd,-1,3,2,0.05,0.5,0.2,50,100,10,2356,1.0,0.5,50,0.5,25,,"0.0, 0.0, 0.0","1.0, 1.0, 1.0"
356,hake_ex356.inp,Lognormal,2,mean_nsamp,0,sigma,0,theta_true,-1,theta_CV,0,ln_sd,0,3,2,0.05,0.5,0.2,50,100,10,2356,1.0,0.5,50,1.0,25,,"0.0, 0.0, 0.0","1.0, 1.0, 1.0"
357,hake_ex357.inp,Lognormal,2,mean_nsamp,0,sigma,0,theta_true,-1,theta_CV,0,ln_sd,1,3,2,0.05,0.5,0.2,50,100,10,2356,1.0,0.5,50,1.5,25,,"0.0, 0.0, 0.0","1.0, 1.0, 1.0"
358,hake_ex358.inp,Lognormal,2,mean_nsamp,0,sigma,0,theta_true,-1,theta_CV,1,ln_sd,-1,3,2,0.05,0.5,0.6,50,100,10,2356,1.0,0.5,50,0.5,25,,"0.0, 0.0, 0.0","1.0, 1.0, 1.0"
359,hake_ex359.inp,Lognormal,2,mean_nsamp,0,sigma,0,theta_true,-1,theta_CV,1,ln_sd,0,3,2,0.05,0.5,0.6,50,100,10,2356,1.0,0.5,50,1.0,25,,"0.0, 0.0, 0.0","1.0, 1.0, 1.0"
360,hake_ex360.inp,Lognormal,2,mean_nsamp,0,sigma,0,theta_true,-1,theta_CV,1,ln_sd,1,3,2,0.05,0.5,0.6,50,100,10,2356,1.0,0.5,50,1.5,25,,"0.0, 0.0, 0.0","1.0, 1.0, 1.0"
361,hake_ex361.inp,Lognormal,2,mean_nsamp,0,sigma,0,theta_true,0,theta_CV,-1,ln_sd,-1,3,2,0.05,1.0,0.0,50,100,10,2356,1.0,0.5,50,0.5,25,,"0.0, 0.0, 0.0","1.0, 1.0, 1.0"
362,hake_ex362.inp,Lognormal,2,mean_nsamp,0,sigma,0,theta_true,0,theta_CV,-1,ln_sd,0,3,2,0.05,1.0,0.0,50,100,10,2356,1.0,0.5,50,1.0,25,,"0.0, 0.0, 0.0","1.0, 1.0, 1.0"
363,hake_ex363.inp,Lognormal,2,mean_nsamp,0,sigma,0,theta_true,0,theta_CV,-1,ln_sd,1,3,2,0.05,1.0,0.0,50,100,10,2356,1.0,0.5,50,1.5,25,,"0.0, 0.0, 0.0","1.0, 1.0, 1.0"
364,hake_ex364.inp,Lognormal,2,mean_nsamp,0,sigma,0,theta_true,0,theta_CV,0,ln_sd,-1,3,2,0.05,1.0,0.2,50,100,10,2356,1.0,0.5,50,0.5,25,,"0.0, 0.0, 0.0","1.0, 1.0, 1.0"
365,hake_ex365.inp,Lognormal,2,mean_nsamp,0,sigma,0,theta_true,0,theta_CV,0,ln_sd,0,3,2,0.05,1.0,0.2,50,100,10,2356,1.0,0.5,50,1.0,25,,"0.0, 0.0, 0.0","1.0, 1.0, 1.0"
366,hake_ex366.inp,Lognormal,2,mean_nsamp,0,sigma,0,theta_true,0,theta_CV,0,ln_sd,1,3,2,0.05,1.0,0.2,50,100,10,2356,1.0,0.5,50,1.5,25,,"0.0, 0.0, 0.0","1.0, 1.0, 1.0"
367,hake_ex367.inp,Lognormal,2,mean_nsamp,0,sigma,0,theta_true,0,theta_CV,1,ln_sd,-1,3,2,0.05,1.0,0.6,50,100,10,2356,1.0,0.5,50,0.5,25,,"0.0, 0.0, 0.0","1.0, 1.0, 1.0"
368,hake_ex368.inp,Lognormal,2,mean_nsamp,0,sigma,0,theta_true,0,theta_CV,1,ln_sd,0,3,2,0.05,1.0,0.6,50,100,10,2356,1.0,0.5,50,1.0,25,,"0.0, 0.0, 0.0","1.0, 1.0, 1.0"
369,hake_ex369.inp,Lognormal,2,mean_nsamp,0,sigma,0,theta_true,0,theta_CV,1,ln_sd,1,3,2,0.05,1.0,0.6,50,100,10,2356,1.0,0.5,50,1.5,25,,"0.0, 0.0, 0.0","1.0, 1.0, 1.0"
370,hake_ex370.inp,Lognormal,2,mean_nsamp,0,sigma,0,theta_true,1,theta_CV,-1,ln_sd,-1,3,2,0.05,2.0,0.0,50,100,10,2356,1.0,0.5,50,0.5,25,,"0.0, 0.0, 0.0","1.0, 1.0, 1.0"
371,hake_ex371.inp,Lognormal,2,mean_nsamp,0,sigma,0,theta_true,1,theta_CV,-1,ln_sd,0,3,2,0.05,2.0,0.0,50,100,10,2356,1.0,0.5,50,1.0,25,,"0.0, 0.0, 0.0","1.0, 1.0, 1.0"
372,hake_ex372.inp,Lognormal,2,mean_nsamp,0,sigma,0,theta_true,1,theta_CV,-1,ln_sd,1,3,2,0.05,2.0,0.0,50,100,10,2356,1.0,0.5,50,1.5,25,,"0.0, 0.0, 0.0","1.0, 1.0, 1.0"
373,hake_ex373.inp,Lognormal,2,mean_nsamp,0,sigma,0,theta_true,1,theta_CV,0,ln_sd,-1,3,2,0.05,2.0,0.2,50,100,10,2356,1.0,0.5,50,0.5,25,,"0.0, 0.0, 0.0","1.0, 1.0, 1.0"
374,hake_ex374.inp,Lognormal,2,mean_nsamp,0,sigma,0,theta_true,1,theta_CV,0,ln_sd,0,3,2,0.05,2.0,0.2,50,100,10,2356,1.0,0.5,50,1.0,25,,"0.0, 0.0, 0.0","1.0, 1.0, 1.0"
375,hake_ex375.inp,Lognormal,2,mean_nsamp,0,sigma,0,theta_true,1,theta_CV,0,ln_sd,1,3,2,0.05,2.0,0.2,50,100,10,2356,1.0,0.5,50,1.5,25,,"0.0, 0.0, 0.0","1.0, 1.0, 1.0"
376,hake_ex376.inp,Lognormal,2,mean_nsamp,0,sigma,0,theta_true,1,theta_CV,1,ln_sd,-1,3,2,0.05,2.0,0.6,50,100,10,2356,1.0,0.5,50,0.5,25,,"0.0, 0.0, 0.0","1.0, 1.0, 1.0"
377,hake_ex377.inp,Lognormal,2,mean_nsamp,0,sigma,0,theta_true,1,theta_CV,1,ln_sd,0,3,2,0.05,2.0,0.6,50,100,10,2356,1.0,0.5,50,1.0,25,,"0.0, 0.0, 0.0","1.0, 1.0, 1.0"
378,hake_ex378.inp,Lognormal,2,mean_nsamp,0,sigma,0,theta_true,1,theta_CV,1,ln_sd,1,3,2,0.05,2.0,0.6,50,100,10,2356,1.0,0.5,50,1.5,25,,"0.0, 0.0, 0.0","1.0, 1.0, 1.0"
379,hake_ex379.inp,Lognormal,2,mean_nsamp,0,sigma,1,theta_true,-1,theta_CV,-1,ln_sd,-1,3,2,0.05,0.5,0.0,50,100,10,2356,1.0,1.0,50,0.5,25,,"0.0, 0.0, 0.0","1.0, 1.0, 1.0"
380,hake_ex380.inp,Lognormal,2,mean_nsamp,0,sigma,1,theta_true,-1,theta_CV,-1,ln_sd,0,3,2,0.05,0.5,0.0,50,100,10,2356,1.0,1.0,50,1.0,25,,"0.0, 0.0, 0.0","1.0, 1.0, 1.0"
381,hake_ex381.inp,Lognormal,2,mean_nsamp,0,sigma,1,theta_true,-1,theta_CV,-1,ln_sd,1,3,2,0.05,0.5,0.0,50,100,10,2356,1.0,1.0,50,1.5,25,,"0.0, 0.0, 0.0","1.0, 1.0, 1.0"
382,hake_ex382.inp,Lognormal,2,mean_nsamp,0,sigma,1,theta_true,-1,theta_CV,0,ln_sd,-1,3,2,0.05,0.5,0.2,50,100,10,2356,1.0,1.0,50,0.5,25,,"0.0, 0.0, 0.0","1.0, 1.0, 1.0"
383,hake_ex383.inp,Lognormal,2,mean_nsamp,0,sigma,1,theta_true,-1,theta_CV,0,ln_sd,0,3,2,0.05,0.5,0.2,50,100,10,2356,1.0,1.0,50,1.0,25,,"0.0, 0.0, 0.0","1.0, 1.0, 1.0"
384,hake_ex384.inp,Lognormal,2,mean_nsamp,0,sigma,1,theta_true,-1,theta_CV,0,ln_sd,1,3,2,0.05,0.5,0.2,50,100,10,2356,1.0,1.0,50,1.5,25,,"0.0, 0.0, 0.0","1.0, 1.0, 1.0"
385,hake_ex385.inp,Lognormal,2,mean_nsamp,0,sigma,1,theta_true,-1,theta_CV,1,ln_sd,-1,3,2,0.05,0.5,0.6,50,100,10,2356,1.0,1.0,50,0.5,25,,"0.0, 0.0, 0.0","1.0, 1.0, 1.0"
386,hake_ex386.inp,Lognormal,2,mean_nsamp,0,sigma,1,theta_true,-1,theta_CV,1,ln_sd,0,3,2,0.05,0.5,0.6,50,100,10,2356,1.0,1.0,50,1.0,25,,"0.0, 0.0, 0.0","1.0, 1.0, 1.0"
387,hake_ex387.inp,Lognormal,2,mean_nsamp,0,sigma,1,theta_true,-1,theta_CV,1,ln_sd,1,3,2,0.05,0.5,0.6,50,100,10,2356,1.0,1.0,50,1.5,25,,"0.0, 0.0, 0.0","1.0, 1.0, 1.0"
388,hake_ex388.inp,Lognormal,2,mean_nsamp,0,sigma,1,theta_true,0,theta_CV,-1,ln_sd,-1,3,2,0.05,1.0,0.0,50,100,10,2356,1.0,1.0,50,0.5,25,,"0.0, 0.0, 0.0","1.0, 1.0, 1.0"
389,hake_ex389.inp,Lognormal,2,mean_nsamp,0,sigma,1,theta_true,0,theta_CV,-1,ln_sd,0,3,2,0.05,1.0,0.0,50,100,10,2356,1.0,1.0,50,1.0,25,,"0.0, 0.0, 0.0","1.0, 1.0, 1.0"
390,hake_ex390.inp,Lognormal,2,mean_nsamp,0,sigma,1,theta_true,0,theta_CV,-1,ln_sd,1,3,2,0.05,1.0,0.0,50,100,10,2356,1.0,1.0,50,1.5,25,,"0.0, 0.0, 0.0","1.0, 1.0, 1.0"
391,hake_ex391.inp,Lognormal,2,mean_nsamp,0,sigma,1,theta_true,0,theta_CV,0,ln_sd,-1,3,2,0.05,1.0,0.2,50,100,10,2356,1.0,1.0,50,0.5,25,,"0.0, 0.0, 0.0","1.0, 1.0, 1.0"
392,hake_ex392.inp,Lognormal,2,mean_nsamp,0,sigma,1,theta_true,0,theta_CV,0,ln_sd,0,3,2,0.05,1.0,0.2,50,100,10,2356,1.0,1.0,50,1.0,25,,"0.0, 0.0, 0.0","1.0, 1.0, 1.0"
393,hake_ex393.inp,Lognormal,2,mean_nsamp,0,sigma,1,theta_true,0,theta_CV,0,ln_sd,1,3,2,0.05,1.0,0.2,50,100,10,2356,1.0,1.0,50,1.5,25,,"0.0, 0.0, 0.0","1.0, 1.0, 1.0"
394,hake_ex394.inp,Lognormal,2,mean_nsamp,0,sigma,1,theta_true,0,theta_CV,1,ln_sd,-1,3,2,0.05,1.0,0.6,50,100,10,2356,1.0,1.0,50,0.5,25,,"0.0, 0.0, 0.0","1.0, 1.0, 1.0"
395,hake_ex395.inp,Lognormal,2,mean_nsamp,0,sigma,1,theta_true,0,theta_CV,1,ln_sd,0,3,2,0.05,1.0,0.6,50,100,10,2356,1.0,1.0,50,1.0,25,,"0.0, 0.0, 0.0","1.0, 1.0, 1.0"
396,hake_ex396.inp,Lognormal,2,mean_nsamp,0,sigma,1,theta_true,0,theta_CV,1,ln_sd,1,3,2,0.05,1.0,0.6,50,100,10,2356,1.0,1.0,50,1.5,25,,"0.0, 0.0, 0.0","1.0, 1.0, 1.0"
397,hake_ex397.inp,Lognormal,2,mean_nsamp,0,sigma,1,theta_true,1,theta_CV,-1,ln_sd,-1,3,2,0.05,2.0,0.0,50,100,10,2356,1.0,1.0,50,0.5,25,,"0.0, 0.0, 0.0","1.0, 1.0, 1.0"
398,hake_ex398.inp,Lognormal,2,mean_nsamp,0,sigma,1,theta_true,1,theta_CV,-1,ln_sd,0,3,2,0.05,2.0,0.0,50,100,10,2356,1.0,1.0,50,1.0,25,,"0.0, 0.0, 0.0","1.0, 1.0, 1.0"
399,hake_ex399.inp,Lognormal,2,mean_nsamp,0,sigma,1,theta_true,1,theta_CV,-1,ln_sd,1,3,2,0.05,2.0,0.0,50,100,10,2356,1.0,1.0,50,1.5,25,,"0.0, 0.0, 0.0","1.0, 1.0, 1.0"
400,hake_ex400.inp,Lognormal,2,mean_nsamp,0,sigma,1,theta_true,1,theta_CV,0,ln_sd,-1,3,2,0.05,2.0,0.2,50,100,10,2356,1.0,1.0,50,0.5,25,,"0.0, 0.0, 0.0","1.0, 1.0, 1.0"
401,hake_ex401.inp,Lognormal,2,mean_nsamp,0,sigma,1,theta_true,1,theta_CV,0,ln_sd,0,3,2,0.05,2.0,0.2,50,100,10,2356,1.0,1.0,50,1.0,25,,"0.0, 0.0, 0.0","1.0, 1.0, 1.0"
402,hake_ex402.inp,Lognormal,2,mean_nsamp,0,sigma,1,theta_true,1,theta_CV,0,ln_sd,1,3,2,0.05,2.0,0.2,50,100,10,2356,1.0,1.0,50,1.5,25,,"0.0, 0.0, 0.0","1.0, 1.0, 1.0"
403,hake_ex403.inp,Lognormal,2,mean_nsamp,0,sigma,1,theta_true,1,theta_CV,1,ln_sd,-1,3,2,0.05,2.0,0.6,50,100,10,2356,1.0,1.0,50,0.5,25,,"0.0, 0.0, 0.0","1.0, 1.0, 1.0"
404,hake_ex404.inp,Lognormal,2,mean_nsamp,0,sigma,1,theta_true,1,theta_CV,1,ln_sd,0,3,2,0.05,2.0,0.6,50,100,10,2356,1.0,1.0,50,1.0,25,,"0.0, 0.0, 0.0","1.0, 1.0, 1.0"
405,hake_ex405.inp,Lognormal,2,mean_nsamp,0,sigma,1,theta_true,1,theta_CV,1,ln_sd,1,3,2,0.05,2.0,0.6,50,100,10,2356,1.0,1.0,50,1.5,25,,"0.0, 0.0, 0.0","1.0, 1.0, 1.0"
406,hake_ex406.inp,Lognormal,2,mean_nsamp,1,sigma,-1,theta_true,-1,theta_CV,-1,ln_sd,-1,3,2,0.05,0.5,0.0,50,100,10,2356,1.0,0.25,100,0.5,25,,"0.0, 0.0, 0.0","1.0, 1.0, 1.0"
407,hake_ex407.inp,Lognormal,2,mean_nsamp,1,sigma,-1,theta_true,-1,theta_CV,-1,ln_sd,0,3,2,0.05,0.5,0.0,50,100,10,2356,1.0,0.25,100,1.0,25,,"0.0, 0.0, 0.0","1.0, 1.0, 1.0"
408,hake_ex408.inp,Lognormal,2,mean_nsamp,1,sigma,-1,theta_true,-1,theta_CV,-1,ln_sd,1,3,2,0.05,0.5,0.0,50,100,10,2356,1.0,0.25,100,1.5,25,,"0.0, 0.0, 0.0","1.0, 1.0, 1.0"
409,hake_ex409.inp,Lognormal,2,mean_nsamp,1,sigma,-1,theta_true,-1,theta_CV,0,ln_sd,-1,3,2,0.05,0.5,0.2,50,100,10,2356,1.0,0.25,100,0.5,25,,"0.0, 0.0, 0.0","1.0, 1.0, 1.0"
410,hake_ex410.inp,Lognormal,2,mean_nsamp,1,sigma,-1,theta_true,-1,theta_CV,0,ln_sd,0,3,2,0.05,0.5,0.2,50,100,10,2356,1.0,0.25,100,1.0,25,,"0.0, 0.0, 0.0","1.0, 1.0, 1.0"
411,hake_ex411.inp,Lognormal,2,mean_nsamp,1,sigma,-1,theta_true,-1,theta_CV,0,ln_sd,1,3,2,0.05,0.5,0.2,50,100,10,2356,1.0,0.25,100,1.5,25,,"0.0, 0.0, 0.0","1.0, 1.0, 1.0"
412,hake_ex412.inp,Lognormal,2,mean_nsamp,1,sigma,-1,theta_true,-1,theta_CV,1,ln_sd,-1,3,2,0.05,0.5,0.6,50,100,10,2356,1.0,0.25,100,0.5,25,,"0.0, 0.0, 0.0","1.0, 1.0, 1.0"
413,hake_ex413.inp,Lognormal,2,mean_nsamp,1,sigma,-1,theta_true,-1,theta_CV,1,ln_sd,0,3,2,0.05,0.5,0.6,50,100,10,2356,1.0,0.25,100,1.0,25,,"0.0, 0.0, 0.0","1.0, 1.0, 1.0"
414,hake_ex414.inp,Lognormal,2,mean_nsamp,1,sigma,-1,theta_true,-1,theta_CV,1,ln_sd,1,3,2,0.05,0.5,0.6,50,100,10,2356,1.0,0.25,100,1.5,25,,"0.0, 0.0, 0.0","1.0, 1.0, 1.0"
415,hake_ex415.inp,Lognormal,2,mean_nsamp,1,sigma,-1,theta_true,0,theta_CV,-1,ln_sd,-1,3,2,0.05,1.0,0.0,50,100,10,2356,1.0,0.25,100,0.5,25,,"0.0, 0.0, 0.0","1.0, 1.0, 1.0"
416,hake_ex416.inp,Lognormal,2,mean_nsamp,1,sigma,-1,theta_true,0,theta_CV,-1,ln_sd,0,3,2,0.05,1.0,0.0,50,100,10,2356,1.0,0.25,100,1.0,25,,"0.0, 0.0, 0.0","1.0, 1.0, 1.0"
417,hake_ex417.inp,Lognormal,2,mean_nsamp,1,sigma,-1,theta_true,0,theta_CV,-1,ln_sd,1,3,2,0.05,1.0,0.0,50,100,10,2356,1.0,0.25,100,1.5,25,,"0.0, 0.0, 0.0","1.0, 1.0, 1.0"
418,hake_ex418.inp,Lognormal,2,mean_nsamp,1,sigma,-1,theta_true,0,theta_CV,0,ln_sd,-1,3,2,0.05,1.0,0.2,50,100,10,2356,1.0,0.25,100,0.5,25,,"0.0, 0.0, 0.0","1.0, 1.0, 1.0"
419,hake_ex419.inp,Lognormal,2,mean_nsamp,1,sigma,-1,theta_true,0,theta_CV,0,ln_sd,0,3,2,0.05,1.0,0.2,50,100,10,2356,1.0,0.25,100,1.0,25,,"0.0, 0.0, 0.0","1.0, 1.0, 1.0"
420,hake_ex420.inp,Lognormal,2,mean_nsamp,1,sigma,-1,theta_true,0,theta_CV,0,ln_sd,1,3,2,0.05,1.0,0.2,50,100,10,2356,1.0,0.25,100,1.5,25,,"0.0, 0.0, 0.0","1.0, 1.0, 1.0"
421,hake_ex421.inp,Lognormal,2,mean_nsamp,1,sigma,-1,theta_true,0,theta_CV,1,ln_sd,-1,3,2,0.05,1.0,0.6,50,100,10,2356,1.0,0.25,100,0.5,25,,"0.0, 0.0, 0.0","1.0, 1.0, 1.0"
422,hake_ex422.inp,Lognormal,2,mean_nsamp,1,sigma,-1,theta_true,0,theta_CV,1,ln_sd,0,3,2,0.05,1.0,0.6,50,100,10,2356,1.0,0.25,100,1.0,25,,"0.0, 0.0, 0.0","1.0, 1.0, 1.0"
423,hake_ex423.inp,Lognormal,2,mean_nsamp,1,sigma,-1,theta_true,0,theta_CV,1,ln_sd,1,3,2,0.05,1.0,0.6,50,100,10,2356,1.0,0.25,100,1.5,25,,"0.0, 0.0, 0.0","1.0, 1.0, 1.0"
424,hake_ex424.inp,Lognormal,2,mean_nsamp,1,sigma,-1,theta_true,1,theta_CV,-1,ln_sd,-1,3,2,0.05,2.0,0.0,50,100,10,2356,1.0,0.25,100,0.5,25,,"0.0, 0.0, 0.0","1.0, 1.0, 1.0"
425,hake_ex425.inp,Lognormal,2,mean_nsamp,1,sigma,-1,theta_true,1,theta_CV,-1,ln_sd,0,3,2,0.05,2.0,0.0,50,100,10,2356,1.0,0.25,100,1.0,25,,"0.0, 0.0, 0.0","1.0, 1.0, 1.0"
426,hake_ex426.inp,Lognormal,2,mean_nsamp,1,sigma,-1,theta_true,1,theta_CV,-1,ln_sd,1,3,2,0.05,2.0,0.0,50,100,10,2356,1.0,0.25,100,1.5,25,,"0.0, 0.0, 0.0","1.0, 1.0, 1.0"
427,hake_ex427.inp,Lognormal,2,mean_nsamp,1,sigma,-1,theta_true,1,theta_CV,0,ln_sd,-1,3,2,0.05,2.0,0.2,50,100,10,2356,1.0,0.25,100,0.5,25,,"0.0, 0.0, 0.0","1.0, 1.0, 1.0"
428,hake_ex428.inp,Lognormal,2,mean_nsamp,1,sigma,-1,theta_true,1,theta_CV,0,ln_sd,0,3,2,0.05,2.0,0.2,50,100,10,2356,1.0,0.25,100,1.0,25,,"0.0, 0.0, 0.0","1.0, 1.0, 1.0"
429,hake_ex429.inp,Lognormal,2,mean_nsamp,1,sigma,-1,theta_true,1,theta_CV,0,ln_sd,1,3,2,0.05,2.0,0.2,50,100,10,2356,1.0,0.25,100,1.5,25,,"0.0, 0.0, 0.0","1.0, 1.0, 1.0"
430,hake_ex430.inp,Lognormal,2,mean_nsamp,1,sigma,-1,theta_true,1,theta_CV,1,ln_sd,-1,3,2,0.05,2.0,0.6,50,100,10,2356,1.0,0.25,100,0.5,25,,"0.0, 0.0, 0.0","1.0, 1.0, 1.0"
431,hake_ex431.inp,Lognormal,2,mean_nsamp,1,sigma,-1,theta_true,1,theta_CV,1,ln_sd,0,3,2,0.05,2.0,0.6,50,100,10,2356,1.0,0.25,100,1.0,25,,"0.0, 0.0, 0.0","1.0, 1.0, 1.0"
432,hake_ex432.inp,Lognormal,2,mean_nsamp,1,sigma,-1,theta_true,1,theta_CV,1,ln_sd,1,3,2,0.05,2.0,0.6,50,100,10,2356,1.0,0.25,100,1.5,25,,"0.0, 0.0, 0.0","1.0, 1.0, 1.0"
433,hake_ex433.inp,Lognormal,2,mean_nsamp,1,sigma,0,theta_true,-1,theta_CV,-1,ln_sd,-1,3,2,0.05,0.5,0.0,50,100,10,2356,1.0,0.5,100,0.5,25,,"0.0, 0.0, 0.0","1.0, 1.0, 1.0"
434,hake_ex434.inp,Lognormal,2,mean_nsamp,1,sigma,0,theta_true,-1,theta_CV,-1,ln_sd,0,3,2,0.05,0.5,0.0,50,100,10,2356,1.0,0.5,100,1.0,25,,"0.0, 0.0, 0.0","1.0, 1.0, 1.0"
435,hake_ex435.inp,Lognormal,2,mean_nsamp,1,sigma,0,theta_true,-1,theta_CV,-1,ln_sd,1,3,2,0.05,0.5,0.0,50,100,10,2356,1.0,0.5,100,1.5,25,,"0.0, 0.0, 0.0","1.0, 1.0, 1.0"
436,hake_ex436.inp,Lognormal,2,mean_nsamp,1,sigma,0,theta_true,-1,theta_CV,0,ln_sd,-1,3,2,0.05,0.5,0.2,50,100,10,2356,1.0,0.5,100,0.5,25,,"0.0, 0.0, 0.0","1.0, 1.0, 1.0"
437,hake_ex437.inp,Lognormal,2,mean_nsamp,1,sigma,0,theta_true,-1,theta_CV,0,ln_sd,0,3,2,0.05,0.5,0.2,50,100,10,2356,1.0,0.5,100,1.0,25,,"0.0, 0.0, 0.0","1.0, 1.0, 1.0"
438,hake_ex438.inp,Lognormal,2,mean_nsamp,1,sigma,0,theta_true,-1,theta_CV,0,ln_sd,1,3,2,0.05,0.5,0.2,50,100,10,2356,1.0,0.5,100,1.5,25,,"0.0, 0.0, 0.0","1.0, 1.0, 1.0"
439,hake_ex439.inp,Lognormal,2,mean_nsamp,1,sigma,0,theta_true,-1,theta_CV,1,ln_sd,-1,3,2,0.05,0.5,0.6,50,100,10,2356,1.0,0.5,100,0.5,25,,"0.0, 0.0, 0.0","1.0, 1.0, 1.0"
440,hake_ex440.inp,Lognormal,2,mean_nsamp,1,sigma,0,theta_true,-1,theta_CV,1,ln_sd,0,3,2,0.05,0.5,0.6,50,100,10,2356,1.0,0.5,100,1.0,25,,"0.0, 0.0, 0.0","1.0, 1.0, 1.0"
441,hake_ex441.inp,Lognormal,2,mean_nsamp,1,sigma,0,theta_true,-1,theta_CV,1,ln_sd,1,3,2,0.05,0.5,0.6,50,100,10,2356,1.0,0.5,100,1.5,25,,"0.0, 0.0, 0.0","1.0, 1.0, 1.0"
442,hake_ex442.inp,Lognormal,2,mean_nsamp,1,sigma,0,theta_true,0,theta_CV,-1,ln_sd,-1,3,2,0.05,1.0,0.0,50,100,10,2356,1.0,0.5,100,0.5,25,,"0.0, 0.0, 0.0","1.0, 1.0, 1.0"
443,hake_ex443.inp,Lognormal,2,mean_nsamp,1,sigma,0,theta_true,0,theta_CV,-1,ln_sd,0,3,2,0.05,1.0,0.0,50,100,10,2356,1.0,0.5,100,1.0,25,,"0.0, 0.0, 0.0","1.0, 1.0, 1.0"
444,hake_ex444.inp,Lognormal,2,mean_nsamp,1,sigma,0,theta_true,0,theta_CV,-1,ln_sd,1,3,2,0.05,1.0,0.0,50,100,10,2356,1.0,0.5,100,1.5,25,,"0.0, 0.0, 0.0","1.0, 1.0, 1.0"
445,hake_ex445.inp,Lognormal,2,mean_nsamp,1,sigma,0,theta_true,0,theta_CV,0,ln_sd,-1,3,2,0.05,1.0,0.2,50,100,10,2356,1.0,0.5,100,0.5,25,,"0.0, 0.0, 0.0","1.0, 1.0, 1.0"
446,hake_ex446.inp,Lognormal,2,mean_nsamp,1,sigma,0,theta_true,0,theta_CV,0,ln_sd,0,3,2,0.05,1.0,0.2,50,100,10,2356,1.0,0.5,100,1.0,25,,"0.0, 0.0, 0.0","1.0, 1.0, 1.0"
447,hake_ex447.inp,Lognormal,2,mean_nsamp,1,sigma,0,theta_true,0,theta_CV,0,ln_sd,1,3,2,0.05,1.0,0.2,50,100,10,2356,1.0,0.5,100,1.5,25,,"0.0, 0.0, 0.0","1.0, 1.0, 1.0"
448,hake_ex448.inp,Lognormal,2,mean_nsamp,1,sigma,0,theta_true,0,theta_CV,1,ln_sd,-1,3,2,0.05,1.0,0.6,50,100,10,2356,1.0,0.5,100,0.5,25,,"0.0, 0.0, 0.0","1.0, 1.0, 1.0"
449,hake_ex449.inp,Lognormal,2,mean_nsamp,1,sigma,0,theta_true,0,theta_CV,1,ln_sd,0,3,2,0.05,1.0,0.6,50,100,10,2356,1.0,0.5,100,1.0,25,,"0.0, 0.0, 0.0","1.0, 1.0, 1.0"
450,hake_ex450.inp,Lognormal,2,mean_nsamp,1,sigma,0,theta_true,0,theta_CV,1,ln_sd,1,3,2,0.05,1.0,0.6,50,100,10,2356,1.0,0.5,100,1.5,25,,"0.0, 0.0, 0.0","1.0, 1.0, 1.0"
451,hake_ex451.inp,Lognormal,2,mean_nsamp,1,sigma,0,theta_true,1,theta_CV,-1,ln_sd,-1,3,2,0.05,2.0,0.0,50,100,10,2356,1.0,0.5,100,0.5,25,,"0.0, 0.0, 0.0","1.0, 1.0, 1.0"
452,hake_ex452.inp,Lognormal,2,mean_nsamp,1,sigma,0,theta_true,1,theta_CV,-1,ln_sd,0,3,2,0.05,2.0,0.0,50,100,10,2356,1.0,0.5,100,1.0,25,,"0.0, 0.0, 0.0","1.0, 1.0, 1.0"
453,hake_ex453.inp,Lognormal,2,mean_nsamp,1,sigma,0,theta_true,1,theta_CV,-1,ln_sd,1,3,2,0.05,2.0,0.0,50,100,10,2356,1.0,0.5,100,1.5,25,,"0.0, 0.0, 0.0","1.0, 1.0, 1.0"
454,hake_ex454.inp,Lognormal,2,mean_nsamp,1,sigma,0,theta_true,1,theta_CV,0,ln_sd,-1,3,2,0.05,2.0,0.2,50,100,10,2356,1.0,0.5,100,0.5,25,,"0.0, 0.0, 0.0","1.0, 1.0, 1.0"
455,hake_ex455.inp,Lognormal,2,mean_nsamp,1,sigma,0,theta_true,1,theta_CV,0,ln_sd,0,3,2,0.05,2.0,0.2,50,100,10,2356,1.0,0.5,100,1.0,25,,"0.0, 0.0, 0.0","1.0, 1.0, 1.0"
456,hake_ex456.inp,Lognormal,2,mean_nsamp,1,sigma,0,theta_true,1,theta_CV,0,ln_sd,1,3,2,0.05,2.0,0.2,50,100,10,2356,1.0,0.5,100,1.5,25,,"0.0, 0.0, 0.0","1.0, 1.0, 1.0"
457,hake_ex457.inp,Lognormal,2,mean_nsamp,1,sigma,0,theta_true,1,theta_CV,1,ln_sd,-1,3,2,0.05,2.0,0.6,50,100,10,2356,1.0,0.5,100,0.5,25,,"0.0, 0.0, 0.0","1.0, 1.0, 1.0"
458,hake_ex458.inp,Lognormal,2,mean_nsamp,1,sigma,0,theta_true,1,theta_CV,1,ln_sd,0,3,2,0.05,2.0,0.6,50,100,10,2356,1.0,0.5,100,1.0,25,,"0.0, 0.0, 0.0","1.0, 1.0, 1.0"
459,hake_ex459.inp,Lognormal,2,mean_nsamp,1,sigma,0,theta_true,1,theta_CV,1,ln_sd,1,3,2,0.05,2.0,0.6,50,100,10,2356,1.0,0.5,100,1.5,25,,"0.0, 0.0, 0.0","1.0, 1.0, 1.0"
460,hake_ex460.inp,Lognormal,2,mean_nsamp,1,sigma,1,theta_true,-1,theta_CV,-1,ln_sd,-1,3,2,0.05,0.5,0.0,50,100,10,2356,1.0,1.0,100,0.5,25,,"0.0, 0.0, 0.0","1.0, 1.0, 1.0"
461,hake_ex461.inp,Lognormal,2,mean_nsamp,1,sigma,1,theta_true,-1,theta_CV,-1,ln_sd,0,3,2,0.05,0.5,0.0,50,100,10,2356,1.0,1.0,100,1.0,25,,"0.0, 0.0, 0.0","1.0, 1.0, 1.0"
462,hake_ex462.inp,Lognormal,2,mean_nsamp,1,sigma,1,theta_true,-1,theta_CV,-1,ln_sd,1,3,2,0.05,0.5,0.0,50,100,10,2356,1.0,1.0,100,1.5,25,,"0.0, 0.0, 0.0","1.0, 1.0, 1.0"
463,hake_ex463.inp,Lognormal,2,mean_nsamp,1,sigma,1,theta_true,-1,theta_CV,0,ln_sd,-1,3,2,0.05,0.5,0.2,50,100,10,2356,1.0,1.0,100,0.5,25,,"0.0, 0.0, 0.0","1.0, 1.0, 1.0"
464,hake_ex464.inp,Lognormal,2,mean_nsamp,1,sigma,1,theta_true,-1,theta_CV,0,ln_sd,0,3,2,0.05,0.5,0.2,50,100,10,2356,1.0,1.0,100,1.0,25,,"0.0, 0.0, 0.0","1.0, 1.0, 1.0"
465,hake_ex465.inp,Lognormal,2,mean_nsamp,1,sigma,1,theta_true,-1,theta_CV,0,ln_sd,1,3,2,0.05,0.5,0.2,50,100,10,2356,1.0,1.0,100,1.5,25,,"0.0, 0.0, 0.0","1.0, 1.0, 1.0"
466,hake_ex466.inp,Lognormal,2,mean_nsamp,1,sigma,1,theta_true,-1,theta_CV,1,ln_sd,-1,3,2,0.05,0.5,0.6,50,100,10,2356,1.0,1.0,100,0.5,25,,"0.0, 0.0, 0.0","1.0, 1.0, 1.0"
467,hake_ex467.inp,Lognormal,2,mean_nsamp,1,sigma,1,theta_true,-1,theta_CV,1,ln_sd,0,3,2,0.05,0.5,0.6,50,100,10,2356,1.0,1.0,100,1.0,25,,"0.0, 0.0, 0.0","1.0, 1.0, 1.0"
468,hake_ex468.inp,Lognormal,2,mean_nsamp,1,sigma,1,theta_true,-1,theta_CV,1,ln_sd,1,3,2,0.05,0.5,0.6,50,100,10,2356,1.0,1.0,100,1.5,25,,"0.0, 0.0, 0.0","1.0, 1.0, 1.0"
469,hake_ex469.inp,Lognormal,2,mean_nsamp,1,sigma,1,theta_true,0,theta_CV,-1,ln_sd,-1,3,2,0.05,1.0,0.0,50,100,10,2356,1.0,1.0,100,0.5,25,,"0.0, 0.0, 0.0","1.0, 1.0, 1.0"
470,hake_ex470.inp,Lognormal,2,mean_nsamp,1,sigma,1,theta_true,0,theta_CV,-1,ln_sd,0,3,2,0.05,1.0,0.0,50,100,10,2356,1.0,1.0,100,1.0,25,,"0.0, 0.0, 0.0","1.0, 1.0, 1.0"
471,hake_ex471.inp,Lognormal,2,mean_nsamp,1,sigma,1,theta_true,0,theta_CV,-1,ln_sd,1,3,2,0.05,1.0,0.0,50,100,10,2356,1.0,1.0,100,1.5,25,,"0.0, 0.0, 0.0","1.0, 1.0, 1.0"
472,hake_ex472.inp,Lognormal,2,mean_nsamp,1,sigma,1,theta_true,0,theta_CV,0,ln_sd,-1,3,2,0.05,1.0,0.2,50,100,10,2356,1.0,1.0,100,0.5,25,,"0.0, 0.0, 0.0","1.0, 1.0, 1.0"
473,hake_ex473.inp,Lognormal,2,mean_nsamp,1,sigma,1,theta_true,0,theta_CV,0,ln_sd,0,3,2,0.05,1.0,0.2,50,100,10,2356,1.0,1.0,100,1.0,25,,"0.0, 0.0, 0.0","1.0, 1.0, 1.0"
474,hake_ex474.inp,Lognormal,2,mean_nsamp,1,sigma,1,theta_true,0,theta_CV,0,ln_sd,1,3,2,0.05,1.0,0.2,50,100,10,2356,1.0,1.0,100,1.5,25,,"0.0, 0.0, 0.0","1.0, 1.0, 1.0"
475,hake_ex475.inp,Lognormal,2,mean_nsamp,1,sigma,1,theta_true,0,theta_CV,1,ln_sd,-1,3,2,0.05,1.0,0.6,50,100,10,2356,1.0,1.0,100,0.5,25,,"0.0, 0.0, 0.0","1.0, 1.0, 1.0"
476,hake_ex476.inp,Lognormal,2,mean_nsamp,1,sigma,1,theta_true,0,theta_CV,1,ln_sd,0,3,2,0.05,1.0,0.6,50,100,10,2356,1.0,1.0,100,1.0,25,,"0.0, 0.0, 0.0","1.0, 1.0, 1.0"
477,hake_ex477.inp,Lognormal,2,mean_nsamp,1,sigma,1,theta_true,0,theta_CV,1,ln_sd,1,3,2,0.05,1.0,0.6,50,100,10,2356,1.0,1.0,100,1.5,25,,"0.0, 0.0, 0.0","1.0, 1.0, 1.0"
478,hake_ex478.inp,Lognormal,2,mean_nsamp,1,sigma,1,theta_true,1,theta_CV,-1,ln_sd,-1,3,2,0.05,2.0,0.0,50,100,10,2356,1.0,1.0,100,0.5,25,,"0.0, 0.0, 0.0","1.0, 1.0, 1.0"
479,hake_ex479.inp,Lognormal,2,mean_nsamp,1,sigma,1,theta_true,1,theta_CV,-1,ln_sd,0,3,2,0.05,2.0,0.0,50,100,10,2356,1.0,1.0,100,1.0,25,,"0.0, 0.0, 0.0","1.0, 1.0, 1.0"
480,hake_ex480.inp,Lognormal,2,mean_nsamp,1,sigma,1,theta_true,1,theta_CV,-1,ln_sd,1,3,2,0.05,2.0,0.0,50,100,10,2356,1.0,1.0,100,1.5,25,,"0.0, 0.0, 0.0","1.0, 1.0, 1.0"
481,hake_ex481.inp,Lognormal,2,mean_nsamp,1,sigma,1,theta_true,1,theta_CV,0,ln_sd,-1,3,2,0.05,2.0,0.2,50,100,10,2356,1.0,1.0,100,0.5,25,,"0.0, 0.0, 0.0","1.0, 1.0, 1.0"
482,hake_ex482.inp,Lognormal,2,mean_nsamp,1,sigma,1,theta_true,1,theta_CV,0,ln_sd,0,3,2,0.05,2.0,0.2,50,100,10,2356,1.0,1.0,100,1.0,25,,"0.0, 0.0, 0.0","1.0, 1.0, 1.0"
483,hake_ex483.inp,Lognormal,2,mean_nsamp,1,sigma,1,theta_true,1,theta_CV,0,ln_sd,1,3,2,0.05,2.0,0.2,50,100,10,2356,1.0,1.0,100,1.5,25,,"0.0, 0.0, 0.0","1.0, 1.0, 1.0"
484,hake_ex484.inp,Lognormal,2,mean_nsamp,1,sigma,1,theta_true,1,theta_CV,1,ln_sd,-1,3,2,0.05,2.0,0.6,50,100,10,2356,1.0,1.0,100,0.5,25,,"0.0, 0.0, 0.0","1.0, 1.0, 1.0"
485,hake_ex485.inp,Lognormal,2,mean_nsamp,1,sigma,1,theta_true,1,theta_CV,1,ln_sd,0,3,2,0.05,2.0,0.6,50,100,10,2356,1.0,1.0,100,1.0,25,,"0.0, 0.0, 0.0","1.0, 1.0, 1.0"
486,hake_ex486.inp,Lognormal,2,mean_nsamp,1,sigma,1,theta_true,1,theta_CV,1,ln_sd,1,3,2,0.05,2.0,0.6,50,100,10,2356,1.0,1.0,100,1.5,25,,"0.0, 0.0, 0.0","1.0, 1.0, 1.0"
487,hake_ex487.inp,Negative binomial,3,mean_nsamp,-1,sigma,-1,theta_true,-1,theta_CV,-1,nb_size,-1,3,2,0.05,0.5,0.0,50,100,10,2356,1.0,0.25,25,1.0,5,,"0.0, 0.0, 0.0","1.0, 1.0, 1.0"
488,hake_ex488.inp,Negative binomial,3,mean_nsamp,-1,sigma,-1,theta_true,-1,theta_CV,-1,nb_size,0,3,2,0.05,0.5,0.0,50,100,10,2356,1.0,0.25,25,1.0,25,,"0.0, 0.0, 0.0","1.0, 1.0, 1.0"
489,hake_ex489.inp,Negative binomial,3,mean_nsamp,-1,sigma,-1,theta_true,-1,theta_CV,-1,nb_size,1,3,2,0.05,0.5,0.0,50,100,10,2356,1.0,0.25,25,1.0,100,,"0.0, 0.0, 0.0","1.0, 1.0, 1.0"
490,hake_ex490.inp,Negative binomial,3,mean_nsamp,-1,sigma,-1,theta_true,-1,theta_CV,0,nb_size,-1,3,2,0.05,0.5,0.2,50,100,10,2356,1.0,0.25,25,1.0,5,,"0.0, 0.0, 0.0","1.0, 1.0, 1.0"
491,hake_ex491.inp,Negative binomial,3,mean_nsamp,-1,sigma,-1,theta_true,-1,theta_CV,0,nb_size,0,3,2,0.05,0.5,0.2,50,100,10,2356,1.0,0.25,25,1.0,25,,"0.0, 0.0, 0.0","1.0, 1.0, 1.0"
492,hake_ex492.inp,Negative binomial,3,mean_nsamp,-1,sigma,-1,theta_true,-1,theta_CV,0,nb_size,1,3,2,0.05,0.5,0.2,50,100,10,2356,1.0,0.25,25,1.0,100,,"0.0, 0.0, 0.0","1.0, 1.0, 1.0"
493,hake_ex493.inp,Negative binomial,3,mean_nsamp,-1,sigma,-1,theta_true,-1,theta_CV,1,nb_size,-1,3,2,0.05,0.5,0.6,50,100,10,2356,1.0,0.25,25,1.0,5,,"0.0, 0.0, 0.0","1.0, 1.0, 1.0"
494,hake_ex494.inp,Negative binomial,3,mean_nsamp,-1,sigma,-1,theta_true,-1,theta_CV,1,nb_size,0,3,2,0.05,0.5,0.6,50,100,10,2356,1.0,0.25,25,1.0,25,,"0.0, 0.0, 0.0","1.0, 1.0, 1.0"
495,hake_ex495.inp,Negative binomial,3,mean_nsamp,-1,sigma,-1,theta_true,-1,theta_CV,1,nb_size,1,3,2,0.05,0.5,0.6,50,100,10,2356,1.0,0.25,25,1.0,100,,"0.0, 0.0, 0.0","1.0, 1.0, 1.0"
496,hake_ex496.inp,Negative binomial,3,mean_nsamp,-1,sigma,-1,theta_true,0,theta_CV,-1,nb_size,-1,3,2,0.05,1.0,0.0,50,100,10,2356,1.0,0.25,25,1.0,5,,"0.0, 0.0, 0.0","1.0, 1.0, 1.0"
497,hake_ex497.inp,Negative binomial,3,mean_nsamp,-1,sigma,-1,theta_true,0,theta_CV,-1,nb_size,0,3,2,0.05,1.0,0.0,50,100,10,2356,1.0,0.25,25,1.0,25,,"0.0, 0.0, 0.0","1.0, 1.0, 1.0"
498,hake_ex498.inp,Negative binomial,3,mean_nsamp,-1,sigma,-1,theta_true,0,theta_CV,-1,nb_size,1,3,2,0.05,1.0,0.0,50,100,10,2356,1.0,0.25,25,1.0,100,,"0.0, 0.0, 0.0","1.0, 1.0, 1.0"
499,hake_ex499.inp,Negative binomial,3,mean_nsamp,-1,sigma,-1,theta_true,0,theta_CV,0,nb_size,-1,3,2,0.05,1.0,0.2,50,100,10,2356,1.0,0.25,25,1.0,5,,"0.0, 0.0, 0.0","1.0, 1.0, 1.0"
500,hake_ex500.inp,Negative binomial,3,mean_nsamp,-1,sigma,-1,theta_true,0,theta_CV,0,nb_size,0,3,2,0.05,1.0,0.2,50,100,10,2356,1.0,0.25,25,1.0,25,,"0.0, 0.0, 0.0","1.0, 1.0, 1.0"
501,hake_ex501.inp,Negative binomial,3,mean_nsamp,-1,sigma,-1,theta_true,0,theta_CV,0,nb_size,1,3,2,0.05,1.0,0.2,50,100,10,2356,1.0,0.25,25,1.0,100,,"0.0, 0.0, 0.0","1.0, 1.0, 1.0"
502,hake_ex502.inp,Negative binomial,3,mean_nsamp,-1,sigma,-1,theta_true,0,theta_CV,1,nb_size,-1,3,2,0.05,1.0,0.6,50,100,10,2356,1.0,0.25,25,1.0,5,,"0.0, 0.0, 0.0","1.0, 1.0, 1.0"
503,hake_ex503.inp,Negative binomial,3,mean_nsamp,-1,sigma,-1,theta_true,0,theta_CV,1,nb_size,0,3,2,0.05,1.0,0.6,50,100,10,2356,1.0,0.25,25,1.0,25,,"0.0, 0.0, 0.0","1.0, 1.0, 1.0"
504,hake_ex504.inp,Negative binomial,3,mean_nsamp,-1,sigma,-1,theta_true,0,theta_CV,1,nb_size,1,3,2,0.05,1.0,0.6,50,100,10,2356,1.0,0.25,25,1.0,100,,"0.0, 0.0, 0.0","1.0, 1.0, 1.0"
505,hake_ex505.inp,Negative binomial,3,mean_nsamp,-1,sigma,-1,theta_true,1,theta_CV,-1,nb_size,-1,3,2,0.05,2.0,0.0,50,100,10,2356,1.0,0.25,25,1.0,5,,"0.0, 0.0, 0.0","1.0, 1.0, 1.0"
506,hake_ex506.inp,Negative binomial,3,mean_nsamp,-1,sigma,-1,theta_true,1,theta_CV,-1,nb_size,0,3,2,0.05,2.0,0.0,50,100,10,2356,1.0,0.25,25,1.0,25,,"0.0, 0.0, 0.0","1.0, 1.0, 1.0"
507,hake_ex507.inp,Negative binomial,3,mean_nsamp,-1,sigma,-1,theta_true,1,theta_CV,-1,nb_size,1,3,2,0.05,2.0,0.0,50,100,10,2356,1.0,0.25,25,1.0,100,,"0.0, 0.0, 0.0","1.0, 1.0, 1.0"
508,hake_ex508.inp,Negative binomial,3,mean_nsamp,-1,sigma,-1,theta_true,1,theta_CV,0,nb_size,-1,3,2,0.05,2.0,0.2,50,100,10,2356,1.0,0.25,25,1.0,5,,"0.0, 0.0, 0.0","1.0, 1.0, 1.0"
509,hake_ex509.inp,Negative binomial,3,mean_nsamp,-1,sigma,-1,theta_true,1,theta_CV,0,nb_size,0,3,2,0.05,2.0,0.2,50,100,10,2356,1.0,0.25,25,1.0,25,,"0.0, 0.0, 0.0","1.0, 1.0, 1.0"
510,hake_ex510.inp,Negative binomial,3,mean_nsamp,-1,sigma,-1,theta_true,1,theta_CV,0,nb_size,1,3,2,0.05,2.0,0.2,50,100,10,2356,1.0,0.25,25,1.0,100,,"0.0, 0.0, 0.0","1.0, 1.0, 1.0"
511,hake_ex511.inp,Negative binomial,3,mean_nsamp,-1,sigma,-1,theta_true,1,theta_CV,1,nb_size,-1,3,2,0.05,2.0,0.6,50,100,10,2356,1.0,0.25,25,1.0,5,,"0.0, 0.0, 0.0","1.0, 1.0, 1.0"
512,hake_ex512.inp,Negative binomial,3,mean_nsamp,-1,sigma,-1,theta_true,1,theta_CV,1,nb_size,0,3,2,0.05,2.0,0.6,50,100,10,2356,1.0,0.25,25,1.0,25,,"0.0, 0.0, 0.0","1.0, 1.0, 1.0"
513,hake_ex513.inp,Negative binomial,3,mean_nsamp,-1,sigma,-1,theta_true,1,theta_CV,1,nb_size,1,3,2,0.05,2.0,0.6,50,100,10,2356,1.0,0.25,25,1.0,100,,"0.0, 0.0, 0.0","1.0, 1.0, 1.0"
514,hake_ex514.inp,Negative binomial,3,mean_nsamp,-1,sigma,0,theta_true,-1,theta_CV,-1,nb_size,-1,3,2,0.05,0.5,0.0,50,100,10,2356,1.0,0.5,25,1.0,5,,"0.0, 0.0, 0.0","1.0, 1.0, 1.0"
515,hake_ex515.inp,Negative binomial,3,mean_nsamp,-1,sigma,0,theta_true,-1,theta_CV,-1,nb_size,0,3,2,0.05,0.5,0.0,50,100,10,2356,1.0,0.5,25,1.0,25,,"0.0, 0.0, 0.0","1.0, 1.0, 1.0"
516,hake_ex516.inp,Negative binomial,3,mean_nsamp,-1,sigma,0,theta_true,-1,theta_CV,-1,nb_size,1,3,2,0.05,0.5,0.0,50,100,10,2356,1.0,0.5,25,1.0,100,,"0.0, 0.0, 0.0","1.0, 1.0, 1.0"
517,hake_ex517.inp,Negative binomial,3,mean_nsamp,-1,sigma,0,theta_true,-1,theta_CV,0,nb_size,-1,3,2,0.05,0.5,0.2,50,100,10,2356,1.0,0.5,25,1.0,5,,"0.0, 0.0, 0.0","1.0, 1.0, 1.0"
518,hake_ex518.inp,Negative binomial,3,mean_nsamp,-1,sigma,0,theta_true,-1,theta_CV,0,nb_size,0,3,2,0.05,0.5,0.2,50,100,10,2356,1.0,0.5,25,1.0,25,,"0.0, 0.0, 0.0","1.0, 1.0, 1.0"
519,hake_ex519.inp,Negative binomial,3,mean_nsamp,-1,sigma,0,theta_true,-1,theta_CV,0,nb_size,1,3,2,0.05,0.5,0.2,50,100,10,2356,1.0,0.5,25,1.0,100,,"0.0, 0.0, 0.0","1.0, 1.0, 1.0"
520,hake_ex520.inp,Negative binomial,3,mean_nsamp,-1,sigma,0,theta_true,-1,theta_CV,1,nb_size,-1,3,2,0.05,0.5,0.6,50,100,10,2356,1.0,0.5,25,1.0,5,,"0.0, 0.0, 0.0","1.0, 1.0, 1.0"
521,hake_ex521.inp,Negative binomial,3,mean_nsamp,-1,sigma,0,theta_true,-1,theta_CV,1,nb_size,0,3,2,0.05,0.5,0.6,50,100,10,2356,1.0,0.5,25,1.0,25,,"0.0, 0.0, 0.0","1.0, 1.0, 1.0"
522,hake_ex522.inp,Negative binomial,3,mean_nsamp,-1,sigma,0,theta_true,-1,theta_CV,1,nb_size,1,3,2,0.05,0.5,0.6,50,100,10,2356,1.0,0.5,25,1.0,100,,"0.0, 0.0, 0.0","1.0, 1.0, 1.0"
523,hake_ex523.inp,Negative binomial,3,mean_nsamp,-1,sigma,0,theta_true,0,theta_CV,-1,nb_size,-1,3,2,0.05,1.0,0.0,50,100,10,2356,1.0,0.5,25,1.0,5,,"0.0, 0.0, 0.0","1.0, 1.0, 1.0"
524,hake_ex524.inp,Negative binomial,3,mean_nsamp,-1,sigma,0,theta_true,0,theta_CV,-1,nb_size,0,3,2,0.05,1.0,0.0,50,100,10,2356,1.0,0.5,25,1.0,25,,"0.0, 0.0, 0.0","1.0, 1.0, 1.0"
525,hake_ex525.inp,Negative binomial,3,mean_nsamp,-1,sigma,0,theta_true,0,theta_CV,-1,nb_size,1,3,2,0.05,1.0,0.0,50,100,10,2356,1.0,0.5,25,1.0,100,,"0.0, 0.0, 0.0","1.0, 1.0, 1.0"
526,hake_ex526.inp,Negative binomial,3,mean_nsamp,-1,sigma,0,theta_true,0,theta_CV,0,nb_size,-1,3,2,0.05,1.0,0.2,50,100,10,2356,1.0,0.5,25,1.0,5,,"0.0, 0.0, 0.0","1.0, 1.0, 1.0"
527,hake_ex527.inp,Negative binomial,3,mean_nsamp,-1,sigma,0,theta_true,0,theta_CV,0,nb_size,0,3,2,0.05,1.0,0.2,50,100,10,2356,1.0,0.5,25,1.0,25,,"0.0, 0.0, 0.0","1.0, 1.0, 1.0"
528,hake_ex528.inp,Negative binomial,3,mean_nsamp,-1,sigma,0,theta_true,0,theta_CV,0,nb_size,1,3,2,0.05,1.0,0.2,50,100,10,2356,1.0,0.5,25,1.0,100,,"0.0, 0.0, 0.0","1.0, 1.0, 1.0"
529,hake_ex529.inp,Negative binomial,3,mean_nsamp,-1,sigma,0,theta_true,0,theta_CV,1,nb_size,-1,3,2,0.05,1.0,0.6,50,100,10,2356,1.0,0.5,25,1.0,5,,"0.0, 0.0, 0.0","1.0, 1.0, 1.0"
530,hake_ex530.inp,Negative binomial,3,mean_nsamp,-1,sigma,0,theta_true,0,theta_CV,1,nb_size,0,3,2,0.05,1.0,0.6,50,100,10,2356,1.0,0.5,25,1.0,25,,"0.0, 0.0, 0.0","1.0, 1.0, 1.0"
531,hake_ex531.inp,Negative binomial,3,mean_nsamp,-1,sigma,0,theta_true,0,theta_CV,1,nb_size,1,3,2,0.05,1.0,0.6,50,100,10,2356,1.0,0.5,25,1.0,100,,"0.0, 0.0, 0.0","1.0, 1.0, 1.0"
532,hake_ex532.inp,Negative binomial,3,mean_nsamp,-1,sigma,0,theta_true,1,theta_CV,-1,nb_size,-1,3,2,0.05,2.0,0.0,50,100,10,2356,1.0,0.5,25,1.0,5,,"0.0, 0.0, 0.0","1.0, 1.0, 1.0"
533,hake_ex533.inp,Negative binomial,3,mean_nsamp,-1,sigma,0,theta_true,1,theta_CV,-1,nb_size,0,3,2,0.05,2.0,0.0,50,100,10,2356,1.0,0.5,25,1.0,25,,"0.0, 0.0, 0.0","1.0, 1.0, 1.0"
534,hake_ex534.inp,Negative binomial,3,mean_nsamp,-1,sigma,0,theta_true,1,theta_CV,-1,nb_size,1,3,2,0.05,2.0,0.0,50,100,10,2356,1.0,0.5,25,1.0,100,,"0.0, 0.0, 0.0","1.0, 1.0, 1.0"
535,hake_ex535.inp,Negative binomial,3,mean_nsamp,-1,sigma,0,theta_true,1,theta_CV,0,nb_size,-1,3,2,0.05,2.0,0.2,50,100,10,2356,1.0,0.5,25,1.0,5,,"0.0, 0.0, 0.0","1.0, 1.0, 1.0"
536,hake_ex536.inp,Negative binomial,3,mean_nsamp,-1,sigma,0,theta_true,1,theta_CV,0,nb_size,0,3,2,0.05,2.0,0.2,50,100,10,2356,1.0,0.5,25,1.0,25,,"0.0, 0.0, 0.0","1.0, 1.0, 1.0"
537,hake_ex537.inp,Negative binomial,3,mean_nsamp,-1,sigma,0,theta_true,1,theta_CV,0,nb_size,1,3,2,0.05,2.0,0.2,50,100,10,2356,1.0,0.5,25,1.0,100,,"0.0, 0.0, 0.0","1.0, 1.0, 1.0"
538,hake_ex538.inp,Negative binomial,3,mean_nsamp,-1,sigma,0,theta_true,1,theta_CV,1,nb_size,-1,3,2,0.05,2.0,0.6,50,100,10,2356,1.0,0.5,25,1.0,5,,"0.0, 0.0, 0.0","1.0, 1.0, 1.0"
539,hake_ex539.inp,Negative binomial,3,mean_nsamp,-1,sigma,0,theta_true,1,theta_CV,1,nb_size,0,3,2,0.05,2.0,0.6,50,100,10,2356,1.0,0.5,25,1.0,25,,"0.0, 0.0, 0.0","1.0, 1.0, 1.0"
540,hake_ex540.inp,Negative binomial,3,mean_nsamp,-1,sigma,0,theta_true,1,theta_CV,1,nb_size,1,3,2,0.05,2.0,0.6,50,100,10,2356,1.0,0.5,25,1.0,100,,"0.0, 0.0, 0.0","1.0, 1.0, 1.0"
541,hake_ex541.inp,Negative binomial,3,mean_nsamp,-1,sigma,1,theta_true,-1,theta_CV,-1,nb_size,-1,3,2,0.05,0.5,0.0,50,100,10,2356,1.0,1.0,25,1.0,5,,"0.0, 0.0, 0.0","1.0, 1.0, 1.0"
542,hake_ex542.inp,Negative binomial,3,mean_nsamp,-1,sigma,1,theta_true,-1,theta_CV,-1,nb_size,0,3,2,0.05,0.5,0.0,50,100,10,2356,1.0,1.0,25,1.0,25,,"0.0, 0.0, 0.0","1.0, 1.0, 1.0"
543,hake_ex543.inp,Negative binomial,3,mean_nsamp,-1,sigma,1,theta_true,-1,theta_CV,-1,nb_size,1,3,2,0.05,0.5,0.0,50,100,10,2356,1.0,1.0,25,1.0,100,,"0.0, 0.0, 0.0","1.0, 1.0, 1.0"
544,hake_ex544.inp,Negative binomial,3,mean_nsamp,-1,sigma,1,theta_true,-1,theta_CV,0,nb_size,-1,3,2,0.05,0.5,0.2,50,100,10,2356,1.0,1.0,25,1.0,5,,"0.0, 0.0, 0.0","1.0, 1.0, 1.0"
545,hake_ex545.inp,Negative binomial,3,mean_nsamp,-1,sigma,1,theta_true,-1,theta_CV,0,nb_size,0,3,2,0.05,0.5,0.2,50,100,10,2356,1.0,1.0,25,1.0,25,,"0.0, 0.0, 0.0","1.0, 1.0, 1.0"
546,hake_ex546.inp,Negative binomial,3,mean_nsamp,-1,sigma,1,theta_true,-1,theta_CV,0,nb_size,1,3,2,0.05,0.5,0.2,50,100,10,2356,1.0,1.0,25,1.0,100,,"0.0, 0.0, 0.0","1.0, 1.0, 1.0"
547,hake_ex547.inp,Negative binomial,3,mean_nsamp,-1,sigma,1,theta_true,-1,theta_CV,1,nb_size,-1,3,2,0.05,0.5,0.6,50,100,10,2356,1.0,1.0,25,1.0,5,,"0.0, 0.0, 0.0","1.0, 1.0, 1.0"
548,hake_ex548.inp,Negative binomial,3,mean_nsamp,-1,sigma,1,theta_true,-1,theta_CV,1,nb_size,0,3,2,0.05,0.5,0.6,50,100,10,2356,1.0,1.0,25,1.0,25,,"0.0, 0.0, 0.0","1.0, 1.0, 1.0"
549,hake_ex549.inp,Negative binomial,3,mean_nsamp,-1,sigma,1,theta_true,-1,theta_CV,1,nb_size,1,3,2,0.05,0.5,0.6,50,100,10,2356,1.0,1.0,25,1.0,100,,"0.0, 0.0, 0.0","1.0, 1.0, 1.0"
550,hake_ex550.inp,Negative binomial,3,mean_nsamp,-1,sigma,1,theta_true,0,theta_CV,-1,nb_size,-1,3,2,0.05,1.0,0.0,50,100,10,2356,1.0,1.0,25,1.0,5,,"0.0, 0.0, 0.0","1.0, 1.0, 1.0"
551,hake_ex551.inp,Negative binomial,3,mean_nsamp,-1,sigma,1,theta_true,0,theta_CV,-1,nb_size,0,3,2,0.05,1.0,0.0,50,100,10,2356,1.0,1.0,25,1.0,25,,"0.0, 0.0, 0.0","1.0, 1.0, 1.0"
552,hake_ex552.inp,Negative binomial,3,mean_nsamp,-1,sigma,1,theta_true,0,theta_CV,-1,nb_size,1,3,2,0.05,1.0,0.0,50,100,10,2356,1.0,1.0,25,1.0,100,,"0.0, 0.0, 0.0","1.0, 1.0, 1.0"
553,hake_ex553.inp,Negative binomial,3,mean_nsamp,-1,sigma,1,theta_true,0,theta_CV,0,nb_size,-1,3,2,0.05,1.0,0.2,50,100,10,2356,1.0,1.0,25,1.0,5,,"0.0, 0.0, 0.0","1.0, 1.0, 1.0"
554,hake_ex554.inp,Negative binomial,3,mean_nsamp,-1,sigma,1,theta_true,0,theta_CV,0,nb_size,0,3,2,0.05,1.0,0.2,50,100,10,2356,1.0,1.0,25,1.0,25,,"0.0, 0.0, 0.0","1.0, 1.0, 1.0"
555,hake_ex555.inp,Negative binomial,3,mean_nsamp,-1,sigma,1,theta_true,0,theta_CV,0,nb_size,1,3,2,0.05,1.0,0.2,50,100,10,2356,1.0,1.0,25,1.0,100,,"0.0, 0.0, 0.0","1.0, 1.0, 1.0"
556,hake_ex556.inp,Negative binomial,3,mean_nsamp,-1,sigma,1,theta_true,0,theta_CV,1,nb_size,-1,3,2,0.05,1.0,0.6,50,100,10,2356,1.0,1.0,25,1.0,5,,"0.0, 0.0, 0.0","1.0, 1.0, 1.0"
557,hake_ex557.inp,Negative binomial,3,mean_nsamp,-1,sigma,1,theta_true,0,theta_CV,1,nb_size,0,3,2,0.05,1.0,0.6,50,100,10,2356,1.0,1.0,25,1.0,25,,"0.0, 0.0, 0.0","1.0, 1.0, 1.0"
558,hake_ex558.inp,Negative binomial,3,mean_nsamp,-1,sigma,1,theta_true,0,theta_CV,1,nb_size,1,3,2,0.05,1.0,0.6,50,100,10,2356,1.0,1.0,25,1.0,100,,"0.0, 0.0, 0.0","1.0, 1.0, 1.0"
559,hake_ex559.inp,Negative binomial,3,mean_nsamp,-1,sigma,1,theta_true,1,theta_CV,-1,nb_size,-1,3,2,0.05,2.0,0.0,50,100,10,2356,1.0,1.0,25,1.0,5,,"0.0, 0.0, 0.0","1.0, 1.0, 1.0"
560,hake_ex560.inp,Negative binomial,3,mean_nsamp,-1,sigma,1,theta_true,1,theta_CV,-1,nb_size,0,3,2,0.05,2.0,0.0,50,100,10,2356,1.0,1.0,25,1.0,25,,"0.0, 0.0, 0.0","1.0, 1.0, 1.0"
561,hake_ex561.inp,Negative binomial,3,mean_nsamp,-1,sigma,1,theta_true,1,theta_CV,-1,nb_size,1,3,2,0.05,2.0,0.0,50,100,10,2356,1.0,1.0,25,1.0,100,,"0.0, 0.0, 0.0","1.0, 1.0, 1.0"
562,hake_ex562.inp,Negative binomial,3,mean_nsamp,-1,sigma,1,theta_true,1,theta_CV,0,nb_size,-1,3,2,0.05,2.0,0.2,50,100,10,2356,1.0,1.0,25,1.0,5,,"0.0, 0.0, 0.0","1.0, 1.0, 1.0"
563,hake_ex563.inp,Negative binomial,3,mean_nsamp,-1,sigma,1,theta_true,1,theta_CV,0,nb_size,0,3,2,0.05,2.0,0.2,50,100,10,2356,1.0,1.0,25,1.0,25,,"0.0, 0.0, 0.0","1.0, 1.0, 1.0"
564,hake_ex564.inp,Negative binomial,3,mean_nsamp,-1,sigma,1,theta_true,1,theta_CV,0,nb_size,1,3,2,0.05,2.0,0.2,50,100,10,2356,1.0,1.0,25,1.0,100,,"0.0, 0.0, 0.0","1.0, 1.0, 1.0"
565,hake_ex565.inp,Negative binomial,3,mean_nsamp,-1,sigma,1,theta_true,1,theta_CV,1,nb_size,-1,3,2,0.05,2.0,0.6,50,100,10,2356,1.0,1.0,25,1.0,5,,"0.0, 0.0, 0.0","1.0, 1.0, 1.0"
566,hake_ex566.inp,Negative binomial,3,mean_nsamp,-1,sigma,1,theta_true,1,theta_CV,1,nb_size,0,3,2,0.05,2.0,0.6,50,100,10,2356,1.0,1.0,25,1.0,25,,"0.0, 0.0, 0.0","1.0, 1.0, 1.0"
567,hake_ex567.inp,Negative binomial,3,mean_nsamp,-1,sigma,1,theta_true,1,theta_CV,1,nb_size,1,3,2,0.05,2.0,0.6,50,100,10,2356,1.0,1.0,25,1.0,100,,"0.0, 0.0, 0.0","1.0, 1.0, 1.0"
568,hake_ex568.inp,Negative binomial,3,mean_nsamp,0,sigma,-1,theta_true,-1,theta_CV,-1,nb_size,-1,3,2,0.05,0.5,0.0,50,100,10,2356,1.0,0.25,50,1.0,5,,"0.0, 0.0, 0.0","1.0, 1.0, 1.0"
569,hake_ex569.inp,Negative binomial,3,mean_nsamp,0,sigma,-1,theta_true,-1,theta_CV,-1,nb_size,0,3,2,0.05,0.5,0.0,50,100,10,2356,1.0,0.25,50,1.0,25,,"0.0, 0.0, 0.0","1.0, 1.0, 1.0"
570,hake_ex570.inp,Negative binomial,3,mean_nsamp,0,sigma,-1,theta_true,-1,theta_CV,-1,nb_size,1,3,2,0.05,0.5,0.0,50,100,10,2356,1.0,0.25,50,1.0,100,,"0.0, 0.0, 0.0","1.0, 1.0, 1.0"
571,hake_ex571.inp,Negative binomial,3,mean_nsamp,0,sigma,-1,theta_true,-1,theta_CV,0,nb_size,-1,3,2,0.05,0.5,0.2,50,100,10,2356,1.0,0.25,50,1.0,5,,"0.0, 0.0, 0.0","1.0, 1.0, 1.0"
572,hake_ex572.inp,Negative binomial,3,mean_nsamp,0,sigma,-1,theta_true,-1,theta_CV,0,nb_size,0,3,2,0.05,0.5,0.2,50,100,10,2356,1.0,0.25,50,1.0,25,,"0.0, 0.0, 0.0","1.0, 1.0, 1.0"
573,hake_ex573.inp,Negative binomial,3,mean_nsamp,0,sigma,-1,theta_true,-1,theta_CV,0,nb_size,1,3,2,0.05,0.5,0.2,50,100,10,2356,1.0,0.25,50,1.0,100,,"0.0, 0.0, 0.0","1.0, 1.0, 1.0"
574,hake_ex574.inp,Negative binomial,3,mean_nsamp,0,sigma,-1,theta_true,-1,theta_CV,1,nb_size,-1,3,2,0.05,0.5,0.6,50,100,10,2356,1.0,0.25,50,1.0,5,,"0.0, 0.0, 0.0","1.0, 1.0, 1.0"
575,hake_ex575.inp,Negative binomial,3,mean_nsamp,0,sigma,-1,theta_true,-1,theta_CV,1,nb_size,0,3,2,0.05,0.5,0.6,50,100,10,2356,1.0,0.25,50,1.0,25,,"0.0, 0.0, 0.0","1.0, 1.0, 1.0"
576,hake_ex576.inp,Negative binomial,3,mean_nsamp,0,sigma,-1,theta_true,-1,theta_CV,1,nb_size,1,3,2,0.05,0.5,0.6,50,100,10,2356,1.0,0.25,50,1.0,100,,"0.0, 0.0, 0.0","1.0, 1.0, 1.0"
577,hake_ex577.inp,Negative binomial,3,mean_nsamp,0,sigma,-1,theta_true,0,theta_CV,-1,nb_size,-1,3,2,0.05,1.0,0.0,50,100,10,2356,1.0,0.25,50,1.0,5,,"0.0, 0.0, 0.0","1.0, 1.0, 1.0"
578,hake_ex578.inp,Negative binomial,3,mean_nsamp,0,sigma,-1,theta_true,0,theta_CV,-1,nb_size,0,3,2,0.05,1.0,0.0,50,100,10,2356,1.0,0.25,50,1.0,25,,"0.0, 0.0, 0.0","1.0, 1.0, 1.0"
579,hake_ex579.inp,Negative binomial,3,mean_nsamp,0,sigma,-1,theta_true,0,theta_CV,-1,nb_size,1,3,2,0.05,1.0,0.0,50,100,10,2356,1.0,0.25,50,1.0,100,,"0.0, 0.0, 0.0","1.0, 1.0, 1.0"
580,hake_ex580.inp,Negative binomial,3,mean_nsamp,0,sigma,-1,theta_true,0,theta_CV,0,nb_size,-1,3,2,0.05,1.0,0.2,50,100,10,2356,1.0,0.25,50,1.0,5,,"0.0, 0.0, 0.0","1.0, 1.0, 1.0"
581,hake_ex581.inp,Negative binomial,3,mean_nsamp,0,sigma,-1,theta_true,0,theta_CV,0,nb_size,0,3,2,0.05,1.0,0.2,50,100,10,2356,1.0,0.25,50,1.0,25,,"0.0, 0.0, 0.0","1.0, 1.0, 1.0"
582,hake_ex582.inp,Negative binomial,3,mean_nsamp,0,sigma,-1,theta_true,0,theta_CV,0,nb_size,1,3,2,0.05,1.0,0.2,50,100,10,2356,1.0,0.25,50,1.0,100,,"0.0, 0.0, 0.0","1.0, 1.0, 1.0"
583,hake_ex583.inp,Negative binomial,3,mean_nsamp,0,sigma,-1,theta_true,0,theta_CV,1,nb_size,-1,3,2,0.05,1.0,0.6,50,100,10,2356,1.0,0.25,50,1.0,5,,"0.0, 0.0, 0.0","1.0, 1.0, 1.0"
584,hake_ex584.inp,Negative binomial,3,mean_nsamp,0,sigma,-1,theta_true,0,theta_CV,1,nb_size,0,3,2,0.05,1.0,0.6,50,100,10,2356,1.0,0.25,50,1.0,25,,"0.0, 0.0, 0.0","1.0, 1.0, 1.0"
585,hake_ex585.inp,Negative binomial,3,mean_nsamp,0,sigma,-1,theta_true,0,theta_CV,1,nb_size,1,3,2,0.05,1.0,0.6,50,100,10,2356,1.0,0.25,50,1.0,100,,"0.0, 0.0, 0.0","1.0, 1.0, 1.0"
586,hake_ex586.inp,Negative binomial,3,mean_nsamp,0,sigma,-1,theta_true,1,theta_CV,-1,nb_size,-1,3,2,0.05,2.0,0.0,50,100,10,2356,1.0,0.25,50,1.0,5,,"0.0, 0.0, 0.0","1.0, 1.0, 1.0"
587,hake_ex587.inp,Negative binomial,3,mean_nsamp,0,sigma,-1,theta_true,1,theta_CV,-1,nb_size,0,3,2,0.05,2.0,0.0,50,100,10,2356,1.0,0.25,50,1.0,25,,"0.0, 0.0, 0.0","1.0, 1.0, 1.0"
588,hake_ex588.inp,Negative binomial,3,mean_nsamp,0,sigma,-1,theta_true,1,theta_CV,-1,nb_size,1,3,2,0.05,2.0,0.0,50,100,10,2356,1.0,0.25,50,1.0,100,,"0.0, 0.0, 0.0","1.0, 1.0, 1.0"
589,hake_ex589.inp,Negative binomial,3,mean_nsamp,0,sigma,-1,theta_true,1,theta_CV,0,nb_size,-1,3,2,0.05,2.0,0.2,50,100,10,2356,1.0,0.25,50,1.0,5,,"0.0, 0.0, 0.0","1.0, 1.0, 1.0"
590,hake_ex590.inp,Negative binomial,3,mean_nsamp,0,sigma,-1,theta_true,1,theta_CV,0,nb_size,0,3,2,0.05,2.0,0.2,50,100,10,2356,1.0,0.25,50,1.0,25,,"0.0, 0.0, 0.0","1.0, 1.0, 1.0"
591,hake_ex591.inp,Negative binomial,3,mean_nsamp,0,sigma,-1,theta_true,1,theta_CV,0,nb_size,1,3,2,0.05,2.0,0.2,50,100,10,2356,1.0,0.25,50,1.0,100,,"0.0, 0.0, 0.0","1.0, 1.0, 1.0"
592,hake_ex592.inp,Negative binomial,3,mean_nsamp,0,sigma,-1,theta_true,1,theta_CV,1,nb_size,-1,3,2,0.05,2.0,0.6,50,100,10,2356,1.0,0.25,50,1.0,5,,"0.0, 0.0, 0.0","1.0, 1.0, 1.0"
593,hake_ex593.inp,Negative binomial,3,mean_nsamp,0,sigma,-1,theta_true,1,theta_CV,1,nb_size,0,3,2,0.05,2.0,0.6,50,100,10,2356,1.0,0.25,50,1.0,25,,"0.0, 0.0, 0.0","1.0, 1.0, 1.0"
594,hake_ex594.inp,Negative binomial,3,mean_nsamp,0,sigma,-1,theta_true,1,theta_CV,1,nb_size,1,3,2,0.05,2.0,0.6,50,100,10,2356,1.0,0.25,50,1.0,100,,"0.0, 0.0, 0.0","1.0, 1.0, 1.0"
595,hake_ex595.inp,Negative binomial,3,mean_nsamp,0,sigma,0,theta_true,-1,theta_CV,-1,nb_size,-1,3,2,0.05,0.5,0.0,50,100,10,2356,1.0,0.5,50,1.0,5,,"0.0, 0.0, 0.0","1.0, 1.0, 1.0"
596,hake_ex596.inp,Negative binomial,3,mean_nsamp,0,sigma,0,theta_true,-1,theta_CV,-1,nb_size,0,3,2,0.05,0.5,0.0,50,100,10,2356,1.0,0.5,50,1.0,25,,"0.0, 0.0, 0.0","1.0, 1.0, 1.0"
597,hake_ex597.inp,Negative binomial,3,mean_nsamp,0,sigma,0,theta_true,-1,theta_CV,-1,nb_size,1,3,2,0.05,0.5,0.0,50,100,10,2356,1.0,0.5,50,1.0,100,,"0.0, 0.0, 0.0","1.0, 1.0, 1.0"
598,hake_ex598.inp,Negative binomial,3,mean_nsamp,0,sigma,0,theta_true,-1,theta_CV,0,nb_size,-1,3,2,0.05,0.5,0.2,50,100,10,2356,1.0,0.5,50,1.0,5,,"0.0, 0.0, 0.0","1.0, 1.0, 1.0"
599,hake_ex599.inp,Negative binomial,3,mean_nsamp,0,sigma,0,theta_true,-1,theta_CV,0,nb_size,0,3,2,0.05,0.5,0.2,50,100,10,2356,1.0,0.5,50,1.0,25,,"0.0, 0.0, 0.0","1.0, 1.0, 1.0"
600,hake_ex600.inp,Negative binomial,3,mean_nsamp,0,sigma,0,theta_true,-1,theta_CV,0,nb_size,1,3,2,0.05,0.5,0.2,50,100,10,2356,1.0,0.5,50,1.0,100,,"0.0, 0.0, 0.0","1.0, 1.0, 1.0"
601,hake_ex601.inp,Negative binomial,3,mean_nsamp,0,sigma,0,theta_true,-1,theta_CV,1,nb_size,-1,3,2,0.05,0.5,0.6,50,100,10,2356,1.0,0.5,50,1.0,5,,"0.0, 0.0, 0.0","1.0, 1.0, 1.0"
602,hake_ex602.inp,Negative binomial,3,mean_nsamp,0,sigma,0,theta_true,-1,theta_CV,1,nb_size,0,3,2,0.05,0.5,0.6,50,100,10,2356,1.0,0.5,50,1.0,25,,"0.0, 0.0, 0.0","1.0, 1.0, 1.0"
603,hake_ex603.inp,Negative binomial,3,mean_nsamp,0,sigma,0,theta_true,-1,theta_CV,1,nb_size,1,3,2,0.05,0.5,0.6,50,100,10,2356,1.0,0.5,50,1.0,100,,"0.0, 0.0, 0.0","1.0, 1.0, 1.0"
604,hake_ex604.inp,Negative binomial,3,mean_nsamp,0,sigma,0,theta_true,0,theta_CV,-1,nb_size,-1,3,2,0.05,1.0,0.0,50,100,10,2356,1.0,0.5,50,1.0,5,,"0.0, 0.0, 0.0","1.0, 1.0, 1.0"
605,hake_ex605.inp,Negative binomial,3,mean_nsamp,0,sigma,0,theta_true,0,theta_CV,-1,nb_size,0,3,2,0.05,1.0,0.0,50,100,10,2356,1.0,0.5,50,1.0,25,,"0.0, 0.0, 0.0","1.0, 1.0, 1.0"
606,hake_ex606.inp,Negative binomial,3,mean_nsamp,0,sigma,0,theta_true,0,theta_CV,-1,nb_size,1,3,2,0.05,1.0,0.0,50,100,10,2356,1.0,0.5,50,1.0,100,,"0.0, 0.0, 0.0","1.0, 1.0, 1.0"
607,hake_ex607.inp,Negative binomial,3,mean_nsamp,0,sigma,0,theta_true,0,theta_CV,0,nb_size,-1,3,2,0.05,1.0,0.2,50,100,10,2356,1.0,0.5,50,1.0,5,,"0.0, 0.0, 0.0","1.0, 1.0, 1.0"
608,hake_ex608.inp,Negative binomial,3,mean_nsamp,0,sigma,0,theta_true,0,theta_CV,0,nb_size,0,3,2,0.05,1.0,0.2,50,100,10,2356,1.0,0.5,50,1.0,25,,"0.0, 0.0, 0.0","1.0, 1.0, 1.0"
609,hake_ex609.inp,Negative binomial,3,mean_nsamp,0,sigma,0,theta_true,0,theta_CV,0,nb_size,1,3,2,0.05,1.0,0.2,50,100,10,2356,1.0,0.5,50,1.0,100,,"0.0, 0.0, 0.0","1.0, 1.0, 1.0"
610,hake_ex610.inp,Negative binomial,3,mean_nsamp,0,sigma,0,theta_true,0,theta_CV,1,nb_size,-1,3,2,0.05,1.0,0.6,50,100,10,2356,1.0,0.5,50,1.0,5,,"0.0, 0.0, 0.0","1.0, 1.0, 1.0"
611,hake_ex611.inp,Negative binomial,3,mean_nsamp,0,sigma,0,theta_true,0,theta_CV,1,nb_size,0,3,2,0.05,1.0,0.6,50,100,10,2356,1.0,0.5,50,1.0,25,,"0.0, 0.0, 0.0","1.0, 1.0, 1.0"
612,hake_ex612.inp,Negative binomial,3,mean_nsamp,0,sigma,0,theta_true,0,theta_CV,1,nb_size,1,3,2,0.05,1.0,0.6,50,100,10,2356,1.0,0.5,50,1.0,100,,"0.0, 0.0, 0.0","1.0, 1.0, 1.0"
613,hake_ex613.inp,Negative binomial,3,mean_nsamp,0,sigma,0,theta_true,1,theta_CV,-1,nb_size,-1,3,2,0.05,2.0,0.0,50,100,10,2356,1.0,0.5,50,1.0,5,,"0.0, 0.0, 0.0","1.0, 1.0, 1.0"
614,hake_ex614.inp,Negative binomial,3,mean_nsamp,0,sigma,0,theta_true,1,theta_CV,-1,nb_size,0,3,2,0.05,2.0,0.0,50,100,10,2356,1.0,0.5,50,1.0,25,,"0.0, 0.0, 0.0","1.0, 1.0, 1.0"
615,hake_ex615.inp,Negative binomial,3,mean_nsamp,0,sigma,0,theta_true,1,theta_CV,-1,nb_size,1,3,2,0.05,2.0,0.0,50,100,10,2356,1.0,0.5,50,1.0,100,,"0.0, 0.0, 0.0","1.0, 1.0, 1.0"
616,hake_ex616.inp,Negative binomial,3,mean_nsamp,0,sigma,0,theta_true,1,theta_CV,0,nb_size,-1,3,2,0.05,2.0,0.2,50,100,10,2356,1.0,0.5,50,1.0,5,,"0.0, 0.0, 0.0","1.0, 1.0, 1.0"
617,hake_ex617.inp,Negative binomial,3,mean_nsamp,0,sigma,0,theta_true,1,theta_CV,0,nb_size,0,3,2,0.05,2.0,0.2,50,100,10,2356,1.0,0.5,50,1.0,25,,"0.0, 0.0, 0.0","1.0, 1.0, 1.0"
618,hake_ex618.inp,Negative binomial,3,mean_nsamp,0,sigma,0,theta_true,1,theta_CV,0,nb_size,1,3,2,0.05,2.0,0.2,50,100,10,2356,1.0,0.5,50,1.0,100,,"0.0, 0.0, 0.0","1.0, 1.0, 1.0"
619,hake_ex619.inp,Negative binomial,3,mean_nsamp,0,sigma,0,theta_true,1,theta_CV,1,nb_size,-1,3,2,0.05,2.0,0.6,50,100,10,2356,1.0,0.5,50,1.0,5,,"0.0, 0.0, 0.0","1.0, 1.0, 1.0"
620,hake_ex620.inp,Negative binomial,3,mean_nsamp,0,sigma,0,theta_true,1,theta_CV,1,nb_size,0,3,2,0.05,2.0,0.6,50,100,10,2356,1.0,0.5,50,1.0,25,,"0.0, 0.0, 0.0","1.0, 1.0, 1.0"
621,hake_ex621.inp,Negative binomial,3,mean_nsamp,0,sigma,0,theta_true,1,theta_CV,1,nb_size,1,3,2,0.05,2.0,0.6,50,100,10,2356,1.0,0.5,50,1.0,100,,"0.0, 0.0, 0.0","1.0, 1.0, 1.0"
622,hake_ex622.inp,Negative binomial,3,mean_nsamp,0,sigma,1,theta_true,-1,theta_CV,-1,nb_size,-1,3,2,0.05,0.5,0.0,50,100,10,2356,1.0,1.0,50,1.0,5,,"0.0, 0.0, 0.0","1.0, 1.0, 1.0"
623,hake_ex623.inp,Negative binomial,3,mean_nsamp,0,sigma,1,theta_true,-1,theta_CV,-1,nb_size,0,3,2,0.05,0.5,0.0,50,100,10,2356,1.0,1.0,50,1.0,25,,"0.0, 0.0, 0.0","1.0, 1.0, 1.0"
624,hake_ex624.inp,Negative binomial,3,mean_nsamp,0,sigma,1,theta_true,-1,theta_CV,-1,nb_size,1,3,2,0.05,0.5,0.0,50,100,10,2356,1.0,1.0,50,1.0,100,,"0.0, 0.0, 0.0","1.0, 1.0, 1.0"
625,hake_ex625.inp,Negative binomial,3,mean_nsamp,0,sigma,1,theta_true,-1,theta_CV,0,nb_size,-1,3,2,0.05,0.5,0.2,50,100,10,2356,1.0,1.0,50,1.0,5,,"0.0, 0.0, 0.0","1.0, 1.0, 1.0"
626,hake_ex626.inp,Negative binomial,3,mean_nsamp,0,sigma,1,theta_true,-1,theta_CV,0,nb_size,0,3,2,0.05,0.5,0.2,50,100,10,2356,1.0,1.0,50,1.0,25,,"0.0, 0.0, 0.0","1.0, 1.0, 1.0"
627,hake_ex627.inp,Negative binomial,3,mean_nsamp,0,sigma,1,theta_true,-1,theta_CV,0,nb_size,1,3,2,0.05,0.5,0.2,50,100,10,2356,1.0,1.0,50,1.0,100,,"0.0, 0.0, 0.0","1.0, 1.0, 1.0"
628,hake_ex628.inp,Negative binomial,3,mean_nsamp,0,sigma,1,theta_true,-1,theta_CV,1,nb_size,-1,3,2,0.05,0.5,0.6,50,100,10,2356,1.0,1.0,50,1.0,5,,"0.0, 0.0, 0.0","1.0, 1.0, 1.0"
629,hake_ex629.inp,Negative binomial,3,mean_nsamp,0,sigma,1,theta_true,-1,theta_CV,1,nb_size,0,3,2,0.05,0.5,0.6,50,100,10,2356,1.0,1.0,50,1.0,25,,"0.0, 0.0, 0.0","1.0, 1.0, 1.0"
630,hake_ex630.inp,Negative binomial,3,mean_nsamp,0,sigma,1,theta_true,-1,theta_CV,1,nb_size,1,3,2,0.05,0.5,0.6,50,100,10,2356,1.0,1.0,50,1.0,100,,"0.0, 0.0, 0.0","1.0, 1.0, 1.0"
631,hake_ex631.inp,Negative binomial,3,mean_nsamp,0,sigma,1,theta_true,0,theta_CV,-1,nb_size,-1,3,2,0.05,1.0,0.0,50,100,10,2356,1.0,1.0,50,1.0,5,,"0.0, 0.0, 0.0","1.0, 1.0, 1.0"
632,hake_ex632.inp,Negative binomial,3,mean_nsamp,0,sigma,1,theta_true,0,theta_CV,-1,nb_size,0,3,2,0.05,1.0,0.0,50,100,10,2356,1.0,1.0,50,1.0,25,,"0.0, 0.0, 0.0","1.0, 1.0, 1.0"
633,hake_ex633.inp,Negative binomial,3,mean_nsamp,0,sigma,1,theta_true,0,theta_CV,-1,nb_size,1,3,2,0.05,1.0,0.0,50,100,10,2356,1.0,1.0,50,1.0,100,,"0.0, 0.0, 0.0","1.0, 1.0, 1.0"
634,hake_ex634.inp,Negative binomial,3,mean_nsamp,0,sigma,1,theta_true,0,theta_CV,0,nb_size,-1,3,2,0.05,1.0,0.2,50,100,10,2356,1.0,1.0,50,1.0,5,,"0.0, 0.0, 0.0","1.0, 1.0, 1.0"
635,hake_ex635.inp,Negative binomial,3,mean_nsamp,0,sigma,1,theta_true,0,theta_CV,0,nb_size,0,3,2,0.05,1.0,0.2,50,100,10,2356,1.0,1.0,50,1.0,25,,"0.0, 0.0, 0.0","1.0, 1.0, 1.0"
636,hake_ex636.inp,Negative binomial,3,mean_nsamp,0,sigma,1,theta_true,0,theta_CV,0,nb_size,1,3,2,0.05,1.0,0.2,50,100,10,2356,1.0,1.0,50,1.0,100,,"0.0, 0.0, 0.0","1.0, 1.0, 1.0"
637,hake_ex637.inp,Negative binomial,3,mean_nsamp,0,sigma,1,theta_true,0,theta_CV,1,nb_size,-1,3,2,0.05,1.0,0.6,50,100,10,2356,1.0,1.0,50,1.0,5,,"0.0, 0.0, 0.0","1.0, 1.0, 1.0"
638,hake_ex638.inp,Negative binomial,3,mean_nsamp,0,sigma,1,theta_true,0,theta_CV,1,nb_size,0,3,2,0.05,1.0,0.6,50,100,10,2356,1.0,1.0,50,1.0,25,,"0.0, 0.0, 0.0","1.0, 1.0, 1.0"
639,hake_ex639.inp,Negative binomial,3,mean_nsamp,0,sigma,1,theta_true,0,theta_CV,1,nb_size,1,3,2,0.05,1.0,0.6,50,100,10,2356,1.0,1.0,50,1.0,100,,"0.0, 0.0, 0.0","1.0, 1.0, 1.0"
640,hake_ex640.inp,Negative binomial,3,mean_nsamp,0,sigma,1,theta_true,1,theta_CV,-1,nb_size,-1,3,2,0.05,2.0,0.0,50,100,10,2356,1.0,1.0,50,1.0,5,,"0.0, 0.0, 0.0","1.0, 1.0, 1.0"
641,hake_ex641.inp,Negative binomial,3,mean_nsamp,0,sigma,1,theta_true,1,theta_CV,-1,nb_size,0,3,2,0.05,2.0,0.0,50,100,10,2356,1.0,1.0,50,1.0,25,,"0.0, 0.0, 0.0","1.0, 1.0, 1.0"
642,hake_ex642.inp,Negative binomial,3,mean_nsamp,0,sigma,1,theta_true,1,theta_CV,-1,nb_size,1,3,2,0.05,2.0,0.0,50,100,10,2356,1.0,1.0,50,1.0,100,,"0.0, 0.0, 0.0","1.0, 1.0, 1.0"
643,hake_ex643.inp,Negative binomial,3,mean_nsamp,0,sigma,1,theta_true,1,theta_CV,0,nb_size,-1,3,2,0.05,2.0,0.2,50,100,10,2356,1.0,1.0,50,1.0,5,,"0.0, 0.0, 0.0","1.0, 1.0, 1.0"
644,hake_ex644.inp,Negative binomial,3,mean_nsamp,0,sigma,1,theta_true,1,theta_CV,0,nb_size,0,3,2,0.05,2.0,0.2,50,100,10,2356,1.0,1.0,50,1.0,25,,"0.0, 0.0, 0.0","1.0, 1.0, 1.0"
645,hake_ex645.inp,Negative binomial,3,mean_nsamp,0,sigma,1,theta_true,1,theta_CV,0,nb_size,1,3,2,0.05,2.0,0.2,50,100,10,2356,1.0,1.0,50,1.0,100,,"0.0, 0.0, 0.0","1.0, 1.0, 1.0"
646,hake_ex646.inp,Negative binomial,3,mean_nsamp,0,sigma,1,theta_true,1,theta_CV,1,nb_size,-1,3,2,0.05,2.0,0.6,50,100,10,2356,1.0,1.0,50,1.0,5,,"0.0, 0.0, 0.0","1.0, 1.0, 1.0"
647,hake_ex647.inp,Negative binomial,3,mean_nsamp,0,sigma,1,theta_true,1,theta_CV,1,nb_size,0,3,2,0.05,2.0,0.6,50,100,10,2356,1.0,1.0,50,1.0,25,,"0.0, 0.0, 0.0","1.0, 1.0, 1.0"
648,hake_ex648.inp,Negative binomial,3,mean_nsamp,0,sigma,1,theta_true,1,theta_CV,1,nb_size,1,3,2,0.05,2.0,0.6,50,100,10,2356,1.0,1.0,50,1.0,100,,"0.0, 0.0, 0.0","1.0, 1.0, 1.0"
649,hake_ex649.inp,Negative binomial,3,mean_nsamp,1,sigma,-1,theta_true,-1,theta_CV,-1,nb_size,-1,3,2,0.05,0.5,0.0,50,100,10,2356,1.0,0.25,100,1.0,5,,"0.0, 0.0, 0.0","1.0, 1.0, 1.0"
650,hake_ex650.inp,Negative binomial,3,mean_nsamp,1,sigma,-1,theta_true,-1,theta_CV,-1,nb_size,0,3,2,0.05,0.5,0.0,50,100,10,2356,1.0,0.25,100,1.0,25,,"0.0, 0.0, 0.0","1.0, 1.0, 1.0"
651,hake_ex651.inp,Negative binomial,3,mean_nsamp,1,sigma,-1,theta_true,-1,theta_CV,-1,nb_size,1,3,2,0.05,0.5,0.0,50,100,10,2356,1.0,0.25,100,1.0,100,,"0.0, 0.0, 0.0","1.0, 1.0, 1.0"
652,hake_ex652.inp,Negative binomial,3,mean_nsamp,1,sigma,-1,theta_true,-1,theta_CV,0,nb_size,-1,3,2,0.05,0.5,0.2,50,100,10,2356,1.0,0.25,100,1.0,5,,"0.0, 0.0, 0.0","1.0, 1.0, 1.0"
653,hake_ex653.inp,Negative binomial,3,mean_nsamp,1,sigma,-1,theta_true,-1,theta_CV,0,nb_size,0,3,2,0.05,0.5,0.2,50,100,10,2356,1.0,0.25,100,1.0,25,,"0.0, 0.0, 0.0","1.0, 1.0, 1.0"
654,hake_ex654.inp,Negative binomial,3,mean_nsamp,1,sigma,-1,theta_true,-1,theta_CV,0,nb_size,1,3,2,0.05,0.5,0.2,50,100,10,2356,1.0,0.25,100,1.0,100,,"0.0, 0.0, 0.0","1.0, 1.0, 1.0"
655,hake_ex655.inp,Negative binomial,3,mean_nsamp,1,sigma,-1,theta_true,-1,theta_CV,1,nb_size,-1,3,2,0.05,0.5,0.6,50,100,10,2356,1.0,0.25,100,1.0,5,,"0.0, 0.0, 0.0","1.0, 1.0, 1.0"
656,hake_ex656.inp,Negative binomial,3,mean_nsamp,1,sigma,-1,theta_true,-1,theta_CV,1,nb_size,0,3,2,0.05,0.5,0.6,50,100,10,2356,1.0,0.25,100,1.0,25,,"0.0, 0.0, 0.0","1.0, 1.0, 1.0"
657,hake_ex657.inp,Negative binomial,3,mean_nsamp,1,sigma,-1,theta_true,-1,theta_CV,1,nb_size,1,3,2,0.05,0.5,0.6,50,100,10,2356,1.0,0.25,100,1.0,100,,"0.0, 0.0, 0.0","1.0, 1.0, 1.0"
658,hake_ex658.inp,Negative binomial,3,mean_nsamp,1,sigma,-1,theta_true,0,theta_CV,-1,nb_size,-1,3,2,0.05,1.0,0.0,50,100,10,2356,1.0,0.25,100,1.0,5,,"0.0, 0.0, 0.0","1.0, 1.0, 1.0"
659,hake_ex659.inp,Negative binomial,3,mean_nsamp,1,sigma,-1,theta_true,0,theta_CV,-1,nb_size,0,3,2,0.05,1.0,0.0,50,100,10,2356,1.0,0.25,100,1.0,25,,"0.0, 0.0, 0.0","1.0, 1.0, 1.0"
660,hake_ex660.inp,Negative binomial,3,mean_nsamp,1,sigma,-1,theta_true,0,theta_CV,-1,nb_size,1,3,2,0.05,1.0,0.0,50,100,10,2356,1.0,0.25,100,1.0,100,,"0.0, 0.0, 0.0","1.0, 1.0, 1.0"
661,hake_ex661.inp,Negative binomial,3,mean_nsamp,1,sigma,-1,theta_true,0,theta_CV,0,nb_size,-1,3,2,0.05,1.0,0.2,50,100,10,2356,1.0,0.25,100,1.0,5,,"0.0, 0.0, 0.0","1.0, 1.0, 1.0"
662,hake_ex662.inp,Negative binomial,3,mean_nsamp,1,sigma,-1,theta_true,0,theta_CV,0,nb_size,0,3,2,0.05,1.0,0.2,50,100,10,2356,1.0,0.25,100,1.0,25,,"0.0, 0.0, 0.0","1.0, 1.0, 1.0"
663,hake_ex663.inp,Negative binomial,3,mean_nsamp,1,sigma,-1,theta_true,0,theta_CV,0,nb_size,1,3,2,0.05,1.0,0.2,50,100,10,2356,1.0,0.25,100,1.0,100,,"0.0, 0.0, 0.0","1.0, 1.0, 1.0"
664,hake_ex664.inp,Negative binomial,3,mean_nsamp,1,sigma,-1,theta_true,0,theta_CV,1,nb_size,-1,3,2,0.05,1.0,0.6,50,100,10,2356,1.0,0.25,100,1.0,5,,"0.0, 0.0, 0.0","1.0, 1.0, 1.0"
665,hake_ex665.inp,Negative binomial,3,mean_nsamp,1,sigma,-1,theta_true,0,theta_CV,1,nb_size,0,3,2,0.05,1.0,0.6,50,100,10,2356,1.0,0.25,100,1.0,25,,"0.0, 0.0, 0.0","1.0, 1.0, 1.0"
666,hake_ex666.inp,Negative binomial,3,mean_nsamp,1,sigma,-1,theta_true,0,theta_CV,1,nb_size,1,3,2,0.05,1.0,0.6,50,100,10,2356,1.0,0.25,100,1.0,100,,"0.0, 0.0, 0.0","1.0, 1.0, 1.0"
667,hake_ex667.inp,Negative binomial,3,mean_nsamp,1,sigma,-1,theta_true,1,theta_CV,-1,nb_size,-1,3,2,0.05,2.0,0.0,50,100,10,2356,1.0,0.25,100,1.0,5,,"0.0, 0.0, 0.0","1.0, 1.0, 1.0"
668,hake_ex668.inp,Negative binomial,3,mean_nsamp,1,sigma,-1,theta_true,1,theta_CV,-1,nb_size,0,3,2,0.05,2.0,0.0,50,100,10,2356,1.0,0.25,100,1.0,25,,"0.0, 0.0, 0.0","1.0, 1.0, 1.0"
669,hake_ex669.inp,Negative binomial,3,mean_nsamp,1,sigma,-1,theta_true,1,theta_CV,-1,nb_size,1,3,2,0.05,2.0,0.0,50,100,10,2356,1.0,0.25,100,1.0,100,,"0.0, 0.0, 0.0","1.0, 1.0, 1.0"
670,hake_ex670.inp,Negative binomial,3,mean_nsamp,1,sigma,-1,theta_true,1,theta_CV,0,nb_size,-1,3,2,0.05,2.0,0.2,50,100,10,2356,1.0,0.25,100,1.0,5,,"0.0, 0.0, 0.0","1.0, 1.0, 1.0"
671,hake_ex671.inp,Negative binomial,3,mean_nsamp,1,sigma,-1,theta_true,1,theta_CV,0,nb_size,0,3,2,0.05,2.0,0.2,50,100,10,2356,1.0,0.25,100,1.0,25,,"0.0, 0.0, 0.0","1.0, 1.0, 1.0"
672,hake_ex672.inp,Negative binomial,3,mean_nsamp,1,sigma,-1,theta_true,1,theta_CV,0,nb_size,1,3,2,0.05,2.0,0.2,50,100,10,2356,1.0,0.25,100,1.0,100,,"0.0, 0.0, 0.0","1.0, 1.0, 1.0"
673,hake_ex673.inp,Negative binomial,3,mean_nsamp,1,sigma,-1,theta_true,1,theta_CV,1,nb_size,-1,3,2,0.05,2.0,0.6,50,100,10,2356,1.0,0.25,100,1.0,5,,"0.0, 0.0, 0.0","1.0, 1.0, 1.0"
674,hake_ex674.inp,Negative binomial,3,mean_nsamp,1,sigma,-1,theta_true,1,theta_CV,1,nb_size,0,3,2,0.05,2.0,0.6,50,100,10,2356,1.0,0.25,100,1.0,25,,"0.0, 0.0, 0.0","1.0, 1.0, 1.0"
675,hake_ex675.inp,Negative binomial,3,mean_nsamp,1,sigma,-1,theta_true,1,theta_CV,1,nb_size,1,3,2,0.05,2.0,0.6,50,100,10,2356,1.0,0.25,100,1.0,100,,"0.0, 0.0, 0.0","1.0, 1.0, 1.0"
676,hake_ex676.inp,Negative binomial,3,mean_nsamp,1,sigma,0,theta_true,-1,theta_CV,-1,nb_size,-1,3,2,0.05,0.5,0.0,50,100,10,2356,1.0,0.5,100,1.0,5,,"0.0, 0.0, 0.0","1.0, 1.0, 1.0"
677,hake_ex677.inp,Negative binomial,3,mean_nsamp,1,sigma,0,theta_true,-1,theta_CV,-1,nb_size,0,3,2,0.05,0.5,0.0,50,100,10,2356,1.0,0.5,100,1.0,25,,"0.0, 0.0, 0.0","1.0, 1.0, 1.0"
678,hake_ex678.inp,Negative binomial,3,mean_nsamp,1,sigma,0,theta_true,-1,theta_CV,-1,nb_size,1,3,2,0.05,0.5,0.0,50,100,10,2356,1.0,0.5,100,1.0,100,,"0.0, 0.0, 0.0","1.0, 1.0, 1.0"
679,hake_ex679.inp,Negative binomial,3,mean_nsamp,1,sigma,0,theta_true,-1,theta_CV,0,nb_size,-1,3,2,0.05,0.5,0.2,50,100,10,2356,1.0,0.5,100,1.0,5,,"0.0, 0.0, 0.0","1.0, 1.0, 1.0"
680,hake_ex680.inp,Negative binomial,3,mean_nsamp,1,sigma,0,theta_true,-1,theta_CV,0,nb_size,0,3,2,0.05,0.5,0.2,50,100,10,2356,1.0,0.5,100,1.0,25,,"0.0, 0.0, 0.0","1.0, 1.0, 1.0"
681,hake_ex681.inp,Negative binomial,3,mean_nsamp,1,sigma,0,theta_true,-1,theta_CV,0,nb_size,1,3,2,0.05,0.5,0.2,50,100,10,2356,1.0,0.5,100,1.0,100,,"0.0, 0.0, 0.0","1.0, 1.0, 1.0"
682,hake_ex682.inp,Negative binomial,3,mean_nsamp,1,sigma,0,theta_true,-1,theta_CV,1,nb_size,-1,3,2,0.05,0.5,0.6,50,100,10,2356,1.0,0.5,100,1.0,5,,"0.0, 0.0, 0.0","1.0, 1.0, 1.0"
683,hake_ex683.inp,Negative binomial,3,mean_nsamp,1,sigma,0,theta_true,-1,theta_CV,1,nb_size,0,3,2,0.05,0.5,0.6,50,100,10,2356,1.0,0.5,100,1.0,25,,"0.0, 0.0, 0.0","1.0, 1.0, 1.0"
684,hake_ex684.inp,Negative binomial,3,mean_nsamp,1,sigma,0,theta_true,-1,theta_CV,1,nb_size,1,3,2,0.05,0.5,0.6,50,100,10,2356,1.0,0.5,100,1.0,100,,"0.0, 0.0, 0.0","1.0, 1.0, 1.0"
685,hake_ex685.inp,Negative binomial,3,mean_nsamp,1,sigma,0,theta_true,0,theta_CV,-1,nb_size,-1,3,2,0.05,1.0,0.0,50,100,10,2356,1.0,0.5,100,1.0,5,,"0.0, 0.0, 0.0","1.0, 1.0, 1.0"
686,hake_ex686.inp,Negative binomial,3,mean_nsamp,1,sigma,0,theta_true,0,theta_CV,-1,nb_size,0,3,2,0.05,1.0,0.0,50,100,10,2356,1.0,0.5,100,1.0,25,,"0.0, 0.0, 0.0","1.0, 1.0, 1.0"
687,hake_ex687.inp,Negative binomial,3,mean_nsamp,1,sigma,0,theta_true,0,theta_CV,-1,nb_size,1,3,2,0.05,1.0,0.0,50,100,10,2356,1.0,0.5,100,1.0,100,,"0.0, 0.0, 0.0","1.0, 1.0, 1.0"
688,hake_ex688.inp,Negative binomial,3,mean_nsamp,1,sigma,0,theta_true,0,theta_CV,0,nb_size,-1,3,2,0.05,1.0,0.2,50,100,10,2356,1.0,0.5,100,1.0,5,,"0.0, 0.0, 0.0","1.0, 1.0, 1.0"
689,hake_ex689.inp,Negative binomial,3,mean_nsamp,1,sigma,0,theta_true,0,theta_CV,0,nb_size,0,3,2,0.05,1.0,0.2,50,100,10,2356,1.0,0.5,100,1.0,25,,"0.0, 0.0, 0.0","1.0, 1.0, 1.0"
690,hake_ex690.inp,Negative binomial,3,mean_nsamp,1,sigma,0,theta_true,0,theta_CV,0,nb_size,1,3,2,0.05,1.0,0.2,50,100,10,2356,1.0,0.5,100,1.0,100,,"0.0, 0.0, 0.0","1.0, 1.0, 1.0"
691,hake_ex691.inp,Negative binomial,3,mean_nsamp,1,sigma,0,theta_true,0,theta_CV,1,nb_size,-1,3,2,0.05,1.0,0.6,50,100,10,2356,1.0,0.5,100,1.0,5,,"0.0, 0.0, 0.0","1.0, 1.0, 1.0"
692,hake_ex692.inp,Negative binomial,3,mean_nsamp,1,sigma,0,theta_true,0,theta_CV,1,nb_size,0,3,2,0.05,1.0,0.6,50,100,10,2356,1.0,0.5,100,1.0,25,,"0.0, 0.0, 0.0","1.0, 1.0, 1.0"
693,hake_ex693.inp,Negative binomial,3,mean_nsamp,1,sigma,0,theta_true,0,theta_CV,1,nb_size,1,3,2,0.05,1.0,0.6,50,100,10,2356,1.0,0.5,100,1.0,100,,"0.0, 0.0, 0.0","1.0, 1.0, 1.0"
694,hake_ex694.inp,Negative binomial,3,mean_nsamp,1,sigma,0,theta_true,1,theta_CV,-1,nb_size,-1,3,2,0.05,2.0,0.0,50,100,10,2356,1.0,0.5,100,1.0,5,,"0.0, 0.0, 0.0","1.0, 1.0, 1.0"
695,hake_ex695.inp,Negative binomial,3,mean_nsamp,1,sigma,0,theta_true,1,theta_CV,-1,nb_size,0,3,2,0.05,2.0,0.0,50,100,10,2356,1.0,0.5,100,1.0,25,,"0.0, 0.0, 0.0","1.0, 1.0, 1.0"
696,hake_ex696.inp,Negative binomial,3,mean_nsamp,1,sigma,0,theta_true,1,theta_CV,-1,nb_size,1,3,2,0.05,2.0,0.0,50,100,10,2356,1.0,0.5,100,1.0,100,,"0.0, 0.0, 0.0","1.0, 1.0, 1.0"
697,hake_ex697.inp,Negative binomial,3,mean_nsamp,1,sigma,0,theta_true,1,theta_CV,0,nb_size,-1,3,2,0.05,2.0,0.2,50,100,10,2356,1.0,0.5,100,1.0,5,,"0.0, 0.0, 0.0","1.0, 1.0, 1.0"
698,hake_ex698.inp,Negative binomial,3,mean_nsamp,1,sigma,0,theta_true,1,theta_CV,0,nb_size,0,3,2,0.05,2.0,0.2,50,100,10,2356,1.0,0.5,100,1.0,25,,"0.0, 0.0, 0.0","1.0, 1.0, 1.0"
699,hake_ex699.inp,Negative binomial,3,mean_nsamp,1,sigma,0,theta_true,1,theta_CV,0,nb_size,1,3,2,0.05,2.0,0.2,50,100,10,2356,1.0,0.5,100,1.0,100,,"0.0, 0.0, 0.0","1.0, 1.0, 1.0"
700,hake_ex700.inp,Negative binomial,3,mean_nsamp,1,sigma,0,theta_true,1,theta_CV,1,nb_size,-1,3,2,0.05,2.0,0.6,50,100,10,2356,1.0,0.5,100,1.0,5,,"0.0, 0.0, 0.0","1.0, 1.0, 1.0"
701,hake_ex701.inp,Negative binomial,3,mean_nsamp,1,sigma,0,theta_true,1,theta_CV,1,nb_size,0,3,2,0.05,2.0,0.6,50,100,10,2356,1.0,0.5,100,1.0,25,,"0.0, 0.0, 0.0","1.0, 1.0, 1.0"
702,hake_ex702.inp,Negative binomial,3,mean_nsamp,1,sigma,0,theta_true,1,theta_CV,1,nb_size,1,3,2,0.05,2.0,0.6,50,100,10,2356,1.0,0.5,100,1.0,100,,"0.0, 0.0, 0.0","1.0, 1.0, 1.0"
703,hake_ex703.inp,Negative binomial,3,mean_nsamp,1,sigma,1,theta_true,-1,theta_CV,-1,nb_size,-1,3,2,0.05,0.5,0.0,50,100,10,2356,1.0,1.0,100,1.0,5,,"0.0, 0.0, 0.0","1.0, 1.0, 1.0"
704,hake_ex704.inp,Negative binomial,3,mean_nsamp,1,sigma,1,theta_true,-1,theta_CV,-1,nb_size,0,3,2,0.05,0.5,0.0,50,100,10,2356,1.0,1.0,100,1.0,25,,"0.0, 0.0, 0.0","1.0, 1.0, 1.0"
705,hake_ex705.inp,Negative binomial,3,mean_nsamp,1,sigma,1,theta_true,-1,theta_CV,-1,nb_size,1,3,2,0.05,0.5,0.0,50,100,10,2356,1.0,1.0,100,1.0,100,,"0.0, 0.0, 0.0","1.0, 1.0, 1.0"
706,hake_ex706.inp,Negative binomial,3,mean_nsamp,1,sigma,1,theta_true,-1,theta_CV,0,nb_size,-1,3,2,0.05,0.5,0.2,50,100,10,2356,1.0,1.0,100,1.0,5,,"0.0, 0.0, 0.0","1.0, 1.0, 1.0"
707,hake_ex707.inp,Negative binomial,3,mean_nsamp,1,sigma,1,theta_true,-1,theta_CV,0,nb_size,0,3,2,0.05,0.5,0.2,50,100,10,2356,1.0,1.0,100,1.0,25,,"0.0, 0.0, 0.0","1.0, 1.0, 1.0"
708,hake_ex708.inp,Negative binomial,3,mean_nsamp,1,sigma,1,theta_true,-1,theta_CV,0,nb_size,1,3,2,0.05,0.5,0.2,50,100,10,2356,1.0,1.0,100,1.0,100,,"0.0, 0.0, 0.0","1.0, 1.0, 1.0"
709,hake_ex709.inp,Negative binomial,3,mean_nsamp,1,sigma,1,theta_true,-1,theta_CV,1,nb_size,-1,3,2,0.05,0.5,0.6,50,100,10,2356,1.0,1.0,100,1.0,5,,"0.0, 0.0, 0.0","1.0, 1.0, 1.0"
710,hake_ex710.inp,Negative binomial,3,mean_nsamp,1,sigma,1,theta_true,-1,theta_CV,1,nb_size,0,3,2,0.05,0.5,0.6,50,100,10,2356,1.0,1.0,100,1.0,25,,"0.0, 0.0, 0.0","1.0, 1.0, 1.0"
711,hake_ex711.inp,Negative binomial,3,mean_nsamp,1,sigma,1,theta_true,-1,theta_CV,1,nb_size,1,3,2,0.05,0.5,0.6,50,100,10,2356,1.0,1.0,100,1.0,100,,"0.0, 0.0, 0.0","1.0, 1.0, 1.0"
712,hake_ex712.inp,Negative binomial,3,mean_nsamp,1,sigma,1,theta_true,0,theta_CV,-1,nb_size,-1,3,2,0.05,1.0,0.0,50,100,10,2356,1.0,1.0,100,1.0,5,,"0.0, 0.0, 0.0","1.0, 1.0, 1.0"
713,hake_ex713.inp,Negative binomial,3,mean_nsamp,1,sigma,1,theta_true,0,theta_CV,-1,nb_size,0,3,2,0.05,1.0,0.0,50,100,10,2356,1.0,1.0,100,1.0,25,,"0.0, 0.0, 0.0","1.0, 1.0, 1.0"
714,hake_ex714.inp,Negative binomial,3,mean_nsamp,1,sigma,1,theta_true,0,theta_CV,-1,nb_size,1,3,2,0.05,1.0,0.0,50,100,10,2356,1.0,1.0,100,1.0,100,,"0.0, 0.0, 0.0","1.0, 1.0, 1.0"
715,hake_ex715.inp,Negative binomial,3,mean_nsamp,1,sigma,1,theta_true,0,theta_CV,0,nb_size,-1,3,2,0.05,1.0,0.2,50,100,10,2356,1.0,1.0,100,1.0,5,,"0.0, 0.0, 0.0","1.0, 1.0, 1.0"
716,hake_ex716.inp,Negative binomial,3,mean_nsamp,1,sigma,1,theta_true,0,theta_CV,0,nb_size,0,3,2,0.05,1.0,0.2,50,100,10,2356,1.0,1.0,100,1.0,25,,"0.0, 0.0, 0.0","1.0, 1.0, 1.0"
717,hake_ex717.inp,Negative binomial,3,mean_nsamp,1,sigma,1,theta_true,0,theta_CV,0,nb_size,1,3,2,0.05,1.0,0.2,50,100,10,2356,1.0,1.0,100,1.0,100,,"0.0, 0.0, 0.0","1.0, 1.0, 1.0"
718,hake_ex718.inp,Negative binomial,3,mean_nsamp,1,sigma,1,theta_true,0,theta_CV,1,nb_size,-1,3,2,0.05,1.0,0.6,50,100,10,2356,1.0,1.0,100,1.0,5,,"0.0, 0.0, 0.0","1.0, 1.0, 1.0"
719,hake_ex719.inp,Negative binomial,3,mean_nsamp,1,sigma,1,theta_true,0,theta_CV,1,nb_size,0,3,2,0.05,1.0,0.6,50,100,10,2356,1.0,1.0,100,1.0,25,,"0.0, 0.0, 0.0","1.0, 1.0, 1.0"
720,hake_ex720.inp,Negative binomial,3,mean_nsamp,1,sigma,1,theta_true,0,theta_CV,1,nb_size,1,3,2,0.05,1.0,0.6,50,100,10,2356,1.0,1.0,100,1.0,100,,"0.0, 0.0, 0.0","1.0, 1.0, 1.0"
721,hake_ex721.inp,Negative binomial,3,mean_nsamp,1,sigma,1,theta_true,1,theta_CV,-1,nb_size,-1,3,2,0.05,2.0,0.0,50,100,10,2356,1.0,1.0,100,1.0,5,,"0.0, 0.0, 0.0","1.0, 1.0, 1.0"
722,hake_ex722.inp,Negative binomial,3,mean_nsamp,1,sigma,1,theta_true,1,theta_CV,-1,nb_size,0,3,2,0.05,2.0,0.0,50,100,10,2356,1.0,1.0,100,1.0,25,,"0.0, 0.0, 0.0","1.0, 1.0, 1.0"
723,hake_ex723.inp,Negative binomial,3,mean_nsamp,1,sigma,1,theta_true,1,theta_CV,-1,nb_size,1,3,2,0.05,2.0,0.0,50,100,10,2356,1.0,1.0,100,1.0,100,,"0.0, 0.0, 0.0","1.0, 1.0, 1.0"
724,hake_ex724.inp,Negative binomial,3,mean_nsamp,1,sigma,1,theta_true,1,theta_CV,0,nb_size,-1,3,2,0.05,2.0,0.2,50,100,10,2356,1.0,1.0,100,1.0,5,,"0.0, 0.0, 0.0","1.0, 1.0, 1.0"
725,hake_ex725.inp,Negative binomial,3,mean_nsamp,1,sigma,1,theta_true,1,theta_CV,0,nb_size,0,3,2,0.05,2.0,0.2,50,100,10,2356,1.0,1.0,100,1.0,25,,"0.0, 0.0, 0.0","1.0, 1.0, 1.0"
726,hake_ex726.inp,Negative binomial,3,mean_nsamp,1,sigma,1,theta_true,1,theta_CV,0,nb_size,1,3,2,0.05,2.0,0.2,50,100,10,2356,1.0,1.0,100,1.0,100,,"0.0, 0.0, 0.0","1.0, 1.0, 1.0"
727,hake_ex727.inp,Negative binomial,3,mean_nsamp,1,sigma,1,theta_true,1,theta_CV,1,nb_size,-1,3,2,0.05,2.0,0.6,50,100,10,2356,1.0,1.0,100,1.0,5,,"0.0, 0.0, 0.0","1.0, 1.0, 1.0"
728,hake_ex728.inp,Negative binomial,3,mean_nsamp,1,sigma,1,theta_true,1,theta_CV,1,nb_size,0,3,2,0.05,2.0,0.6,50,100,10,2356,1.0,1.0,100,1.0,25,,"0.0, 0.0, 0.0","1.0, 1.0, 1.0"
729,hake_ex729.inp,Negative binomial,3,mean_nsamp,1,sigma,1,theta_true,1,theta_CV,1,nb_size,1,3,2,0.05,2.0,0.6,50,100,10,2356,1.0,1.0,100,1.0,100,,"0.0, 0.0, 0.0","1.0, 1.0, 1.0"
730,hake_ex730.inp,Log-uniform,4,mean_nsamp,-1,sigma,-1,theta_true,-1,theta_CV,-1,N_range,-1,3,2,0.05,0.5,0.0,40,60,10,2356,1.0,0.25,25,1.0,25,40-60,"0.0, 0.0, 0.0","1.0, 1.0, 1.0"
731,hake_ex731.inp,Log-uniform,4,mean_nsamp,-1,sigma,-1,theta_true,-1,theta_CV,-1,N_range,0,3,2,0.05,0.5,0.0,25,100,10,2356,1.0,0.25,25,1.0,25,25-100,"0.0, 0.0, 0.0","1.0, 1.0, 1.0"
732,hake_ex732.inp,Log-uniform,4,mean_nsamp,-1,sigma,-1,theta_true,-1,theta_CV,-1,N_range,1,3,2,0.05,0.5,0.0,10,250,10,2356,1.0,0.25,25,1.0,25,10-250,"0.0, 0.0, 0.0","1.0, 1.0, 1.0"
733,hake_ex733.inp,Log-uniform,4,mean_nsamp,-1,sigma,-1,theta_true,-1,theta_CV,0,N_range,-1,3,2,0.05,0.5,0.2,40,60,10,2356,1.0,0.25,25,1.0,25,40-60,"0.0, 0.0, 0.0","1.0, 1.0, 1.0"
734,hake_ex734.inp,Log-uniform,4,mean_nsamp,-1,sigma,-1,theta_true,-1,theta_CV,0,N_range,0,3,2,0.05,0.5,0.2,25,100,10,2356,1.0,0.25,25,1.0,25,25-100,"0.0, 0.0, 0.0","1.0, 1.0, 1.0"
735,hake_ex735.inp,Log-uniform,4,mean_nsamp,-1,sigma,-1,theta_true,-1,theta_CV,0,N_range,1,3,2,0.05,0.5,0.2,10,250,10,2356,1.0,0.25,25,1.0,25,10-250,"0.0, 0.0, 0.0","1.0, 1.0, 1.0"
736,hake_ex736.inp,Log-uniform,4,mean_nsamp,-1,sigma,-1,theta_true,-1,theta_CV,1,N_range,-1,3,2,0.05,0.5,0.6,40,60,10,2356,1.0,0.25,25,1.0,25,40-60,"0.0, 0.0, 0.0","1.0, 1.0, 1.0"
737,hake_ex737.inp,Log-uniform,4,mean_nsamp,-1,sigma,-1,theta_true,-1,theta_CV,1,N_range,0,3,2,0.05,0.5,0.6,25,100,10,2356,1.0,0.25,25,1.0,25,25-100,"0.0, 0.0, 0.0","1.0, 1.0, 1.0"
738,hake_ex738.inp,Log-uniform,4,mean_nsamp,-1,sigma,-1,theta_true,-1,theta_CV,1,N_range,1,3,2,0.05,0.5,0.6,10,250,10,2356,1.0,0.25,25,1.0,25,10-250,"0.0, 0.0, 0.0","1.0, 1.0, 1.0"
739,hake_ex739.inp,Log-uniform,4,mean_nsamp,-1,sigma,-1,theta_true,0,theta_CV,-1,N_range,-1,3,2,0.05,1.0,0.0,40,60,10,2356,1.0,0.25,25,1.0,25,40-60,"0.0, 0.0, 0.0","1.0, 1.0, 1.0"
740,hake_ex740.inp,Log-uniform,4,mean_nsamp,-1,sigma,-1,theta_true,0,theta_CV,-1,N_range,0,3,2,0.05,1.0,0.0,25,100,10,2356,1.0,0.25,25,1.0,25,25-100,"0.0, 0.0, 0.0","1.0, 1.0, 1.0"
741,hake_ex741.inp,Log-uniform,4,mean_nsamp,-1,sigma,-1,theta_true,0,theta_CV,-1,N_range,1,3,2,0.05,1.0,0.0,10,250,10,2356,1.0,0.25,25,1.0,25,10-250,"0.0, 0.0, 0.0","1.0, 1.0, 1.0"
742,hake_ex742.inp,Log-uniform,4,mean_nsamp,-1,sigma,-1,theta_true,0,theta_CV,0,N_range,-1,3,2,0.05,1.0,0.2,40,60,10,2356,1.0,0.25,25,1.0,25,40-60,"0.0, 0.0, 0.0","1.0, 1.0, 1.0"
743,hake_ex743.inp,Log-uniform,4,mean_nsamp,-1,sigma,-1,theta_true,0,theta_CV,0,N_range,0,3,2,0.05,1.0,0.2,25,100,10,2356,1.0,0.25,25,1.0,25,25-100,"0.0, 0.0, 0.0","1.0, 1.0, 1.0"
744,hake_ex744.inp,Log-uniform,4,mean_nsamp,-1,sigma,-1,theta_true,0,theta_CV,0,N_range,1,3,2,0.05,1.0,0.2,10,250,10,2356,1.0,0.25,25,1.0,25,10-250,"0.0, 0.0, 0.0","1.0, 1.0, 1.0"
745,hake_ex745.inp,Log-uniform,4,mean_nsamp,-1,sigma,-1,theta_true,0,theta_CV,1,N_range,-1,3,2,0.05,1.0,0.6,40,60,10,2356,1.0,0.25,25,1.0,25,40-60,"0.0, 0.0, 0.0","1.0, 1.0, 1.0"
746,hake_ex746.inp,Log-uniform,4,mean_nsamp,-1,sigma,-1,theta_true,0,theta_CV,1,N_range,0,3,2,0.05,1.0,0.6,25,100,10,2356,1.0,0.25,25,1.0,25,25-100,"0.0, 0.0, 0.0","1.0, 1.0, 1.0"
747,hake_ex747.inp,Log-uniform,4,mean_nsamp,-1,sigma,-1,theta_true,0,theta_CV,1,N_range,1,3,2,0.05,1.0,0.6,10,250,10,2356,1.0,0.25,25,1.0,25,10-250,"0.0, 0.0, 0.0","1.0, 1.0, 1.0"
748,hake_ex748.inp,Log-uniform,4,mean_nsamp,-1,sigma,-1,theta_true,1,theta_CV,-1,N_range,-1,3,2,0.05,2.0,0.0,40,60,10,2356,1.0,0.25,25,1.0,25,40-60,"0.0, 0.0, 0.0","1.0, 1.0, 1.0"
749,hake_ex749.inp,Log-uniform,4,mean_nsamp,-1,sigma,-1,theta_true,1,theta_CV,-1,N_range,0,3,2,0.05,2.0,0.0,25,100,10,2356,1.0,0.25,25,1.0,25,25-100,"0.0, 0.0, 0.0","1.0, 1.0, 1.0"
750,hake_ex750.inp,Log-uniform,4,mean_nsamp,-1,sigma,-1,theta_true,1,theta_CV,-1,N_range,1,3,2,0.05,2.0,0.0,10,250,10,2356,1.0,0.25,25,1.0,25,10-250,"0.0, 0.0, 0.0","1.0, 1.0, 1.0"
751,hake_ex751.inp,Log-uniform,4,mean_nsamp,-1,sigma,-1,theta_true,1,theta_CV,0,N_range,-1,3,2,0.05,2.0,0.2,40,60,10,2356,1.0,0.25,25,1.0,25,40-60,"0.0, 0.0, 0.0","1.0, 1.0, 1.0"
752,hake_ex752.inp,Log-uniform,4,mean_nsamp,-1,sigma,-1,theta_true,1,theta_CV,0,N_range,0,3,2,0.05,2.0,0.2,25,100,10,2356,1.0,0.25,25,1.0,25,25-100,"0.0, 0.0, 0.0","1.0, 1.0, 1.0"
753,hake_ex753.inp,Log-uniform,4,mean_nsamp,-1,sigma,-1,theta_true,1,theta_CV,0,N_range,1,3,2,0.05,2.0,0.2,10,250,10,2356,1.0,0.25,25,1.0,25,10-250,"0.0, 0.0, 0.0","1.0, 1.0, 1.0"
754,hake_ex754.inp,Log-uniform,4,mean_nsamp,-1,sigma,-1,theta_true,1,theta_CV,1,N_range,-1,3,2,0.05,2.0,0.6,40,60,10,2356,1.0,0.25,25,1.0,25,40-60,"0.0, 0.0, 0.0","1.0, 1.0, 1.0"
755,hake_ex755.inp,Log-uniform,4,mean_nsamp,-1,sigma,-1,theta_true,1,theta_CV,1,N_range,0,3,2,0.05,2.0,0.6,25,100,10,2356,1.0,0.25,25,1.0,25,25-100,"0.0, 0.0, 0.0","1.0, 1.0, 1.0"
756,hake_ex756.inp,Log-uniform,4,mean_nsamp,-1,sigma,-1,theta_true,1,theta_CV,1,N_range,1,3,2,0.05,2.0,0.6,10,250,10,2356,1.0,0.25,25,1.0,25,10-250,"0.0, 0.0, 0.0","1.0, 1.0, 1.0"
757,hake_ex757.inp,Log-uniform,4,mean_nsamp,-1,sigma,0,theta_true,-1,theta_CV,-1,N_range,-1,3,2,0.05,0.5,0.0,40,60,10,2356,1.0,0.5,25,1.0,25,40-60,"0.0, 0.0, 0.0","1.0, 1.0, 1.0"
758,hake_ex758.inp,Log-uniform,4,mean_nsamp,-1,sigma,0,theta_true,-1,theta_CV,-1,N_range,0,3,2,0.05,0.5,0.0,25,100,10,2356,1.0,0.5,25,1.0,25,25-100,"0.0, 0.0, 0.0","1.0, 1.0, 1.0"
759,hake_ex759.inp,Log-uniform,4,mean_nsamp,-1,sigma,0,theta_true,-1,theta_CV,-1,N_range,1,3,2,0.05,0.5,0.0,10,250,10,2356,1.0,0.5,25,1.0,25,10-250,"0.0, 0.0, 0.0","1.0, 1.0, 1.0"
760,hake_ex760.inp,Log-uniform,4,mean_nsamp,-1,sigma,0,theta_true,-1,theta_CV,0,N_range,-1,3,2,0.05,0.5,0.2,40,60,10,2356,1.0,0.5,25,1.0,25,40-60,"0.0, 0.0, 0.0","1.0, 1.0, 1.0"
761,hake_ex761.inp,Log-uniform,4,mean_nsamp,-1,sigma,0,theta_true,-1,theta_CV,0,N_range,0,3,2,0.05,0.5,0.2,25,100,10,2356,1.0,0.5,25,1.0,25,25-100,"0.0, 0.0, 0.0","1.0, 1.0, 1.0"
762,hake_ex762.inp,Log-uniform,4,mean_nsamp,-1,sigma,0,theta_true,-1,theta_CV,0,N_range,1,3,2,0.05,0.5,0.2,10,250,10,2356,1.0,0.5,25,1.0,25,10-250,"0.0, 0.0, 0.0","1.0, 1.0, 1.0"
763,hake_ex763.inp,Log-uniform,4,mean_nsamp,-1,sigma,0,theta_true,-1,theta_CV,1,N_range,-1,3,2,0.05,0.5,0.6,40,60,10,2356,1.0,0.5,25,1.0,25,40-60,"0.0, 0.0, 0.0","1.0, 1.0, 1.0"
764,hake_ex764.inp,Log-uniform,4,mean_nsamp,-1,sigma,0,theta_true,-1,theta_CV,1,N_range,0,3,2,0.05,0.5,0.6,25,100,10,2356,1.0,0.5,25,1.0,25,25-100,"0.0, 0.0, 0.0","1.0, 1.0, 1.0"
765,hake_ex765.inp,Log-uniform,4,mean_nsamp,-1,sigma,0,theta_true,-1,theta_CV,1,N_range,1,3,2,0.05,0.5,0.6,10,250,10,2356,1.0,0.5,25,1.0,25,10-250,"0.0, 0.0, 0.0","1.0, 1.0, 1.0"
766,hake_ex766.inp,Log-uniform,4,mean_nsamp,-1,sigma,0,theta_true,0,theta_CV,-1,N_range,-1,3,2,0.05,1.0,0.0,40,60,10,2356,1.0,0.5,25,1.0,25,40-60,"0.0, 0.0, 0.0","1.0, 1.0, 1.0"
767,hake_ex767.inp,Log-uniform,4,mean_nsamp,-1,sigma,0,theta_true,0,theta_CV,-1,N_range,0,3,2,0.05,1.0,0.0,25,100,10,2356,1.0,0.5,25,1.0,25,25-100,"0.0, 0.0, 0.0","1.0, 1.0, 1.0"
768,hake_ex768.inp,Log-uniform,4,mean_nsamp,-1,sigma,0,theta_true,0,theta_CV,-1,N_range,1,3,2,0.05,1.0,0.0,10,250,10,2356,1.0,0.5,25,1.0,25,10-250,"0.0, 0.0, 0.0","1.0, 1.0, 1.0"
769,hake_ex769.inp,Log-uniform,4,mean_nsamp,-1,sigma,0,theta_true,0,theta_CV,0,N_range,-1,3,2,0.05,1.0,0.2,40,60,10,2356,1.0,0.5,25,1.0,25,40-60,"0.0, 0.0, 0.0","1.0, 1.0, 1.0"
770,hake_ex770.inp,Log-uniform,4,mean_nsamp,-1,sigma,0,theta_true,0,theta_CV,0,N_range,0,3,2,0.05,1.0,0.2,25,100,10,2356,1.0,0.5,25,1.0,25,25-100,"0.0, 0.0, 0.0","1.0, 1.0, 1.0"
771,hake_ex771.inp,Log-uniform,4,mean_nsamp,-1,sigma,0,theta_true,0,theta_CV,0,N_range,1,3,2,0.05,1.0,0.2,10,250,10,2356,1.0,0.5,25,1.0,25,10-250,"0.0, 0.0, 0.0","1.0, 1.0, 1.0"
772,hake_ex772.inp,Log-uniform,4,mean_nsamp,-1,sigma,0,theta_true,0,theta_CV,1,N_range,-1,3,2,0.05,1.0,0.6,40,60,10,2356,1.0,0.5,25,1.0,25,40-60,"0.0, 0.0, 0.0","1.0, 1.0, 1.0"
773,hake_ex773.inp,Log-uniform,4,mean_nsamp,-1,sigma,0,theta_true,0,theta_CV,1,N_range,0,3,2,0.05,1.0,0.6,25,100,10,2356,1.0,0.5,25,1.0,25,25-100,"0.0, 0.0, 0.0","1.0, 1.0, 1.0"
774,hake_ex774.inp,Log-uniform,4,mean_nsamp,-1,sigma,0,theta_true,0,theta_CV,1,N_range,1,3,2,0.05,1.0,0.6,10,250,10,2356,1.0,0.5,25,1.0,25,10-250,"0.0, 0.0, 0.0","1.0, 1.0, 1.0"
775,hake_ex775.inp,Log-uniform,4,mean_nsamp,-1,sigma,0,theta_true,1,theta_CV,-1,N_range,-1,3,2,0.05,2.0,0.0,40,60,10,2356,1.0,0.5,25,1.0,25,40-60,"0.0, 0.0, 0.0","1.0, 1.0, 1.0"
776,hake_ex776.inp,Log-uniform,4,mean_nsamp,-1,sigma,0,theta_true,1,theta_CV,-1,N_range,0,3,2,0.05,2.0,0.0,25,100,10,2356,1.0,0.5,25,1.0,25,25-100,"0.0, 0.0, 0.0","1.0, 1.0, 1.0"
777,hake_ex777.inp,Log-uniform,4,mean_nsamp,-1,sigma,0,theta_true,1,theta_CV,-1,N_range,1,3,2,0.05,2.0,0.0,10,250,10,2356,1.0,0.5,25,1.0,25,10-250,"0.0, 0.0, 0.0","1.0, 1.0, 1.0"
778,hake_ex778.inp,Log-uniform,4,mean_nsamp,-1,sigma,0,theta_true,1,theta_CV,0,N_range,-1,3,2,0.05,2.0,0.2,40,60,10,2356,1.0,0.5,25,1.0,25,40-60,"0.0, 0.0, 0.0","1.0, 1.0, 1.0"
779,hake_ex779.inp,Log-uniform,4,mean_nsamp,-1,sigma,0,theta_true,1,theta_CV,0,N_range,0,3,2,0.05,2.0,0.2,25,100,10,2356,1.0,0.5,25,1.0,25,25-100,"0.0, 0.0, 0.0","1.0, 1.0, 1.0"
780,hake_ex780.inp,Log-uniform,4,mean_nsamp,-1,sigma,0,theta_true,1,theta_CV,0,N_range,1,3,2,0.05,2.0,0.2,10,250,10,2356,1.0,0.5,25,1.0,25,10-250,"0.0, 0.0, 0.0","1.0, 1.0, 1.0"
781,hake_ex781.inp,Log-uniform,4,mean_nsamp,-1,sigma,0,theta_true,1,theta_CV,1,N_range,-1,3,2,0.05,2.0,0.6,40,60,10,2356,1.0,0.5,25,1.0,25,40-60,"0.0, 0.0, 0.0","1.0, 1.0, 1.0"
782,hake_ex782.inp,Log-uniform,4,mean_nsamp,-1,sigma,0,theta_true,1,theta_CV,1,N_range,0,3,2,0.05,2.0,0.6,25,100,10,2356,1.0,0.5,25,1.0,25,25-100,"0.0, 0.0, 0.0","1.0, 1.0, 1.0"
783,hake_ex783.inp,Log-uniform,4,mean_nsamp,-1,sigma,0,theta_true,1,theta_CV,1,N_range,1,3,2,0.05,2.0,0.6,10,250,10,2356,1.0,0.5,25,1.0,25,10-250,"0.0, 0.0, 0.0","1.0, 1.0, 1.0"
784,hake_ex784.inp,Log-uniform,4,mean_nsamp,-1,sigma,1,theta_true,-1,theta_CV,-1,N_range,-1,3,2,0.05,0.5,0.0,40,60,10,2356,1.0,1.0,25,1.0,25,40-60,"0.0, 0.0, 0.0","1.0, 1.0, 1.0"
785,hake_ex785.inp,Log-uniform,4,mean_nsamp,-1,sigma,1,theta_true,-1,theta_CV,-1,N_range,0,3,2,0.05,0.5,0.0,25,100,10,2356,1.0,1.0,25,1.0,25,25-100,"0.0, 0.0, 0.0","1.0, 1.0, 1.0"
786,hake_ex786.inp,Log-uniform,4,mean_nsamp,-1,sigma,1,theta_true,-1,theta_CV,-1,N_range,1,3,2,0.05,0.5,0.0,10,250,10,2356,1.0,1.0,25,1.0,25,10-250,"0.0, 0.0, 0.0","1.0, 1.0, 1.0"
787,hake_ex787.inp,Log-uniform,4,mean_nsamp,-1,sigma,1,theta_true,-1,theta_CV,0,N_range,-1,3,2,0.05,0.5,0.2,40,60,10,2356,1.0,1.0,25,1.0,25,40-60,"0.0, 0.0, 0.0","1.0, 1.0, 1.0"
788,hake_ex788.inp,Log-uniform,4,mean_nsamp,-1,sigma,1,theta_true,-1,theta_CV,0,N_range,0,3,2,0.05,0.5,0.2,25,100,10,2356,1.0,1.0,25,1.0,25,25-100,"0.0, 0.0, 0.0","1.0, 1.0, 1.0"
789,hake_ex789.inp,Log-uniform,4,mean_nsamp,-1,sigma,1,theta_true,-1,theta_CV,0,N_range,1,3,2,0.05,0.5,0.2,10,250,10,2356,1.0,1.0,25,1.0,25,10-250,"0.0, 0.0, 0.0","1.0, 1.0, 1.0"
790,hake_ex790.inp,Log-uniform,4,mean_nsamp,-1,sigma,1,theta_true,-1,theta_CV,1,N_range,-1,3,2,0.05,0.5,0.6,40,60,10,2356,1.0,1.0,25,1.0,25,40-60,"0.0, 0.0, 0.0","1.0, 1.0, 1.0"
791,hake_ex791.inp,Log-uniform,4,mean_nsamp,-1,sigma,1,theta_true,-1,theta_CV,1,N_range,0,3,2,0.05,0.5,0.6,25,100,10,2356,1.0,1.0,25,1.0,25,25-100,"0.0, 0.0, 0.0","1.0, 1.0, 1.0"
792,hake_ex792.inp,Log-uniform,4,mean_nsamp,-1,sigma,1,theta_true,-1,theta_CV,1,N_range,1,3,2,0.05,0.5,0.6,10,250,10,2356,1.0,1.0,25,1.0,25,10-250,"0.0, 0.0, 0.0","1.0, 1.0, 1.0"
793,hake_ex793.inp,Log-uniform,4,mean_nsamp,-1,sigma,1,theta_true,0,theta_CV,-1,N_range,-1,3,2,0.05,1.0,0.0,40,60,10,2356,1.0,1.0,25,1.0,25,40-60,"0.0, 0.0, 0.0","1.0, 1.0, 1.0"
794,hake_ex794.inp,Log-uniform,4,mean_nsamp,-1,sigma,1,theta_true,0,theta_CV,-1,N_range,0,3,2,0.05,1.0,0.0,25,100,10,2356,1.0,1.0,25,1.0,25,25-100,"0.0, 0.0, 0.0","1.0, 1.0, 1.0"
795,hake_ex795.inp,Log-uniform,4,mean_nsamp,-1,sigma,1,theta_true,0,theta_CV,-1,N_range,1,3,2,0.05,1.0,0.0,10,250,10,2356,1.0,1.0,25,1.0,25,10-250,"0.0, 0.0, 0.0","1.0, 1.0, 1.0"
796,hake_ex796.inp,Log-uniform,4,mean_nsamp,-1,sigma,1,theta_true,0,theta_CV,0,N_range,-1,3,2,0.05,1.0,0.2,40,60,10,2356,1.0,1.0,25,1.0,25,40-60,"0.0, 0.0, 0.0","1.0, 1.0, 1.0"
797,hake_ex797.inp,Log-uniform,4,mean_nsamp,-1,sigma,1,theta_true,0,theta_CV,0,N_range,0,3,2,0.05,1.0,0.2,25,100,10,2356,1.0,1.0,25,1.0,25,25-100,"0.0, 0.0, 0.0","1.0, 1.0, 1.0"
798,hake_ex798.inp,Log-uniform,4,mean_nsamp,-1,sigma,1,theta_true,0,theta_CV,0,N_range,1,3,2,0.05,1.0,0.2,10,250,10,2356,1.0,1.0,25,1.0,25,10-250,"0.0, 0.0, 0.0","1.0, 1.0, 1.0"
799,hake_ex799.inp,Log-uniform,4,mean_nsamp,-1,sigma,1,theta_true,0,theta_CV,1,N_range,-1,3,2,0.05,1.0,0.6,40,60,10,2356,1.0,1.0,25,1.0,25,40-60,"0.0, 0.0, 0.0","1.0, 1.0, 1.0"
800,hake_ex800.inp,Log-uniform,4,mean_nsamp,-1,sigma,1,theta_true,0,theta_CV,1,N_range,0,3,2,0.05,1.0,0.6,25,100,10,2356,1.0,1.0,25,1.0,25,25-100,"0.0, 0.0, 0.0","1.0, 1.0, 1.0"
801,hake_ex801.inp,Log-uniform,4,mean_nsamp,-1,sigma,1,theta_true,0,theta_CV,1,N_range,1,3,2,0.05,1.0,0.6,10,250,10,2356,1.0,1.0,25,1.0,25,10-250,"0.0, 0.0, 0.0","1.0, 1.0, 1.0"
802,hake_ex802.inp,Log-uniform,4,mean_nsamp,-1,sigma,1,theta_true,1,theta_CV,-1,N_range,-1,3,2,0.05,2.0,0.0,40,60,10,2356,1.0,1.0,25,1.0,25,40-60,"0.0, 0.0, 0.0","1.0, 1.0, 1.0"
803,hake_ex803.inp,Log-uniform,4,mean_nsamp,-1,sigma,1,theta_true,1,theta_CV,-1,N_range,0,3,2,0.05,2.0,0.0,25,100,10,2356,1.0,1.0,25,1.0,25,25-100,"0.0, 0.0, 0.0","1.0, 1.0, 1.0"
804,hake_ex804.inp,Log-uniform,4,mean_nsamp,-1,sigma,1,theta_true,1,theta_CV,-1,N_range,1,3,2,0.05,2.0,0.0,10,250,10,2356,1.0,1.0,25,1.0,25,10-250,"0.0, 0.0, 0.0","1.0, 1.0, 1.0"
805,hake_ex805.inp,Log-uniform,4,mean_nsamp,-1,sigma,1,theta_true,1,theta_CV,0,N_range,-1,3,2,0.05,2.0,0.2,40,60,10,2356,1.0,1.0,25,1.0,25,40-60,"0.0, 0.0, 0.0","1.0, 1.0, 1.0"
806,hake_ex806.inp,Log-uniform,4,mean_nsamp,-1,sigma,1,theta_true,1,theta_CV,0,N_range,0,3,2,0.05,2.0,0.2,25,100,10,2356,1.0,1.0,25,1.0,25,25-100,"0.0, 0.0, 0.0","1.0, 1.0, 1.0"
807,hake_ex807.inp,Log-uniform,4,mean_nsamp,-1,sigma,1,theta_true,1,theta_CV,0,N_range,1,3,2,0.05,2.0,0.2,10,250,10,2356,1.0,1.0,25,1.0,25,10-250,"0.0, 0.0, 0.0","1.0, 1.0, 1.0"
808,hake_ex808.inp,Log-uniform,4,mean_nsamp,-1,sigma,1,theta_true,1,theta_CV,1,N_range,-1,3,2,0.05,2.0,0.6,40,60,10,2356,1.0,1.0,25,1.0,25,40-60,"0.0, 0.0, 0.0","1.0, 1.0, 1.0"
809,hake_ex809.inp,Log-uniform,4,mean_nsamp,-1,sigma,1,theta_true,1,theta_CV,1,N_range,0,3,2,0.05,2.0,0.6,25,100,10,2356,1.0,1.0,25,1.0,25,25-100,"0.0, 0.0, 0.0","1.0, 1.0, 1.0"
810,hake_ex810.inp,Log-uniform,4,mean_nsamp,-1,sigma,1,theta_true,1,theta_CV,1,N_range,1,3,2,0.05,2.0,0.6,10,250,10,2356,1.0,1.0,25,1.0,25,10-250,"0.0, 0.0, 0.0","1.0, 1.0, 1.0"
811,hake_ex811.inp,Log-uniform,4,mean_nsamp,0,sigma,-1,theta_true,-1,theta_CV,-1,N_range,-1,3,2,0.05,0.5,0.0,40,60,10,2356,1.0,0.25,50,1.0,25,40-60,"0.0, 0.0, 0.0","1.0, 1.0, 1.0"
812,hake_ex812.inp,Log-uniform,4,mean_nsamp,0,sigma,-1,theta_true,-1,theta_CV,-1,N_range,0,3,2,0.05,0.5,0.0,25,100,10,2356,1.0,0.25,50,1.0,25,25-100,"0.0, 0.0, 0.0","1.0, 1.0, 1.0"
813,hake_ex813.inp,Log-uniform,4,mean_nsamp,0,sigma,-1,theta_true,-1,theta_CV,-1,N_range,1,3,2,0.05,0.5,0.0,10,250,10,2356,1.0,0.25,50,1.0,25,10-250,"0.0, 0.0, 0.0","1.0, 1.0, 1.0"
814,hake_ex814.inp,Log-uniform,4,mean_nsamp,0,sigma,-1,theta_true,-1,theta_CV,0,N_range,-1,3,2,0.05,0.5,0.2,40,60,10,2356,1.0,0.25,50,1.0,25,40-60,"0.0, 0.0, 0.0","1.0, 1.0, 1.0"
815,hake_ex815.inp,Log-uniform,4,mean_nsamp,0,sigma,-1,theta_true,-1,theta_CV,0,N_range,0,3,2,0.05,0.5,0.2,25,100,10,2356,1.0,0.25,50,1.0,25,25-100,"0.0, 0.0, 0.0","1.0, 1.0, 1.0"
816,hake_ex816.inp,Log-uniform,4,mean_nsamp,0,sigma,-1,theta_true,-1,theta_CV,0,N_range,1,3,2,0.05,0.5,0.2,10,250,10,2356,1.0,0.25,50,1.0,25,10-250,"0.0, 0.0, 0.0","1.0, 1.0, 1.0"
817,hake_ex817.inp,Log-uniform,4,mean_nsamp,0,sigma,-1,theta_true,-1,theta_CV,1,N_range,-1,3,2,0.05,0.5,0.6,40,60,10,2356,1.0,0.25,50,1.0,25,40-60,"0.0, 0.0, 0.0","1.0, 1.0, 1.0"
818,hake_ex818.inp,Log-uniform,4,mean_nsamp,0,sigma,-1,theta_true,-1,theta_CV,1,N_range,0,3,2,0.05,0.5,0.6,25,100,10,2356,1.0,0.25,50,1.0,25,25-100,"0.0, 0.0, 0.0","1.0, 1.0, 1.0"
819,hake_ex819.inp,Log-uniform,4,mean_nsamp,0,sigma,-1,theta_true,-1,theta_CV,1,N_range,1,3,2,0.05,0.5,0.6,10,250,10,2356,1.0,0.25,50,1.0,25,10-250,"0.0, 0.0, 0.0","1.0, 1.0, 1.0"
820,hake_ex820.inp,Log-uniform,4,mean_nsamp,0,sigma,-1,theta_true,0,theta_CV,-1,N_range,-1,3,2,0.05,1.0,0.0,40,60,10,2356,1.0,0.25,50,1.0,25,40-60,"0.0, 0.0, 0.0","1.0, 1.0, 1.0"
821,hake_ex821.inp,Log-uniform,4,mean_nsamp,0,sigma,-1,theta_true,0,theta_CV,-1,N_range,0,3,2,0.05,1.0,0.0,25,100,10,2356,1.0,0.25,50,1.0,25,25-100,"0.0, 0.0, 0.0","1.0, 1.0, 1.0"
822,hake_ex822.inp,Log-uniform,4,mean_nsamp,0,sigma,-1,theta_true,0,theta_CV,-1,N_range,1,3,2,0.05,1.0,0.0,10,250,10,2356,1.0,0.25,50,1.0,25,10-250,"0.0, 0.0, 0.0","1.0, 1.0, 1.0"
823,hake_ex823.inp,Log-uniform,4,mean_nsamp,0,sigma,-1,theta_true,0,theta_CV,0,N_range,-1,3,2,0.05,1.0,0.2,40,60,10,2356,1.0,0.25,50,1.0,25,40-60,"0.0, 0.0, 0.0","1.0, 1.0, 1.0"
824,hake_ex824.inp,Log-uniform,4,mean_nsamp,0,sigma,-1,theta_true,0,theta_CV,0,N_range,0,3,2,0.05,1.0,0.2,25,100,10,2356,1.0,0.25,50,1.0,25,25-100,"0.0, 0.0, 0.0","1.0, 1.0, 1.0"
825,hake_ex825.inp,Log-uniform,4,mean_nsamp,0,sigma,-1,theta_true,0,theta_CV,0,N_range,1,3,2,0.05,1.0,0.2,10,250,10,2356,1.0,0.25,50,1.0,25,10-250,"0.0, 0.0, 0.0","1.0, 1.0, 1.0"
826,hake_ex826.inp,Log-uniform,4,mean_nsamp,0,sigma,-1,theta_true,0,theta_CV,1,N_range,-1,3,2,0.05,1.0,0.6,40,60,10,2356,1.0,0.25,50,1.0,25,40-60,"0.0, 0.0, 0.0","1.0, 1.0, 1.0"
827,hake_ex827.inp,Log-uniform,4,mean_nsamp,0,sigma,-1,theta_true,0,theta_CV,1,N_range,0,3,2,0.05,1.0,0.6,25,100,10,2356,1.0,0.25,50,1.0,25,25-100,"0.0, 0.0, 0.0","1.0, 1.0, 1.0"
828,hake_ex828.inp,Log-uniform,4,mean_nsamp,0,sigma,-1,theta_true,0,theta_CV,1,N_range,1,3,2,0.05,1.0,0.6,10,250,10,2356,1.0,0.25,50,1.0,25,10-250,"0.0, 0.0, 0.0","1.0, 1.0, 1.0"
829,hake_ex829.inp,Log-uniform,4,mean_nsamp,0,sigma,-1,theta_true,1,theta_CV,-1,N_range,-1,3,2,0.05,2.0,0.0,40,60,10,2356,1.0,0.25,50,1.0,25,40-60,"0.0, 0.0, 0.0","1.0, 1.0, 1.0"
830,hake_ex830.inp,Log-uniform,4,mean_nsamp,0,sigma,-1,theta_true,1,theta_CV,-1,N_range,0,3,2,0.05,2.0,0.0,25,100,10,2356,1.0,0.25,50,1.0,25,25-100,"0.0, 0.0, 0.0","1.0, 1.0, 1.0"
831,hake_ex831.inp,Log-uniform,4,mean_nsamp,0,sigma,-1,theta_true,1,theta_CV,-1,N_range,1,3,2,0.05,2.0,0.0,10,250,10,2356,1.0,0.25,50,1.0,25,10-250,"0.0, 0.0, 0.0","1.0, 1.0, 1.0"
832,hake_ex832.inp,Log-uniform,4,mean_nsamp,0,sigma,-1,theta_true,1,theta_CV,0,N_range,-1,3,2,0.05,2.0,0.2,40,60,10,2356,1.0,0.25,50,1.0,25,40-60,"0.0, 0.0, 0.0","1.0, 1.0, 1.0"
833,hake_ex833.inp,Log-uniform,4,mean_nsamp,0,sigma,-1,theta_true,1,theta_CV,0,N_range,0,3,2,0.05,2.0,0.2,25,100,10,2356,1.0,0.25,50,1.0,25,25-100,"0.0, 0.0, 0.0","1.0, 1.0, 1.0"
834,hake_ex834.inp,Log-uniform,4,mean_nsamp,0,sigma,-1,theta_true,1,theta_CV,0,N_range,1,3,2,0.05,2.0,0.2,10,250,10,2356,1.0,0.25,50,1.0,25,10-250,"0.0, 0.0, 0.0","1.0, 1.0, 1.0"
835,hake_ex835.inp,Log-uniform,4,mean_nsamp,0,sigma,-1,theta_true,1,theta_CV,1,N_range,-1,3,2,0.05,2.0,0.6,40,60,10,2356,1.0,0.25,50,1.0,25,40-60,"0.0, 0.0, 0.0","1.0, 1.0, 1.0"
836,hake_ex836.inp,Log-uniform,4,mean_nsamp,0,sigma,-1,theta_true,1,theta_CV,1,N_range,0,3,2,0.05,2.0,0.6,25,100,10,2356,1.0,0.25,50,1.0,25,25-100,"0.0, 0.0, 0.0","1.0, 1.0, 1.0"
837,hake_ex837.inp,Log-uniform,4,mean_nsamp,0,sigma,-1,theta_true,1,theta_CV,1,N_range,1,3,2,0.05,2.0,0.6,10,250,10,2356,1.0,0.25,50,1.0,25,10-250,"0.0, 0.0, 0.0","1.0, 1.0, 1.0"
838,hake_ex838.inp,Log-uniform,4,mean_nsamp,0,sigma,0,theta_true,-1,theta_CV,-1,N_range,-1,3,2,0.05,0.5,0.0,40,60,10,2356,1.0,0.5,50,1.0,25,40-60,"0.0, 0.0, 0.0","1.0, 1.0, 1.0"
839,hake_ex839.inp,Log-uniform,4,mean_nsamp,0,sigma,0,theta_true,-1,theta_CV,-1,N_range,0,3,2,0.05,0.5,0.0,25,100,10,2356,1.0,0.5,50,1.0,25,25-100,"0.0, 0.0, 0.0","1.0, 1.0, 1.0"
840,hake_ex840.inp,Log-uniform,4,mean_nsamp,0,sigma,0,theta_true,-1,theta_CV,-1,N_range,1,3,2,0.05,0.5,0.0,10,250,10,2356,1.0,0.5,50,1.0,25,10-250,"0.0, 0.0, 0.0","1.0, 1.0, 1.0"
841,hake_ex841.inp,Log-uniform,4,mean_nsamp,0,sigma,0,theta_true,-1,theta_CV,0,N_range,-1,3,2,0.05,0.5,0.2,40,60,10,2356,1.0,0.5,50,1.0,25,40-60,"0.0, 0.0, 0.0","1.0, 1.0, 1.0"
842,hake_ex842.inp,Log-uniform,4,mean_nsamp,0,sigma,0,theta_true,-1,theta_CV,0,N_range,0,3,2,0.05,0.5,0.2,25,100,10,2356,1.0,0.5,50,1.0,25,25-100,"0.0, 0.0, 0.0","1.0, 1.0, 1.0"
843,hake_ex843.inp,Log-uniform,4,mean_nsamp,0,sigma,0,theta_true,-1,theta_CV,0,N_range,1,3,2,0.05,0.5,0.2,10,250,10,2356,1.0,0.5,50,1.0,25,10-250,"0.0, 0.0, 0.0","1.0, 1.0, 1.0"
844,hake_ex844.inp,Log-uniform,4,mean_nsamp,0,sigma,0,theta_true,-1,theta_CV,1,N_range,-1,3,2,0.05,0.5,0.6,40,60,10,2356,1.0,0.5,50,1.0,25,40-60,"0.0, 0.0, 0.0","1.0, 1.0, 1.0"
845,hake_ex845.inp,Log-uniform,4,mean_nsamp,0,sigma,0,theta_true,-1,theta_CV,1,N_range,0,3,2,0.05,0.5,0.6,25,100,10,2356,1.0,0.5,50,1.0,25,25-100,"0.0, 0.0, 0.0","1.0, 1.0, 1.0"
846,hake_ex846.inp,Log-uniform,4,mean_nsamp,0,sigma,0,theta_true,-1,theta_CV,1,N_range,1,3,2,0.05,0.5,0.6,10,250,10,2356,1.0,0.5,50,1.0,25,10-250,"0.0, 0.0, 0.0","1.0, 1.0, 1.0"
847,hake_ex847.inp,Log-uniform,4,mean_nsamp,0,sigma,0,theta_true,0,theta_CV,-1,N_range,-1,3,2,0.05,1.0,0.0,40,60,10,2356,1.0,0.5,50,1.0,25,40-60,"0.0, 0.0, 0.0","1.0, 1.0, 1.0"
848,hake_ex848.inp,Log-uniform,4,mean_nsamp,0,sigma,0,theta_true,0,theta_CV,-1,N_range,0,3,2,0.05,1.0,0.0,25,100,10,2356,1.0,0.5,50,1.0,25,25-100,"0.0, 0.0, 0.0","1.0, 1.0, 1.0"
849,hake_ex849.inp,Log-uniform,4,mean_nsamp,0,sigma,0,theta_true,0,theta_CV,-1,N_range,1,3,2,0.05,1.0,0.0,10,250,10,2356,1.0,0.5,50,1.0,25,10-250,"0.0, 0.0, 0.0","1.0, 1.0, 1.0"
850,hake_ex850.inp,Log-uniform,4,mean_nsamp,0,sigma,0,theta_true,0,theta_CV,0,N_range,-1,3,2,0.05,1.0,0.2,40,60,10,2356,1.0,0.5,50,1.0,25,40-60,"0.0, 0.0, 0.0","1.0, 1.0, 1.0"
851,hake_ex851.inp,Log-uniform,4,mean_nsamp,0,sigma,0,theta_true,0,theta_CV,0,N_range,0,3,2,0.05,1.0,0.2,25,100,10,2356,1.0,0.5,50,1.0,25,25-100,"0.0, 0.0, 0.0","1.0, 1.0, 1.0"
852,hake_ex852.inp,Log-uniform,4,mean_nsamp,0,sigma,0,theta_true,0,theta_CV,0,N_range,1,3,2,0.05,1.0,0.2,10,250,10,2356,1.0,0.5,50,1.0,25,10-250,"0.0, 0.0, 0.0","1.0, 1.0, 1.0"
853,hake_ex853.inp,Log-uniform,4,mean_nsamp,0,sigma,0,theta_true,0,theta_CV,1,N_range,-1,3,2,0.05,1.0,0.6,40,60,10,2356,1.0,0.5,50,1.0,25,40-60,"0.0, 0.0, 0.0","1.0, 1.0, 1.0"
854,hake_ex854.inp,Log-uniform,4,mean_nsamp,0,sigma,0,theta_true,0,theta_CV,1,N_range,0,3,2,0.05,1.0,0.6,25,100,10,2356,1.0,0.5,50,1.0,25,25-100,"0.0, 0.0, 0.0","1.0, 1.0, 1.0"
855,hake_ex855.inp,Log-uniform,4,mean_nsamp,0,sigma,0,theta_true,0,theta_CV,1,N_range,1,3,2,0.05,1.0,0.6,10,250,10,2356,1.0,0.5,50,1.0,25,10-250,"0.0, 0.0, 0.0","1.0, 1.0, 1.0"
856,hake_ex856.inp,Log-uniform,4,mean_nsamp,0,sigma,0,theta_true,1,theta_CV,-1,N_range,-1,3,2,0.05,2.0,0.0,40,60,10,2356,1.0,0.5,50,1.0,25,40-60,"0.0, 0.0, 0.0","1.0, 1.0, 1.0"
857,hake_ex857.inp,Log-uniform,4,mean_nsamp,0,sigma,0,theta_true,1,theta_CV,-1,N_range,0,3,2,0.05,2.0,0.0,25,100,10,2356,1.0,0.5,50,1.0,25,25-100,"0.0, 0.0, 0.0","1.0, 1.0, 1.0"
858,hake_ex858.inp,Log-uniform,4,mean_nsamp,0,sigma,0,theta_true,1,theta_CV,-1,N_range,1,3,2,0.05,2.0,0.0,10,250,10,2356,1.0,0.5,50,1.0,25,10-250,"0.0, 0.0, 0.0","1.0, 1.0, 1.0"
859,hake_ex859.inp,Log-uniform,4,mean_nsamp,0,sigma,0,theta_true,1,theta_CV,0,N_range,-1,3,2,0.05,2.0,0.2,40,60,10,2356,1.0,0.5,50,1.0,25,40-60,"0.0, 0.0, 0.0","1.0, 1.0, 1.0"
860,hake_ex860.inp,Log-uniform,4,mean_nsamp,0,sigma,0,theta_true,1,theta_CV,0,N_range,0,3,2,0.05,2.0,0.2,25,100,10,2356,1.0,0.5,50,1.0,25,25-100,"0.0, 0.0, 0.0","1.0, 1.0, 1.0"
861,hake_ex861.inp,Log-uniform,4,mean_nsamp,0,sigma,0,theta_true,1,theta_CV,0,N_range,1,3,2,0.05,2.0,0.2,10,250,10,2356,1.0,0.5,50,1.0,25,10-250,"0.0, 0.0, 0.0","1.0, 1.0, 1.0"
862,hake_ex862.inp,Log-uniform,4,mean_nsamp,0,sigma,0,theta_true,1,theta_CV,1,N_range,-1,3,2,0.05,2.0,0.6,40,60,10,2356,1.0,0.5,50,1.0,25,40-60,"0.0, 0.0, 0.0","1.0, 1.0, 1.0"
863,hake_ex863.inp,Log-uniform,4,mean_nsamp,0,sigma,0,theta_true,1,theta_CV,1,N_range,0,3,2,0.05,2.0,0.6,25,100,10,2356,1.0,0.5,50,1.0,25,25-100,"0.0, 0.0, 0.0","1.0, 1.0, 1.0"
864,hake_ex864.inp,Log-uniform,4,mean_nsamp,0,sigma,0,theta_true,1,theta_CV,1,N_range,1,3,2,0.05,2.0,0.6,10,250,10,2356,1.0,0.5,50,1.0,25,10-250,"0.0, 0.0, 0.0","1.0, 1.0, 1.0"
865,hake_ex865.inp,Log-uniform,4,mean_nsamp,0,sigma,1,theta_true,-1,theta_CV,-1,N_range,-1,3,2,0.05,0.5,0.0,40,60,10,2356,1.0,1.0,50,1.0,25,40-60,"0.0, 0.0, 0.0","1.0, 1.0, 1.0"
866,hake_ex866.inp,Log-uniform,4,mean_nsamp,0,sigma,1,theta_true,-1,theta_CV,-1,N_range,0,3,2,0.05,0.5,0.0,25,100,10,2356,1.0,1.0,50,1.0,25,25-100,"0.0, 0.0, 0.0","1.0, 1.0, 1.0"
867,hake_ex867.inp,Log-uniform,4,mean_nsamp,0,sigma,1,theta_true,-1,theta_CV,-1,N_range,1,3,2,0.05,0.5,0.0,10,250,10,2356,1.0,1.0,50,1.0,25,10-250,"0.0, 0.0, 0.0","1.0, 1.0, 1.0"
868,hake_ex868.inp,Log-uniform,4,mean_nsamp,0,sigma,1,theta_true,-1,theta_CV,0,N_range,-1,3,2,0.05,0.5,0.2,40,60,10,2356,1.0,1.0,50,1.0,25,40-60,"0.0, 0.0, 0.0","1.0, 1.0, 1.0"
869,hake_ex869.inp,Log-uniform,4,mean_nsamp,0,sigma,1,theta_true,-1,theta_CV,0,N_range,0,3,2,0.05,0.5,0.2,25,100,10,2356,1.0,1.0,50,1.0,25,25-100,"0.0, 0.0, 0.0","1.0, 1.0, 1.0"
870,hake_ex870.inp,Log-uniform,4,mean_nsamp,0,sigma,1,theta_true,-1,theta_CV,0,N_range,1,3,2,0.05,0.5,0.2,10,250,10,2356,1.0,1.0,50,1.0,25,10-250,"0.0, 0.0, 0.0","1.0, 1.0, 1.0"
871,hake_ex871.inp,Log-uniform,4,mean_nsamp,0,sigma,1,theta_true,-1,theta_CV,1,N_range,-1,3,2,0.05,0.5,0.6,40,60,10,2356,1.0,1.0,50,1.0,25,40-60,"0.0, 0.0, 0.0","1.0, 1.0, 1.0"
872,hake_ex872.inp,Log-uniform,4,mean_nsamp,0,sigma,1,theta_true,-1,theta_CV,1,N_range,0,3,2,0.05,0.5,0.6,25,100,10,2356,1.0,1.0,50,1.0,25,25-100,"0.0, 0.0, 0.0","1.0, 1.0, 1.0"
873,hake_ex873.inp,Log-uniform,4,mean_nsamp,0,sigma,1,theta_true,-1,theta_CV,1,N_range,1,3,2,0.05,0.5,0.6,10,250,10,2356,1.0,1.0,50,1.0,25,10-250,"0.0, 0.0, 0.0","1.0, 1.0, 1.0"
874,hake_ex874.inp,Log-uniform,4,mean_nsamp,0,sigma,1,theta_true,0,theta_CV,-1,N_range,-1,3,2,0.05,1.0,0.0,40,60,10,2356,1.0,1.0,50,1.0,25,40-60,"0.0, 0.0, 0.0","1.0, 1.0, 1.0"
875,hake_ex875.inp,Log-uniform,4,mean_nsamp,0,sigma,1,theta_true,0,theta_CV,-1,N_range,0,3,2,0.05,1.0,0.0,25,100,10,2356,1.0,1.0,50,1.0,25,25-100,"0.0, 0.0, 0.0","1.0, 1.0, 1.0"
876,hake_ex876.inp,Log-uniform,4,mean_nsamp,0,sigma,1,theta_true,0,theta_CV,-1,N_range,1,3,2,0.05,1.0,0.0,10,250,10,2356,1.0,1.0,50,1.0,25,10-250,"0.0, 0.0, 0.0","1.0, 1.0, 1.0"
877,hake_ex877.inp,Log-uniform,4,mean_nsamp,0,sigma,1,theta_true,0,theta_CV,0,N_range,-1,3,2,0.05,1.0,0.2,40,60,10,2356,1.0,1.0,50,1.0,25,40-60,"0.0, 0.0, 0.0","1.0, 1.0, 1.0"
878,hake_ex878.inp,Log-uniform,4,mean_nsamp,0,sigma,1,theta_true,0,theta_CV,0,N_range,0,3,2,0.05,1.0,0.2,25,100,10,2356,1.0,1.0,50,1.0,25,25-100,"0.0, 0.0, 0.0","1.0, 1.0, 1.0"
879,hake_ex879.inp,Log-uniform,4,mean_nsamp,0,sigma,1,theta_true,0,theta_CV,0,N_range,1,3,2,0.05,1.0,0.2,10,250,10,2356,1.0,1.0,50,1.0,25,10-250,"0.0, 0.0, 0.0","1.0, 1.0, 1.0"
880,hake_ex880.inp,Log-uniform,4,mean_nsamp,0,sigma,1,theta_true,0,theta_CV,1,N_range,-1,3,2,0.05,1.0,0.6,40,60,10,2356,1.0,1.0,50,1.0,25,40-60,"0.0, 0.0, 0.0","1.0, 1.0, 1.0"
881,hake_ex881.inp,Log-uniform,4,mean_nsamp,0,sigma,1,theta_true,0,theta_CV,1,N_range,0,3,2,0.05,1.0,0.6,25,100,10,2356,1.0,1.0,50,1.0,25,25-100,"0.0, 0.0, 0.0","1.0, 1.0, 1.0"
882,hake_ex882.inp,Log-uniform,4,mean_nsamp,0,sigma,1,theta_true,0,theta_CV,1,N_range,1,3,2,0.05,1.0,0.6,10,250,10,2356,1.0,1.0,50,1.0,25,10-250,"0.0, 0.0, 0.0","1.0, 1.0, 1.0"
883,hake_ex883.inp,Log-uniform,4,mean_nsamp,0,sigma,1,theta_true,1,theta_CV,-1,N_range,-1,3,2,0.05,2.0,0.0,40,60,10,2356,1.0,1.0,50,1.0,25,40-60,"0.0, 0.0, 0.0","1.0, 1.0, 1.0"
884,hake_ex884.inp,Log-uniform,4,mean_nsamp,0,sigma,1,theta_true,1,theta_CV,-1,N_range,0,3,2,0.05,2.0,0.0,25,100,10,2356,1.0,1.0,50,1.0,25,25-100,"0.0, 0.0, 0.0","1.0, 1.0, 1.0"
885,hake_ex885.inp,Log-uniform,4,mean_nsamp,0,sigma,1,theta_true,1,theta_CV,-1,N_range,1,3,2,0.05,2.0,0.0,10,250,10,2356,1.0,1.0,50,1.0,25,10-250,"0.0, 0.0, 0.0","1.0, 1.0, 1.0"
886,hake_ex886.inp,Log-uniform,4,mean_nsamp,0,sigma,1,theta_true,1,theta_CV,0,N_range,-1,3,2,0.05,2.0,0.2,40,60,10,2356,1.0,1.0,50,1.0,25,40-60,"0.0, 0.0, 0.0","1.0, 1.0, 1.0"
887,hake_ex887.inp,Log-uniform,4,mean_nsamp,0,sigma,1,theta_true,1,theta_CV,0,N_range,0,3,2,0.05,2.0,0.2,25,100,10,2356,1.0,1.0,50,1.0,25,25-100,"0.0, 0.0, 0.0","1.0, 1.0, 1.0"
888,hake_ex888.inp,Log-uniform,4,mean_nsamp,0,sigma,1,theta_true,1,theta_CV,0,N_range,1,3,2,0.05,2.0,0.2,10,250,10,2356,1.0,1.0,50,1.0,25,10-250,"0.0, 0.0, 0.0","1.0, 1.0, 1.0"
889,hake_ex889.inp,Log-uniform,4,mean_nsamp,0,sigma,1,theta_true,1,theta_CV,1,N_range,-1,3,2,0.05,2.0,0.6,40,60,10,2356,1.0,1.0,50,1.0,25,40-60,"0.0, 0.0, 0.0","1.0, 1.0, 1.0"
890,hake_ex890.inp,Log-uniform,4,mean_nsamp,0,sigma,1,theta_true,1,theta_CV,1,N_range,0,3,2,0.05,2.0,0.6,25,100,10,2356,1.0,1.0,50,1.0,25,25-100,"0.0, 0.0, 0.0","1.0, 1.0, 1.0"
891,hake_ex891.inp,Log-uniform,4,mean_nsamp,0,sigma,1,theta_true,1,theta_CV,1,N_range,1,3,2,0.05,2.0,0.6,10,250,10,2356,1.0,1.0,50,1.0,25,10-250,"0.0, 0.0, 0.0","1.0, 1.0, 1.0"
892,hake_ex892.inp,Log-uniform,4,mean_nsamp,1,sigma,-1,theta_true,-1,theta_CV,-1,N_range,-1,3,2,0.05,0.5,0.0,40,60,10,2356,1.0,0.25,100,1.0,25,40-60,"0.0, 0.0, 0.0","1.0, 1.0, 1.0"
893,hake_ex893.inp,Log-uniform,4,mean_nsamp,1,sigma,-1,theta_true,-1,theta_CV,-1,N_range,0,3,2,0.05,0.5,0.0,25,100,10,2356,1.0,0.25,100,1.0,25,25-100,"0.0, 0.0, 0.0","1.0, 1.0, 1.0"
894,hake_ex894.inp,Log-uniform,4,mean_nsamp,1,sigma,-1,theta_true,-1,theta_CV,-1,N_range,1,3,2,0.05,0.5,0.0,10,250,10,2356,1.0,0.25,100,1.0,25,10-250,"0.0, 0.0, 0.0","1.0, 1.0, 1.0"
895,hake_ex895.inp,Log-uniform,4,mean_nsamp,1,sigma,-1,theta_true,-1,theta_CV,0,N_range,-1,3,2,0.05,0.5,0.2,40,60,10,2356,1.0,0.25,100,1.0,25,40-60,"0.0, 0.0, 0.0","1.0, 1.0, 1.0"
896,hake_ex896.inp,Log-uniform,4,mean_nsamp,1,sigma,-1,theta_true,-1,theta_CV,0,N_range,0,3,2,0.05,0.5,0.2,25,100,10,2356,1.0,0.25,100,1.0,25,25-100,"0.0, 0.0, 0.0","1.0, 1.0, 1.0"
897,hake_ex897.inp,Log-uniform,4,mean_nsamp,1,sigma,-1,theta_true,-1,theta_CV,0,N_range,1,3,2,0.05,0.5,0.2,10,250,10,2356,1.0,0.25,100,1.0,25,10-250,"0.0, 0.0, 0.0","1.0, 1.0, 1.0"
898,hake_ex898.inp,Log-uniform,4,mean_nsamp,1,sigma,-1,theta_true,-1,theta_CV,1,N_range,-1,3,2,0.05,0.5,0.6,40,60,10,2356,1.0,0.25,100,1.0,25,40-60,"0.0, 0.0, 0.0","1.0, 1.0, 1.0"
899,hake_ex899.inp,Log-uniform,4,mean_nsamp,1,sigma,-1,theta_true,-1,theta_CV,1,N_range,0,3,2,0.05,0.5,0.6,25,100,10,2356,1.0,0.25,100,1.0,25,25-100,"0.0, 0.0, 0.0","1.0, 1.0, 1.0"
900,hake_ex900.inp,Log-uniform,4,mean_nsamp,1,sigma,-1,theta_true,-1,theta_CV,1,N_range,1,3,2,0.05,0.5,0.6,10,250,10,2356,1.0,0.25,100,1.0,25,10-250,"0.0, 0.0, 0.0","1.0, 1.0, 1.0"
901,hake_ex901.inp,Log-uniform,4,mean_nsamp,1,sigma,-1,theta_true,0,theta_CV,-1,N_range,-1,3,2,0.05,1.0,0.0,40,60,10,2356,1.0,0.25,100,1.0,25,40-60,"0.0, 0.0, 0.0","1.0, 1.0, 1.0"
902,hake_ex902.inp,Log-uniform,4,mean_nsamp,1,sigma,-1,theta_true,0,theta_CV,-1,N_range,0,3,2,0.05,1.0,0.0,25,100,10,2356,1.0,0.25,100,1.0,25,25-100,"0.0, 0.0, 0.0","1.0, 1.0, 1.0"
903,hake_ex903.inp,Log-uniform,4,mean_nsamp,1,sigma,-1,theta_true,0,theta_CV,-1,N_range,1,3,2,0.05,1.0,0.0,10,250,10,2356,1.0,0.25,100,1.0,25,10-250,"0.0, 0.0, 0.0","1.0, 1.0, 1.0"
904,hake_ex904.inp,Log-uniform,4,mean_nsamp,1,sigma,-1,theta_true,0,theta_CV,0,N_range,-1,3,2,0.05,1.0,0.2,40,60,10,2356,1.0,0.25,100,1.0,25,40-60,"0.0, 0.0, 0.0","1.0, 1.0, 1.0"
905,hake_ex905.inp,Log-uniform,4,mean_nsamp,1,sigma,-1,theta_true,0,theta_CV,0,N_range,0,3,2,0.05,1.0,0.2,25,100,10,2356,1.0,0.25,100,1.0,25,25-100,"0.0, 0.0, 0.0","1.0, 1.0, 1.0"
906,hake_ex906.inp,Log-uniform,4,mean_nsamp,1,sigma,-1,theta_true,0,theta_CV,0,N_range,1,3,2,0.05,1.0,0.2,10,250,10,2356,1.0,0.25,100,1.0,25,10-250,"0.0, 0.0, 0.0","1.0, 1.0, 1.0"
907,hake_ex907.inp,Log-uniform,4,mean_nsamp,1,sigma,-1,theta_true,0,theta_CV,1,N_range,-1,3,2,0.05,1.0,0.6,40,60,10,2356,1.0,0.25,100,1.0,25,40-60,"0.0, 0.0, 0.0","1.0, 1.0, 1.0"
908,hake_ex908.inp,Log-uniform,4,mean_nsamp,1,sigma,-1,theta_true,0,theta_CV,1,N_range,0,3,2,0.05,1.0,0.6,25,100,10,2356,1.0,0.25,100,1.0,25,25-100,"0.0, 0.0, 0.0","1.0, 1.0, 1.0"
909,hake_ex909.inp,Log-uniform,4,mean_nsamp,1,sigma,-1,theta_true,0,theta_CV,1,N_range,1,3,2,0.05,1.0,0.6,10,250,10,2356,1.0,0.25,100,1.0,25,10-250,"0.0, 0.0, 0.0","1.0, 1.0, 1.0"
910,hake_ex910.inp,Log-uniform,4,mean_nsamp,1,sigma,-1,theta_true,1,theta_CV,-1,N_range,-1,3,2,0.05,2.0,0.0,40,60,10,2356,1.0,0.25,100,1.0,25,40-60,"0.0, 0.0, 0.0","1.0, 1.0, 1.0"
911,hake_ex911.inp,Log-uniform,4,mean_nsamp,1,sigma,-1,theta_true,1,theta_CV,-1,N_range,0,3,2,0.05,2.0,0.0,25,100,10,2356,1.0,0.25,100,1.0,25,25-100,"0.0, 0.0, 0.0","1.0, 1.0, 1.0"
912,hake_ex912.inp,Log-uniform,4,mean_nsamp,1,sigma,-1,theta_true,1,theta_CV,-1,N_range,1,3,2,0.05,2.0,0.0,10,250,10,2356,1.0,0.25,100,1.0,25,10-250,"0.0, 0.0, 0.0","1.0, 1.0, 1.0"
913,hake_ex913.inp,Log-uniform,4,mean_nsamp,1,sigma,-1,theta_true,1,theta_CV,0,N_range,-1,3,2,0.05,2.0,0.2,40,60,10,2356,1.0,0.25,100,1.0,25,40-60,"0.0, 0.0, 0.0","1.0, 1.0, 1.0"
914,hake_ex914.inp,Log-uniform,4,mean_nsamp,1,sigma,-1,theta_true,1,theta_CV,0,N_range,0,3,2,0.05,2.0,0.2,25,100,10,2356,1.0,0.25,100,1.0,25,25-100,"0.0, 0.0, 0.0","1.0, 1.0, 1.0"
915,hake_ex915.inp,Log-uniform,4,mean_nsamp,1,sigma,-1,theta_true,1,theta_CV,0,N_range,1,3,2,0.05,2.0,0.2,10,250,10,2356,1.0,0.25,100,1.0,25,10-250,"0.0, 0.0, 0.0","1.0, 1.0, 1.0"
916,hake_ex916.inp,Log-uniform,4,mean_nsamp,1,sigma,-1,theta_true,1,theta_CV,1,N_range,-1,3,2,0.05,2.0,0.6,40,60,10,2356,1.0,0.25,100,1.0,25,40-60,"0.0, 0.0, 0.0","1.0, 1.0, 1.0"
917,hake_ex917.inp,Log-uniform,4,mean_nsamp,1,sigma,-1,theta_true,1,theta_CV,1,N_range,0,3,2,0.05,2.0,0.6,25,100,10,2356,1.0,0.25,100,1.0,25,25-100,"0.0, 0.0, 0.0","1.0, 1.0, 1.0"
918,hake_ex918.inp,Log-uniform,4,mean_nsamp,1,sigma,-1,theta_true,1,theta_CV,1,N_range,1,3,2,0.05,2.0,0.6,10,250,10,2356,1.0,0.25,100,1.0,25,10-250,"0.0, 0.0, 0.0","1.0, 1.0, 1.0"
919,hake_ex919.inp,Log-uniform,4,mean_nsamp,1,sigma,0,theta_true,-1,theta_CV,-1,N_range,-1,3,2,0.05,0.5,0.0,40,60,10,2356,1.0,0.5,100,1.0,25,40-60,"0.0, 0.0, 0.0","1.0, 1.0, 1.0"
920,hake_ex920.inp,Log-uniform,4,mean_nsamp,1,sigma,0,theta_true,-1,theta_CV,-1,N_range,0,3,2,0.05,0.5,0.0,25,100,10,2356,1.0,0.5,100,1.0,25,25-100,"0.0, 0.0, 0.0","1.0, 1.0, 1.0"
921,hake_ex921.inp,Log-uniform,4,mean_nsamp,1,sigma,0,theta_true,-1,theta_CV,-1,N_range,1,3,2,0.05,0.5,0.0,10,250,10,2356,1.0,0.5,100,1.0,25,10-250,"0.0, 0.0, 0.0","1.0, 1.0, 1.0"
922,hake_ex922.inp,Log-uniform,4,mean_nsamp,1,sigma,0,theta_true,-1,theta_CV,0,N_range,-1,3,2,0.05,0.5,0.2,40,60,10,2356,1.0,0.5,100,1.0,25,40-60,"0.0, 0.0, 0.0","1.0, 1.0, 1.0"
923,hake_ex923.inp,Log-uniform,4,mean_nsamp,1,sigma,0,theta_true,-1,theta_CV,0,N_range,0,3,2,0.05,0.5,0.2,25,100,10,2356,1.0,0.5,100,1.0,25,25-100,"0.0, 0.0, 0.0","1.0, 1.0, 1.0"
924,hake_ex924.inp,Log-uniform,4,mean_nsamp,1,sigma,0,theta_true,-1,theta_CV,0,N_range,1,3,2,0.05,0.5,0.2,10,250,10,2356,1.0,0.5,100,1.0,25,10-250,"0.0, 0.0, 0.0","1.0, 1.0, 1.0"
925,hake_ex925.inp,Log-uniform,4,mean_nsamp,1,sigma,0,theta_true,-1,theta_CV,1,N_range,-1,3,2,0.05,0.5,0.6,40,60,10,2356,1.0,0.5,100,1.0,25,40-60,"0.0, 0.0, 0.0","1.0, 1.0, 1.0"
926,hake_ex926.inp,Log-uniform,4,mean_nsamp,1,sigma,0,theta_true,-1,theta_CV,1,N_range,0,3,2,0.05,0.5,0.6,25,100,10,2356,1.0,0.5,100,1.0,25,25-100,"0.0, 0.0, 0.0","1.0, 1.0, 1.0"
927,hake_ex927.inp,Log-uniform,4,mean_nsamp,1,sigma,0,theta_true,-1,theta_CV,1,N_range,1,3,2,0.05,0.5,0.6,10,250,10,2356,1.0,0.5,100,1.0,25,10-250,"0.0, 0.0, 0.0","1.0, 1.0, 1.0"
928,hake_ex928.inp,Log-uniform,4,mean_nsamp,1,sigma,0,theta_true,0,theta_CV,-1,N_range,-1,3,2,0.05,1.0,0.0,40,60,10,2356,1.0,0.5,100,1.0,25,40-60,"0.0, 0.0, 0.0","1.0, 1.0, 1.0"
929,hake_ex929.inp,Log-uniform,4,mean_nsamp,1,sigma,0,theta_true,0,theta_CV,-1,N_range,0,3,2,0.05,1.0,0.0,25,100,10,2356,1.0,0.5,100,1.0,25,25-100,"0.0, 0.0, 0.0","1.0, 1.0, 1.0"
930,hake_ex930.inp,Log-uniform,4,mean_nsamp,1,sigma,0,theta_true,0,theta_CV,-1,N_range,1,3,2,0.05,1.0,0.0,10,250,10,2356,1.0,0.5,100,1.0,25,10-250,"0.0, 0.0, 0.0","1.0, 1.0, 1.0"
931,hake_ex931.inp,Log-uniform,4,mean_nsamp,1,sigma,0,theta_true,0,theta_CV,0,N_range,-1,3,2,0.05,1.0,0.2,40,60,10,2356,1.0,0.5,100,1.0,25,40-60,"0.0, 0.0, 0.0","1.0, 1.0, 1.0"
932,hake_ex932.inp,Log-uniform,4,mean_nsamp,1,sigma,0,theta_true,0,theta_CV,0,N_range,0,3,2,0.05,1.0,0.2,25,100,10,2356,1.0,0.5,100,1.0,25,25-100,"0.0, 0.0, 0.0","1.0, 1.0, 1.0"
933,hake_ex933.inp,Log-uniform,4,mean_nsamp,1,sigma,0,theta_true,0,theta_CV,0,N_range,1,3,2,0.05,1.0,0.2,10,250,10,2356,1.0,0.5,100,1.0,25,10-250,"0.0, 0.0, 0.0","1.0, 1.0, 1.0"
934,hake_ex934.inp,Log-uniform,4,mean_nsamp,1,sigma,0,theta_true,0,theta_CV,1,N_range,-1,3,2,0.05,1.0,0.6,40,60,10,2356,1.0,0.5,100,1.0,25,40-60,"0.0, 0.0, 0.0","1.0, 1.0, 1.0"
935,hake_ex935.inp,Log-uniform,4,mean_nsamp,1,sigma,0,theta_true,0,theta_CV,1,N_range,0,3,2,0.05,1.0,0.6,25,100,10,2356,1.0,0.5,100,1.0,25,25-100,"0.0, 0.0, 0.0","1.0, 1.0, 1.0"
936,hake_ex936.inp,Log-uniform,4,mean_nsamp,1,sigma,0,theta_true,0,theta_CV,1,N_range,1,3,2,0.05,1.0,0.6,10,250,10,2356,1.0,0.5,100,1.0,25,10-250,"0.0, 0.0, 0.0","1.0, 1.0, 1.0"
937,hake_ex937.inp,Log-uniform,4,mean_nsamp,1,sigma,0,theta_true,1,theta_CV,-1,N_range,-1,3,2,0.05,2.0,0.0,40,60,10,2356,1.0,0.5,100,1.0,25,40-60,"0.0, 0.0, 0.0","1.0, 1.0, 1.0"
938,hake_ex938.inp,Log-uniform,4,mean_nsamp,1,sigma,0,theta_true,1,theta_CV,-1,N_range,0,3,2,0.05,2.0,0.0,25,100,10,2356,1.0,0.5,100,1.0,25,25-100,"0.0, 0.0, 0.0","1.0, 1.0, 1.0"
939,hake_ex939.inp,Log-uniform,4,mean_nsamp,1,sigma,0,theta_true,1,theta_CV,-1,N_range,1,3,2,0.05,2.0,0.0,10,250,10,2356,1.0,0.5,100,1.0,25,10-250,"0.0, 0.0, 0.0","1.0, 1.0, 1.0"
940,hake_ex940.inp,Log-uniform,4,mean_nsamp,1,sigma,0,theta_true,1,theta_CV,0,N_range,-1,3,2,0.05,2.0,0.2,40,60,10,2356,1.0,0.5,100,1.0,25,40-60,"0.0, 0.0, 0.0","1.0, 1.0, 1.0"
941,hake_ex941.inp,Log-uniform,4,mean_nsamp,1,sigma,0,theta_true,1,theta_CV,0,N_range,0,3,2,0.05,2.0,0.2,25,100,10,2356,1.0,0.5,100,1.0,25,25-100,"0.0, 0.0, 0.0","1.0, 1.0, 1.0"
942,hake_ex942.inp,Log-uniform,4,mean_nsamp,1,sigma,0,theta_true,1,theta_CV,0,N_range,1,3,2,0.05,2.0,0.2,10,250,10,2356,1.0,0.5,100,1.0,25,10-250,"0.0, 0.0, 0.0","1.0, 1.0, 1.0"
943,hake_ex943.inp,Log-uniform,4,mean_nsamp,1,sigma,0,theta_true,1,theta_CV,1,N_range,-1,3,2,0.05,2.0,0.6,40,60,10,2356,1.0,0.5,100,1.0,25,40-60,"0.0, 0.0, 0.0","1.0, 1.0, 1.0"
944,hake_ex944.inp,Log-uniform,4,mean_nsamp,1,sigma,0,theta_true,1,theta_CV,1,N_range,0,3,2,0.05,2.0,0.6,25,100,10,2356,1.0,0.5,100,1.0,25,25-100,"0.0, 0.0, 0.0","1.0, 1.0, 1.0"
945,hake_ex945.inp,Log-uniform,4,mean_nsamp,1,sigma,0,theta_true,1,theta_CV,1,N_range,1,3,2,0.05,2.0,0.6,10,250,10,2356,1.0,0.5,100,1.0,25,10-250,"0.0, 0.0, 0.0","1.0, 1.0, 1.0"
946,hake_ex946.inp,Log-uniform,4,mean_nsamp,1,sigma,1,theta_true,-1,theta_CV,-1,N_range,-1,3,2,0.05,0.5,0.0,40,60,10,2356,1.0,1.0,100,1.0,25,40-60,"0.0, 0.0, 0.0","1.0, 1.0, 1.0"
947,hake_ex947.inp,Log-uniform,4,mean_nsamp,1,sigma,1,theta_true,-1,theta_CV,-1,N_range,0,3,2,0.05,0.5,0.0,25,100,10,2356,1.0,1.0,100,1.0,25,25-100,"0.0, 0.0, 0.0","1.0, 1.0, 1.0"
948,hake_ex948.inp,Log-uniform,4,mean_nsamp,1,sigma,1,theta_true,-1,theta_CV,-1,N_range,1,3,2,0.05,0.5,0.0,10,250,10,2356,1.0,1.0,100,1.0,25,10-250,"0.0, 0.0, 0.0","1.0, 1.0, 1.0"
949,hake_ex949.inp,Log-uniform,4,mean_nsamp,1,sigma,1,theta_true,-1,theta_CV,0,N_range,-1,3,2,0.05,0.5,0.2,40,60,10,2356,1.0,1.0,100,1.0,25,40-60,"0.0, 0.0, 0.0","1.0, 1.0, 1.0"
950,hake_ex950.inp,Log-uniform,4,mean_nsamp,1,sigma,1,theta_true,-1,theta_CV,0,N_range,0,3,2,0.05,0.5,0.2,25,100,10,2356,1.0,1.0,100,1.0,25,25-100,"0.0, 0.0, 0.0","1.0, 1.0, 1.0"
951,hake_ex951.inp,Log-uniform,4,mean_nsamp,1,sigma,1,theta_true,-1,theta_CV,0,N_range,1,3,2,0.05,0.5,0.2,10,250,10,2356,1.0,1.0,100,1.0,25,10-250,"0.0, 0.0, 0.0","1.0, 1.0, 1.0"
952,hake_ex952.inp,Log-uniform,4,mean_nsamp,1,sigma,1,theta_true,-1,theta_CV,1,N_range,-1,3,2,0.05,0.5,0.6,40,60,10,2356,1.0,1.0,100,1.0,25,40-60,"0.0, 0.0, 0.0","1.0, 1.0, 1.0"
953,hake_ex953.inp,Log-uniform,4,mean_nsamp,1,sigma,1,theta_true,-1,theta_CV,1,N_range,0,3,2,0.05,0.5,0.6,25,100,10,2356,1.0,1.0,100,1.0,25,25-100,"0.0, 0.0, 0.0","1.0, 1.0, 1.0"
954,hake_ex954.inp,Log-uniform,4,mean_nsamp,1,sigma,1,theta_true,-1,theta_CV,1,N_range,1,3,2,0.05,0.5,0.6,10,250,10,2356,1.0,1.0,100,1.0,25,10-250,"0.0, 0.0, 0.0","1.0, 1.0, 1.0"
955,hake_ex955.inp,Log-uniform,4,mean_nsamp,1,sigma,1,theta_true,0,theta_CV,-1,N_range,-1,3,2,0.05,1.0,0.0,40,60,10,2356,1.0,1.0,100,1.0,25,40-60,"0.0, 0.0, 0.0","1.0, 1.0, 1.0"
956,hake_ex956.inp,Log-uniform,4,mean_nsamp,1,sigma,1,theta_true,0,theta_CV,-1,N_range,0,3,2,0.05,1.0,0.0,25,100,10,2356,1.0,1.0,100,1.0,25,25-100,"0.0, 0.0, 0.0","1.0, 1.0, 1.0"
957,hake_ex957.inp,Log-uniform,4,mean_nsamp,1,sigma,1,theta_true,0,theta_CV,-1,N_range,1,3,2,0.05,1.0,0.0,10,250,10,2356,1.0,1.0,100,1.0,25,10-250,"0.0, 0.0, 0.0","1.0, 1.0, 1.0"
958,hake_ex958.inp,Log-uniform,4,mean_nsamp,1,sigma,1,theta_true,0,theta_CV,0,N_range,-1,3,2,0.05,1.0,0.2,40,60,10,2356,1.0,1.0,100,1.0,25,40-60,"0.0, 0.0, 0.0","1.0, 1.0, 1.0"
959,hake_ex959.inp,Log-uniform,4,mean_nsamp,1,sigma,1,theta_true,0,theta_CV,0,N_range,0,3,2,0.05,1.0,0.2,25,100,10,2356,1.0,1.0,100,1.0,25,25-100,"0.0, 0.0, 0.0","1.0, 1.0, 1.0"
960,hake_ex960.inp,Log-uniform,4,mean_nsamp,1,sigma,1,theta_true,0,theta_CV,0,N_range,1,3,2,0.05,1.0,0.2,10,250,10,2356,1.0,1.0,100,1.0,25,10-250,"0.0, 0.0, 0.0","1.0, 1.0, 1.0"
961,hake_ex961.inp,Log-uniform,4,mean_nsamp,1,sigma,1,theta_true,0,theta_CV,1,N_range,-1,3,2,0.05,1.0,0.6,40,60,10,2356,1.0,1.0,100,1.0,25,40-60,"0.0, 0.0, 0.0","1.0, 1.0, 1.0"
962,hake_ex962.inp,Log-uniform,4,mean_nsamp,1,sigma,1,theta_true,0,theta_CV,1,N_range,0,3,2,0.05,1.0,0.6,25,100,10,2356,1.0,1.0,100,1.0,25,25-100,"0.0, 0.0, 0.0","1.0, 1.0, 1.0"
963,hake_ex963.inp,Log-uniform,4,mean_nsamp,1,sigma,1,theta_true,0,theta_CV,1,N_range,1,3,2,0.05,1.0,0.6,10,250,10,2356,1.0,1.0,100,1.0,25,10-250,"0.0, 0.0, 0.0","1.0, 1.0, 1.0"
964,hake_ex964.inp,Log-uniform,4,mean_nsamp,1,sigma,1,theta_true,1,theta_CV,-1,N_range,-1,3,2,0.05,2.0,0.0,40,60,10,2356,1.0,1.0,100,1.0,25,40-60,"0.0, 0.0, 0.0","1.0, 1.0, 1.0"
965,hake_ex965.inp,Log-uniform,4,mean_nsamp,1,sigma,1,theta_true,1,theta_CV,-1,N_range,0,3,2,0.05,2.0,0.0,25,100,10,2356,1.0,1.0,100,1.0,25,25-100,"0.0, 0.0, 0.0","1.0, 1.0, 1.0"
966,hake_ex966.inp,Log-uniform,4,mean_nsamp,1,sigma,1,theta_true,1,theta_CV,-1,N_range,1,3,2,0.05,2.0,0.0,10,250,10,2356,1.0,1.0,100,1.0,25,10-250,"0.0, 0.0, 0.0","1.0, 1.0, 1.0"
967,hake_ex967.inp,Log-uniform,4,mean_nsamp,1,sigma,1,theta_true,1,theta_CV,0,N_range,-1,3,2,0.05,2.0,0.2,40,60,10,2356,1.0,1.0,100,1.0,25,40-60,"0.0, 0.0, 0.0","1.0, 1.0, 1.0"
968,hake_ex968.inp,Log-uniform,4,mean_nsamp,1,sigma,1,theta_true,1,theta_CV,0,N_range,0,3,2,0.05,2.0,0.2,25,100,10,2356,1.0,1.0,100,1.0,25,25-100,"0.0, 0.0, 0.0","1.0, 1.0, 1.0"
969,hake_ex969.inp,Log-uniform,4,mean_nsamp,1,sigma,1,theta_true,1,theta_CV,0,N_range,1,3,2,0.05,2.0,0.2,10,250,10,2356,1.0,1.0,100,1.0,25,10-250,"0.0, 0.0, 0.0","1.0, 1.0, 1.0"
970,hake_ex970.inp,Log-uniform,4,mean_nsamp,1,sigma,1,theta_true,1,theta_CV,1,N_range,-1,3,2,0.05,2.0,0.6,40,60,10,2356,1.0,1.0,100,1.0,25,40-60,"0.0, 0.0, 0.0","1.0, 1.0, 1.0"
971,hake_ex971.inp,Log-uniform,4,mean_nsamp,1,sigma,1,theta_true,1,theta_CV,1,N_range,0,3,2,0.05,2.0,0.6,25,100,10,2356,1.0,1.0,100,1.0,25,25-100,"0.0, 0.0, 0.0","1.0, 1.0, 1.0"
972,hake_ex972.inp,Log-uniform,4,mean_nsamp,1,sigma,1,theta_true,1,theta_CV,1,N_range,1,3,2,0.05,2.0,0.6,10,250,10,2356,1.0,1.0,100,1.0,25,10-250,"0.0, 0.0, 0.0","1.0, 1.0, 1.0"
