"example_id","inp_file","design_block","dist_code","factor1","level1_code","factor2","level2_code","factor3","level3_code","factor4","level4_code","factor5","level5_code","K","G","h","theta_true","theta_CV","Nmin","Nmax","nsims","random.seed","od_mult","sigma","mean_nsamp","ln_sd","nb_size","N_range_label","p_lbound","p_ubound"
1,"faces_ex1.inp","Poisson",1,"mean_nsamp",-1,"sigma",-1,"theta_true",-1,"theta_CV",-1,"G",-1,3,2,0.1,0.5,0,50,100,5,1580235529,1,0.25,25,1,25,,"0.36, 0.01, 0.0","0.97, 0.59, 0.21"
2,"faces_ex2.inp","Poisson",1,"mean_nsamp",-1,"sigma",-1,"theta_true",-1,"theta_CV",-1,"G",0,3,4,0.1,0.5,0,50,100,5,1580235529,1,0.25,25,1,25,,"0.36, 0.01, 0.0","0.97, 0.59, 0.21"
3,"faces_ex3.inp","Poisson",1,"mean_nsamp",-1,"sigma",-1,"theta_true",-1,"theta_CV",-1,"G",1,3,8,0.1,0.5,0,50,100,5,1580235529,1,0.25,25,1,25,,"0.36, 0.01, 0.0","0.97, 0.59, 0.21"
4,"faces_ex4.inp","Poisson",1,"mean_nsamp",-1,"sigma",-1,"theta_true",-1,"theta_CV",0,"G",-1,3,2,0.1,0.5,0.2,50,100,5,1580235529,1,0.25,25,1,25,,"0.36, 0.01, 0.0","0.97, 0.59, 0.21"
5,"faces_ex5.inp","Poisson",1,"mean_nsamp",-1,"sigma",-1,"theta_true",-1,"theta_CV",0,"G",0,3,4,0.1,0.5,0.2,50,100,5,1580235529,1,0.25,25,1,25,,"0.36, 0.01, 0.0","0.97, 0.59, 0.21"
6,"faces_ex6.inp","Poisson",1,"mean_nsamp",-1,"sigma",-1,"theta_true",-1,"theta_CV",0,"G",1,3,8,0.1,0.5,0.2,50,100,5,1580235529,1,0.25,25,1,25,,"0.36, 0.01, 0.0","0.97, 0.59, 0.21"
7,"faces_ex7.inp","Poisson",1,"mean_nsamp",-1,"sigma",-1,"theta_true",-1,"theta_CV",1,"G",-1,3,2,0.1,0.5,0.6,50,100,5,1580235529,1,0.25,25,1,25,,"0.36, 0.01, 0.0","0.97, 0.59, 0.21"
8,"faces_ex8.inp","Poisson",1,"mean_nsamp",-1,"sigma",-1,"theta_true",-1,"theta_CV",1,"G",0,3,4,0.1,0.5,0.6,50,100,5,1580235529,1,0.25,25,1,25,,"0.36, 0.01, 0.0","0.97, 0.59, 0.21"
9,"faces_ex9.inp","Poisson",1,"mean_nsamp",-1,"sigma",-1,"theta_true",-1,"theta_CV",1,"G",1,3,8,0.1,0.5,0.6,50,100,5,1580235529,1,0.25,25,1,25,,"0.36, 0.01, 0.0","0.97, 0.59, 0.21"
10,"faces_ex10.inp","Poisson",1,"mean_nsamp",-1,"sigma",-1,"theta_true",0,"theta_CV",-1,"G",-1,3,2,0.1,1,0,50,100,5,1580235529,1,0.25,25,1,25,,"0.36, 0.01, 0.0","0.97, 0.59, 0.21"
11,"faces_ex11.inp","Poisson",1,"mean_nsamp",-1,"sigma",-1,"theta_true",0,"theta_CV",-1,"G",0,3,4,0.1,1,0,50,100,5,1580235529,1,0.25,25,1,25,,"0.36, 0.01, 0.0","0.97, 0.59, 0.21"
12,"faces_ex12.inp","Poisson",1,"mean_nsamp",-1,"sigma",-1,"theta_true",0,"theta_CV",-1,"G",1,3,8,0.1,1,0,50,100,5,1580235529,1,0.25,25,1,25,,"0.36, 0.01, 0.0","0.97, 0.59, 0.21"
13,"faces_ex13.inp","Poisson",1,"mean_nsamp",-1,"sigma",-1,"theta_true",0,"theta_CV",0,"G",-1,3,2,0.1,1,0.2,50,100,5,1580235529,1,0.25,25,1,25,,"0.36, 0.01, 0.0","0.97, 0.59, 0.21"
14,"faces_ex14.inp","Poisson",1,"mean_nsamp",-1,"sigma",-1,"theta_true",0,"theta_CV",0,"G",0,3,4,0.1,1,0.2,50,100,5,1580235529,1,0.25,25,1,25,,"0.36, 0.01, 0.0","0.97, 0.59, 0.21"
15,"faces_ex15.inp","Poisson",1,"mean_nsamp",-1,"sigma",-1,"theta_true",0,"theta_CV",0,"G",1,3,8,0.1,1,0.2,50,100,5,1580235529,1,0.25,25,1,25,,"0.36, 0.01, 0.0","0.97, 0.59, 0.21"
16,"faces_ex16.inp","Poisson",1,"mean_nsamp",-1,"sigma",-1,"theta_true",0,"theta_CV",1,"G",-1,3,2,0.1,1,0.6,50,100,5,1580235529,1,0.25,25,1,25,,"0.36, 0.01, 0.0","0.97, 0.59, 0.21"
17,"faces_ex17.inp","Poisson",1,"mean_nsamp",-1,"sigma",-1,"theta_true",0,"theta_CV",1,"G",0,3,4,0.1,1,0.6,50,100,5,1580235529,1,0.25,25,1,25,,"0.36, 0.01, 0.0","0.97, 0.59, 0.21"
18,"faces_ex18.inp","Poisson",1,"mean_nsamp",-1,"sigma",-1,"theta_true",0,"theta_CV",1,"G",1,3,8,0.1,1,0.6,50,100,5,1580235529,1,0.25,25,1,25,,"0.36, 0.01, 0.0","0.97, 0.59, 0.21"
19,"faces_ex19.inp","Poisson",1,"mean_nsamp",-1,"sigma",-1,"theta_true",1,"theta_CV",-1,"G",-1,3,2,0.1,2,0,50,100,5,1580235529,1,0.25,25,1,25,,"0.36, 0.01, 0.0","0.97, 0.59, 0.21"
20,"faces_ex20.inp","Poisson",1,"mean_nsamp",-1,"sigma",-1,"theta_true",1,"theta_CV",-1,"G",0,3,4,0.1,2,0,50,100,5,1580235529,1,0.25,25,1,25,,"0.36, 0.01, 0.0","0.97, 0.59, 0.21"
21,"faces_ex21.inp","Poisson",1,"mean_nsamp",-1,"sigma",-1,"theta_true",1,"theta_CV",-1,"G",1,3,8,0.1,2,0,50,100,5,1580235529,1,0.25,25,1,25,,"0.36, 0.01, 0.0","0.97, 0.59, 0.21"
22,"faces_ex22.inp","Poisson",1,"mean_nsamp",-1,"sigma",-1,"theta_true",1,"theta_CV",0,"G",-1,3,2,0.1,2,0.2,50,100,5,1580235529,1,0.25,25,1,25,,"0.36, 0.01, 0.0","0.97, 0.59, 0.21"
23,"faces_ex23.inp","Poisson",1,"mean_nsamp",-1,"sigma",-1,"theta_true",1,"theta_CV",0,"G",0,3,4,0.1,2,0.2,50,100,5,1580235529,1,0.25,25,1,25,,"0.36, 0.01, 0.0","0.97, 0.59, 0.21"
24,"faces_ex24.inp","Poisson",1,"mean_nsamp",-1,"sigma",-1,"theta_true",1,"theta_CV",0,"G",1,3,8,0.1,2,0.2,50,100,5,1580235529,1,0.25,25,1,25,,"0.36, 0.01, 0.0","0.97, 0.59, 0.21"
25,"faces_ex25.inp","Poisson",1,"mean_nsamp",-1,"sigma",-1,"theta_true",1,"theta_CV",1,"G",-1,3,2,0.1,2,0.6,50,100,5,1580235529,1,0.25,25,1,25,,"0.36, 0.01, 0.0","0.97, 0.59, 0.21"
26,"faces_ex26.inp","Poisson",1,"mean_nsamp",-1,"sigma",-1,"theta_true",1,"theta_CV",1,"G",0,3,4,0.1,2,0.6,50,100,5,1580235529,1,0.25,25,1,25,,"0.36, 0.01, 0.0","0.97, 0.59, 0.21"
27,"faces_ex27.inp","Poisson",1,"mean_nsamp",-1,"sigma",-1,"theta_true",1,"theta_CV",1,"G",1,3,8,0.1,2,0.6,50,100,5,1580235529,1,0.25,25,1,25,,"0.36, 0.01, 0.0","0.97, 0.59, 0.21"
28,"faces_ex28.inp","Poisson",1,"mean_nsamp",-1,"sigma",0,"theta_true",-1,"theta_CV",-1,"G",-1,3,2,0.1,0.5,0,50,100,5,1580235529,1,0.5,25,1,25,,"0.36, 0.01, 0.0","0.97, 0.59, 0.21"
29,"faces_ex29.inp","Poisson",1,"mean_nsamp",-1,"sigma",0,"theta_true",-1,"theta_CV",-1,"G",0,3,4,0.1,0.5,0,50,100,5,1580235529,1,0.5,25,1,25,,"0.36, 0.01, 0.0","0.97, 0.59, 0.21"
30,"faces_ex30.inp","Poisson",1,"mean_nsamp",-1,"sigma",0,"theta_true",-1,"theta_CV",-1,"G",1,3,8,0.1,0.5,0,50,100,5,1580235529,1,0.5,25,1,25,,"0.36, 0.01, 0.0","0.97, 0.59, 0.21"
31,"faces_ex31.inp","Poisson",1,"mean_nsamp",-1,"sigma",0,"theta_true",-1,"theta_CV",0,"G",-1,3,2,0.1,0.5,0.2,50,100,5,1580235529,1,0.5,25,1,25,,"0.36, 0.01, 0.0","0.97, 0.59, 0.21"
32,"faces_ex32.inp","Poisson",1,"mean_nsamp",-1,"sigma",0,"theta_true",-1,"theta_CV",0,"G",0,3,4,0.1,0.5,0.2,50,100,5,1580235529,1,0.5,25,1,25,,"0.36, 0.01, 0.0","0.97, 0.59, 0.21"
33,"faces_ex33.inp","Poisson",1,"mean_nsamp",-1,"sigma",0,"theta_true",-1,"theta_CV",0,"G",1,3,8,0.1,0.5,0.2,50,100,5,1580235529,1,0.5,25,1,25,,"0.36, 0.01, 0.0","0.97, 0.59, 0.21"
34,"faces_ex34.inp","Poisson",1,"mean_nsamp",-1,"sigma",0,"theta_true",-1,"theta_CV",1,"G",-1,3,2,0.1,0.5,0.6,50,100,5,1580235529,1,0.5,25,1,25,,"0.36, 0.01, 0.0","0.97, 0.59, 0.21"
35,"faces_ex35.inp","Poisson",1,"mean_nsamp",-1,"sigma",0,"theta_true",-1,"theta_CV",1,"G",0,3,4,0.1,0.5,0.6,50,100,5,1580235529,1,0.5,25,1,25,,"0.36, 0.01, 0.0","0.97, 0.59, 0.21"
36,"faces_ex36.inp","Poisson",1,"mean_nsamp",-1,"sigma",0,"theta_true",-1,"theta_CV",1,"G",1,3,8,0.1,0.5,0.6,50,100,5,1580235529,1,0.5,25,1,25,,"0.36, 0.01, 0.0","0.97, 0.59, 0.21"
37,"faces_ex37.inp","Poisson",1,"mean_nsamp",-1,"sigma",0,"theta_true",0,"theta_CV",-1,"G",-1,3,2,0.1,1,0,50,100,5,1580235529,1,0.5,25,1,25,,"0.36, 0.01, 0.0","0.97, 0.59, 0.21"
38,"faces_ex38.inp","Poisson",1,"mean_nsamp",-1,"sigma",0,"theta_true",0,"theta_CV",-1,"G",0,3,4,0.1,1,0,50,100,5,1580235529,1,0.5,25,1,25,,"0.36, 0.01, 0.0","0.97, 0.59, 0.21"
39,"faces_ex39.inp","Poisson",1,"mean_nsamp",-1,"sigma",0,"theta_true",0,"theta_CV",-1,"G",1,3,8,0.1,1,0,50,100,5,1580235529,1,0.5,25,1,25,,"0.36, 0.01, 0.0","0.97, 0.59, 0.21"
40,"faces_ex40.inp","Poisson",1,"mean_nsamp",-1,"sigma",0,"theta_true",0,"theta_CV",0,"G",-1,3,2,0.1,1,0.2,50,100,5,1580235529,1,0.5,25,1,25,,"0.36, 0.01, 0.0","0.97, 0.59, 0.21"
41,"faces_ex41.inp","Poisson",1,"mean_nsamp",-1,"sigma",0,"theta_true",0,"theta_CV",0,"G",0,3,4,0.1,1,0.2,50,100,5,1580235529,1,0.5,25,1,25,,"0.36, 0.01, 0.0","0.97, 0.59, 0.21"
42,"faces_ex42.inp","Poisson",1,"mean_nsamp",-1,"sigma",0,"theta_true",0,"theta_CV",0,"G",1,3,8,0.1,1,0.2,50,100,5,1580235529,1,0.5,25,1,25,,"0.36, 0.01, 0.0","0.97, 0.59, 0.21"
43,"faces_ex43.inp","Poisson",1,"mean_nsamp",-1,"sigma",0,"theta_true",0,"theta_CV",1,"G",-1,3,2,0.1,1,0.6,50,100,5,1580235529,1,0.5,25,1,25,,"0.36, 0.01, 0.0","0.97, 0.59, 0.21"
44,"faces_ex44.inp","Poisson",1,"mean_nsamp",-1,"sigma",0,"theta_true",0,"theta_CV",1,"G",0,3,4,0.1,1,0.6,50,100,5,1580235529,1,0.5,25,1,25,,"0.36, 0.01, 0.0","0.97, 0.59, 0.21"
45,"faces_ex45.inp","Poisson",1,"mean_nsamp",-1,"sigma",0,"theta_true",0,"theta_CV",1,"G",1,3,8,0.1,1,0.6,50,100,5,1580235529,1,0.5,25,1,25,,"0.36, 0.01, 0.0","0.97, 0.59, 0.21"
46,"faces_ex46.inp","Poisson",1,"mean_nsamp",-1,"sigma",0,"theta_true",1,"theta_CV",-1,"G",-1,3,2,0.1,2,0,50,100,5,1580235529,1,0.5,25,1,25,,"0.36, 0.01, 0.0","0.97, 0.59, 0.21"
47,"faces_ex47.inp","Poisson",1,"mean_nsamp",-1,"sigma",0,"theta_true",1,"theta_CV",-1,"G",0,3,4,0.1,2,0,50,100,5,1580235529,1,0.5,25,1,25,,"0.36, 0.01, 0.0","0.97, 0.59, 0.21"
48,"faces_ex48.inp","Poisson",1,"mean_nsamp",-1,"sigma",0,"theta_true",1,"theta_CV",-1,"G",1,3,8,0.1,2,0,50,100,5,1580235529,1,0.5,25,1,25,,"0.36, 0.01, 0.0","0.97, 0.59, 0.21"
49,"faces_ex49.inp","Poisson",1,"mean_nsamp",-1,"sigma",0,"theta_true",1,"theta_CV",0,"G",-1,3,2,0.1,2,0.2,50,100,5,1580235529,1,0.5,25,1,25,,"0.36, 0.01, 0.0","0.97, 0.59, 0.21"
50,"faces_ex50.inp","Poisson",1,"mean_nsamp",-1,"sigma",0,"theta_true",1,"theta_CV",0,"G",0,3,4,0.1,2,0.2,50,100,5,1580235529,1,0.5,25,1,25,,"0.36, 0.01, 0.0","0.97, 0.59, 0.21"
51,"faces_ex51.inp","Poisson",1,"mean_nsamp",-1,"sigma",0,"theta_true",1,"theta_CV",0,"G",1,3,8,0.1,2,0.2,50,100,5,1580235529,1,0.5,25,1,25,,"0.36, 0.01, 0.0","0.97, 0.59, 0.21"
52,"faces_ex52.inp","Poisson",1,"mean_nsamp",-1,"sigma",0,"theta_true",1,"theta_CV",1,"G",-1,3,2,0.1,2,0.6,50,100,5,1580235529,1,0.5,25,1,25,,"0.36, 0.01, 0.0","0.97, 0.59, 0.21"
53,"faces_ex53.inp","Poisson",1,"mean_nsamp",-1,"sigma",0,"theta_true",1,"theta_CV",1,"G",0,3,4,0.1,2,0.6,50,100,5,1580235529,1,0.5,25,1,25,,"0.36, 0.01, 0.0","0.97, 0.59, 0.21"
54,"faces_ex54.inp","Poisson",1,"mean_nsamp",-1,"sigma",0,"theta_true",1,"theta_CV",1,"G",1,3,8,0.1,2,0.6,50,100,5,1580235529,1,0.5,25,1,25,,"0.36, 0.01, 0.0","0.97, 0.59, 0.21"
55,"faces_ex55.inp","Poisson",1,"mean_nsamp",-1,"sigma",1,"theta_true",-1,"theta_CV",-1,"G",-1,3,2,0.1,0.5,0,50,100,5,1580235529,1,1,25,1,25,,"0.36, 0.01, 0.0","0.97, 0.59, 0.21"
56,"faces_ex56.inp","Poisson",1,"mean_nsamp",-1,"sigma",1,"theta_true",-1,"theta_CV",-1,"G",0,3,4,0.1,0.5,0,50,100,5,1580235529,1,1,25,1,25,,"0.36, 0.01, 0.0","0.97, 0.59, 0.21"
57,"faces_ex57.inp","Poisson",1,"mean_nsamp",-1,"sigma",1,"theta_true",-1,"theta_CV",-1,"G",1,3,8,0.1,0.5,0,50,100,5,1580235529,1,1,25,1,25,,"0.36, 0.01, 0.0","0.97, 0.59, 0.21"
58,"faces_ex58.inp","Poisson",1,"mean_nsamp",-1,"sigma",1,"theta_true",-1,"theta_CV",0,"G",-1,3,2,0.1,0.5,0.2,50,100,5,1580235529,1,1,25,1,25,,"0.36, 0.01, 0.0","0.97, 0.59, 0.21"
59,"faces_ex59.inp","Poisson",1,"mean_nsamp",-1,"sigma",1,"theta_true",-1,"theta_CV",0,"G",0,3,4,0.1,0.5,0.2,50,100,5,1580235529,1,1,25,1,25,,"0.36, 0.01, 0.0","0.97, 0.59, 0.21"
60,"faces_ex60.inp","Poisson",1,"mean_nsamp",-1,"sigma",1,"theta_true",-1,"theta_CV",0,"G",1,3,8,0.1,0.5,0.2,50,100,5,1580235529,1,1,25,1,25,,"0.36, 0.01, 0.0","0.97, 0.59, 0.21"
61,"faces_ex61.inp","Poisson",1,"mean_nsamp",-1,"sigma",1,"theta_true",-1,"theta_CV",1,"G",-1,3,2,0.1,0.5,0.6,50,100,5,1580235529,1,1,25,1,25,,"0.36, 0.01, 0.0","0.97, 0.59, 0.21"
62,"faces_ex62.inp","Poisson",1,"mean_nsamp",-1,"sigma",1,"theta_true",-1,"theta_CV",1,"G",0,3,4,0.1,0.5,0.6,50,100,5,1580235529,1,1,25,1,25,,"0.36, 0.01, 0.0","0.97, 0.59, 0.21"
63,"faces_ex63.inp","Poisson",1,"mean_nsamp",-1,"sigma",1,"theta_true",-1,"theta_CV",1,"G",1,3,8,0.1,0.5,0.6,50,100,5,1580235529,1,1,25,1,25,,"0.36, 0.01, 0.0","0.97, 0.59, 0.21"
64,"faces_ex64.inp","Poisson",1,"mean_nsamp",-1,"sigma",1,"theta_true",0,"theta_CV",-1,"G",-1,3,2,0.1,1,0,50,100,5,1580235529,1,1,25,1,25,,"0.36, 0.01, 0.0","0.97, 0.59, 0.21"
65,"faces_ex65.inp","Poisson",1,"mean_nsamp",-1,"sigma",1,"theta_true",0,"theta_CV",-1,"G",0,3,4,0.1,1,0,50,100,5,1580235529,1,1,25,1,25,,"0.36, 0.01, 0.0","0.97, 0.59, 0.21"
66,"faces_ex66.inp","Poisson",1,"mean_nsamp",-1,"sigma",1,"theta_true",0,"theta_CV",-1,"G",1,3,8,0.1,1,0,50,100,5,1580235529,1,1,25,1,25,,"0.36, 0.01, 0.0","0.97, 0.59, 0.21"
67,"faces_ex67.inp","Poisson",1,"mean_nsamp",-1,"sigma",1,"theta_true",0,"theta_CV",0,"G",-1,3,2,0.1,1,0.2,50,100,5,1580235529,1,1,25,1,25,,"0.36, 0.01, 0.0","0.97, 0.59, 0.21"
68,"faces_ex68.inp","Poisson",1,"mean_nsamp",-1,"sigma",1,"theta_true",0,"theta_CV",0,"G",0,3,4,0.1,1,0.2,50,100,5,1580235529,1,1,25,1,25,,"0.36, 0.01, 0.0","0.97, 0.59, 0.21"
69,"faces_ex69.inp","Poisson",1,"mean_nsamp",-1,"sigma",1,"theta_true",0,"theta_CV",0,"G",1,3,8,0.1,1,0.2,50,100,5,1580235529,1,1,25,1,25,,"0.36, 0.01, 0.0","0.97, 0.59, 0.21"
70,"faces_ex70.inp","Poisson",1,"mean_nsamp",-1,"sigma",1,"theta_true",0,"theta_CV",1,"G",-1,3,2,0.1,1,0.6,50,100,5,1580235529,1,1,25,1,25,,"0.36, 0.01, 0.0","0.97, 0.59, 0.21"
71,"faces_ex71.inp","Poisson",1,"mean_nsamp",-1,"sigma",1,"theta_true",0,"theta_CV",1,"G",0,3,4,0.1,1,0.6,50,100,5,1580235529,1,1,25,1,25,,"0.36, 0.01, 0.0","0.97, 0.59, 0.21"
72,"faces_ex72.inp","Poisson",1,"mean_nsamp",-1,"sigma",1,"theta_true",0,"theta_CV",1,"G",1,3,8,0.1,1,0.6,50,100,5,1580235529,1,1,25,1,25,,"0.36, 0.01, 0.0","0.97, 0.59, 0.21"
73,"faces_ex73.inp","Poisson",1,"mean_nsamp",-1,"sigma",1,"theta_true",1,"theta_CV",-1,"G",-1,3,2,0.1,2,0,50,100,5,1580235529,1,1,25,1,25,,"0.36, 0.01, 0.0","0.97, 0.59, 0.21"
74,"faces_ex74.inp","Poisson",1,"mean_nsamp",-1,"sigma",1,"theta_true",1,"theta_CV",-1,"G",0,3,4,0.1,2,0,50,100,5,1580235529,1,1,25,1,25,,"0.36, 0.01, 0.0","0.97, 0.59, 0.21"
75,"faces_ex75.inp","Poisson",1,"mean_nsamp",-1,"sigma",1,"theta_true",1,"theta_CV",-1,"G",1,3,8,0.1,2,0,50,100,5,1580235529,1,1,25,1,25,,"0.36, 0.01, 0.0","0.97, 0.59, 0.21"
76,"faces_ex76.inp","Poisson",1,"mean_nsamp",-1,"sigma",1,"theta_true",1,"theta_CV",0,"G",-1,3,2,0.1,2,0.2,50,100,5,1580235529,1,1,25,1,25,,"0.36, 0.01, 0.0","0.97, 0.59, 0.21"
77,"faces_ex77.inp","Poisson",1,"mean_nsamp",-1,"sigma",1,"theta_true",1,"theta_CV",0,"G",0,3,4,0.1,2,0.2,50,100,5,1580235529,1,1,25,1,25,,"0.36, 0.01, 0.0","0.97, 0.59, 0.21"
78,"faces_ex78.inp","Poisson",1,"mean_nsamp",-1,"sigma",1,"theta_true",1,"theta_CV",0,"G",1,3,8,0.1,2,0.2,50,100,5,1580235529,1,1,25,1,25,,"0.36, 0.01, 0.0","0.97, 0.59, 0.21"
79,"faces_ex79.inp","Poisson",1,"mean_nsamp",-1,"sigma",1,"theta_true",1,"theta_CV",1,"G",-1,3,2,0.1,2,0.6,50,100,5,1580235529,1,1,25,1,25,,"0.36, 0.01, 0.0","0.97, 0.59, 0.21"
80,"faces_ex80.inp","Poisson",1,"mean_nsamp",-1,"sigma",1,"theta_true",1,"theta_CV",1,"G",0,3,4,0.1,2,0.6,50,100,5,1580235529,1,1,25,1,25,,"0.36, 0.01, 0.0","0.97, 0.59, 0.21"
81,"faces_ex81.inp","Poisson",1,"mean_nsamp",-1,"sigma",1,"theta_true",1,"theta_CV",1,"G",1,3,8,0.1,2,0.6,50,100,5,1580235529,1,1,25,1,25,,"0.36, 0.01, 0.0","0.97, 0.59, 0.21"
82,"faces_ex82.inp","Poisson",1,"mean_nsamp",0,"sigma",-1,"theta_true",-1,"theta_CV",-1,"G",-1,3,2,0.1,0.5,0,50,100,5,1580235529,1,0.25,50,1,25,,"0.36, 0.01, 0.0","0.97, 0.59, 0.21"
83,"faces_ex83.inp","Poisson",1,"mean_nsamp",0,"sigma",-1,"theta_true",-1,"theta_CV",-1,"G",0,3,4,0.1,0.5,0,50,100,5,1580235529,1,0.25,50,1,25,,"0.36, 0.01, 0.0","0.97, 0.59, 0.21"
84,"faces_ex84.inp","Poisson",1,"mean_nsamp",0,"sigma",-1,"theta_true",-1,"theta_CV",-1,"G",1,3,8,0.1,0.5,0,50,100,5,1580235529,1,0.25,50,1,25,,"0.36, 0.01, 0.0","0.97, 0.59, 0.21"
85,"faces_ex85.inp","Poisson",1,"mean_nsamp",0,"sigma",-1,"theta_true",-1,"theta_CV",0,"G",-1,3,2,0.1,0.5,0.2,50,100,5,1580235529,1,0.25,50,1,25,,"0.36, 0.01, 0.0","0.97, 0.59, 0.21"
86,"faces_ex86.inp","Poisson",1,"mean_nsamp",0,"sigma",-1,"theta_true",-1,"theta_CV",0,"G",0,3,4,0.1,0.5,0.2,50,100,5,1580235529,1,0.25,50,1,25,,"0.36, 0.01, 0.0","0.97, 0.59, 0.21"
87,"faces_ex87.inp","Poisson",1,"mean_nsamp",0,"sigma",-1,"theta_true",-1,"theta_CV",0,"G",1,3,8,0.1,0.5,0.2,50,100,5,1580235529,1,0.25,50,1,25,,"0.36, 0.01, 0.0","0.97, 0.59, 0.21"
88,"faces_ex88.inp","Poisson",1,"mean_nsamp",0,"sigma",-1,"theta_true",-1,"theta_CV",1,"G",-1,3,2,0.1,0.5,0.6,50,100,5,1580235529,1,0.25,50,1,25,,"0.36, 0.01, 0.0","0.97, 0.59, 0.21"
89,"faces_ex89.inp","Poisson",1,"mean_nsamp",0,"sigma",-1,"theta_true",-1,"theta_CV",1,"G",0,3,4,0.1,0.5,0.6,50,100,5,1580235529,1,0.25,50,1,25,,"0.36, 0.01, 0.0","0.97, 0.59, 0.21"
90,"faces_ex90.inp","Poisson",1,"mean_nsamp",0,"sigma",-1,"theta_true",-1,"theta_CV",1,"G",1,3,8,0.1,0.5,0.6,50,100,5,1580235529,1,0.25,50,1,25,,"0.36, 0.01, 0.0","0.97, 0.59, 0.21"
91,"faces_ex91.inp","Poisson",1,"mean_nsamp",0,"sigma",-1,"theta_true",0,"theta_CV",-1,"G",-1,3,2,0.1,1,0,50,100,5,1580235529,1,0.25,50,1,25,,"0.36, 0.01, 0.0","0.97, 0.59, 0.21"
92,"faces_ex92.inp","Poisson",1,"mean_nsamp",0,"sigma",-1,"theta_true",0,"theta_CV",-1,"G",0,3,4,0.1,1,0,50,100,5,1580235529,1,0.25,50,1,25,,"0.36, 0.01, 0.0","0.97, 0.59, 0.21"
93,"faces_ex93.inp","Poisson",1,"mean_nsamp",0,"sigma",-1,"theta_true",0,"theta_CV",-1,"G",1,3,8,0.1,1,0,50,100,5,1580235529,1,0.25,50,1,25,,"0.36, 0.01, 0.0","0.97, 0.59, 0.21"
94,"faces_ex94.inp","Poisson",1,"mean_nsamp",0,"sigma",-1,"theta_true",0,"theta_CV",0,"G",-1,3,2,0.1,1,0.2,50,100,5,1580235529,1,0.25,50,1,25,,"0.36, 0.01, 0.0","0.97, 0.59, 0.21"
95,"faces_ex95.inp","Poisson",1,"mean_nsamp",0,"sigma",-1,"theta_true",0,"theta_CV",0,"G",0,3,4,0.1,1,0.2,50,100,5,1580235529,1,0.25,50,1,25,,"0.36, 0.01, 0.0","0.97, 0.59, 0.21"
96,"faces_ex96.inp","Poisson",1,"mean_nsamp",0,"sigma",-1,"theta_true",0,"theta_CV",0,"G",1,3,8,0.1,1,0.2,50,100,5,1580235529,1,0.25,50,1,25,,"0.36, 0.01, 0.0","0.97, 0.59, 0.21"
97,"faces_ex97.inp","Poisson",1,"mean_nsamp",0,"sigma",-1,"theta_true",0,"theta_CV",1,"G",-1,3,2,0.1,1,0.6,50,100,5,1580235529,1,0.25,50,1,25,,"0.36, 0.01, 0.0","0.97, 0.59, 0.21"
98,"faces_ex98.inp","Poisson",1,"mean_nsamp",0,"sigma",-1,"theta_true",0,"theta_CV",1,"G",0,3,4,0.1,1,0.6,50,100,5,1580235529,1,0.25,50,1,25,,"0.36, 0.01, 0.0","0.97, 0.59, 0.21"
99,"faces_ex99.inp","Poisson",1,"mean_nsamp",0,"sigma",-1,"theta_true",0,"theta_CV",1,"G",1,3,8,0.1,1,0.6,50,100,5,1580235529,1,0.25,50,1,25,,"0.36, 0.01, 0.0","0.97, 0.59, 0.21"
100,"faces_ex100.inp","Poisson",1,"mean_nsamp",0,"sigma",-1,"theta_true",1,"theta_CV",-1,"G",-1,3,2,0.1,2,0,50,100,5,1580235529,1,0.25,50,1,25,,"0.36, 0.01, 0.0","0.97, 0.59, 0.21"
101,"faces_ex101.inp","Poisson",1,"mean_nsamp",0,"sigma",-1,"theta_true",1,"theta_CV",-1,"G",0,3,4,0.1,2,0,50,100,5,1580235529,1,0.25,50,1,25,,"0.36, 0.01, 0.0","0.97, 0.59, 0.21"
102,"faces_ex102.inp","Poisson",1,"mean_nsamp",0,"sigma",-1,"theta_true",1,"theta_CV",-1,"G",1,3,8,0.1,2,0,50,100,5,1580235529,1,0.25,50,1,25,,"0.36, 0.01, 0.0","0.97, 0.59, 0.21"
103,"faces_ex103.inp","Poisson",1,"mean_nsamp",0,"sigma",-1,"theta_true",1,"theta_CV",0,"G",-1,3,2,0.1,2,0.2,50,100,5,1580235529,1,0.25,50,1,25,,"0.36, 0.01, 0.0","0.97, 0.59, 0.21"
104,"faces_ex104.inp","Poisson",1,"mean_nsamp",0,"sigma",-1,"theta_true",1,"theta_CV",0,"G",0,3,4,0.1,2,0.2,50,100,5,1580235529,1,0.25,50,1,25,,"0.36, 0.01, 0.0","0.97, 0.59, 0.21"
105,"faces_ex105.inp","Poisson",1,"mean_nsamp",0,"sigma",-1,"theta_true",1,"theta_CV",0,"G",1,3,8,0.1,2,0.2,50,100,5,1580235529,1,0.25,50,1,25,,"0.36, 0.01, 0.0","0.97, 0.59, 0.21"
106,"faces_ex106.inp","Poisson",1,"mean_nsamp",0,"sigma",-1,"theta_true",1,"theta_CV",1,"G",-1,3,2,0.1,2,0.6,50,100,5,1580235529,1,0.25,50,1,25,,"0.36, 0.01, 0.0","0.97, 0.59, 0.21"
107,"faces_ex107.inp","Poisson",1,"mean_nsamp",0,"sigma",-1,"theta_true",1,"theta_CV",1,"G",0,3,4,0.1,2,0.6,50,100,5,1580235529,1,0.25,50,1,25,,"0.36, 0.01, 0.0","0.97, 0.59, 0.21"
108,"faces_ex108.inp","Poisson",1,"mean_nsamp",0,"sigma",-1,"theta_true",1,"theta_CV",1,"G",1,3,8,0.1,2,0.6,50,100,5,1580235529,1,0.25,50,1,25,,"0.36, 0.01, 0.0","0.97, 0.59, 0.21"
109,"faces_ex109.inp","Poisson",1,"mean_nsamp",0,"sigma",0,"theta_true",-1,"theta_CV",-1,"G",-1,3,2,0.1,0.5,0,50,100,5,1580235529,1,0.5,50,1,25,,"0.36, 0.01, 0.0","0.97, 0.59, 0.21"
110,"faces_ex110.inp","Poisson",1,"mean_nsamp",0,"sigma",0,"theta_true",-1,"theta_CV",-1,"G",0,3,4,0.1,0.5,0,50,100,5,1580235529,1,0.5,50,1,25,,"0.36, 0.01, 0.0","0.97, 0.59, 0.21"
111,"faces_ex111.inp","Poisson",1,"mean_nsamp",0,"sigma",0,"theta_true",-1,"theta_CV",-1,"G",1,3,8,0.1,0.5,0,50,100,5,1580235529,1,0.5,50,1,25,,"0.36, 0.01, 0.0","0.97, 0.59, 0.21"
112,"faces_ex112.inp","Poisson",1,"mean_nsamp",0,"sigma",0,"theta_true",-1,"theta_CV",0,"G",-1,3,2,0.1,0.5,0.2,50,100,5,1580235529,1,0.5,50,1,25,,"0.36, 0.01, 0.0","0.97, 0.59, 0.21"
113,"faces_ex113.inp","Poisson",1,"mean_nsamp",0,"sigma",0,"theta_true",-1,"theta_CV",0,"G",0,3,4,0.1,0.5,0.2,50,100,5,1580235529,1,0.5,50,1,25,,"0.36, 0.01, 0.0","0.97, 0.59, 0.21"
114,"faces_ex114.inp","Poisson",1,"mean_nsamp",0,"sigma",0,"theta_true",-1,"theta_CV",0,"G",1,3,8,0.1,0.5,0.2,50,100,5,1580235529,1,0.5,50,1,25,,"0.36, 0.01, 0.0","0.97, 0.59, 0.21"
115,"faces_ex115.inp","Poisson",1,"mean_nsamp",0,"sigma",0,"theta_true",-1,"theta_CV",1,"G",-1,3,2,0.1,0.5,0.6,50,100,5,1580235529,1,0.5,50,1,25,,"0.36, 0.01, 0.0","0.97, 0.59, 0.21"
116,"faces_ex116.inp","Poisson",1,"mean_nsamp",0,"sigma",0,"theta_true",-1,"theta_CV",1,"G",0,3,4,0.1,0.5,0.6,50,100,5,1580235529,1,0.5,50,1,25,,"0.36, 0.01, 0.0","0.97, 0.59, 0.21"
117,"faces_ex117.inp","Poisson",1,"mean_nsamp",0,"sigma",0,"theta_true",-1,"theta_CV",1,"G",1,3,8,0.1,0.5,0.6,50,100,5,1580235529,1,0.5,50,1,25,,"0.36, 0.01, 0.0","0.97, 0.59, 0.21"
118,"faces_ex118.inp","Poisson",1,"mean_nsamp",0,"sigma",0,"theta_true",0,"theta_CV",-1,"G",-1,3,2,0.1,1,0,50,100,5,1580235529,1,0.5,50,1,25,,"0.36, 0.01, 0.0","0.97, 0.59, 0.21"
119,"faces_ex119.inp","Poisson",1,"mean_nsamp",0,"sigma",0,"theta_true",0,"theta_CV",-1,"G",0,3,4,0.1,1,0,50,100,5,1580235529,1,0.5,50,1,25,,"0.36, 0.01, 0.0","0.97, 0.59, 0.21"
120,"faces_ex120.inp","Poisson",1,"mean_nsamp",0,"sigma",0,"theta_true",0,"theta_CV",-1,"G",1,3,8,0.1,1,0,50,100,5,1580235529,1,0.5,50,1,25,,"0.36, 0.01, 0.0","0.97, 0.59, 0.21"
121,"faces_ex121.inp","Poisson",1,"mean_nsamp",0,"sigma",0,"theta_true",0,"theta_CV",0,"G",-1,3,2,0.1,1,0.2,50,100,5,1580235529,1,0.5,50,1,25,,"0.36, 0.01, 0.0","0.97, 0.59, 0.21"
122,"faces_ex122.inp","Poisson",1,"mean_nsamp",0,"sigma",0,"theta_true",0,"theta_CV",0,"G",0,3,4,0.1,1,0.2,50,100,5,1580235529,1,0.5,50,1,25,,"0.36, 0.01, 0.0","0.97, 0.59, 0.21"
123,"faces_ex123.inp","Poisson",1,"mean_nsamp",0,"sigma",0,"theta_true",0,"theta_CV",0,"G",1,3,8,0.1,1,0.2,50,100,5,1580235529,1,0.5,50,1,25,,"0.36, 0.01, 0.0","0.97, 0.59, 0.21"
124,"faces_ex124.inp","Poisson",1,"mean_nsamp",0,"sigma",0,"theta_true",0,"theta_CV",1,"G",-1,3,2,0.1,1,0.6,50,100,5,1580235529,1,0.5,50,1,25,,"0.36, 0.01, 0.0","0.97, 0.59, 0.21"
125,"faces_ex125.inp","Poisson",1,"mean_nsamp",0,"sigma",0,"theta_true",0,"theta_CV",1,"G",0,3,4,0.1,1,0.6,50,100,5,1580235529,1,0.5,50,1,25,,"0.36, 0.01, 0.0","0.97, 0.59, 0.21"
126,"faces_ex126.inp","Poisson",1,"mean_nsamp",0,"sigma",0,"theta_true",0,"theta_CV",1,"G",1,3,8,0.1,1,0.6,50,100,5,1580235529,1,0.5,50,1,25,,"0.36, 0.01, 0.0","0.97, 0.59, 0.21"
127,"faces_ex127.inp","Poisson",1,"mean_nsamp",0,"sigma",0,"theta_true",1,"theta_CV",-1,"G",-1,3,2,0.1,2,0,50,100,5,1580235529,1,0.5,50,1,25,,"0.36, 0.01, 0.0","0.97, 0.59, 0.21"
128,"faces_ex128.inp","Poisson",1,"mean_nsamp",0,"sigma",0,"theta_true",1,"theta_CV",-1,"G",0,3,4,0.1,2,0,50,100,5,1580235529,1,0.5,50,1,25,,"0.36, 0.01, 0.0","0.97, 0.59, 0.21"
129,"faces_ex129.inp","Poisson",1,"mean_nsamp",0,"sigma",0,"theta_true",1,"theta_CV",-1,"G",1,3,8,0.1,2,0,50,100,5,1580235529,1,0.5,50,1,25,,"0.36, 0.01, 0.0","0.97, 0.59, 0.21"
130,"faces_ex130.inp","Poisson",1,"mean_nsamp",0,"sigma",0,"theta_true",1,"theta_CV",0,"G",-1,3,2,0.1,2,0.2,50,100,5,1580235529,1,0.5,50,1,25,,"0.36, 0.01, 0.0","0.97, 0.59, 0.21"
131,"faces_ex131.inp","Poisson",1,"mean_nsamp",0,"sigma",0,"theta_true",1,"theta_CV",0,"G",0,3,4,0.1,2,0.2,50,100,5,1580235529,1,0.5,50,1,25,,"0.36, 0.01, 0.0","0.97, 0.59, 0.21"
132,"faces_ex132.inp","Poisson",1,"mean_nsamp",0,"sigma",0,"theta_true",1,"theta_CV",0,"G",1,3,8,0.1,2,0.2,50,100,5,1580235529,1,0.5,50,1,25,,"0.36, 0.01, 0.0","0.97, 0.59, 0.21"
133,"faces_ex133.inp","Poisson",1,"mean_nsamp",0,"sigma",0,"theta_true",1,"theta_CV",1,"G",-1,3,2,0.1,2,0.6,50,100,5,1580235529,1,0.5,50,1,25,,"0.36, 0.01, 0.0","0.97, 0.59, 0.21"
134,"faces_ex134.inp","Poisson",1,"mean_nsamp",0,"sigma",0,"theta_true",1,"theta_CV",1,"G",0,3,4,0.1,2,0.6,50,100,5,1580235529,1,0.5,50,1,25,,"0.36, 0.01, 0.0","0.97, 0.59, 0.21"
135,"faces_ex135.inp","Poisson",1,"mean_nsamp",0,"sigma",0,"theta_true",1,"theta_CV",1,"G",1,3,8,0.1,2,0.6,50,100,5,1580235529,1,0.5,50,1,25,,"0.36, 0.01, 0.0","0.97, 0.59, 0.21"
136,"faces_ex136.inp","Poisson",1,"mean_nsamp",0,"sigma",1,"theta_true",-1,"theta_CV",-1,"G",-1,3,2,0.1,0.5,0,50,100,5,1580235529,1,1,50,1,25,,"0.36, 0.01, 0.0","0.97, 0.59, 0.21"
137,"faces_ex137.inp","Poisson",1,"mean_nsamp",0,"sigma",1,"theta_true",-1,"theta_CV",-1,"G",0,3,4,0.1,0.5,0,50,100,5,1580235529,1,1,50,1,25,,"0.36, 0.01, 0.0","0.97, 0.59, 0.21"
138,"faces_ex138.inp","Poisson",1,"mean_nsamp",0,"sigma",1,"theta_true",-1,"theta_CV",-1,"G",1,3,8,0.1,0.5,0,50,100,5,1580235529,1,1,50,1,25,,"0.36, 0.01, 0.0","0.97, 0.59, 0.21"
139,"faces_ex139.inp","Poisson",1,"mean_nsamp",0,"sigma",1,"theta_true",-1,"theta_CV",0,"G",-1,3,2,0.1,0.5,0.2,50,100,5,1580235529,1,1,50,1,25,,"0.36, 0.01, 0.0","0.97, 0.59, 0.21"
140,"faces_ex140.inp","Poisson",1,"mean_nsamp",0,"sigma",1,"theta_true",-1,"theta_CV",0,"G",0,3,4,0.1,0.5,0.2,50,100,5,1580235529,1,1,50,1,25,,"0.36, 0.01, 0.0","0.97, 0.59, 0.21"
141,"faces_ex141.inp","Poisson",1,"mean_nsamp",0,"sigma",1,"theta_true",-1,"theta_CV",0,"G",1,3,8,0.1,0.5,0.2,50,100,5,1580235529,1,1,50,1,25,,"0.36, 0.01, 0.0","0.97, 0.59, 0.21"
142,"faces_ex142.inp","Poisson",1,"mean_nsamp",0,"sigma",1,"theta_true",-1,"theta_CV",1,"G",-1,3,2,0.1,0.5,0.6,50,100,5,1580235529,1,1,50,1,25,,"0.36, 0.01, 0.0","0.97, 0.59, 0.21"
143,"faces_ex143.inp","Poisson",1,"mean_nsamp",0,"sigma",1,"theta_true",-1,"theta_CV",1,"G",0,3,4,0.1,0.5,0.6,50,100,5,1580235529,1,1,50,1,25,,"0.36, 0.01, 0.0","0.97, 0.59, 0.21"
144,"faces_ex144.inp","Poisson",1,"mean_nsamp",0,"sigma",1,"theta_true",-1,"theta_CV",1,"G",1,3,8,0.1,0.5,0.6,50,100,5,1580235529,1,1,50,1,25,,"0.36, 0.01, 0.0","0.97, 0.59, 0.21"
145,"faces_ex145.inp","Poisson",1,"mean_nsamp",0,"sigma",1,"theta_true",0,"theta_CV",-1,"G",-1,3,2,0.1,1,0,50,100,5,1580235529,1,1,50,1,25,,"0.36, 0.01, 0.0","0.97, 0.59, 0.21"
146,"faces_ex146.inp","Poisson",1,"mean_nsamp",0,"sigma",1,"theta_true",0,"theta_CV",-1,"G",0,3,4,0.1,1,0,50,100,5,1580235529,1,1,50,1,25,,"0.36, 0.01, 0.0","0.97, 0.59, 0.21"
147,"faces_ex147.inp","Poisson",1,"mean_nsamp",0,"sigma",1,"theta_true",0,"theta_CV",-1,"G",1,3,8,0.1,1,0,50,100,5,1580235529,1,1,50,1,25,,"0.36, 0.01, 0.0","0.97, 0.59, 0.21"
148,"faces_ex148.inp","Poisson",1,"mean_nsamp",0,"sigma",1,"theta_true",0,"theta_CV",0,"G",-1,3,2,0.1,1,0.2,50,100,5,1580235529,1,1,50,1,25,,"0.36, 0.01, 0.0","0.97, 0.59, 0.21"
149,"faces_ex149.inp","Poisson",1,"mean_nsamp",0,"sigma",1,"theta_true",0,"theta_CV",0,"G",0,3,4,0.1,1,0.2,50,100,5,1580235529,1,1,50,1,25,,"0.36, 0.01, 0.0","0.97, 0.59, 0.21"
150,"faces_ex150.inp","Poisson",1,"mean_nsamp",0,"sigma",1,"theta_true",0,"theta_CV",0,"G",1,3,8,0.1,1,0.2,50,100,5,1580235529,1,1,50,1,25,,"0.36, 0.01, 0.0","0.97, 0.59, 0.21"
151,"faces_ex151.inp","Poisson",1,"mean_nsamp",0,"sigma",1,"theta_true",0,"theta_CV",1,"G",-1,3,2,0.1,1,0.6,50,100,5,1580235529,1,1,50,1,25,,"0.36, 0.01, 0.0","0.97, 0.59, 0.21"
152,"faces_ex152.inp","Poisson",1,"mean_nsamp",0,"sigma",1,"theta_true",0,"theta_CV",1,"G",0,3,4,0.1,1,0.6,50,100,5,1580235529,1,1,50,1,25,,"0.36, 0.01, 0.0","0.97, 0.59, 0.21"
153,"faces_ex153.inp","Poisson",1,"mean_nsamp",0,"sigma",1,"theta_true",0,"theta_CV",1,"G",1,3,8,0.1,1,0.6,50,100,5,1580235529,1,1,50,1,25,,"0.36, 0.01, 0.0","0.97, 0.59, 0.21"
154,"faces_ex154.inp","Poisson",1,"mean_nsamp",0,"sigma",1,"theta_true",1,"theta_CV",-1,"G",-1,3,2,0.1,2,0,50,100,5,1580235529,1,1,50,1,25,,"0.36, 0.01, 0.0","0.97, 0.59, 0.21"
155,"faces_ex155.inp","Poisson",1,"mean_nsamp",0,"sigma",1,"theta_true",1,"theta_CV",-1,"G",0,3,4,0.1,2,0,50,100,5,1580235529,1,1,50,1,25,,"0.36, 0.01, 0.0","0.97, 0.59, 0.21"
156,"faces_ex156.inp","Poisson",1,"mean_nsamp",0,"sigma",1,"theta_true",1,"theta_CV",-1,"G",1,3,8,0.1,2,0,50,100,5,1580235529,1,1,50,1,25,,"0.36, 0.01, 0.0","0.97, 0.59, 0.21"
157,"faces_ex157.inp","Poisson",1,"mean_nsamp",0,"sigma",1,"theta_true",1,"theta_CV",0,"G",-1,3,2,0.1,2,0.2,50,100,5,1580235529,1,1,50,1,25,,"0.36, 0.01, 0.0","0.97, 0.59, 0.21"
158,"faces_ex158.inp","Poisson",1,"mean_nsamp",0,"sigma",1,"theta_true",1,"theta_CV",0,"G",0,3,4,0.1,2,0.2,50,100,5,1580235529,1,1,50,1,25,,"0.36, 0.01, 0.0","0.97, 0.59, 0.21"
159,"faces_ex159.inp","Poisson",1,"mean_nsamp",0,"sigma",1,"theta_true",1,"theta_CV",0,"G",1,3,8,0.1,2,0.2,50,100,5,1580235529,1,1,50,1,25,,"0.36, 0.01, 0.0","0.97, 0.59, 0.21"
160,"faces_ex160.inp","Poisson",1,"mean_nsamp",0,"sigma",1,"theta_true",1,"theta_CV",1,"G",-1,3,2,0.1,2,0.6,50,100,5,1580235529,1,1,50,1,25,,"0.36, 0.01, 0.0","0.97, 0.59, 0.21"
161,"faces_ex161.inp","Poisson",1,"mean_nsamp",0,"sigma",1,"theta_true",1,"theta_CV",1,"G",0,3,4,0.1,2,0.6,50,100,5,1580235529,1,1,50,1,25,,"0.36, 0.01, 0.0","0.97, 0.59, 0.21"
162,"faces_ex162.inp","Poisson",1,"mean_nsamp",0,"sigma",1,"theta_true",1,"theta_CV",1,"G",1,3,8,0.1,2,0.6,50,100,5,1580235529,1,1,50,1,25,,"0.36, 0.01, 0.0","0.97, 0.59, 0.21"
163,"faces_ex163.inp","Poisson",1,"mean_nsamp",1,"sigma",-1,"theta_true",-1,"theta_CV",-1,"G",-1,3,2,0.1,0.5,0,50,100,5,1580235529,1,0.25,100,1,25,,"0.36, 0.01, 0.0","0.97, 0.59, 0.21"
164,"faces_ex164.inp","Poisson",1,"mean_nsamp",1,"sigma",-1,"theta_true",-1,"theta_CV",-1,"G",0,3,4,0.1,0.5,0,50,100,5,1580235529,1,0.25,100,1,25,,"0.36, 0.01, 0.0","0.97, 0.59, 0.21"
165,"faces_ex165.inp","Poisson",1,"mean_nsamp",1,"sigma",-1,"theta_true",-1,"theta_CV",-1,"G",1,3,8,0.1,0.5,0,50,100,5,1580235529,1,0.25,100,1,25,,"0.36, 0.01, 0.0","0.97, 0.59, 0.21"
166,"faces_ex166.inp","Poisson",1,"mean_nsamp",1,"sigma",-1,"theta_true",-1,"theta_CV",0,"G",-1,3,2,0.1,0.5,0.2,50,100,5,1580235529,1,0.25,100,1,25,,"0.36, 0.01, 0.0","0.97, 0.59, 0.21"
167,"faces_ex167.inp","Poisson",1,"mean_nsamp",1,"sigma",-1,"theta_true",-1,"theta_CV",0,"G",0,3,4,0.1,0.5,0.2,50,100,5,1580235529,1,0.25,100,1,25,,"0.36, 0.01, 0.0","0.97, 0.59, 0.21"
168,"faces_ex168.inp","Poisson",1,"mean_nsamp",1,"sigma",-1,"theta_true",-1,"theta_CV",0,"G",1,3,8,0.1,0.5,0.2,50,100,5,1580235529,1,0.25,100,1,25,,"0.36, 0.01, 0.0","0.97, 0.59, 0.21"
169,"faces_ex169.inp","Poisson",1,"mean_nsamp",1,"sigma",-1,"theta_true",-1,"theta_CV",1,"G",-1,3,2,0.1,0.5,0.6,50,100,5,1580235529,1,0.25,100,1,25,,"0.36, 0.01, 0.0","0.97, 0.59, 0.21"
170,"faces_ex170.inp","Poisson",1,"mean_nsamp",1,"sigma",-1,"theta_true",-1,"theta_CV",1,"G",0,3,4,0.1,0.5,0.6,50,100,5,1580235529,1,0.25,100,1,25,,"0.36, 0.01, 0.0","0.97, 0.59, 0.21"
171,"faces_ex171.inp","Poisson",1,"mean_nsamp",1,"sigma",-1,"theta_true",-1,"theta_CV",1,"G",1,3,8,0.1,0.5,0.6,50,100,5,1580235529,1,0.25,100,1,25,,"0.36, 0.01, 0.0","0.97, 0.59, 0.21"
172,"faces_ex172.inp","Poisson",1,"mean_nsamp",1,"sigma",-1,"theta_true",0,"theta_CV",-1,"G",-1,3,2,0.1,1,0,50,100,5,1580235529,1,0.25,100,1,25,,"0.36, 0.01, 0.0","0.97, 0.59, 0.21"
173,"faces_ex173.inp","Poisson",1,"mean_nsamp",1,"sigma",-1,"theta_true",0,"theta_CV",-1,"G",0,3,4,0.1,1,0,50,100,5,1580235529,1,0.25,100,1,25,,"0.36, 0.01, 0.0","0.97, 0.59, 0.21"
174,"faces_ex174.inp","Poisson",1,"mean_nsamp",1,"sigma",-1,"theta_true",0,"theta_CV",-1,"G",1,3,8,0.1,1,0,50,100,5,1580235529,1,0.25,100,1,25,,"0.36, 0.01, 0.0","0.97, 0.59, 0.21"
175,"faces_ex175.inp","Poisson",1,"mean_nsamp",1,"sigma",-1,"theta_true",0,"theta_CV",0,"G",-1,3,2,0.1,1,0.2,50,100,5,1580235529,1,0.25,100,1,25,,"0.36, 0.01, 0.0","0.97, 0.59, 0.21"
176,"faces_ex176.inp","Poisson",1,"mean_nsamp",1,"sigma",-1,"theta_true",0,"theta_CV",0,"G",0,3,4,0.1,1,0.2,50,100,5,1580235529,1,0.25,100,1,25,,"0.36, 0.01, 0.0","0.97, 0.59, 0.21"
177,"faces_ex177.inp","Poisson",1,"mean_nsamp",1,"sigma",-1,"theta_true",0,"theta_CV",0,"G",1,3,8,0.1,1,0.2,50,100,5,1580235529,1,0.25,100,1,25,,"0.36, 0.01, 0.0","0.97, 0.59, 0.21"
178,"faces_ex178.inp","Poisson",1,"mean_nsamp",1,"sigma",-1,"theta_true",0,"theta_CV",1,"G",-1,3,2,0.1,1,0.6,50,100,5,1580235529,1,0.25,100,1,25,,"0.36, 0.01, 0.0","0.97, 0.59, 0.21"
179,"faces_ex179.inp","Poisson",1,"mean_nsamp",1,"sigma",-1,"theta_true",0,"theta_CV",1,"G",0,3,4,0.1,1,0.6,50,100,5,1580235529,1,0.25,100,1,25,,"0.36, 0.01, 0.0","0.97, 0.59, 0.21"
180,"faces_ex180.inp","Poisson",1,"mean_nsamp",1,"sigma",-1,"theta_true",0,"theta_CV",1,"G",1,3,8,0.1,1,0.6,50,100,5,1580235529,1,0.25,100,1,25,,"0.36, 0.01, 0.0","0.97, 0.59, 0.21"
181,"faces_ex181.inp","Poisson",1,"mean_nsamp",1,"sigma",-1,"theta_true",1,"theta_CV",-1,"G",-1,3,2,0.1,2,0,50,100,5,1580235529,1,0.25,100,1,25,,"0.36, 0.01, 0.0","0.97, 0.59, 0.21"
182,"faces_ex182.inp","Poisson",1,"mean_nsamp",1,"sigma",-1,"theta_true",1,"theta_CV",-1,"G",0,3,4,0.1,2,0,50,100,5,1580235529,1,0.25,100,1,25,,"0.36, 0.01, 0.0","0.97, 0.59, 0.21"
183,"faces_ex183.inp","Poisson",1,"mean_nsamp",1,"sigma",-1,"theta_true",1,"theta_CV",-1,"G",1,3,8,0.1,2,0,50,100,5,1580235529,1,0.25,100,1,25,,"0.36, 0.01, 0.0","0.97, 0.59, 0.21"
184,"faces_ex184.inp","Poisson",1,"mean_nsamp",1,"sigma",-1,"theta_true",1,"theta_CV",0,"G",-1,3,2,0.1,2,0.2,50,100,5,1580235529,1,0.25,100,1,25,,"0.36, 0.01, 0.0","0.97, 0.59, 0.21"
185,"faces_ex185.inp","Poisson",1,"mean_nsamp",1,"sigma",-1,"theta_true",1,"theta_CV",0,"G",0,3,4,0.1,2,0.2,50,100,5,1580235529,1,0.25,100,1,25,,"0.36, 0.01, 0.0","0.97, 0.59, 0.21"
186,"faces_ex186.inp","Poisson",1,"mean_nsamp",1,"sigma",-1,"theta_true",1,"theta_CV",0,"G",1,3,8,0.1,2,0.2,50,100,5,1580235529,1,0.25,100,1,25,,"0.36, 0.01, 0.0","0.97, 0.59, 0.21"
187,"faces_ex187.inp","Poisson",1,"mean_nsamp",1,"sigma",-1,"theta_true",1,"theta_CV",1,"G",-1,3,2,0.1,2,0.6,50,100,5,1580235529,1,0.25,100,1,25,,"0.36, 0.01, 0.0","0.97, 0.59, 0.21"
188,"faces_ex188.inp","Poisson",1,"mean_nsamp",1,"sigma",-1,"theta_true",1,"theta_CV",1,"G",0,3,4,0.1,2,0.6,50,100,5,1580235529,1,0.25,100,1,25,,"0.36, 0.01, 0.0","0.97, 0.59, 0.21"
189,"faces_ex189.inp","Poisson",1,"mean_nsamp",1,"sigma",-1,"theta_true",1,"theta_CV",1,"G",1,3,8,0.1,2,0.6,50,100,5,1580235529,1,0.25,100,1,25,,"0.36, 0.01, 0.0","0.97, 0.59, 0.21"
190,"faces_ex190.inp","Poisson",1,"mean_nsamp",1,"sigma",0,"theta_true",-1,"theta_CV",-1,"G",-1,3,2,0.1,0.5,0,50,100,5,1580235529,1,0.5,100,1,25,,"0.36, 0.01, 0.0","0.97, 0.59, 0.21"
191,"faces_ex191.inp","Poisson",1,"mean_nsamp",1,"sigma",0,"theta_true",-1,"theta_CV",-1,"G",0,3,4,0.1,0.5,0,50,100,5,1580235529,1,0.5,100,1,25,,"0.36, 0.01, 0.0","0.97, 0.59, 0.21"
192,"faces_ex192.inp","Poisson",1,"mean_nsamp",1,"sigma",0,"theta_true",-1,"theta_CV",-1,"G",1,3,8,0.1,0.5,0,50,100,5,1580235529,1,0.5,100,1,25,,"0.36, 0.01, 0.0","0.97, 0.59, 0.21"
193,"faces_ex193.inp","Poisson",1,"mean_nsamp",1,"sigma",0,"theta_true",-1,"theta_CV",0,"G",-1,3,2,0.1,0.5,0.2,50,100,5,1580235529,1,0.5,100,1,25,,"0.36, 0.01, 0.0","0.97, 0.59, 0.21"
194,"faces_ex194.inp","Poisson",1,"mean_nsamp",1,"sigma",0,"theta_true",-1,"theta_CV",0,"G",0,3,4,0.1,0.5,0.2,50,100,5,1580235529,1,0.5,100,1,25,,"0.36, 0.01, 0.0","0.97, 0.59, 0.21"
195,"faces_ex195.inp","Poisson",1,"mean_nsamp",1,"sigma",0,"theta_true",-1,"theta_CV",0,"G",1,3,8,0.1,0.5,0.2,50,100,5,1580235529,1,0.5,100,1,25,,"0.36, 0.01, 0.0","0.97, 0.59, 0.21"
196,"faces_ex196.inp","Poisson",1,"mean_nsamp",1,"sigma",0,"theta_true",-1,"theta_CV",1,"G",-1,3,2,0.1,0.5,0.6,50,100,5,1580235529,1,0.5,100,1,25,,"0.36, 0.01, 0.0","0.97, 0.59, 0.21"
197,"faces_ex197.inp","Poisson",1,"mean_nsamp",1,"sigma",0,"theta_true",-1,"theta_CV",1,"G",0,3,4,0.1,0.5,0.6,50,100,5,1580235529,1,0.5,100,1,25,,"0.36, 0.01, 0.0","0.97, 0.59, 0.21"
198,"faces_ex198.inp","Poisson",1,"mean_nsamp",1,"sigma",0,"theta_true",-1,"theta_CV",1,"G",1,3,8,0.1,0.5,0.6,50,100,5,1580235529,1,0.5,100,1,25,,"0.36, 0.01, 0.0","0.97, 0.59, 0.21"
199,"faces_ex199.inp","Poisson",1,"mean_nsamp",1,"sigma",0,"theta_true",0,"theta_CV",-1,"G",-1,3,2,0.1,1,0,50,100,5,1580235529,1,0.5,100,1,25,,"0.36, 0.01, 0.0","0.97, 0.59, 0.21"
200,"faces_ex200.inp","Poisson",1,"mean_nsamp",1,"sigma",0,"theta_true",0,"theta_CV",-1,"G",0,3,4,0.1,1,0,50,100,5,1580235529,1,0.5,100,1,25,,"0.36, 0.01, 0.0","0.97, 0.59, 0.21"
201,"faces_ex201.inp","Poisson",1,"mean_nsamp",1,"sigma",0,"theta_true",0,"theta_CV",-1,"G",1,3,8,0.1,1,0,50,100,5,1580235529,1,0.5,100,1,25,,"0.36, 0.01, 0.0","0.97, 0.59, 0.21"
202,"faces_ex202.inp","Poisson",1,"mean_nsamp",1,"sigma",0,"theta_true",0,"theta_CV",0,"G",-1,3,2,0.1,1,0.2,50,100,5,1580235529,1,0.5,100,1,25,,"0.36, 0.01, 0.0","0.97, 0.59, 0.21"
203,"faces_ex203.inp","Poisson",1,"mean_nsamp",1,"sigma",0,"theta_true",0,"theta_CV",0,"G",0,3,4,0.1,1,0.2,50,100,5,1580235529,1,0.5,100,1,25,,"0.36, 0.01, 0.0","0.97, 0.59, 0.21"
204,"faces_ex204.inp","Poisson",1,"mean_nsamp",1,"sigma",0,"theta_true",0,"theta_CV",0,"G",1,3,8,0.1,1,0.2,50,100,5,1580235529,1,0.5,100,1,25,,"0.36, 0.01, 0.0","0.97, 0.59, 0.21"
205,"faces_ex205.inp","Poisson",1,"mean_nsamp",1,"sigma",0,"theta_true",0,"theta_CV",1,"G",-1,3,2,0.1,1,0.6,50,100,5,1580235529,1,0.5,100,1,25,,"0.36, 0.01, 0.0","0.97, 0.59, 0.21"
206,"faces_ex206.inp","Poisson",1,"mean_nsamp",1,"sigma",0,"theta_true",0,"theta_CV",1,"G",0,3,4,0.1,1,0.6,50,100,5,1580235529,1,0.5,100,1,25,,"0.36, 0.01, 0.0","0.97, 0.59, 0.21"
207,"faces_ex207.inp","Poisson",1,"mean_nsamp",1,"sigma",0,"theta_true",0,"theta_CV",1,"G",1,3,8,0.1,1,0.6,50,100,5,1580235529,1,0.5,100,1,25,,"0.36, 0.01, 0.0","0.97, 0.59, 0.21"
208,"faces_ex208.inp","Poisson",1,"mean_nsamp",1,"sigma",0,"theta_true",1,"theta_CV",-1,"G",-1,3,2,0.1,2,0,50,100,5,1580235529,1,0.5,100,1,25,,"0.36, 0.01, 0.0","0.97, 0.59, 0.21"
209,"faces_ex209.inp","Poisson",1,"mean_nsamp",1,"sigma",0,"theta_true",1,"theta_CV",-1,"G",0,3,4,0.1,2,0,50,100,5,1580235529,1,0.5,100,1,25,,"0.36, 0.01, 0.0","0.97, 0.59, 0.21"
210,"faces_ex210.inp","Poisson",1,"mean_nsamp",1,"sigma",0,"theta_true",1,"theta_CV",-1,"G",1,3,8,0.1,2,0,50,100,5,1580235529,1,0.5,100,1,25,,"0.36, 0.01, 0.0","0.97, 0.59, 0.21"
211,"faces_ex211.inp","Poisson",1,"mean_nsamp",1,"sigma",0,"theta_true",1,"theta_CV",0,"G",-1,3,2,0.1,2,0.2,50,100,5,1580235529,1,0.5,100,1,25,,"0.36, 0.01, 0.0","0.97, 0.59, 0.21"
212,"faces_ex212.inp","Poisson",1,"mean_nsamp",1,"sigma",0,"theta_true",1,"theta_CV",0,"G",0,3,4,0.1,2,0.2,50,100,5,1580235529,1,0.5,100,1,25,,"0.36, 0.01, 0.0","0.97, 0.59, 0.21"
213,"faces_ex213.inp","Poisson",1,"mean_nsamp",1,"sigma",0,"theta_true",1,"theta_CV",0,"G",1,3,8,0.1,2,0.2,50,100,5,1580235529,1,0.5,100,1,25,,"0.36, 0.01, 0.0","0.97, 0.59, 0.21"
214,"faces_ex214.inp","Poisson",1,"mean_nsamp",1,"sigma",0,"theta_true",1,"theta_CV",1,"G",-1,3,2,0.1,2,0.6,50,100,5,1580235529,1,0.5,100,1,25,,"0.36, 0.01, 0.0","0.97, 0.59, 0.21"
215,"faces_ex215.inp","Poisson",1,"mean_nsamp",1,"sigma",0,"theta_true",1,"theta_CV",1,"G",0,3,4,0.1,2,0.6,50,100,5,1580235529,1,0.5,100,1,25,,"0.36, 0.01, 0.0","0.97, 0.59, 0.21"
216,"faces_ex216.inp","Poisson",1,"mean_nsamp",1,"sigma",0,"theta_true",1,"theta_CV",1,"G",1,3,8,0.1,2,0.6,50,100,5,1580235529,1,0.5,100,1,25,,"0.36, 0.01, 0.0","0.97, 0.59, 0.21"
217,"faces_ex217.inp","Poisson",1,"mean_nsamp",1,"sigma",1,"theta_true",-1,"theta_CV",-1,"G",-1,3,2,0.1,0.5,0,50,100,5,1580235529,1,1,100,1,25,,"0.36, 0.01, 0.0","0.97, 0.59, 0.21"
218,"faces_ex218.inp","Poisson",1,"mean_nsamp",1,"sigma",1,"theta_true",-1,"theta_CV",-1,"G",0,3,4,0.1,0.5,0,50,100,5,1580235529,1,1,100,1,25,,"0.36, 0.01, 0.0","0.97, 0.59, 0.21"
219,"faces_ex219.inp","Poisson",1,"mean_nsamp",1,"sigma",1,"theta_true",-1,"theta_CV",-1,"G",1,3,8,0.1,0.5,0,50,100,5,1580235529,1,1,100,1,25,,"0.36, 0.01, 0.0","0.97, 0.59, 0.21"
220,"faces_ex220.inp","Poisson",1,"mean_nsamp",1,"sigma",1,"theta_true",-1,"theta_CV",0,"G",-1,3,2,0.1,0.5,0.2,50,100,5,1580235529,1,1,100,1,25,,"0.36, 0.01, 0.0","0.97, 0.59, 0.21"
221,"faces_ex221.inp","Poisson",1,"mean_nsamp",1,"sigma",1,"theta_true",-1,"theta_CV",0,"G",0,3,4,0.1,0.5,0.2,50,100,5,1580235529,1,1,100,1,25,,"0.36, 0.01, 0.0","0.97, 0.59, 0.21"
222,"faces_ex222.inp","Poisson",1,"mean_nsamp",1,"sigma",1,"theta_true",-1,"theta_CV",0,"G",1,3,8,0.1,0.5,0.2,50,100,5,1580235529,1,1,100,1,25,,"0.36, 0.01, 0.0","0.97, 0.59, 0.21"
223,"faces_ex223.inp","Poisson",1,"mean_nsamp",1,"sigma",1,"theta_true",-1,"theta_CV",1,"G",-1,3,2,0.1,0.5,0.6,50,100,5,1580235529,1,1,100,1,25,,"0.36, 0.01, 0.0","0.97, 0.59, 0.21"
224,"faces_ex224.inp","Poisson",1,"mean_nsamp",1,"sigma",1,"theta_true",-1,"theta_CV",1,"G",0,3,4,0.1,0.5,0.6,50,100,5,1580235529,1,1,100,1,25,,"0.36, 0.01, 0.0","0.97, 0.59, 0.21"
225,"faces_ex225.inp","Poisson",1,"mean_nsamp",1,"sigma",1,"theta_true",-1,"theta_CV",1,"G",1,3,8,0.1,0.5,0.6,50,100,5,1580235529,1,1,100,1,25,,"0.36, 0.01, 0.0","0.97, 0.59, 0.21"
226,"faces_ex226.inp","Poisson",1,"mean_nsamp",1,"sigma",1,"theta_true",0,"theta_CV",-1,"G",-1,3,2,0.1,1,0,50,100,5,1580235529,1,1,100,1,25,,"0.36, 0.01, 0.0","0.97, 0.59, 0.21"
227,"faces_ex227.inp","Poisson",1,"mean_nsamp",1,"sigma",1,"theta_true",0,"theta_CV",-1,"G",0,3,4,0.1,1,0,50,100,5,1580235529,1,1,100,1,25,,"0.36, 0.01, 0.0","0.97, 0.59, 0.21"
228,"faces_ex228.inp","Poisson",1,"mean_nsamp",1,"sigma",1,"theta_true",0,"theta_CV",-1,"G",1,3,8,0.1,1,0,50,100,5,1580235529,1,1,100,1,25,,"0.36, 0.01, 0.0","0.97, 0.59, 0.21"
229,"faces_ex229.inp","Poisson",1,"mean_nsamp",1,"sigma",1,"theta_true",0,"theta_CV",0,"G",-1,3,2,0.1,1,0.2,50,100,5,1580235529,1,1,100,1,25,,"0.36, 0.01, 0.0","0.97, 0.59, 0.21"
230,"faces_ex230.inp","Poisson",1,"mean_nsamp",1,"sigma",1,"theta_true",0,"theta_CV",0,"G",0,3,4,0.1,1,0.2,50,100,5,1580235529,1,1,100,1,25,,"0.36, 0.01, 0.0","0.97, 0.59, 0.21"
231,"faces_ex231.inp","Poisson",1,"mean_nsamp",1,"sigma",1,"theta_true",0,"theta_CV",0,"G",1,3,8,0.1,1,0.2,50,100,5,1580235529,1,1,100,1,25,,"0.36, 0.01, 0.0","0.97, 0.59, 0.21"
232,"faces_ex232.inp","Poisson",1,"mean_nsamp",1,"sigma",1,"theta_true",0,"theta_CV",1,"G",-1,3,2,0.1,1,0.6,50,100,5,1580235529,1,1,100,1,25,,"0.36, 0.01, 0.0","0.97, 0.59, 0.21"
233,"faces_ex233.inp","Poisson",1,"mean_nsamp",1,"sigma",1,"theta_true",0,"theta_CV",1,"G",0,3,4,0.1,1,0.6,50,100,5,1580235529,1,1,100,1,25,,"0.36, 0.01, 0.0","0.97, 0.59, 0.21"
234,"faces_ex234.inp","Poisson",1,"mean_nsamp",1,"sigma",1,"theta_true",0,"theta_CV",1,"G",1,3,8,0.1,1,0.6,50,100,5,1580235529,1,1,100,1,25,,"0.36, 0.01, 0.0","0.97, 0.59, 0.21"
235,"faces_ex235.inp","Poisson",1,"mean_nsamp",1,"sigma",1,"theta_true",1,"theta_CV",-1,"G",-1,3,2,0.1,2,0,50,100,5,1580235529,1,1,100,1,25,,"0.36, 0.01, 0.0","0.97, 0.59, 0.21"
236,"faces_ex236.inp","Poisson",1,"mean_nsamp",1,"sigma",1,"theta_true",1,"theta_CV",-1,"G",0,3,4,0.1,2,0,50,100,5,1580235529,1,1,100,1,25,,"0.36, 0.01, 0.0","0.97, 0.59, 0.21"
237,"faces_ex237.inp","Poisson",1,"mean_nsamp",1,"sigma",1,"theta_true",1,"theta_CV",-1,"G",1,3,8,0.1,2,0,50,100,5,1580235529,1,1,100,1,25,,"0.36, 0.01, 0.0","0.97, 0.59, 0.21"
238,"faces_ex238.inp","Poisson",1,"mean_nsamp",1,"sigma",1,"theta_true",1,"theta_CV",0,"G",-1,3,2,0.1,2,0.2,50,100,5,1580235529,1,1,100,1,25,,"0.36, 0.01, 0.0","0.97, 0.59, 0.21"
239,"faces_ex239.inp","Poisson",1,"mean_nsamp",1,"sigma",1,"theta_true",1,"theta_CV",0,"G",0,3,4,0.1,2,0.2,50,100,5,1580235529,1,1,100,1,25,,"0.36, 0.01, 0.0","0.97, 0.59, 0.21"
240,"faces_ex240.inp","Poisson",1,"mean_nsamp",1,"sigma",1,"theta_true",1,"theta_CV",0,"G",1,3,8,0.1,2,0.2,50,100,5,1580235529,1,1,100,1,25,,"0.36, 0.01, 0.0","0.97, 0.59, 0.21"
241,"faces_ex241.inp","Poisson",1,"mean_nsamp",1,"sigma",1,"theta_true",1,"theta_CV",1,"G",-1,3,2,0.1,2,0.6,50,100,5,1580235529,1,1,100,1,25,,"0.36, 0.01, 0.0","0.97, 0.59, 0.21"
242,"faces_ex242.inp","Poisson",1,"mean_nsamp",1,"sigma",1,"theta_true",1,"theta_CV",1,"G",0,3,4,0.1,2,0.6,50,100,5,1580235529,1,1,100,1,25,,"0.36, 0.01, 0.0","0.97, 0.59, 0.21"
243,"faces_ex243.inp","Poisson",1,"mean_nsamp",1,"sigma",1,"theta_true",1,"theta_CV",1,"G",1,3,8,0.1,2,0.6,50,100,5,1580235529,1,1,100,1,25,,"0.36, 0.01, 0.0","0.97, 0.59, 0.21"
244,"faces_ex244.inp","Lognormal",2,"mean_nsamp",-1,"sigma",-1,"theta_true",-1,"theta_CV",-1,"G",-1,3,2,0.1,0.5,0,50,100,5,1580235529,1,0.25,25,1,25,,"0.36, 0.01, 0.0","0.97, 0.59, 0.21"
245,"faces_ex245.inp","Lognormal",2,"mean_nsamp",-1,"sigma",-1,"theta_true",-1,"theta_CV",-1,"G",0,3,4,0.1,0.5,0,50,100,5,1580235529,1,0.25,25,1,25,,"0.36, 0.01, 0.0","0.97, 0.59, 0.21"
246,"faces_ex246.inp","Lognormal",2,"mean_nsamp",-1,"sigma",-1,"theta_true",-1,"theta_CV",-1,"G",1,3,8,0.1,0.5,0,50,100,5,1580235529,1,0.25,25,1,25,,"0.36, 0.01, 0.0","0.97, 0.59, 0.21"
247,"faces_ex247.inp","Lognormal",2,"mean_nsamp",-1,"sigma",-1,"theta_true",-1,"theta_CV",0,"G",-1,3,2,0.1,0.5,0.2,50,100,5,1580235529,1,0.25,25,1,25,,"0.36, 0.01, 0.0","0.97, 0.59, 0.21"
248,"faces_ex248.inp","Lognormal",2,"mean_nsamp",-1,"sigma",-1,"theta_true",-1,"theta_CV",0,"G",0,3,4,0.1,0.5,0.2,50,100,5,1580235529,1,0.25,25,1,25,,"0.36, 0.01, 0.0","0.97, 0.59, 0.21"
249,"faces_ex249.inp","Lognormal",2,"mean_nsamp",-1,"sigma",-1,"theta_true",-1,"theta_CV",0,"G",1,3,8,0.1,0.5,0.2,50,100,5,1580235529,1,0.25,25,1,25,,"0.36, 0.01, 0.0","0.97, 0.59, 0.21"
250,"faces_ex250.inp","Lognormal",2,"mean_nsamp",-1,"sigma",-1,"theta_true",-1,"theta_CV",1,"G",-1,3,2,0.1,0.5,0.6,50,100,5,1580235529,1,0.25,25,1,25,,"0.36, 0.01, 0.0","0.97, 0.59, 0.21"
251,"faces_ex251.inp","Lognormal",2,"mean_nsamp",-1,"sigma",-1,"theta_true",-1,"theta_CV",1,"G",0,3,4,0.1,0.5,0.6,50,100,5,1580235529,1,0.25,25,1,25,,"0.36, 0.01, 0.0","0.97, 0.59, 0.21"
252,"faces_ex252.inp","Lognormal",2,"mean_nsamp",-1,"sigma",-1,"theta_true",-1,"theta_CV",1,"G",1,3,8,0.1,0.5,0.6,50,100,5,1580235529,1,0.25,25,1,25,,"0.36, 0.01, 0.0","0.97, 0.59, 0.21"
253,"faces_ex253.inp","Lognormal",2,"mean_nsamp",-1,"sigma",-1,"theta_true",0,"theta_CV",-1,"G",-1,3,2,0.1,1,0,50,100,5,1580235529,1,0.25,25,1,25,,"0.36, 0.01, 0.0","0.97, 0.59, 0.21"
254,"faces_ex254.inp","Lognormal",2,"mean_nsamp",-1,"sigma",-1,"theta_true",0,"theta_CV",-1,"G",0,3,4,0.1,1,0,50,100,5,1580235529,1,0.25,25,1,25,,"0.36, 0.01, 0.0","0.97, 0.59, 0.21"
255,"faces_ex255.inp","Lognormal",2,"mean_nsamp",-1,"sigma",-1,"theta_true",0,"theta_CV",-1,"G",1,3,8,0.1,1,0,50,100,5,1580235529,1,0.25,25,1,25,,"0.36, 0.01, 0.0","0.97, 0.59, 0.21"
256,"faces_ex256.inp","Lognormal",2,"mean_nsamp",-1,"sigma",-1,"theta_true",0,"theta_CV",0,"G",-1,3,2,0.1,1,0.2,50,100,5,1580235529,1,0.25,25,1,25,,"0.36, 0.01, 0.0","0.97, 0.59, 0.21"
257,"faces_ex257.inp","Lognormal",2,"mean_nsamp",-1,"sigma",-1,"theta_true",0,"theta_CV",0,"G",0,3,4,0.1,1,0.2,50,100,5,1580235529,1,0.25,25,1,25,,"0.36, 0.01, 0.0","0.97, 0.59, 0.21"
258,"faces_ex258.inp","Lognormal",2,"mean_nsamp",-1,"sigma",-1,"theta_true",0,"theta_CV",0,"G",1,3,8,0.1,1,0.2,50,100,5,1580235529,1,0.25,25,1,25,,"0.36, 0.01, 0.0","0.97, 0.59, 0.21"
259,"faces_ex259.inp","Lognormal",2,"mean_nsamp",-1,"sigma",-1,"theta_true",0,"theta_CV",1,"G",-1,3,2,0.1,1,0.6,50,100,5,1580235529,1,0.25,25,1,25,,"0.36, 0.01, 0.0","0.97, 0.59, 0.21"
260,"faces_ex260.inp","Lognormal",2,"mean_nsamp",-1,"sigma",-1,"theta_true",0,"theta_CV",1,"G",0,3,4,0.1,1,0.6,50,100,5,1580235529,1,0.25,25,1,25,,"0.36, 0.01, 0.0","0.97, 0.59, 0.21"
261,"faces_ex261.inp","Lognormal",2,"mean_nsamp",-1,"sigma",-1,"theta_true",0,"theta_CV",1,"G",1,3,8,0.1,1,0.6,50,100,5,1580235529,1,0.25,25,1,25,,"0.36, 0.01, 0.0","0.97, 0.59, 0.21"
262,"faces_ex262.inp","Lognormal",2,"mean_nsamp",-1,"sigma",-1,"theta_true",1,"theta_CV",-1,"G",-1,3,2,0.1,2,0,50,100,5,1580235529,1,0.25,25,1,25,,"0.36, 0.01, 0.0","0.97, 0.59, 0.21"
263,"faces_ex263.inp","Lognormal",2,"mean_nsamp",-1,"sigma",-1,"theta_true",1,"theta_CV",-1,"G",0,3,4,0.1,2,0,50,100,5,1580235529,1,0.25,25,1,25,,"0.36, 0.01, 0.0","0.97, 0.59, 0.21"
264,"faces_ex264.inp","Lognormal",2,"mean_nsamp",-1,"sigma",-1,"theta_true",1,"theta_CV",-1,"G",1,3,8,0.1,2,0,50,100,5,1580235529,1,0.25,25,1,25,,"0.36, 0.01, 0.0","0.97, 0.59, 0.21"
265,"faces_ex265.inp","Lognormal",2,"mean_nsamp",-1,"sigma",-1,"theta_true",1,"theta_CV",0,"G",-1,3,2,0.1,2,0.2,50,100,5,1580235529,1,0.25,25,1,25,,"0.36, 0.01, 0.0","0.97, 0.59, 0.21"
266,"faces_ex266.inp","Lognormal",2,"mean_nsamp",-1,"sigma",-1,"theta_true",1,"theta_CV",0,"G",0,3,4,0.1,2,0.2,50,100,5,1580235529,1,0.25,25,1,25,,"0.36, 0.01, 0.0","0.97, 0.59, 0.21"
267,"faces_ex267.inp","Lognormal",2,"mean_nsamp",-1,"sigma",-1,"theta_true",1,"theta_CV",0,"G",1,3,8,0.1,2,0.2,50,100,5,1580235529,1,0.25,25,1,25,,"0.36, 0.01, 0.0","0.97, 0.59, 0.21"
268,"faces_ex268.inp","Lognormal",2,"mean_nsamp",-1,"sigma",-1,"theta_true",1,"theta_CV",1,"G",-1,3,2,0.1,2,0.6,50,100,5,1580235529,1,0.25,25,1,25,,"0.36, 0.01, 0.0","0.97, 0.59, 0.21"
269,"faces_ex269.inp","Lognormal",2,"mean_nsamp",-1,"sigma",-1,"theta_true",1,"theta_CV",1,"G",0,3,4,0.1,2,0.6,50,100,5,1580235529,1,0.25,25,1,25,,"0.36, 0.01, 0.0","0.97, 0.59, 0.21"
270,"faces_ex270.inp","Lognormal",2,"mean_nsamp",-1,"sigma",-1,"theta_true",1,"theta_CV",1,"G",1,3,8,0.1,2,0.6,50,100,5,1580235529,1,0.25,25,1,25,,"0.36, 0.01, 0.0","0.97, 0.59, 0.21"
271,"faces_ex271.inp","Lognormal",2,"mean_nsamp",-1,"sigma",0,"theta_true",-1,"theta_CV",-1,"G",-1,3,2,0.1,0.5,0,50,100,5,1580235529,1,0.5,25,1,25,,"0.36, 0.01, 0.0","0.97, 0.59, 0.21"
272,"faces_ex272.inp","Lognormal",2,"mean_nsamp",-1,"sigma",0,"theta_true",-1,"theta_CV",-1,"G",0,3,4,0.1,0.5,0,50,100,5,1580235529,1,0.5,25,1,25,,"0.36, 0.01, 0.0","0.97, 0.59, 0.21"
273,"faces_ex273.inp","Lognormal",2,"mean_nsamp",-1,"sigma",0,"theta_true",-1,"theta_CV",-1,"G",1,3,8,0.1,0.5,0,50,100,5,1580235529,1,0.5,25,1,25,,"0.36, 0.01, 0.0","0.97, 0.59, 0.21"
274,"faces_ex274.inp","Lognormal",2,"mean_nsamp",-1,"sigma",0,"theta_true",-1,"theta_CV",0,"G",-1,3,2,0.1,0.5,0.2,50,100,5,1580235529,1,0.5,25,1,25,,"0.36, 0.01, 0.0","0.97, 0.59, 0.21"
275,"faces_ex275.inp","Lognormal",2,"mean_nsamp",-1,"sigma",0,"theta_true",-1,"theta_CV",0,"G",0,3,4,0.1,0.5,0.2,50,100,5,1580235529,1,0.5,25,1,25,,"0.36, 0.01, 0.0","0.97, 0.59, 0.21"
276,"faces_ex276.inp","Lognormal",2,"mean_nsamp",-1,"sigma",0,"theta_true",-1,"theta_CV",0,"G",1,3,8,0.1,0.5,0.2,50,100,5,1580235529,1,0.5,25,1,25,,"0.36, 0.01, 0.0","0.97, 0.59, 0.21"
277,"faces_ex277.inp","Lognormal",2,"mean_nsamp",-1,"sigma",0,"theta_true",-1,"theta_CV",1,"G",-1,3,2,0.1,0.5,0.6,50,100,5,1580235529,1,0.5,25,1,25,,"0.36, 0.01, 0.0","0.97, 0.59, 0.21"
278,"faces_ex278.inp","Lognormal",2,"mean_nsamp",-1,"sigma",0,"theta_true",-1,"theta_CV",1,"G",0,3,4,0.1,0.5,0.6,50,100,5,1580235529,1,0.5,25,1,25,,"0.36, 0.01, 0.0","0.97, 0.59, 0.21"
279,"faces_ex279.inp","Lognormal",2,"mean_nsamp",-1,"sigma",0,"theta_true",-1,"theta_CV",1,"G",1,3,8,0.1,0.5,0.6,50,100,5,1580235529,1,0.5,25,1,25,,"0.36, 0.01, 0.0","0.97, 0.59, 0.21"
280,"faces_ex280.inp","Lognormal",2,"mean_nsamp",-1,"sigma",0,"theta_true",0,"theta_CV",-1,"G",-1,3,2,0.1,1,0,50,100,5,1580235529,1,0.5,25,1,25,,"0.36, 0.01, 0.0","0.97, 0.59, 0.21"
281,"faces_ex281.inp","Lognormal",2,"mean_nsamp",-1,"sigma",0,"theta_true",0,"theta_CV",-1,"G",0,3,4,0.1,1,0,50,100,5,1580235529,1,0.5,25,1,25,,"0.36, 0.01, 0.0","0.97, 0.59, 0.21"
282,"faces_ex282.inp","Lognormal",2,"mean_nsamp",-1,"sigma",0,"theta_true",0,"theta_CV",-1,"G",1,3,8,0.1,1,0,50,100,5,1580235529,1,0.5,25,1,25,,"0.36, 0.01, 0.0","0.97, 0.59, 0.21"
283,"faces_ex283.inp","Lognormal",2,"mean_nsamp",-1,"sigma",0,"theta_true",0,"theta_CV",0,"G",-1,3,2,0.1,1,0.2,50,100,5,1580235529,1,0.5,25,1,25,,"0.36, 0.01, 0.0","0.97, 0.59, 0.21"
284,"faces_ex284.inp","Lognormal",2,"mean_nsamp",-1,"sigma",0,"theta_true",0,"theta_CV",0,"G",0,3,4,0.1,1,0.2,50,100,5,1580235529,1,0.5,25,1,25,,"0.36, 0.01, 0.0","0.97, 0.59, 0.21"
285,"faces_ex285.inp","Lognormal",2,"mean_nsamp",-1,"sigma",0,"theta_true",0,"theta_CV",0,"G",1,3,8,0.1,1,0.2,50,100,5,1580235529,1,0.5,25,1,25,,"0.36, 0.01, 0.0","0.97, 0.59, 0.21"
286,"faces_ex286.inp","Lognormal",2,"mean_nsamp",-1,"sigma",0,"theta_true",0,"theta_CV",1,"G",-1,3,2,0.1,1,0.6,50,100,5,1580235529,1,0.5,25,1,25,,"0.36, 0.01, 0.0","0.97, 0.59, 0.21"
287,"faces_ex287.inp","Lognormal",2,"mean_nsamp",-1,"sigma",0,"theta_true",0,"theta_CV",1,"G",0,3,4,0.1,1,0.6,50,100,5,1580235529,1,0.5,25,1,25,,"0.36, 0.01, 0.0","0.97, 0.59, 0.21"
288,"faces_ex288.inp","Lognormal",2,"mean_nsamp",-1,"sigma",0,"theta_true",0,"theta_CV",1,"G",1,3,8,0.1,1,0.6,50,100,5,1580235529,1,0.5,25,1,25,,"0.36, 0.01, 0.0","0.97, 0.59, 0.21"
289,"faces_ex289.inp","Lognormal",2,"mean_nsamp",-1,"sigma",0,"theta_true",1,"theta_CV",-1,"G",-1,3,2,0.1,2,0,50,100,5,1580235529,1,0.5,25,1,25,,"0.36, 0.01, 0.0","0.97, 0.59, 0.21"
290,"faces_ex290.inp","Lognormal",2,"mean_nsamp",-1,"sigma",0,"theta_true",1,"theta_CV",-1,"G",0,3,4,0.1,2,0,50,100,5,1580235529,1,0.5,25,1,25,,"0.36, 0.01, 0.0","0.97, 0.59, 0.21"
291,"faces_ex291.inp","Lognormal",2,"mean_nsamp",-1,"sigma",0,"theta_true",1,"theta_CV",-1,"G",1,3,8,0.1,2,0,50,100,5,1580235529,1,0.5,25,1,25,,"0.36, 0.01, 0.0","0.97, 0.59, 0.21"
292,"faces_ex292.inp","Lognormal",2,"mean_nsamp",-1,"sigma",0,"theta_true",1,"theta_CV",0,"G",-1,3,2,0.1,2,0.2,50,100,5,1580235529,1,0.5,25,1,25,,"0.36, 0.01, 0.0","0.97, 0.59, 0.21"
293,"faces_ex293.inp","Lognormal",2,"mean_nsamp",-1,"sigma",0,"theta_true",1,"theta_CV",0,"G",0,3,4,0.1,2,0.2,50,100,5,1580235529,1,0.5,25,1,25,,"0.36, 0.01, 0.0","0.97, 0.59, 0.21"
294,"faces_ex294.inp","Lognormal",2,"mean_nsamp",-1,"sigma",0,"theta_true",1,"theta_CV",0,"G",1,3,8,0.1,2,0.2,50,100,5,1580235529,1,0.5,25,1,25,,"0.36, 0.01, 0.0","0.97, 0.59, 0.21"
295,"faces_ex295.inp","Lognormal",2,"mean_nsamp",-1,"sigma",0,"theta_true",1,"theta_CV",1,"G",-1,3,2,0.1,2,0.6,50,100,5,1580235529,1,0.5,25,1,25,,"0.36, 0.01, 0.0","0.97, 0.59, 0.21"
296,"faces_ex296.inp","Lognormal",2,"mean_nsamp",-1,"sigma",0,"theta_true",1,"theta_CV",1,"G",0,3,4,0.1,2,0.6,50,100,5,1580235529,1,0.5,25,1,25,,"0.36, 0.01, 0.0","0.97, 0.59, 0.21"
297,"faces_ex297.inp","Lognormal",2,"mean_nsamp",-1,"sigma",0,"theta_true",1,"theta_CV",1,"G",1,3,8,0.1,2,0.6,50,100,5,1580235529,1,0.5,25,1,25,,"0.36, 0.01, 0.0","0.97, 0.59, 0.21"
298,"faces_ex298.inp","Lognormal",2,"mean_nsamp",-1,"sigma",1,"theta_true",-1,"theta_CV",-1,"G",-1,3,2,0.1,0.5,0,50,100,5,1580235529,1,1,25,1,25,,"0.36, 0.01, 0.0","0.97, 0.59, 0.21"
299,"faces_ex299.inp","Lognormal",2,"mean_nsamp",-1,"sigma",1,"theta_true",-1,"theta_CV",-1,"G",0,3,4,0.1,0.5,0,50,100,5,1580235529,1,1,25,1,25,,"0.36, 0.01, 0.0","0.97, 0.59, 0.21"
300,"faces_ex300.inp","Lognormal",2,"mean_nsamp",-1,"sigma",1,"theta_true",-1,"theta_CV",-1,"G",1,3,8,0.1,0.5,0,50,100,5,1580235529,1,1,25,1,25,,"0.36, 0.01, 0.0","0.97, 0.59, 0.21"
301,"faces_ex301.inp","Lognormal",2,"mean_nsamp",-1,"sigma",1,"theta_true",-1,"theta_CV",0,"G",-1,3,2,0.1,0.5,0.2,50,100,5,1580235529,1,1,25,1,25,,"0.36, 0.01, 0.0","0.97, 0.59, 0.21"
302,"faces_ex302.inp","Lognormal",2,"mean_nsamp",-1,"sigma",1,"theta_true",-1,"theta_CV",0,"G",0,3,4,0.1,0.5,0.2,50,100,5,1580235529,1,1,25,1,25,,"0.36, 0.01, 0.0","0.97, 0.59, 0.21"
303,"faces_ex303.inp","Lognormal",2,"mean_nsamp",-1,"sigma",1,"theta_true",-1,"theta_CV",0,"G",1,3,8,0.1,0.5,0.2,50,100,5,1580235529,1,1,25,1,25,,"0.36, 0.01, 0.0","0.97, 0.59, 0.21"
304,"faces_ex304.inp","Lognormal",2,"mean_nsamp",-1,"sigma",1,"theta_true",-1,"theta_CV",1,"G",-1,3,2,0.1,0.5,0.6,50,100,5,1580235529,1,1,25,1,25,,"0.36, 0.01, 0.0","0.97, 0.59, 0.21"
305,"faces_ex305.inp","Lognormal",2,"mean_nsamp",-1,"sigma",1,"theta_true",-1,"theta_CV",1,"G",0,3,4,0.1,0.5,0.6,50,100,5,1580235529,1,1,25,1,25,,"0.36, 0.01, 0.0","0.97, 0.59, 0.21"
306,"faces_ex306.inp","Lognormal",2,"mean_nsamp",-1,"sigma",1,"theta_true",-1,"theta_CV",1,"G",1,3,8,0.1,0.5,0.6,50,100,5,1580235529,1,1,25,1,25,,"0.36, 0.01, 0.0","0.97, 0.59, 0.21"
307,"faces_ex307.inp","Lognormal",2,"mean_nsamp",-1,"sigma",1,"theta_true",0,"theta_CV",-1,"G",-1,3,2,0.1,1,0,50,100,5,1580235529,1,1,25,1,25,,"0.36, 0.01, 0.0","0.97, 0.59, 0.21"
308,"faces_ex308.inp","Lognormal",2,"mean_nsamp",-1,"sigma",1,"theta_true",0,"theta_CV",-1,"G",0,3,4,0.1,1,0,50,100,5,1580235529,1,1,25,1,25,,"0.36, 0.01, 0.0","0.97, 0.59, 0.21"
309,"faces_ex309.inp","Lognormal",2,"mean_nsamp",-1,"sigma",1,"theta_true",0,"theta_CV",-1,"G",1,3,8,0.1,1,0,50,100,5,1580235529,1,1,25,1,25,,"0.36, 0.01, 0.0","0.97, 0.59, 0.21"
310,"faces_ex310.inp","Lognormal",2,"mean_nsamp",-1,"sigma",1,"theta_true",0,"theta_CV",0,"G",-1,3,2,0.1,1,0.2,50,100,5,1580235529,1,1,25,1,25,,"0.36, 0.01, 0.0","0.97, 0.59, 0.21"
311,"faces_ex311.inp","Lognormal",2,"mean_nsamp",-1,"sigma",1,"theta_true",0,"theta_CV",0,"G",0,3,4,0.1,1,0.2,50,100,5,1580235529,1,1,25,1,25,,"0.36, 0.01, 0.0","0.97, 0.59, 0.21"
312,"faces_ex312.inp","Lognormal",2,"mean_nsamp",-1,"sigma",1,"theta_true",0,"theta_CV",0,"G",1,3,8,0.1,1,0.2,50,100,5,1580235529,1,1,25,1,25,,"0.36, 0.01, 0.0","0.97, 0.59, 0.21"
313,"faces_ex313.inp","Lognormal",2,"mean_nsamp",-1,"sigma",1,"theta_true",0,"theta_CV",1,"G",-1,3,2,0.1,1,0.6,50,100,5,1580235529,1,1,25,1,25,,"0.36, 0.01, 0.0","0.97, 0.59, 0.21"
314,"faces_ex314.inp","Lognormal",2,"mean_nsamp",-1,"sigma",1,"theta_true",0,"theta_CV",1,"G",0,3,4,0.1,1,0.6,50,100,5,1580235529,1,1,25,1,25,,"0.36, 0.01, 0.0","0.97, 0.59, 0.21"
315,"faces_ex315.inp","Lognormal",2,"mean_nsamp",-1,"sigma",1,"theta_true",0,"theta_CV",1,"G",1,3,8,0.1,1,0.6,50,100,5,1580235529,1,1,25,1,25,,"0.36, 0.01, 0.0","0.97, 0.59, 0.21"
316,"faces_ex316.inp","Lognormal",2,"mean_nsamp",-1,"sigma",1,"theta_true",1,"theta_CV",-1,"G",-1,3,2,0.1,2,0,50,100,5,1580235529,1,1,25,1,25,,"0.36, 0.01, 0.0","0.97, 0.59, 0.21"
317,"faces_ex317.inp","Lognormal",2,"mean_nsamp",-1,"sigma",1,"theta_true",1,"theta_CV",-1,"G",0,3,4,0.1,2,0,50,100,5,1580235529,1,1,25,1,25,,"0.36, 0.01, 0.0","0.97, 0.59, 0.21"
318,"faces_ex318.inp","Lognormal",2,"mean_nsamp",-1,"sigma",1,"theta_true",1,"theta_CV",-1,"G",1,3,8,0.1,2,0,50,100,5,1580235529,1,1,25,1,25,,"0.36, 0.01, 0.0","0.97, 0.59, 0.21"
319,"faces_ex319.inp","Lognormal",2,"mean_nsamp",-1,"sigma",1,"theta_true",1,"theta_CV",0,"G",-1,3,2,0.1,2,0.2,50,100,5,1580235529,1,1,25,1,25,,"0.36, 0.01, 0.0","0.97, 0.59, 0.21"
320,"faces_ex320.inp","Lognormal",2,"mean_nsamp",-1,"sigma",1,"theta_true",1,"theta_CV",0,"G",0,3,4,0.1,2,0.2,50,100,5,1580235529,1,1,25,1,25,,"0.36, 0.01, 0.0","0.97, 0.59, 0.21"
321,"faces_ex321.inp","Lognormal",2,"mean_nsamp",-1,"sigma",1,"theta_true",1,"theta_CV",0,"G",1,3,8,0.1,2,0.2,50,100,5,1580235529,1,1,25,1,25,,"0.36, 0.01, 0.0","0.97, 0.59, 0.21"
322,"faces_ex322.inp","Lognormal",2,"mean_nsamp",-1,"sigma",1,"theta_true",1,"theta_CV",1,"G",-1,3,2,0.1,2,0.6,50,100,5,1580235529,1,1,25,1,25,,"0.36, 0.01, 0.0","0.97, 0.59, 0.21"
323,"faces_ex323.inp","Lognormal",2,"mean_nsamp",-1,"sigma",1,"theta_true",1,"theta_CV",1,"G",0,3,4,0.1,2,0.6,50,100,5,1580235529,1,1,25,1,25,,"0.36, 0.01, 0.0","0.97, 0.59, 0.21"
324,"faces_ex324.inp","Lognormal",2,"mean_nsamp",-1,"sigma",1,"theta_true",1,"theta_CV",1,"G",1,3,8,0.1,2,0.6,50,100,5,1580235529,1,1,25,1,25,,"0.36, 0.01, 0.0","0.97, 0.59, 0.21"
325,"faces_ex325.inp","Lognormal",2,"mean_nsamp",0,"sigma",-1,"theta_true",-1,"theta_CV",-1,"G",-1,3,2,0.1,0.5,0,50,100,5,1580235529,1,0.25,50,1,25,,"0.36, 0.01, 0.0","0.97, 0.59, 0.21"
326,"faces_ex326.inp","Lognormal",2,"mean_nsamp",0,"sigma",-1,"theta_true",-1,"theta_CV",-1,"G",0,3,4,0.1,0.5,0,50,100,5,1580235529,1,0.25,50,1,25,,"0.36, 0.01, 0.0","0.97, 0.59, 0.21"
327,"faces_ex327.inp","Lognormal",2,"mean_nsamp",0,"sigma",-1,"theta_true",-1,"theta_CV",-1,"G",1,3,8,0.1,0.5,0,50,100,5,1580235529,1,0.25,50,1,25,,"0.36, 0.01, 0.0","0.97, 0.59, 0.21"
328,"faces_ex328.inp","Lognormal",2,"mean_nsamp",0,"sigma",-1,"theta_true",-1,"theta_CV",0,"G",-1,3,2,0.1,0.5,0.2,50,100,5,1580235529,1,0.25,50,1,25,,"0.36, 0.01, 0.0","0.97, 0.59, 0.21"
329,"faces_ex329.inp","Lognormal",2,"mean_nsamp",0,"sigma",-1,"theta_true",-1,"theta_CV",0,"G",0,3,4,0.1,0.5,0.2,50,100,5,1580235529,1,0.25,50,1,25,,"0.36, 0.01, 0.0","0.97, 0.59, 0.21"
330,"faces_ex330.inp","Lognormal",2,"mean_nsamp",0,"sigma",-1,"theta_true",-1,"theta_CV",0,"G",1,3,8,0.1,0.5,0.2,50,100,5,1580235529,1,0.25,50,1,25,,"0.36, 0.01, 0.0","0.97, 0.59, 0.21"
331,"faces_ex331.inp","Lognormal",2,"mean_nsamp",0,"sigma",-1,"theta_true",-1,"theta_CV",1,"G",-1,3,2,0.1,0.5,0.6,50,100,5,1580235529,1,0.25,50,1,25,,"0.36, 0.01, 0.0","0.97, 0.59, 0.21"
332,"faces_ex332.inp","Lognormal",2,"mean_nsamp",0,"sigma",-1,"theta_true",-1,"theta_CV",1,"G",0,3,4,0.1,0.5,0.6,50,100,5,1580235529,1,0.25,50,1,25,,"0.36, 0.01, 0.0","0.97, 0.59, 0.21"
333,"faces_ex333.inp","Lognormal",2,"mean_nsamp",0,"sigma",-1,"theta_true",-1,"theta_CV",1,"G",1,3,8,0.1,0.5,0.6,50,100,5,1580235529,1,0.25,50,1,25,,"0.36, 0.01, 0.0","0.97, 0.59, 0.21"
334,"faces_ex334.inp","Lognormal",2,"mean_nsamp",0,"sigma",-1,"theta_true",0,"theta_CV",-1,"G",-1,3,2,0.1,1,0,50,100,5,1580235529,1,0.25,50,1,25,,"0.36, 0.01, 0.0","0.97, 0.59, 0.21"
335,"faces_ex335.inp","Lognormal",2,"mean_nsamp",0,"sigma",-1,"theta_true",0,"theta_CV",-1,"G",0,3,4,0.1,1,0,50,100,5,1580235529,1,0.25,50,1,25,,"0.36, 0.01, 0.0","0.97, 0.59, 0.21"
336,"faces_ex336.inp","Lognormal",2,"mean_nsamp",0,"sigma",-1,"theta_true",0,"theta_CV",-1,"G",1,3,8,0.1,1,0,50,100,5,1580235529,1,0.25,50,1,25,,"0.36, 0.01, 0.0","0.97, 0.59, 0.21"
337,"faces_ex337.inp","Lognormal",2,"mean_nsamp",0,"sigma",-1,"theta_true",0,"theta_CV",0,"G",-1,3,2,0.1,1,0.2,50,100,5,1580235529,1,0.25,50,1,25,,"0.36, 0.01, 0.0","0.97, 0.59, 0.21"
338,"faces_ex338.inp","Lognormal",2,"mean_nsamp",0,"sigma",-1,"theta_true",0,"theta_CV",0,"G",0,3,4,0.1,1,0.2,50,100,5,1580235529,1,0.25,50,1,25,,"0.36, 0.01, 0.0","0.97, 0.59, 0.21"
339,"faces_ex339.inp","Lognormal",2,"mean_nsamp",0,"sigma",-1,"theta_true",0,"theta_CV",0,"G",1,3,8,0.1,1,0.2,50,100,5,1580235529,1,0.25,50,1,25,,"0.36, 0.01, 0.0","0.97, 0.59, 0.21"
340,"faces_ex340.inp","Lognormal",2,"mean_nsamp",0,"sigma",-1,"theta_true",0,"theta_CV",1,"G",-1,3,2,0.1,1,0.6,50,100,5,1580235529,1,0.25,50,1,25,,"0.36, 0.01, 0.0","0.97, 0.59, 0.21"
341,"faces_ex341.inp","Lognormal",2,"mean_nsamp",0,"sigma",-1,"theta_true",0,"theta_CV",1,"G",0,3,4,0.1,1,0.6,50,100,5,1580235529,1,0.25,50,1,25,,"0.36, 0.01, 0.0","0.97, 0.59, 0.21"
342,"faces_ex342.inp","Lognormal",2,"mean_nsamp",0,"sigma",-1,"theta_true",0,"theta_CV",1,"G",1,3,8,0.1,1,0.6,50,100,5,1580235529,1,0.25,50,1,25,,"0.36, 0.01, 0.0","0.97, 0.59, 0.21"
343,"faces_ex343.inp","Lognormal",2,"mean_nsamp",0,"sigma",-1,"theta_true",1,"theta_CV",-1,"G",-1,3,2,0.1,2,0,50,100,5,1580235529,1,0.25,50,1,25,,"0.36, 0.01, 0.0","0.97, 0.59, 0.21"
344,"faces_ex344.inp","Lognormal",2,"mean_nsamp",0,"sigma",-1,"theta_true",1,"theta_CV",-1,"G",0,3,4,0.1,2,0,50,100,5,1580235529,1,0.25,50,1,25,,"0.36, 0.01, 0.0","0.97, 0.59, 0.21"
345,"faces_ex345.inp","Lognormal",2,"mean_nsamp",0,"sigma",-1,"theta_true",1,"theta_CV",-1,"G",1,3,8,0.1,2,0,50,100,5,1580235529,1,0.25,50,1,25,,"0.36, 0.01, 0.0","0.97, 0.59, 0.21"
346,"faces_ex346.inp","Lognormal",2,"mean_nsamp",0,"sigma",-1,"theta_true",1,"theta_CV",0,"G",-1,3,2,0.1,2,0.2,50,100,5,1580235529,1,0.25,50,1,25,,"0.36, 0.01, 0.0","0.97, 0.59, 0.21"
347,"faces_ex347.inp","Lognormal",2,"mean_nsamp",0,"sigma",-1,"theta_true",1,"theta_CV",0,"G",0,3,4,0.1,2,0.2,50,100,5,1580235529,1,0.25,50,1,25,,"0.36, 0.01, 0.0","0.97, 0.59, 0.21"
348,"faces_ex348.inp","Lognormal",2,"mean_nsamp",0,"sigma",-1,"theta_true",1,"theta_CV",0,"G",1,3,8,0.1,2,0.2,50,100,5,1580235529,1,0.25,50,1,25,,"0.36, 0.01, 0.0","0.97, 0.59, 0.21"
349,"faces_ex349.inp","Lognormal",2,"mean_nsamp",0,"sigma",-1,"theta_true",1,"theta_CV",1,"G",-1,3,2,0.1,2,0.6,50,100,5,1580235529,1,0.25,50,1,25,,"0.36, 0.01, 0.0","0.97, 0.59, 0.21"
350,"faces_ex350.inp","Lognormal",2,"mean_nsamp",0,"sigma",-1,"theta_true",1,"theta_CV",1,"G",0,3,4,0.1,2,0.6,50,100,5,1580235529,1,0.25,50,1,25,,"0.36, 0.01, 0.0","0.97, 0.59, 0.21"
351,"faces_ex351.inp","Lognormal",2,"mean_nsamp",0,"sigma",-1,"theta_true",1,"theta_CV",1,"G",1,3,8,0.1,2,0.6,50,100,5,1580235529,1,0.25,50,1,25,,"0.36, 0.01, 0.0","0.97, 0.59, 0.21"
352,"faces_ex352.inp","Lognormal",2,"mean_nsamp",0,"sigma",0,"theta_true",-1,"theta_CV",-1,"G",-1,3,2,0.1,0.5,0,50,100,5,1580235529,1,0.5,50,1,25,,"0.36, 0.01, 0.0","0.97, 0.59, 0.21"
353,"faces_ex353.inp","Lognormal",2,"mean_nsamp",0,"sigma",0,"theta_true",-1,"theta_CV",-1,"G",0,3,4,0.1,0.5,0,50,100,5,1580235529,1,0.5,50,1,25,,"0.36, 0.01, 0.0","0.97, 0.59, 0.21"
354,"faces_ex354.inp","Lognormal",2,"mean_nsamp",0,"sigma",0,"theta_true",-1,"theta_CV",-1,"G",1,3,8,0.1,0.5,0,50,100,5,1580235529,1,0.5,50,1,25,,"0.36, 0.01, 0.0","0.97, 0.59, 0.21"
355,"faces_ex355.inp","Lognormal",2,"mean_nsamp",0,"sigma",0,"theta_true",-1,"theta_CV",0,"G",-1,3,2,0.1,0.5,0.2,50,100,5,1580235529,1,0.5,50,1,25,,"0.36, 0.01, 0.0","0.97, 0.59, 0.21"
356,"faces_ex356.inp","Lognormal",2,"mean_nsamp",0,"sigma",0,"theta_true",-1,"theta_CV",0,"G",0,3,4,0.1,0.5,0.2,50,100,5,1580235529,1,0.5,50,1,25,,"0.36, 0.01, 0.0","0.97, 0.59, 0.21"
357,"faces_ex357.inp","Lognormal",2,"mean_nsamp",0,"sigma",0,"theta_true",-1,"theta_CV",0,"G",1,3,8,0.1,0.5,0.2,50,100,5,1580235529,1,0.5,50,1,25,,"0.36, 0.01, 0.0","0.97, 0.59, 0.21"
358,"faces_ex358.inp","Lognormal",2,"mean_nsamp",0,"sigma",0,"theta_true",-1,"theta_CV",1,"G",-1,3,2,0.1,0.5,0.6,50,100,5,1580235529,1,0.5,50,1,25,,"0.36, 0.01, 0.0","0.97, 0.59, 0.21"
359,"faces_ex359.inp","Lognormal",2,"mean_nsamp",0,"sigma",0,"theta_true",-1,"theta_CV",1,"G",0,3,4,0.1,0.5,0.6,50,100,5,1580235529,1,0.5,50,1,25,,"0.36, 0.01, 0.0","0.97, 0.59, 0.21"
360,"faces_ex360.inp","Lognormal",2,"mean_nsamp",0,"sigma",0,"theta_true",-1,"theta_CV",1,"G",1,3,8,0.1,0.5,0.6,50,100,5,1580235529,1,0.5,50,1,25,,"0.36, 0.01, 0.0","0.97, 0.59, 0.21"
361,"faces_ex361.inp","Lognormal",2,"mean_nsamp",0,"sigma",0,"theta_true",0,"theta_CV",-1,"G",-1,3,2,0.1,1,0,50,100,5,1580235529,1,0.5,50,1,25,,"0.36, 0.01, 0.0","0.97, 0.59, 0.21"
362,"faces_ex362.inp","Lognormal",2,"mean_nsamp",0,"sigma",0,"theta_true",0,"theta_CV",-1,"G",0,3,4,0.1,1,0,50,100,5,1580235529,1,0.5,50,1,25,,"0.36, 0.01, 0.0","0.97, 0.59, 0.21"
363,"faces_ex363.inp","Lognormal",2,"mean_nsamp",0,"sigma",0,"theta_true",0,"theta_CV",-1,"G",1,3,8,0.1,1,0,50,100,5,1580235529,1,0.5,50,1,25,,"0.36, 0.01, 0.0","0.97, 0.59, 0.21"
364,"faces_ex364.inp","Lognormal",2,"mean_nsamp",0,"sigma",0,"theta_true",0,"theta_CV",0,"G",-1,3,2,0.1,1,0.2,50,100,5,1580235529,1,0.5,50,1,25,,"0.36, 0.01, 0.0","0.97, 0.59, 0.21"
365,"faces_ex365.inp","Lognormal",2,"mean_nsamp",0,"sigma",0,"theta_true",0,"theta_CV",0,"G",0,3,4,0.1,1,0.2,50,100,5,1580235529,1,0.5,50,1,25,,"0.36, 0.01, 0.0","0.97, 0.59, 0.21"
366,"faces_ex366.inp","Lognormal",2,"mean_nsamp",0,"sigma",0,"theta_true",0,"theta_CV",0,"G",1,3,8,0.1,1,0.2,50,100,5,1580235529,1,0.5,50,1,25,,"0.36, 0.01, 0.0","0.97, 0.59, 0.21"
367,"faces_ex367.inp","Lognormal",2,"mean_nsamp",0,"sigma",0,"theta_true",0,"theta_CV",1,"G",-1,3,2,0.1,1,0.6,50,100,5,1580235529,1,0.5,50,1,25,,"0.36, 0.01, 0.0","0.97, 0.59, 0.21"
368,"faces_ex368.inp","Lognormal",2,"mean_nsamp",0,"sigma",0,"theta_true",0,"theta_CV",1,"G",0,3,4,0.1,1,0.6,50,100,5,1580235529,1,0.5,50,1,25,,"0.36, 0.01, 0.0","0.97, 0.59, 0.21"
369,"faces_ex369.inp","Lognormal",2,"mean_nsamp",0,"sigma",0,"theta_true",0,"theta_CV",1,"G",1,3,8,0.1,1,0.6,50,100,5,1580235529,1,0.5,50,1,25,,"0.36, 0.01, 0.0","0.97, 0.59, 0.21"
370,"faces_ex370.inp","Lognormal",2,"mean_nsamp",0,"sigma",0,"theta_true",1,"theta_CV",-1,"G",-1,3,2,0.1,2,0,50,100,5,1580235529,1,0.5,50,1,25,,"0.36, 0.01, 0.0","0.97, 0.59, 0.21"
371,"faces_ex371.inp","Lognormal",2,"mean_nsamp",0,"sigma",0,"theta_true",1,"theta_CV",-1,"G",0,3,4,0.1,2,0,50,100,5,1580235529,1,0.5,50,1,25,,"0.36, 0.01, 0.0","0.97, 0.59, 0.21"
372,"faces_ex372.inp","Lognormal",2,"mean_nsamp",0,"sigma",0,"theta_true",1,"theta_CV",-1,"G",1,3,8,0.1,2,0,50,100,5,1580235529,1,0.5,50,1,25,,"0.36, 0.01, 0.0","0.97, 0.59, 0.21"
373,"faces_ex373.inp","Lognormal",2,"mean_nsamp",0,"sigma",0,"theta_true",1,"theta_CV",0,"G",-1,3,2,0.1,2,0.2,50,100,5,1580235529,1,0.5,50,1,25,,"0.36, 0.01, 0.0","0.97, 0.59, 0.21"
374,"faces_ex374.inp","Lognormal",2,"mean_nsamp",0,"sigma",0,"theta_true",1,"theta_CV",0,"G",0,3,4,0.1,2,0.2,50,100,5,1580235529,1,0.5,50,1,25,,"0.36, 0.01, 0.0","0.97, 0.59, 0.21"
375,"faces_ex375.inp","Lognormal",2,"mean_nsamp",0,"sigma",0,"theta_true",1,"theta_CV",0,"G",1,3,8,0.1,2,0.2,50,100,5,1580235529,1,0.5,50,1,25,,"0.36, 0.01, 0.0","0.97, 0.59, 0.21"
376,"faces_ex376.inp","Lognormal",2,"mean_nsamp",0,"sigma",0,"theta_true",1,"theta_CV",1,"G",-1,3,2,0.1,2,0.6,50,100,5,1580235529,1,0.5,50,1,25,,"0.36, 0.01, 0.0","0.97, 0.59, 0.21"
377,"faces_ex377.inp","Lognormal",2,"mean_nsamp",0,"sigma",0,"theta_true",1,"theta_CV",1,"G",0,3,4,0.1,2,0.6,50,100,5,1580235529,1,0.5,50,1,25,,"0.36, 0.01, 0.0","0.97, 0.59, 0.21"
378,"faces_ex378.inp","Lognormal",2,"mean_nsamp",0,"sigma",0,"theta_true",1,"theta_CV",1,"G",1,3,8,0.1,2,0.6,50,100,5,1580235529,1,0.5,50,1,25,,"0.36, 0.01, 0.0","0.97, 0.59, 0.21"
379,"faces_ex379.inp","Lognormal",2,"mean_nsamp",0,"sigma",1,"theta_true",-1,"theta_CV",-1,"G",-1,3,2,0.1,0.5,0,50,100,5,1580235529,1,1,50,1,25,,"0.36, 0.01, 0.0","0.97, 0.59, 0.21"
380,"faces_ex380.inp","Lognormal",2,"mean_nsamp",0,"sigma",1,"theta_true",-1,"theta_CV",-1,"G",0,3,4,0.1,0.5,0,50,100,5,1580235529,1,1,50,1,25,,"0.36, 0.01, 0.0","0.97, 0.59, 0.21"
381,"faces_ex381.inp","Lognormal",2,"mean_nsamp",0,"sigma",1,"theta_true",-1,"theta_CV",-1,"G",1,3,8,0.1,0.5,0,50,100,5,1580235529,1,1,50,1,25,,"0.36, 0.01, 0.0","0.97, 0.59, 0.21"
382,"faces_ex382.inp","Lognormal",2,"mean_nsamp",0,"sigma",1,"theta_true",-1,"theta_CV",0,"G",-1,3,2,0.1,0.5,0.2,50,100,5,1580235529,1,1,50,1,25,,"0.36, 0.01, 0.0","0.97, 0.59, 0.21"
383,"faces_ex383.inp","Lognormal",2,"mean_nsamp",0,"sigma",1,"theta_true",-1,"theta_CV",0,"G",0,3,4,0.1,0.5,0.2,50,100,5,1580235529,1,1,50,1,25,,"0.36, 0.01, 0.0","0.97, 0.59, 0.21"
384,"faces_ex384.inp","Lognormal",2,"mean_nsamp",0,"sigma",1,"theta_true",-1,"theta_CV",0,"G",1,3,8,0.1,0.5,0.2,50,100,5,1580235529,1,1,50,1,25,,"0.36, 0.01, 0.0","0.97, 0.59, 0.21"
385,"faces_ex385.inp","Lognormal",2,"mean_nsamp",0,"sigma",1,"theta_true",-1,"theta_CV",1,"G",-1,3,2,0.1,0.5,0.6,50,100,5,1580235529,1,1,50,1,25,,"0.36, 0.01, 0.0","0.97, 0.59, 0.21"
386,"faces_ex386.inp","Lognormal",2,"mean_nsamp",0,"sigma",1,"theta_true",-1,"theta_CV",1,"G",0,3,4,0.1,0.5,0.6,50,100,5,1580235529,1,1,50,1,25,,"0.36, 0.01, 0.0","0.97, 0.59, 0.21"
387,"faces_ex387.inp","Lognormal",2,"mean_nsamp",0,"sigma",1,"theta_true",-1,"theta_CV",1,"G",1,3,8,0.1,0.5,0.6,50,100,5,1580235529,1,1,50,1,25,,"0.36, 0.01, 0.0","0.97, 0.59, 0.21"
388,"faces_ex388.inp","Lognormal",2,"mean_nsamp",0,"sigma",1,"theta_true",0,"theta_CV",-1,"G",-1,3,2,0.1,1,0,50,100,5,1580235529,1,1,50,1,25,,"0.36, 0.01, 0.0","0.97, 0.59, 0.21"
389,"faces_ex389.inp","Lognormal",2,"mean_nsamp",0,"sigma",1,"theta_true",0,"theta_CV",-1,"G",0,3,4,0.1,1,0,50,100,5,1580235529,1,1,50,1,25,,"0.36, 0.01, 0.0","0.97, 0.59, 0.21"
390,"faces_ex390.inp","Lognormal",2,"mean_nsamp",0,"sigma",1,"theta_true",0,"theta_CV",-1,"G",1,3,8,0.1,1,0,50,100,5,1580235529,1,1,50,1,25,,"0.36, 0.01, 0.0","0.97, 0.59, 0.21"
391,"faces_ex391.inp","Lognormal",2,"mean_nsamp",0,"sigma",1,"theta_true",0,"theta_CV",0,"G",-1,3,2,0.1,1,0.2,50,100,5,1580235529,1,1,50,1,25,,"0.36, 0.01, 0.0","0.97, 0.59, 0.21"
392,"faces_ex392.inp","Lognormal",2,"mean_nsamp",0,"sigma",1,"theta_true",0,"theta_CV",0,"G",0,3,4,0.1,1,0.2,50,100,5,1580235529,1,1,50,1,25,,"0.36, 0.01, 0.0","0.97, 0.59, 0.21"
393,"faces_ex393.inp","Lognormal",2,"mean_nsamp",0,"sigma",1,"theta_true",0,"theta_CV",0,"G",1,3,8,0.1,1,0.2,50,100,5,1580235529,1,1,50,1,25,,"0.36, 0.01, 0.0","0.97, 0.59, 0.21"
394,"faces_ex394.inp","Lognormal",2,"mean_nsamp",0,"sigma",1,"theta_true",0,"theta_CV",1,"G",-1,3,2,0.1,1,0.6,50,100,5,1580235529,1,1,50,1,25,,"0.36, 0.01, 0.0","0.97, 0.59, 0.21"
395,"faces_ex395.inp","Lognormal",2,"mean_nsamp",0,"sigma",1,"theta_true",0,"theta_CV",1,"G",0,3,4,0.1,1,0.6,50,100,5,1580235529,1,1,50,1,25,,"0.36, 0.01, 0.0","0.97, 0.59, 0.21"
396,"faces_ex396.inp","Lognormal",2,"mean_nsamp",0,"sigma",1,"theta_true",0,"theta_CV",1,"G",1,3,8,0.1,1,0.6,50,100,5,1580235529,1,1,50,1,25,,"0.36, 0.01, 0.0","0.97, 0.59, 0.21"
397,"faces_ex397.inp","Lognormal",2,"mean_nsamp",0,"sigma",1,"theta_true",1,"theta_CV",-1,"G",-1,3,2,0.1,2,0,50,100,5,1580235529,1,1,50,1,25,,"0.36, 0.01, 0.0","0.97, 0.59, 0.21"
398,"faces_ex398.inp","Lognormal",2,"mean_nsamp",0,"sigma",1,"theta_true",1,"theta_CV",-1,"G",0,3,4,0.1,2,0,50,100,5,1580235529,1,1,50,1,25,,"0.36, 0.01, 0.0","0.97, 0.59, 0.21"
399,"faces_ex399.inp","Lognormal",2,"mean_nsamp",0,"sigma",1,"theta_true",1,"theta_CV",-1,"G",1,3,8,0.1,2,0,50,100,5,1580235529,1,1,50,1,25,,"0.36, 0.01, 0.0","0.97, 0.59, 0.21"
400,"faces_ex400.inp","Lognormal",2,"mean_nsamp",0,"sigma",1,"theta_true",1,"theta_CV",0,"G",-1,3,2,0.1,2,0.2,50,100,5,1580235529,1,1,50,1,25,,"0.36, 0.01, 0.0","0.97, 0.59, 0.21"
401,"faces_ex401.inp","Lognormal",2,"mean_nsamp",0,"sigma",1,"theta_true",1,"theta_CV",0,"G",0,3,4,0.1,2,0.2,50,100,5,1580235529,1,1,50,1,25,,"0.36, 0.01, 0.0","0.97, 0.59, 0.21"
402,"faces_ex402.inp","Lognormal",2,"mean_nsamp",0,"sigma",1,"theta_true",1,"theta_CV",0,"G",1,3,8,0.1,2,0.2,50,100,5,1580235529,1,1,50,1,25,,"0.36, 0.01, 0.0","0.97, 0.59, 0.21"
403,"faces_ex403.inp","Lognormal",2,"mean_nsamp",0,"sigma",1,"theta_true",1,"theta_CV",1,"G",-1,3,2,0.1,2,0.6,50,100,5,1580235529,1,1,50,1,25,,"0.36, 0.01, 0.0","0.97, 0.59, 0.21"
404,"faces_ex404.inp","Lognormal",2,"mean_nsamp",0,"sigma",1,"theta_true",1,"theta_CV",1,"G",0,3,4,0.1,2,0.6,50,100,5,1580235529,1,1,50,1,25,,"0.36, 0.01, 0.0","0.97, 0.59, 0.21"
405,"faces_ex405.inp","Lognormal",2,"mean_nsamp",0,"sigma",1,"theta_true",1,"theta_CV",1,"G",1,3,8,0.1,2,0.6,50,100,5,1580235529,1,1,50,1,25,,"0.36, 0.01, 0.0","0.97, 0.59, 0.21"
406,"faces_ex406.inp","Lognormal",2,"mean_nsamp",1,"sigma",-1,"theta_true",-1,"theta_CV",-1,"G",-1,3,2,0.1,0.5,0,50,100,5,1580235529,1,0.25,100,1,25,,"0.36, 0.01, 0.0","0.97, 0.59, 0.21"
407,"faces_ex407.inp","Lognormal",2,"mean_nsamp",1,"sigma",-1,"theta_true",-1,"theta_CV",-1,"G",0,3,4,0.1,0.5,0,50,100,5,1580235529,1,0.25,100,1,25,,"0.36, 0.01, 0.0","0.97, 0.59, 0.21"
408,"faces_ex408.inp","Lognormal",2,"mean_nsamp",1,"sigma",-1,"theta_true",-1,"theta_CV",-1,"G",1,3,8,0.1,0.5,0,50,100,5,1580235529,1,0.25,100,1,25,,"0.36, 0.01, 0.0","0.97, 0.59, 0.21"
409,"faces_ex409.inp","Lognormal",2,"mean_nsamp",1,"sigma",-1,"theta_true",-1,"theta_CV",0,"G",-1,3,2,0.1,0.5,0.2,50,100,5,1580235529,1,0.25,100,1,25,,"0.36, 0.01, 0.0","0.97, 0.59, 0.21"
410,"faces_ex410.inp","Lognormal",2,"mean_nsamp",1,"sigma",-1,"theta_true",-1,"theta_CV",0,"G",0,3,4,0.1,0.5,0.2,50,100,5,1580235529,1,0.25,100,1,25,,"0.36, 0.01, 0.0","0.97, 0.59, 0.21"
411,"faces_ex411.inp","Lognormal",2,"mean_nsamp",1,"sigma",-1,"theta_true",-1,"theta_CV",0,"G",1,3,8,0.1,0.5,0.2,50,100,5,1580235529,1,0.25,100,1,25,,"0.36, 0.01, 0.0","0.97, 0.59, 0.21"
412,"faces_ex412.inp","Lognormal",2,"mean_nsamp",1,"sigma",-1,"theta_true",-1,"theta_CV",1,"G",-1,3,2,0.1,0.5,0.6,50,100,5,1580235529,1,0.25,100,1,25,,"0.36, 0.01, 0.0","0.97, 0.59, 0.21"
413,"faces_ex413.inp","Lognormal",2,"mean_nsamp",1,"sigma",-1,"theta_true",-1,"theta_CV",1,"G",0,3,4,0.1,0.5,0.6,50,100,5,1580235529,1,0.25,100,1,25,,"0.36, 0.01, 0.0","0.97, 0.59, 0.21"
414,"faces_ex414.inp","Lognormal",2,"mean_nsamp",1,"sigma",-1,"theta_true",-1,"theta_CV",1,"G",1,3,8,0.1,0.5,0.6,50,100,5,1580235529,1,0.25,100,1,25,,"0.36, 0.01, 0.0","0.97, 0.59, 0.21"
415,"faces_ex415.inp","Lognormal",2,"mean_nsamp",1,"sigma",-1,"theta_true",0,"theta_CV",-1,"G",-1,3,2,0.1,1,0,50,100,5,1580235529,1,0.25,100,1,25,,"0.36, 0.01, 0.0","0.97, 0.59, 0.21"
416,"faces_ex416.inp","Lognormal",2,"mean_nsamp",1,"sigma",-1,"theta_true",0,"theta_CV",-1,"G",0,3,4,0.1,1,0,50,100,5,1580235529,1,0.25,100,1,25,,"0.36, 0.01, 0.0","0.97, 0.59, 0.21"
417,"faces_ex417.inp","Lognormal",2,"mean_nsamp",1,"sigma",-1,"theta_true",0,"theta_CV",-1,"G",1,3,8,0.1,1,0,50,100,5,1580235529,1,0.25,100,1,25,,"0.36, 0.01, 0.0","0.97, 0.59, 0.21"
418,"faces_ex418.inp","Lognormal",2,"mean_nsamp",1,"sigma",-1,"theta_true",0,"theta_CV",0,"G",-1,3,2,0.1,1,0.2,50,100,5,1580235529,1,0.25,100,1,25,,"0.36, 0.01, 0.0","0.97, 0.59, 0.21"
419,"faces_ex419.inp","Lognormal",2,"mean_nsamp",1,"sigma",-1,"theta_true",0,"theta_CV",0,"G",0,3,4,0.1,1,0.2,50,100,5,1580235529,1,0.25,100,1,25,,"0.36, 0.01, 0.0","0.97, 0.59, 0.21"
420,"faces_ex420.inp","Lognormal",2,"mean_nsamp",1,"sigma",-1,"theta_true",0,"theta_CV",0,"G",1,3,8,0.1,1,0.2,50,100,5,1580235529,1,0.25,100,1,25,,"0.36, 0.01, 0.0","0.97, 0.59, 0.21"
421,"faces_ex421.inp","Lognormal",2,"mean_nsamp",1,"sigma",-1,"theta_true",0,"theta_CV",1,"G",-1,3,2,0.1,1,0.6,50,100,5,1580235529,1,0.25,100,1,25,,"0.36, 0.01, 0.0","0.97, 0.59, 0.21"
422,"faces_ex422.inp","Lognormal",2,"mean_nsamp",1,"sigma",-1,"theta_true",0,"theta_CV",1,"G",0,3,4,0.1,1,0.6,50,100,5,1580235529,1,0.25,100,1,25,,"0.36, 0.01, 0.0","0.97, 0.59, 0.21"
423,"faces_ex423.inp","Lognormal",2,"mean_nsamp",1,"sigma",-1,"theta_true",0,"theta_CV",1,"G",1,3,8,0.1,1,0.6,50,100,5,1580235529,1,0.25,100,1,25,,"0.36, 0.01, 0.0","0.97, 0.59, 0.21"
424,"faces_ex424.inp","Lognormal",2,"mean_nsamp",1,"sigma",-1,"theta_true",1,"theta_CV",-1,"G",-1,3,2,0.1,2,0,50,100,5,1580235529,1,0.25,100,1,25,,"0.36, 0.01, 0.0","0.97, 0.59, 0.21"
425,"faces_ex425.inp","Lognormal",2,"mean_nsamp",1,"sigma",-1,"theta_true",1,"theta_CV",-1,"G",0,3,4,0.1,2,0,50,100,5,1580235529,1,0.25,100,1,25,,"0.36, 0.01, 0.0","0.97, 0.59, 0.21"
426,"faces_ex426.inp","Lognormal",2,"mean_nsamp",1,"sigma",-1,"theta_true",1,"theta_CV",-1,"G",1,3,8,0.1,2,0,50,100,5,1580235529,1,0.25,100,1,25,,"0.36, 0.01, 0.0","0.97, 0.59, 0.21"
427,"faces_ex427.inp","Lognormal",2,"mean_nsamp",1,"sigma",-1,"theta_true",1,"theta_CV",0,"G",-1,3,2,0.1,2,0.2,50,100,5,1580235529,1,0.25,100,1,25,,"0.36, 0.01, 0.0","0.97, 0.59, 0.21"
428,"faces_ex428.inp","Lognormal",2,"mean_nsamp",1,"sigma",-1,"theta_true",1,"theta_CV",0,"G",0,3,4,0.1,2,0.2,50,100,5,1580235529,1,0.25,100,1,25,,"0.36, 0.01, 0.0","0.97, 0.59, 0.21"
429,"faces_ex429.inp","Lognormal",2,"mean_nsamp",1,"sigma",-1,"theta_true",1,"theta_CV",0,"G",1,3,8,0.1,2,0.2,50,100,5,1580235529,1,0.25,100,1,25,,"0.36, 0.01, 0.0","0.97, 0.59, 0.21"
430,"faces_ex430.inp","Lognormal",2,"mean_nsamp",1,"sigma",-1,"theta_true",1,"theta_CV",1,"G",-1,3,2,0.1,2,0.6,50,100,5,1580235529,1,0.25,100,1,25,,"0.36, 0.01, 0.0","0.97, 0.59, 0.21"
431,"faces_ex431.inp","Lognormal",2,"mean_nsamp",1,"sigma",-1,"theta_true",1,"theta_CV",1,"G",0,3,4,0.1,2,0.6,50,100,5,1580235529,1,0.25,100,1,25,,"0.36, 0.01, 0.0","0.97, 0.59, 0.21"
432,"faces_ex432.inp","Lognormal",2,"mean_nsamp",1,"sigma",-1,"theta_true",1,"theta_CV",1,"G",1,3,8,0.1,2,0.6,50,100,5,1580235529,1,0.25,100,1,25,,"0.36, 0.01, 0.0","0.97, 0.59, 0.21"
433,"faces_ex433.inp","Lognormal",2,"mean_nsamp",1,"sigma",0,"theta_true",-1,"theta_CV",-1,"G",-1,3,2,0.1,0.5,0,50,100,5,1580235529,1,0.5,100,1,25,,"0.36, 0.01, 0.0","0.97, 0.59, 0.21"
434,"faces_ex434.inp","Lognormal",2,"mean_nsamp",1,"sigma",0,"theta_true",-1,"theta_CV",-1,"G",0,3,4,0.1,0.5,0,50,100,5,1580235529,1,0.5,100,1,25,,"0.36, 0.01, 0.0","0.97, 0.59, 0.21"
435,"faces_ex435.inp","Lognormal",2,"mean_nsamp",1,"sigma",0,"theta_true",-1,"theta_CV",-1,"G",1,3,8,0.1,0.5,0,50,100,5,1580235529,1,0.5,100,1,25,,"0.36, 0.01, 0.0","0.97, 0.59, 0.21"
436,"faces_ex436.inp","Lognormal",2,"mean_nsamp",1,"sigma",0,"theta_true",-1,"theta_CV",0,"G",-1,3,2,0.1,0.5,0.2,50,100,5,1580235529,1,0.5,100,1,25,,"0.36, 0.01, 0.0","0.97, 0.59, 0.21"
437,"faces_ex437.inp","Lognormal",2,"mean_nsamp",1,"sigma",0,"theta_true",-1,"theta_CV",0,"G",0,3,4,0.1,0.5,0.2,50,100,5,1580235529,1,0.5,100,1,25,,"0.36, 0.01, 0.0","0.97, 0.59, 0.21"
438,"faces_ex438.inp","Lognormal",2,"mean_nsamp",1,"sigma",0,"theta_true",-1,"theta_CV",0,"G",1,3,8,0.1,0.5,0.2,50,100,5,1580235529,1,0.5,100,1,25,,"0.36, 0.01, 0.0","0.97, 0.59, 0.21"
439,"faces_ex439.inp","Lognormal",2,"mean_nsamp",1,"sigma",0,"theta_true",-1,"theta_CV",1,"G",-1,3,2,0.1,0.5,0.6,50,100,5,1580235529,1,0.5,100,1,25,,"0.36, 0.01, 0.0","0.97, 0.59, 0.21"
440,"faces_ex440.inp","Lognormal",2,"mean_nsamp",1,"sigma",0,"theta_true",-1,"theta_CV",1,"G",0,3,4,0.1,0.5,0.6,50,100,5,1580235529,1,0.5,100,1,25,,"0.36, 0.01, 0.0","0.97, 0.59, 0.21"
441,"faces_ex441.inp","Lognormal",2,"mean_nsamp",1,"sigma",0,"theta_true",-1,"theta_CV",1,"G",1,3,8,0.1,0.5,0.6,50,100,5,1580235529,1,0.5,100,1,25,,"0.36, 0.01, 0.0","0.97, 0.59, 0.21"
442,"faces_ex442.inp","Lognormal",2,"mean_nsamp",1,"sigma",0,"theta_true",0,"theta_CV",-1,"G",-1,3,2,0.1,1,0,50,100,5,1580235529,1,0.5,100,1,25,,"0.36, 0.01, 0.0","0.97, 0.59, 0.21"
443,"faces_ex443.inp","Lognormal",2,"mean_nsamp",1,"sigma",0,"theta_true",0,"theta_CV",-1,"G",0,3,4,0.1,1,0,50,100,5,1580235529,1,0.5,100,1,25,,"0.36, 0.01, 0.0","0.97, 0.59, 0.21"
444,"faces_ex444.inp","Lognormal",2,"mean_nsamp",1,"sigma",0,"theta_true",0,"theta_CV",-1,"G",1,3,8,0.1,1,0,50,100,5,1580235529,1,0.5,100,1,25,,"0.36, 0.01, 0.0","0.97, 0.59, 0.21"
445,"faces_ex445.inp","Lognormal",2,"mean_nsamp",1,"sigma",0,"theta_true",0,"theta_CV",0,"G",-1,3,2,0.1,1,0.2,50,100,5,1580235529,1,0.5,100,1,25,,"0.36, 0.01, 0.0","0.97, 0.59, 0.21"
446,"faces_ex446.inp","Lognormal",2,"mean_nsamp",1,"sigma",0,"theta_true",0,"theta_CV",0,"G",0,3,4,0.1,1,0.2,50,100,5,1580235529,1,0.5,100,1,25,,"0.36, 0.01, 0.0","0.97, 0.59, 0.21"
447,"faces_ex447.inp","Lognormal",2,"mean_nsamp",1,"sigma",0,"theta_true",0,"theta_CV",0,"G",1,3,8,0.1,1,0.2,50,100,5,1580235529,1,0.5,100,1,25,,"0.36, 0.01, 0.0","0.97, 0.59, 0.21"
448,"faces_ex448.inp","Lognormal",2,"mean_nsamp",1,"sigma",0,"theta_true",0,"theta_CV",1,"G",-1,3,2,0.1,1,0.6,50,100,5,1580235529,1,0.5,100,1,25,,"0.36, 0.01, 0.0","0.97, 0.59, 0.21"
449,"faces_ex449.inp","Lognormal",2,"mean_nsamp",1,"sigma",0,"theta_true",0,"theta_CV",1,"G",0,3,4,0.1,1,0.6,50,100,5,1580235529,1,0.5,100,1,25,,"0.36, 0.01, 0.0","0.97, 0.59, 0.21"
450,"faces_ex450.inp","Lognormal",2,"mean_nsamp",1,"sigma",0,"theta_true",0,"theta_CV",1,"G",1,3,8,0.1,1,0.6,50,100,5,1580235529,1,0.5,100,1,25,,"0.36, 0.01, 0.0","0.97, 0.59, 0.21"
451,"faces_ex451.inp","Lognormal",2,"mean_nsamp",1,"sigma",0,"theta_true",1,"theta_CV",-1,"G",-1,3,2,0.1,2,0,50,100,5,1580235529,1,0.5,100,1,25,,"0.36, 0.01, 0.0","0.97, 0.59, 0.21"
452,"faces_ex452.inp","Lognormal",2,"mean_nsamp",1,"sigma",0,"theta_true",1,"theta_CV",-1,"G",0,3,4,0.1,2,0,50,100,5,1580235529,1,0.5,100,1,25,,"0.36, 0.01, 0.0","0.97, 0.59, 0.21"
453,"faces_ex453.inp","Lognormal",2,"mean_nsamp",1,"sigma",0,"theta_true",1,"theta_CV",-1,"G",1,3,8,0.1,2,0,50,100,5,1580235529,1,0.5,100,1,25,,"0.36, 0.01, 0.0","0.97, 0.59, 0.21"
454,"faces_ex454.inp","Lognormal",2,"mean_nsamp",1,"sigma",0,"theta_true",1,"theta_CV",0,"G",-1,3,2,0.1,2,0.2,50,100,5,1580235529,1,0.5,100,1,25,,"0.36, 0.01, 0.0","0.97, 0.59, 0.21"
455,"faces_ex455.inp","Lognormal",2,"mean_nsamp",1,"sigma",0,"theta_true",1,"theta_CV",0,"G",0,3,4,0.1,2,0.2,50,100,5,1580235529,1,0.5,100,1,25,,"0.36, 0.01, 0.0","0.97, 0.59, 0.21"
456,"faces_ex456.inp","Lognormal",2,"mean_nsamp",1,"sigma",0,"theta_true",1,"theta_CV",0,"G",1,3,8,0.1,2,0.2,50,100,5,1580235529,1,0.5,100,1,25,,"0.36, 0.01, 0.0","0.97, 0.59, 0.21"
457,"faces_ex457.inp","Lognormal",2,"mean_nsamp",1,"sigma",0,"theta_true",1,"theta_CV",1,"G",-1,3,2,0.1,2,0.6,50,100,5,1580235529,1,0.5,100,1,25,,"0.36, 0.01, 0.0","0.97, 0.59, 0.21"
458,"faces_ex458.inp","Lognormal",2,"mean_nsamp",1,"sigma",0,"theta_true",1,"theta_CV",1,"G",0,3,4,0.1,2,0.6,50,100,5,1580235529,1,0.5,100,1,25,,"0.36, 0.01, 0.0","0.97, 0.59, 0.21"
459,"faces_ex459.inp","Lognormal",2,"mean_nsamp",1,"sigma",0,"theta_true",1,"theta_CV",1,"G",1,3,8,0.1,2,0.6,50,100,5,1580235529,1,0.5,100,1,25,,"0.36, 0.01, 0.0","0.97, 0.59, 0.21"
460,"faces_ex460.inp","Lognormal",2,"mean_nsamp",1,"sigma",1,"theta_true",-1,"theta_CV",-1,"G",-1,3,2,0.1,0.5,0,50,100,5,1580235529,1,1,100,1,25,,"0.36, 0.01, 0.0","0.97, 0.59, 0.21"
461,"faces_ex461.inp","Lognormal",2,"mean_nsamp",1,"sigma",1,"theta_true",-1,"theta_CV",-1,"G",0,3,4,0.1,0.5,0,50,100,5,1580235529,1,1,100,1,25,,"0.36, 0.01, 0.0","0.97, 0.59, 0.21"
462,"faces_ex462.inp","Lognormal",2,"mean_nsamp",1,"sigma",1,"theta_true",-1,"theta_CV",-1,"G",1,3,8,0.1,0.5,0,50,100,5,1580235529,1,1,100,1,25,,"0.36, 0.01, 0.0","0.97, 0.59, 0.21"
463,"faces_ex463.inp","Lognormal",2,"mean_nsamp",1,"sigma",1,"theta_true",-1,"theta_CV",0,"G",-1,3,2,0.1,0.5,0.2,50,100,5,1580235529,1,1,100,1,25,,"0.36, 0.01, 0.0","0.97, 0.59, 0.21"
464,"faces_ex464.inp","Lognormal",2,"mean_nsamp",1,"sigma",1,"theta_true",-1,"theta_CV",0,"G",0,3,4,0.1,0.5,0.2,50,100,5,1580235529,1,1,100,1,25,,"0.36, 0.01, 0.0","0.97, 0.59, 0.21"
465,"faces_ex465.inp","Lognormal",2,"mean_nsamp",1,"sigma",1,"theta_true",-1,"theta_CV",0,"G",1,3,8,0.1,0.5,0.2,50,100,5,1580235529,1,1,100,1,25,,"0.36, 0.01, 0.0","0.97, 0.59, 0.21"
466,"faces_ex466.inp","Lognormal",2,"mean_nsamp",1,"sigma",1,"theta_true",-1,"theta_CV",1,"G",-1,3,2,0.1,0.5,0.6,50,100,5,1580235529,1,1,100,1,25,,"0.36, 0.01, 0.0","0.97, 0.59, 0.21"
467,"faces_ex467.inp","Lognormal",2,"mean_nsamp",1,"sigma",1,"theta_true",-1,"theta_CV",1,"G",0,3,4,0.1,0.5,0.6,50,100,5,1580235529,1,1,100,1,25,,"0.36, 0.01, 0.0","0.97, 0.59, 0.21"
468,"faces_ex468.inp","Lognormal",2,"mean_nsamp",1,"sigma",1,"theta_true",-1,"theta_CV",1,"G",1,3,8,0.1,0.5,0.6,50,100,5,1580235529,1,1,100,1,25,,"0.36, 0.01, 0.0","0.97, 0.59, 0.21"
469,"faces_ex469.inp","Lognormal",2,"mean_nsamp",1,"sigma",1,"theta_true",0,"theta_CV",-1,"G",-1,3,2,0.1,1,0,50,100,5,1580235529,1,1,100,1,25,,"0.36, 0.01, 0.0","0.97, 0.59, 0.21"
470,"faces_ex470.inp","Lognormal",2,"mean_nsamp",1,"sigma",1,"theta_true",0,"theta_CV",-1,"G",0,3,4,0.1,1,0,50,100,5,1580235529,1,1,100,1,25,,"0.36, 0.01, 0.0","0.97, 0.59, 0.21"
471,"faces_ex471.inp","Lognormal",2,"mean_nsamp",1,"sigma",1,"theta_true",0,"theta_CV",-1,"G",1,3,8,0.1,1,0,50,100,5,1580235529,1,1,100,1,25,,"0.36, 0.01, 0.0","0.97, 0.59, 0.21"
472,"faces_ex472.inp","Lognormal",2,"mean_nsamp",1,"sigma",1,"theta_true",0,"theta_CV",0,"G",-1,3,2,0.1,1,0.2,50,100,5,1580235529,1,1,100,1,25,,"0.36, 0.01, 0.0","0.97, 0.59, 0.21"
473,"faces_ex473.inp","Lognormal",2,"mean_nsamp",1,"sigma",1,"theta_true",0,"theta_CV",0,"G",0,3,4,0.1,1,0.2,50,100,5,1580235529,1,1,100,1,25,,"0.36, 0.01, 0.0","0.97, 0.59, 0.21"
474,"faces_ex474.inp","Lognormal",2,"mean_nsamp",1,"sigma",1,"theta_true",0,"theta_CV",0,"G",1,3,8,0.1,1,0.2,50,100,5,1580235529,1,1,100,1,25,,"0.36, 0.01, 0.0","0.97, 0.59, 0.21"
475,"faces_ex475.inp","Lognormal",2,"mean_nsamp",1,"sigma",1,"theta_true",0,"theta_CV",1,"G",-1,3,2,0.1,1,0.6,50,100,5,1580235529,1,1,100,1,25,,"0.36, 0.01, 0.0","0.97, 0.59, 0.21"
476,"faces_ex476.inp","Lognormal",2,"mean_nsamp",1,"sigma",1,"theta_true",0,"theta_CV",1,"G",0,3,4,0.1,1,0.6,50,100,5,1580235529,1,1,100,1,25,,"0.36, 0.01, 0.0","0.97, 0.59, 0.21"
477,"faces_ex477.inp","Lognormal",2,"mean_nsamp",1,"sigma",1,"theta_true",0,"theta_CV",1,"G",1,3,8,0.1,1,0.6,50,100,5,1580235529,1,1,100,1,25,,"0.36, 0.01, 0.0","0.97, 0.59, 0.21"
478,"faces_ex478.inp","Lognormal",2,"mean_nsamp",1,"sigma",1,"theta_true",1,"theta_CV",-1,"G",-1,3,2,0.1,2,0,50,100,5,1580235529,1,1,100,1,25,,"0.36, 0.01, 0.0","0.97, 0.59, 0.21"
479,"faces_ex479.inp","Lognormal",2,"mean_nsamp",1,"sigma",1,"theta_true",1,"theta_CV",-1,"G",0,3,4,0.1,2,0,50,100,5,1580235529,1,1,100,1,25,,"0.36, 0.01, 0.0","0.97, 0.59, 0.21"
480,"faces_ex480.inp","Lognormal",2,"mean_nsamp",1,"sigma",1,"theta_true",1,"theta_CV",-1,"G",1,3,8,0.1,2,0,50,100,5,1580235529,1,1,100,1,25,,"0.36, 0.01, 0.0","0.97, 0.59, 0.21"
481,"faces_ex481.inp","Lognormal",2,"mean_nsamp",1,"sigma",1,"theta_true",1,"theta_CV",0,"G",-1,3,2,0.1,2,0.2,50,100,5,1580235529,1,1,100,1,25,,"0.36, 0.01, 0.0","0.97, 0.59, 0.21"
482,"faces_ex482.inp","Lognormal",2,"mean_nsamp",1,"sigma",1,"theta_true",1,"theta_CV",0,"G",0,3,4,0.1,2,0.2,50,100,5,1580235529,1,1,100,1,25,,"0.36, 0.01, 0.0","0.97, 0.59, 0.21"
483,"faces_ex483.inp","Lognormal",2,"mean_nsamp",1,"sigma",1,"theta_true",1,"theta_CV",0,"G",1,3,8,0.1,2,0.2,50,100,5,1580235529,1,1,100,1,25,,"0.36, 0.01, 0.0","0.97, 0.59, 0.21"
484,"faces_ex484.inp","Lognormal",2,"mean_nsamp",1,"sigma",1,"theta_true",1,"theta_CV",1,"G",-1,3,2,0.1,2,0.6,50,100,5,1580235529,1,1,100,1,25,,"0.36, 0.01, 0.0","0.97, 0.59, 0.21"
485,"faces_ex485.inp","Lognormal",2,"mean_nsamp",1,"sigma",1,"theta_true",1,"theta_CV",1,"G",0,3,4,0.1,2,0.6,50,100,5,1580235529,1,1,100,1,25,,"0.36, 0.01, 0.0","0.97, 0.59, 0.21"
486,"faces_ex486.inp","Lognormal",2,"mean_nsamp",1,"sigma",1,"theta_true",1,"theta_CV",1,"G",1,3,8,0.1,2,0.6,50,100,5,1580235529,1,1,100,1,25,,"0.36, 0.01, 0.0","0.97, 0.59, 0.21"
487,"faces_ex487.inp","Negative binomial",3,"mean_nsamp",-1,"sigma",-1,"theta_true",-1,"theta_CV",-1,"G",-1,3,2,0.1,0.5,0,50,100,5,1580235529,1,0.25,25,1,25,,"0.36, 0.01, 0.0","0.97, 0.59, 0.21"
488,"faces_ex488.inp","Negative binomial",3,"mean_nsamp",-1,"sigma",-1,"theta_true",-1,"theta_CV",-1,"G",0,3,4,0.1,0.5,0,50,100,5,1580235529,1,0.25,25,1,25,,"0.36, 0.01, 0.0","0.97, 0.59, 0.21"
489,"faces_ex489.inp","Negative binomial",3,"mean_nsamp",-1,"sigma",-1,"theta_true",-1,"theta_CV",-1,"G",1,3,8,0.1,0.5,0,50,100,5,1580235529,1,0.25,25,1,25,,"0.36, 0.01, 0.0","0.97, 0.59, 0.21"
490,"faces_ex490.inp","Negative binomial",3,"mean_nsamp",-1,"sigma",-1,"theta_true",-1,"theta_CV",0,"G",-1,3,2,0.1,0.5,0.2,50,100,5,1580235529,1,0.25,25,1,25,,"0.36, 0.01, 0.0","0.97, 0.59, 0.21"
491,"faces_ex491.inp","Negative binomial",3,"mean_nsamp",-1,"sigma",-1,"theta_true",-1,"theta_CV",0,"G",0,3,4,0.1,0.5,0.2,50,100,5,1580235529,1,0.25,25,1,25,,"0.36, 0.01, 0.0","0.97, 0.59, 0.21"
492,"faces_ex492.inp","Negative binomial",3,"mean_nsamp",-1,"sigma",-1,"theta_true",-1,"theta_CV",0,"G",1,3,8,0.1,0.5,0.2,50,100,5,1580235529,1,0.25,25,1,25,,"0.36, 0.01, 0.0","0.97, 0.59, 0.21"
493,"faces_ex493.inp","Negative binomial",3,"mean_nsamp",-1,"sigma",-1,"theta_true",-1,"theta_CV",1,"G",-1,3,2,0.1,0.5,0.6,50,100,5,1580235529,1,0.25,25,1,25,,"0.36, 0.01, 0.0","0.97, 0.59, 0.21"
494,"faces_ex494.inp","Negative binomial",3,"mean_nsamp",-1,"sigma",-1,"theta_true",-1,"theta_CV",1,"G",0,3,4,0.1,0.5,0.6,50,100,5,1580235529,1,0.25,25,1,25,,"0.36, 0.01, 0.0","0.97, 0.59, 0.21"
495,"faces_ex495.inp","Negative binomial",3,"mean_nsamp",-1,"sigma",-1,"theta_true",-1,"theta_CV",1,"G",1,3,8,0.1,0.5,0.6,50,100,5,1580235529,1,0.25,25,1,25,,"0.36, 0.01, 0.0","0.97, 0.59, 0.21"
496,"faces_ex496.inp","Negative binomial",3,"mean_nsamp",-1,"sigma",-1,"theta_true",0,"theta_CV",-1,"G",-1,3,2,0.1,1,0,50,100,5,1580235529,1,0.25,25,1,25,,"0.36, 0.01, 0.0","0.97, 0.59, 0.21"
497,"faces_ex497.inp","Negative binomial",3,"mean_nsamp",-1,"sigma",-1,"theta_true",0,"theta_CV",-1,"G",0,3,4,0.1,1,0,50,100,5,1580235529,1,0.25,25,1,25,,"0.36, 0.01, 0.0","0.97, 0.59, 0.21"
498,"faces_ex498.inp","Negative binomial",3,"mean_nsamp",-1,"sigma",-1,"theta_true",0,"theta_CV",-1,"G",1,3,8,0.1,1,0,50,100,5,1580235529,1,0.25,25,1,25,,"0.36, 0.01, 0.0","0.97, 0.59, 0.21"
499,"faces_ex499.inp","Negative binomial",3,"mean_nsamp",-1,"sigma",-1,"theta_true",0,"theta_CV",0,"G",-1,3,2,0.1,1,0.2,50,100,5,1580235529,1,0.25,25,1,25,,"0.36, 0.01, 0.0","0.97, 0.59, 0.21"
500,"faces_ex500.inp","Negative binomial",3,"mean_nsamp",-1,"sigma",-1,"theta_true",0,"theta_CV",0,"G",0,3,4,0.1,1,0.2,50,100,5,1580235529,1,0.25,25,1,25,,"0.36, 0.01, 0.0","0.97, 0.59, 0.21"
501,"faces_ex501.inp","Negative binomial",3,"mean_nsamp",-1,"sigma",-1,"theta_true",0,"theta_CV",0,"G",1,3,8,0.1,1,0.2,50,100,5,1580235529,1,0.25,25,1,25,,"0.36, 0.01, 0.0","0.97, 0.59, 0.21"
502,"faces_ex502.inp","Negative binomial",3,"mean_nsamp",-1,"sigma",-1,"theta_true",0,"theta_CV",1,"G",-1,3,2,0.1,1,0.6,50,100,5,1580235529,1,0.25,25,1,25,,"0.36, 0.01, 0.0","0.97, 0.59, 0.21"
503,"faces_ex503.inp","Negative binomial",3,"mean_nsamp",-1,"sigma",-1,"theta_true",0,"theta_CV",1,"G",0,3,4,0.1,1,0.6,50,100,5,1580235529,1,0.25,25,1,25,,"0.36, 0.01, 0.0","0.97, 0.59, 0.21"
504,"faces_ex504.inp","Negative binomial",3,"mean_nsamp",-1,"sigma",-1,"theta_true",0,"theta_CV",1,"G",1,3,8,0.1,1,0.6,50,100,5,1580235529,1,0.25,25,1,25,,"0.36, 0.01, 0.0","0.97, 0.59, 0.21"
505,"faces_ex505.inp","Negative binomial",3,"mean_nsamp",-1,"sigma",-1,"theta_true",1,"theta_CV",-1,"G",-1,3,2,0.1,2,0,50,100,5,1580235529,1,0.25,25,1,25,,"0.36, 0.01, 0.0","0.97, 0.59, 0.21"
506,"faces_ex506.inp","Negative binomial",3,"mean_nsamp",-1,"sigma",-1,"theta_true",1,"theta_CV",-1,"G",0,3,4,0.1,2,0,50,100,5,1580235529,1,0.25,25,1,25,,"0.36, 0.01, 0.0","0.97, 0.59, 0.21"
507,"faces_ex507.inp","Negative binomial",3,"mean_nsamp",-1,"sigma",-1,"theta_true",1,"theta_CV",-1,"G",1,3,8,0.1,2,0,50,100,5,1580235529,1,0.25,25,1,25,,"0.36, 0.01, 0.0","0.97, 0.59, 0.21"
508,"faces_ex508.inp","Negative binomial",3,"mean_nsamp",-1,"sigma",-1,"theta_true",1,"theta_CV",0,"G",-1,3,2,0.1,2,0.2,50,100,5,1580235529,1,0.25,25,1,25,,"0.36, 0.01, 0.0","0.97, 0.59, 0.21"
509,"faces_ex509.inp","Negative binomial",3,"mean_nsamp",-1,"sigma",-1,"theta_true",1,"theta_CV",0,"G",0,3,4,0.1,2,0.2,50,100,5,1580235529,1,0.25,25,1,25,,"0.36, 0.01, 0.0","0.97, 0.59, 0.21"
510,"faces_ex510.inp","Negative binomial",3,"mean_nsamp",-1,"sigma",-1,"theta_true",1,"theta_CV",0,"G",1,3,8,0.1,2,0.2,50,100,5,1580235529,1,0.25,25,1,25,,"0.36, 0.01, 0.0","0.97, 0.59, 0.21"
511,"faces_ex511.inp","Negative binomial",3,"mean_nsamp",-1,"sigma",-1,"theta_true",1,"theta_CV",1,"G",-1,3,2,0.1,2,0.6,50,100,5,1580235529,1,0.25,25,1,25,,"0.36, 0.01, 0.0","0.97, 0.59, 0.21"
512,"faces_ex512.inp","Negative binomial",3,"mean_nsamp",-1,"sigma",-1,"theta_true",1,"theta_CV",1,"G",0,3,4,0.1,2,0.6,50,100,5,1580235529,1,0.25,25,1,25,,"0.36, 0.01, 0.0","0.97, 0.59, 0.21"
513,"faces_ex513.inp","Negative binomial",3,"mean_nsamp",-1,"sigma",-1,"theta_true",1,"theta_CV",1,"G",1,3,8,0.1,2,0.6,50,100,5,1580235529,1,0.25,25,1,25,,"0.36, 0.01, 0.0","0.97, 0.59, 0.21"
514,"faces_ex514.inp","Negative binomial",3,"mean_nsamp",-1,"sigma",0,"theta_true",-1,"theta_CV",-1,"G",-1,3,2,0.1,0.5,0,50,100,5,1580235529,1,0.5,25,1,25,,"0.36, 0.01, 0.0","0.97, 0.59, 0.21"
515,"faces_ex515.inp","Negative binomial",3,"mean_nsamp",-1,"sigma",0,"theta_true",-1,"theta_CV",-1,"G",0,3,4,0.1,0.5,0,50,100,5,1580235529,1,0.5,25,1,25,,"0.36, 0.01, 0.0","0.97, 0.59, 0.21"
516,"faces_ex516.inp","Negative binomial",3,"mean_nsamp",-1,"sigma",0,"theta_true",-1,"theta_CV",-1,"G",1,3,8,0.1,0.5,0,50,100,5,1580235529,1,0.5,25,1,25,,"0.36, 0.01, 0.0","0.97, 0.59, 0.21"
517,"faces_ex517.inp","Negative binomial",3,"mean_nsamp",-1,"sigma",0,"theta_true",-1,"theta_CV",0,"G",-1,3,2,0.1,0.5,0.2,50,100,5,1580235529,1,0.5,25,1,25,,"0.36, 0.01, 0.0","0.97, 0.59, 0.21"
518,"faces_ex518.inp","Negative binomial",3,"mean_nsamp",-1,"sigma",0,"theta_true",-1,"theta_CV",0,"G",0,3,4,0.1,0.5,0.2,50,100,5,1580235529,1,0.5,25,1,25,,"0.36, 0.01, 0.0","0.97, 0.59, 0.21"
519,"faces_ex519.inp","Negative binomial",3,"mean_nsamp",-1,"sigma",0,"theta_true",-1,"theta_CV",0,"G",1,3,8,0.1,0.5,0.2,50,100,5,1580235529,1,0.5,25,1,25,,"0.36, 0.01, 0.0","0.97, 0.59, 0.21"
520,"faces_ex520.inp","Negative binomial",3,"mean_nsamp",-1,"sigma",0,"theta_true",-1,"theta_CV",1,"G",-1,3,2,0.1,0.5,0.6,50,100,5,1580235529,1,0.5,25,1,25,,"0.36, 0.01, 0.0","0.97, 0.59, 0.21"
521,"faces_ex521.inp","Negative binomial",3,"mean_nsamp",-1,"sigma",0,"theta_true",-1,"theta_CV",1,"G",0,3,4,0.1,0.5,0.6,50,100,5,1580235529,1,0.5,25,1,25,,"0.36, 0.01, 0.0","0.97, 0.59, 0.21"
522,"faces_ex522.inp","Negative binomial",3,"mean_nsamp",-1,"sigma",0,"theta_true",-1,"theta_CV",1,"G",1,3,8,0.1,0.5,0.6,50,100,5,1580235529,1,0.5,25,1,25,,"0.36, 0.01, 0.0","0.97, 0.59, 0.21"
523,"faces_ex523.inp","Negative binomial",3,"mean_nsamp",-1,"sigma",0,"theta_true",0,"theta_CV",-1,"G",-1,3,2,0.1,1,0,50,100,5,1580235529,1,0.5,25,1,25,,"0.36, 0.01, 0.0","0.97, 0.59, 0.21"
524,"faces_ex524.inp","Negative binomial",3,"mean_nsamp",-1,"sigma",0,"theta_true",0,"theta_CV",-1,"G",0,3,4,0.1,1,0,50,100,5,1580235529,1,0.5,25,1,25,,"0.36, 0.01, 0.0","0.97, 0.59, 0.21"
525,"faces_ex525.inp","Negative binomial",3,"mean_nsamp",-1,"sigma",0,"theta_true",0,"theta_CV",-1,"G",1,3,8,0.1,1,0,50,100,5,1580235529,1,0.5,25,1,25,,"0.36, 0.01, 0.0","0.97, 0.59, 0.21"
526,"faces_ex526.inp","Negative binomial",3,"mean_nsamp",-1,"sigma",0,"theta_true",0,"theta_CV",0,"G",-1,3,2,0.1,1,0.2,50,100,5,1580235529,1,0.5,25,1,25,,"0.36, 0.01, 0.0","0.97, 0.59, 0.21"
527,"faces_ex527.inp","Negative binomial",3,"mean_nsamp",-1,"sigma",0,"theta_true",0,"theta_CV",0,"G",0,3,4,0.1,1,0.2,50,100,5,1580235529,1,0.5,25,1,25,,"0.36, 0.01, 0.0","0.97, 0.59, 0.21"
528,"faces_ex528.inp","Negative binomial",3,"mean_nsamp",-1,"sigma",0,"theta_true",0,"theta_CV",0,"G",1,3,8,0.1,1,0.2,50,100,5,1580235529,1,0.5,25,1,25,,"0.36, 0.01, 0.0","0.97, 0.59, 0.21"
529,"faces_ex529.inp","Negative binomial",3,"mean_nsamp",-1,"sigma",0,"theta_true",0,"theta_CV",1,"G",-1,3,2,0.1,1,0.6,50,100,5,1580235529,1,0.5,25,1,25,,"0.36, 0.01, 0.0","0.97, 0.59, 0.21"
530,"faces_ex530.inp","Negative binomial",3,"mean_nsamp",-1,"sigma",0,"theta_true",0,"theta_CV",1,"G",0,3,4,0.1,1,0.6,50,100,5,1580235529,1,0.5,25,1,25,,"0.36, 0.01, 0.0","0.97, 0.59, 0.21"
531,"faces_ex531.inp","Negative binomial",3,"mean_nsamp",-1,"sigma",0,"theta_true",0,"theta_CV",1,"G",1,3,8,0.1,1,0.6,50,100,5,1580235529,1,0.5,25,1,25,,"0.36, 0.01, 0.0","0.97, 0.59, 0.21"
532,"faces_ex532.inp","Negative binomial",3,"mean_nsamp",-1,"sigma",0,"theta_true",1,"theta_CV",-1,"G",-1,3,2,0.1,2,0,50,100,5,1580235529,1,0.5,25,1,25,,"0.36, 0.01, 0.0","0.97, 0.59, 0.21"
533,"faces_ex533.inp","Negative binomial",3,"mean_nsamp",-1,"sigma",0,"theta_true",1,"theta_CV",-1,"G",0,3,4,0.1,2,0,50,100,5,1580235529,1,0.5,25,1,25,,"0.36, 0.01, 0.0","0.97, 0.59, 0.21"
534,"faces_ex534.inp","Negative binomial",3,"mean_nsamp",-1,"sigma",0,"theta_true",1,"theta_CV",-1,"G",1,3,8,0.1,2,0,50,100,5,1580235529,1,0.5,25,1,25,,"0.36, 0.01, 0.0","0.97, 0.59, 0.21"
535,"faces_ex535.inp","Negative binomial",3,"mean_nsamp",-1,"sigma",0,"theta_true",1,"theta_CV",0,"G",-1,3,2,0.1,2,0.2,50,100,5,1580235529,1,0.5,25,1,25,,"0.36, 0.01, 0.0","0.97, 0.59, 0.21"
536,"faces_ex536.inp","Negative binomial",3,"mean_nsamp",-1,"sigma",0,"theta_true",1,"theta_CV",0,"G",0,3,4,0.1,2,0.2,50,100,5,1580235529,1,0.5,25,1,25,,"0.36, 0.01, 0.0","0.97, 0.59, 0.21"
537,"faces_ex537.inp","Negative binomial",3,"mean_nsamp",-1,"sigma",0,"theta_true",1,"theta_CV",0,"G",1,3,8,0.1,2,0.2,50,100,5,1580235529,1,0.5,25,1,25,,"0.36, 0.01, 0.0","0.97, 0.59, 0.21"
538,"faces_ex538.inp","Negative binomial",3,"mean_nsamp",-1,"sigma",0,"theta_true",1,"theta_CV",1,"G",-1,3,2,0.1,2,0.6,50,100,5,1580235529,1,0.5,25,1,25,,"0.36, 0.01, 0.0","0.97, 0.59, 0.21"
539,"faces_ex539.inp","Negative binomial",3,"mean_nsamp",-1,"sigma",0,"theta_true",1,"theta_CV",1,"G",0,3,4,0.1,2,0.6,50,100,5,1580235529,1,0.5,25,1,25,,"0.36, 0.01, 0.0","0.97, 0.59, 0.21"
540,"faces_ex540.inp","Negative binomial",3,"mean_nsamp",-1,"sigma",0,"theta_true",1,"theta_CV",1,"G",1,3,8,0.1,2,0.6,50,100,5,1580235529,1,0.5,25,1,25,,"0.36, 0.01, 0.0","0.97, 0.59, 0.21"
541,"faces_ex541.inp","Negative binomial",3,"mean_nsamp",-1,"sigma",1,"theta_true",-1,"theta_CV",-1,"G",-1,3,2,0.1,0.5,0,50,100,5,1580235529,1,1,25,1,25,,"0.36, 0.01, 0.0","0.97, 0.59, 0.21"
542,"faces_ex542.inp","Negative binomial",3,"mean_nsamp",-1,"sigma",1,"theta_true",-1,"theta_CV",-1,"G",0,3,4,0.1,0.5,0,50,100,5,1580235529,1,1,25,1,25,,"0.36, 0.01, 0.0","0.97, 0.59, 0.21"
543,"faces_ex543.inp","Negative binomial",3,"mean_nsamp",-1,"sigma",1,"theta_true",-1,"theta_CV",-1,"G",1,3,8,0.1,0.5,0,50,100,5,1580235529,1,1,25,1,25,,"0.36, 0.01, 0.0","0.97, 0.59, 0.21"
544,"faces_ex544.inp","Negative binomial",3,"mean_nsamp",-1,"sigma",1,"theta_true",-1,"theta_CV",0,"G",-1,3,2,0.1,0.5,0.2,50,100,5,1580235529,1,1,25,1,25,,"0.36, 0.01, 0.0","0.97, 0.59, 0.21"
545,"faces_ex545.inp","Negative binomial",3,"mean_nsamp",-1,"sigma",1,"theta_true",-1,"theta_CV",0,"G",0,3,4,0.1,0.5,0.2,50,100,5,1580235529,1,1,25,1,25,,"0.36, 0.01, 0.0","0.97, 0.59, 0.21"
546,"faces_ex546.inp","Negative binomial",3,"mean_nsamp",-1,"sigma",1,"theta_true",-1,"theta_CV",0,"G",1,3,8,0.1,0.5,0.2,50,100,5,1580235529,1,1,25,1,25,,"0.36, 0.01, 0.0","0.97, 0.59, 0.21"
547,"faces_ex547.inp","Negative binomial",3,"mean_nsamp",-1,"sigma",1,"theta_true",-1,"theta_CV",1,"G",-1,3,2,0.1,0.5,0.6,50,100,5,1580235529,1,1,25,1,25,,"0.36, 0.01, 0.0","0.97, 0.59, 0.21"
548,"faces_ex548.inp","Negative binomial",3,"mean_nsamp",-1,"sigma",1,"theta_true",-1,"theta_CV",1,"G",0,3,4,0.1,0.5,0.6,50,100,5,1580235529,1,1,25,1,25,,"0.36, 0.01, 0.0","0.97, 0.59, 0.21"
549,"faces_ex549.inp","Negative binomial",3,"mean_nsamp",-1,"sigma",1,"theta_true",-1,"theta_CV",1,"G",1,3,8,0.1,0.5,0.6,50,100,5,1580235529,1,1,25,1,25,,"0.36, 0.01, 0.0","0.97, 0.59, 0.21"
550,"faces_ex550.inp","Negative binomial",3,"mean_nsamp",-1,"sigma",1,"theta_true",0,"theta_CV",-1,"G",-1,3,2,0.1,1,0,50,100,5,1580235529,1,1,25,1,25,,"0.36, 0.01, 0.0","0.97, 0.59, 0.21"
551,"faces_ex551.inp","Negative binomial",3,"mean_nsamp",-1,"sigma",1,"theta_true",0,"theta_CV",-1,"G",0,3,4,0.1,1,0,50,100,5,1580235529,1,1,25,1,25,,"0.36, 0.01, 0.0","0.97, 0.59, 0.21"
552,"faces_ex552.inp","Negative binomial",3,"mean_nsamp",-1,"sigma",1,"theta_true",0,"theta_CV",-1,"G",1,3,8,0.1,1,0,50,100,5,1580235529,1,1,25,1,25,,"0.36, 0.01, 0.0","0.97, 0.59, 0.21"
553,"faces_ex553.inp","Negative binomial",3,"mean_nsamp",-1,"sigma",1,"theta_true",0,"theta_CV",0,"G",-1,3,2,0.1,1,0.2,50,100,5,1580235529,1,1,25,1,25,,"0.36, 0.01, 0.0","0.97, 0.59, 0.21"
554,"faces_ex554.inp","Negative binomial",3,"mean_nsamp",-1,"sigma",1,"theta_true",0,"theta_CV",0,"G",0,3,4,0.1,1,0.2,50,100,5,1580235529,1,1,25,1,25,,"0.36, 0.01, 0.0","0.97, 0.59, 0.21"
555,"faces_ex555.inp","Negative binomial",3,"mean_nsamp",-1,"sigma",1,"theta_true",0,"theta_CV",0,"G",1,3,8,0.1,1,0.2,50,100,5,1580235529,1,1,25,1,25,,"0.36, 0.01, 0.0","0.97, 0.59, 0.21"
556,"faces_ex556.inp","Negative binomial",3,"mean_nsamp",-1,"sigma",1,"theta_true",0,"theta_CV",1,"G",-1,3,2,0.1,1,0.6,50,100,5,1580235529,1,1,25,1,25,,"0.36, 0.01, 0.0","0.97, 0.59, 0.21"
557,"faces_ex557.inp","Negative binomial",3,"mean_nsamp",-1,"sigma",1,"theta_true",0,"theta_CV",1,"G",0,3,4,0.1,1,0.6,50,100,5,1580235529,1,1,25,1,25,,"0.36, 0.01, 0.0","0.97, 0.59, 0.21"
558,"faces_ex558.inp","Negative binomial",3,"mean_nsamp",-1,"sigma",1,"theta_true",0,"theta_CV",1,"G",1,3,8,0.1,1,0.6,50,100,5,1580235529,1,1,25,1,25,,"0.36, 0.01, 0.0","0.97, 0.59, 0.21"
559,"faces_ex559.inp","Negative binomial",3,"mean_nsamp",-1,"sigma",1,"theta_true",1,"theta_CV",-1,"G",-1,3,2,0.1,2,0,50,100,5,1580235529,1,1,25,1,25,,"0.36, 0.01, 0.0","0.97, 0.59, 0.21"
560,"faces_ex560.inp","Negative binomial",3,"mean_nsamp",-1,"sigma",1,"theta_true",1,"theta_CV",-1,"G",0,3,4,0.1,2,0,50,100,5,1580235529,1,1,25,1,25,,"0.36, 0.01, 0.0","0.97, 0.59, 0.21"
561,"faces_ex561.inp","Negative binomial",3,"mean_nsamp",-1,"sigma",1,"theta_true",1,"theta_CV",-1,"G",1,3,8,0.1,2,0,50,100,5,1580235529,1,1,25,1,25,,"0.36, 0.01, 0.0","0.97, 0.59, 0.21"
562,"faces_ex562.inp","Negative binomial",3,"mean_nsamp",-1,"sigma",1,"theta_true",1,"theta_CV",0,"G",-1,3,2,0.1,2,0.2,50,100,5,1580235529,1,1,25,1,25,,"0.36, 0.01, 0.0","0.97, 0.59, 0.21"
563,"faces_ex563.inp","Negative binomial",3,"mean_nsamp",-1,"sigma",1,"theta_true",1,"theta_CV",0,"G",0,3,4,0.1,2,0.2,50,100,5,1580235529,1,1,25,1,25,,"0.36, 0.01, 0.0","0.97, 0.59, 0.21"
564,"faces_ex564.inp","Negative binomial",3,"mean_nsamp",-1,"sigma",1,"theta_true",1,"theta_CV",0,"G",1,3,8,0.1,2,0.2,50,100,5,1580235529,1,1,25,1,25,,"0.36, 0.01, 0.0","0.97, 0.59, 0.21"
565,"faces_ex565.inp","Negative binomial",3,"mean_nsamp",-1,"sigma",1,"theta_true",1,"theta_CV",1,"G",-1,3,2,0.1,2,0.6,50,100,5,1580235529,1,1,25,1,25,,"0.36, 0.01, 0.0","0.97, 0.59, 0.21"
566,"faces_ex566.inp","Negative binomial",3,"mean_nsamp",-1,"sigma",1,"theta_true",1,"theta_CV",1,"G",0,3,4,0.1,2,0.6,50,100,5,1580235529,1,1,25,1,25,,"0.36, 0.01, 0.0","0.97, 0.59, 0.21"
567,"faces_ex567.inp","Negative binomial",3,"mean_nsamp",-1,"sigma",1,"theta_true",1,"theta_CV",1,"G",1,3,8,0.1,2,0.6,50,100,5,1580235529,1,1,25,1,25,,"0.36, 0.01, 0.0","0.97, 0.59, 0.21"
568,"faces_ex568.inp","Negative binomial",3,"mean_nsamp",0,"sigma",-1,"theta_true",-1,"theta_CV",-1,"G",-1,3,2,0.1,0.5,0,50,100,5,1580235529,1,0.25,50,1,25,,"0.36, 0.01, 0.0","0.97, 0.59, 0.21"
569,"faces_ex569.inp","Negative binomial",3,"mean_nsamp",0,"sigma",-1,"theta_true",-1,"theta_CV",-1,"G",0,3,4,0.1,0.5,0,50,100,5,1580235529,1,0.25,50,1,25,,"0.36, 0.01, 0.0","0.97, 0.59, 0.21"
570,"faces_ex570.inp","Negative binomial",3,"mean_nsamp",0,"sigma",-1,"theta_true",-1,"theta_CV",-1,"G",1,3,8,0.1,0.5,0,50,100,5,1580235529,1,0.25,50,1,25,,"0.36, 0.01, 0.0","0.97, 0.59, 0.21"
571,"faces_ex571.inp","Negative binomial",3,"mean_nsamp",0,"sigma",-1,"theta_true",-1,"theta_CV",0,"G",-1,3,2,0.1,0.5,0.2,50,100,5,1580235529,1,0.25,50,1,25,,"0.36, 0.01, 0.0","0.97, 0.59, 0.21"
572,"faces_ex572.inp","Negative binomial",3,"mean_nsamp",0,"sigma",-1,"theta_true",-1,"theta_CV",0,"G",0,3,4,0.1,0.5,0.2,50,100,5,1580235529,1,0.25,50,1,25,,"0.36, 0.01, 0.0","0.97, 0.59, 0.21"
573,"faces_ex573.inp","Negative binomial",3,"mean_nsamp",0,"sigma",-1,"theta_true",-1,"theta_CV",0,"G",1,3,8,0.1,0.5,0.2,50,100,5,1580235529,1,0.25,50,1,25,,"0.36, 0.01, 0.0","0.97, 0.59, 0.21"
574,"faces_ex574.inp","Negative binomial",3,"mean_nsamp",0,"sigma",-1,"theta_true",-1,"theta_CV",1,"G",-1,3,2,0.1,0.5,0.6,50,100,5,1580235529,1,0.25,50,1,25,,"0.36, 0.01, 0.0","0.97, 0.59, 0.21"
575,"faces_ex575.inp","Negative binomial",3,"mean_nsamp",0,"sigma",-1,"theta_true",-1,"theta_CV",1,"G",0,3,4,0.1,0.5,0.6,50,100,5,1580235529,1,0.25,50,1,25,,"0.36, 0.01, 0.0","0.97, 0.59, 0.21"
576,"faces_ex576.inp","Negative binomial",3,"mean_nsamp",0,"sigma",-1,"theta_true",-1,"theta_CV",1,"G",1,3,8,0.1,0.5,0.6,50,100,5,1580235529,1,0.25,50,1,25,,"0.36, 0.01, 0.0","0.97, 0.59, 0.21"
577,"faces_ex577.inp","Negative binomial",3,"mean_nsamp",0,"sigma",-1,"theta_true",0,"theta_CV",-1,"G",-1,3,2,0.1,1,0,50,100,5,1580235529,1,0.25,50,1,25,,"0.36, 0.01, 0.0","0.97, 0.59, 0.21"
578,"faces_ex578.inp","Negative binomial",3,"mean_nsamp",0,"sigma",-1,"theta_true",0,"theta_CV",-1,"G",0,3,4,0.1,1,0,50,100,5,1580235529,1,0.25,50,1,25,,"0.36, 0.01, 0.0","0.97, 0.59, 0.21"
579,"faces_ex579.inp","Negative binomial",3,"mean_nsamp",0,"sigma",-1,"theta_true",0,"theta_CV",-1,"G",1,3,8,0.1,1,0,50,100,5,1580235529,1,0.25,50,1,25,,"0.36, 0.01, 0.0","0.97, 0.59, 0.21"
580,"faces_ex580.inp","Negative binomial",3,"mean_nsamp",0,"sigma",-1,"theta_true",0,"theta_CV",0,"G",-1,3,2,0.1,1,0.2,50,100,5,1580235529,1,0.25,50,1,25,,"0.36, 0.01, 0.0","0.97, 0.59, 0.21"
581,"faces_ex581.inp","Negative binomial",3,"mean_nsamp",0,"sigma",-1,"theta_true",0,"theta_CV",0,"G",0,3,4,0.1,1,0.2,50,100,5,1580235529,1,0.25,50,1,25,,"0.36, 0.01, 0.0","0.97, 0.59, 0.21"
582,"faces_ex582.inp","Negative binomial",3,"mean_nsamp",0,"sigma",-1,"theta_true",0,"theta_CV",0,"G",1,3,8,0.1,1,0.2,50,100,5,1580235529,1,0.25,50,1,25,,"0.36, 0.01, 0.0","0.97, 0.59, 0.21"
583,"faces_ex583.inp","Negative binomial",3,"mean_nsamp",0,"sigma",-1,"theta_true",0,"theta_CV",1,"G",-1,3,2,0.1,1,0.6,50,100,5,1580235529,1,0.25,50,1,25,,"0.36, 0.01, 0.0","0.97, 0.59, 0.21"
584,"faces_ex584.inp","Negative binomial",3,"mean_nsamp",0,"sigma",-1,"theta_true",0,"theta_CV",1,"G",0,3,4,0.1,1,0.6,50,100,5,1580235529,1,0.25,50,1,25,,"0.36, 0.01, 0.0","0.97, 0.59, 0.21"
585,"faces_ex585.inp","Negative binomial",3,"mean_nsamp",0,"sigma",-1,"theta_true",0,"theta_CV",1,"G",1,3,8,0.1,1,0.6,50,100,5,1580235529,1,0.25,50,1,25,,"0.36, 0.01, 0.0","0.97, 0.59, 0.21"
586,"faces_ex586.inp","Negative binomial",3,"mean_nsamp",0,"sigma",-1,"theta_true",1,"theta_CV",-1,"G",-1,3,2,0.1,2,0,50,100,5,1580235529,1,0.25,50,1,25,,"0.36, 0.01, 0.0","0.97, 0.59, 0.21"
587,"faces_ex587.inp","Negative binomial",3,"mean_nsamp",0,"sigma",-1,"theta_true",1,"theta_CV",-1,"G",0,3,4,0.1,2,0,50,100,5,1580235529,1,0.25,50,1,25,,"0.36, 0.01, 0.0","0.97, 0.59, 0.21"
588,"faces_ex588.inp","Negative binomial",3,"mean_nsamp",0,"sigma",-1,"theta_true",1,"theta_CV",-1,"G",1,3,8,0.1,2,0,50,100,5,1580235529,1,0.25,50,1,25,,"0.36, 0.01, 0.0","0.97, 0.59, 0.21"
589,"faces_ex589.inp","Negative binomial",3,"mean_nsamp",0,"sigma",-1,"theta_true",1,"theta_CV",0,"G",-1,3,2,0.1,2,0.2,50,100,5,1580235529,1,0.25,50,1,25,,"0.36, 0.01, 0.0","0.97, 0.59, 0.21"
590,"faces_ex590.inp","Negative binomial",3,"mean_nsamp",0,"sigma",-1,"theta_true",1,"theta_CV",0,"G",0,3,4,0.1,2,0.2,50,100,5,1580235529,1,0.25,50,1,25,,"0.36, 0.01, 0.0","0.97, 0.59, 0.21"
591,"faces_ex591.inp","Negative binomial",3,"mean_nsamp",0,"sigma",-1,"theta_true",1,"theta_CV",0,"G",1,3,8,0.1,2,0.2,50,100,5,1580235529,1,0.25,50,1,25,,"0.36, 0.01, 0.0","0.97, 0.59, 0.21"
592,"faces_ex592.inp","Negative binomial",3,"mean_nsamp",0,"sigma",-1,"theta_true",1,"theta_CV",1,"G",-1,3,2,0.1,2,0.6,50,100,5,1580235529,1,0.25,50,1,25,,"0.36, 0.01, 0.0","0.97, 0.59, 0.21"
593,"faces_ex593.inp","Negative binomial",3,"mean_nsamp",0,"sigma",-1,"theta_true",1,"theta_CV",1,"G",0,3,4,0.1,2,0.6,50,100,5,1580235529,1,0.25,50,1,25,,"0.36, 0.01, 0.0","0.97, 0.59, 0.21"
594,"faces_ex594.inp","Negative binomial",3,"mean_nsamp",0,"sigma",-1,"theta_true",1,"theta_CV",1,"G",1,3,8,0.1,2,0.6,50,100,5,1580235529,1,0.25,50,1,25,,"0.36, 0.01, 0.0","0.97, 0.59, 0.21"
595,"faces_ex595.inp","Negative binomial",3,"mean_nsamp",0,"sigma",0,"theta_true",-1,"theta_CV",-1,"G",-1,3,2,0.1,0.5,0,50,100,5,1580235529,1,0.5,50,1,25,,"0.36, 0.01, 0.0","0.97, 0.59, 0.21"
596,"faces_ex596.inp","Negative binomial",3,"mean_nsamp",0,"sigma",0,"theta_true",-1,"theta_CV",-1,"G",0,3,4,0.1,0.5,0,50,100,5,1580235529,1,0.5,50,1,25,,"0.36, 0.01, 0.0","0.97, 0.59, 0.21"
597,"faces_ex597.inp","Negative binomial",3,"mean_nsamp",0,"sigma",0,"theta_true",-1,"theta_CV",-1,"G",1,3,8,0.1,0.5,0,50,100,5,1580235529,1,0.5,50,1,25,,"0.36, 0.01, 0.0","0.97, 0.59, 0.21"
598,"faces_ex598.inp","Negative binomial",3,"mean_nsamp",0,"sigma",0,"theta_true",-1,"theta_CV",0,"G",-1,3,2,0.1,0.5,0.2,50,100,5,1580235529,1,0.5,50,1,25,,"0.36, 0.01, 0.0","0.97, 0.59, 0.21"
599,"faces_ex599.inp","Negative binomial",3,"mean_nsamp",0,"sigma",0,"theta_true",-1,"theta_CV",0,"G",0,3,4,0.1,0.5,0.2,50,100,5,1580235529,1,0.5,50,1,25,,"0.36, 0.01, 0.0","0.97, 0.59, 0.21"
600,"faces_ex600.inp","Negative binomial",3,"mean_nsamp",0,"sigma",0,"theta_true",-1,"theta_CV",0,"G",1,3,8,0.1,0.5,0.2,50,100,5,1580235529,1,0.5,50,1,25,,"0.36, 0.01, 0.0","0.97, 0.59, 0.21"
601,"faces_ex601.inp","Negative binomial",3,"mean_nsamp",0,"sigma",0,"theta_true",-1,"theta_CV",1,"G",-1,3,2,0.1,0.5,0.6,50,100,5,1580235529,1,0.5,50,1,25,,"0.36, 0.01, 0.0","0.97, 0.59, 0.21"
602,"faces_ex602.inp","Negative binomial",3,"mean_nsamp",0,"sigma",0,"theta_true",-1,"theta_CV",1,"G",0,3,4,0.1,0.5,0.6,50,100,5,1580235529,1,0.5,50,1,25,,"0.36, 0.01, 0.0","0.97, 0.59, 0.21"
603,"faces_ex603.inp","Negative binomial",3,"mean_nsamp",0,"sigma",0,"theta_true",-1,"theta_CV",1,"G",1,3,8,0.1,0.5,0.6,50,100,5,1580235529,1,0.5,50,1,25,,"0.36, 0.01, 0.0","0.97, 0.59, 0.21"
604,"faces_ex604.inp","Negative binomial",3,"mean_nsamp",0,"sigma",0,"theta_true",0,"theta_CV",-1,"G",-1,3,2,0.1,1,0,50,100,5,1580235529,1,0.5,50,1,25,,"0.36, 0.01, 0.0","0.97, 0.59, 0.21"
605,"faces_ex605.inp","Negative binomial",3,"mean_nsamp",0,"sigma",0,"theta_true",0,"theta_CV",-1,"G",0,3,4,0.1,1,0,50,100,5,1580235529,1,0.5,50,1,25,,"0.36, 0.01, 0.0","0.97, 0.59, 0.21"
606,"faces_ex606.inp","Negative binomial",3,"mean_nsamp",0,"sigma",0,"theta_true",0,"theta_CV",-1,"G",1,3,8,0.1,1,0,50,100,5,1580235529,1,0.5,50,1,25,,"0.36, 0.01, 0.0","0.97, 0.59, 0.21"
607,"faces_ex607.inp","Negative binomial",3,"mean_nsamp",0,"sigma",0,"theta_true",0,"theta_CV",0,"G",-1,3,2,0.1,1,0.2,50,100,5,1580235529,1,0.5,50,1,25,,"0.36, 0.01, 0.0","0.97, 0.59, 0.21"
608,"faces_ex608.inp","Negative binomial",3,"mean_nsamp",0,"sigma",0,"theta_true",0,"theta_CV",0,"G",0,3,4,0.1,1,0.2,50,100,5,1580235529,1,0.5,50,1,25,,"0.36, 0.01, 0.0","0.97, 0.59, 0.21"
609,"faces_ex609.inp","Negative binomial",3,"mean_nsamp",0,"sigma",0,"theta_true",0,"theta_CV",0,"G",1,3,8,0.1,1,0.2,50,100,5,1580235529,1,0.5,50,1,25,,"0.36, 0.01, 0.0","0.97, 0.59, 0.21"
610,"faces_ex610.inp","Negative binomial",3,"mean_nsamp",0,"sigma",0,"theta_true",0,"theta_CV",1,"G",-1,3,2,0.1,1,0.6,50,100,5,1580235529,1,0.5,50,1,25,,"0.36, 0.01, 0.0","0.97, 0.59, 0.21"
611,"faces_ex611.inp","Negative binomial",3,"mean_nsamp",0,"sigma",0,"theta_true",0,"theta_CV",1,"G",0,3,4,0.1,1,0.6,50,100,5,1580235529,1,0.5,50,1,25,,"0.36, 0.01, 0.0","0.97, 0.59, 0.21"
612,"faces_ex612.inp","Negative binomial",3,"mean_nsamp",0,"sigma",0,"theta_true",0,"theta_CV",1,"G",1,3,8,0.1,1,0.6,50,100,5,1580235529,1,0.5,50,1,25,,"0.36, 0.01, 0.0","0.97, 0.59, 0.21"
613,"faces_ex613.inp","Negative binomial",3,"mean_nsamp",0,"sigma",0,"theta_true",1,"theta_CV",-1,"G",-1,3,2,0.1,2,0,50,100,5,1580235529,1,0.5,50,1,25,,"0.36, 0.01, 0.0","0.97, 0.59, 0.21"
614,"faces_ex614.inp","Negative binomial",3,"mean_nsamp",0,"sigma",0,"theta_true",1,"theta_CV",-1,"G",0,3,4,0.1,2,0,50,100,5,1580235529,1,0.5,50,1,25,,"0.36, 0.01, 0.0","0.97, 0.59, 0.21"
615,"faces_ex615.inp","Negative binomial",3,"mean_nsamp",0,"sigma",0,"theta_true",1,"theta_CV",-1,"G",1,3,8,0.1,2,0,50,100,5,1580235529,1,0.5,50,1,25,,"0.36, 0.01, 0.0","0.97, 0.59, 0.21"
616,"faces_ex616.inp","Negative binomial",3,"mean_nsamp",0,"sigma",0,"theta_true",1,"theta_CV",0,"G",-1,3,2,0.1,2,0.2,50,100,5,1580235529,1,0.5,50,1,25,,"0.36, 0.01, 0.0","0.97, 0.59, 0.21"
617,"faces_ex617.inp","Negative binomial",3,"mean_nsamp",0,"sigma",0,"theta_true",1,"theta_CV",0,"G",0,3,4,0.1,2,0.2,50,100,5,1580235529,1,0.5,50,1,25,,"0.36, 0.01, 0.0","0.97, 0.59, 0.21"
618,"faces_ex618.inp","Negative binomial",3,"mean_nsamp",0,"sigma",0,"theta_true",1,"theta_CV",0,"G",1,3,8,0.1,2,0.2,50,100,5,1580235529,1,0.5,50,1,25,,"0.36, 0.01, 0.0","0.97, 0.59, 0.21"
619,"faces_ex619.inp","Negative binomial",3,"mean_nsamp",0,"sigma",0,"theta_true",1,"theta_CV",1,"G",-1,3,2,0.1,2,0.6,50,100,5,1580235529,1,0.5,50,1,25,,"0.36, 0.01, 0.0","0.97, 0.59, 0.21"
620,"faces_ex620.inp","Negative binomial",3,"mean_nsamp",0,"sigma",0,"theta_true",1,"theta_CV",1,"G",0,3,4,0.1,2,0.6,50,100,5,1580235529,1,0.5,50,1,25,,"0.36, 0.01, 0.0","0.97, 0.59, 0.21"
621,"faces_ex621.inp","Negative binomial",3,"mean_nsamp",0,"sigma",0,"theta_true",1,"theta_CV",1,"G",1,3,8,0.1,2,0.6,50,100,5,1580235529,1,0.5,50,1,25,,"0.36, 0.01, 0.0","0.97, 0.59, 0.21"
622,"faces_ex622.inp","Negative binomial",3,"mean_nsamp",0,"sigma",1,"theta_true",-1,"theta_CV",-1,"G",-1,3,2,0.1,0.5,0,50,100,5,1580235529,1,1,50,1,25,,"0.36, 0.01, 0.0","0.97, 0.59, 0.21"
623,"faces_ex623.inp","Negative binomial",3,"mean_nsamp",0,"sigma",1,"theta_true",-1,"theta_CV",-1,"G",0,3,4,0.1,0.5,0,50,100,5,1580235529,1,1,50,1,25,,"0.36, 0.01, 0.0","0.97, 0.59, 0.21"
624,"faces_ex624.inp","Negative binomial",3,"mean_nsamp",0,"sigma",1,"theta_true",-1,"theta_CV",-1,"G",1,3,8,0.1,0.5,0,50,100,5,1580235529,1,1,50,1,25,,"0.36, 0.01, 0.0","0.97, 0.59, 0.21"
625,"faces_ex625.inp","Negative binomial",3,"mean_nsamp",0,"sigma",1,"theta_true",-1,"theta_CV",0,"G",-1,3,2,0.1,0.5,0.2,50,100,5,1580235529,1,1,50,1,25,,"0.36, 0.01, 0.0","0.97, 0.59, 0.21"
626,"faces_ex626.inp","Negative binomial",3,"mean_nsamp",0,"sigma",1,"theta_true",-1,"theta_CV",0,"G",0,3,4,0.1,0.5,0.2,50,100,5,1580235529,1,1,50,1,25,,"0.36, 0.01, 0.0","0.97, 0.59, 0.21"
627,"faces_ex627.inp","Negative binomial",3,"mean_nsamp",0,"sigma",1,"theta_true",-1,"theta_CV",0,"G",1,3,8,0.1,0.5,0.2,50,100,5,1580235529,1,1,50,1,25,,"0.36, 0.01, 0.0","0.97, 0.59, 0.21"
628,"faces_ex628.inp","Negative binomial",3,"mean_nsamp",0,"sigma",1,"theta_true",-1,"theta_CV",1,"G",-1,3,2,0.1,0.5,0.6,50,100,5,1580235529,1,1,50,1,25,,"0.36, 0.01, 0.0","0.97, 0.59, 0.21"
629,"faces_ex629.inp","Negative binomial",3,"mean_nsamp",0,"sigma",1,"theta_true",-1,"theta_CV",1,"G",0,3,4,0.1,0.5,0.6,50,100,5,1580235529,1,1,50,1,25,,"0.36, 0.01, 0.0","0.97, 0.59, 0.21"
630,"faces_ex630.inp","Negative binomial",3,"mean_nsamp",0,"sigma",1,"theta_true",-1,"theta_CV",1,"G",1,3,8,0.1,0.5,0.6,50,100,5,1580235529,1,1,50,1,25,,"0.36, 0.01, 0.0","0.97, 0.59, 0.21"
631,"faces_ex631.inp","Negative binomial",3,"mean_nsamp",0,"sigma",1,"theta_true",0,"theta_CV",-1,"G",-1,3,2,0.1,1,0,50,100,5,1580235529,1,1,50,1,25,,"0.36, 0.01, 0.0","0.97, 0.59, 0.21"
632,"faces_ex632.inp","Negative binomial",3,"mean_nsamp",0,"sigma",1,"theta_true",0,"theta_CV",-1,"G",0,3,4,0.1,1,0,50,100,5,1580235529,1,1,50,1,25,,"0.36, 0.01, 0.0","0.97, 0.59, 0.21"
633,"faces_ex633.inp","Negative binomial",3,"mean_nsamp",0,"sigma",1,"theta_true",0,"theta_CV",-1,"G",1,3,8,0.1,1,0,50,100,5,1580235529,1,1,50,1,25,,"0.36, 0.01, 0.0","0.97, 0.59, 0.21"
634,"faces_ex634.inp","Negative binomial",3,"mean_nsamp",0,"sigma",1,"theta_true",0,"theta_CV",0,"G",-1,3,2,0.1,1,0.2,50,100,5,1580235529,1,1,50,1,25,,"0.36, 0.01, 0.0","0.97, 0.59, 0.21"
635,"faces_ex635.inp","Negative binomial",3,"mean_nsamp",0,"sigma",1,"theta_true",0,"theta_CV",0,"G",0,3,4,0.1,1,0.2,50,100,5,1580235529,1,1,50,1,25,,"0.36, 0.01, 0.0","0.97, 0.59, 0.21"
636,"faces_ex636.inp","Negative binomial",3,"mean_nsamp",0,"sigma",1,"theta_true",0,"theta_CV",0,"G",1,3,8,0.1,1,0.2,50,100,5,1580235529,1,1,50,1,25,,"0.36, 0.01, 0.0","0.97, 0.59, 0.21"
637,"faces_ex637.inp","Negative binomial",3,"mean_nsamp",0,"sigma",1,"theta_true",0,"theta_CV",1,"G",-1,3,2,0.1,1,0.6,50,100,5,1580235529,1,1,50,1,25,,"0.36, 0.01, 0.0","0.97, 0.59, 0.21"
638,"faces_ex638.inp","Negative binomial",3,"mean_nsamp",0,"sigma",1,"theta_true",0,"theta_CV",1,"G",0,3,4,0.1,1,0.6,50,100,5,1580235529,1,1,50,1,25,,"0.36, 0.01, 0.0","0.97, 0.59, 0.21"
639,"faces_ex639.inp","Negative binomial",3,"mean_nsamp",0,"sigma",1,"theta_true",0,"theta_CV",1,"G",1,3,8,0.1,1,0.6,50,100,5,1580235529,1,1,50,1,25,,"0.36, 0.01, 0.0","0.97, 0.59, 0.21"
640,"faces_ex640.inp","Negative binomial",3,"mean_nsamp",0,"sigma",1,"theta_true",1,"theta_CV",-1,"G",-1,3,2,0.1,2,0,50,100,5,1580235529,1,1,50,1,25,,"0.36, 0.01, 0.0","0.97, 0.59, 0.21"
641,"faces_ex641.inp","Negative binomial",3,"mean_nsamp",0,"sigma",1,"theta_true",1,"theta_CV",-1,"G",0,3,4,0.1,2,0,50,100,5,1580235529,1,1,50,1,25,,"0.36, 0.01, 0.0","0.97, 0.59, 0.21"
642,"faces_ex642.inp","Negative binomial",3,"mean_nsamp",0,"sigma",1,"theta_true",1,"theta_CV",-1,"G",1,3,8,0.1,2,0,50,100,5,1580235529,1,1,50,1,25,,"0.36, 0.01, 0.0","0.97, 0.59, 0.21"
643,"faces_ex643.inp","Negative binomial",3,"mean_nsamp",0,"sigma",1,"theta_true",1,"theta_CV",0,"G",-1,3,2,0.1,2,0.2,50,100,5,1580235529,1,1,50,1,25,,"0.36, 0.01, 0.0","0.97, 0.59, 0.21"
644,"faces_ex644.inp","Negative binomial",3,"mean_nsamp",0,"sigma",1,"theta_true",1,"theta_CV",0,"G",0,3,4,0.1,2,0.2,50,100,5,1580235529,1,1,50,1,25,,"0.36, 0.01, 0.0","0.97, 0.59, 0.21"
645,"faces_ex645.inp","Negative binomial",3,"mean_nsamp",0,"sigma",1,"theta_true",1,"theta_CV",0,"G",1,3,8,0.1,2,0.2,50,100,5,1580235529,1,1,50,1,25,,"0.36, 0.01, 0.0","0.97, 0.59, 0.21"
646,"faces_ex646.inp","Negative binomial",3,"mean_nsamp",0,"sigma",1,"theta_true",1,"theta_CV",1,"G",-1,3,2,0.1,2,0.6,50,100,5,1580235529,1,1,50,1,25,,"0.36, 0.01, 0.0","0.97, 0.59, 0.21"
647,"faces_ex647.inp","Negative binomial",3,"mean_nsamp",0,"sigma",1,"theta_true",1,"theta_CV",1,"G",0,3,4,0.1,2,0.6,50,100,5,1580235529,1,1,50,1,25,,"0.36, 0.01, 0.0","0.97, 0.59, 0.21"
648,"faces_ex648.inp","Negative binomial",3,"mean_nsamp",0,"sigma",1,"theta_true",1,"theta_CV",1,"G",1,3,8,0.1,2,0.6,50,100,5,1580235529,1,1,50,1,25,,"0.36, 0.01, 0.0","0.97, 0.59, 0.21"
649,"faces_ex649.inp","Negative binomial",3,"mean_nsamp",1,"sigma",-1,"theta_true",-1,"theta_CV",-1,"G",-1,3,2,0.1,0.5,0,50,100,5,1580235529,1,0.25,100,1,25,,"0.36, 0.01, 0.0","0.97, 0.59, 0.21"
650,"faces_ex650.inp","Negative binomial",3,"mean_nsamp",1,"sigma",-1,"theta_true",-1,"theta_CV",-1,"G",0,3,4,0.1,0.5,0,50,100,5,1580235529,1,0.25,100,1,25,,"0.36, 0.01, 0.0","0.97, 0.59, 0.21"
651,"faces_ex651.inp","Negative binomial",3,"mean_nsamp",1,"sigma",-1,"theta_true",-1,"theta_CV",-1,"G",1,3,8,0.1,0.5,0,50,100,5,1580235529,1,0.25,100,1,25,,"0.36, 0.01, 0.0","0.97, 0.59, 0.21"
652,"faces_ex652.inp","Negative binomial",3,"mean_nsamp",1,"sigma",-1,"theta_true",-1,"theta_CV",0,"G",-1,3,2,0.1,0.5,0.2,50,100,5,1580235529,1,0.25,100,1,25,,"0.36, 0.01, 0.0","0.97, 0.59, 0.21"
653,"faces_ex653.inp","Negative binomial",3,"mean_nsamp",1,"sigma",-1,"theta_true",-1,"theta_CV",0,"G",0,3,4,0.1,0.5,0.2,50,100,5,1580235529,1,0.25,100,1,25,,"0.36, 0.01, 0.0","0.97, 0.59, 0.21"
654,"faces_ex654.inp","Negative binomial",3,"mean_nsamp",1,"sigma",-1,"theta_true",-1,"theta_CV",0,"G",1,3,8,0.1,0.5,0.2,50,100,5,1580235529,1,0.25,100,1,25,,"0.36, 0.01, 0.0","0.97, 0.59, 0.21"
655,"faces_ex655.inp","Negative binomial",3,"mean_nsamp",1,"sigma",-1,"theta_true",-1,"theta_CV",1,"G",-1,3,2,0.1,0.5,0.6,50,100,5,1580235529,1,0.25,100,1,25,,"0.36, 0.01, 0.0","0.97, 0.59, 0.21"
656,"faces_ex656.inp","Negative binomial",3,"mean_nsamp",1,"sigma",-1,"theta_true",-1,"theta_CV",1,"G",0,3,4,0.1,0.5,0.6,50,100,5,1580235529,1,0.25,100,1,25,,"0.36, 0.01, 0.0","0.97, 0.59, 0.21"
657,"faces_ex657.inp","Negative binomial",3,"mean_nsamp",1,"sigma",-1,"theta_true",-1,"theta_CV",1,"G",1,3,8,0.1,0.5,0.6,50,100,5,1580235529,1,0.25,100,1,25,,"0.36, 0.01, 0.0","0.97, 0.59, 0.21"
658,"faces_ex658.inp","Negative binomial",3,"mean_nsamp",1,"sigma",-1,"theta_true",0,"theta_CV",-1,"G",-1,3,2,0.1,1,0,50,100,5,1580235529,1,0.25,100,1,25,,"0.36, 0.01, 0.0","0.97, 0.59, 0.21"
659,"faces_ex659.inp","Negative binomial",3,"mean_nsamp",1,"sigma",-1,"theta_true",0,"theta_CV",-1,"G",0,3,4,0.1,1,0,50,100,5,1580235529,1,0.25,100,1,25,,"0.36, 0.01, 0.0","0.97, 0.59, 0.21"
660,"faces_ex660.inp","Negative binomial",3,"mean_nsamp",1,"sigma",-1,"theta_true",0,"theta_CV",-1,"G",1,3,8,0.1,1,0,50,100,5,1580235529,1,0.25,100,1,25,,"0.36, 0.01, 0.0","0.97, 0.59, 0.21"
661,"faces_ex661.inp","Negative binomial",3,"mean_nsamp",1,"sigma",-1,"theta_true",0,"theta_CV",0,"G",-1,3,2,0.1,1,0.2,50,100,5,1580235529,1,0.25,100,1,25,,"0.36, 0.01, 0.0","0.97, 0.59, 0.21"
662,"faces_ex662.inp","Negative binomial",3,"mean_nsamp",1,"sigma",-1,"theta_true",0,"theta_CV",0,"G",0,3,4,0.1,1,0.2,50,100,5,1580235529,1,0.25,100,1,25,,"0.36, 0.01, 0.0","0.97, 0.59, 0.21"
663,"faces_ex663.inp","Negative binomial",3,"mean_nsamp",1,"sigma",-1,"theta_true",0,"theta_CV",0,"G",1,3,8,0.1,1,0.2,50,100,5,1580235529,1,0.25,100,1,25,,"0.36, 0.01, 0.0","0.97, 0.59, 0.21"
664,"faces_ex664.inp","Negative binomial",3,"mean_nsamp",1,"sigma",-1,"theta_true",0,"theta_CV",1,"G",-1,3,2,0.1,1,0.6,50,100,5,1580235529,1,0.25,100,1,25,,"0.36, 0.01, 0.0","0.97, 0.59, 0.21"
665,"faces_ex665.inp","Negative binomial",3,"mean_nsamp",1,"sigma",-1,"theta_true",0,"theta_CV",1,"G",0,3,4,0.1,1,0.6,50,100,5,1580235529,1,0.25,100,1,25,,"0.36, 0.01, 0.0","0.97, 0.59, 0.21"
666,"faces_ex666.inp","Negative binomial",3,"mean_nsamp",1,"sigma",-1,"theta_true",0,"theta_CV",1,"G",1,3,8,0.1,1,0.6,50,100,5,1580235529,1,0.25,100,1,25,,"0.36, 0.01, 0.0","0.97, 0.59, 0.21"
667,"faces_ex667.inp","Negative binomial",3,"mean_nsamp",1,"sigma",-1,"theta_true",1,"theta_CV",-1,"G",-1,3,2,0.1,2,0,50,100,5,1580235529,1,0.25,100,1,25,,"0.36, 0.01, 0.0","0.97, 0.59, 0.21"
668,"faces_ex668.inp","Negative binomial",3,"mean_nsamp",1,"sigma",-1,"theta_true",1,"theta_CV",-1,"G",0,3,4,0.1,2,0,50,100,5,1580235529,1,0.25,100,1,25,,"0.36, 0.01, 0.0","0.97, 0.59, 0.21"
669,"faces_ex669.inp","Negative binomial",3,"mean_nsamp",1,"sigma",-1,"theta_true",1,"theta_CV",-1,"G",1,3,8,0.1,2,0,50,100,5,1580235529,1,0.25,100,1,25,,"0.36, 0.01, 0.0","0.97, 0.59, 0.21"
670,"faces_ex670.inp","Negative binomial",3,"mean_nsamp",1,"sigma",-1,"theta_true",1,"theta_CV",0,"G",-1,3,2,0.1,2,0.2,50,100,5,1580235529,1,0.25,100,1,25,,"0.36, 0.01, 0.0","0.97, 0.59, 0.21"
671,"faces_ex671.inp","Negative binomial",3,"mean_nsamp",1,"sigma",-1,"theta_true",1,"theta_CV",0,"G",0,3,4,0.1,2,0.2,50,100,5,1580235529,1,0.25,100,1,25,,"0.36, 0.01, 0.0","0.97, 0.59, 0.21"
672,"faces_ex672.inp","Negative binomial",3,"mean_nsamp",1,"sigma",-1,"theta_true",1,"theta_CV",0,"G",1,3,8,0.1,2,0.2,50,100,5,1580235529,1,0.25,100,1,25,,"0.36, 0.01, 0.0","0.97, 0.59, 0.21"
673,"faces_ex673.inp","Negative binomial",3,"mean_nsamp",1,"sigma",-1,"theta_true",1,"theta_CV",1,"G",-1,3,2,0.1,2,0.6,50,100,5,1580235529,1,0.25,100,1,25,,"0.36, 0.01, 0.0","0.97, 0.59, 0.21"
674,"faces_ex674.inp","Negative binomial",3,"mean_nsamp",1,"sigma",-1,"theta_true",1,"theta_CV",1,"G",0,3,4,0.1,2,0.6,50,100,5,1580235529,1,0.25,100,1,25,,"0.36, 0.01, 0.0","0.97, 0.59, 0.21"
675,"faces_ex675.inp","Negative binomial",3,"mean_nsamp",1,"sigma",-1,"theta_true",1,"theta_CV",1,"G",1,3,8,0.1,2,0.6,50,100,5,1580235529,1,0.25,100,1,25,,"0.36, 0.01, 0.0","0.97, 0.59, 0.21"
676,"faces_ex676.inp","Negative binomial",3,"mean_nsamp",1,"sigma",0,"theta_true",-1,"theta_CV",-1,"G",-1,3,2,0.1,0.5,0,50,100,5,1580235529,1,0.5,100,1,25,,"0.36, 0.01, 0.0","0.97, 0.59, 0.21"
677,"faces_ex677.inp","Negative binomial",3,"mean_nsamp",1,"sigma",0,"theta_true",-1,"theta_CV",-1,"G",0,3,4,0.1,0.5,0,50,100,5,1580235529,1,0.5,100,1,25,,"0.36, 0.01, 0.0","0.97, 0.59, 0.21"
678,"faces_ex678.inp","Negative binomial",3,"mean_nsamp",1,"sigma",0,"theta_true",-1,"theta_CV",-1,"G",1,3,8,0.1,0.5,0,50,100,5,1580235529,1,0.5,100,1,25,,"0.36, 0.01, 0.0","0.97, 0.59, 0.21"
679,"faces_ex679.inp","Negative binomial",3,"mean_nsamp",1,"sigma",0,"theta_true",-1,"theta_CV",0,"G",-1,3,2,0.1,0.5,0.2,50,100,5,1580235529,1,0.5,100,1,25,,"0.36, 0.01, 0.0","0.97, 0.59, 0.21"
680,"faces_ex680.inp","Negative binomial",3,"mean_nsamp",1,"sigma",0,"theta_true",-1,"theta_CV",0,"G",0,3,4,0.1,0.5,0.2,50,100,5,1580235529,1,0.5,100,1,25,,"0.36, 0.01, 0.0","0.97, 0.59, 0.21"
681,"faces_ex681.inp","Negative binomial",3,"mean_nsamp",1,"sigma",0,"theta_true",-1,"theta_CV",0,"G",1,3,8,0.1,0.5,0.2,50,100,5,1580235529,1,0.5,100,1,25,,"0.36, 0.01, 0.0","0.97, 0.59, 0.21"
682,"faces_ex682.inp","Negative binomial",3,"mean_nsamp",1,"sigma",0,"theta_true",-1,"theta_CV",1,"G",-1,3,2,0.1,0.5,0.6,50,100,5,1580235529,1,0.5,100,1,25,,"0.36, 0.01, 0.0","0.97, 0.59, 0.21"
683,"faces_ex683.inp","Negative binomial",3,"mean_nsamp",1,"sigma",0,"theta_true",-1,"theta_CV",1,"G",0,3,4,0.1,0.5,0.6,50,100,5,1580235529,1,0.5,100,1,25,,"0.36, 0.01, 0.0","0.97, 0.59, 0.21"
684,"faces_ex684.inp","Negative binomial",3,"mean_nsamp",1,"sigma",0,"theta_true",-1,"theta_CV",1,"G",1,3,8,0.1,0.5,0.6,50,100,5,1580235529,1,0.5,100,1,25,,"0.36, 0.01, 0.0","0.97, 0.59, 0.21"
685,"faces_ex685.inp","Negative binomial",3,"mean_nsamp",1,"sigma",0,"theta_true",0,"theta_CV",-1,"G",-1,3,2,0.1,1,0,50,100,5,1580235529,1,0.5,100,1,25,,"0.36, 0.01, 0.0","0.97, 0.59, 0.21"
686,"faces_ex686.inp","Negative binomial",3,"mean_nsamp",1,"sigma",0,"theta_true",0,"theta_CV",-1,"G",0,3,4,0.1,1,0,50,100,5,1580235529,1,0.5,100,1,25,,"0.36, 0.01, 0.0","0.97, 0.59, 0.21"
687,"faces_ex687.inp","Negative binomial",3,"mean_nsamp",1,"sigma",0,"theta_true",0,"theta_CV",-1,"G",1,3,8,0.1,1,0,50,100,5,1580235529,1,0.5,100,1,25,,"0.36, 0.01, 0.0","0.97, 0.59, 0.21"
688,"faces_ex688.inp","Negative binomial",3,"mean_nsamp",1,"sigma",0,"theta_true",0,"theta_CV",0,"G",-1,3,2,0.1,1,0.2,50,100,5,1580235529,1,0.5,100,1,25,,"0.36, 0.01, 0.0","0.97, 0.59, 0.21"
689,"faces_ex689.inp","Negative binomial",3,"mean_nsamp",1,"sigma",0,"theta_true",0,"theta_CV",0,"G",0,3,4,0.1,1,0.2,50,100,5,1580235529,1,0.5,100,1,25,,"0.36, 0.01, 0.0","0.97, 0.59, 0.21"
690,"faces_ex690.inp","Negative binomial",3,"mean_nsamp",1,"sigma",0,"theta_true",0,"theta_CV",0,"G",1,3,8,0.1,1,0.2,50,100,5,1580235529,1,0.5,100,1,25,,"0.36, 0.01, 0.0","0.97, 0.59, 0.21"
691,"faces_ex691.inp","Negative binomial",3,"mean_nsamp",1,"sigma",0,"theta_true",0,"theta_CV",1,"G",-1,3,2,0.1,1,0.6,50,100,5,1580235529,1,0.5,100,1,25,,"0.36, 0.01, 0.0","0.97, 0.59, 0.21"
692,"faces_ex692.inp","Negative binomial",3,"mean_nsamp",1,"sigma",0,"theta_true",0,"theta_CV",1,"G",0,3,4,0.1,1,0.6,50,100,5,1580235529,1,0.5,100,1,25,,"0.36, 0.01, 0.0","0.97, 0.59, 0.21"
693,"faces_ex693.inp","Negative binomial",3,"mean_nsamp",1,"sigma",0,"theta_true",0,"theta_CV",1,"G",1,3,8,0.1,1,0.6,50,100,5,1580235529,1,0.5,100,1,25,,"0.36, 0.01, 0.0","0.97, 0.59, 0.21"
694,"faces_ex694.inp","Negative binomial",3,"mean_nsamp",1,"sigma",0,"theta_true",1,"theta_CV",-1,"G",-1,3,2,0.1,2,0,50,100,5,1580235529,1,0.5,100,1,25,,"0.36, 0.01, 0.0","0.97, 0.59, 0.21"
695,"faces_ex695.inp","Negative binomial",3,"mean_nsamp",1,"sigma",0,"theta_true",1,"theta_CV",-1,"G",0,3,4,0.1,2,0,50,100,5,1580235529,1,0.5,100,1,25,,"0.36, 0.01, 0.0","0.97, 0.59, 0.21"
696,"faces_ex696.inp","Negative binomial",3,"mean_nsamp",1,"sigma",0,"theta_true",1,"theta_CV",-1,"G",1,3,8,0.1,2,0,50,100,5,1580235529,1,0.5,100,1,25,,"0.36, 0.01, 0.0","0.97, 0.59, 0.21"
697,"faces_ex697.inp","Negative binomial",3,"mean_nsamp",1,"sigma",0,"theta_true",1,"theta_CV",0,"G",-1,3,2,0.1,2,0.2,50,100,5,1580235529,1,0.5,100,1,25,,"0.36, 0.01, 0.0","0.97, 0.59, 0.21"
698,"faces_ex698.inp","Negative binomial",3,"mean_nsamp",1,"sigma",0,"theta_true",1,"theta_CV",0,"G",0,3,4,0.1,2,0.2,50,100,5,1580235529,1,0.5,100,1,25,,"0.36, 0.01, 0.0","0.97, 0.59, 0.21"
699,"faces_ex699.inp","Negative binomial",3,"mean_nsamp",1,"sigma",0,"theta_true",1,"theta_CV",0,"G",1,3,8,0.1,2,0.2,50,100,5,1580235529,1,0.5,100,1,25,,"0.36, 0.01, 0.0","0.97, 0.59, 0.21"
700,"faces_ex700.inp","Negative binomial",3,"mean_nsamp",1,"sigma",0,"theta_true",1,"theta_CV",1,"G",-1,3,2,0.1,2,0.6,50,100,5,1580235529,1,0.5,100,1,25,,"0.36, 0.01, 0.0","0.97, 0.59, 0.21"
701,"faces_ex701.inp","Negative binomial",3,"mean_nsamp",1,"sigma",0,"theta_true",1,"theta_CV",1,"G",0,3,4,0.1,2,0.6,50,100,5,1580235529,1,0.5,100,1,25,,"0.36, 0.01, 0.0","0.97, 0.59, 0.21"
702,"faces_ex702.inp","Negative binomial",3,"mean_nsamp",1,"sigma",0,"theta_true",1,"theta_CV",1,"G",1,3,8,0.1,2,0.6,50,100,5,1580235529,1,0.5,100,1,25,,"0.36, 0.01, 0.0","0.97, 0.59, 0.21"
703,"faces_ex703.inp","Negative binomial",3,"mean_nsamp",1,"sigma",1,"theta_true",-1,"theta_CV",-1,"G",-1,3,2,0.1,0.5,0,50,100,5,1580235529,1,1,100,1,25,,"0.36, 0.01, 0.0","0.97, 0.59, 0.21"
704,"faces_ex704.inp","Negative binomial",3,"mean_nsamp",1,"sigma",1,"theta_true",-1,"theta_CV",-1,"G",0,3,4,0.1,0.5,0,50,100,5,1580235529,1,1,100,1,25,,"0.36, 0.01, 0.0","0.97, 0.59, 0.21"
705,"faces_ex705.inp","Negative binomial",3,"mean_nsamp",1,"sigma",1,"theta_true",-1,"theta_CV",-1,"G",1,3,8,0.1,0.5,0,50,100,5,1580235529,1,1,100,1,25,,"0.36, 0.01, 0.0","0.97, 0.59, 0.21"
706,"faces_ex706.inp","Negative binomial",3,"mean_nsamp",1,"sigma",1,"theta_true",-1,"theta_CV",0,"G",-1,3,2,0.1,0.5,0.2,50,100,5,1580235529,1,1,100,1,25,,"0.36, 0.01, 0.0","0.97, 0.59, 0.21"
707,"faces_ex707.inp","Negative binomial",3,"mean_nsamp",1,"sigma",1,"theta_true",-1,"theta_CV",0,"G",0,3,4,0.1,0.5,0.2,50,100,5,1580235529,1,1,100,1,25,,"0.36, 0.01, 0.0","0.97, 0.59, 0.21"
708,"faces_ex708.inp","Negative binomial",3,"mean_nsamp",1,"sigma",1,"theta_true",-1,"theta_CV",0,"G",1,3,8,0.1,0.5,0.2,50,100,5,1580235529,1,1,100,1,25,,"0.36, 0.01, 0.0","0.97, 0.59, 0.21"
709,"faces_ex709.inp","Negative binomial",3,"mean_nsamp",1,"sigma",1,"theta_true",-1,"theta_CV",1,"G",-1,3,2,0.1,0.5,0.6,50,100,5,1580235529,1,1,100,1,25,,"0.36, 0.01, 0.0","0.97, 0.59, 0.21"
710,"faces_ex710.inp","Negative binomial",3,"mean_nsamp",1,"sigma",1,"theta_true",-1,"theta_CV",1,"G",0,3,4,0.1,0.5,0.6,50,100,5,1580235529,1,1,100,1,25,,"0.36, 0.01, 0.0","0.97, 0.59, 0.21"
711,"faces_ex711.inp","Negative binomial",3,"mean_nsamp",1,"sigma",1,"theta_true",-1,"theta_CV",1,"G",1,3,8,0.1,0.5,0.6,50,100,5,1580235529,1,1,100,1,25,,"0.36, 0.01, 0.0","0.97, 0.59, 0.21"
712,"faces_ex712.inp","Negative binomial",3,"mean_nsamp",1,"sigma",1,"theta_true",0,"theta_CV",-1,"G",-1,3,2,0.1,1,0,50,100,5,1580235529,1,1,100,1,25,,"0.36, 0.01, 0.0","0.97, 0.59, 0.21"
713,"faces_ex713.inp","Negative binomial",3,"mean_nsamp",1,"sigma",1,"theta_true",0,"theta_CV",-1,"G",0,3,4,0.1,1,0,50,100,5,1580235529,1,1,100,1,25,,"0.36, 0.01, 0.0","0.97, 0.59, 0.21"
714,"faces_ex714.inp","Negative binomial",3,"mean_nsamp",1,"sigma",1,"theta_true",0,"theta_CV",-1,"G",1,3,8,0.1,1,0,50,100,5,1580235529,1,1,100,1,25,,"0.36, 0.01, 0.0","0.97, 0.59, 0.21"
715,"faces_ex715.inp","Negative binomial",3,"mean_nsamp",1,"sigma",1,"theta_true",0,"theta_CV",0,"G",-1,3,2,0.1,1,0.2,50,100,5,1580235529,1,1,100,1,25,,"0.36, 0.01, 0.0","0.97, 0.59, 0.21"
716,"faces_ex716.inp","Negative binomial",3,"mean_nsamp",1,"sigma",1,"theta_true",0,"theta_CV",0,"G",0,3,4,0.1,1,0.2,50,100,5,1580235529,1,1,100,1,25,,"0.36, 0.01, 0.0","0.97, 0.59, 0.21"
717,"faces_ex717.inp","Negative binomial",3,"mean_nsamp",1,"sigma",1,"theta_true",0,"theta_CV",0,"G",1,3,8,0.1,1,0.2,50,100,5,1580235529,1,1,100,1,25,,"0.36, 0.01, 0.0","0.97, 0.59, 0.21"
718,"faces_ex718.inp","Negative binomial",3,"mean_nsamp",1,"sigma",1,"theta_true",0,"theta_CV",1,"G",-1,3,2,0.1,1,0.6,50,100,5,1580235529,1,1,100,1,25,,"0.36, 0.01, 0.0","0.97, 0.59, 0.21"
719,"faces_ex719.inp","Negative binomial",3,"mean_nsamp",1,"sigma",1,"theta_true",0,"theta_CV",1,"G",0,3,4,0.1,1,0.6,50,100,5,1580235529,1,1,100,1,25,,"0.36, 0.01, 0.0","0.97, 0.59, 0.21"
720,"faces_ex720.inp","Negative binomial",3,"mean_nsamp",1,"sigma",1,"theta_true",0,"theta_CV",1,"G",1,3,8,0.1,1,0.6,50,100,5,1580235529,1,1,100,1,25,,"0.36, 0.01, 0.0","0.97, 0.59, 0.21"
721,"faces_ex721.inp","Negative binomial",3,"mean_nsamp",1,"sigma",1,"theta_true",1,"theta_CV",-1,"G",-1,3,2,0.1,2,0,50,100,5,1580235529,1,1,100,1,25,,"0.36, 0.01, 0.0","0.97, 0.59, 0.21"
722,"faces_ex722.inp","Negative binomial",3,"mean_nsamp",1,"sigma",1,"theta_true",1,"theta_CV",-1,"G",0,3,4,0.1,2,0,50,100,5,1580235529,1,1,100,1,25,,"0.36, 0.01, 0.0","0.97, 0.59, 0.21"
723,"faces_ex723.inp","Negative binomial",3,"mean_nsamp",1,"sigma",1,"theta_true",1,"theta_CV",-1,"G",1,3,8,0.1,2,0,50,100,5,1580235529,1,1,100,1,25,,"0.36, 0.01, 0.0","0.97, 0.59, 0.21"
724,"faces_ex724.inp","Negative binomial",3,"mean_nsamp",1,"sigma",1,"theta_true",1,"theta_CV",0,"G",-1,3,2,0.1,2,0.2,50,100,5,1580235529,1,1,100,1,25,,"0.36, 0.01, 0.0","0.97, 0.59, 0.21"
725,"faces_ex725.inp","Negative binomial",3,"mean_nsamp",1,"sigma",1,"theta_true",1,"theta_CV",0,"G",0,3,4,0.1,2,0.2,50,100,5,1580235529,1,1,100,1,25,,"0.36, 0.01, 0.0","0.97, 0.59, 0.21"
726,"faces_ex726.inp","Negative binomial",3,"mean_nsamp",1,"sigma",1,"theta_true",1,"theta_CV",0,"G",1,3,8,0.1,2,0.2,50,100,5,1580235529,1,1,100,1,25,,"0.36, 0.01, 0.0","0.97, 0.59, 0.21"
727,"faces_ex727.inp","Negative binomial",3,"mean_nsamp",1,"sigma",1,"theta_true",1,"theta_CV",1,"G",-1,3,2,0.1,2,0.6,50,100,5,1580235529,1,1,100,1,25,,"0.36, 0.01, 0.0","0.97, 0.59, 0.21"
728,"faces_ex728.inp","Negative binomial",3,"mean_nsamp",1,"sigma",1,"theta_true",1,"theta_CV",1,"G",0,3,4,0.1,2,0.6,50,100,5,1580235529,1,1,100,1,25,,"0.36, 0.01, 0.0","0.97, 0.59, 0.21"
729,"faces_ex729.inp","Negative binomial",3,"mean_nsamp",1,"sigma",1,"theta_true",1,"theta_CV",1,"G",1,3,8,0.1,2,0.6,50,100,5,1580235529,1,1,100,1,25,,"0.36, 0.01, 0.0","0.97, 0.59, 0.21"
730,"faces_ex730.inp","Log-uniform",4,"mean_nsamp",-1,"sigma",-1,"theta_true",-1,"theta_CV",-1,"G",-1,3,2,0.1,0.5,0,50,100,5,1580235529,1,0.25,25,1,25,"50-100","0.36, 0.01, 0.0","0.97, 0.59, 0.21"
731,"faces_ex731.inp","Log-uniform",4,"mean_nsamp",-1,"sigma",-1,"theta_true",-1,"theta_CV",-1,"G",0,3,4,0.1,0.5,0,50,100,5,1580235529,1,0.25,25,1,25,"50-100","0.36, 0.01, 0.0","0.97, 0.59, 0.21"
732,"faces_ex732.inp","Log-uniform",4,"mean_nsamp",-1,"sigma",-1,"theta_true",-1,"theta_CV",-1,"G",1,3,8,0.1,0.5,0,50,100,5,1580235529,1,0.25,25,1,25,"50-100","0.36, 0.01, 0.0","0.97, 0.59, 0.21"
733,"faces_ex733.inp","Log-uniform",4,"mean_nsamp",-1,"sigma",-1,"theta_true",-1,"theta_CV",0,"G",-1,3,2,0.1,0.5,0.2,50,100,5,1580235529,1,0.25,25,1,25,"50-100","0.36, 0.01, 0.0","0.97, 0.59, 0.21"
734,"faces_ex734.inp","Log-uniform",4,"mean_nsamp",-1,"sigma",-1,"theta_true",-1,"theta_CV",0,"G",0,3,4,0.1,0.5,0.2,50,100,5,1580235529,1,0.25,25,1,25,"50-100","0.36, 0.01, 0.0","0.97, 0.59, 0.21"
735,"faces_ex735.inp","Log-uniform",4,"mean_nsamp",-1,"sigma",-1,"theta_true",-1,"theta_CV",0,"G",1,3,8,0.1,0.5,0.2,50,100,5,1580235529,1,0.25,25,1,25,"50-100","0.36, 0.01, 0.0","0.97, 0.59, 0.21"
736,"faces_ex736.inp","Log-uniform",4,"mean_nsamp",-1,"sigma",-1,"theta_true",-1,"theta_CV",1,"G",-1,3,2,0.1,0.5,0.6,50,100,5,1580235529,1,0.25,25,1,25,"50-100","0.36, 0.01, 0.0","0.97, 0.59, 0.21"
737,"faces_ex737.inp","Log-uniform",4,"mean_nsamp",-1,"sigma",-1,"theta_true",-1,"theta_CV",1,"G",0,3,4,0.1,0.5,0.6,50,100,5,1580235529,1,0.25,25,1,25,"50-100","0.36, 0.01, 0.0","0.97, 0.59, 0.21"
738,"faces_ex738.inp","Log-uniform",4,"mean_nsamp",-1,"sigma",-1,"theta_true",-1,"theta_CV",1,"G",1,3,8,0.1,0.5,0.6,50,100,5,1580235529,1,0.25,25,1,25,"50-100","0.36, 0.01, 0.0","0.97, 0.59, 0.21"
739,"faces_ex739.inp","Log-uniform",4,"mean_nsamp",-1,"sigma",-1,"theta_true",0,"theta_CV",-1,"G",-1,3,2,0.1,1,0,50,100,5,1580235529,1,0.25,25,1,25,"50-100","0.36, 0.01, 0.0","0.97, 0.59, 0.21"
740,"faces_ex740.inp","Log-uniform",4,"mean_nsamp",-1,"sigma",-1,"theta_true",0,"theta_CV",-1,"G",0,3,4,0.1,1,0,50,100,5,1580235529,1,0.25,25,1,25,"50-100","0.36, 0.01, 0.0","0.97, 0.59, 0.21"
741,"faces_ex741.inp","Log-uniform",4,"mean_nsamp",-1,"sigma",-1,"theta_true",0,"theta_CV",-1,"G",1,3,8,0.1,1,0,50,100,5,1580235529,1,0.25,25,1,25,"50-100","0.36, 0.01, 0.0","0.97, 0.59, 0.21"
742,"faces_ex742.inp","Log-uniform",4,"mean_nsamp",-1,"sigma",-1,"theta_true",0,"theta_CV",0,"G",-1,3,2,0.1,1,0.2,50,100,5,1580235529,1,0.25,25,1,25,"50-100","0.36, 0.01, 0.0","0.97, 0.59, 0.21"
743,"faces_ex743.inp","Log-uniform",4,"mean_nsamp",-1,"sigma",-1,"theta_true",0,"theta_CV",0,"G",0,3,4,0.1,1,0.2,50,100,5,1580235529,1,0.25,25,1,25,"50-100","0.36, 0.01, 0.0","0.97, 0.59, 0.21"
744,"faces_ex744.inp","Log-uniform",4,"mean_nsamp",-1,"sigma",-1,"theta_true",0,"theta_CV",0,"G",1,3,8,0.1,1,0.2,50,100,5,1580235529,1,0.25,25,1,25,"50-100","0.36, 0.01, 0.0","0.97, 0.59, 0.21"
745,"faces_ex745.inp","Log-uniform",4,"mean_nsamp",-1,"sigma",-1,"theta_true",0,"theta_CV",1,"G",-1,3,2,0.1,1,0.6,50,100,5,1580235529,1,0.25,25,1,25,"50-100","0.36, 0.01, 0.0","0.97, 0.59, 0.21"
746,"faces_ex746.inp","Log-uniform",4,"mean_nsamp",-1,"sigma",-1,"theta_true",0,"theta_CV",1,"G",0,3,4,0.1,1,0.6,50,100,5,1580235529,1,0.25,25,1,25,"50-100","0.36, 0.01, 0.0","0.97, 0.59, 0.21"
747,"faces_ex747.inp","Log-uniform",4,"mean_nsamp",-1,"sigma",-1,"theta_true",0,"theta_CV",1,"G",1,3,8,0.1,1,0.6,50,100,5,1580235529,1,0.25,25,1,25,"50-100","0.36, 0.01, 0.0","0.97, 0.59, 0.21"
748,"faces_ex748.inp","Log-uniform",4,"mean_nsamp",-1,"sigma",-1,"theta_true",1,"theta_CV",-1,"G",-1,3,2,0.1,2,0,50,100,5,1580235529,1,0.25,25,1,25,"50-100","0.36, 0.01, 0.0","0.97, 0.59, 0.21"
749,"faces_ex749.inp","Log-uniform",4,"mean_nsamp",-1,"sigma",-1,"theta_true",1,"theta_CV",-1,"G",0,3,4,0.1,2,0,50,100,5,1580235529,1,0.25,25,1,25,"50-100","0.36, 0.01, 0.0","0.97, 0.59, 0.21"
750,"faces_ex750.inp","Log-uniform",4,"mean_nsamp",-1,"sigma",-1,"theta_true",1,"theta_CV",-1,"G",1,3,8,0.1,2,0,50,100,5,1580235529,1,0.25,25,1,25,"50-100","0.36, 0.01, 0.0","0.97, 0.59, 0.21"
751,"faces_ex751.inp","Log-uniform",4,"mean_nsamp",-1,"sigma",-1,"theta_true",1,"theta_CV",0,"G",-1,3,2,0.1,2,0.2,50,100,5,1580235529,1,0.25,25,1,25,"50-100","0.36, 0.01, 0.0","0.97, 0.59, 0.21"
752,"faces_ex752.inp","Log-uniform",4,"mean_nsamp",-1,"sigma",-1,"theta_true",1,"theta_CV",0,"G",0,3,4,0.1,2,0.2,50,100,5,1580235529,1,0.25,25,1,25,"50-100","0.36, 0.01, 0.0","0.97, 0.59, 0.21"
753,"faces_ex753.inp","Log-uniform",4,"mean_nsamp",-1,"sigma",-1,"theta_true",1,"theta_CV",0,"G",1,3,8,0.1,2,0.2,50,100,5,1580235529,1,0.25,25,1,25,"50-100","0.36, 0.01, 0.0","0.97, 0.59, 0.21"
754,"faces_ex754.inp","Log-uniform",4,"mean_nsamp",-1,"sigma",-1,"theta_true",1,"theta_CV",1,"G",-1,3,2,0.1,2,0.6,50,100,5,1580235529,1,0.25,25,1,25,"50-100","0.36, 0.01, 0.0","0.97, 0.59, 0.21"
755,"faces_ex755.inp","Log-uniform",4,"mean_nsamp",-1,"sigma",-1,"theta_true",1,"theta_CV",1,"G",0,3,4,0.1,2,0.6,50,100,5,1580235529,1,0.25,25,1,25,"50-100","0.36, 0.01, 0.0","0.97, 0.59, 0.21"
756,"faces_ex756.inp","Log-uniform",4,"mean_nsamp",-1,"sigma",-1,"theta_true",1,"theta_CV",1,"G",1,3,8,0.1,2,0.6,50,100,5,1580235529,1,0.25,25,1,25,"50-100","0.36, 0.01, 0.0","0.97, 0.59, 0.21"
757,"faces_ex757.inp","Log-uniform",4,"mean_nsamp",-1,"sigma",0,"theta_true",-1,"theta_CV",-1,"G",-1,3,2,0.1,0.5,0,50,100,5,1580235529,1,0.5,25,1,25,"50-100","0.36, 0.01, 0.0","0.97, 0.59, 0.21"
758,"faces_ex758.inp","Log-uniform",4,"mean_nsamp",-1,"sigma",0,"theta_true",-1,"theta_CV",-1,"G",0,3,4,0.1,0.5,0,50,100,5,1580235529,1,0.5,25,1,25,"50-100","0.36, 0.01, 0.0","0.97, 0.59, 0.21"
759,"faces_ex759.inp","Log-uniform",4,"mean_nsamp",-1,"sigma",0,"theta_true",-1,"theta_CV",-1,"G",1,3,8,0.1,0.5,0,50,100,5,1580235529,1,0.5,25,1,25,"50-100","0.36, 0.01, 0.0","0.97, 0.59, 0.21"
760,"faces_ex760.inp","Log-uniform",4,"mean_nsamp",-1,"sigma",0,"theta_true",-1,"theta_CV",0,"G",-1,3,2,0.1,0.5,0.2,50,100,5,1580235529,1,0.5,25,1,25,"50-100","0.36, 0.01, 0.0","0.97, 0.59, 0.21"
761,"faces_ex761.inp","Log-uniform",4,"mean_nsamp",-1,"sigma",0,"theta_true",-1,"theta_CV",0,"G",0,3,4,0.1,0.5,0.2,50,100,5,1580235529,1,0.5,25,1,25,"50-100","0.36, 0.01, 0.0","0.97, 0.59, 0.21"
762,"faces_ex762.inp","Log-uniform",4,"mean_nsamp",-1,"sigma",0,"theta_true",-1,"theta_CV",0,"G",1,3,8,0.1,0.5,0.2,50,100,5,1580235529,1,0.5,25,1,25,"50-100","0.36, 0.01, 0.0","0.97, 0.59, 0.21"
763,"faces_ex763.inp","Log-uniform",4,"mean_nsamp",-1,"sigma",0,"theta_true",-1,"theta_CV",1,"G",-1,3,2,0.1,0.5,0.6,50,100,5,1580235529,1,0.5,25,1,25,"50-100","0.36, 0.01, 0.0","0.97, 0.59, 0.21"
764,"faces_ex764.inp","Log-uniform",4,"mean_nsamp",-1,"sigma",0,"theta_true",-1,"theta_CV",1,"G",0,3,4,0.1,0.5,0.6,50,100,5,1580235529,1,0.5,25,1,25,"50-100","0.36, 0.01, 0.0","0.97, 0.59, 0.21"
765,"faces_ex765.inp","Log-uniform",4,"mean_nsamp",-1,"sigma",0,"theta_true",-1,"theta_CV",1,"G",1,3,8,0.1,0.5,0.6,50,100,5,1580235529,1,0.5,25,1,25,"50-100","0.36, 0.01, 0.0","0.97, 0.59, 0.21"
766,"faces_ex766.inp","Log-uniform",4,"mean_nsamp",-1,"sigma",0,"theta_true",0,"theta_CV",-1,"G",-1,3,2,0.1,1,0,50,100,5,1580235529,1,0.5,25,1,25,"50-100","0.36, 0.01, 0.0","0.97, 0.59, 0.21"
767,"faces_ex767.inp","Log-uniform",4,"mean_nsamp",-1,"sigma",0,"theta_true",0,"theta_CV",-1,"G",0,3,4,0.1,1,0,50,100,5,1580235529,1,0.5,25,1,25,"50-100","0.36, 0.01, 0.0","0.97, 0.59, 0.21"
768,"faces_ex768.inp","Log-uniform",4,"mean_nsamp",-1,"sigma",0,"theta_true",0,"theta_CV",-1,"G",1,3,8,0.1,1,0,50,100,5,1580235529,1,0.5,25,1,25,"50-100","0.36, 0.01, 0.0","0.97, 0.59, 0.21"
769,"faces_ex769.inp","Log-uniform",4,"mean_nsamp",-1,"sigma",0,"theta_true",0,"theta_CV",0,"G",-1,3,2,0.1,1,0.2,50,100,5,1580235529,1,0.5,25,1,25,"50-100","0.36, 0.01, 0.0","0.97, 0.59, 0.21"
770,"faces_ex770.inp","Log-uniform",4,"mean_nsamp",-1,"sigma",0,"theta_true",0,"theta_CV",0,"G",0,3,4,0.1,1,0.2,50,100,5,1580235529,1,0.5,25,1,25,"50-100","0.36, 0.01, 0.0","0.97, 0.59, 0.21"
771,"faces_ex771.inp","Log-uniform",4,"mean_nsamp",-1,"sigma",0,"theta_true",0,"theta_CV",0,"G",1,3,8,0.1,1,0.2,50,100,5,1580235529,1,0.5,25,1,25,"50-100","0.36, 0.01, 0.0","0.97, 0.59, 0.21"
772,"faces_ex772.inp","Log-uniform",4,"mean_nsamp",-1,"sigma",0,"theta_true",0,"theta_CV",1,"G",-1,3,2,0.1,1,0.6,50,100,5,1580235529,1,0.5,25,1,25,"50-100","0.36, 0.01, 0.0","0.97, 0.59, 0.21"
773,"faces_ex773.inp","Log-uniform",4,"mean_nsamp",-1,"sigma",0,"theta_true",0,"theta_CV",1,"G",0,3,4,0.1,1,0.6,50,100,5,1580235529,1,0.5,25,1,25,"50-100","0.36, 0.01, 0.0","0.97, 0.59, 0.21"
774,"faces_ex774.inp","Log-uniform",4,"mean_nsamp",-1,"sigma",0,"theta_true",0,"theta_CV",1,"G",1,3,8,0.1,1,0.6,50,100,5,1580235529,1,0.5,25,1,25,"50-100","0.36, 0.01, 0.0","0.97, 0.59, 0.21"
775,"faces_ex775.inp","Log-uniform",4,"mean_nsamp",-1,"sigma",0,"theta_true",1,"theta_CV",-1,"G",-1,3,2,0.1,2,0,50,100,5,1580235529,1,0.5,25,1,25,"50-100","0.36, 0.01, 0.0","0.97, 0.59, 0.21"
776,"faces_ex776.inp","Log-uniform",4,"mean_nsamp",-1,"sigma",0,"theta_true",1,"theta_CV",-1,"G",0,3,4,0.1,2,0,50,100,5,1580235529,1,0.5,25,1,25,"50-100","0.36, 0.01, 0.0","0.97, 0.59, 0.21"
777,"faces_ex777.inp","Log-uniform",4,"mean_nsamp",-1,"sigma",0,"theta_true",1,"theta_CV",-1,"G",1,3,8,0.1,2,0,50,100,5,1580235529,1,0.5,25,1,25,"50-100","0.36, 0.01, 0.0","0.97, 0.59, 0.21"
778,"faces_ex778.inp","Log-uniform",4,"mean_nsamp",-1,"sigma",0,"theta_true",1,"theta_CV",0,"G",-1,3,2,0.1,2,0.2,50,100,5,1580235529,1,0.5,25,1,25,"50-100","0.36, 0.01, 0.0","0.97, 0.59, 0.21"
779,"faces_ex779.inp","Log-uniform",4,"mean_nsamp",-1,"sigma",0,"theta_true",1,"theta_CV",0,"G",0,3,4,0.1,2,0.2,50,100,5,1580235529,1,0.5,25,1,25,"50-100","0.36, 0.01, 0.0","0.97, 0.59, 0.21"
780,"faces_ex780.inp","Log-uniform",4,"mean_nsamp",-1,"sigma",0,"theta_true",1,"theta_CV",0,"G",1,3,8,0.1,2,0.2,50,100,5,1580235529,1,0.5,25,1,25,"50-100","0.36, 0.01, 0.0","0.97, 0.59, 0.21"
781,"faces_ex781.inp","Log-uniform",4,"mean_nsamp",-1,"sigma",0,"theta_true",1,"theta_CV",1,"G",-1,3,2,0.1,2,0.6,50,100,5,1580235529,1,0.5,25,1,25,"50-100","0.36, 0.01, 0.0","0.97, 0.59, 0.21"
782,"faces_ex782.inp","Log-uniform",4,"mean_nsamp",-1,"sigma",0,"theta_true",1,"theta_CV",1,"G",0,3,4,0.1,2,0.6,50,100,5,1580235529,1,0.5,25,1,25,"50-100","0.36, 0.01, 0.0","0.97, 0.59, 0.21"
783,"faces_ex783.inp","Log-uniform",4,"mean_nsamp",-1,"sigma",0,"theta_true",1,"theta_CV",1,"G",1,3,8,0.1,2,0.6,50,100,5,1580235529,1,0.5,25,1,25,"50-100","0.36, 0.01, 0.0","0.97, 0.59, 0.21"
784,"faces_ex784.inp","Log-uniform",4,"mean_nsamp",-1,"sigma",1,"theta_true",-1,"theta_CV",-1,"G",-1,3,2,0.1,0.5,0,50,100,5,1580235529,1,1,25,1,25,"50-100","0.36, 0.01, 0.0","0.97, 0.59, 0.21"
785,"faces_ex785.inp","Log-uniform",4,"mean_nsamp",-1,"sigma",1,"theta_true",-1,"theta_CV",-1,"G",0,3,4,0.1,0.5,0,50,100,5,1580235529,1,1,25,1,25,"50-100","0.36, 0.01, 0.0","0.97, 0.59, 0.21"
786,"faces_ex786.inp","Log-uniform",4,"mean_nsamp",-1,"sigma",1,"theta_true",-1,"theta_CV",-1,"G",1,3,8,0.1,0.5,0,50,100,5,1580235529,1,1,25,1,25,"50-100","0.36, 0.01, 0.0","0.97, 0.59, 0.21"
787,"faces_ex787.inp","Log-uniform",4,"mean_nsamp",-1,"sigma",1,"theta_true",-1,"theta_CV",0,"G",-1,3,2,0.1,0.5,0.2,50,100,5,1580235529,1,1,25,1,25,"50-100","0.36, 0.01, 0.0","0.97, 0.59, 0.21"
788,"faces_ex788.inp","Log-uniform",4,"mean_nsamp",-1,"sigma",1,"theta_true",-1,"theta_CV",0,"G",0,3,4,0.1,0.5,0.2,50,100,5,1580235529,1,1,25,1,25,"50-100","0.36, 0.01, 0.0","0.97, 0.59, 0.21"
789,"faces_ex789.inp","Log-uniform",4,"mean_nsamp",-1,"sigma",1,"theta_true",-1,"theta_CV",0,"G",1,3,8,0.1,0.5,0.2,50,100,5,1580235529,1,1,25,1,25,"50-100","0.36, 0.01, 0.0","0.97, 0.59, 0.21"
790,"faces_ex790.inp","Log-uniform",4,"mean_nsamp",-1,"sigma",1,"theta_true",-1,"theta_CV",1,"G",-1,3,2,0.1,0.5,0.6,50,100,5,1580235529,1,1,25,1,25,"50-100","0.36, 0.01, 0.0","0.97, 0.59, 0.21"
791,"faces_ex791.inp","Log-uniform",4,"mean_nsamp",-1,"sigma",1,"theta_true",-1,"theta_CV",1,"G",0,3,4,0.1,0.5,0.6,50,100,5,1580235529,1,1,25,1,25,"50-100","0.36, 0.01, 0.0","0.97, 0.59, 0.21"
792,"faces_ex792.inp","Log-uniform",4,"mean_nsamp",-1,"sigma",1,"theta_true",-1,"theta_CV",1,"G",1,3,8,0.1,0.5,0.6,50,100,5,1580235529,1,1,25,1,25,"50-100","0.36, 0.01, 0.0","0.97, 0.59, 0.21"
793,"faces_ex793.inp","Log-uniform",4,"mean_nsamp",-1,"sigma",1,"theta_true",0,"theta_CV",-1,"G",-1,3,2,0.1,1,0,50,100,5,1580235529,1,1,25,1,25,"50-100","0.36, 0.01, 0.0","0.97, 0.59, 0.21"
794,"faces_ex794.inp","Log-uniform",4,"mean_nsamp",-1,"sigma",1,"theta_true",0,"theta_CV",-1,"G",0,3,4,0.1,1,0,50,100,5,1580235529,1,1,25,1,25,"50-100","0.36, 0.01, 0.0","0.97, 0.59, 0.21"
795,"faces_ex795.inp","Log-uniform",4,"mean_nsamp",-1,"sigma",1,"theta_true",0,"theta_CV",-1,"G",1,3,8,0.1,1,0,50,100,5,1580235529,1,1,25,1,25,"50-100","0.36, 0.01, 0.0","0.97, 0.59, 0.21"
796,"faces_ex796.inp","Log-uniform",4,"mean_nsamp",-1,"sigma",1,"theta_true",0,"theta_CV",0,"G",-1,3,2,0.1,1,0.2,50,100,5,1580235529,1,1,25,1,25,"50-100","0.36, 0.01, 0.0","0.97, 0.59, 0.21"
797,"faces_ex797.inp","Log-uniform",4,"mean_nsamp",-1,"sigma",1,"theta_true",0,"theta_CV",0,"G",0,3,4,0.1,1,0.2,50,100,5,1580235529,1,1,25,1,25,"50-100","0.36, 0.01, 0.0","0.97, 0.59, 0.21"
798,"faces_ex798.inp","Log-uniform",4,"mean_nsamp",-1,"sigma",1,"theta_true",0,"theta_CV",0,"G",1,3,8,0.1,1,0.2,50,100,5,1580235529,1,1,25,1,25,"50-100","0.36, 0.01, 0.0","0.97, 0.59, 0.21"
799,"faces_ex799.inp","Log-uniform",4,"mean_nsamp",-1,"sigma",1,"theta_true",0,"theta_CV",1,"G",-1,3,2,0.1,1,0.6,50,100,5,1580235529,1,1,25,1,25,"50-100","0.36, 0.01, 0.0","0.97, 0.59, 0.21"
800,"faces_ex800.inp","Log-uniform",4,"mean_nsamp",-1,"sigma",1,"theta_true",0,"theta_CV",1,"G",0,3,4,0.1,1,0.6,50,100,5,1580235529,1,1,25,1,25,"50-100","0.36, 0.01, 0.0","0.97, 0.59, 0.21"
801,"faces_ex801.inp","Log-uniform",4,"mean_nsamp",-1,"sigma",1,"theta_true",0,"theta_CV",1,"G",1,3,8,0.1,1,0.6,50,100,5,1580235529,1,1,25,1,25,"50-100","0.36, 0.01, 0.0","0.97, 0.59, 0.21"
802,"faces_ex802.inp","Log-uniform",4,"mean_nsamp",-1,"sigma",1,"theta_true",1,"theta_CV",-1,"G",-1,3,2,0.1,2,0,50,100,5,1580235529,1,1,25,1,25,"50-100","0.36, 0.01, 0.0","0.97, 0.59, 0.21"
803,"faces_ex803.inp","Log-uniform",4,"mean_nsamp",-1,"sigma",1,"theta_true",1,"theta_CV",-1,"G",0,3,4,0.1,2,0,50,100,5,1580235529,1,1,25,1,25,"50-100","0.36, 0.01, 0.0","0.97, 0.59, 0.21"
804,"faces_ex804.inp","Log-uniform",4,"mean_nsamp",-1,"sigma",1,"theta_true",1,"theta_CV",-1,"G",1,3,8,0.1,2,0,50,100,5,1580235529,1,1,25,1,25,"50-100","0.36, 0.01, 0.0","0.97, 0.59, 0.21"
805,"faces_ex805.inp","Log-uniform",4,"mean_nsamp",-1,"sigma",1,"theta_true",1,"theta_CV",0,"G",-1,3,2,0.1,2,0.2,50,100,5,1580235529,1,1,25,1,25,"50-100","0.36, 0.01, 0.0","0.97, 0.59, 0.21"
806,"faces_ex806.inp","Log-uniform",4,"mean_nsamp",-1,"sigma",1,"theta_true",1,"theta_CV",0,"G",0,3,4,0.1,2,0.2,50,100,5,1580235529,1,1,25,1,25,"50-100","0.36, 0.01, 0.0","0.97, 0.59, 0.21"
807,"faces_ex807.inp","Log-uniform",4,"mean_nsamp",-1,"sigma",1,"theta_true",1,"theta_CV",0,"G",1,3,8,0.1,2,0.2,50,100,5,1580235529,1,1,25,1,25,"50-100","0.36, 0.01, 0.0","0.97, 0.59, 0.21"
808,"faces_ex808.inp","Log-uniform",4,"mean_nsamp",-1,"sigma",1,"theta_true",1,"theta_CV",1,"G",-1,3,2,0.1,2,0.6,50,100,5,1580235529,1,1,25,1,25,"50-100","0.36, 0.01, 0.0","0.97, 0.59, 0.21"
809,"faces_ex809.inp","Log-uniform",4,"mean_nsamp",-1,"sigma",1,"theta_true",1,"theta_CV",1,"G",0,3,4,0.1,2,0.6,50,100,5,1580235529,1,1,25,1,25,"50-100","0.36, 0.01, 0.0","0.97, 0.59, 0.21"
810,"faces_ex810.inp","Log-uniform",4,"mean_nsamp",-1,"sigma",1,"theta_true",1,"theta_CV",1,"G",1,3,8,0.1,2,0.6,50,100,5,1580235529,1,1,25,1,25,"50-100","0.36, 0.01, 0.0","0.97, 0.59, 0.21"
811,"faces_ex811.inp","Log-uniform",4,"mean_nsamp",0,"sigma",-1,"theta_true",-1,"theta_CV",-1,"G",-1,3,2,0.1,0.5,0,50,100,5,1580235529,1,0.25,50,1,25,"50-100","0.36, 0.01, 0.0","0.97, 0.59, 0.21"
812,"faces_ex812.inp","Log-uniform",4,"mean_nsamp",0,"sigma",-1,"theta_true",-1,"theta_CV",-1,"G",0,3,4,0.1,0.5,0,50,100,5,1580235529,1,0.25,50,1,25,"50-100","0.36, 0.01, 0.0","0.97, 0.59, 0.21"
813,"faces_ex813.inp","Log-uniform",4,"mean_nsamp",0,"sigma",-1,"theta_true",-1,"theta_CV",-1,"G",1,3,8,0.1,0.5,0,50,100,5,1580235529,1,0.25,50,1,25,"50-100","0.36, 0.01, 0.0","0.97, 0.59, 0.21"
814,"faces_ex814.inp","Log-uniform",4,"mean_nsamp",0,"sigma",-1,"theta_true",-1,"theta_CV",0,"G",-1,3,2,0.1,0.5,0.2,50,100,5,1580235529,1,0.25,50,1,25,"50-100","0.36, 0.01, 0.0","0.97, 0.59, 0.21"
815,"faces_ex815.inp","Log-uniform",4,"mean_nsamp",0,"sigma",-1,"theta_true",-1,"theta_CV",0,"G",0,3,4,0.1,0.5,0.2,50,100,5,1580235529,1,0.25,50,1,25,"50-100","0.36, 0.01, 0.0","0.97, 0.59, 0.21"
816,"faces_ex816.inp","Log-uniform",4,"mean_nsamp",0,"sigma",-1,"theta_true",-1,"theta_CV",0,"G",1,3,8,0.1,0.5,0.2,50,100,5,1580235529,1,0.25,50,1,25,"50-100","0.36, 0.01, 0.0","0.97, 0.59, 0.21"
817,"faces_ex817.inp","Log-uniform",4,"mean_nsamp",0,"sigma",-1,"theta_true",-1,"theta_CV",1,"G",-1,3,2,0.1,0.5,0.6,50,100,5,1580235529,1,0.25,50,1,25,"50-100","0.36, 0.01, 0.0","0.97, 0.59, 0.21"
818,"faces_ex818.inp","Log-uniform",4,"mean_nsamp",0,"sigma",-1,"theta_true",-1,"theta_CV",1,"G",0,3,4,0.1,0.5,0.6,50,100,5,1580235529,1,0.25,50,1,25,"50-100","0.36, 0.01, 0.0","0.97, 0.59, 0.21"
819,"faces_ex819.inp","Log-uniform",4,"mean_nsamp",0,"sigma",-1,"theta_true",-1,"theta_CV",1,"G",1,3,8,0.1,0.5,0.6,50,100,5,1580235529,1,0.25,50,1,25,"50-100","0.36, 0.01, 0.0","0.97, 0.59, 0.21"
820,"faces_ex820.inp","Log-uniform",4,"mean_nsamp",0,"sigma",-1,"theta_true",0,"theta_CV",-1,"G",-1,3,2,0.1,1,0,50,100,5,1580235529,1,0.25,50,1,25,"50-100","0.36, 0.01, 0.0","0.97, 0.59, 0.21"
821,"faces_ex821.inp","Log-uniform",4,"mean_nsamp",0,"sigma",-1,"theta_true",0,"theta_CV",-1,"G",0,3,4,0.1,1,0,50,100,5,1580235529,1,0.25,50,1,25,"50-100","0.36, 0.01, 0.0","0.97, 0.59, 0.21"
822,"faces_ex822.inp","Log-uniform",4,"mean_nsamp",0,"sigma",-1,"theta_true",0,"theta_CV",-1,"G",1,3,8,0.1,1,0,50,100,5,1580235529,1,0.25,50,1,25,"50-100","0.36, 0.01, 0.0","0.97, 0.59, 0.21"
823,"faces_ex823.inp","Log-uniform",4,"mean_nsamp",0,"sigma",-1,"theta_true",0,"theta_CV",0,"G",-1,3,2,0.1,1,0.2,50,100,5,1580235529,1,0.25,50,1,25,"50-100","0.36, 0.01, 0.0","0.97, 0.59, 0.21"
824,"faces_ex824.inp","Log-uniform",4,"mean_nsamp",0,"sigma",-1,"theta_true",0,"theta_CV",0,"G",0,3,4,0.1,1,0.2,50,100,5,1580235529,1,0.25,50,1,25,"50-100","0.36, 0.01, 0.0","0.97, 0.59, 0.21"
825,"faces_ex825.inp","Log-uniform",4,"mean_nsamp",0,"sigma",-1,"theta_true",0,"theta_CV",0,"G",1,3,8,0.1,1,0.2,50,100,5,1580235529,1,0.25,50,1,25,"50-100","0.36, 0.01, 0.0","0.97, 0.59, 0.21"
826,"faces_ex826.inp","Log-uniform",4,"mean_nsamp",0,"sigma",-1,"theta_true",0,"theta_CV",1,"G",-1,3,2,0.1,1,0.6,50,100,5,1580235529,1,0.25,50,1,25,"50-100","0.36, 0.01, 0.0","0.97, 0.59, 0.21"
827,"faces_ex827.inp","Log-uniform",4,"mean_nsamp",0,"sigma",-1,"theta_true",0,"theta_CV",1,"G",0,3,4,0.1,1,0.6,50,100,5,1580235529,1,0.25,50,1,25,"50-100","0.36, 0.01, 0.0","0.97, 0.59, 0.21"
828,"faces_ex828.inp","Log-uniform",4,"mean_nsamp",0,"sigma",-1,"theta_true",0,"theta_CV",1,"G",1,3,8,0.1,1,0.6,50,100,5,1580235529,1,0.25,50,1,25,"50-100","0.36, 0.01, 0.0","0.97, 0.59, 0.21"
829,"faces_ex829.inp","Log-uniform",4,"mean_nsamp",0,"sigma",-1,"theta_true",1,"theta_CV",-1,"G",-1,3,2,0.1,2,0,50,100,5,1580235529,1,0.25,50,1,25,"50-100","0.36, 0.01, 0.0","0.97, 0.59, 0.21"
830,"faces_ex830.inp","Log-uniform",4,"mean_nsamp",0,"sigma",-1,"theta_true",1,"theta_CV",-1,"G",0,3,4,0.1,2,0,50,100,5,1580235529,1,0.25,50,1,25,"50-100","0.36, 0.01, 0.0","0.97, 0.59, 0.21"
831,"faces_ex831.inp","Log-uniform",4,"mean_nsamp",0,"sigma",-1,"theta_true",1,"theta_CV",-1,"G",1,3,8,0.1,2,0,50,100,5,1580235529,1,0.25,50,1,25,"50-100","0.36, 0.01, 0.0","0.97, 0.59, 0.21"
832,"faces_ex832.inp","Log-uniform",4,"mean_nsamp",0,"sigma",-1,"theta_true",1,"theta_CV",0,"G",-1,3,2,0.1,2,0.2,50,100,5,1580235529,1,0.25,50,1,25,"50-100","0.36, 0.01, 0.0","0.97, 0.59, 0.21"
833,"faces_ex833.inp","Log-uniform",4,"mean_nsamp",0,"sigma",-1,"theta_true",1,"theta_CV",0,"G",0,3,4,0.1,2,0.2,50,100,5,1580235529,1,0.25,50,1,25,"50-100","0.36, 0.01, 0.0","0.97, 0.59, 0.21"
834,"faces_ex834.inp","Log-uniform",4,"mean_nsamp",0,"sigma",-1,"theta_true",1,"theta_CV",0,"G",1,3,8,0.1,2,0.2,50,100,5,1580235529,1,0.25,50,1,25,"50-100","0.36, 0.01, 0.0","0.97, 0.59, 0.21"
835,"faces_ex835.inp","Log-uniform",4,"mean_nsamp",0,"sigma",-1,"theta_true",1,"theta_CV",1,"G",-1,3,2,0.1,2,0.6,50,100,5,1580235529,1,0.25,50,1,25,"50-100","0.36, 0.01, 0.0","0.97, 0.59, 0.21"
836,"faces_ex836.inp","Log-uniform",4,"mean_nsamp",0,"sigma",-1,"theta_true",1,"theta_CV",1,"G",0,3,4,0.1,2,0.6,50,100,5,1580235529,1,0.25,50,1,25,"50-100","0.36, 0.01, 0.0","0.97, 0.59, 0.21"
837,"faces_ex837.inp","Log-uniform",4,"mean_nsamp",0,"sigma",-1,"theta_true",1,"theta_CV",1,"G",1,3,8,0.1,2,0.6,50,100,5,1580235529,1,0.25,50,1,25,"50-100","0.36, 0.01, 0.0","0.97, 0.59, 0.21"
838,"faces_ex838.inp","Log-uniform",4,"mean_nsamp",0,"sigma",0,"theta_true",-1,"theta_CV",-1,"G",-1,3,2,0.1,0.5,0,50,100,5,1580235529,1,0.5,50,1,25,"50-100","0.36, 0.01, 0.0","0.97, 0.59, 0.21"
839,"faces_ex839.inp","Log-uniform",4,"mean_nsamp",0,"sigma",0,"theta_true",-1,"theta_CV",-1,"G",0,3,4,0.1,0.5,0,50,100,5,1580235529,1,0.5,50,1,25,"50-100","0.36, 0.01, 0.0","0.97, 0.59, 0.21"
840,"faces_ex840.inp","Log-uniform",4,"mean_nsamp",0,"sigma",0,"theta_true",-1,"theta_CV",-1,"G",1,3,8,0.1,0.5,0,50,100,5,1580235529,1,0.5,50,1,25,"50-100","0.36, 0.01, 0.0","0.97, 0.59, 0.21"
841,"faces_ex841.inp","Log-uniform",4,"mean_nsamp",0,"sigma",0,"theta_true",-1,"theta_CV",0,"G",-1,3,2,0.1,0.5,0.2,50,100,5,1580235529,1,0.5,50,1,25,"50-100","0.36, 0.01, 0.0","0.97, 0.59, 0.21"
842,"faces_ex842.inp","Log-uniform",4,"mean_nsamp",0,"sigma",0,"theta_true",-1,"theta_CV",0,"G",0,3,4,0.1,0.5,0.2,50,100,5,1580235529,1,0.5,50,1,25,"50-100","0.36, 0.01, 0.0","0.97, 0.59, 0.21"
843,"faces_ex843.inp","Log-uniform",4,"mean_nsamp",0,"sigma",0,"theta_true",-1,"theta_CV",0,"G",1,3,8,0.1,0.5,0.2,50,100,5,1580235529,1,0.5,50,1,25,"50-100","0.36, 0.01, 0.0","0.97, 0.59, 0.21"
844,"faces_ex844.inp","Log-uniform",4,"mean_nsamp",0,"sigma",0,"theta_true",-1,"theta_CV",1,"G",-1,3,2,0.1,0.5,0.6,50,100,5,1580235529,1,0.5,50,1,25,"50-100","0.36, 0.01, 0.0","0.97, 0.59, 0.21"
845,"faces_ex845.inp","Log-uniform",4,"mean_nsamp",0,"sigma",0,"theta_true",-1,"theta_CV",1,"G",0,3,4,0.1,0.5,0.6,50,100,5,1580235529,1,0.5,50,1,25,"50-100","0.36, 0.01, 0.0","0.97, 0.59, 0.21"
846,"faces_ex846.inp","Log-uniform",4,"mean_nsamp",0,"sigma",0,"theta_true",-1,"theta_CV",1,"G",1,3,8,0.1,0.5,0.6,50,100,5,1580235529,1,0.5,50,1,25,"50-100","0.36, 0.01, 0.0","0.97, 0.59, 0.21"
847,"faces_ex847.inp","Log-uniform",4,"mean_nsamp",0,"sigma",0,"theta_true",0,"theta_CV",-1,"G",-1,3,2,0.1,1,0,50,100,5,1580235529,1,0.5,50,1,25,"50-100","0.36, 0.01, 0.0","0.97, 0.59, 0.21"
848,"faces_ex848.inp","Log-uniform",4,"mean_nsamp",0,"sigma",0,"theta_true",0,"theta_CV",-1,"G",0,3,4,0.1,1,0,50,100,5,1580235529,1,0.5,50,1,25,"50-100","0.36, 0.01, 0.0","0.97, 0.59, 0.21"
849,"faces_ex849.inp","Log-uniform",4,"mean_nsamp",0,"sigma",0,"theta_true",0,"theta_CV",-1,"G",1,3,8,0.1,1,0,50,100,5,1580235529,1,0.5,50,1,25,"50-100","0.36, 0.01, 0.0","0.97, 0.59, 0.21"
850,"faces_ex850.inp","Log-uniform",4,"mean_nsamp",0,"sigma",0,"theta_true",0,"theta_CV",0,"G",-1,3,2,0.1,1,0.2,50,100,5,1580235529,1,0.5,50,1,25,"50-100","0.36, 0.01, 0.0","0.97, 0.59, 0.21"
851,"faces_ex851.inp","Log-uniform",4,"mean_nsamp",0,"sigma",0,"theta_true",0,"theta_CV",0,"G",0,3,4,0.1,1,0.2,50,100,5,1580235529,1,0.5,50,1,25,"50-100","0.36, 0.01, 0.0","0.97, 0.59, 0.21"
852,"faces_ex852.inp","Log-uniform",4,"mean_nsamp",0,"sigma",0,"theta_true",0,"theta_CV",0,"G",1,3,8,0.1,1,0.2,50,100,5,1580235529,1,0.5,50,1,25,"50-100","0.36, 0.01, 0.0","0.97, 0.59, 0.21"
853,"faces_ex853.inp","Log-uniform",4,"mean_nsamp",0,"sigma",0,"theta_true",0,"theta_CV",1,"G",-1,3,2,0.1,1,0.6,50,100,5,1580235529,1,0.5,50,1,25,"50-100","0.36, 0.01, 0.0","0.97, 0.59, 0.21"
854,"faces_ex854.inp","Log-uniform",4,"mean_nsamp",0,"sigma",0,"theta_true",0,"theta_CV",1,"G",0,3,4,0.1,1,0.6,50,100,5,1580235529,1,0.5,50,1,25,"50-100","0.36, 0.01, 0.0","0.97, 0.59, 0.21"
855,"faces_ex855.inp","Log-uniform",4,"mean_nsamp",0,"sigma",0,"theta_true",0,"theta_CV",1,"G",1,3,8,0.1,1,0.6,50,100,5,1580235529,1,0.5,50,1,25,"50-100","0.36, 0.01, 0.0","0.97, 0.59, 0.21"
856,"faces_ex856.inp","Log-uniform",4,"mean_nsamp",0,"sigma",0,"theta_true",1,"theta_CV",-1,"G",-1,3,2,0.1,2,0,50,100,5,1580235529,1,0.5,50,1,25,"50-100","0.36, 0.01, 0.0","0.97, 0.59, 0.21"
857,"faces_ex857.inp","Log-uniform",4,"mean_nsamp",0,"sigma",0,"theta_true",1,"theta_CV",-1,"G",0,3,4,0.1,2,0,50,100,5,1580235529,1,0.5,50,1,25,"50-100","0.36, 0.01, 0.0","0.97, 0.59, 0.21"
858,"faces_ex858.inp","Log-uniform",4,"mean_nsamp",0,"sigma",0,"theta_true",1,"theta_CV",-1,"G",1,3,8,0.1,2,0,50,100,5,1580235529,1,0.5,50,1,25,"50-100","0.36, 0.01, 0.0","0.97, 0.59, 0.21"
859,"faces_ex859.inp","Log-uniform",4,"mean_nsamp",0,"sigma",0,"theta_true",1,"theta_CV",0,"G",-1,3,2,0.1,2,0.2,50,100,5,1580235529,1,0.5,50,1,25,"50-100","0.36, 0.01, 0.0","0.97, 0.59, 0.21"
860,"faces_ex860.inp","Log-uniform",4,"mean_nsamp",0,"sigma",0,"theta_true",1,"theta_CV",0,"G",0,3,4,0.1,2,0.2,50,100,5,1580235529,1,0.5,50,1,25,"50-100","0.36, 0.01, 0.0","0.97, 0.59, 0.21"
861,"faces_ex861.inp","Log-uniform",4,"mean_nsamp",0,"sigma",0,"theta_true",1,"theta_CV",0,"G",1,3,8,0.1,2,0.2,50,100,5,1580235529,1,0.5,50,1,25,"50-100","0.36, 0.01, 0.0","0.97, 0.59, 0.21"
862,"faces_ex862.inp","Log-uniform",4,"mean_nsamp",0,"sigma",0,"theta_true",1,"theta_CV",1,"G",-1,3,2,0.1,2,0.6,50,100,5,1580235529,1,0.5,50,1,25,"50-100","0.36, 0.01, 0.0","0.97, 0.59, 0.21"
863,"faces_ex863.inp","Log-uniform",4,"mean_nsamp",0,"sigma",0,"theta_true",1,"theta_CV",1,"G",0,3,4,0.1,2,0.6,50,100,5,1580235529,1,0.5,50,1,25,"50-100","0.36, 0.01, 0.0","0.97, 0.59, 0.21"
864,"faces_ex864.inp","Log-uniform",4,"mean_nsamp",0,"sigma",0,"theta_true",1,"theta_CV",1,"G",1,3,8,0.1,2,0.6,50,100,5,1580235529,1,0.5,50,1,25,"50-100","0.36, 0.01, 0.0","0.97, 0.59, 0.21"
865,"faces_ex865.inp","Log-uniform",4,"mean_nsamp",0,"sigma",1,"theta_true",-1,"theta_CV",-1,"G",-1,3,2,0.1,0.5,0,50,100,5,1580235529,1,1,50,1,25,"50-100","0.36, 0.01, 0.0","0.97, 0.59, 0.21"
866,"faces_ex866.inp","Log-uniform",4,"mean_nsamp",0,"sigma",1,"theta_true",-1,"theta_CV",-1,"G",0,3,4,0.1,0.5,0,50,100,5,1580235529,1,1,50,1,25,"50-100","0.36, 0.01, 0.0","0.97, 0.59, 0.21"
867,"faces_ex867.inp","Log-uniform",4,"mean_nsamp",0,"sigma",1,"theta_true",-1,"theta_CV",-1,"G",1,3,8,0.1,0.5,0,50,100,5,1580235529,1,1,50,1,25,"50-100","0.36, 0.01, 0.0","0.97, 0.59, 0.21"
868,"faces_ex868.inp","Log-uniform",4,"mean_nsamp",0,"sigma",1,"theta_true",-1,"theta_CV",0,"G",-1,3,2,0.1,0.5,0.2,50,100,5,1580235529,1,1,50,1,25,"50-100","0.36, 0.01, 0.0","0.97, 0.59, 0.21"
869,"faces_ex869.inp","Log-uniform",4,"mean_nsamp",0,"sigma",1,"theta_true",-1,"theta_CV",0,"G",0,3,4,0.1,0.5,0.2,50,100,5,1580235529,1,1,50,1,25,"50-100","0.36, 0.01, 0.0","0.97, 0.59, 0.21"
870,"faces_ex870.inp","Log-uniform",4,"mean_nsamp",0,"sigma",1,"theta_true",-1,"theta_CV",0,"G",1,3,8,0.1,0.5,0.2,50,100,5,1580235529,1,1,50,1,25,"50-100","0.36, 0.01, 0.0","0.97, 0.59, 0.21"
871,"faces_ex871.inp","Log-uniform",4,"mean_nsamp",0,"sigma",1,"theta_true",-1,"theta_CV",1,"G",-1,3,2,0.1,0.5,0.6,50,100,5,1580235529,1,1,50,1,25,"50-100","0.36, 0.01, 0.0","0.97, 0.59, 0.21"
872,"faces_ex872.inp","Log-uniform",4,"mean_nsamp",0,"sigma",1,"theta_true",-1,"theta_CV",1,"G",0,3,4,0.1,0.5,0.6,50,100,5,1580235529,1,1,50,1,25,"50-100","0.36, 0.01, 0.0","0.97, 0.59, 0.21"
873,"faces_ex873.inp","Log-uniform",4,"mean_nsamp",0,"sigma",1,"theta_true",-1,"theta_CV",1,"G",1,3,8,0.1,0.5,0.6,50,100,5,1580235529,1,1,50,1,25,"50-100","0.36, 0.01, 0.0","0.97, 0.59, 0.21"
874,"faces_ex874.inp","Log-uniform",4,"mean_nsamp",0,"sigma",1,"theta_true",0,"theta_CV",-1,"G",-1,3,2,0.1,1,0,50,100,5,1580235529,1,1,50,1,25,"50-100","0.36, 0.01, 0.0","0.97, 0.59, 0.21"
875,"faces_ex875.inp","Log-uniform",4,"mean_nsamp",0,"sigma",1,"theta_true",0,"theta_CV",-1,"G",0,3,4,0.1,1,0,50,100,5,1580235529,1,1,50,1,25,"50-100","0.36, 0.01, 0.0","0.97, 0.59, 0.21"
876,"faces_ex876.inp","Log-uniform",4,"mean_nsamp",0,"sigma",1,"theta_true",0,"theta_CV",-1,"G",1,3,8,0.1,1,0,50,100,5,1580235529,1,1,50,1,25,"50-100","0.36, 0.01, 0.0","0.97, 0.59, 0.21"
877,"faces_ex877.inp","Log-uniform",4,"mean_nsamp",0,"sigma",1,"theta_true",0,"theta_CV",0,"G",-1,3,2,0.1,1,0.2,50,100,5,1580235529,1,1,50,1,25,"50-100","0.36, 0.01, 0.0","0.97, 0.59, 0.21"
878,"faces_ex878.inp","Log-uniform",4,"mean_nsamp",0,"sigma",1,"theta_true",0,"theta_CV",0,"G",0,3,4,0.1,1,0.2,50,100,5,1580235529,1,1,50,1,25,"50-100","0.36, 0.01, 0.0","0.97, 0.59, 0.21"
879,"faces_ex879.inp","Log-uniform",4,"mean_nsamp",0,"sigma",1,"theta_true",0,"theta_CV",0,"G",1,3,8,0.1,1,0.2,50,100,5,1580235529,1,1,50,1,25,"50-100","0.36, 0.01, 0.0","0.97, 0.59, 0.21"
880,"faces_ex880.inp","Log-uniform",4,"mean_nsamp",0,"sigma",1,"theta_true",0,"theta_CV",1,"G",-1,3,2,0.1,1,0.6,50,100,5,1580235529,1,1,50,1,25,"50-100","0.36, 0.01, 0.0","0.97, 0.59, 0.21"
881,"faces_ex881.inp","Log-uniform",4,"mean_nsamp",0,"sigma",1,"theta_true",0,"theta_CV",1,"G",0,3,4,0.1,1,0.6,50,100,5,1580235529,1,1,50,1,25,"50-100","0.36, 0.01, 0.0","0.97, 0.59, 0.21"
882,"faces_ex882.inp","Log-uniform",4,"mean_nsamp",0,"sigma",1,"theta_true",0,"theta_CV",1,"G",1,3,8,0.1,1,0.6,50,100,5,1580235529,1,1,50,1,25,"50-100","0.36, 0.01, 0.0","0.97, 0.59, 0.21"
883,"faces_ex883.inp","Log-uniform",4,"mean_nsamp",0,"sigma",1,"theta_true",1,"theta_CV",-1,"G",-1,3,2,0.1,2,0,50,100,5,1580235529,1,1,50,1,25,"50-100","0.36, 0.01, 0.0","0.97, 0.59, 0.21"
884,"faces_ex884.inp","Log-uniform",4,"mean_nsamp",0,"sigma",1,"theta_true",1,"theta_CV",-1,"G",0,3,4,0.1,2,0,50,100,5,1580235529,1,1,50,1,25,"50-100","0.36, 0.01, 0.0","0.97, 0.59, 0.21"
885,"faces_ex885.inp","Log-uniform",4,"mean_nsamp",0,"sigma",1,"theta_true",1,"theta_CV",-1,"G",1,3,8,0.1,2,0,50,100,5,1580235529,1,1,50,1,25,"50-100","0.36, 0.01, 0.0","0.97, 0.59, 0.21"
886,"faces_ex886.inp","Log-uniform",4,"mean_nsamp",0,"sigma",1,"theta_true",1,"theta_CV",0,"G",-1,3,2,0.1,2,0.2,50,100,5,1580235529,1,1,50,1,25,"50-100","0.36, 0.01, 0.0","0.97, 0.59, 0.21"
887,"faces_ex887.inp","Log-uniform",4,"mean_nsamp",0,"sigma",1,"theta_true",1,"theta_CV",0,"G",0,3,4,0.1,2,0.2,50,100,5,1580235529,1,1,50,1,25,"50-100","0.36, 0.01, 0.0","0.97, 0.59, 0.21"
888,"faces_ex888.inp","Log-uniform",4,"mean_nsamp",0,"sigma",1,"theta_true",1,"theta_CV",0,"G",1,3,8,0.1,2,0.2,50,100,5,1580235529,1,1,50,1,25,"50-100","0.36, 0.01, 0.0","0.97, 0.59, 0.21"
889,"faces_ex889.inp","Log-uniform",4,"mean_nsamp",0,"sigma",1,"theta_true",1,"theta_CV",1,"G",-1,3,2,0.1,2,0.6,50,100,5,1580235529,1,1,50,1,25,"50-100","0.36, 0.01, 0.0","0.97, 0.59, 0.21"
890,"faces_ex890.inp","Log-uniform",4,"mean_nsamp",0,"sigma",1,"theta_true",1,"theta_CV",1,"G",0,3,4,0.1,2,0.6,50,100,5,1580235529,1,1,50,1,25,"50-100","0.36, 0.01, 0.0","0.97, 0.59, 0.21"
891,"faces_ex891.inp","Log-uniform",4,"mean_nsamp",0,"sigma",1,"theta_true",1,"theta_CV",1,"G",1,3,8,0.1,2,0.6,50,100,5,1580235529,1,1,50,1,25,"50-100","0.36, 0.01, 0.0","0.97, 0.59, 0.21"
892,"faces_ex892.inp","Log-uniform",4,"mean_nsamp",1,"sigma",-1,"theta_true",-1,"theta_CV",-1,"G",-1,3,2,0.1,0.5,0,50,100,5,1580235529,1,0.25,100,1,25,"50-100","0.36, 0.01, 0.0","0.97, 0.59, 0.21"
893,"faces_ex893.inp","Log-uniform",4,"mean_nsamp",1,"sigma",-1,"theta_true",-1,"theta_CV",-1,"G",0,3,4,0.1,0.5,0,50,100,5,1580235529,1,0.25,100,1,25,"50-100","0.36, 0.01, 0.0","0.97, 0.59, 0.21"
894,"faces_ex894.inp","Log-uniform",4,"mean_nsamp",1,"sigma",-1,"theta_true",-1,"theta_CV",-1,"G",1,3,8,0.1,0.5,0,50,100,5,1580235529,1,0.25,100,1,25,"50-100","0.36, 0.01, 0.0","0.97, 0.59, 0.21"
895,"faces_ex895.inp","Log-uniform",4,"mean_nsamp",1,"sigma",-1,"theta_true",-1,"theta_CV",0,"G",-1,3,2,0.1,0.5,0.2,50,100,5,1580235529,1,0.25,100,1,25,"50-100","0.36, 0.01, 0.0","0.97, 0.59, 0.21"
896,"faces_ex896.inp","Log-uniform",4,"mean_nsamp",1,"sigma",-1,"theta_true",-1,"theta_CV",0,"G",0,3,4,0.1,0.5,0.2,50,100,5,1580235529,1,0.25,100,1,25,"50-100","0.36, 0.01, 0.0","0.97, 0.59, 0.21"
897,"faces_ex897.inp","Log-uniform",4,"mean_nsamp",1,"sigma",-1,"theta_true",-1,"theta_CV",0,"G",1,3,8,0.1,0.5,0.2,50,100,5,1580235529,1,0.25,100,1,25,"50-100","0.36, 0.01, 0.0","0.97, 0.59, 0.21"
898,"faces_ex898.inp","Log-uniform",4,"mean_nsamp",1,"sigma",-1,"theta_true",-1,"theta_CV",1,"G",-1,3,2,0.1,0.5,0.6,50,100,5,1580235529,1,0.25,100,1,25,"50-100","0.36, 0.01, 0.0","0.97, 0.59, 0.21"
899,"faces_ex899.inp","Log-uniform",4,"mean_nsamp",1,"sigma",-1,"theta_true",-1,"theta_CV",1,"G",0,3,4,0.1,0.5,0.6,50,100,5,1580235529,1,0.25,100,1,25,"50-100","0.36, 0.01, 0.0","0.97, 0.59, 0.21"
900,"faces_ex900.inp","Log-uniform",4,"mean_nsamp",1,"sigma",-1,"theta_true",-1,"theta_CV",1,"G",1,3,8,0.1,0.5,0.6,50,100,5,1580235529,1,0.25,100,1,25,"50-100","0.36, 0.01, 0.0","0.97, 0.59, 0.21"
901,"faces_ex901.inp","Log-uniform",4,"mean_nsamp",1,"sigma",-1,"theta_true",0,"theta_CV",-1,"G",-1,3,2,0.1,1,0,50,100,5,1580235529,1,0.25,100,1,25,"50-100","0.36, 0.01, 0.0","0.97, 0.59, 0.21"
902,"faces_ex902.inp","Log-uniform",4,"mean_nsamp",1,"sigma",-1,"theta_true",0,"theta_CV",-1,"G",0,3,4,0.1,1,0,50,100,5,1580235529,1,0.25,100,1,25,"50-100","0.36, 0.01, 0.0","0.97, 0.59, 0.21"
903,"faces_ex903.inp","Log-uniform",4,"mean_nsamp",1,"sigma",-1,"theta_true",0,"theta_CV",-1,"G",1,3,8,0.1,1,0,50,100,5,1580235529,1,0.25,100,1,25,"50-100","0.36, 0.01, 0.0","0.97, 0.59, 0.21"
904,"faces_ex904.inp","Log-uniform",4,"mean_nsamp",1,"sigma",-1,"theta_true",0,"theta_CV",0,"G",-1,3,2,0.1,1,0.2,50,100,5,1580235529,1,0.25,100,1,25,"50-100","0.36, 0.01, 0.0","0.97, 0.59, 0.21"
905,"faces_ex905.inp","Log-uniform",4,"mean_nsamp",1,"sigma",-1,"theta_true",0,"theta_CV",0,"G",0,3,4,0.1,1,0.2,50,100,5,1580235529,1,0.25,100,1,25,"50-100","0.36, 0.01, 0.0","0.97, 0.59, 0.21"
906,"faces_ex906.inp","Log-uniform",4,"mean_nsamp",1,"sigma",-1,"theta_true",0,"theta_CV",0,"G",1,3,8,0.1,1,0.2,50,100,5,1580235529,1,0.25,100,1,25,"50-100","0.36, 0.01, 0.0","0.97, 0.59, 0.21"
907,"faces_ex907.inp","Log-uniform",4,"mean_nsamp",1,"sigma",-1,"theta_true",0,"theta_CV",1,"G",-1,3,2,0.1,1,0.6,50,100,5,1580235529,1,0.25,100,1,25,"50-100","0.36, 0.01, 0.0","0.97, 0.59, 0.21"
908,"faces_ex908.inp","Log-uniform",4,"mean_nsamp",1,"sigma",-1,"theta_true",0,"theta_CV",1,"G",0,3,4,0.1,1,0.6,50,100,5,1580235529,1,0.25,100,1,25,"50-100","0.36, 0.01, 0.0","0.97, 0.59, 0.21"
909,"faces_ex909.inp","Log-uniform",4,"mean_nsamp",1,"sigma",-1,"theta_true",0,"theta_CV",1,"G",1,3,8,0.1,1,0.6,50,100,5,1580235529,1,0.25,100,1,25,"50-100","0.36, 0.01, 0.0","0.97, 0.59, 0.21"
910,"faces_ex910.inp","Log-uniform",4,"mean_nsamp",1,"sigma",-1,"theta_true",1,"theta_CV",-1,"G",-1,3,2,0.1,2,0,50,100,5,1580235529,1,0.25,100,1,25,"50-100","0.36, 0.01, 0.0","0.97, 0.59, 0.21"
911,"faces_ex911.inp","Log-uniform",4,"mean_nsamp",1,"sigma",-1,"theta_true",1,"theta_CV",-1,"G",0,3,4,0.1,2,0,50,100,5,1580235529,1,0.25,100,1,25,"50-100","0.36, 0.01, 0.0","0.97, 0.59, 0.21"
912,"faces_ex912.inp","Log-uniform",4,"mean_nsamp",1,"sigma",-1,"theta_true",1,"theta_CV",-1,"G",1,3,8,0.1,2,0,50,100,5,1580235529,1,0.25,100,1,25,"50-100","0.36, 0.01, 0.0","0.97, 0.59, 0.21"
913,"faces_ex913.inp","Log-uniform",4,"mean_nsamp",1,"sigma",-1,"theta_true",1,"theta_CV",0,"G",-1,3,2,0.1,2,0.2,50,100,5,1580235529,1,0.25,100,1,25,"50-100","0.36, 0.01, 0.0","0.97, 0.59, 0.21"
914,"faces_ex914.inp","Log-uniform",4,"mean_nsamp",1,"sigma",-1,"theta_true",1,"theta_CV",0,"G",0,3,4,0.1,2,0.2,50,100,5,1580235529,1,0.25,100,1,25,"50-100","0.36, 0.01, 0.0","0.97, 0.59, 0.21"
915,"faces_ex915.inp","Log-uniform",4,"mean_nsamp",1,"sigma",-1,"theta_true",1,"theta_CV",0,"G",1,3,8,0.1,2,0.2,50,100,5,1580235529,1,0.25,100,1,25,"50-100","0.36, 0.01, 0.0","0.97, 0.59, 0.21"
916,"faces_ex916.inp","Log-uniform",4,"mean_nsamp",1,"sigma",-1,"theta_true",1,"theta_CV",1,"G",-1,3,2,0.1,2,0.6,50,100,5,1580235529,1,0.25,100,1,25,"50-100","0.36, 0.01, 0.0","0.97, 0.59, 0.21"
917,"faces_ex917.inp","Log-uniform",4,"mean_nsamp",1,"sigma",-1,"theta_true",1,"theta_CV",1,"G",0,3,4,0.1,2,0.6,50,100,5,1580235529,1,0.25,100,1,25,"50-100","0.36, 0.01, 0.0","0.97, 0.59, 0.21"
918,"faces_ex918.inp","Log-uniform",4,"mean_nsamp",1,"sigma",-1,"theta_true",1,"theta_CV",1,"G",1,3,8,0.1,2,0.6,50,100,5,1580235529,1,0.25,100,1,25,"50-100","0.36, 0.01, 0.0","0.97, 0.59, 0.21"
919,"faces_ex919.inp","Log-uniform",4,"mean_nsamp",1,"sigma",0,"theta_true",-1,"theta_CV",-1,"G",-1,3,2,0.1,0.5,0,50,100,5,1580235529,1,0.5,100,1,25,"50-100","0.36, 0.01, 0.0","0.97, 0.59, 0.21"
920,"faces_ex920.inp","Log-uniform",4,"mean_nsamp",1,"sigma",0,"theta_true",-1,"theta_CV",-1,"G",0,3,4,0.1,0.5,0,50,100,5,1580235529,1,0.5,100,1,25,"50-100","0.36, 0.01, 0.0","0.97, 0.59, 0.21"
921,"faces_ex921.inp","Log-uniform",4,"mean_nsamp",1,"sigma",0,"theta_true",-1,"theta_CV",-1,"G",1,3,8,0.1,0.5,0,50,100,5,1580235529,1,0.5,100,1,25,"50-100","0.36, 0.01, 0.0","0.97, 0.59, 0.21"
922,"faces_ex922.inp","Log-uniform",4,"mean_nsamp",1,"sigma",0,"theta_true",-1,"theta_CV",0,"G",-1,3,2,0.1,0.5,0.2,50,100,5,1580235529,1,0.5,100,1,25,"50-100","0.36, 0.01, 0.0","0.97, 0.59, 0.21"
923,"faces_ex923.inp","Log-uniform",4,"mean_nsamp",1,"sigma",0,"theta_true",-1,"theta_CV",0,"G",0,3,4,0.1,0.5,0.2,50,100,5,1580235529,1,0.5,100,1,25,"50-100","0.36, 0.01, 0.0","0.97, 0.59, 0.21"
924,"faces_ex924.inp","Log-uniform",4,"mean_nsamp",1,"sigma",0,"theta_true",-1,"theta_CV",0,"G",1,3,8,0.1,0.5,0.2,50,100,5,1580235529,1,0.5,100,1,25,"50-100","0.36, 0.01, 0.0","0.97, 0.59, 0.21"
925,"faces_ex925.inp","Log-uniform",4,"mean_nsamp",1,"sigma",0,"theta_true",-1,"theta_CV",1,"G",-1,3,2,0.1,0.5,0.6,50,100,5,1580235529,1,0.5,100,1,25,"50-100","0.36, 0.01, 0.0","0.97, 0.59, 0.21"
926,"faces_ex926.inp","Log-uniform",4,"mean_nsamp",1,"sigma",0,"theta_true",-1,"theta_CV",1,"G",0,3,4,0.1,0.5,0.6,50,100,5,1580235529,1,0.5,100,1,25,"50-100","0.36, 0.01, 0.0","0.97, 0.59, 0.21"
927,"faces_ex927.inp","Log-uniform",4,"mean_nsamp",1,"sigma",0,"theta_true",-1,"theta_CV",1,"G",1,3,8,0.1,0.5,0.6,50,100,5,1580235529,1,0.5,100,1,25,"50-100","0.36, 0.01, 0.0","0.97, 0.59, 0.21"
928,"faces_ex928.inp","Log-uniform",4,"mean_nsamp",1,"sigma",0,"theta_true",0,"theta_CV",-1,"G",-1,3,2,0.1,1,0,50,100,5,1580235529,1,0.5,100,1,25,"50-100","0.36, 0.01, 0.0","0.97, 0.59, 0.21"
929,"faces_ex929.inp","Log-uniform",4,"mean_nsamp",1,"sigma",0,"theta_true",0,"theta_CV",-1,"G",0,3,4,0.1,1,0,50,100,5,1580235529,1,0.5,100,1,25,"50-100","0.36, 0.01, 0.0","0.97, 0.59, 0.21"
930,"faces_ex930.inp","Log-uniform",4,"mean_nsamp",1,"sigma",0,"theta_true",0,"theta_CV",-1,"G",1,3,8,0.1,1,0,50,100,5,1580235529,1,0.5,100,1,25,"50-100","0.36, 0.01, 0.0","0.97, 0.59, 0.21"
931,"faces_ex931.inp","Log-uniform",4,"mean_nsamp",1,"sigma",0,"theta_true",0,"theta_CV",0,"G",-1,3,2,0.1,1,0.2,50,100,5,1580235529,1,0.5,100,1,25,"50-100","0.36, 0.01, 0.0","0.97, 0.59, 0.21"
932,"faces_ex932.inp","Log-uniform",4,"mean_nsamp",1,"sigma",0,"theta_true",0,"theta_CV",0,"G",0,3,4,0.1,1,0.2,50,100,5,1580235529,1,0.5,100,1,25,"50-100","0.36, 0.01, 0.0","0.97, 0.59, 0.21"
933,"faces_ex933.inp","Log-uniform",4,"mean_nsamp",1,"sigma",0,"theta_true",0,"theta_CV",0,"G",1,3,8,0.1,1,0.2,50,100,5,1580235529,1,0.5,100,1,25,"50-100","0.36, 0.01, 0.0","0.97, 0.59, 0.21"
934,"faces_ex934.inp","Log-uniform",4,"mean_nsamp",1,"sigma",0,"theta_true",0,"theta_CV",1,"G",-1,3,2,0.1,1,0.6,50,100,5,1580235529,1,0.5,100,1,25,"50-100","0.36, 0.01, 0.0","0.97, 0.59, 0.21"
935,"faces_ex935.inp","Log-uniform",4,"mean_nsamp",1,"sigma",0,"theta_true",0,"theta_CV",1,"G",0,3,4,0.1,1,0.6,50,100,5,1580235529,1,0.5,100,1,25,"50-100","0.36, 0.01, 0.0","0.97, 0.59, 0.21"
936,"faces_ex936.inp","Log-uniform",4,"mean_nsamp",1,"sigma",0,"theta_true",0,"theta_CV",1,"G",1,3,8,0.1,1,0.6,50,100,5,1580235529,1,0.5,100,1,25,"50-100","0.36, 0.01, 0.0","0.97, 0.59, 0.21"
937,"faces_ex937.inp","Log-uniform",4,"mean_nsamp",1,"sigma",0,"theta_true",1,"theta_CV",-1,"G",-1,3,2,0.1,2,0,50,100,5,1580235529,1,0.5,100,1,25,"50-100","0.36, 0.01, 0.0","0.97, 0.59, 0.21"
938,"faces_ex938.inp","Log-uniform",4,"mean_nsamp",1,"sigma",0,"theta_true",1,"theta_CV",-1,"G",0,3,4,0.1,2,0,50,100,5,1580235529,1,0.5,100,1,25,"50-100","0.36, 0.01, 0.0","0.97, 0.59, 0.21"
939,"faces_ex939.inp","Log-uniform",4,"mean_nsamp",1,"sigma",0,"theta_true",1,"theta_CV",-1,"G",1,3,8,0.1,2,0,50,100,5,1580235529,1,0.5,100,1,25,"50-100","0.36, 0.01, 0.0","0.97, 0.59, 0.21"
940,"faces_ex940.inp","Log-uniform",4,"mean_nsamp",1,"sigma",0,"theta_true",1,"theta_CV",0,"G",-1,3,2,0.1,2,0.2,50,100,5,1580235529,1,0.5,100,1,25,"50-100","0.36, 0.01, 0.0","0.97, 0.59, 0.21"
941,"faces_ex941.inp","Log-uniform",4,"mean_nsamp",1,"sigma",0,"theta_true",1,"theta_CV",0,"G",0,3,4,0.1,2,0.2,50,100,5,1580235529,1,0.5,100,1,25,"50-100","0.36, 0.01, 0.0","0.97, 0.59, 0.21"
942,"faces_ex942.inp","Log-uniform",4,"mean_nsamp",1,"sigma",0,"theta_true",1,"theta_CV",0,"G",1,3,8,0.1,2,0.2,50,100,5,1580235529,1,0.5,100,1,25,"50-100","0.36, 0.01, 0.0","0.97, 0.59, 0.21"
943,"faces_ex943.inp","Log-uniform",4,"mean_nsamp",1,"sigma",0,"theta_true",1,"theta_CV",1,"G",-1,3,2,0.1,2,0.6,50,100,5,1580235529,1,0.5,100,1,25,"50-100","0.36, 0.01, 0.0","0.97, 0.59, 0.21"
944,"faces_ex944.inp","Log-uniform",4,"mean_nsamp",1,"sigma",0,"theta_true",1,"theta_CV",1,"G",0,3,4,0.1,2,0.6,50,100,5,1580235529,1,0.5,100,1,25,"50-100","0.36, 0.01, 0.0","0.97, 0.59, 0.21"
945,"faces_ex945.inp","Log-uniform",4,"mean_nsamp",1,"sigma",0,"theta_true",1,"theta_CV",1,"G",1,3,8,0.1,2,0.6,50,100,5,1580235529,1,0.5,100,1,25,"50-100","0.36, 0.01, 0.0","0.97, 0.59, 0.21"
946,"faces_ex946.inp","Log-uniform",4,"mean_nsamp",1,"sigma",1,"theta_true",-1,"theta_CV",-1,"G",-1,3,2,0.1,0.5,0,50,100,5,1580235529,1,1,100,1,25,"50-100","0.36, 0.01, 0.0","0.97, 0.59, 0.21"
947,"faces_ex947.inp","Log-uniform",4,"mean_nsamp",1,"sigma",1,"theta_true",-1,"theta_CV",-1,"G",0,3,4,0.1,0.5,0,50,100,5,1580235529,1,1,100,1,25,"50-100","0.36, 0.01, 0.0","0.97, 0.59, 0.21"
948,"faces_ex948.inp","Log-uniform",4,"mean_nsamp",1,"sigma",1,"theta_true",-1,"theta_CV",-1,"G",1,3,8,0.1,0.5,0,50,100,5,1580235529,1,1,100,1,25,"50-100","0.36, 0.01, 0.0","0.97, 0.59, 0.21"
949,"faces_ex949.inp","Log-uniform",4,"mean_nsamp",1,"sigma",1,"theta_true",-1,"theta_CV",0,"G",-1,3,2,0.1,0.5,0.2,50,100,5,1580235529,1,1,100,1,25,"50-100","0.36, 0.01, 0.0","0.97, 0.59, 0.21"
950,"faces_ex950.inp","Log-uniform",4,"mean_nsamp",1,"sigma",1,"theta_true",-1,"theta_CV",0,"G",0,3,4,0.1,0.5,0.2,50,100,5,1580235529,1,1,100,1,25,"50-100","0.36, 0.01, 0.0","0.97, 0.59, 0.21"
951,"faces_ex951.inp","Log-uniform",4,"mean_nsamp",1,"sigma",1,"theta_true",-1,"theta_CV",0,"G",1,3,8,0.1,0.5,0.2,50,100,5,1580235529,1,1,100,1,25,"50-100","0.36, 0.01, 0.0","0.97, 0.59, 0.21"
952,"faces_ex952.inp","Log-uniform",4,"mean_nsamp",1,"sigma",1,"theta_true",-1,"theta_CV",1,"G",-1,3,2,0.1,0.5,0.6,50,100,5,1580235529,1,1,100,1,25,"50-100","0.36, 0.01, 0.0","0.97, 0.59, 0.21"
953,"faces_ex953.inp","Log-uniform",4,"mean_nsamp",1,"sigma",1,"theta_true",-1,"theta_CV",1,"G",0,3,4,0.1,0.5,0.6,50,100,5,1580235529,1,1,100,1,25,"50-100","0.36, 0.01, 0.0","0.97, 0.59, 0.21"
954,"faces_ex954.inp","Log-uniform",4,"mean_nsamp",1,"sigma",1,"theta_true",-1,"theta_CV",1,"G",1,3,8,0.1,0.5,0.6,50,100,5,1580235529,1,1,100,1,25,"50-100","0.36, 0.01, 0.0","0.97, 0.59, 0.21"
955,"faces_ex955.inp","Log-uniform",4,"mean_nsamp",1,"sigma",1,"theta_true",0,"theta_CV",-1,"G",-1,3,2,0.1,1,0,50,100,5,1580235529,1,1,100,1,25,"50-100","0.36, 0.01, 0.0","0.97, 0.59, 0.21"
956,"faces_ex956.inp","Log-uniform",4,"mean_nsamp",1,"sigma",1,"theta_true",0,"theta_CV",-1,"G",0,3,4,0.1,1,0,50,100,5,1580235529,1,1,100,1,25,"50-100","0.36, 0.01, 0.0","0.97, 0.59, 0.21"
957,"faces_ex957.inp","Log-uniform",4,"mean_nsamp",1,"sigma",1,"theta_true",0,"theta_CV",-1,"G",1,3,8,0.1,1,0,50,100,5,1580235529,1,1,100,1,25,"50-100","0.36, 0.01, 0.0","0.97, 0.59, 0.21"
958,"faces_ex958.inp","Log-uniform",4,"mean_nsamp",1,"sigma",1,"theta_true",0,"theta_CV",0,"G",-1,3,2,0.1,1,0.2,50,100,5,1580235529,1,1,100,1,25,"50-100","0.36, 0.01, 0.0","0.97, 0.59, 0.21"
959,"faces_ex959.inp","Log-uniform",4,"mean_nsamp",1,"sigma",1,"theta_true",0,"theta_CV",0,"G",0,3,4,0.1,1,0.2,50,100,5,1580235529,1,1,100,1,25,"50-100","0.36, 0.01, 0.0","0.97, 0.59, 0.21"
960,"faces_ex960.inp","Log-uniform",4,"mean_nsamp",1,"sigma",1,"theta_true",0,"theta_CV",0,"G",1,3,8,0.1,1,0.2,50,100,5,1580235529,1,1,100,1,25,"50-100","0.36, 0.01, 0.0","0.97, 0.59, 0.21"
961,"faces_ex961.inp","Log-uniform",4,"mean_nsamp",1,"sigma",1,"theta_true",0,"theta_CV",1,"G",-1,3,2,0.1,1,0.6,50,100,5,1580235529,1,1,100,1,25,"50-100","0.36, 0.01, 0.0","0.97, 0.59, 0.21"
962,"faces_ex962.inp","Log-uniform",4,"mean_nsamp",1,"sigma",1,"theta_true",0,"theta_CV",1,"G",0,3,4,0.1,1,0.6,50,100,5,1580235529,1,1,100,1,25,"50-100","0.36, 0.01, 0.0","0.97, 0.59, 0.21"
963,"faces_ex963.inp","Log-uniform",4,"mean_nsamp",1,"sigma",1,"theta_true",0,"theta_CV",1,"G",1,3,8,0.1,1,0.6,50,100,5,1580235529,1,1,100,1,25,"50-100","0.36, 0.01, 0.0","0.97, 0.59, 0.21"
964,"faces_ex964.inp","Log-uniform",4,"mean_nsamp",1,"sigma",1,"theta_true",1,"theta_CV",-1,"G",-1,3,2,0.1,2,0,50,100,5,1580235529,1,1,100,1,25,"50-100","0.36, 0.01, 0.0","0.97, 0.59, 0.21"
965,"faces_ex965.inp","Log-uniform",4,"mean_nsamp",1,"sigma",1,"theta_true",1,"theta_CV",-1,"G",0,3,4,0.1,2,0,50,100,5,1580235529,1,1,100,1,25,"50-100","0.36, 0.01, 0.0","0.97, 0.59, 0.21"
966,"faces_ex966.inp","Log-uniform",4,"mean_nsamp",1,"sigma",1,"theta_true",1,"theta_CV",-1,"G",1,3,8,0.1,2,0,50,100,5,1580235529,1,1,100,1,25,"50-100","0.36, 0.01, 0.0","0.97, 0.59, 0.21"
967,"faces_ex967.inp","Log-uniform",4,"mean_nsamp",1,"sigma",1,"theta_true",1,"theta_CV",0,"G",-1,3,2,0.1,2,0.2,50,100,5,1580235529,1,1,100,1,25,"50-100","0.36, 0.01, 0.0","0.97, 0.59, 0.21"
968,"faces_ex968.inp","Log-uniform",4,"mean_nsamp",1,"sigma",1,"theta_true",1,"theta_CV",0,"G",0,3,4,0.1,2,0.2,50,100,5,1580235529,1,1,100,1,25,"50-100","0.36, 0.01, 0.0","0.97, 0.59, 0.21"
969,"faces_ex969.inp","Log-uniform",4,"mean_nsamp",1,"sigma",1,"theta_true",1,"theta_CV",0,"G",1,3,8,0.1,2,0.2,50,100,5,1580235529,1,1,100,1,25,"50-100","0.36, 0.01, 0.0","0.97, 0.59, 0.21"
970,"faces_ex970.inp","Log-uniform",4,"mean_nsamp",1,"sigma",1,"theta_true",1,"theta_CV",1,"G",-1,3,2,0.1,2,0.6,50,100,5,1580235529,1,1,100,1,25,"50-100","0.36, 0.01, 0.0","0.97, 0.59, 0.21"
971,"faces_ex971.inp","Log-uniform",4,"mean_nsamp",1,"sigma",1,"theta_true",1,"theta_CV",1,"G",0,3,4,0.1,2,0.6,50,100,5,1580235529,1,1,100,1,25,"50-100","0.36, 0.01, 0.0","0.97, 0.59, 0.21"
972,"faces_ex972.inp","Log-uniform",4,"mean_nsamp",1,"sigma",1,"theta_true",1,"theta_CV",1,"G",1,3,8,0.1,2,0.6,50,100,5,1580235529,1,1,100,1,25,"50-100","0.36, 0.01, 0.0","0.97, 0.59, 0.21"
