"experiment","folder","file","distribution_code","distribution","rmse_best","l1_best","linf_best","rmse_i","rmse_ii","rmse_iii","rmse_iv","rmse_v","l1_i","l1_ii","l1_iii","l1_iv","l1_v","linf_i","linf_ii","linf_iii","linf_iv","linf_v","rmse_friedman_chisq","rmse_friedman_df","rmse_friedman_p","rmse_kendall_w","rmse_anova_f","rmse_anova_p","l1_friedman_chisq","l1_friedman_df","l1_friedman_p","l1_kendall_w","l1_anova_f","l1_anova_p","linf_friedman_chisq","linf_friedman_df","linf_friedman_p","linf_kendall_w","linf_anova_f","linf_anova_p"
1,"ex1","faces_ex1.lst",1,"Poisson","(iii)","(iii)","(iii)",0.0803,0.101,0.0784,0.081,0.0799,0.216,0.27,0.211,0.219,0.216,0.108,0.135,0.106,0.11,0.108,11.114,4,"=0.02531",0.043,7.6985,"7.151e-06",13.563,4,"=0.008828",0.052,6.9188,"2.652e-05",13.563,4,"=0.008828",0.052,6.9188,"2.652e-05"
2,"ex2","faces_ex2.lst",1,"Poisson","(iii)","(iii)","(iii)",0.0672,0.0855,0.0652,0.0679,0.0671,0.182,0.228,0.175,0.182,0.181,0.0908,0.1138,0.0875,0.0911,0.0904,6.7692,4,"=0.1486",0.026,9.0307,"7.734e-07",5.1077,4,"=0.2764",0.02,7.903,"5.076e-06",5.1077,4,"=0.2764",0.02,7.903,"5.076e-06"
3,"ex3","faces_ex3.lst",1,"Poisson","(iii)","(iii)","(iii)",0.049,0.0616,0.0474,0.0504,0.0485,0.131,0.164,0.128,0.136,0.13,0.0656,0.0821,0.0638,0.0681,0.0651,17.637,4,"=0.001453",0.068,9.4801,"3.67e-07",16.16,4,"=0.002812",0.062,9.0843,"7.075e-07",16.16,4,"=0.002812",0.062,9.0843,"7.075e-07"
4,"ex4","faces_ex4.lst",1,"Poisson","(iii)","(iii)","(iii)",0.0907,0.1084,0.0883,0.0937,0.091,0.245,0.292,0.24,0.253,0.246,0.122,0.146,0.12,0.126,0.123,10.265,4,"=0.0362",0.039,5.0747,"0.0005962",6.6462,4,"=0.1558",0.026,4.9486,"0.0007376",6.6462,4,"=0.1558",0.026,4.9486,"0.0007376"
5,"ex5","faces_ex5.lst",1,"Poisson","(iii)","(iii)","(iii)",0.0711,0.0818,0.0649,0.0672,0.0676,0.191,0.22,0.173,0.182,0.181,0.0957,0.11,0.0867,0.0909,0.0906,20.246,4,"=0.0004465",0.078,5.9148,"0.0001443",17.76,4,"=0.001375",0.068,5.831,"0.0001662",17.76,4,"=0.001375",0.068,5.831,"0.0001662"
6,"ex6","faces_ex6.lst",1,"Poisson","(iii)","(iii)","(iii)",0.0463,0.0553,0.0437,0.0469,0.0456,0.124,0.15,0.118,0.127,0.123,0.0622,0.0751,0.0591,0.0635,0.0614,10.314,4,"=0.03546",0.04,6.6036,"4.51e-05",14.609,4,"=0.005584",0.056,6.808,"3.196e-05",14.609,4,"=0.005584",0.056,6.808,"3.196e-05"
7,"ex7","faces_ex7.lst",1,"Poisson","(iii)","(iii)","(iii)",0.0994,0.1224,0.0966,0.0972,0.0984,0.267,0.332,0.259,0.262,0.264,0.133,0.166,0.13,0.131,0.132,16.775,4,"=0.002137",0.065,10.142,"1.231e-07",15.163,4,"=0.004375",0.058,11.084,"2.63e-08",15.163,4,"=0.004375",0.058,11.084,"2.63e-08"
8,"ex8","faces_ex8.lst",1,"Poisson","(iii)","(iii)","(iii)",0.0736,0.0763,0.0702,0.0717,0.0727,0.2,0.206,0.19,0.193,0.197,0.0998,0.1029,0.0948,0.0967,0.0985,4.6154,4,"=0.3291",0.018,0.968,"0.4256",6.4985,4,"=0.1649",0.025,0.9041,"0.4621",6.4985,4,"=0.1649",0.025,0.9041,"0.4621"
9,"ex9","faces_ex9.lst",1,"Poisson","(iii)","(iii)","(iii)",0.0621,0.0626,0.0461,0.0492,0.0475,0.166,0.168,0.123,0.131,0.127,0.083,0.0839,0.0615,0.0657,0.0635,22.08,4,"=0.0001932",0.085,3.2083,"0.01358",18.745,4,"=0.0008821",0.072,3.285,"0.01196",18.745,4,"=0.0008821",0.072,3.285,"0.01196"
10,"ex10","faces_ex10.lst",1,"Poisson","(iii)","(iii)","(iii)",0.0705,0.084,0.0678,0.0706,0.0702,0.19,0.227,0.183,0.191,0.189,0.0951,0.1137,0.0916,0.0957,0.0947,25.6,4,"=3.81e-05",0.098,7.9112,"5.006e-06",19.778,4,"=0.0005523",0.076,8.2533,"2.825e-06",19.778,4,"=0.0005523",0.076,8.2533,"2.825e-06"
11,"ex11","faces_ex11.lst",1,"Poisson","(iii)","(iii)","(iii)",0.0628,0.0652,0.0504,0.052,0.0512,0.171,0.176,0.135,0.14,0.137,0.0853,0.088,0.0677,0.07,0.0687,15.422,4,"=0.003902",0.059,4.8779,"0.000831",18.991,4,"=0.0007892",0.073,4.9327,"0.0007576",18.991,4,"=0.0007892",0.073,4.9327,"0.0007576"
12,"ex12","faces_ex12.lst",1,"Poisson","(i)","(i)","(i)",0.0402,0.0522,0.0409,0.041,0.0406,0.108,0.141,0.11,0.11,0.11,0.0542,0.0705,0.055,0.0552,0.0548,19.655,4,"=0.000584",0.076,7.7924,"6.109e-06",23.717,4,"=9.102e-05",0.091,7.5564,"9.077e-06",23.717,4,"=9.102e-05",0.091,7.5564,"9.077e-06"
13,"ex13","faces_ex13.lst",1,"Poisson","(iii)","(iii)","(iii)",0.0781,0.0957,0.077,0.078,0.078,0.212,0.258,0.209,0.211,0.212,0.106,0.129,0.104,0.106,0.106,6.8062,4,"=0.1465",0.026,8.8734,"1.004e-06",7.9385,4,"=0.09386",0.031,8.6854,"1.374e-06",7.9385,4,"=0.09386",0.031,8.6854,"1.374e-06"
14,"ex14","faces_ex14.lst",1,"Poisson","(iv)","(iv)","(iv)",0.0667,0.0722,0.0559,0.0556,0.0567,0.181,0.195,0.151,0.15,0.152,0.0903,0.0973,0.0754,0.0749,0.0762,9.4031,4,"=0.05178",0.036,2.4664,"0.04546",9.1692,4,"=0.05701",0.035,2.3184,"0.05757",9.1692,4,"=0.05701",0.035,2.3184,"0.05757"
15,"ex15","faces_ex15.lst",1,"Poisson","(iv)","(iii)","(iv)",0.0503,0.0581,0.0399,0.0397,0.04,0.136,0.158,0.107,0.107,0.107,0.0682,0.0792,0.0536,0.0534,0.0537,6.5477,4,"=0.1618",0.025,2.0452,"0.08854",7.5077,4,"=0.1114",0.029,2.0487,"0.08806",7.5077,4,"=0.1114",0.029,2.0487,"0.08806"
16,"ex16","faces_ex16.lst",1,"Poisson","(iii)","(iii)","(iii)",0.0729,0.0942,0.07,0.0714,0.0715,0.198,0.257,0.19,0.193,0.194,0.0988,0.1284,0.0949,0.0967,0.0968,20.345,4,"=0.0004269",0.078,11.957,"6.36e-09",18.917,4,"=0.000816",0.073,12.149,"4.668e-09",18.917,4,"=0.000816",0.073,12.149,"4.668e-09"
17,"ex17","faces_ex17.lst",1,"Poisson","(iii)","(iii)","(iii)",0.066,0.0829,0.0605,0.062,0.0609,0.178,0.22,0.161,0.166,0.164,0.089,0.1099,0.0805,0.0831,0.0818,21.822,4,"=0.0002175",0.084,3.6816,"0.006193",17.662,4,"=0.001437",0.068,3.6107,"0.006969",17.662,4,"=0.001437",0.068,3.6107,"0.006969"
18,"ex18","faces_ex18.lst",1,"Poisson","(v)","(v)","(v)",0.0471,0.0525,0.0422,0.0428,0.0414,0.127,0.143,0.115,0.116,0.112,0.0634,0.0713,0.0575,0.0581,0.0559,8.5908,4,"=0.07218",0.033,2.2019,"0.06924",9.9569,4,"=0.04116",0.038,2.2662,"0.06255",9.9569,4,"=0.04116",0.038,2.2662,"0.06255"
19,"ex19","faces_ex19.lst",1,"Poisson","(i)","(i)","(i)",0.0674,0.0824,0.0678,0.0677,0.068,0.182,0.223,0.184,0.183,0.184,0.0912,0.1113,0.0918,0.0913,0.092,17.046,4,"=0.001893",0.066,10.812,"4.1e-08",15.778,4,"=0.003331",0.061,10.388,"8.212e-08",15.778,4,"=0.003331",0.061,10.388,"8.212e-08"
20,"ex20","faces_ex20.lst",1,"Poisson","(iv)","(iii)","(iv)",0.0565,0.0554,0.0484,0.0481,0.0486,0.153,0.148,0.13,0.13,0.131,0.0764,0.0742,0.0651,0.0648,0.0654,2.5354,4,"=0.6383",0.01,2.4538,"0.04638",2.3631,4,"=0.6693",0.009,2.3462,"0.05508",2.3631,4,"=0.6693",0.009,2.3462,"0.05508"
21,"ex21","faces_ex21.lst",1,"Poisson","(iv)","(iv)","(iii)",0.0389,0.0434,0.0338,0.0337,0.0337,0.1043,0.1163,0.0909,0.0908,0.091,0.0521,0.0581,0.0454,0.0454,0.0455,14.56,4,"=0.005706",0.056,2.321,"0.05734",12.345,4,"=0.01496",0.047,2.3152,"0.05787",12.345,4,"=0.01496",0.047,2.3152,"0.05787"
22,"ex22","faces_ex22.lst",1,"Poisson","(ii)","(ii)","(ii)",0.0697,0.0667,0.0703,0.0704,0.0703,0.187,0.179,0.189,0.19,0.189,0.0936,0.0895,0.0947,0.0949,0.0944,10.954,4,"=0.02709",0.042,1.2027,"0.3101",8.6031,4,"=0.07182",0.033,1.3964,"0.2356",8.6031,4,"=0.07182",0.033,1.3964,"0.2356"
23,"ex23","faces_ex23.lst",1,"Poisson","(iii)","(iii)","(iii)",0.0556,0.0578,0.0494,0.0498,0.05,0.15,0.155,0.133,0.134,0.135,0.0751,0.0776,0.0666,0.0672,0.0673,3.9015,4,"=0.4195",0.015,2.4037,"0.05026",2.7815,4,"=0.595",0.011,2.31,"0.05835",2.7815,4,"=0.595",0.011,2.31,"0.05835"
24,"ex24","faces_ex24.lst",1,"Poisson","(iii)","(iii)","(iii)",0.046,0.0439,0.035,0.0352,0.0355,0.1235,0.1173,0.0952,0.0957,0.0962,0.0618,0.0586,0.0476,0.0479,0.0481,2.4738,4,"=0.6493",0.01,1.796,"0.1301",4.2338,4,"=0.3753",0.016,1.7263,"0.1446",4.2338,4,"=0.3753",0.016,1.7263,"0.1446"
25,"ex25","faces_ex25.lst",1,"Poisson","(iii)","(iii)","(iii)",0.0771,0.0882,0.0754,0.0763,0.0774,0.209,0.236,0.205,0.207,0.21,0.104,0.118,0.102,0.104,0.105,15.668,4,"=0.003499",0.06,6.681,"3.958e-05",14.658,4,"=0.005465",0.056,6.0973,"0.000106",14.658,4,"=0.005465",0.056,6.0973,"0.000106"
26,"ex26","faces_ex26.lst",1,"Poisson","(iii)","(iii)","(iii)",0.0554,0.0596,0.0486,0.0489,0.049,0.151,0.162,0.131,0.132,0.133,0.0754,0.0808,0.0656,0.0661,0.0663,12.185,4,"=0.01603",0.047,4.055,"0.003318",14.031,4,"=0.007197",0.054,3.9463,"0.00398",14.031,4,"=0.007197",0.054,3.9463,"0.00398"
27,"ex27","faces_ex27.lst",1,"Poisson","(iv)","(iii)","(iii)",0.0407,0.0484,0.0402,0.0401,0.0404,0.11,0.131,0.108,0.108,0.109,0.0549,0.0655,0.0541,0.0542,0.0545,3.9015,4,"=0.4195",0.015,6.3106,"7.394e-05",4.64,4,"=0.3263",0.018,6.209,"8.777e-05",4.64,4,"=0.3263",0.018,6.209,"8.777e-05"
28,"ex28","faces_ex28.lst",1,"Poisson","(i)","(i)","(i)",0.0967,0.1226,0.0972,0.1031,0.0993,0.26,0.329,0.261,0.278,0.267,0.13,0.164,0.131,0.139,0.133,13.538,4,"=0.008924",0.052,8.6971,"1.347e-06",11.422,4,"=0.02221",0.044,8.5255,"1.793e-06",11.422,4,"=0.02221",0.044,8.5255,"1.793e-06"
29,"ex29","faces_ex29.lst",1,"Poisson","(iii)","(iii)","(iii)",0.0792,0.1031,0.078,0.0805,0.0803,0.212,0.28,0.208,0.215,0.215,0.106,0.14,0.104,0.107,0.108,15.052,4,"=0.004594",0.058,12.228,"4.107e-09",20.702,4,"=0.0003629",0.08,12.803,"1.629e-09",20.702,4,"=0.0003629",0.08,12.803,"1.629e-09"
30,"ex30","faces_ex30.lst",1,"Poisson","(iii)","(iii)","(iii)",0.0554,0.0851,0.0532,0.0553,0.0559,0.149,0.229,0.143,0.149,0.151,0.0745,0.1147,0.0717,0.0747,0.0754,26.277,4,"=2.783e-05",0.101,15.514,"2.234e-11",26.449,4,"=2.568e-05",0.102,15.805,"1.419e-11",26.449,4,"=2.568e-05",0.102,15.805,"1.419e-11"
31,"ex31","faces_ex31.lst",1,"Poisson","(iii)","(iii)","(iii)",0.104,0.125,0.101,0.103,0.105,0.281,0.336,0.273,0.278,0.282,0.141,0.168,0.136,0.139,0.141,5.0092,4,"=0.2864",0.019,5.8465,"0.0001619",5.5631,4,"=0.2342",0.021,5.39,"0.00035",5.5631,4,"=0.2342",0.021,5.39,"0.00035"
32,"ex32","faces_ex32.lst",1,"Poisson","(i)","(iii)","(i)",0.0765,0.1031,0.0769,0.0769,0.0778,0.207,0.276,0.206,0.206,0.209,0.103,0.138,0.103,0.103,0.105,18.302,4,"=0.001077",0.07,14.852,"6.293e-11",19.114,4,"=0.0007465",0.074,15.356,"2.856e-11",19.114,4,"=0.0007465",0.074,15.356,"2.856e-11"
33,"ex33","faces_ex33.lst",1,"Poisson","(i)","(i)","(i)",0.0564,0.0781,0.0564,0.0584,0.0566,0.151,0.209,0.151,0.156,0.151,0.0753,0.1045,0.0755,0.0779,0.0754,18.105,4,"=0.001177",0.07,11.306,"1.83e-08",18.449,4,"=0.001008",0.071,12.157,"4.605e-09",18.449,4,"=0.001008",0.071,12.157,"4.605e-09"
34,"ex34","faces_ex34.lst",1,"Poisson","(iv)","(iv)","(iii)",0.124,0.144,0.123,0.122,0.124,0.33,0.382,0.327,0.325,0.33,0.165,0.191,0.163,0.163,0.165,3.7046,4,"=0.4475",0.014,3.0926,"0.01643",4.4923,4,"=0.3435",0.017,3.0158,"0.01864",4.4923,4,"=0.3435",0.017,3.0158,"0.01864"
35,"ex35","faces_ex35.lst",1,"Poisson","(i)","(i)","(i)",0.0847,0.1076,0.0863,0.0862,0.0854,0.228,0.293,0.234,0.233,0.231,0.114,0.146,0.117,0.116,0.115,6.24,4,"=0.1819",0.024,4.4125,"0.00182",8.32,4,"=0.08053",0.032,4.5718,"0.001392",8.32,4,"=0.08053",0.032,4.5718,"0.001392"
36,"ex36","faces_ex36.lst",1,"Poisson","(iv)","(iv)","(iv)",0.0631,0.0676,0.052,0.0516,0.0518,0.17,0.181,0.141,0.139,0.139,0.0851,0.0904,0.0703,0.0695,0.0696,6.56,4,"=0.161",0.025,3.7401,"0.005617",7.6923,4,"=0.1035",0.03,3.4757,"0.008722",7.6923,4,"=0.1035",0.03,3.4757,"0.008722"
37,"ex37","faces_ex37.lst",1,"Poisson","(iii)","(iii)","(iii)",0.093,0.1111,0.0899,0.0927,0.0929,0.249,0.298,0.24,0.248,0.248,0.124,0.149,0.12,0.124,0.124,18.511,4,"=0.0009804",0.071,5.8027,"0.0001743",16.628,4,"=0.002283",0.064,6.2987,"7.544e-05",16.628,4,"=0.002283",0.064,6.2987,"7.544e-05"
38,"ex38","faces_ex38.lst",1,"Poisson","(iii)","(iii)","(iii)",0.073,0.0807,0.066,0.0672,0.0666,0.197,0.215,0.177,0.181,0.179,0.0985,0.1074,0.0885,0.0904,0.0896,12.074,4,"=0.01681",0.046,3.575,"0.007395",11.926,4,"=0.01791",0.046,3.0976,"0.01629",11.926,4,"=0.01791",0.046,3.0976,"0.01629"
39,"ex39","faces_ex39.lst",1,"Poisson","(iii)","(iii)","(iii)",0.0456,0.0675,0.0445,0.0457,0.046,0.122,0.181,0.119,0.123,0.124,0.0611,0.0905,0.0593,0.0613,0.0618,25.748,4,"=3.558e-05",0.099,21.411,"2.998e-15",28.492,4,"=9.911e-06",0.11,22.477,"6.348e-16",28.492,4,"=9.911e-06",0.11,22.477,"6.348e-16"
40,"ex40","faces_ex40.lst",1,"Poisson","(iii)","(iii)","(iii)",0.0924,0.1031,0.0911,0.0921,0.0923,0.248,0.278,0.244,0.247,0.248,0.124,0.139,0.122,0.124,0.124,9.7108,4,"=0.04559",0.037,2.7113,"0.03062",4.4431,4,"=0.3494",0.017,2.7598,"0.0283",4.4431,4,"=0.3494",0.017,2.7598,"0.0283"
41,"ex41","faces_ex41.lst",1,"Poisson","(iii)","(iii)","(iii)",0.0724,0.0772,0.0669,0.0686,0.0686,0.195,0.207,0.179,0.183,0.184,0.0975,0.1033,0.0895,0.0916,0.0922,9.8585,4,"=0.04288",0.038,2.5782,"0.03798",10.252,4,"=0.03639",0.039,2.5133,"0.04216",10.252,4,"=0.03639",0.039,2.5133,"0.04216"
42,"ex42","faces_ex42.lst",1,"Poisson","(iii)","(iii)","(iii)",0.0484,0.0737,0.0482,0.0508,0.0492,0.13,0.2,0.129,0.137,0.133,0.0652,0.1,0.0647,0.0683,0.0664,28.997,4,"=7.829e-06",0.112,15.731,"1.592e-11",30.215,4,"=4.424e-06",0.116,16.138,"8.46e-12",30.215,4,"=4.424e-06",0.116,16.138,"8.46e-12"
43,"ex43","faces_ex43.lst",1,"Poisson","(iii)","(iii)","(iii)",0.109,0.134,0.107,0.11,0.11,0.296,0.359,0.288,0.296,0.295,0.148,0.179,0.144,0.148,0.148,13.772,4,"=0.008058",0.053,12.017,"5.778e-09",15.606,4,"=0.003596",0.06,12.042,"5.545e-09",15.606,4,"=0.003596",0.06,12.042,"5.545e-09"
44,"ex44","faces_ex44.lst",1,"Poisson","(iii)","(iii)","(iii)",0.0741,0.0813,0.0697,0.0707,0.0704,0.198,0.217,0.184,0.187,0.187,0.0988,0.1084,0.0922,0.0935,0.0934,4.6523,4,"=0.3249",0.018,2.6476,"0.03395",4.1846,4,"=0.3816",0.016,2.9823,"0.01969",4.1846,4,"=0.3816",0.016,2.9823,"0.01969"
45,"ex45","faces_ex45.lst",1,"Poisson","(iii)","(iii)","(iii)",0.0508,0.0705,0.0496,0.0501,0.0506,0.137,0.188,0.133,0.133,0.136,0.0684,0.094,0.0664,0.0666,0.0682,23.422,4,"=0.0001043",0.09,23.113,"2.536e-16",22.142,4,"=0.0001878",0.085,21.958,"1.348e-15",22.142,4,"=0.0001878",0.085,21.958,"1.348e-15"
46,"ex46","faces_ex46.lst",1,"Poisson","(i)","(i)","(i)",0.105,0.115,0.105,0.106,0.106,0.282,0.308,0.283,0.284,0.284,0.141,0.154,0.141,0.142,0.142,0.94769,4,"=0.9176",0.004,3.1561,"0.0148",2.3138,4,"=0.6782",0.009,2.7003,"0.03117",2.3138,4,"=0.6782",0.009,2.7003,"0.03117"
47,"ex47","faces_ex47.lst",1,"Poisson","(v)","(v)","(v)",0.065,0.0799,0.0587,0.0586,0.0583,0.175,0.215,0.158,0.158,0.157,0.0875,0.1073,0.0792,0.079,0.0783,8.6769,4,"=0.0697",0.033,8.1628,"3.286e-06",10.351,4,"=0.03492",0.04,7.7537,"6.519e-06",10.351,4,"=0.03492",0.04,7.7537,"6.519e-06"
48,"ex48","faces_ex48.lst",1,"Poisson","(iv)","(iii)","(iv)",0.0647,0.0576,0.0485,0.0483,0.0494,0.174,0.155,0.129,0.129,0.132,0.087,0.0774,0.0646,0.0645,0.066,10.548,4,"=0.03215",0.041,3.5827,"0.007302",11.003,4,"=0.02653",0.042,3.6128,"0.006945",11.003,4,"=0.02653",0.042,3.6128,"0.006945"
49,"ex49","faces_ex49.lst",1,"Poisson","(iii)","(iii)","(iii)",0.0965,0.1074,0.0944,0.0952,0.0965,0.259,0.288,0.253,0.255,0.259,0.13,0.144,0.126,0.128,0.13,12.8,4,"=0.0123",0.049,2.7776,"0.0275",13.514,4,"=0.00902",0.052,2.9049,"0.02234",13.514,4,"=0.00902",0.052,2.9049,"0.02234"
50,"ex50","faces_ex50.lst",1,"Poisson","(iii)","(iii)","(iii)",0.0727,0.0845,0.0647,0.0647,0.0664,0.195,0.226,0.173,0.173,0.177,0.0973,0.1131,0.0866,0.0867,0.0883,25.514,4,"=3.965e-05",0.098,6.6381,"4.256e-05",20.714,4,"=0.0003608",0.08,6.4587,"5.759e-05",20.714,4,"=0.0003608",0.08,6.4587,"5.759e-05"
51,"ex51","faces_ex51.lst",1,"Poisson","(iii)","(iii)","(iii)",0.0497,0.0608,0.0486,0.0491,0.0486,0.133,0.163,0.13,0.131,0.13,0.0663,0.0817,0.0648,0.0656,0.0648,13.895,4,"=0.007637",0.053,7.7479,"6.583e-06",13.083,4,"=0.01088",0.05,8.2302,"2.936e-06",13.083,4,"=0.01088",0.05,8.2302,"2.936e-06"
52,"ex52","faces_ex52.lst",1,"Poisson","(iii)","(iii)","(iii)",0.0931,0.1007,0.0913,0.0915,0.092,0.249,0.271,0.243,0.244,0.246,0.124,0.135,0.122,0.122,0.123,3.7785,4,"=0.4368",0.015,2.2006,"0.06939",3.9015,4,"=0.4195",0.015,2.468,"0.04534",3.9015,4,"=0.4195",0.015,2.468,"0.04534"
53,"ex53","faces_ex53.lst",1,"Poisson","(v)","(v)","(v)",0.0576,0.0779,0.0556,0.0564,0.0551,0.157,0.213,0.152,0.154,0.15,0.0783,0.1064,0.0758,0.0768,0.0749,27.422,4,"=1.634e-05",0.105,12.18,"4.44e-09",23.618,4,"=9.524e-05",0.091,11.928,"6.672e-09",23.618,4,"=9.524e-05",0.091,11.928,"6.672e-09"
54,"ex54","faces_ex54.lst",1,"Poisson","(i)","(i)","(i)",0.0478,0.0626,0.0481,0.0486,0.0482,0.129,0.168,0.129,0.13,0.13,0.0645,0.0841,0.0645,0.0649,0.065,8.4062,4,"=0.07778",0.032,10.639,"5.437e-08",5.8831,4,"=0.2081",0.023,10.861,"3.785e-08",5.8831,4,"=0.2081",0.023,10.861,"3.785e-08"
55,"ex55","faces_ex55.lst",1,"Poisson","(i)","(i)","(i)",0.13,0.182,0.135,0.138,0.132,0.351,0.487,0.362,0.37,0.354,0.176,0.244,0.181,0.185,0.177,14.191,4,"=0.00671",0.055,9.815,"2.11e-07",19.298,4,"=0.0006866",0.074,9.5245,"3.41e-07",19.298,4,"=0.0006866",0.074,9.5245,"3.41e-07"
56,"ex56","faces_ex56.lst",1,"Poisson","(iii)","(iii)","(iii)",0.117,0.158,0.114,0.114,0.117,0.309,0.421,0.303,0.306,0.311,0.155,0.211,0.151,0.153,0.156,31.655,4,"=2.25e-06",0.122,16.283,"6.759e-12",31.84,4,"=2.063e-06",0.122,16.167,"8.094e-12",31.84,4,"=2.063e-06",0.122,16.167,"8.094e-12"
57,"ex57","faces_ex57.lst",1,"Poisson","(iii)","(iii)","(iii)",0.085,0.1151,0.0787,0.0813,0.0846,0.229,0.307,0.211,0.219,0.228,0.114,0.153,0.106,0.11,0.114,24.64,4,"=5.943e-05",0.095,17.678,"7.932e-13",26.474,4,"=2.539e-05",0.102,17.937,"5.352e-13",26.474,4,"=2.539e-05",0.102,17.937,"5.351e-13"
58,"ex58","faces_ex58.lst",1,"Poisson","(i)","(iii)","(iii)",0.175,0.196,0.175,0.176,0.176,0.472,0.526,0.469,0.474,0.474,0.236,0.263,0.235,0.237,0.237,4.0492,4,"=0.3994",0.016,1.9899,"0.09651",5.9323,4,"=0.2043",0.023,1.909,"0.1094",5.9323,4,"=0.2043",0.023,1.909,"0.1094"
59,"ex59","faces_ex59.lst",1,"Poisson","(iii)","(iii)","(iii)",0.114,0.136,0.112,0.114,0.115,0.304,0.36,0.299,0.306,0.307,0.152,0.18,0.15,0.153,0.153,6.6954,4,"=0.1529",0.026,4.304,"0.002184",8.9231,4,"=0.06305",0.034,4.0993,"0.00308",8.9231,4,"=0.06305",0.034,4.0993,"0.00308"
60,"ex60","faces_ex60.lst",1,"Poisson","(iii)","(iii)","(iii)",0.0846,0.1198,0.0793,0.0859,0.0829,0.228,0.319,0.213,0.231,0.224,0.114,0.16,0.107,0.116,0.112,27.84,4,"=1.344e-05",0.107,20.246,"1.669e-14",28.738,4,"=8.834e-06",0.111,20.021,"2.331e-14",28.738,4,"=8.834e-06",0.111,20.021,"2.331e-14"
61,"ex61","faces_ex61.lst",1,"Poisson","(i)","(i)","(i)",0.147,0.182,0.156,0.158,0.151,0.397,0.489,0.419,0.427,0.406,0.199,0.244,0.21,0.213,0.203,9.7846,4,"=0.04422",0.038,6.4531,"5.813e-05",13.255,4,"=0.01009",0.051,6.2691,"7.93e-05",13.255,4,"=0.01009",0.051,6.2691,"7.93e-05"
62,"ex62","faces_ex62.lst",1,"Poisson","(iii)","(iii)","(iii)",0.12,0.122,0.116,0.117,0.121,0.32,0.327,0.31,0.316,0.325,0.16,0.164,0.155,0.158,0.162,1.3908,4,"=0.8458",0.005,0.5372,"0.7086",2.0431,4,"=0.7278",0.008,0.4376,"0.7814",2.0431,4,"=0.7278",0.008,0.4376,"0.7814"
63,"ex63","faces_ex63.lst",1,"Poisson","(iii)","(iii)","(iii)",0.0749,0.1005,0.0735,0.0758,0.0746,0.202,0.27,0.197,0.204,0.202,0.1012,0.1349,0.0986,0.1022,0.1008,14.486,4,"=0.005895",0.056,12.046,"5.511e-09",12.972,4,"=0.01141",0.05,11.351,"1.7e-08",12.972,4,"=0.01141",0.05,11.351,"1.7e-08"
64,"ex64","faces_ex64.lst",1,"Poisson","(iii)","(v)","(iii)",0.131,0.177,0.128,0.132,0.129,0.348,0.476,0.344,0.355,0.343,0.174,0.238,0.172,0.178,0.172,14.178,4,"=0.006747",0.055,15.248,"3.383e-11",11.188,4,"=0.02453",0.043,15.863,"1.297e-11",11.188,4,"=0.02453",0.043,15.863,"1.297e-11"
65,"ex65","faces_ex65.lst",1,"Poisson","(iii)","(iii)","(iii)",0.118,0.144,0.112,0.112,0.116,0.314,0.384,0.298,0.3,0.308,0.157,0.192,0.149,0.15,0.154,17.108,4,"=0.001842",0.066,10.264,"1.008e-07",17.145,4,"=0.001812",0.066,9.6357,"2.837e-07",17.145,4,"=0.001812",0.066,9.6357,"2.837e-07"
66,"ex66","faces_ex66.lst",1,"Poisson","(iii)","(iii)","(iii)",0.0773,0.1001,0.076,0.0791,0.0791,0.211,0.267,0.205,0.213,0.215,0.106,0.134,0.103,0.106,0.107,22.658,4,"=0.0001482",0.087,8.486,"1.915e-06",19.015,4,"=0.0007805",0.073,7.9193,"4.939e-06",19.015,4,"=0.0007805",0.073,7.9193,"4.939e-06"
67,"ex67","faces_ex67.lst",1,"Poisson","(i)","(i)","(i)",0.14,0.176,0.145,0.148,0.141,0.374,0.471,0.389,0.398,0.376,0.187,0.235,0.194,0.199,0.188,11.372,4,"=0.02268",0.044,8.5668,"1.674e-06",13.502,4,"=0.009068",0.052,8.4814,"1.93e-06",13.502,4,"=0.009068",0.052,8.4814,"1.93e-06"
68,"ex68","faces_ex68.lst",1,"Poisson","(iv)","(iv)","(iii)",0.0904,0.1145,0.089,0.0889,0.0897,0.241,0.306,0.239,0.238,0.24,0.121,0.153,0.119,0.119,0.12,10.917,4,"=0.02751",0.042,9.0169,"7.913e-07",14.277,4,"=0.006462",0.055,9.2116,"5.727e-07",14.277,4,"=0.006462",0.055,9.2116,"5.727e-07"
69,"ex69","faces_ex69.lst",1,"Poisson","(i)","(i)","(i)",0.0717,0.089,0.0745,0.0753,0.0737,0.194,0.239,0.201,0.204,0.2,0.0969,0.1193,0.1003,0.1018,0.0998,10.954,4,"=0.02709",0.042,5.1851,"0.0004948",8.6646,4,"=0.07005",0.033,4.7175,"0.001089",8.6646,4,"=0.07005",0.033,4.7175,"0.001089"
70,"ex70","faces_ex70.lst",1,"Poisson","(iii)","(iii)","(iii)",0.151,0.204,0.147,0.15,0.15,0.404,0.54,0.393,0.405,0.401,0.202,0.27,0.197,0.203,0.201,25.895,4,"=3.322e-05",0.1,18.685,"1.723e-13",30.265,4,"=4.323e-06",0.116,18.32,"2.993e-13",30.265,4,"=4.323e-06",0.116,18.32,"2.993e-13"
71,"ex71","faces_ex71.lst",1,"Poisson","(i)","(v)","(i)",0.116,0.143,0.119,0.119,0.116,0.311,0.384,0.32,0.32,0.31,0.155,0.192,0.16,0.16,0.155,4.1969,4,"=0.38",0.016,3.2416,"0.01285",3.2492,4,"=0.517",0.012,3.2765,"0.01213",3.2492,4,"=0.517",0.012,3.2765,"0.01213"
72,"ex72","faces_ex72.lst",1,"Poisson","(iii)","(iii)","(iii)",0.0809,0.1127,0.0802,0.083,0.0817,0.219,0.299,0.215,0.224,0.221,0.11,0.15,0.108,0.112,0.11,27.385,4,"=1.662e-05",0.105,15.944,"1.143e-11",26.228,4,"=2.847e-05",0.101,14.716,"7.79e-11",26.228,4,"=2.847e-05",0.101,14.716,"7.79e-11"
73,"ex73","faces_ex73.lst",1,"Poisson","(i)","(i)","(i)",0.137,0.152,0.138,0.138,0.138,0.363,0.411,0.37,0.369,0.367,0.182,0.205,0.185,0.184,0.183,3.1262,4,"=0.5369",0.012,1.6634,"0.1589",2.3138,4,"=0.6782",0.009,2.0081,"0.09382",2.3138,4,"=0.6782",0.009,2.0081,"0.09382"
74,"ex74","faces_ex74.lst",1,"Poisson","(v)","(v)","(v)",0.105,0.122,0.107,0.106,0.103,0.283,0.33,0.29,0.286,0.279,0.142,0.165,0.145,0.143,0.14,4.1231,4,"=0.3896",0.016,3.0982,"0.01628",3.3108,4,"=0.5072",0.013,3.0127,"0.01873",3.3108,4,"=0.5072",0.013,3.0127,"0.01873"
75,"ex75","faces_ex75.lst",1,"Poisson","(iii)","(iii)","(iii)",0.0853,0.0998,0.0767,0.0801,0.0825,0.231,0.269,0.207,0.217,0.223,0.116,0.135,0.103,0.108,0.112,26.178,4,"=2.913e-05",0.101,5.9374,"0.0001388",20.578,4,"=0.0003838",0.079,5.8724,"0.000155",20.578,4,"=0.0003838",0.079,5.8724,"0.000155"
76,"ex76","faces_ex76.lst",1,"Poisson","(iii)","(iii)","(iii)",0.13,0.173,0.126,0.128,0.128,0.349,0.47,0.338,0.345,0.342,0.174,0.235,0.169,0.172,0.171,24.726,4,"=5.711e-05",0.095,10.385,"8.255e-08",26.942,4,"=2.043e-05",0.104,10.944,"3.304e-08",26.942,4,"=2.043e-05",0.104,10.944,"3.304e-08"
77,"ex77","faces_ex77.lst",1,"Poisson","(iii)","(iii)","(iii)",0.0916,0.1118,0.083,0.0842,0.0894,0.247,0.3,0.224,0.228,0.243,0.124,0.15,0.112,0.114,0.121,2.4738,4,"=0.6493",0.01,6.8945,"2.762e-05",1.9446,4,"=0.7459",0.007,6.2934,"7.612e-05",1.9446,4,"=0.7459",0.007,6.2934,"7.612e-05"
78,"ex78","faces_ex78.lst",1,"Poisson","(iv)","(iii)","(iii)",0.0786,0.1043,0.0759,0.0758,0.0775,0.213,0.279,0.204,0.204,0.21,0.106,0.14,0.102,0.102,0.105,21.822,4,"=0.0002175",0.084,15.986,"1.071e-11",23.545,4,"=9.854e-05",0.091,15.443,"2.496e-11",23.545,4,"=9.854e-05",0.091,15.443,"2.496e-11"
79,"ex79","faces_ex79.lst",1,"Poisson","(i)","(i)","(i)",0.122,0.166,0.123,0.124,0.123,0.332,0.444,0.332,0.333,0.334,0.166,0.222,0.166,0.167,0.167,17.502,4,"=0.001544",0.067,13.707,"3.842e-10",19.409,4,"=0.000653",0.075,13.386,"6.401e-10",19.409,4,"=0.000653",0.075,13.386,"6.401e-10"
80,"ex80","faces_ex80.lst",1,"Poisson","(iii)","(iii)","(iii)",0.108,0.13,0.107,0.109,0.108,0.292,0.35,0.289,0.294,0.293,0.146,0.175,0.144,0.147,0.147,12.098,4,"=0.01663",0.047,5.2678,"0.0004303",12.098,4,"=0.01663",0.047,5.3768,"0.0003579",12.098,4,"=0.01663",0.047,5.3768,"0.0003579"
81,"ex81","faces_ex81.lst",1,"Poisson","(iii)","(iii)","(iii)",0.0759,0.1009,0.0712,0.0742,0.0766,0.204,0.271,0.189,0.197,0.206,0.1019,0.1355,0.0943,0.0987,0.1028,32.345,4,"=1.627e-06",0.124,16.164,"8.132e-12",30.954,4,"=3.128e-06",0.119,16.517,"4.709e-12",30.954,4,"=3.128e-06",0.119,16.517,"4.709e-12"
82,"ex82","faces_ex82.lst",1,"Poisson","(iii)","(iii)","(iii)",0.0721,0.0838,0.0638,0.0653,0.0654,0.195,0.227,0.173,0.177,0.177,0.0973,0.1134,0.0863,0.0885,0.0883,9.4031,4,"=0.05178",0.036,5.933,"0.0001399",7.04,4,"=0.1338",0.027,6.0119,"0.0001224",7.04,4,"=0.1338",0.027,6.0119,"0.0001224"
83,"ex83","faces_ex83.lst",1,"Poisson","(iii)","(iii)","(iii)",0.0578,0.066,0.0486,0.0491,0.049,0.156,0.179,0.13,0.132,0.132,0.0778,0.0893,0.0652,0.0662,0.0659,21.514,4,"=0.0002504",0.083,5.5508,"0.0002668",26.745,4,"=2.239e-05",0.103,5.6722,"0.0002173",26.745,4,"=2.239e-05",0.103,5.6722,"0.0002173"
84,"ex84","faces_ex84.lst",1,"Poisson","(i)","(i)","(i)",0.0335,0.0513,0.0342,0.0341,0.0338,0.09,0.1393,0.0917,0.092,0.091,0.045,0.0696,0.0459,0.046,0.0455,16.898,4,"=0.002023",0.065,6.9372,"2.571e-05",15.84,4,"=0.003242",0.061,6.6633,"4.078e-05",15.84,4,"=0.003242",0.061,6.6633,"4.078e-05"
85,"ex85","faces_ex85.lst",1,"Poisson","(iii)","(iii)","(iii)",0.0747,0.0967,0.0725,0.0745,0.0744,0.2,0.257,0.194,0.199,0.199,0.0998,0.1286,0.097,0.0995,0.0995,7.5446,4,"=0.1098",0.029,5.1455,"0.000529",4.1846,4,"=0.3816",0.016,4.5678,"0.001401",4.1846,4,"=0.3816",0.016,4.5678,"0.001401"
86,"ex86","faces_ex86.lst",1,"Poisson","(iii)","(iii)","(iii)",0.0668,0.0622,0.0483,0.0496,0.049,0.182,0.168,0.131,0.134,0.132,0.0909,0.0842,0.0653,0.067,0.0662,5.7477,4,"=0.2188",0.022,2.6931,"0.03154",6.5969,4,"=0.1588",0.025,2.6432,"0.03419",6.5969,4,"=0.1588",0.025,2.6432,"0.03419"
87,"ex87","faces_ex87.lst",1,"Poisson","(iv)","(iv)","(iv)",0.0374,0.0487,0.0363,0.0362,0.0369,0.1001,0.1308,0.0972,0.0966,0.0986,0.05,0.0654,0.0486,0.0483,0.0493,22.215,4,"=0.0001816",0.085,13.762,"3.519e-10",17.834,4,"=0.00133",0.069,13.98,"2.491e-10",17.834,4,"=0.00133",0.069,13.98,"2.491e-10"
88,"ex88","faces_ex88.lst",1,"Poisson","(v)","(v)","(v)",0.0743,0.092,0.0722,0.0721,0.0717,0.202,0.247,0.197,0.196,0.195,0.101,0.1236,0.0984,0.0978,0.0977,6.9292,4,"=0.1397",0.027,7.44,"1.104e-05",5.2554,4,"=0.2621",0.02,6.717,"3.725e-05",5.2554,4,"=0.2621",0.02,6.717,"3.725e-05"
89,"ex89","faces_ex89.lst",1,"Poisson","(iii)","(iii)","(iii)",0.0619,0.0739,0.0522,0.0535,0.0523,0.168,0.199,0.142,0.145,0.142,0.0842,0.0994,0.0709,0.0727,0.0709,11.902,4,"=0.0181",0.046,4.2799,"0.002275",9.0215,4,"=0.06056",0.035,3.9889,"0.003706",9.0215,4,"=0.06056",0.035,3.9889,"0.003706"
90,"ex90","faces_ex90.lst",1,"Poisson","(iii)","(iii)","(iii)",0.0411,0.0428,0.0341,0.0345,0.0347,0.1106,0.1162,0.0923,0.0928,0.094,0.0553,0.0581,0.0461,0.0464,0.047,14.277,4,"=0.006462",0.055,1.8509,"0.1196",14.092,4,"=0.007006",0.054,1.9861,"0.09707",14.092,4,"=0.007006",0.054,1.9861,"0.09707"
91,"ex91","faces_ex91.lst",1,"Poisson","(iii)","(iii)","(iii)",0.0638,0.0763,0.0633,0.0643,0.064,0.172,0.204,0.17,0.173,0.173,0.086,0.1022,0.085,0.0865,0.0863,7.3108,4,"=0.1203",0.028,8.4687,"1.971e-06",8.7754,4,"=0.06697",0.034,7.8646,"5.413e-06",8.7754,4,"=0.06697",0.034,7.8646,"5.413e-06"
92,"ex92","faces_ex92.lst",1,"Poisson","(iv)","(iii)","(v)",0.0699,0.0519,0.0395,0.0394,0.0394,0.19,0.14,0.106,0.106,0.106,0.0952,0.0698,0.053,0.0529,0.0528,26.388,4,"=2.643e-05",0.101,8.5918,"1.605e-06",23.372,4,"=0.0001067",0.09,8.6077,"1.564e-06",23.372,4,"=0.0001067",0.09,8.6077,"1.564e-06"
93,"ex93","faces_ex93.lst",1,"Poisson","(i)","(i)","(i)",0.0251,0.0342,0.0255,0.0258,0.0253,0.0678,0.0921,0.0685,0.0696,0.068,0.0339,0.046,0.0343,0.0348,0.034,16.738,4,"=0.002173",0.064,9.751,"2.345e-07",18.351,4,"=0.001054",0.071,9.3853,"4.294e-07",18.351,4,"=0.001054",0.071,9.3853,"4.294e-07"
94,"ex94","faces_ex94.lst",1,"Poisson","(iii)","(iii)","(iii)",0.0702,0.0814,0.0624,0.0629,0.0639,0.19,0.218,0.169,0.17,0.173,0.0948,0.1092,0.0846,0.0851,0.0865,13.588,4,"=0.008734",0.052,2.3316,"0.05638",9.1938,4,"=0.05643",0.035,2.2783,"0.06136",9.1938,4,"=0.05643",0.035,2.2783,"0.06136"
95,"ex95","faces_ex95.lst",1,"Poisson","(v)","(v)","(v)",0.0883,0.0574,0.046,0.0465,0.0453,0.241,0.155,0.124,0.126,0.122,0.1204,0.0776,0.0621,0.0629,0.0612,16.283,4,"=0.002662",0.063,10.912,"3.478e-08",18.622,4,"=0.0009326",0.072,11.008,"2.975e-08",18.622,4,"=0.0009326",0.072,11.008,"2.975e-08"
96,"ex96","faces_ex96.lst",1,"Poisson","(v)","(v)","(v)",0.035,0.036,0.0273,0.0274,0.0271,0.0931,0.0971,0.0735,0.0741,0.0728,0.0465,0.0485,0.0368,0.0371,0.0364,7.5692,4,"=0.1087",0.029,1.4798,"0.2087",11.102,4,"=0.02545",0.043,1.5303,"0.1938",11.102,4,"=0.02545",0.043,1.5303,"0.1938"
97,"ex97","faces_ex97.lst",1,"Poisson","(iii)","(iii)","(iii)",0.0565,0.0732,0.0555,0.0558,0.0562,0.151,0.195,0.148,0.149,0.15,0.0754,0.0973,0.0741,0.0743,0.0749,18.105,4,"=0.001177",0.07,19.192,"8.046e-14",14.572,4,"=0.005676",0.056,19.452,"5.446e-14",14.572,4,"=0.005676",0.056,19.452,"5.446e-14"
98,"ex98","faces_ex98.lst",1,"Poisson","(iv)","(iv)","(iv)",0.0712,0.0606,0.0468,0.0464,0.0469,0.193,0.164,0.126,0.125,0.126,0.0967,0.082,0.063,0.0625,0.0632,12.825,4,"=0.01217",0.049,5.9498,"0.000136",13.797,4,"=0.007972",0.053,5.9033,"0.0001471",13.797,4,"=0.007972",0.053,5.9033,"0.0001471"
99,"ex99","faces_ex99.lst",1,"Poisson","(iii)","(iii)","(iii)",0.06,0.0403,0.032,0.0323,0.0324,0.1631,0.109,0.0872,0.0875,0.0886,0.0815,0.0545,0.0436,0.0437,0.0443,18.462,4,"=0.001002",0.071,3.672,"0.006292",15.471,4,"=0.003818",0.06,3.6457,"0.006575",15.471,4,"=0.003818",0.06,3.6457,"0.006575"
100,"ex100","faces_ex100.lst",1,"Poisson","(v)","(iii)","(iv)",0.0677,0.0682,0.0588,0.0588,0.0587,0.182,0.184,0.158,0.158,0.158,0.0911,0.0919,0.0792,0.079,0.0791,13.489,4,"=0.009117",0.052,1.9741,"0.0989",9.2923,4,"=0.05419",0.036,2.0233,"0.09161",9.2923,4,"=0.05419",0.036,2.0233,"0.09161"
101,"ex101","faces_ex101.lst",1,"Poisson","(iv)","(iii)","(iv)",0.0637,0.0583,0.0416,0.0414,0.0419,0.174,0.157,0.112,0.112,0.113,0.0872,0.0783,0.056,0.0559,0.0565,16.874,4,"=0.002045",0.065,3.1231,"0.01562",15.914,4,"=0.003137",0.061,3.258,"0.01251",15.914,4,"=0.003137",0.061,3.258,"0.01251"
102,"ex102","faces_ex102.lst",1,"Poisson","(iii)","(iii)","(iii)",0.0374,0.0346,0.0272,0.0274,0.0332,0.1022,0.0935,0.0734,0.074,0.09,0.0511,0.0467,0.0367,0.037,0.045,10.486,4,"=0.03299",0.04,0.7433,"0.5632",11.015,4,"=0.02639",0.042,0.7424,"0.5639",11.015,4,"=0.02639",0.042,0.7424,"0.5639"
103,"ex103","faces_ex103.lst",1,"Poisson","(iii)","(iii)","(iii)",0.056,0.0665,0.055,0.0553,0.0558,0.151,0.181,0.148,0.149,0.151,0.0755,0.0903,0.074,0.0746,0.0753,1.5015,4,"=0.8264",0.006,6.7996,"3.241e-05",3.3108,4,"=0.5072",0.013,6.8534,"2.96e-05",3.3108,4,"=0.5072",0.013,6.8534,"2.96e-05"
104,"ex104","faces_ex104.lst",1,"Poisson","(v)","(v)","(v)",0.0703,0.0547,0.0378,0.038,0.0374,0.193,0.147,0.102,0.102,0.101,0.0963,0.0733,0.0508,0.0512,0.0503,12.456,4,"=0.01427",0.048,7.2274,"1.578e-05",12.228,4,"=0.01573",0.047,7.4507,"1.084e-05",12.228,4,"=0.01573",0.047,7.4507,"1.084e-05"
105,"ex105","faces_ex105.lst",1,"Poisson","(iv)","(iv)","(iv)",0.0383,0.042,0.0317,0.0315,0.0319,0.1011,0.1125,0.0838,0.0832,0.0843,0.0505,0.0563,0.0419,0.0416,0.0422,14.117,4,"=0.006931",0.054,1.3247,"0.2611",9.76,4,"=0.04467",0.038,1.4364,"0.2224",9.76,4,"=0.04467",0.038,1.4364,"0.2224"
106,"ex106","faces_ex106.lst",1,"Poisson","(iii)","(iii)","(iii)",0.0667,0.0715,0.0611,0.0613,0.0612,0.179,0.192,0.165,0.165,0.165,0.0897,0.0958,0.0823,0.0825,0.0826,9.0954,4,"=0.05876",0.035,2.6731,"0.03258",8.7631,4,"=0.0673",0.034,2.5298,"0.04106",8.7631,4,"=0.0673",0.034,2.5298,"0.04106"
107,"ex107","faces_ex107.lst",1,"Poisson","(iii)","(iii)","(iii)",0.0694,0.0508,0.0412,0.0415,0.0417,0.19,0.138,0.111,0.112,0.113,0.0948,0.069,0.0555,0.0559,0.0563,16.517,4,"=0.002398",0.064,6.904,"2.718e-05",17.6,4,"=0.001477",0.068,6.9784,"2.399e-05",17.6,4,"=0.001477",0.068,6.9784,"2.399e-05"
108,"ex108","faces_ex108.lst",1,"Poisson","(iv)","(iv)","(iv)",0.0305,0.0441,0.0305,0.0301,0.0304,0.0814,0.1201,0.0815,0.0809,0.0811,0.0407,0.06,0.0408,0.0405,0.0405,11.545,4,"=0.02108",0.044,1.9708,"0.0994",6.7938,4,"=0.1472",0.026,2.0022,"0.09467",6.7938,4,"=0.1472",0.026,2.0022,"0.09467"
109,"ex109","faces_ex109.lst",1,"Poisson","(iii)","(iii)","(iii)",0.09,0.1223,0.0877,0.0916,0.0896,0.241,0.326,0.234,0.245,0.24,0.12,0.163,0.117,0.123,0.12,23.483,4,"=0.0001014",0.09,13.173,"9.003e-10",17.76,4,"=0.001375",0.068,13.544,"4.977e-10",17.76,4,"=0.001375",0.068,13.544,"4.977e-10"
110,"ex110","faces_ex110.lst",1,"Poisson","(iii)","(iii)","(iii)",0.0637,0.0837,0.0575,0.059,0.0591,0.173,0.225,0.154,0.158,0.159,0.0863,0.1125,0.077,0.0791,0.0795,42.794,4,"=1.142e-08",0.165,14.808,"6.739e-11",45.502,4,"=3.127e-09",0.175,14.194,"1.776e-10",45.502,4,"=3.127e-09",0.175,14.194,"1.776e-10"
111,"ex111","faces_ex111.lst",1,"Poisson","(iii)","(v)","(v)",0.0503,0.066,0.0502,0.0511,0.0502,0.135,0.178,0.135,0.138,0.134,0.0675,0.0889,0.0675,0.0689,0.0671,16.578,4,"=0.002334",0.064,12.354,"3.349e-09",18.597,4,"=0.000943",0.072,12.902,"1.388e-09",18.597,4,"=0.000943",0.072,12.902,"1.388e-09"
112,"ex112","faces_ex112.lst",1,"Poisson","(iii)","(iii)","(iii)",0.0937,0.1127,0.0919,0.0942,0.0928,0.251,0.305,0.246,0.253,0.249,0.126,0.152,0.123,0.127,0.125,4.6277,4,"=0.3277",0.018,5.4846,"0.0002984",4.5292,4,"=0.3391",0.017,6.0371,"0.0001173",4.5292,4,"=0.3391",0.017,6.0371,"0.0001173"
113,"ex113","faces_ex113.lst",1,"Poisson","(v)","(v)","(v)",0.0703,0.0744,0.063,0.0618,0.0602,0.188,0.199,0.169,0.166,0.161,0.0938,0.0996,0.0845,0.083,0.0805,10.363,4,"=0.03474",0.04,3.2252,"0.0132",11.052,4,"=0.02598",0.043,3.1508,"0.01493",11.052,4,"=0.02598",0.043,3.1508,"0.01493"
114,"ex114","faces_ex114.lst",1,"Poisson","(i)","(i)","(i)",0.0488,0.0628,0.0507,0.0497,0.0499,0.131,0.169,0.136,0.133,0.134,0.0654,0.0843,0.0679,0.0666,0.0669,12.837,4,"=0.0121",0.049,10.406,"7.969e-08",9.3169,4,"=0.05365",0.036,10.725,"4.727e-08",9.3169,4,"=0.05365",0.036,10.725,"4.727e-08"
115,"ex115","faces_ex115.lst",1,"Poisson","(iv)","(iii)","(iv)",0.0922,0.118,0.0922,0.0919,0.0926,0.25,0.316,0.249,0.249,0.25,0.125,0.158,0.125,0.124,0.125,4.3815,4,"=0.3568",0.017,12.35,"3.375e-09",4.5292,4,"=0.3391",0.017,11.754,"8.845e-09",4.5292,4,"=0.3391",0.017,11.754,"8.845e-09"
116,"ex116","faces_ex116.lst",1,"Poisson","(iii)","(iii)","(iii)",0.0864,0.1105,0.0713,0.0734,0.0717,0.235,0.298,0.193,0.2,0.195,0.1173,0.1491,0.0964,0.0998,0.0975,15.852,4,"=0.003224",0.061,4.9535,"0.0007316",13.932,4,"=0.007514",0.054,4.9143,"0.0007816",13.932,4,"=0.007514",0.054,4.9143,"0.0007816"
117,"ex117","faces_ex117.lst",1,"Poisson","(iv)","(iv)","(iv)",0.055,0.0707,0.0548,0.0529,0.0543,0.148,0.189,0.147,0.142,0.146,0.0739,0.0946,0.0736,0.0712,0.073,9.6246,4,"=0.04725",0.037,8.7713,"1.19e-06",8.7015,4,"=0.06901",0.033,8.4358,"2.082e-06",8.7015,4,"=0.06901",0.033,8.4358,"2.082e-06"
118,"ex118","faces_ex118.lst",1,"Poisson","(iii)","(iii)","(iii)",0.0844,0.095,0.0731,0.0732,0.0783,0.224,0.251,0.195,0.196,0.209,0.1121,0.1257,0.0977,0.098,0.1044,7.8892,4,"=0.09572",0.03,3.4979,"0.008407",6.9908,4,"=0.1364",0.027,3.364,"0.0105",6.9908,4,"=0.1364",0.027,3.364,"0.0105"
119,"ex119","faces_ex119.lst",1,"Poisson","(iv)","(iv)","(iv)",0.0723,0.0792,0.0627,0.0621,0.0628,0.194,0.211,0.168,0.167,0.169,0.097,0.1055,0.0842,0.0834,0.0843,22.006,4,"=0.0001999",0.085,4.7823,"0.0009764",18.006,4,"=0.001231",0.069,4.3872,"0.001899",18.006,4,"=0.001231",0.069,4.3872,"0.001899"
120,"ex120","faces_ex120.lst",1,"Poisson","(iii)","(iii)","(iv)",0.0476,0.062,0.0467,0.0467,0.0471,0.129,0.167,0.126,0.126,0.127,0.0643,0.0837,0.063,0.0629,0.0636,14.794,4,"=0.005148",0.057,15.139,"4.008e-11",17.44,4,"=0.001587",0.067,15.094,"4.308e-11",17.44,4,"=0.001587",0.067,15.094,"4.308e-11"
121,"ex121","faces_ex121.lst",1,"Poisson","(iii)","(iii)","(iii)",0.095,0.1103,0.0841,0.0843,0.0848,0.256,0.298,0.227,0.227,0.23,0.128,0.149,0.113,0.114,0.115,9.1938,4,"=0.05643",0.035,3.5565,"0.007626",15.655,4,"=0.003518",0.06,3.839,"0.004762",15.655,4,"=0.003518",0.06,3.839,"0.004762"
122,"ex122","faces_ex122.lst",1,"Poisson","(v)","(v)","(v)",0.0613,0.0711,0.0578,0.0566,0.056,0.166,0.191,0.157,0.154,0.151,0.0829,0.0953,0.0784,0.0771,0.0756,18.523,4,"=0.0009749",0.071,3.8993,"0.004306",16.825,4,"=0.002091",0.065,3.5302,"0.007967",16.825,4,"=0.002091",0.065,3.5302,"0.007967"
123,"ex123","faces_ex123.lst",1,"Poisson","(iii)","(iii)","(iii)",0.039,0.055,0.038,0.0389,0.0386,0.105,0.148,0.102,0.104,0.103,0.0523,0.0738,0.0509,0.0521,0.0517,10.08,4,"=0.0391",0.039,13.702,"3.876e-10",13.711,4,"=0.008278",0.053,13.793,"3.353e-10",13.711,4,"=0.008278",0.053,13.793,"3.353e-10"
124,"ex124","faces_ex124.lst",1,"Poisson","(iii)","(iii)","(iii)",0.0736,0.1119,0.0709,0.0727,0.0715,0.198,0.3,0.191,0.195,0.192,0.0991,0.1499,0.0956,0.0973,0.0962,23.446,4,"=0.0001031",0.09,21.541,"2.48e-15",21.637,4,"=0.0002367",0.083,22.131,"1.049e-15",21.637,4,"=0.0002367",0.083,22.131,"1.049e-15"
125,"ex125","faces_ex125.lst",1,"Poisson","(v)","(v)","(v)",0.0589,0.0808,0.0578,0.057,0.0559,0.158,0.215,0.154,0.154,0.149,0.0792,0.1077,0.077,0.0768,0.0744,26.917,4,"=2.066e-05",0.104,5.7384,"0.0001943",24.763,4,"=5.614e-05",0.095,5.8854,"0.0001516",24.763,4,"=5.614e-05",0.095,5.8854,"0.0001516"
126,"ex126","faces_ex126.lst",1,"Poisson","(iv)","(iv)","(iv)",0.0424,0.0565,0.0419,0.0413,0.0431,0.114,0.153,0.113,0.111,0.116,0.0571,0.0766,0.0563,0.0557,0.058,23.988,4,"=8.033e-05",0.092,12.443,"2.905e-09",21.009,4,"=0.0003153",0.081,12.764,"1.733e-09",21.009,4,"=0.0003153",0.081,12.764,"1.733e-09"
127,"ex127","faces_ex127.lst",1,"Poisson","(iii)","(iii)","(iii)",0.0834,0.1105,0.0784,0.0789,0.0795,0.223,0.295,0.21,0.212,0.213,0.111,0.148,0.105,0.106,0.106,21.083,4,"=0.0003049",0.081,13.774,"3.454e-10",26.142,4,"=2.963e-05",0.101,13.804,"3.292e-10",26.142,4,"=2.963e-05",0.101,13.804,"3.292e-10"
128,"ex128","faces_ex128.lst",1,"Poisson","(iii)","(iii)","(iii)",0.0701,0.0818,0.0524,0.053,0.0524,0.188,0.22,0.14,0.142,0.14,0.0942,0.1098,0.0699,0.0709,0.0699,13.735,4,"=0.008189",0.053,4.2928,"0.002226",15.458,4,"=0.003839",0.059,4.3912,"0.001887",15.458,4,"=0.003839",0.059,4.3912,"0.001887"
129,"ex129","faces_ex129.lst",1,"Poisson","(iii)","(iii)","(iii)",0.046,0.0551,0.0398,0.0402,0.0407,0.124,0.148,0.106,0.108,0.109,0.0618,0.0742,0.0532,0.0539,0.0545,13.108,4,"=0.01076",0.05,4.4103,"0.001827",16.812,4,"=0.002102",0.065,4.4971,"0.001579",16.812,4,"=0.002102",0.065,4.4971,"0.001579"
130,"ex130","faces_ex130.lst",1,"Poisson","(iii)","(iii)","(iii)",0.0797,0.0959,0.0795,0.0799,0.0795,0.216,0.258,0.215,0.216,0.215,0.108,0.129,0.107,0.108,0.108,7.0523,4,"=0.1331",0.027,5.1342,"0.0005392",8.3938,4,"=0.07817",0.032,5.0195,"0.0006544",8.3938,4,"=0.07817",0.032,5.0195,"0.0006544"
131,"ex131","faces_ex131.lst",1,"Poisson","(iii)","(iii)","(iii)",0.0721,0.0784,0.0579,0.059,0.058,0.193,0.21,0.155,0.159,0.155,0.0965,0.1049,0.0774,0.0793,0.0776,16.751,4,"=0.002161",0.064,4.2695,"0.002315",21.034,4,"=0.0003118",0.081,4.3796,"0.001924",21.034,4,"=0.0003118",0.081,4.3796,"0.001924"
132,"ex132","faces_ex132.lst",1,"Poisson","(iii)","(iii)","(iii)",0.0438,0.0573,0.0431,0.0436,0.0444,0.118,0.155,0.115,0.116,0.119,0.0589,0.0775,0.0577,0.0582,0.0597,16.726,4,"=0.002185",0.064,12.323,"3.52e-09",20.025,4,"=0.0004938",0.077,12.424,"2.995e-09",20.025,4,"=0.0004938",0.077,12.424,"2.995e-09"
133,"ex133","faces_ex133.lst",1,"Poisson","(iv)","(iii)","(iii)",0.0809,0.097,0.0787,0.0786,0.0796,0.219,0.259,0.212,0.212,0.214,0.109,0.129,0.106,0.106,0.107,5.8215,4,"=0.2129",0.022,5.715,"0.0002022",2.5723,4,"=0.6317",0.01,5.2458,"0.0004466",2.5723,4,"=0.6317",0.01,5.2458,"0.0004466"
134,"ex134","faces_ex134.lst",1,"Poisson","(iii)","(iii)","(iii)",0.0666,0.081,0.0591,0.0594,0.0594,0.179,0.217,0.159,0.16,0.159,0.0894,0.1086,0.0794,0.0798,0.0797,15.742,4,"=0.003386",0.061,7.967,"4.56e-06",11.865,4,"=0.01839",0.046,7.7053,"7.07e-06",11.865,4,"=0.01839",0.046,7.7053,"7.07e-06"
135,"ex135","faces_ex135.lst",1,"Poisson","(iii)","(iii)","(iii)",0.0385,0.0634,0.037,0.0381,0.0387,0.105,0.173,0.101,0.103,0.106,0.0525,0.0864,0.0503,0.0517,0.0528,17.194,4,"=0.001772",0.066,7.7831,"6.205e-06",17.095,4,"=0.001852",0.066,7.2342,"1.56e-05",17.095,4,"=0.001852",0.066,7.2342,"1.56e-05"
136,"ex136","faces_ex136.lst",1,"Poisson","(i)","(i)","(i)",0.138,0.175,0.141,0.141,0.143,0.367,0.464,0.376,0.379,0.378,0.184,0.232,0.188,0.189,0.189,6.7467,4,"=0.1499",0.026,7.5857,"8.641e-06",6.4142,4,"=0.1703",0.025,7.7998,"6.034e-06",6.4142,4,"=0.1703",0.025,7.7998,"6.034e-06"
137,"ex137","faces_ex137.lst",1,"Poisson","(v)","(v)","(v)",0.101,0.139,0.104,0.107,0.1,0.272,0.373,0.28,0.288,0.269,0.136,0.187,0.14,0.144,0.135,16.911,4,"=0.002012",0.065,12.728,"1.836e-09",19.532,4,"=0.0006176",0.075,12.429,"2.969e-09",19.532,4,"=0.0006176",0.075,12.429,"2.969e-09"
138,"ex138","faces_ex138.lst",1,"Poisson","(iii)","(iii)","(iii)",0.0886,0.1052,0.0835,0.0849,0.0878,0.238,0.281,0.225,0.229,0.237,0.119,0.14,0.113,0.115,0.118,8.3692,4,"=0.07895",0.032,7.6739,"7.451e-06",10.129,4,"=0.03831",0.039,7.3776,"1.226e-05",10.129,4,"=0.03831",0.039,7.3776,"1.226e-05"
139,"ex139","faces_ex139.lst",1,"Poisson","(iv)","(i)","(i)",0.147,0.19,0.148,0.146,0.151,0.395,0.513,0.395,0.395,0.404,0.197,0.256,0.198,0.198,0.202,8.3938,4,"=0.07817",0.032,6.7393,"3.588e-05",10.991,4,"=0.02667",0.042,7.0965,"1.966e-05",10.991,4,"=0.02667",0.042,7.0965,"1.966e-05"
140,"ex140","faces_ex140.lst",1,"Poisson","(iii)","(iii)","(iii)",0.103,0.149,0.1,0.1,0.103,0.276,0.394,0.268,0.269,0.276,0.138,0.197,0.134,0.135,0.138,21.785,4,"=0.0002212",0.084,13.062,"1.075e-09",23.582,4,"=9.688e-05",0.091,12.984,"1.217e-09",23.582,4,"=9.688e-05",0.091,12.984,"1.217e-09"
141,"ex141","faces_ex141.lst",1,"Poisson","(iii)","(iii)","(iii)",0.0738,0.1127,0.0659,0.0715,0.0743,0.2,0.307,0.175,0.192,0.2,0.1,0.1536,0.0874,0.0962,0.1002,51.631,4,"=1.648e-10",0.199,30.467,"<",56.025,4,"=1.981e-11",0.215,33.414,"<",56.025,4,"=1.981e-11",0.215,33.414,"<"
142,"ex142","faces_ex142.lst",1,"Poisson","(iii)","(iii)","(v)",0.148,0.18,0.147,0.148,0.147,0.395,0.477,0.393,0.396,0.393,0.198,0.239,0.197,0.198,0.196,4.7138,4,"=0.3179",0.018,6.8519,"2.968e-05",5.8462,4,"=0.2109",0.022,6.2015,"8.889e-05",5.8462,4,"=0.2109",0.022,6.2015,"8.889e-05"
143,"ex143","faces_ex143.lst",1,"Poisson","(iv)","(i)","(i)",0.0943,0.1162,0.0945,0.094,0.0957,0.253,0.313,0.257,0.256,0.257,0.126,0.156,0.128,0.128,0.128,4.5908,4,"=0.3319",0.018,4.0986,"0.003084",7.3969,4,"=0.1163",0.028,4.0199,"0.003518",7.3969,4,"=0.1163",0.028,4.0199,"0.003518"
144,"ex144","faces_ex144.lst",1,"Poisson","(iii)","(iii)","(iii)",0.0806,0.1056,0.0751,0.0774,0.0793,0.215,0.282,0.202,0.208,0.211,0.108,0.141,0.101,0.104,0.106,11.212,4,"=0.02428",0.043,10.195,"1.128e-07",7.6185,4,"=0.1066",0.029,10.364,"8.545e-08",7.6185,4,"=0.1066",0.029,10.364,"8.545e-08"
145,"ex145","faces_ex145.lst",1,"Poisson","(iv)","(iv)","(iv)",0.131,0.182,0.129,0.127,0.131,0.349,0.487,0.343,0.339,0.35,0.175,0.243,0.172,0.17,0.175,17.391,4,"=0.001623",0.067,10.549,"6.306e-08",16.505,4,"=0.002412",0.063,10.951,"3.265e-08",16.505,4,"=0.002412",0.063,10.951,"3.265e-08"
146,"ex146","faces_ex146.lst",1,"Poisson","(i)","(i)","(i)",0.0914,0.1344,0.0958,0.098,0.094,0.242,0.36,0.257,0.264,0.25,0.121,0.18,0.129,0.132,0.125,21.871,4,"=0.0002126",0.084,15.551,"2.109e-11",25.145,4,"=4.705e-05",0.097,16.36,"6.006e-12",25.145,4,"=4.705e-05",0.097,16.36,"6.006e-12"
147,"ex147","faces_ex147.lst",1,"Poisson","(iii)","(iii)","(iii)",0.0818,0.1147,0.0769,0.079,0.0809,0.221,0.308,0.208,0.214,0.219,0.111,0.154,0.104,0.107,0.109,10.966,4,"=0.02695",0.042,11.675,"1.005e-08",8.5292,4,"=0.07401",0.033,11.253,"1.995e-08",8.5292,4,"=0.07401",0.033,11.253,"1.995e-08"
148,"ex148","faces_ex148.lst",1,"Poisson","(v)","(v)","(v)",0.132,0.18,0.133,0.132,0.13,0.355,0.478,0.358,0.355,0.35,0.177,0.239,0.179,0.177,0.175,28.074,4,"=1.205e-05",0.108,20.626,"9.515e-15",26.129,4,"=2.98e-05",0.1,19.295,"6.89e-14",26.129,4,"=2.98e-05",0.1,19.295,"6.89e-14"
149,"ex149","faces_ex149.lst",1,"Poisson","(iii)","(iii)","(iii)",0.119,0.147,0.112,0.112,0.113,0.32,0.395,0.298,0.298,0.303,0.16,0.198,0.149,0.149,0.152,23.422,4,"=0.0001043",0.09,10.377,"8.359e-08",23.828,4,"=8.648e-05",0.092,10.875,"3.696e-08",23.828,4,"=8.648e-05",0.092,10.875,"3.696e-08"
150,"ex150","faces_ex150.lst",1,"Poisson","(iii)","(iii)","(iii)",0.0805,0.1035,0.0729,0.0764,0.0801,0.216,0.279,0.195,0.205,0.216,0.1082,0.1394,0.0976,0.1024,0.1081,22.018,4,"=0.0001987",0.085,14.537,"1.033e-10",20.738,4,"=0.0003568",0.08,14.521,"1.06e-10",20.738,4,"=0.0003568",0.08,14.521,"1.06e-10"
151,"ex151","faces_ex151.lst",1,"Poisson","(v)","(v)","(i)",0.125,0.173,0.126,0.126,0.124,0.336,0.467,0.341,0.342,0.335,0.168,0.233,0.171,0.171,0.168,12.443,4,"=0.01434",0.048,12.757,"1.754e-09",16.997,4,"=0.001936",0.065,13.196,"8.675e-10",16.997,4,"=0.001936",0.065,13.196,"8.675e-10"
152,"ex152","faces_ex152.lst",1,"Poisson","(v)","(v)","(v)",0.113,0.142,0.11,0.11,0.109,0.303,0.378,0.293,0.294,0.291,0.151,0.189,0.146,0.147,0.145,10.585,4,"=0.03165",0.041,10.859,"3.797e-08",8.9231,4,"=0.06305",0.034,10.683,"5.065e-08",8.9231,4,"=0.06305",0.034,10.683,"5.065e-08"
153,"ex153","faces_ex153.lst",1,"Poisson","(iii)","(iii)","(iii)",0.0757,0.0946,0.0693,0.0747,0.0762,0.203,0.253,0.185,0.201,0.205,0.1016,0.1263,0.0926,0.1007,0.1024,22.745,4,"=0.0001424",0.087,9.2877,"5.048e-07",25.058,4,"=4.897e-05",0.096,9.3727,"4.385e-07",25.058,4,"=4.897e-05",0.096,9.3727,"4.385e-07"
154,"ex154","faces_ex154.lst",1,"Poisson","(iii)","(iii)","(iii)",0.131,0.165,0.13,0.131,0.13,0.35,0.442,0.348,0.349,0.348,0.175,0.221,0.174,0.175,0.174,8.5169,4,"=0.07438",0.033,9.138,"6.471e-07",8.7631,4,"=0.0673",0.034,10.553,"6.271e-08",8.7631,4,"=0.0673",0.034,10.553,"6.271e-08"
155,"ex155","faces_ex155.lst",1,"Poisson","(i)","(i)","(i)",0.0982,0.1297,0.1005,0.1021,0.0989,0.263,0.347,0.271,0.276,0.264,0.131,0.173,0.136,0.138,0.132,18.474,4,"=0.0009968",0.071,11.075,"2.667e-08",22.917,4,"=0.0001316",0.088,10.521,"6.606e-08",22.917,4,"=0.0001316",0.088,10.521,"6.606e-08"
156,"ex156","faces_ex156.lst",1,"Poisson","(iii)","(iii)","(iii)",0.0723,0.0892,0.0654,0.0698,0.0724,0.195,0.239,0.176,0.189,0.195,0.0975,0.1197,0.0881,0.0943,0.0977,23.938,4,"=8.218e-05",0.092,11.305,"1.832e-08",21.649,4,"=0.0002354",0.083,11.149,"2.363e-08",21.649,4,"=0.0002354",0.083,11.149,"2.363e-08"
157,"ex157","faces_ex157.lst",1,"Poisson","(i)","(i)","(i)",0.12,0.177,0.121,0.121,0.122,0.323,0.481,0.327,0.327,0.329,0.162,0.241,0.164,0.164,0.164,18.031,4,"=0.001217",0.069,18.353,"2.847e-13",16.234,4,"=0.002721",0.062,19.217,"7.743e-14",16.234,4,"=0.002721",0.062,19.217,"7.743e-14"
158,"ex158","faces_ex158.lst",1,"Poisson","(iii)","(iii)","(iii)",0.0928,0.1148,0.091,0.0926,0.0928,0.251,0.308,0.246,0.251,0.25,0.125,0.154,0.123,0.126,0.125,3.5323,4,"=0.473",0.014,5.0098,"0.0006653",4.2954,4,"=0.3675",0.017,4.8375,"0.0008896",4.2954,4,"=0.3675",0.017,4.8375,"0.0008896"
159,"ex159","faces_ex159.lst",1,"Poisson","(iii)","(iii)","(iii)",0.0689,0.0927,0.0681,0.0696,0.0687,0.186,0.25,0.184,0.187,0.185,0.0928,0.125,0.0918,0.0933,0.0923,9.4892,4,"=0.04997",0.036,5.0879,"0.0005831",8.1231,4,"=0.08717",0.031,4.9198,"0.0007744",8.1231,4,"=0.08717",0.031,4.9198,"0.0007744"
160,"ex160","faces_ex160.lst",1,"Poisson","(iv)","(iv)","(iv)",0.134,0.157,0.133,0.132,0.135,0.36,0.424,0.357,0.355,0.36,0.18,0.212,0.179,0.177,0.18,0.57846,4,"=0.9654",0.002,3.4499,"0.009103",1.1446,4,"=0.8871",0.004,3.9688,"0.003833",1.1446,4,"=0.8871",0.004,3.9688,"0.003833"
161,"ex161","faces_ex161.lst",1,"Poisson","(iii)","(iii)","(iii)",0.124,0.128,0.117,0.119,0.12,0.333,0.342,0.311,0.316,0.324,0.166,0.171,0.156,0.158,0.162,3.4338,4,"=0.488",0.013,0.9096,"0.4588",5.0338,4,"=0.2838",0.019,1.0639,"0.3749",5.0338,4,"=0.2838",0.019,1.0639,"0.3749"
162,"ex162","faces_ex162.lst",1,"Poisson","(i)","(iii)","(iii)",0.0731,0.0888,0.0737,0.0752,0.0743,0.197,0.239,0.195,0.2,0.2,0.0984,0.1193,0.0977,0.1,0.0999,6.4369,4,"=0.1688",0.025,3.6809,"0.0062",7.8031,4,"=0.09906",0.03,4.0496,"0.003348",7.8031,4,"=0.09906",0.03,4.0496,"0.003348"
163,"ex163","faces_ex163.lst",1,"Poisson","(iii)","(iii)","(iii)",0.085,0.068,0.053,0.054,0.054,0.228,0.183,0.143,0.145,0.146,0.1142,0.0916,0.0714,0.0726,0.0728,20.517,4,"=0.0003947",0.079,4.6896,"0.001141",19.446,4,"=0.0006422",0.075,4.7062,"0.00111",19.446,4,"=0.0006422",0.075,4.7062,"0.00111"
164,"ex164","faces_ex164.lst",1,"Poisson","(v)","(iii)","(v)",0.0796,0.065,0.0414,0.0422,0.0412,0.215,0.175,0.111,0.114,0.111,0.1077,0.0877,0.0557,0.0568,0.0555,22.991,4,"=0.0001272",0.088,5.3087,"0.0004016",19.582,4,"=0.0006039",0.075,5.5119,"0.0002849",19.582,4,"=0.0006039",0.075,5.5119,"0.0002849"
165,"ex165","faces_ex165.lst",1,"Poisson","(iii)","(i)","(i)",0.0287,0.0487,0.0285,0.0288,0.0291,0.0766,0.1281,0.0766,0.0773,0.0777,0.0383,0.064,0.0383,0.0386,0.0389,19.852,4,"=0.0005341",0.076,4.502,"0.001566",20.148,4,"=0.000467",0.077,4.8331,"0.0008963",20.148,4,"=0.000467",0.077,4.8331,"0.0008963"
166,"ex166","faces_ex166.lst",1,"Poisson","(iii)","(iii)","(iii)",0.0592,0.0696,0.0465,0.047,0.0477,0.16,0.186,0.126,0.127,0.129,0.08,0.0928,0.0631,0.0635,0.0646,9.2677,4,"=0.05475",0.036,4.9835,"0.0006954",10.302,4,"=0.03564",0.04,4.9372,"0.0007519",10.302,4,"=0.03564",0.04,4.9372,"0.0007519"
167,"ex167","faces_ex167.lst",1,"Poisson","(iii)","(iii)","(iii)",0.0799,0.0532,0.0425,0.0435,0.0432,0.22,0.144,0.115,0.118,0.117,0.1098,0.0721,0.0575,0.059,0.0583,8,4,"=0.09158",0.031,6.2729,"7.879e-05",7.5692,4,"=0.1087",0.029,6.3206,"7.27e-05",7.5692,4,"=0.1087",0.029,6.3206,"7.27e-05"
168,"ex168","faces_ex168.lst",1,"Poisson","(iii)","(iii)","(iii)",0.0284,0.0393,0.0278,0.0279,0.0281,0.0757,0.1058,0.0743,0.0747,0.0748,0.0379,0.0529,0.0372,0.0374,0.0374,32.812,4,"=1.305e-06",0.126,19.488,"5.162e-14",31.889,4,"=2.015e-06",0.123,21.691,"1.992e-15",31.889,4,"=2.015e-06",0.123,21.691,"1.992e-15"
169,"ex169","faces_ex169.lst",1,"Poisson","(iii)","(iii)","(iii)",0.0737,0.0756,0.0565,0.0574,0.0567,0.198,0.204,0.151,0.153,0.151,0.0989,0.1018,0.0753,0.0765,0.0757,9.9446,4,"=0.04137",0.038,4.4411,"0.001735",7.7662,4,"=0.1005",0.03,4.6272,"0.001268",7.7662,4,"=0.1005",0.03,4.6272,"0.001268"
170,"ex170","faces_ex170.lst",1,"Poisson","(iii)","(iii)","(iii)",0.0994,0.0569,0.0357,0.0359,0.0358,0.2703,0.1534,0.0959,0.0963,0.0961,0.1352,0.0767,0.048,0.0482,0.0481,17.649,4,"=0.001445",0.068,9.6764,"2.653e-07",13.342,4,"=0.009722",0.051,9.8471,"2.001e-07",13.342,4,"=0.009722",0.051,9.8471,"2.001e-07"
171,"ex171","faces_ex171.lst",1,"Poisson","(i)","(i)","(i)",0.0259,0.0434,0.0266,0.0264,0.0261,0.0696,0.1172,0.0716,0.071,0.0701,0.0348,0.0586,0.0358,0.0355,0.035,31.397,4,"=2.541e-06",0.121,7.9958,"4.345e-06",33.489,4,"=9.484e-07",0.129,7.8022,"6.01e-06",33.489,4,"=9.484e-07",0.129,7.8022,"6.01e-06"
172,"ex172","faces_ex172.lst",1,"Poisson","(iii)","(iii)","(iii)",0.0863,0.0618,0.0498,0.0503,0.0505,0.23,0.166,0.134,0.135,0.136,0.1151,0.0832,0.0669,0.0677,0.068,11.36,4,"=0.0228",0.044,4.6328,"0.001256",13.6,4,"=0.008687",0.052,4.7349,"0.001058",13.6,4,"=0.008687",0.052,4.7349,"0.001058"
173,"ex173","faces_ex173.lst",1,"Poisson","(iii)","(iii)","(iii)",0.1058,0.0512,0.0382,0.0383,0.0382,0.287,0.138,0.102,0.102,0.102,0.1434,0.069,0.0509,0.0512,0.0511,16.025,4,"=0.002986",0.062,10.317,"9.236e-08",16.222,4,"=0.002736",0.062,10.422,"7.769e-08",16.222,4,"=0.002736",0.062,10.422,"7.769e-08"
174,"ex174","faces_ex174.lst",1,"Poisson","(iv)","(iv)","(iv)",0.0397,0.0399,0.0252,0.0251,0.0254,0.1051,0.1061,0.0675,0.0673,0.0681,0.0525,0.053,0.0338,0.0336,0.034,26.437,4,"=2.583e-05",0.102,2.5234,"0.04148",24.012,4,"=7.942e-05",0.092,2.5996,"0.03669",24.012,4,"=7.942e-05",0.092,2.5996,"0.03669"
175,"ex175","faces_ex175.lst",1,"Poisson","(iii)","(iii)","(iii)",0.1097,0.0764,0.049,0.0497,0.0493,0.294,0.205,0.131,0.133,0.132,0.1469,0.1023,0.0653,0.0665,0.0659,18.08,4,"=0.00119",0.07,7.1797,"1.709e-05",15.348,4,"=0.004032",0.059,7.2146,"1.612e-05",15.348,4,"=0.004032",0.059,7.2146,"1.612e-05"
176,"ex176","faces_ex176.lst",1,"Poisson","(iv)","(iv)","(iv)",0.0871,0.0493,0.0343,0.0341,0.0383,0.238,0.1335,0.0917,0.0911,0.1021,0.119,0.0668,0.0458,0.0456,0.0511,9.8092,4,"=0.04377",0.038,8.8824,"9.895e-07",7.0523,4,"=0.1331",0.027,9.0278,"7.771e-07",7.0523,4,"=0.1331",0.027,9.0278,"7.771e-07"
177,"ex177","faces_ex177.lst",1,"Poisson","(iii)","(iii)","(iii)",0.036,0.0378,0.027,0.0276,0.0274,0.0979,0.1014,0.0724,0.0741,0.0736,0.049,0.0507,0.0362,0.0371,0.0368,5.0338,4,"=0.2838",0.019,1.1593,"0.3293",5.6492,4,"=0.2269",0.022,1.1387,"0.3387",5.6492,4,"=0.2269",0.022,1.1387,"0.3387"
178,"ex178","faces_ex178.lst",1,"Poisson","(iv)","(iv)","(iv)",0.0802,0.0688,0.0542,0.0538,0.0547,0.215,0.186,0.145,0.143,0.146,0.1075,0.093,0.0723,0.0717,0.0732,8.5415,4,"=0.07364",0.033,3.8534,"0.004649",12.775,4,"=0.01243",0.049,4.0738,"0.003214",12.775,4,"=0.01243",0.049,4.0738,"0.003214"
179,"ex179","faces_ex179.lst",1,"Poisson","(iv)","(iv)","(iv)",0.0867,0.0471,0.0336,0.0335,0.0337,0.2357,0.1276,0.0911,0.0908,0.0916,0.1178,0.0638,0.0456,0.0454,0.0458,28.32,4,"=1.074e-05",0.109,13.888,"2.885e-10",29.477,4,"=6.254e-06",0.113,13.907,"2.799e-10",29.477,4,"=6.254e-06",0.113,13.907,"2.799e-10"
180,"ex180","faces_ex180.lst",1,"Poisson","(iv)","(v)","(iii)",0.0246,0.0353,0.0245,0.0243,0.0244,0.066,0.0949,0.0657,0.0656,0.0655,0.033,0.0475,0.0328,0.0328,0.0328,31.483,4,"=2.44e-06",0.121,23.742,"<",32.578,4,"=1.457e-06",0.125,23.132,"2.468e-16",32.578,4,"=1.457e-06",0.125,23.132,"2.468e-16"
181,"ex181","faces_ex181.lst",1,"Poisson","(v)","(v)","(v)",0.0874,0.0626,0.0445,0.0449,0.0443,0.234,0.169,0.119,0.119,0.118,0.117,0.0844,0.0593,0.0597,0.0591,17.982,4,"=0.001244",0.069,5.726,"0.0001984",23.532,4,"=9.91e-05",0.091,5.7434,"0.0001927",23.532,4,"=9.91e-05",0.091,5.7434,"0.0001927"
182,"ex182","faces_ex182.lst",1,"Poisson","(iv)","(iv)","(iv)",0.0718,0.0451,0.0319,0.0318,0.0324,0.1954,0.1214,0.0854,0.0852,0.0867,0.0977,0.0607,0.0427,0.0426,0.0433,2.9538,4,"=0.5656",0.011,7.1754,"1.722e-05",2.3877,4,"=0.6649",0.009,7.3939,"1.192e-05",2.3877,4,"=0.6649",0.009,7.3939,"1.192e-05"
183,"ex183","faces_ex183.lst",1,"Poisson","(i)","(i)","(i)",0.0232,0.0327,0.0234,0.0236,0.0233,0.0626,0.0876,0.0631,0.0637,0.0627,0.0313,0.0438,0.0315,0.0318,0.0313,29.231,4,"=7.017e-06",0.112,22.024,"1.226e-15",32.911,4,"=1.246e-06",0.127,22.71,"4.53e-16",32.911,4,"=1.246e-06",0.127,22.71,"4.53e-16"
184,"ex184","faces_ex184.lst",1,"Poisson","(iii)","(iii)","(iii)",0.052,0.0519,0.042,0.0424,0.042,0.141,0.14,0.115,0.116,0.115,0.0707,0.07,0.0573,0.0581,0.0575,5.0215,4,"=0.2851",0.019,1.9692,"0.09965",11.188,4,"=0.02453",0.043,1.9282,"0.1062",11.188,4,"=0.02453",0.043,1.9282,"0.1062"
185,"ex185","faces_ex185.lst",1,"Poisson","(iii)","(iii)","(iii)",0.0902,0.0644,0.0323,0.0325,0.0325,0.243,0.1704,0.0873,0.0879,0.0878,0.1215,0.0852,0.0437,0.044,0.0439,23.692,4,"=9.206e-05",0.091,6.8674,"2.585e-05",21.305,4,"=0.0002755",0.082,7.0604,"2.089e-05",21.305,4,"=0.0002755",0.082,7.0604,"2.089e-05"
186,"ex186","faces_ex186.lst",1,"Poisson","(iv)","(iv)","(iv)",0.0222,0.0336,0.0216,0.0215,0.0219,0.0603,0.0911,0.0586,0.0583,0.0592,0.0301,0.0455,0.0293,0.0291,0.0296,20.148,4,"=0.000467",0.077,4.0999,"0.003077",15.557,4,"=0.003675",0.06,3.9173,"0.004178",15.557,4,"=0.003675",0.06,3.9173,"0.004178"
187,"ex187","faces_ex187.lst",1,"Poisson","(iii)","(iii)","(iii)",0.0735,0.0532,0.0449,0.045,0.045,0.197,0.143,0.12,0.121,0.121,0.0986,0.0714,0.0601,0.0603,0.0603,3.8277,4,"=0.4298",0.015,3.8322,"0.004817",12.062,4,"=0.0169",0.046,3.9024,"0.004283",12.062,4,"=0.0169",0.046,3.9024,"0.004283"
188,"ex188","faces_ex188.lst",1,"Poisson","(iii)","(iv)","(iv)",0.108,0.0577,0.0341,0.0341,0.039,0.2955,0.1546,0.092,0.0918,0.1058,0.1477,0.0773,0.046,0.0459,0.0529,11.742,4,"=0.01938",0.045,11.049,"2.784e-08",16.234,4,"=0.002721",0.062,11.27,"1.942e-08",16.234,4,"=0.002721",0.062,11.27,"1.942e-08"
189,"ex189","faces_ex189.lst",1,"Poisson","(iii)","(iii)","(iii)",0.0321,0.0286,0.0247,0.0247,0.0249,0.0856,0.0775,0.0666,0.0669,0.067,0.0428,0.0387,0.0333,0.0334,0.0335,2.4862,4,"=0.6471",0.01,0.9868,"0.4153",3.9877,4,"=0.4077",0.015,0.9837,"0.4169",3.9877,4,"=0.4077",0.015,0.9837,"0.4169"
190,"ex190","faces_ex190.lst",1,"Poisson","(v)","(v)","(iii)",0.0965,0.1567,0.087,0.0879,0.0863,0.258,0.417,0.231,0.234,0.23,0.129,0.208,0.115,0.117,0.115,11.311,4,"=0.02328",0.044,9.685,"2.615e-07",9.9815,4,"=0.04074",0.038,9.4254,"4.018e-07",9.9815,4,"=0.04074",0.038,9.4254,"4.018e-07"
191,"ex191","faces_ex191.lst",1,"Poisson","(iv)","(iv)","(iv)",0.0763,0.1005,0.0615,0.0611,0.0622,0.207,0.268,0.166,0.165,0.168,0.1034,0.1338,0.0829,0.0824,0.0841,26.991,4,"=1.996e-05",0.104,5.1444,"0.00053",24.209,4,"=7.252e-05",0.093,5.0406,"0.0006315",24.209,4,"=7.252e-05",0.093,5.0406,"0.0006315"
192,"ex192","faces_ex192.lst",1,"Poisson","(iii)","(iii)","(iii)",0.0356,0.0557,0.035,0.036,0.0356,0.0955,0.1488,0.0933,0.0963,0.0954,0.0477,0.0744,0.0467,0.0481,0.0477,27.791,4,"=1.375e-05",0.107,25.893,"<",26.24,4,"=2.831e-05",0.101,25.985,"<",26.24,4,"=2.831e-05",0.101,25.985,"<"
193,"ex193","faces_ex193.lst",1,"Poisson","(iii)","(iii)","(iii)",0.1011,0.1215,0.0904,0.0907,0.0911,0.27,0.326,0.241,0.243,0.243,0.135,0.163,0.121,0.121,0.121,3.3354,4,"=0.5033",0.013,5.2749,"0.0004252",8.3692,4,"=0.07895",0.032,5.4886,"0.0002964",8.3692,4,"=0.07895",0.032,5.4886,"0.0002964"
194,"ex194","faces_ex194.lst",1,"Poisson","(iv)","(iv)","(iv)",0.0708,0.0842,0.0584,0.0575,0.0576,0.192,0.224,0.157,0.154,0.155,0.0961,0.1121,0.0783,0.0772,0.0775,20.96,4,"=0.0003225",0.081,8.4345,"2.087e-06",18.302,4,"=0.001077",0.07,7.863,"5.427e-06",18.302,4,"=0.001077",0.07,7.863,"5.427e-06"
195,"ex195","faces_ex195.lst",1,"Poisson","(iii)","(iii)","(iii)",0.0482,0.0617,0.0442,0.0451,0.0477,0.13,0.165,0.119,0.12,0.128,0.0648,0.0826,0.0593,0.0602,0.064,29.083,4,"=7.519e-06",0.112,10.039,"1.459e-07",33.514,4,"=9.374e-07",0.129,9.6858,"2.612e-07",33.514,4,"=9.374e-07",0.129,9.6858,"2.612e-07"
196,"ex196","faces_ex196.lst",1,"Poisson","(iv)","(iv)","(iv)",0.0991,0.1158,0.0815,0.0807,0.0816,0.266,0.311,0.217,0.216,0.218,0.133,0.155,0.109,0.108,0.109,12.517,4,"=0.01389",0.048,5.8281,"0.000167",8.9231,4,"=0.06305",0.034,5.7432,"0.0001928",8.9231,4,"=0.06305",0.034,5.7432,"0.0001928"
197,"ex197","faces_ex197.lst",1,"Poisson","(iii)","(iii)","(iii)",0.0648,0.0864,0.0577,0.0603,0.0598,0.175,0.23,0.155,0.163,0.161,0.0875,0.1151,0.0776,0.0815,0.0804,33.92,4,"=7.739e-07",0.13,16.922,"2.522e-12",31.963,4,"=1.947e-06",0.123,15.629,"1.865e-11",31.963,4,"=1.947e-06",0.123,15.629,"1.865e-11"
198,"ex198","faces_ex198.lst",1,"Poisson","(iii)","(iii)","(iii)",0.0395,0.0604,0.0386,0.039,0.0397,0.106,0.162,0.102,0.105,0.107,0.053,0.0809,0.0512,0.0523,0.0533,16.923,4,"=0.002001",0.065,20.634,"9.407e-15",19.655,4,"=0.000584",0.076,20.676,"8.836e-15",19.655,4,"=0.000584",0.076,20.676,"8.836e-15"
199,"ex199","faces_ex199.lst",1,"Poisson","(iv)","(iii)","(iii)",0.1072,0.1233,0.079,0.0789,0.0796,0.288,0.334,0.213,0.214,0.215,0.144,0.167,0.107,0.107,0.108,21.797,4,"=0.00022",0.084,7.0259,"2.214e-05",23.84,4,"=8.599e-05",0.092,7.3196,"1.351e-05",23.84,4,"=8.599e-05",0.092,7.3196,"1.351e-05"
200,"ex200","faces_ex200.lst",1,"Poisson","(iv)","(iv)","(iv)",0.0727,0.0612,0.0486,0.0479,0.0495,0.198,0.165,0.13,0.128,0.134,0.099,0.0827,0.0649,0.0639,0.0668,13.071,4,"=0.01094",0.05,5.1566,"0.0005192",11.385,4,"=0.02257",0.044,5.3732,"0.0003601",11.385,4,"=0.02257",0.044,5.3732,"0.0003601"
201,"ex201","faces_ex201.lst",1,"Poisson","(iii)","(iii)","(iii)",0.0393,0.054,0.0358,0.0369,0.0393,0.1063,0.1476,0.0959,0.0987,0.1065,0.0532,0.0738,0.0479,0.0493,0.0533,35.975,4,"=2.928e-07",0.138,17.676,"7.956e-13",46.978,4,"=1.541e-09",0.181,19.705,"3.733e-14",46.978,4,"=1.541e-09",0.181,19.705,"3.733e-14"
202,"ex202","faces_ex202.lst",1,"Poisson","(iii)","(iii)","(iii)",0.0887,0.1052,0.0797,0.0799,0.0797,0.238,0.281,0.213,0.213,0.214,0.119,0.141,0.106,0.107,0.107,7.1138,4,"=0.13",0.027,3.3486,"0.01077",10.474,4,"=0.03316",0.04,3.2519,"0.01263",10.474,4,"=0.03316",0.04,3.2519,"0.01263"
203,"ex203","faces_ex203.lst",1,"Poisson","(iii)","(iii)","(iii)",0.0751,0.0934,0.0543,0.0548,0.0552,0.204,0.25,0.148,0.149,0.149,0.1018,0.125,0.0738,0.0743,0.0744,4,4,"=0.406",0.015,4.7863,"0.0009698",3.2862,4,"=0.5111",0.013,4.7208,"0.001083",3.2862,4,"=0.5111",0.013,4.7208,"0.001083"
204,"ex204","faces_ex204.lst",1,"Poisson","(iv)","(iii)","(iv)",0.0492,0.0544,0.0423,0.0422,0.0434,0.133,0.147,0.114,0.114,0.118,0.0666,0.0737,0.0572,0.0571,0.0591,11.643,4,"=0.02021",0.045,2.5142,"0.0421",14.203,4,"=0.006674",0.055,2.6816,"0.03213",14.203,4,"=0.006674",0.055,2.6816,"0.03213"
205,"ex205","faces_ex205.lst",1,"Poisson","(iii)","(iii)","(iii)",0.0823,0.1317,0.0737,0.0738,0.0745,0.222,0.352,0.198,0.199,0.2,0.1111,0.1759,0.0991,0.0997,0.1002,37.009,4,"=1.793e-07",0.142,12.661,"2.044e-09",32.763,4,"=1.336e-06",0.126,13.125,"9.717e-10",32.763,4,"=1.336e-06",0.126,13.125,"9.717e-10"
206,"ex206","faces_ex206.lst",1,"Poisson","(iii)","(iii)","(iii)",0.0761,0.0901,0.0562,0.0576,0.0568,0.207,0.239,0.149,0.153,0.152,0.1033,0.1197,0.0745,0.0764,0.0759,22.154,4,"=0.0001868",0.085,7.1648,"1.753e-05",21.354,4,"=0.0002694",0.082,7.2866,"1.428e-05",21.354,4,"=0.0002694",0.082,7.2866,"1.428e-05"
207,"ex207","faces_ex207.lst",1,"Poisson","(iii)","(iii)","(iii)",0.0429,0.0636,0.0396,0.041,0.0432,0.114,0.173,0.105,0.109,0.115,0.057,0.0864,0.0523,0.0545,0.0576,30.88,4,"=3.239e-06",0.119,21.407,"3.015e-15",32.394,4,"=1.589e-06",0.125,22.597,"5.334e-16",32.394,4,"=1.589e-06",0.125,22.597,"5.334e-16"
208,"ex208","faces_ex208.lst",1,"Poisson","(iii)","(iv)","(iv)",0.0851,0.0954,0.0618,0.0618,0.0628,0.234,0.254,0.167,0.166,0.17,0.1169,0.127,0.0833,0.0832,0.085,21.305,4,"=0.0002755",0.082,5.4108,"0.000338",21.034,4,"=0.0003118",0.081,5.211,"0.0004737",21.034,4,"=0.0003118",0.081,5.211,"0.0004737"
209,"ex209","faces_ex209.lst",1,"Poisson","(v)","(v)","(v)",0.0677,0.0636,0.0495,0.05,0.049,0.184,0.17,0.133,0.134,0.132,0.0918,0.0851,0.0666,0.0669,0.066,14.092,4,"=0.007006",0.054,3.936,"0.004049",12.849,4,"=0.01204",0.049,3.8637,"0.004569",12.849,4,"=0.01204",0.049,3.8637,"0.004569"
210,"ex210","faces_ex210.lst",1,"Poisson","(iii)","(iii)","(iii)",0.0413,0.0532,0.0403,0.041,0.0417,0.11,0.142,0.107,0.109,0.111,0.0552,0.0711,0.0537,0.0547,0.0555,10.966,4,"=0.02695",0.042,9.9725,"1.627e-07",9.5385,4,"=0.04896",0.037,10.039,"1.459e-07",9.5385,4,"=0.04896",0.037,10.039,"1.459e-07"
211,"ex211","faces_ex211.lst",1,"Poisson","(v)","(v)","(v)",0.0931,0.1055,0.0769,0.0773,0.0765,0.253,0.285,0.208,0.209,0.206,0.126,0.143,0.104,0.104,0.103,13.255,4,"=0.01009",0.051,5.4947,"0.0002933",11.397,4,"=0.02245",0.044,5.3076,"0.0004024",11.397,4,"=0.02245",0.044,5.3076,"0.0004024"
212,"ex212","faces_ex212.lst",1,"Poisson","(iii)","(iii)","(iii)",0.0649,0.0862,0.0528,0.0539,0.054,0.173,0.232,0.14,0.143,0.144,0.0865,0.1161,0.07,0.0716,0.072,19.495,4,"=0.000628",0.075,7.1054,"1.937e-05",16.96,4,"=0.001968",0.065,7.0304,"2.198e-05",16.96,4,"=0.001968",0.065,7.0304,"2.198e-05"
213,"ex213","faces_ex213.lst",1,"Poisson","(iii)","(iii)","(iii)",0.034,0.0565,0.0321,0.0327,0.0338,0.0921,0.1534,0.0859,0.0878,0.0913,0.046,0.0767,0.043,0.0439,0.0456,34.277,4,"=6.538e-07",0.132,10.418,"7.813e-08",33.095,4,"=1.142e-06",0.127,10.607,"5.736e-08",33.095,4,"=1.142e-06",0.127,10.607,"5.736e-08"
214,"ex214","faces_ex214.lst",1,"Poisson","(iv)","(iii)","(iv)",0.1011,0.0993,0.0657,0.0653,0.0661,0.271,0.268,0.176,0.176,0.177,0.1356,0.1339,0.0881,0.0878,0.0885,6.7446,4,"=0.15",0.026,5.2107,"0.0004739",4.3446,4,"=0.3614",0.017,5.2689,"0.0004295",4.3446,4,"=0.3614",0.017,5.2689,"0.0004295"
215,"ex215","faces_ex215.lst",1,"Poisson","(iv)","(iv)","(iv)",0.0744,0.072,0.0571,0.0566,0.0572,0.202,0.191,0.154,0.152,0.155,0.1008,0.0955,0.0768,0.0761,0.0774,13.046,4,"=0.01105",0.05,4.8044,"0.0009406",10.4,4,"=0.0342",0.04,4.7486,"0.001034",10.4,4,"=0.0342",0.04,4.7486,"0.001034"
216,"ex216","faces_ex216.lst",1,"Poisson","(iii)","(iii)","(iii)",0.0372,0.0591,0.0356,0.0364,0.0372,0.1011,0.1588,0.0967,0.0993,0.1013,0.0505,0.0794,0.0484,0.0496,0.0506,20.48,4,"=0.0004014",0.079,11.525,"1.283e-08",13.735,4,"=0.008189",0.053,10.681,"5.078e-08",13.735,4,"=0.008189",0.053,10.681,"5.078e-08"
217,"ex217","faces_ex217.lst",1,"Poisson","(iv)","(iv)","(iv)",0.133,0.17,0.135,0.132,0.132,0.358,0.454,0.358,0.352,0.352,0.179,0.227,0.179,0.176,0.176,5.5508,4,"=0.2353",0.021,6.7493,"3.528e-05",6.9785,4,"=0.137",0.027,6.7952,"3.266e-05",6.9785,4,"=0.137",0.027,6.7952,"3.266e-05"
218,"ex218","faces_ex218.lst",1,"Poisson","(v)","(iii)","(iii)",0.0965,0.132,0.0927,0.0943,0.0924,0.261,0.352,0.25,0.254,0.25,0.131,0.176,0.125,0.127,0.125,10.154,4,"=0.03791",0.039,11.495,"1.346e-08",9.12,4,"=0.05817",0.035,11.009,"2.971e-08",9.12,4,"=0.05817",0.035,11.009,"2.971e-08"
219,"ex219","faces_ex219.lst",1,"Poisson","(iii)","(iii)","(iii)",0.0775,0.1087,0.0691,0.0773,0.077,0.21,0.291,0.185,0.207,0.209,0.1052,0.1456,0.0927,0.1037,0.1045,28.148,4,"=1.164e-05",0.108,20.159,"1.901e-14",28.308,4,"=1.08e-05",0.109,19.263,"7.233e-14",28.308,4,"=1.08e-05",0.109,19.263,"7.233e-14"
220,"ex220","faces_ex220.lst",1,"Poisson","(i)","(i)","(i)",0.124,0.17,0.126,0.126,0.129,0.334,0.457,0.339,0.338,0.346,0.167,0.228,0.17,0.169,0.173,11.163,4,"=0.02479",0.043,11.863,"7.41e-09",9.3415,4,"=0.05311",0.036,11.686,"9.868e-09",9.3415,4,"=0.05311",0.036,11.686,"9.868e-09"
221,"ex221","faces_ex221.lst",1,"Poisson","(iii)","(iii)","(iii)",0.0983,0.1433,0.0898,0.0917,0.0947,0.265,0.382,0.243,0.247,0.256,0.133,0.191,0.122,0.124,0.128,6.9169,4,"=0.1403",0.027,12.032,"5.638e-09",5.4892,4,"=0.2407",0.021,11.16,"2.323e-08",5.4892,4,"=0.2407",0.021,11.16,"2.323e-08"
222,"ex222","faces_ex222.lst",1,"Poisson","(iii)","(iii)","(iii)",0.0762,0.0886,0.069,0.0745,0.0757,0.204,0.236,0.183,0.199,0.203,0.1022,0.1179,0.0917,0.0994,0.1017,16.037,4,"=0.00297",0.062,4.5972,"0.001334",16.615,4,"=0.002295",0.064,4.5337,"0.001484",16.615,4,"=0.002295",0.064,4.5337,"0.001484"
223,"ex223","faces_ex223.lst",1,"Poisson","(v)","(v)","(v)",0.142,0.159,0.139,0.139,0.136,0.379,0.424,0.369,0.372,0.362,0.19,0.212,0.184,0.186,0.181,4.0985,4,"=0.3928",0.016,2.4199,"0.04897",4.0246,4,"=0.4027",0.015,2.3617,"0.05374",4.0246,4,"=0.4027",0.015,2.3617,"0.05374"
224,"ex224","faces_ex224.lst",1,"Poisson","(iii)","(iii)","(iii)",0.092,0.132,0.091,0.0929,0.0928,0.248,0.351,0.246,0.25,0.251,0.124,0.176,0.123,0.125,0.125,19.902,4,"=0.0005223",0.077,17.499,"1.043e-12",17.526,4,"=0.001527",0.067,16.864,"2.761e-12",17.526,4,"=0.001527",0.067,16.864,"2.761e-12"
225,"ex225","faces_ex225.lst",1,"Poisson","(iii)","(iii)","(iii)",0.0739,0.1032,0.0708,0.0738,0.0834,0.202,0.277,0.191,0.2,0.229,0.101,0.1385,0.0955,0.0998,0.1143,10.215,4,"=0.03695",0.039,4.7331,"0.001061",7.6677,4,"=0.1045",0.029,4.3364,"0.002069",7.6677,4,"=0.1045",0.029,4.3364,"0.002069"
226,"ex226","faces_ex226.lst",1,"Poisson","(iii)","(iii)","(iii)",0.141,0.178,0.132,0.133,0.147,0.38,0.478,0.356,0.356,0.397,0.19,0.239,0.178,0.178,0.198,3.3477,4,"=0.5014",0.013,4.5897,"0.001351",2.8185,4,"=0.5887",0.011,4.4831,"0.001616",2.8185,4,"=0.5887",0.011,4.4831,"0.001616"
227,"ex227","faces_ex227.lst",1,"Poisson","(v)","(iii)","(iii)",0.121,0.12,0.104,0.104,0.103,0.324,0.319,0.278,0.281,0.278,0.162,0.16,0.139,0.14,0.139,8.96,4,"=0.06211",0.034,2.0999,"0.08129",8.32,4,"=0.08053",0.032,2.0458,"0.08846",8.32,4,"=0.08053",0.032,2.0458,"0.08846"
228,"ex228","faces_ex228.lst",1,"Poisson","(iii)","(iii)","(iii)",0.0841,0.1069,0.0779,0.0821,0.0844,0.228,0.288,0.207,0.219,0.229,0.114,0.144,0.104,0.11,0.114,28.345,4,"=1.062e-05",0.109,11.309,"1.823e-08",30.412,4,"=4.034e-06",0.117,11.789,"8.356e-09",30.412,4,"=4.034e-06",0.117,11.789,"8.356e-09"
229,"ex229","faces_ex229.lst",1,"Poisson","(iv)","(iv)","(iv)",0.13,0.175,0.129,0.128,0.133,0.346,0.467,0.347,0.345,0.353,0.173,0.234,0.174,0.172,0.176,10.425,4,"=0.03385",0.04,4.863,"0.0008521",8.4554,4,"=0.07625",0.033,4.9071,"0.0007911",8.4554,4,"=0.07625",0.033,4.9071,"0.0007911"
230,"ex230","faces_ex230.lst",1,"Poisson","(iv)","(iii)","(iv)",0.1061,0.1216,0.0949,0.0942,0.0965,0.287,0.325,0.255,0.255,0.26,0.143,0.163,0.128,0.127,0.13,13.945,4,"=0.007474",0.054,6.5637,"4.824e-05",9.1938,4,"=0.05643",0.035,6.0735,"0.0001103",9.1938,4,"=0.05643",0.035,6.0735,"0.0001103"
231,"ex231","faces_ex231.lst",1,"Poisson","(iii)","(iii)","(iii)",0.0709,0.1043,0.0651,0.0683,0.079,0.195,0.283,0.175,0.186,0.217,0.0975,0.1414,0.0877,0.0928,0.1087,31.409,4,"=2.526e-06",0.121,10.319,"9.199e-08",30.142,4,"=4.58e-06",0.116,9.7546,"2.331e-07",30.142,4,"=4.58e-06",0.116,9.7546,"2.331e-07"
232,"ex232","faces_ex232.lst",1,"Poisson","(iv)","(iv)","(iv)",0.131,0.151,0.124,0.123,0.132,0.349,0.405,0.33,0.328,0.355,0.174,0.202,0.165,0.164,0.177,8.7754,4,"=0.06697",0.034,2.9412,"0.02106",11.877,4,"=0.01829",0.046,3.1849,"0.01411",11.877,4,"=0.01829",0.046,3.1849,"0.01411"
233,"ex233","faces_ex233.lst",1,"Poisson","(i)","(i)","(i)",0.0945,0.13,0.0993,0.0972,0.0952,0.254,0.346,0.263,0.259,0.255,0.127,0.173,0.131,0.13,0.128,27.508,4,"=1.569e-05",0.106,16.77,"3.19e-12",23.68,4,"=9.258e-05",0.091,16.566,"4.365e-12",23.68,4,"=9.258e-05",0.091,16.566,"4.365e-12"
234,"ex234","faces_ex234.lst",1,"Poisson","(iii)","(iii)","(iii)",0.0813,0.1208,0.0715,0.074,0.08,0.22,0.326,0.191,0.199,0.216,0.1099,0.1631,0.0957,0.0996,0.1081,40.849,4,"=2.888e-08",0.157,12.649,"2.084e-09",42.609,4,"=1.247e-08",0.164,12.904,"1.384e-09",42.609,4,"=1.247e-08",0.164,12.904,"1.384e-09"
235,"ex235","faces_ex235.lst",1,"Poisson","(v)","(v)","(v)",0.137,0.179,0.131,0.131,0.13,0.367,0.472,0.35,0.352,0.348,0.183,0.236,0.175,0.176,0.174,13.895,4,"=0.007637",0.053,10.622,"5.595e-08",13.502,4,"=0.009068",0.052,10.24,"1.047e-07",13.502,4,"=0.009068",0.052,10.24,"1.047e-07"
236,"ex236","faces_ex236.lst",1,"Poisson","(iii)","(iii)","(iii)",0.0973,0.1202,0.0943,0.0963,0.0975,0.262,0.321,0.251,0.258,0.262,0.131,0.161,0.126,0.129,0.131,4.96,4,"=0.2914",0.019,6.6656,"4.063e-05",4.9354,4,"=0.294",0.019,6.6737,"4.007e-05",4.9354,4,"=0.294",0.019,6.6737,"4.007e-05"
237,"ex237","faces_ex237.lst",1,"Poisson","(iii)","(iii)","(iii)",0.0763,0.0985,0.0705,0.0748,0.0766,0.206,0.266,0.19,0.202,0.206,0.1029,0.1328,0.0948,0.1009,0.1032,24.615,4,"=6.011e-05",0.095,13.453,"5.762e-10",27.163,4,"=1.843e-05",0.104,13.568,"4.794e-10",27.163,4,"=1.843e-05",0.104,13.568,"4.794e-10"
238,"ex238","faces_ex238.lst",1,"Poisson","(iii)","(iii)","(iii)",0.147,0.185,0.138,0.138,0.143,0.391,0.49,0.365,0.365,0.382,0.195,0.245,0.182,0.183,0.191,11.865,4,"=0.01839",0.046,5.9704,"0.0001313",9.0708,4,"=0.05935",0.035,6.0871,"0.0001078",9.0708,4,"=0.05935",0.035,6.0871,"0.0001078"
239,"ex239","faces_ex239.lst",1,"Poisson","(v)","(v)","(v)",0.0961,0.1472,0.0939,0.0946,0.0905,0.261,0.392,0.255,0.257,0.245,0.13,0.196,0.128,0.129,0.122,25.157,4,"=4.678e-05",0.097,10.792,"4.234e-08",23.495,4,"=0.0001008",0.09,10.278,"9.839e-08",23.495,4,"=0.0001008",0.09,10.278,"9.839e-08"
240,"ex240","faces_ex240.lst",1,"Poisson","(iii)","(iii)","(iii)",0.0674,0.0842,0.0601,0.0635,0.0677,0.183,0.228,0.162,0.171,0.184,0.0916,0.1138,0.0809,0.0856,0.0922,21.982,4,"=0.0002021",0.085,10.018,"1.511e-07",17.625,4,"=0.001461",0.068,9.5688,"3.169e-07",17.625,4,"=0.001461",0.068,9.5688,"3.169e-07"
241,"ex241","faces_ex241.lst",1,"Poisson","(iv)","(i)","(i)",0.118,0.172,0.118,0.117,0.121,0.317,0.459,0.318,0.317,0.326,0.159,0.23,0.159,0.159,0.163,13.932,4,"=0.007514",0.054,12.635,"2.133e-09",12.025,4,"=0.01717",0.046,11.936,"6.587e-09",12.025,4,"=0.01717",0.046,11.936,"6.587e-09"
242,"ex242","faces_ex242.lst",1,"Poisson","(iv)","(iv)","(iv)",0.0913,0.1486,0.0912,0.0907,0.0915,0.245,0.393,0.242,0.241,0.246,0.123,0.196,0.121,0.12,0.123,33.858,4,"=7.967e-07",0.13,22.42,"6.899e-16",34.425,4,"=6.098e-07",0.132,21.21,"4.024e-15",34.425,4,"=6.098e-07",0.132,21.21,"4.024e-15"
243,"ex243","faces_ex243.lst",1,"Poisson","(iii)","(iii)","(iii)",0.075,0.1096,0.0705,0.0733,0.0883,0.203,0.293,0.188,0.196,0.24,0.1015,0.1463,0.0938,0.0982,0.1202,8.4185,4,"=0.0774",0.032,5.7852,"0.0001796",9.6615,4,"=0.04653",0.037,5.6301,"0.0002334",9.6615,4,"=0.04653",0.037,5.6301,"0.0002334"
244,"ex244","faces_ex244.lst",2,"Lognormal","(iii)","(iii)","(iii)",0.0986,0.1219,0.0875,0.0915,0.0938,0.267,0.328,0.235,0.247,0.253,0.133,0.164,0.118,0.123,0.127,23.975,4,"=8.079e-05",0.092,15.93,"1.169e-11",26.006,4,"=3.155e-05",0.1,15.74,"1.569e-11",26.006,4,"=3.155e-05",0.1,15.74,"1.569e-11"
245,"ex245","faces_ex245.lst",2,"Lognormal","(iii)","(iii)","(iii)",0.074,0.0774,0.0664,0.0691,0.0684,0.199,0.209,0.18,0.185,0.184,0.0997,0.1047,0.0898,0.0926,0.0921,13.342,4,"=0.009722",0.051,2.7113,"0.03062",10.252,4,"=0.03639",0.039,2.9174,"0.02189",10.252,4,"=0.03639",0.039,2.9174,"0.02189"
246,"ex246","faces_ex246.lst",2,"Lognormal","(iii)","(iii)","(iii)",0.0565,0.0717,0.0532,0.0557,0.0536,0.153,0.193,0.144,0.15,0.146,0.0765,0.0967,0.0722,0.0752,0.0732,11.04,4,"=0.02612",0.042,7.1166,"1.901e-05",11.815,4,"=0.01878",0.045,7.2413,"1.541e-05",11.815,4,"=0.01878",0.045,7.2413,"1.541e-05"
247,"ex247","faces_ex247.lst",2,"Lognormal","(iii)","(iii)","(iii)",0.1248,0.1145,0.0981,0.103,0.1036,0.337,0.31,0.267,0.28,0.281,0.169,0.155,0.133,0.14,0.14,7.0646,4,"=0.1325",0.027,3.2431,"0.01282",8.4431,4,"=0.07663",0.032,3.1913,"0.01396",8.4431,4,"=0.07663",0.032,3.1913,"0.01396"
248,"ex248","faces_ex248.lst",2,"Lognormal","(iii)","(iii)","(iii)",0.0778,0.0923,0.0724,0.0743,0.0744,0.209,0.249,0.194,0.2,0.2,0.1043,0.1245,0.0969,0.0998,0.1,13.022,4,"=0.01117",0.05,6.1143,"0.000103",14.609,4,"=0.005584",0.056,6.4369,"5.974e-05",14.609,4,"=0.005584",0.056,6.4369,"5.974e-05"
249,"ex249","faces_ex249.lst",2,"Lognormal","(iii)","(iii)","(iii)",0.0502,0.0658,0.0494,0.0512,0.0495,0.134,0.175,0.133,0.138,0.133,0.067,0.0874,0.0663,0.0689,0.0667,8.7015,4,"=0.06901",0.033,3.4934,"0.00847",5.0215,4,"=0.2851",0.019,3.5199,"0.008104",5.0215,4,"=0.2851",0.019,3.5199,"0.008104"
250,"ex250","faces_ex250.lst",2,"Lognormal","(iii)","(iii)","(ii)",0.117,0.113,0.112,0.116,0.115,0.312,0.3,0.299,0.309,0.307,0.156,0.15,0.15,0.154,0.154,11.765,4,"=0.01918",0.045,0.3042,"0.875",8.7407,4,"=0.06792",0.034,0.2868,"0.8864",8.7407,4,"=0.06792",0.034,0.2868,"0.8864"
251,"ex251","faces_ex251.lst",2,"Lognormal","(v)","(v)","(v)",0.0821,0.0951,0.0742,0.0751,0.0734,0.221,0.253,0.2,0.202,0.198,0.1105,0.1267,0.0999,0.1009,0.099,0.89846,4,"=0.9248",0.003,2.7726,"0.02772",0.97231,4,"=0.914",0.004,2.6009,"0.03662",0.97231,4,"=0.914",0.004,2.6009,"0.03662"
252,"ex252","faces_ex252.lst",2,"Lognormal","(iii)","(iii)","(iii)",0.0582,0.0774,0.0539,0.0562,0.0543,0.156,0.208,0.145,0.152,0.145,0.0782,0.104,0.0723,0.076,0.0727,10.055,4,"=0.0395",0.039,6.8543,"2.956e-05",9.44,4,"=0.05099",0.036,7.2153,"1.61e-05",9.44,4,"=0.05099",0.036,7.2153,"1.61e-05"
253,"ex253","faces_ex253.lst",2,"Lognormal","(iii)","(iii)","(iii)",0.0866,0.0936,0.0843,0.0865,0.085,0.236,0.255,0.229,0.235,0.231,0.118,0.127,0.115,0.118,0.116,4.6277,4,"=0.3277",0.018,1.1617,"0.3282",8.0985,4,"=0.08804",0.031,1.1748,"0.3223",8.0985,4,"=0.08804",0.031,1.1748,"0.3223"
254,"ex254","faces_ex254.lst",2,"Lognormal","(i)","(i)","(i)",0.0675,0.0768,0.0682,0.0703,0.0687,0.183,0.207,0.185,0.19,0.186,0.0915,0.1037,0.0924,0.0951,0.0931,17.686,4,"=0.001421",0.068,4.8227,"0.0009121",14.855,4,"=0.005011",0.057,4.6324,"0.001257",14.855,4,"=0.005011",0.057,4.6324,"0.001257"
255,"ex255","faces_ex255.lst",2,"Lognormal","(i)","(i)","(i)",0.0415,0.0519,0.0419,0.0427,0.0422,0.111,0.139,0.112,0.114,0.112,0.0556,0.0696,0.0561,0.0569,0.0562,10.302,4,"=0.03564",0.04,3.1929,"0.01392",8.7508,4,"=0.06764",0.034,3.2039,"0.01368",8.7508,4,"=0.06764",0.034,3.2039,"0.01368"
256,"ex256","faces_ex256.lst",2,"Lognormal","(iii)","(iii)","(iii)",0.091,0.0983,0.0856,0.0878,0.0882,0.247,0.264,0.231,0.238,0.239,0.123,0.132,0.115,0.119,0.119,11.422,4,"=0.02221",0.044,2.3175,"0.05766",23.348,4,"=0.0001079",0.09,2.2342,"0.0658",23.348,4,"=0.0001079",0.09,2.2342,"0.0658"
257,"ex257","faces_ex257.lst",2,"Lognormal","(v)","(v)","(v)",0.068,0.0768,0.0671,0.0681,0.0661,0.183,0.207,0.18,0.182,0.177,0.0916,0.1037,0.0901,0.0908,0.0883,11.286,4,"=0.02353",0.043,3.3284,"0.01113",9.5015,4,"=0.04972",0.037,3.7416,"0.005603",9.5015,4,"=0.04972",0.037,3.7416,"0.005603"
258,"ex258","faces_ex258.lst",2,"Lognormal","(iv)","(iii)","(v)",0.0504,0.0496,0.0424,0.0423,0.0423,0.135,0.132,0.113,0.114,0.113,0.0676,0.0661,0.0566,0.0568,0.0563,15.114,4,"=0.004471",0.058,4.0075,"0.003592",16.455,4,"=0.002465",0.063,3.7944,"0.00513",16.455,4,"=0.002465",0.063,3.7944,"0.00513"
259,"ex259","faces_ex259.lst",2,"Lognormal","(iii)","(iii)","(iii)",0.11,0.122,0.105,0.107,0.108,0.298,0.328,0.282,0.289,0.292,0.149,0.164,0.141,0.145,0.146,13.957,4,"=0.007434",0.054,3.3248,"0.0112",18.412,4,"=0.001025",0.071,3.3871,"0.0101",18.412,4,"=0.001025",0.071,3.3871,"0.0101"
260,"ex260","faces_ex260.lst",2,"Lognormal","(iii)","(iii)","(iii)",0.071,0.0858,0.0705,0.0726,0.0723,0.191,0.233,0.19,0.196,0.195,0.0954,0.1165,0.0952,0.0981,0.0973,12.025,4,"=0.01717",0.046,4.9544,"0.0007304",13.735,4,"=0.008189",0.053,5.2115,"0.0004732",13.735,4,"=0.008189",0.053,5.2115,"0.0004732"
261,"ex261","faces_ex261.lst",2,"Lognormal","(iii)","(iii)","(iii)",0.055,0.0557,0.047,0.0473,0.0476,0.147,0.151,0.125,0.126,0.127,0.0733,0.0754,0.0623,0.0631,0.0634,3.3846,4,"=0.4956",0.013,2.3628,"0.05364",5.6985,4,"=0.2228",0.022,2.6703,"0.03273",5.6985,4,"=0.2228",0.022,2.6703,"0.03273"
262,"ex262","faces_ex262.lst",2,"Lognormal","(iii)","(iii)","(iii)",0.0851,0.0925,0.0838,0.0849,0.085,0.231,0.25,0.227,0.231,0.231,0.115,0.125,0.113,0.116,0.115,15.189,4,"=0.004325",0.058,1.3922,"0.2371",22.035,4,"=0.0001972",0.085,1.4595,"0.215",22.035,4,"=0.0001972",0.085,1.4595,"0.215"
263,"ex263","faces_ex263.lst",2,"Lognormal","(iii)","(iii)","(iii)",0.0534,0.0616,0.0525,0.0534,0.0536,0.144,0.166,0.141,0.144,0.145,0.0722,0.0831,0.0707,0.072,0.0725,13.268,4,"=0.01004",0.051,6.2776,"7.817e-05",13.378,4,"=0.009567",0.051,5.9722,"0.0001309",13.378,4,"=0.009567",0.051,5.9722,"0.0001309"
264,"ex264","faces_ex264.lst",2,"Lognormal","(i)","(i)","(i)",0.0398,0.0497,0.0411,0.0414,0.0413,0.107,0.135,0.11,0.111,0.111,0.0535,0.0673,0.0552,0.0555,0.0555,13.452,4,"=0.009265",0.052,8.2238,"2.968e-06",14.043,4,"=0.007159",0.054,8.9292,"9.155e-07",14.043,4,"=0.007159",0.054,8.9292,"9.155e-07"
265,"ex265","faces_ex265.lst",2,"Lognormal","(iii)","(iii)","(iii)",0.0739,0.0859,0.0706,0.0727,0.0723,0.196,0.231,0.188,0.194,0.193,0.0982,0.1154,0.0938,0.0968,0.0963,17.822,4,"=0.001337",0.069,6.3087,"7.418e-05",15.372,4,"=0.003988",0.059,6.7496,"3.526e-05",15.372,4,"=0.003988",0.059,6.7496,"3.526e-05"
266,"ex266","faces_ex266.lst",2,"Lognormal","(i)","(iii)","(iii)",0.0582,0.0701,0.0582,0.059,0.0583,0.158,0.188,0.156,0.159,0.156,0.0788,0.0941,0.0781,0.0793,0.0782,14.191,4,"=0.00671",0.055,6.4688,"5.662e-05",13.465,4,"=0.009215",0.052,6.1699,"9.376e-05",13.465,4,"=0.009215",0.052,6.1699,"9.376e-05"
267,"ex267","faces_ex267.lst",2,"Lognormal","(iii)","(iii)","(v)",0.0453,0.0496,0.0404,0.0408,0.0405,0.122,0.134,0.11,0.111,0.11,0.0611,0.0672,0.055,0.0554,0.0548,13.662,4,"=0.008457",0.053,1.5862,"0.1784",14.08,4,"=0.007044",0.054,1.5138,"0.1986",14.08,4,"=0.007044",0.054,1.5138,"0.1986"
268,"ex268","faces_ex268.lst",2,"Lognormal","(iv)","(iv)","(iv)",0.0944,0.0955,0.0809,0.0803,0.082,0.256,0.257,0.219,0.217,0.223,0.128,0.128,0.11,0.109,0.111,5.3538,4,"=0.2529",0.021,2.974,"0.01996",5.4769,4,"=0.2418",0.021,2.9005,"0.02251",5.4769,4,"=0.2418",0.021,2.9005,"0.02251"
269,"ex269","faces_ex269.lst",2,"Lognormal","(iii)","(iii)","(iii)",0.077,0.0886,0.0732,0.0747,0.0732,0.209,0.239,0.198,0.203,0.198,0.1046,0.1195,0.0991,0.1014,0.0992,11.742,4,"=0.01938",0.045,2.6728,"0.0326",15.335,4,"=0.004054",0.059,2.5153,"0.04203",15.335,4,"=0.004054",0.059,2.5153,"0.04203"
270,"ex270","faces_ex270.lst",2,"Lognormal","(v)","(iii)","(iii)",0.0419,0.0504,0.0416,0.0421,0.0414,0.113,0.137,0.112,0.113,0.112,0.0566,0.0683,0.0561,0.0566,0.0561,20.886,4,"=0.0003336",0.08,3.9814,"0.003753",18.277,4,"=0.001089",0.07,4.1496,"0.002831",18.277,4,"=0.001089",0.07,4.1496,"0.002831"
271,"ex271","faces_ex271.lst",2,"Lognormal","(iii)","(iii)","(iii)",0.133,0.137,0.13,0.134,0.134,0.356,0.368,0.349,0.36,0.358,0.178,0.184,0.175,0.18,0.179,14.831,4,"=0.005065",0.057,0.5155,"0.7244",11.2,4,"=0.02441",0.043,0.5538,"0.6964",11.2,4,"=0.02441",0.043,0.5538,"0.6964"
272,"ex272","faces_ex272.lst",2,"Lognormal","(i)","(i)","(i)",0.0832,0.1071,0.0866,0.0913,0.085,0.223,0.285,0.231,0.243,0.228,0.111,0.142,0.116,0.121,0.114,16.185,4,"=0.002781",0.062,6.7545,"3.497e-05",15.36,4,"=0.00401",0.059,6.6531,"4.149e-05",15.36,4,"=0.00401",0.059,6.6531,"4.149e-05"
273,"ex273","faces_ex273.lst",2,"Lognormal","(i)","(i)","(i)",0.065,0.0915,0.0684,0.0723,0.068,0.176,0.245,0.184,0.194,0.183,0.088,0.1224,0.092,0.0972,0.0916,22.683,4,"=0.0001465",0.087,15.138,"4.02e-11",20.862,4,"=0.0003373",0.08,14.098,"2.066e-10",20.862,4,"=0.0003373",0.08,14.098,"2.066e-10"
274,"ex274","faces_ex274.lst",2,"Lognormal","(iii)","(iii)","(iii)",0.12,0.131,0.118,0.118,0.118,0.326,0.351,0.318,0.32,0.32,0.163,0.176,0.159,0.16,0.16,6.7077,4,"=0.1522",0.026,1.828,"0.1239",7.1015,4,"=0.1306",0.027,1.6352,"0.1658",7.1015,4,"=0.1306",0.027,1.6352,"0.1658"
275,"ex275","faces_ex275.lst",2,"Lognormal","(iii)","(iii)","(iii)",0.0922,0.1215,0.0918,0.0947,0.0938,0.247,0.326,0.245,0.253,0.252,0.123,0.163,0.122,0.127,0.126,16.308,4,"=0.002633",0.063,7.2753,"1.455e-05",24.123,4,"=7.546e-05",0.093,7.2683,"1.473e-05",24.123,4,"=7.546e-05",0.093,7.2683,"1.473e-05"
276,"ex276","faces_ex276.lst",2,"Lognormal","(iii)","(iii)","(iii)",0.057,0.0733,0.0541,0.0575,0.0556,0.155,0.198,0.146,0.156,0.151,0.0773,0.0992,0.0731,0.0779,0.0756,26.942,4,"=2.043e-05",0.104,9.2235,"5.615e-07",23.028,4,"=0.000125",0.089,9.1283,"6.576e-07",23.028,4,"=0.000125",0.089,9.1283,"6.576e-07"
277,"ex277","faces_ex277.lst",2,"Lognormal","(iii)","(iii)","(iii)",0.148,0.151,0.145,0.153,0.147,0.4,0.408,0.392,0.415,0.398,0.2,0.204,0.196,0.208,0.199,30.271,4,"=4.31e-06",0.116,1.0984,"0.3579",36.965,4,"=1.832e-07",0.142,1.226,"0.3002",36.965,4,"=1.832e-07",0.142,1.226,"0.3002"
278,"ex278","faces_ex278.lst",2,"Lognormal","(iii)","(iii)","(iii)",0.1022,0.1174,0.0952,0.0989,0.0971,0.274,0.313,0.255,0.265,0.26,0.137,0.156,0.127,0.132,0.13,14.757,4,"=0.005233",0.057,4.9945,"0.0006827",17.009,4,"=0.001925",0.065,4.6607,"0.001199",17.009,4,"=0.001925",0.065,4.6607,"0.001199"
279,"ex279","faces_ex279.lst",2,"Lognormal","(i)","(i)","(i)",0.0633,0.0857,0.0703,0.0734,0.0697,0.172,0.231,0.189,0.197,0.188,0.0859,0.1157,0.0946,0.0984,0.094,28.049,4,"=1.219e-05",0.108,7.2781,"1.449e-05",25.046,4,"=4.925e-05",0.096,7.05,"2.126e-05",25.046,4,"=4.925e-05",0.096,7.05,"2.126e-05"
280,"ex280","faces_ex280.lst",2,"Lognormal","(i)","(iii)","(iii)",0.102,0.11,0.102,0.104,0.106,0.278,0.296,0.276,0.281,0.286,0.139,0.148,0.138,0.141,0.143,16.927,4,"=0.001997",0.065,1.3369,"0.2566",11.008,4,"=0.02647",0.042,1.0297,"0.3924",11.008,4,"=0.02647",0.042,1.0297,"0.3924"
281,"ex281","faces_ex281.lst",2,"Lognormal","(iii)","(iii)","(iii)",0.0813,0.1041,0.0778,0.0791,0.0794,0.222,0.282,0.213,0.216,0.218,0.111,0.141,0.107,0.108,0.109,5.7477,4,"=0.2188",0.022,5.4562,"0.0003131",6.3015,4,"=0.1777",0.024,5.2797,"0.0004218",6.3015,4,"=0.1777",0.024,5.2797,"0.0004218"
282,"ex282","faces_ex282.lst",2,"Lognormal","(i)","(i)","(i)",0.0589,0.0749,0.0663,0.0667,0.0644,0.16,0.201,0.178,0.179,0.174,0.0801,0.1005,0.089,0.0894,0.087,9.1077,4,"=0.05846",0.035,5.853,"0.0001601",7.3969,4,"=0.1163",0.028,5.2938,"0.0004118",7.3969,4,"=0.1163",0.028,5.2938,"0.0004118"
283,"ex283","faces_ex283.lst",2,"Lognormal","(iii)","(iii)","(iii)",0.123,0.129,0.106,0.108,0.112,0.333,0.35,0.289,0.295,0.304,0.167,0.175,0.144,0.147,0.152,5.6985,4,"=0.2228",0.022,2.2573,"0.06344",8.2338,4,"=0.08338",0.032,2.3658,"0.05339",8.2338,4,"=0.08338",0.032,2.3658,"0.05339"
284,"ex284","faces_ex284.lst",2,"Lognormal","(v)","(v)","(v)",0.0703,0.0883,0.0637,0.0645,0.0624,0.19,0.238,0.169,0.172,0.166,0.0948,0.1192,0.0846,0.086,0.0831,11.508,4,"=0.02141",0.044,8.8122,"1.112e-06",15.791,4,"=0.003313",0.061,9.2624,"5.264e-07",15.791,4,"=0.003313",0.061,9.2624,"5.264e-07"
285,"ex285","faces_ex285.lst",2,"Lognormal","(v)","(v)","(v)",0.06,0.0734,0.0571,0.0575,0.0566,0.161,0.195,0.153,0.154,0.152,0.0803,0.0977,0.0766,0.0771,0.0758,15.015,4,"=0.004669",0.058,7.6414,"7.87e-06",12.825,4,"=0.01217",0.049,7.1089,"1.926e-05",12.825,4,"=0.01217",0.049,7.1089,"1.926e-05"
286,"ex286","faces_ex286.lst",2,"Lognormal","(iii)","(iii)","(iii)",0.132,0.133,0.121,0.125,0.129,0.352,0.356,0.324,0.334,0.343,0.176,0.178,0.162,0.167,0.172,6.4468,4,"=0.1682",0.025,0.5607,"0.6914",6.9646,4,"=0.1378",0.027,0.6185,"0.6497",6.9646,4,"=0.1378",0.027,0.6185,"0.6497"
287,"ex287","faces_ex287.lst",2,"Lognormal","(iii)","(iii)","(v)",0.0775,0.0909,0.0734,0.0744,0.0737,0.208,0.242,0.198,0.199,0.198,0.1041,0.1209,0.0989,0.0996,0.0988,15.175,4,"=0.004351",0.058,5.6268,"0.0002347",16.615,4,"=0.002295",0.064,5.0232,"0.0006503",16.615,4,"=0.002295",0.064,5.0232,"0.0006503"
288,"ex288","faces_ex288.lst",2,"Lognormal","(v)","(v)","(v)",0.0609,0.0839,0.0605,0.0623,0.0597,0.163,0.223,0.162,0.167,0.16,0.0817,0.1116,0.0811,0.0833,0.08,12.862,4,"=0.01197",0.049,3.6339,"0.006705",8.8123,4,"=0.06597",0.034,3.3821,"0.01019",8.8123,4,"=0.06597",0.034,3.3821,"0.01019"
289,"ex289","faces_ex289.lst",2,"Lognormal","(iii)","(iii)","(iii)",0.1003,0.1048,0.0915,0.0927,0.0929,0.269,0.281,0.245,0.249,0.25,0.134,0.14,0.122,0.124,0.125,21.772,4,"=0.0002225",0.084,2.9449,"0.02093",20.345,4,"=0.0004269",0.078,3.0569,"0.01742",20.345,4,"=0.0004269",0.078,3.0569,"0.01742"
290,"ex290","faces_ex290.lst",2,"Lognormal","(iii)","(iii)","(iii)",0.0747,0.0889,0.074,0.0741,0.0747,0.201,0.24,0.198,0.198,0.2,0.1004,0.12,0.099,0.0991,0.1,20.886,4,"=0.0003336",0.08,4.0925,"0.003115",23.458,4,"=0.0001025",0.09,4.6776,"0.001165",23.458,4,"=0.0001025",0.09,4.6776,"0.001165"
291,"ex291","faces_ex291.lst",2,"Lognormal","(i)","(i)","(i)",0.0475,0.0653,0.0477,0.0478,0.0478,0.129,0.175,0.129,0.13,0.13,0.0644,0.0876,0.0647,0.0649,0.0652,14.142,4,"=0.006857",0.054,14.678,"8.266e-11",11.36,4,"=0.0228",0.044,13.501,"5.333e-10",11.36,4,"=0.0228",0.044,13.501,"5.333e-10"
292,"ex292","faces_ex292.lst",2,"Lognormal","(i)","(i)","(i)",0.106,0.123,0.108,0.109,0.107,0.283,0.33,0.289,0.292,0.285,0.141,0.165,0.144,0.146,0.143,15.778,4,"=0.003331",0.061,4.7526,"0.001027",14.338,4,"=0.00629",0.055,4.9247,"0.000768",14.338,4,"=0.00629",0.055,4.9247,"0.000768"
293,"ex293","faces_ex293.lst",2,"Lognormal","(i)","(i)","(i)",0.065,0.0802,0.0702,0.0709,0.069,0.173,0.215,0.187,0.188,0.183,0.0864,0.1074,0.0933,0.0942,0.0916,4.8492,4,"=0.3031",0.019,4.2952,"0.002217",5.8708,4,"=0.209",0.023,4.4794,"0.001626",5.8708,4,"=0.209",0.023,4.4794,"0.001626"
294,"ex294","faces_ex294.lst",2,"Lognormal","(i)","(i)","(i)",0.0509,0.0756,0.056,0.0563,0.0556,0.136,0.204,0.151,0.152,0.149,0.068,0.102,0.0755,0.0759,0.0744,33.908,4,"=7.784e-07",0.13,20.982,"5.627e-15",33.957,4,"=7.605e-07",0.131,22.593,"5.37e-16",33.957,4,"=7.605e-07",0.131,22.593,"5.37e-16"
295,"ex295","faces_ex295.lst",2,"Lognormal","(i)","(v)","(i)",0.108,0.117,0.109,0.111,0.108,0.291,0.315,0.292,0.298,0.29,0.145,0.158,0.146,0.149,0.145,17.846,4,"=0.001323",0.069,2.32,"0.05743",24.283,4,"=7.009e-05",0.093,2.4653,"0.04554",24.283,4,"=7.009e-05",0.093,2.4653,"0.04554"
296,"ex296","faces_ex296.lst",2,"Lognormal","(i)","(i)","(i)",0.0791,0.0897,0.0819,0.0823,0.0807,0.214,0.243,0.219,0.22,0.217,0.107,0.122,0.109,0.11,0.109,6.0554,4,"=0.1951",0.023,2.1702,"0.0728",5.6123,4,"=0.23",0.022,2.311,"0.05826",5.6123,4,"=0.23",0.022,2.311,"0.05826"
297,"ex297","faces_ex297.lst",2,"Lognormal","(v)","(v)","(v)",0.0562,0.066,0.0526,0.0524,0.0509,0.151,0.177,0.141,0.14,0.136,0.0754,0.0883,0.0706,0.0702,0.068,31.323,4,"=2.63e-06",0.12,2.0434,"0.08879",27.188,4,"=1.822e-05",0.105,1.9325,"0.1055",27.188,4,"=1.822e-05",0.105,1.9325,"0.1055"
298,"ex298","faces_ex298.lst",2,"Lognormal","(v)","(v)","(v)",0.179,0.211,0.183,0.189,0.178,0.483,0.568,0.488,0.504,0.479,0.241,0.284,0.244,0.252,0.24,9.3169,4,"=0.05365",0.036,3.6812,"0.006196",16.382,4,"=0.002548",0.063,3.9481,"0.003967",16.382,4,"=0.002548",0.063,3.9481,"0.003967"
299,"ex299","faces_ex299.lst",2,"Lognormal","(iii)","(iii)","(iii)",0.129,0.144,0.117,0.119,0.123,0.343,0.388,0.314,0.321,0.33,0.172,0.194,0.157,0.161,0.165,11.742,4,"=0.01938",0.045,4.6355,"0.00125",11.188,4,"=0.02453",0.043,4.6978,"0.001126",11.188,4,"=0.02453",0.043,4.6978,"0.001126"
300,"ex300","faces_ex300.lst",2,"Lognormal","(i)","(i)","(i)",0.0909,0.1293,0.0982,0.0992,0.0952,0.246,0.347,0.264,0.268,0.257,0.123,0.173,0.132,0.134,0.128,11.286,4,"=0.02353",0.043,7.049,"2.13e-05",15.938,4,"=0.003103",0.061,7.2946,"1.409e-05",15.938,4,"=0.003103",0.061,7.2946,"1.409e-05"
301,"ex301","faces_ex301.lst",2,"Lognormal","(i)","(i)","(i)",0.174,0.196,0.174,0.181,0.177,0.464,0.524,0.466,0.486,0.475,0.232,0.262,0.233,0.243,0.237,17.711,4,"=0.001405",0.068,3.6385,"0.006653",19.409,4,"=0.000653",0.075,3.4511,"0.009085",19.409,4,"=0.000653",0.075,3.4511,"0.009085"
302,"ex302","faces_ex302.lst",2,"Lognormal","(i)","(i)","(i)",0.104,0.15,0.113,0.117,0.108,0.279,0.404,0.304,0.316,0.291,0.139,0.202,0.152,0.158,0.145,26.56,4,"=2.439e-05",0.102,13.81,"3.264e-10",30.72,4,"=3.492e-06",0.118,14.634,"8.862e-11",30.72,4,"=3.492e-06",0.118,14.634,"8.862e-11"
303,"ex303","faces_ex303.lst",2,"Lognormal","(i)","(i)","(i)",0.0947,0.1303,0.1104,0.1112,0.1013,0.256,0.352,0.296,0.299,0.272,0.128,0.176,0.148,0.15,0.136,19.385,4,"=0.0006603",0.075,6.1792,"9.23e-05",17.206,4,"=0.001763",0.066,5.9632,"0.0001329",17.206,4,"=0.001763",0.066,5.9632,"0.0001329"
304,"ex304","faces_ex304.lst",2,"Lognormal","(v)","(v)","(v)",0.17,0.194,0.169,0.172,0.168,0.459,0.523,0.455,0.461,0.454,0.23,0.261,0.228,0.231,0.227,11.778,4,"=0.01908",0.045,2.7585,"0.02836",11.458,4,"=0.02187",0.044,2.7245,"0.02998",11.458,4,"=0.02187",0.044,2.7245,"0.02998"
305,"ex305","faces_ex305.lst",2,"Lognormal","(v)","(v)","(v)",0.114,0.147,0.122,0.124,0.112,0.306,0.389,0.322,0.328,0.297,0.153,0.195,0.161,0.164,0.149,15.298,4,"=0.004121",0.059,7.2247,"1.585e-05",19.84,4,"=0.0005371",0.076,6.9723,"2.423e-05",19.84,4,"=0.0005371",0.076,6.9723,"2.423e-05"
306,"ex306","faces_ex306.lst",2,"Lognormal","(i)","(i)","(i)",0.0813,0.1164,0.0865,0.0932,0.0838,0.218,0.31,0.231,0.249,0.226,0.109,0.155,0.115,0.125,0.113,21.612,4,"=0.0002394",0.083,5.4059,"0.0003408",20.431,4,"=0.0004105",0.079,5.343,"0.000379",20.431,4,"=0.0004105",0.079,5.343,"0.000379"
307,"ex307","faces_ex307.lst",2,"Lognormal","(v)","(v)","(i)",0.187,0.212,0.191,0.196,0.186,0.499,0.567,0.51,0.522,0.498,0.249,0.284,0.255,0.261,0.249,14.444,4,"=0.006004",0.056,2.6209,"0.03545",18.519,4,"=0.0009769",0.071,2.8026,"0.0264",18.519,4,"=0.0009769",0.071,2.8026,"0.0264"
308,"ex308","faces_ex308.lst",2,"Lognormal","(i)","(i)","(i)",0.125,0.15,0.143,0.143,0.137,0.334,0.402,0.383,0.381,0.368,0.167,0.201,0.191,0.191,0.184,16.394,4,"=0.002534",0.063,3.2254,"0.0132",13.342,4,"=0.009722",0.051,3.1416,"0.01515",13.342,4,"=0.009722",0.051,3.1416,"0.01515"
309,"ex309","faces_ex309.lst",2,"Lognormal","(i)","(i)","(i)",0.0739,0.1038,0.0929,0.0939,0.0854,0.199,0.279,0.252,0.254,0.23,0.0996,0.1394,0.1259,0.1272,0.115,23.151,4,"=0.0001181",0.089,7.2505,"1.517e-05",25.76,4,"=3.537e-05",0.099,7.2188,"1.6e-05",25.76,4,"=3.537e-05",0.099,7.2188,"1.6e-05"
310,"ex310","faces_ex310.lst",2,"Lognormal","(v)","(v)","(v)",0.151,0.189,0.15,0.15,0.149,0.401,0.509,0.4,0.403,0.398,0.201,0.254,0.2,0.201,0.199,13.244,4,"=0.01014",0.051,10.026,"1.489e-07",14.143,4,"=0.006852",0.054,10.548,"6.321e-08",14.143,4,"=0.006852",0.054,10.548,"6.321e-08"
311,"ex311","faces_ex311.lst",2,"Lognormal","(i)","(i)","(i)",0.105,0.137,0.121,0.12,0.115,0.287,0.372,0.327,0.326,0.311,0.143,0.186,0.163,0.163,0.155,21.046,4,"=0.0003101",0.081,7.4837,"1.025e-05",21.022,4,"=0.0003136",0.081,7.3362,"1.314e-05",21.022,4,"=0.0003136",0.081,7.3362,"1.314e-05"
312,"ex312","faces_ex312.lst",2,"Lognormal","(i)","(i)","(i)",0.0707,0.1052,0.0789,0.0784,0.072,0.189,0.281,0.211,0.211,0.192,0.0945,0.1405,0.1053,0.1054,0.0961,25.932,4,"=3.265e-05",0.1,13.624,"4.385e-10",25.994,4,"=3.174e-05",0.1,13.897,"2.842e-10",25.994,4,"=3.174e-05",0.1,13.897,"2.842e-10"
313,"ex313","faces_ex313.lst",2,"Lognormal","(i)","(i)","(i)",0.186,0.197,0.19,0.194,0.192,0.496,0.525,0.503,0.514,0.509,0.248,0.263,0.252,0.257,0.255,10.686,4,"=0.03033",0.041,0.7315,"0.5711",16.955,4,"=0.001972",0.065,0.7763,"0.5414",16.955,4,"=0.001972",0.065,0.7763,"0.5414"
314,"ex314","faces_ex314.lst",2,"Lognormal","(i)","(i)","(i)",0.104,0.144,0.117,0.12,0.108,0.282,0.385,0.316,0.324,0.293,0.141,0.192,0.158,0.162,0.146,23.471,4,"=0.000102",0.09,11.197,"2.186e-08",19.225,4,"=0.00071",0.074,9.9243,"1.762e-07",19.225,4,"=0.00071",0.074,9.9243,"1.762e-07"
315,"ex315","faces_ex315.lst",2,"Lognormal","(i)","(i)","(i)",0.0845,0.1031,0.0978,0.0996,0.0929,0.227,0.275,0.259,0.265,0.246,0.113,0.137,0.13,0.133,0.123,10.818,4,"=0.02868",0.042,3.1032,"0.01614",13.231,4,"=0.0102",0.051,3.0418,"0.01786",13.231,4,"=0.0102",0.051,3.0418,"0.01786"
316,"ex316","faces_ex316.lst",2,"Lognormal","(iii)","(iii)","(iii)",0.183,0.188,0.169,0.169,0.171,0.486,0.503,0.45,0.451,0.457,0.243,0.252,0.225,0.225,0.228,7.2943,4,"=0.1211",0.028,1.5765,"0.181",5.8767,4,"=0.2085",0.023,1.6409,"0.1644",5.903,4,"=0.2065",0.023,1.6409,"0.1644"
317,"ex317","faces_ex317.lst",2,"Lognormal","(i)","(i)","(i)",0.111,0.146,0.119,0.118,0.115,0.3,0.396,0.32,0.32,0.311,0.15,0.198,0.16,0.16,0.155,23.84,4,"=8.599e-05",0.092,9.4944,"3.584e-07",22.351,4,"=0.0001706",0.086,9.8201,"2.092e-07",22.351,4,"=0.0001706",0.086,9.8201,"2.092e-07"
318,"ex318","faces_ex318.lst",2,"Lognormal","(i)","(i)","(i)",0.0746,0.0977,0.0827,0.0823,0.076,0.2,0.263,0.22,0.222,0.202,0.1,0.132,0.11,0.111,0.101,14.388,4,"=0.006155",0.055,6.1366,"9.918e-05",16.246,4,"=0.002706",0.062,6.2197,"8.62e-05",16.246,4,"=0.002706",0.062,6.2197,"8.62e-05"
319,"ex319","faces_ex319.lst",2,"Lognormal","(i)","(i)","(i)",0.14,0.158,0.143,0.143,0.141,0.381,0.432,0.39,0.39,0.385,0.191,0.216,0.195,0.195,0.192,8.6523,4,"=0.0704",0.033,2.746,"0.02895",16.271,4,"=0.002677",0.063,2.8963,"0.02266",16.271,4,"=0.002677",0.063,2.8963,"0.02266"
320,"ex320","faces_ex320.lst",2,"Lognormal","(v)","(v)","(v)",0.1024,0.1091,0.101,0.101,0.0966,0.275,0.291,0.269,0.269,0.258,0.138,0.146,0.134,0.134,0.129,4.16,4,"=0.3848",0.016,0.9826,"0.4175",3.6062,4,"=0.4619",0.014,1.0313,"0.3915",3.6062,4,"=0.4619",0.014,1.0313,"0.3915"
321,"ex321","faces_ex321.lst",2,"Lognormal","(i)","(i)","(i)",0.0758,0.0873,0.0831,0.083,0.0816,0.207,0.235,0.225,0.225,0.22,0.103,0.117,0.113,0.112,0.11,5.9692,4,"=0.2015",0.023,1.1252,"0.345",6.2892,4,"=0.1786",0.024,0.9591,"0.4305",6.2892,4,"=0.1786",0.024,0.9591,"0.4305"
322,"ex322","faces_ex322.lst",2,"Lognormal","(i)","(i)","(i)",0.143,0.166,0.153,0.152,0.149,0.387,0.45,0.409,0.41,0.402,0.193,0.225,0.205,0.205,0.201,7.2803,4,"=0.1218",0.028,2.0206,"0.09201",8.1946,4,"=0.0847",0.032,2.0669,"0.08559",8.1946,4,"=0.0847",0.032,2.0669,"0.08559"
323,"ex323","faces_ex323.lst",2,"Lognormal","(i)","(i)","(i)",0.109,0.141,0.117,0.118,0.114,0.294,0.378,0.315,0.319,0.307,0.147,0.189,0.158,0.159,0.153,14.929,4,"=0.00485",0.057,5.8967,"0.0001487",13.969,4,"=0.007394",0.054,5.7128,"0.0002029",13.969,4,"=0.007394",0.054,5.7128,"0.0002029"
324,"ex324","faces_ex324.lst",2,"Lognormal","(i)","(i)","(i)",0.0719,0.0975,0.0862,0.0844,0.0826,0.192,0.26,0.232,0.228,0.222,0.096,0.13,0.116,0.114,0.111,16.64,4,"=0.00227",0.064,7.7184,"6.916e-06",17.785,4,"=0.00136",0.068,7.8492,"5.555e-06",17.785,4,"=0.00136",0.068,7.8492,"5.555e-06"
325,"ex325","faces_ex325.lst",2,"Lognormal","(iii)","(iii)","(iii)",0.0885,0.0965,0.0808,0.0861,0.0834,0.239,0.26,0.219,0.234,0.226,0.12,0.13,0.109,0.117,0.113,20.726,4,"=0.0003588",0.08,2.4179,"0.04913",23.729,4,"=9.05e-05",0.091,2.3281,"0.0567",23.729,4,"=9.05e-05",0.091,2.3281,"0.0567"
326,"ex326","faces_ex326.lst",2,"Lognormal","(iv)","(iv)","(iv)",0.0773,0.0859,0.0608,0.0606,0.0672,0.21,0.228,0.165,0.164,0.182,0.1051,0.1141,0.0823,0.0821,0.0909,7.0031,4,"=0.1357",0.027,2.5679,"0.03861",7.36,4,"=0.118",0.028,2.383,"0.05195",7.36,4,"=0.118",0.028,2.383,"0.05195"
327,"ex327","faces_ex327.lst",2,"Lognormal","(iii)","(iii)","(iii)",0.0575,0.0475,0.0405,0.0418,0.0412,0.155,0.128,0.109,0.112,0.111,0.0773,0.0638,0.0543,0.0559,0.0554,15.742,4,"=0.003386",0.061,3.1298,"0.01545",19.446,4,"=0.0006422",0.075,3.226,"0.01319",19.446,4,"=0.0006422",0.075,3.226,"0.01319"
328,"ex328","faces_ex328.lst",2,"Lognormal","(iii)","(iii)","(iii)",0.0863,0.0848,0.0707,0.0743,0.0759,0.233,0.228,0.191,0.2,0.205,0.1164,0.114,0.0954,0.0999,0.1023,11.742,4,"=0.01938",0.045,1.8532,"0.1192",7.0031,4,"=0.1357",0.027,1.7339,"0.1429",7.0031,4,"=0.1357",0.027,1.7339,"0.1429"
329,"ex329","faces_ex329.lst",2,"Lognormal","(iii)","(iii)","(iii)",0.0695,0.0726,0.0567,0.0575,0.0571,0.189,0.194,0.153,0.155,0.155,0.0943,0.0972,0.0763,0.0774,0.0774,14.215,4,"=0.006638",0.055,4.0939,"0.003108",13.625,4,"=0.008595",0.052,3.9376,"0.004038",13.625,4,"=0.008595",0.052,3.9376,"0.004038"
330,"ex330","faces_ex330.lst",2,"Lognormal","(iii)","(iii)","(iii)",0.05,0.0516,0.0375,0.0383,0.0382,0.135,0.139,0.1,0.103,0.102,0.0673,0.0697,0.0502,0.0515,0.0511,29.994,4,"=4.909e-06",0.115,5.6392,"0.0002298",30.572,4,"=3.742e-06",0.118,5.8402,"0.0001636",30.572,4,"=3.742e-06",0.118,5.8402,"0.0001636"
331,"ex331","faces_ex331.lst",2,"Lognormal","(iii)","(iii)","(iii)",0.0921,0.105,0.0881,0.0927,0.0923,0.246,0.278,0.236,0.247,0.246,0.123,0.139,0.118,0.123,0.123,12.32,4,"=0.01512",0.047,3.4245,"0.009495",10.4,4,"=0.0342",0.04,3.0542,"0.0175",10.405,4,"=0.03413",0.04,3.0542,"0.0175"
332,"ex332","faces_ex332.lst",2,"Lognormal","(iii)","(iii)","(iii)",0.0634,0.0729,0.0566,0.0587,0.0586,0.172,0.196,0.152,0.158,0.157,0.0859,0.0978,0.0759,0.0792,0.0787,13.748,4,"=0.008145",0.053,4.6137,"0.001297",10.572,4,"=0.03182",0.041,4.464,"0.001669",10.572,4,"=0.03182",0.041,4.464,"0.001669"
333,"ex333","faces_ex333.lst",2,"Lognormal","(v)","(v)","(v)",0.0466,0.059,0.0442,0.0437,0.0429,0.124,0.158,0.117,0.116,0.114,0.0621,0.0788,0.0587,0.0581,0.0569,28.628,4,"=9.304e-06",0.11,11.031,"2.868e-08",29.932,4,"=5.052e-06",0.115,11.222,"2.098e-08",29.932,4,"=5.052e-06",0.115,11.222,"2.098e-08"
334,"ex334","faces_ex334.lst",2,"Lognormal","(i)","(i)","(i)",0.0639,0.0795,0.0641,0.0657,0.0654,0.173,0.215,0.174,0.178,0.178,0.0867,0.1076,0.087,0.0891,0.0888,14.252,4,"=0.006532",0.055,9.6651,"2.703e-07",15.286,4,"=0.004143",0.059,8.943,"8.947e-07",15.286,4,"=0.004143",0.059,8.943,"8.947e-07"
335,"ex335","faces_ex335.lst",2,"Lognormal","(iii)","(iii)","(iii)",0.0505,0.0488,0.0436,0.044,0.044,0.136,0.132,0.117,0.118,0.118,0.0679,0.066,0.0587,0.0591,0.0592,2.8677,4,"=0.5802",0.011,1.7266,"0.1445",4.2954,4,"=0.3675",0.017,1.7558,"0.1383",4.2954,4,"=0.3675",0.017,1.7558,"0.1383"
336,"ex336","faces_ex336.lst",2,"Lognormal","(iii)","(iii)","(iii)",0.0447,0.0549,0.0372,0.0376,0.0375,0.122,0.145,0.101,0.101,0.102,0.0608,0.0727,0.0504,0.0507,0.0509,12.332,4,"=0.01504",0.047,2.3074,"0.05859",10.609,4,"=0.03133",0.041,2.0919,"0.08231",10.609,4,"=0.03133",0.041,2.0919,"0.08231"
337,"ex337","faces_ex337.lst",2,"Lognormal","(v)","(v)","(v)",0.0823,0.0934,0.0708,0.0715,0.0701,0.223,0.251,0.19,0.193,0.189,0.1113,0.1256,0.095,0.0963,0.0943,3.5569,4,"=0.4693",0.014,2.891,"0.02286",3.6062,4,"=0.4619",0.014,2.9435,"0.02098",3.6062,4,"=0.4619",0.014,2.9435,"0.02098"
338,"ex338","faces_ex338.lst",2,"Lognormal","(iii)","(iii)","(iii)",0.0605,0.058,0.0473,0.0482,0.0474,0.165,0.155,0.128,0.131,0.129,0.0823,0.0777,0.0642,0.0656,0.0643,15.052,4,"=0.004594",0.058,3.6637,"0.006379",11.397,4,"=0.02245",0.044,3.3786,"0.01025",11.397,4,"=0.02245",0.044,3.3786,"0.01025"
339,"ex339","faces_ex339.lst",2,"Lognormal","(iii)","(iii)","(iii)",0.0416,0.0456,0.0338,0.0346,0.0345,0.112,0.1228,0.0906,0.0928,0.0924,0.056,0.0614,0.0453,0.0464,0.0462,20.172,4,"=0.0004618",0.078,3.3876,"0.01009",17.809,4,"=0.001345",0.068,3.5286,"0.007988",17.809,4,"=0.001345",0.068,3.5286,"0.007988"
340,"ex340","faces_ex340.lst",2,"Lognormal","(iii)","(iii)","(iii)",0.0756,0.0847,0.0734,0.076,0.0757,0.203,0.227,0.197,0.204,0.203,0.1016,0.1134,0.0983,0.1022,0.1016,10.732,4,"=0.02974",0.041,2.7709,"0.0278",8.5785,4,"=0.07254",0.033,2.619,"0.03556",8.5785,4,"=0.07254",0.033,2.619,"0.03556"
341,"ex341","faces_ex341.lst",2,"Lognormal","(iii)","(iii)","(iii)",0.0616,0.0502,0.0466,0.0466,0.0467,0.167,0.135,0.126,0.126,0.126,0.0834,0.0676,0.063,0.063,0.0631,8.16,4,"=0.08589",0.031,4.5552,"0.001431",9.7969,4,"=0.04399",0.038,4.284,"0.002259",9.7969,4,"=0.04399",0.038,4.284,"0.002259"
342,"ex342","faces_ex342.lst",2,"Lognormal","(iii)","(iii)","(iii)",0.0462,0.0477,0.0387,0.0389,0.0395,0.123,0.127,0.104,0.104,0.106,0.0617,0.0635,0.0519,0.0522,0.0529,5.9692,4,"=0.2015",0.023,2.0168,"0.09256",5.0831,4,"=0.2789",0.02,1.9747,"0.0988",5.0831,4,"=0.2789",0.02,1.9747,"0.0988"
343,"ex343","faces_ex343.lst",2,"Lognormal","(iii)","(iii)","(iii)",0.0697,0.064,0.0601,0.0607,0.0607,0.19,0.174,0.163,0.164,0.164,0.0949,0.0868,0.0813,0.082,0.0821,9.7583,4,"=0.0447",0.038,0.8188,"0.5142",5.4288,4,"=0.2461",0.021,0.8479,"0.496",5.4288,4,"=0.2461",0.021,0.8479,"0.496"
344,"ex344","faces_ex344.lst",2,"Lognormal","(iii)","(iii)","(iii)",0.0581,0.048,0.0424,0.0427,0.0429,0.159,0.129,0.114,0.115,0.116,0.0795,0.0646,0.0572,0.0577,0.058,3.5569,4,"=0.4693",0.014,3.3953,"0.009966",5.9938,4,"=0.1996",0.023,3.5123,"0.008208",5.9938,4,"=0.1996",0.023,3.5123,"0.008208"
345,"ex345","faces_ex345.lst",2,"Lognormal","(iii)","(iii)","(iii)",0.0423,0.0422,0.04,0.0404,0.0458,0.113,0.113,0.106,0.108,0.122,0.0563,0.0567,0.0532,0.0538,0.0608,2.8677,4,"=0.5802",0.011,0.3182,"0.8657",3.1262,4,"=0.5369",0.012,0.3165,"0.8668",3.1262,4,"=0.5369",0.012,0.3165,"0.8668"
346,"ex346","faces_ex346.lst",2,"Lognormal","(iii)","(iii)","(iii)",0.0782,0.0911,0.0747,0.0754,0.0749,0.21,0.246,0.201,0.203,0.202,0.105,0.123,0.1,0.101,0.101,13.748,4,"=0.008145",0.053,4.3072,"0.002173",14.178,4,"=0.006747",0.055,4.5107,"0.001543",14.178,4,"=0.006747",0.055,4.5107,"0.001543"
347,"ex347","faces_ex347.lst",2,"Lognormal","(v)","(iii)","(iii)",0.0634,0.0619,0.0448,0.0452,0.0446,0.174,0.165,0.121,0.122,0.121,0.0868,0.0826,0.0603,0.061,0.0603,6.0431,4,"=0.196",0.023,2.6695,"0.03277",8.2092,4,"=0.08421",0.032,2.9008,"0.0225",8.2092,4,"=0.08421",0.032,2.9008,"0.0225"
348,"ex348","faces_ex348.lst",2,"Lognormal","(iv)","(iv)","(iv)",0.0367,0.0373,0.0301,0.0299,0.0303,0.099,0.1005,0.0809,0.0801,0.0815,0.0495,0.0502,0.0404,0.0401,0.0407,5.1446,4,"=0.2728",0.02,1.705,"0.1493",6.8677,4,"=0.143",0.026,1.8465,"0.1204",6.8677,4,"=0.143",0.026,1.8465,"0.1204"
349,"ex349","faces_ex349.lst",2,"Lognormal","(v)","(v)","(v)",0.0751,0.0876,0.064,0.0652,0.0636,0.203,0.236,0.173,0.176,0.172,0.1013,0.1182,0.0866,0.0881,0.0861,7.7908,4,"=0.09955",0.03,2.7549,"0.02853",7.8892,4,"=0.09572",0.03,2.8104,"0.02607",7.8892,4,"=0.09572",0.03,2.8104,"0.02607"
350,"ex350","faces_ex350.lst",2,"Lognormal","(iii)","(iii)","(iii)",0.0662,0.0532,0.046,0.0465,0.0467,0.18,0.143,0.123,0.124,0.125,0.0898,0.0716,0.0614,0.062,0.0623,7.6185,4,"=0.1066",0.029,4.9104,"0.0007867",11.138,4,"=0.02505",0.043,5.0921,"0.0005789",11.138,4,"=0.02505",0.043,5.0921,"0.0005789"
351,"ex351","faces_ex351.lst",2,"Lognormal","(v)","(v)","(v)",0.0501,0.0431,0.0325,0.0328,0.0324,0.1351,0.1154,0.0878,0.0882,0.0872,0.0675,0.0577,0.0439,0.0441,0.0436,23.545,4,"=9.854e-05",0.091,2.3201,"0.05742",17.44,4,"=0.001587",0.067,2.3259,"0.0569",17.44,4,"=0.001587",0.067,2.3259,"0.0569"
352,"ex352","faces_ex352.lst",2,"Lognormal","(iii)","(iii)","(iii)",0.119,0.133,0.105,0.11,0.108,0.318,0.357,0.284,0.296,0.293,0.159,0.179,0.142,0.148,0.147,11.963,4,"=0.01763",0.046,4.6528,"0.001215",14.462,4,"=0.005959",0.056,4.411,"0.001825",14.462,4,"=0.005959",0.056,4.411,"0.001825"
353,"ex353","faces_ex353.lst",2,"Lognormal","(iii)","(iii)","(iii)",0.0821,0.1089,0.0812,0.0839,0.0815,0.221,0.29,0.219,0.226,0.219,0.11,0.145,0.109,0.113,0.109,28.812,4,"=8.535e-06",0.111,11.854,"7.52e-09",30.302,4,"=4.249e-06",0.117,10.965,"3.192e-08",30.302,4,"=4.249e-06",0.117,10.965,"3.192e-08"
354,"ex354","faces_ex354.lst",2,"Lognormal","(i)","(i)","(i)",0.0516,0.0699,0.0577,0.059,0.0572,0.14,0.189,0.156,0.16,0.157,0.0701,0.0947,0.0782,0.0798,0.0783,15.077,4,"=0.004544",0.058,4.9755,"0.0007049",14.314,4,"=0.006358",0.055,4.8724,"0.0008388",14.314,4,"=0.006358",0.055,4.8724,"0.0008388"
355,"ex355","faces_ex355.lst",2,"Lognormal","(i)","(i)","(i)",0.102,0.127,0.103,0.106,0.104,0.274,0.342,0.276,0.283,0.279,0.137,0.171,0.138,0.141,0.14,21.502,4,"=0.0002518",0.083,6.1556,"9.606e-05",15.815,4,"=0.003277",0.061,6.6114,"4.452e-05",15.815,4,"=0.003277",0.061,6.6114,"4.452e-05"
356,"ex356","faces_ex356.lst",2,"Lognormal","(i)","(i)","(i)",0.0685,0.0931,0.0745,0.0764,0.0745,0.185,0.249,0.201,0.207,0.201,0.0925,0.1246,0.1006,0.1033,0.1005,24.886,4,"=5.303e-05",0.096,11.715,"9.418e-09",22.905,4,"=0.0001323",0.088,10.934,"3.357e-08",22.905,4,"=0.0001323",0.088,10.934,"3.357e-08"
357,"ex357","faces_ex357.lst",2,"Lognormal","(v)","(v)","(v)",0.0502,0.0663,0.0508,0.0535,0.0501,0.136,0.178,0.136,0.143,0.134,0.068,0.0892,0.0682,0.0713,0.0671,23.84,4,"=8.599e-05",0.092,7.4581,"1.071e-05",19.348,4,"=0.0006715",0.074,7.7679,"6.365e-06",19.348,4,"=0.0006715",0.074,7.7679,"6.365e-06"
358,"ex358","faces_ex358.lst",2,"Lognormal","(iii)","(iii)","(iii)",0.1046,0.117,0.0984,0.1043,0.1024,0.282,0.315,0.265,0.282,0.276,0.141,0.158,0.133,0.141,0.138,27.434,4,"=1.624e-05",0.106,3.2537,"0.0126",26.326,4,"=2.72e-05",0.101,3.3784,"0.01025",26.326,4,"=2.72e-05",0.101,3.3784,"0.01025"
359,"ex359","faces_ex359.lst",2,"Lognormal","(v)","(v)","(v)",0.0817,0.1159,0.0826,0.0839,0.081,0.22,0.31,0.223,0.225,0.217,0.11,0.155,0.112,0.113,0.109,18.068,4,"=0.001197",0.069,7.888,"5.205e-06",16.406,4,"=0.00252",0.063,7.6563,"7.675e-06",16.406,4,"=0.00252",0.063,7.6563,"7.675e-06"
360,"ex360","faces_ex360.lst",2,"Lognormal","(i)","(i)","(i)",0.0544,0.0646,0.0627,0.0637,0.0617,0.146,0.174,0.168,0.171,0.166,0.0729,0.087,0.084,0.0856,0.083,12.615,4,"=0.01332",0.049,2.7886,"0.02701",11.065,4,"=0.02585",0.043,2.9203,"0.02179",11.065,4,"=0.02585",0.043,2.9203,"0.02179"
361,"ex361","faces_ex361.lst",2,"Lognormal","(iii)","(iii)","(iii)",0.0871,0.0997,0.0853,0.0869,0.0861,0.236,0.268,0.23,0.235,0.234,0.118,0.134,0.115,0.118,0.117,3.1754,4,"=0.5289",0.012,1.623,"0.1689",3.2369,4,"=0.519",0.012,1.5455,"0.1895",3.2369,4,"=0.519",0.012,1.5455,"0.1895"
362,"ex362","faces_ex362.lst",2,"Lognormal","(i)","(i)","(i)",0.0711,0.096,0.0717,0.0726,0.0719,0.192,0.259,0.193,0.196,0.194,0.0959,0.1295,0.0967,0.0981,0.097,34.215,4,"=6.731e-07",0.132,14.15,"1.904e-10",34.031,4,"=7.344e-07",0.131,13.646,"4.237e-10",34.031,4,"=7.344e-07",0.131,13.646,"4.237e-10"
363,"ex363","faces_ex363.lst",2,"Lognormal","(i)","(i)","(i)",0.05,0.0704,0.0533,0.0543,0.0534,0.136,0.189,0.143,0.146,0.144,0.0678,0.0945,0.0713,0.0729,0.0719,15.495,4,"=0.003777",0.06,12.382,"3.205e-09",15.298,4,"=0.004121",0.059,12.248,"3.974e-09",15.298,4,"=0.004121",0.059,12.248,"3.974e-09"
364,"ex364","faces_ex364.lst",2,"Lognormal","(iii)","(iii)","(iii)",0.0995,0.12,0.0946,0.0964,0.0949,0.266,0.32,0.253,0.259,0.255,0.133,0.16,0.127,0.13,0.127,19.274,4,"=0.0006943",0.074,9.0257,"7.798e-07",18.265,4,"=0.001095",0.07,8.5239,"1.798e-06",18.265,4,"=0.001095",0.07,8.5239,"1.798e-06"
365,"ex365","faces_ex365.lst",2,"Lognormal","(v)","(v)","(v)",0.0773,0.0858,0.0746,0.0758,0.0736,0.206,0.23,0.2,0.204,0.199,0.103,0.115,0.1001,0.1019,0.0994,5.0831,4,"=0.2789",0.02,1.2677,"0.2831",7.84,4,"=0.09762",0.03,1.3299,"0.2592",7.84,4,"=0.09762",0.03,1.3299,"0.2592"
366,"ex366","faces_ex366.lst",2,"Lognormal","(iii)","(iii)","(iii)",0.0626,0.0706,0.0574,0.0584,0.059,0.168,0.19,0.154,0.156,0.158,0.0839,0.0949,0.0769,0.0779,0.0788,10.917,4,"=0.02751",0.042,2.4305,"0.04815",11.434,4,"=0.0221",0.044,2.5347,"0.04074",11.434,4,"=0.0221",0.044,2.5347,"0.04074"
367,"ex367","faces_ex367.lst",2,"Lognormal","(iii)","(iii)","(iii)",0.121,0.135,0.11,0.113,0.116,0.325,0.365,0.293,0.3,0.308,0.163,0.183,0.147,0.15,0.154,15.963,4,"=0.003069",0.061,2.7665,"0.028",11.778,4,"=0.01908",0.045,2.8681,"0.02373",11.778,4,"=0.01908",0.045,2.8681,"0.02373"
368,"ex368","faces_ex368.lst",2,"Lognormal","(iii)","(iii)","(iii)",0.0757,0.0841,0.072,0.0739,0.0733,0.204,0.227,0.193,0.199,0.197,0.1022,0.1137,0.0967,0.0994,0.0986,8.8862,4,"=0.06401",0.034,2.173,"0.07248",9.9938,4,"=0.04053",0.038,2.2761,"0.06157",9.9938,4,"=0.04053",0.038,2.2761,"0.06157"
369,"ex369","faces_ex369.lst",2,"Lognormal","(i)","(i)","(i)",0.0449,0.0747,0.0478,0.0482,0.047,0.122,0.199,0.128,0.13,0.127,0.0611,0.0997,0.0641,0.0648,0.0637,41.76,4,"=1.871e-08",0.161,7.982,"4.447e-06",36.874,4,"=1.912e-07",0.142,8.0734,"3.816e-06",36.874,4,"=1.912e-07",0.142,8.0734,"3.816e-06"
370,"ex370","faces_ex370.lst",2,"Lognormal","(iii)","(iii)","(iii)",0.1021,0.0953,0.0923,0.0935,0.0925,0.273,0.258,0.249,0.252,0.249,0.137,0.129,0.124,0.126,0.124,13.945,4,"=0.007474",0.054,0.8301,"0.507",15.729,4,"=0.003405",0.06,0.7858,"0.5353",15.729,4,"=0.003405",0.06,0.7858,"0.5353"
371,"ex371","faces_ex371.lst",2,"Lognormal","(iii)","(v)","(v)",0.0717,0.0763,0.066,0.0665,0.066,0.192,0.204,0.177,0.178,0.175,0.0962,0.1018,0.0883,0.089,0.0877,4,4,"=0.406",0.015,0.7227,"0.5771",5.2062,4,"=0.2668",0.02,0.7128,"0.5838",5.2062,4,"=0.2668",0.02,0.7128,"0.5838"
372,"ex372","faces_ex372.lst",2,"Lognormal","(iii)","(iii)","(iii)",0.0463,0.061,0.046,0.0466,0.0461,0.124,0.165,0.123,0.125,0.124,0.0622,0.0825,0.0616,0.0626,0.062,26.794,4,"=2.188e-05",0.103,10.21,"1.101e-07",25.932,4,"=3.265e-05",0.1,10.363,"8.555e-08",25.932,4,"=3.265e-05",0.1,10.363,"8.555e-08"
373,"ex373","faces_ex373.lst",2,"Lognormal","(iii)","(iii)","(iii)",0.0939,0.1088,0.0929,0.0942,0.0936,0.252,0.29,0.248,0.251,0.25,0.126,0.145,0.124,0.126,0.125,13.378,4,"=0.009567",0.051,3.493,"0.008474",12.566,4,"=0.0136",0.048,3.2939,"0.01179",12.566,4,"=0.0136",0.048,3.2939,"0.01179"
374,"ex374","faces_ex374.lst",2,"Lognormal","(iii)","(iii)","(iii)",0.0765,0.0841,0.0744,0.0744,0.0778,0.206,0.227,0.201,0.201,0.209,0.103,0.113,0.1,0.1,0.105,19.865,4,"=0.0005311",0.076,1.3506,"0.2517",21.649,4,"=0.0002354",0.083,1.3546,"0.2502",21.649,4,"=0.0002354",0.083,1.3546,"0.2502"
375,"ex375","faces_ex375.lst",2,"Lognormal","(i)","(i)","(i)",0.0469,0.0706,0.0498,0.0506,0.0494,0.126,0.188,0.134,0.135,0.133,0.0629,0.0942,0.067,0.0677,0.0663,27.237,4,"=1.78e-05",0.105,3.7034,"0.005971",24.898,4,"=5.273e-05",0.096,3.6302,"0.006746",24.898,4,"=5.273e-05",0.096,3.6302,"0.006746"
376,"ex376","faces_ex376.lst",2,"Lognormal","(iii)","(iii)","(iii)",0.0921,0.0942,0.0868,0.0876,0.0875,0.25,0.256,0.235,0.237,0.236,0.125,0.128,0.117,0.119,0.118,3.1138,4,"=0.539",0.012,1.0039,"0.406",6.8554,4,"=0.1437",0.026,1.1079,"0.3532",6.8554,4,"=0.1437",0.026,1.1079,"0.3532"
377,"ex377","faces_ex377.lst",2,"Lognormal","(i)","(i)","(i)",0.0595,0.0798,0.0632,0.0631,0.0621,0.159,0.214,0.17,0.17,0.168,0.0795,0.1068,0.085,0.0849,0.0841,1.8954,4,"=0.755",0.007,2.9321,"0.02137",3.5077,4,"=0.4767",0.013,2.8893,"0.02292",3.5077,4,"=0.4767",0.013,2.8893,"0.02292"
378,"ex378","faces_ex378.lst",2,"Lognormal","(i)","(i)","(i)",0.0533,0.0704,0.06,0.0605,0.0588,0.142,0.188,0.159,0.16,0.156,0.0709,0.0939,0.0794,0.0801,0.0782,16.308,4,"=0.002633",0.063,3.9962,"0.003661",14.375,4,"=0.006189",0.055,4.1016,"0.003068",14.375,4,"=0.006189",0.055,4.1016,"0.003068"
379,"ex379","faces_ex379.lst",2,"Lognormal","(i)","(i)","(i)",0.119,0.193,0.151,0.151,0.143,0.321,0.513,0.401,0.403,0.38,0.16,0.256,0.2,0.201,0.19,19.163,4,"=0.00073",0.074,17.015,"2.188e-12",16.935,4,"=0.00199",0.065,16.329,"6.298e-12",16.935,4,"=0.00199",0.065,16.329,"6.298e-12"
380,"ex380","faces_ex380.lst",2,"Lognormal","(i)","(i)","(i)",0.103,0.15,0.118,0.12,0.111,0.278,0.402,0.315,0.322,0.296,0.139,0.201,0.157,0.161,0.148,23.668,4,"=9.311e-05",0.091,10.296,"9.549e-08",22.166,4,"=0.0001857",0.085,10.257,"1.018e-07",22.166,4,"=0.0001857",0.085,10.257,"1.018e-07"
381,"ex381","faces_ex381.lst",2,"Lognormal","(i)","(i)","(i)",0.0702,0.1071,0.0844,0.0864,0.0833,0.19,0.291,0.226,0.23,0.226,0.0952,0.1454,0.1132,0.1151,0.1128,21.366,4,"=0.0002679",0.082,5.0414,"0.0006307",20.997,4,"=0.0003171",0.081,5.1037,"0.0005677",20.997,4,"=0.0003171",0.081,5.1037,"0.0005677"
382,"ex382","faces_ex382.lst",2,"Lognormal","(i)","(i)","(i)",0.15,0.16,0.153,0.155,0.154,0.403,0.431,0.41,0.416,0.416,0.201,0.216,0.205,0.208,0.208,7.9385,4,"=0.09386",0.031,0.2866,"0.8865",11.508,4,"=0.02141",0.044,0.3999,"0.8087",11.508,4,"=0.02141",0.044,0.3999,"0.8087"
383,"ex383","faces_ex383.lst",2,"Lognormal","(v)","(v)","(v)",0.113,0.143,0.114,0.117,0.111,0.305,0.381,0.308,0.317,0.302,0.152,0.191,0.154,0.158,0.151,10.129,4,"=0.03831",0.039,5.2636,"0.0004334",11.471,4,"=0.02175",0.044,4.8265,"0.0009063",11.471,4,"=0.02175",0.044,4.8265,"0.0009063"
384,"ex384","faces_ex384.lst",2,"Lognormal","(i)","(i)","(i)",0.0788,0.1105,0.087,0.0907,0.0841,0.213,0.299,0.235,0.245,0.227,0.107,0.15,0.117,0.123,0.114,21.132,4,"=0.0002981",0.081,8.1578,"3.314e-06",19.36,4,"=0.0006677",0.074,8.1209,"3.524e-06",19.36,4,"=0.0006677",0.074,8.1209,"3.524e-06"
385,"ex385","faces_ex385.lst",2,"Lognormal","(iv)","(iv)","(iv)",0.144,0.184,0.145,0.142,0.145,0.388,0.491,0.388,0.383,0.39,0.194,0.245,0.194,0.191,0.195,3.8031,4,"=0.4333",0.015,8.3126,"2.558e-06",3.8031,4,"=0.4333",0.015,7.509,"9.829e-06",3.8031,4,"=0.4333",0.015,7.509,"9.829e-06"
386,"ex386","faces_ex386.lst",2,"Lognormal","(i)","(i)","(i)",0.102,0.145,0.121,0.122,0.112,0.273,0.387,0.319,0.324,0.298,0.137,0.193,0.16,0.162,0.149,29.994,4,"=4.909e-06",0.115,8.5157,"1.823e-06",36.517,4,"=2.265e-07",0.14,8.1226,"3.514e-06",36.517,4,"=2.265e-07",0.14,8.1226,"3.514e-06"
387,"ex387","faces_ex387.lst",2,"Lognormal","(i)","(i)","(i)",0.0914,0.1164,0.1034,0.1057,0.0991,0.244,0.313,0.274,0.281,0.263,0.122,0.157,0.137,0.14,0.132,20,4,"=0.0004994",0.077,3.9787,"0.00377",14.745,4,"=0.005261",0.057,4.344,"0.002042",14.745,4,"=0.005261",0.057,4.344,"0.002042"
388,"ex388","faces_ex388.lst",2,"Lognormal","(iii)","(iii)","(iii)",0.16,0.189,0.152,0.153,0.154,0.427,0.503,0.408,0.409,0.414,0.214,0.252,0.204,0.205,0.207,17.563,4,"=0.001502",0.068,7.3639,"1.254e-05",13.785,4,"=0.008015",0.053,7.2981,"1.401e-05",13.785,4,"=0.008015",0.053,7.2981,"1.401e-05"
389,"ex389","faces_ex389.lst",2,"Lognormal","(v)","(v)","(v)",0.103,0.124,0.106,0.105,0.101,0.276,0.331,0.282,0.282,0.269,0.138,0.166,0.141,0.141,0.134,10.302,4,"=0.03564",0.04,4.3265,"0.002103",5.7723,4,"=0.2168",0.022,4.2395,"0.002434",5.7723,4,"=0.2168",0.022,4.2395,"0.002434"
390,"ex390","faces_ex390.lst",2,"Lognormal","(i)","(v)","(i)",0.0862,0.0992,0.0904,0.0919,0.087,0.236,0.267,0.243,0.247,0.235,0.118,0.134,0.121,0.123,0.118,5.7477,4,"=0.2188",0.022,1.7369,"0.1423",7.04,4,"=0.1338",0.027,1.5995,"0.1749",7.04,4,"=0.1338",0.027,1.5995,"0.1749"
391,"ex391","faces_ex391.lst",2,"Lognormal","(i)","(i)","(i)",0.136,0.19,0.153,0.153,0.149,0.364,0.505,0.409,0.41,0.4,0.182,0.252,0.205,0.205,0.2,22.827,4,"=0.0001371",0.088,10.731,"4.684e-08",26.522,4,"=2.483e-05",0.102,10.636,"5.468e-08",26.522,4,"=2.483e-05",0.102,10.636,"5.468e-08"
392,"ex392","faces_ex392.lst",2,"Lognormal","(iii)","(iii)","(iii)",0.111,0.135,0.108,0.11,0.11,0.295,0.361,0.286,0.292,0.291,0.147,0.181,0.143,0.146,0.146,15.2,4,"=0.004304",0.058,5.3122,"0.0003992",12.492,4,"=0.01404",0.048,6.2165,"8.667e-05",12.492,4,"=0.01404",0.048,6.2165,"8.667e-05"
393,"ex393","faces_ex393.lst",2,"Lognormal","(i)","(i)","(i)",0.0682,0.0887,0.0853,0.0866,0.0795,0.184,0.239,0.228,0.233,0.214,0.092,0.119,0.114,0.116,0.107,15.988,4,"=0.003036",0.061,4.5017,"0.001566",17.563,4,"=0.001502",0.068,4.3739,"0.001942",17.563,4,"=0.001502",0.068,4.3739,"0.001942"
394,"ex394","faces_ex394.lst",2,"Lognormal","(i)","(i)","(i)",0.144,0.181,0.165,0.164,0.156,0.387,0.484,0.441,0.438,0.421,0.194,0.242,0.221,0.219,0.21,14.266,4,"=0.006492",0.055,5.1296,"0.0005434",9.9246,4,"=0.04172",0.038,4.8446,"0.000879",9.9246,4,"=0.04172",0.038,4.8446,"0.000879"
395,"ex395","faces_ex395.lst",2,"Lognormal","(i)","(i)","(i)",0.102,0.131,0.127,0.125,0.114,0.276,0.347,0.342,0.336,0.308,0.138,0.174,0.171,0.168,0.154,32.271,4,"=1.684e-06",0.124,3.9767,"0.003783",32.8,4,"=1.313e-06",0.126,3.5354,"0.007899",32.8,4,"=1.313e-06",0.126,3.5354,"0.007899"
396,"ex396","faces_ex396.lst",2,"Lognormal","(i)","(i)","(i)",0.0813,0.1084,0.0909,0.0915,0.0858,0.222,0.29,0.243,0.244,0.231,0.111,0.145,0.121,0.122,0.116,13.206,4,"=0.01031",0.051,4.6001,"0.001327",8.5785,4,"=0.07254",0.033,4.1568,"0.002797",8.5785,4,"=0.07254",0.033,4.1568,"0.002797"
397,"ex397","faces_ex397.lst",2,"Lognormal","(v)","(v)","(v)",0.162,0.189,0.162,0.162,0.16,0.43,0.505,0.43,0.43,0.425,0.215,0.253,0.215,0.215,0.212,11.951,4,"=0.01772",0.046,3.6447,"0.006585",11.446,4,"=0.02198",0.044,4.166,"0.002754",11.446,4,"=0.02198",0.044,4.166,"0.002754"
398,"ex398","faces_ex398.lst",2,"Lognormal","(i)","(i)","(i)",0.0943,0.1367,0.1114,0.1107,0.1054,0.253,0.364,0.299,0.297,0.281,0.127,0.182,0.149,0.149,0.141,12.578,4,"=0.01353",0.048,7.69,"7.254e-06",13.083,4,"=0.01088",0.05,7.2752,"1.456e-05",13.083,4,"=0.01088",0.05,7.2752,"1.456e-05"
399,"ex399","faces_ex399.lst",2,"Lognormal","(i)","(i)","(i)",0.0808,0.1057,0.0942,0.0966,0.0906,0.218,0.286,0.25,0.256,0.242,0.109,0.143,0.125,0.128,0.121,14.978,4,"=0.004746",0.058,4.1175,"0.002987",15.655,4,"=0.003518",0.06,4.2024,"0.002591",15.655,4,"=0.003518",0.06,4.2024,"0.002591"
400,"ex400","faces_ex400.lst",2,"Lognormal","(v)","(i)","(i)",0.153,0.207,0.158,0.159,0.152,0.408,0.556,0.425,0.428,0.408,0.204,0.278,0.212,0.214,0.204,21.083,4,"=0.0003049",0.081,8.9308,"9.13e-07",18.031,4,"=0.001217",0.069,9.082,"7.102e-07",18.031,4,"=0.001217",0.069,9.082,"7.102e-07"
401,"ex401","faces_ex401.lst",2,"Lognormal","(i)","(i)","(i)",0.0957,0.1303,0.1199,0.1174,0.1094,0.254,0.35,0.319,0.313,0.292,0.127,0.175,0.159,0.156,0.146,35.729,4,"=3.29e-07",0.137,3.4312,"0.009389",37.231,4,"=1.614e-07",0.143,3.7268,"0.005743",37.231,4,"=1.614e-07",0.143,3.7268,"0.005743"
402,"ex402","faces_ex402.lst",2,"Lognormal","(i)","(i)","(i)",0.0869,0.1182,0.0883,0.0872,0.0871,0.233,0.316,0.238,0.235,0.235,0.117,0.158,0.119,0.118,0.117,15.705,4,"=0.003442",0.06,7.0736,"2.043e-05",18.917,4,"=0.000816",0.073,6.7457,"3.55e-05",18.917,4,"=0.000816",0.073,6.7457,"3.55e-05"
403,"ex403","faces_ex403.lst",2,"Lognormal","(i)","(i)","(i)",0.133,0.141,0.145,0.144,0.141,0.355,0.377,0.388,0.385,0.379,0.178,0.188,0.194,0.193,0.189,6.3138,4,"=0.1769",0.024,1.1476,"0.3346",4.8123,4,"=0.3071",0.019,1.2457,"0.2921",4.8123,4,"=0.3071",0.019,1.2457,"0.2921"
404,"ex404","faces_ex404.lst",2,"Lognormal","(i)","(i)","(i)",0.101,0.129,0.124,0.125,0.115,0.269,0.343,0.33,0.332,0.306,0.134,0.172,0.165,0.166,0.153,22.695,4,"=0.0001457",0.087,5.1099,"0.0005618",25.12,4,"=4.759e-05",0.097,5.1017,"0.0005697",25.12,4,"=4.759e-05",0.097,5.1017,"0.0005697"
405,"ex405","faces_ex405.lst",2,"Lognormal","(i)","(i)","(i)",0.0761,0.0994,0.0927,0.0938,0.0883,0.206,0.268,0.247,0.25,0.236,0.103,0.134,0.124,0.125,0.118,9.8585,4,"=0.04288",0.038,4.7359,"0.001056",7.4338,4,"=0.1147",0.029,4.5039,"0.001561",7.4338,4,"=0.1147",0.029,4.5039,"0.001561"
406,"ex406","faces_ex406.lst",2,"Lognormal","(iii)","(iii)","(iii)",0.0941,0.1039,0.0733,0.0764,0.0749,0.252,0.279,0.195,0.204,0.2,0.1258,0.1396,0.0977,0.102,0.1,14.905,4,"=0.004903",0.057,3.3088,"0.0115",16.406,4,"=0.00252",0.063,3.6065,"0.007018",16.406,4,"=0.00252",0.063,3.6065,"0.007018"
407,"ex407","faces_ex407.lst",2,"Lognormal","(v)","(iii)","(v)",0.0608,0.0647,0.0462,0.0467,0.0461,0.166,0.175,0.124,0.126,0.124,0.0828,0.0876,0.062,0.0629,0.0619,10.055,4,"=0.0395",0.039,3.1108,"0.01594",10.4,4,"=0.0342",0.04,3.1557,"0.01481",10.4,4,"=0.0342",0.04,3.1557,"0.01481"
408,"ex408","faces_ex408.lst",2,"Lognormal","(i)","(i)","(i)",0.0322,0.0415,0.0341,0.0349,0.0343,0.0865,0.112,0.0916,0.0934,0.0922,0.0432,0.056,0.0458,0.0467,0.0461,12.48,4,"=0.01412",0.048,6.8124,"3.172e-05",15.175,4,"=0.004351",0.058,7.5444,"9.261e-06",15.175,4,"=0.004351",0.058,7.5444,"9.261e-06"
409,"ex409","faces_ex409.lst",2,"Lognormal","(iii)","(iii)","(iii)",0.0715,0.0758,0.0585,0.0621,0.062,0.192,0.204,0.157,0.168,0.168,0.0962,0.1021,0.0786,0.084,0.0838,35.963,4,"=2.945e-07",0.138,3.405,"0.009807",29.108,4,"=7.433e-06",0.112,3.3282,"0.01114",29.108,4,"=7.433e-06",0.112,3.3282,"0.01114"
410,"ex410","faces_ex410.lst",2,"Lognormal","(iii)","(iii)","(iii)",0.0669,0.0615,0.0422,0.0432,0.043,0.182,0.166,0.113,0.116,0.115,0.091,0.0832,0.0564,0.0579,0.0574,18.117,4,"=0.001171",0.07,5.7369,"0.0001948",18.031,4,"=0.001217",0.069,5.7947,"0.0001767",18.031,4,"=0.001217",0.069,5.7947,"0.0001767"
411,"ex411","faces_ex411.lst",2,"Lognormal","(iii)","(iii)","(iii)",0.0304,0.0559,0.03,0.0307,0.0307,0.0807,0.1498,0.0803,0.0826,0.0822,0.0404,0.0749,0.0402,0.0413,0.0411,28.148,4,"=1.164e-05",0.108,6.3415,"7.019e-05",27.963,4,"=1.269e-05",0.108,6.4266,"6.08e-05",27.963,4,"=1.269e-05",0.108,6.4266,"6.08e-05"
412,"ex412","faces_ex412.lst",2,"Lognormal","(iii)","(iii)","(iii)",0.0775,0.085,0.0703,0.0718,0.0711,0.209,0.228,0.188,0.193,0.191,0.1045,0.1139,0.0941,0.0965,0.0954,4.96,4,"=0.2914",0.019,2.4914,"0.04367",5.8708,4,"=0.209",0.023,2.4957,"0.04337",5.8708,4,"=0.209",0.023,2.4957,"0.04337"
413,"ex413","faces_ex413.lst",2,"Lognormal","(iii)","(iii)","(iii)",0.0705,0.0574,0.048,0.0485,0.0485,0.19,0.155,0.128,0.13,0.13,0.095,0.0777,0.0642,0.0649,0.0652,5.0954,4,"=0.2776",0.02,3.2551,"0.01257",4.8985,4,"=0.2979",0.019,3.26,"0.01247",4.8985,4,"=0.2979",0.019,3.26,"0.01247"
414,"ex414","faces_ex414.lst",2,"Lognormal","(iii)","(iii)","(iii)",0.0421,0.0446,0.0278,0.0292,0.0285,0.1146,0.1193,0.0754,0.0788,0.0768,0.0573,0.0596,0.0377,0.0394,0.0384,19.422,4,"=0.0006494",0.075,3.4155,"0.009637",23.298,4,"=0.0001104",0.09,3.3405,"0.01091",23.298,4,"=0.0001104",0.09,3.3405,"0.01091"
415,"ex415","faces_ex415.lst",2,"Lognormal","(iii)","(iii)","(iii)",0.0728,0.0754,0.0576,0.0583,0.0576,0.195,0.203,0.154,0.156,0.154,0.0974,0.1017,0.0768,0.0778,0.0768,14.068,4,"=0.007082",0.054,1.9959,"0.09561",11.729,4,"=0.01948",0.045,2.0788,"0.08402",11.729,4,"=0.01948",0.045,2.0788,"0.08402"
416,"ex416","faces_ex416.lst",2,"Lognormal","(iv)","(iv)","(iv)",0.0663,0.0504,0.0359,0.0358,0.0413,0.1807,0.1347,0.0973,0.0972,0.1116,0.0903,0.0674,0.0487,0.0486,0.0558,17.145,4,"=0.001812",0.066,4.4675,"0.001659",13.92,4,"=0.007555",0.054,4.5859,"0.00136",13.92,4,"=0.007555",0.054,4.5859,"0.00136"
417,"ex417","faces_ex417.lst",2,"Lognormal","(v)","(v)","(v)",0.0336,0.0398,0.0284,0.0286,0.0282,0.0915,0.1059,0.0765,0.0771,0.076,0.0458,0.053,0.0382,0.0386,0.038,26.277,4,"=2.783e-05",0.101,3.0211,"0.01847",22.535,4,"=0.0001568",0.087,2.777,"0.02752",22.535,4,"=0.0001568",0.087,2.777,"0.02752"
418,"ex418","faces_ex418.lst",2,"Lognormal","(v)","(v)","(v)",0.0674,0.069,0.053,0.0533,0.0526,0.181,0.186,0.143,0.143,0.142,0.0905,0.0931,0.0713,0.0715,0.0709,11.237,4,"=0.02403",0.043,2.0863,"0.08304",7.9138,4,"=0.09479",0.03,2.1122,"0.07974",7.9138,4,"=0.09479",0.03,2.1122,"0.07974"
419,"ex419","faces_ex419.lst",2,"Lognormal","(iii)","(iii)","(iii)",0.0843,0.0556,0.0392,0.0397,0.0394,0.23,0.149,0.106,0.108,0.107,0.1152,0.0746,0.0531,0.054,0.0534,4.4185,4,"=0.3523",0.017,7.5973,"8.474e-06",5.8954,4,"=0.2071",0.023,7.8317,"5.719e-06",5.8954,4,"=0.2071",0.023,7.8317,"5.719e-06"
420,"ex420","faces_ex420.lst",2,"Lognormal","(i)","(i)","(i)",0.0296,0.0361,0.0326,0.0329,0.0326,0.0791,0.0971,0.0873,0.0879,0.0872,0.0396,0.0485,0.0437,0.044,0.0436,12.812,4,"=0.01223",0.049,3.0211,"0.01847",15.458,4,"=0.003839",0.059,3.2806,"0.01205",15.458,4,"=0.003839",0.059,3.2806,"0.01205"
421,"ex421","faces_ex421.lst",2,"Lognormal","(iii)","(iii)","(iii)",0.0646,0.0776,0.0609,0.0615,0.0611,0.174,0.209,0.163,0.164,0.164,0.0868,0.1047,0.0814,0.0822,0.0818,3.3231,4,"=0.5053",0.013,4.3638,"0.001976",8.4677,4,"=0.07587",0.033,4.7085,"0.001106",8.4677,4,"=0.07587",0.033,4.7085,"0.001106"
422,"ex422","faces_ex422.lst",2,"Lognormal","(iv)","(iv)","(iv)",0.076,0.0638,0.0418,0.0407,0.0416,0.207,0.172,0.112,0.109,0.112,0.1036,0.0859,0.0562,0.0546,0.056,25.588,4,"=3.832e-05",0.098,6.4608,"5.738e-05",25.797,4,"=3.477e-05",0.099,6.4605,"5.742e-05",25.797,4,"=3.477e-05",0.099,6.4605,"5.742e-05"
423,"ex423","faces_ex423.lst",2,"Lognormal","(iii)","(iii)","(iii)",0.0361,0.0374,0.0317,0.0318,0.0321,0.0971,0.1005,0.0851,0.0854,0.0863,0.0486,0.0503,0.0426,0.0427,0.0431,13.231,4,"=0.0102",0.051,0.967,"0.4261",13.637,4,"=0.008549",0.052,0.9502,"0.4355",13.637,4,"=0.008549",0.052,0.9502,"0.4355"
424,"ex424","faces_ex424.lst",2,"Lognormal","(iv)","(iii)","(v)",0.0927,0.0583,0.0514,0.0513,0.0513,0.245,0.157,0.139,0.139,0.139,0.1227,0.0787,0.0695,0.0694,0.0693,4.7262,4,"=0.3166",0.018,4.3735,"0.001944",4.64,4,"=0.3263",0.018,4.3749,"0.001939",4.64,4,"=0.3263",0.018,4.3749,"0.001939"
425,"ex425","faces_ex425.lst",2,"Lognormal","(iv)","(iv)","(iv)",0.0843,0.0541,0.0368,0.0366,0.0373,0.2288,0.1446,0.0985,0.0982,0.1002,0.1144,0.0723,0.0493,0.0491,0.0501,21.034,4,"=0.0003118",0.081,9.2336,"5.522e-07",17.809,4,"=0.001345",0.068,9.3196,"4.788e-07",17.809,4,"=0.001345",0.068,9.3196,"4.788e-07"
426,"ex426","faces_ex426.lst",2,"Lognormal","(i)","(i)","(i)",0.0279,0.0429,0.0296,0.0295,0.0293,0.0748,0.1163,0.0798,0.0795,0.0788,0.0374,0.0581,0.0399,0.0397,0.0394,16.96,4,"=0.001968",0.065,3.7557,"0.005472",18.277,4,"=0.001089",0.07,3.8428,"0.004732",18.277,4,"=0.001089",0.07,3.8428,"0.004732"
427,"ex427","faces_ex427.lst",2,"Lognormal","(v)","(iii)","(v)",0.0682,0.0645,0.0552,0.0561,0.055,0.182,0.173,0.147,0.149,0.147,0.0911,0.0866,0.0734,0.0747,0.0733,9.2923,4,"=0.05419",0.036,2.0867,"0.08299",13.378,4,"=0.009567",0.051,2.191,"0.07044",13.378,4,"=0.009567",0.051,2.191,"0.07044"
428,"ex428","faces_ex428.lst",2,"Lognormal","(iii)","(iii)","(iii)",0.0669,0.05,0.0395,0.0398,0.0396,0.183,0.134,0.106,0.107,0.107,0.0916,0.067,0.0532,0.0537,0.0533,3.1631,4,"=0.5309",0.012,5.3546,"0.0003717",3.9015,4,"=0.4195",0.015,5.681,"0.0002141",3.9015,4,"=0.4195",0.015,5.681,"0.0002141"
429,"ex429","faces_ex429.lst",2,"Lognormal","(iv)","(iv)","(iv)",0.0433,0.0593,0.0266,0.0265,0.0265,0.1154,0.1604,0.0719,0.0717,0.0717,0.0577,0.0802,0.036,0.0358,0.0359,13.871,4,"=0.007719",0.053,3.5551,"0.007643",12.837,4,"=0.0121",0.049,3.5823,"0.007306",12.837,4,"=0.0121",0.049,3.5823,"0.007306"
430,"ex430","faces_ex430.lst",2,"Lognormal","(iii)","(iii)","(iii)",0.0648,0.0752,0.0567,0.0571,0.0569,0.174,0.203,0.153,0.154,0.154,0.0869,0.1015,0.0765,0.0769,0.0768,15.889,4,"=0.003171",0.061,4.1935,"0.00263",7.7415,4,"=0.1015",0.03,4.44,"0.001738",7.7415,4,"=0.1015",0.03,4.44,"0.001738"
431,"ex431","faces_ex431.lst",2,"Lognormal","(iv)","(iv)","(iv)",0.0644,0.056,0.0419,0.0418,0.045,0.175,0.149,0.112,0.111,0.121,0.0874,0.0745,0.0558,0.0556,0.0603,3.9262,4,"=0.4161",0.015,2.7236,"0.03002",4.1846,4,"=0.3816",0.016,2.8797,"0.02328",4.1846,4,"=0.3816",0.016,2.8797,"0.02328"
432,"ex432","faces_ex432.lst",2,"Lognormal","(iii)","(iii)","(iii)",0.0363,0.0418,0.0294,0.0296,0.0346,0.0967,0.1119,0.0788,0.0792,0.0928,0.0483,0.056,0.0394,0.0396,0.0464,11.36,4,"=0.0228",0.044,1.2677,"0.2831",10.166,4,"=0.03772",0.039,1.2928,"0.2733",10.166,4,"=0.03772",0.039,1.2928,"0.2733"
433,"ex433","faces_ex433.lst",2,"Lognormal","(iii)","(iii)","(iii)",0.0948,0.1162,0.0935,0.095,0.095,0.256,0.313,0.25,0.254,0.254,0.128,0.156,0.125,0.127,0.127,15.655,4,"=0.003518",0.06,4.8952,"0.0008071",13.748,4,"=0.008145",0.053,4.8525,"0.0008674",13.748,4,"=0.008145",0.053,4.8525,"0.0008674"
434,"ex434","faces_ex434.lst",2,"Lognormal","(i)","(i)","(i)",0.0616,0.078,0.0664,0.0646,0.064,0.166,0.209,0.178,0.173,0.172,0.083,0.1044,0.0891,0.0863,0.0861,9.5138,4,"=0.04946",0.037,3.112,"0.01591",6.6954,4,"=0.1529",0.026,2.9604,"0.02041",6.6954,4,"=0.1529",0.026,2.9604,"0.02041"
435,"ex435","faces_ex435.lst",2,"Lognormal","(iii)","(iii)","(iii)",0.0503,0.06,0.0489,0.0496,0.0495,0.135,0.162,0.131,0.134,0.133,0.0677,0.0808,0.0655,0.067,0.0667,1.8215,4,"=0.7685",0.007,3.4193,"0.009577",1.3662,4,"=0.8501",0.005,3.6531,"0.006493",1.3662,4,"=0.8501",0.005,3.6531,"0.006493"
436,"ex436","faces_ex436.lst",2,"Lognormal","(v)","(v)","(v)",0.103,0.1332,0.0854,0.0867,0.085,0.277,0.356,0.23,0.234,0.228,0.138,0.178,0.115,0.117,0.114,19.532,4,"=0.0006176",0.075,7.2312,"1.567e-05",14.548,4,"=0.005737",0.056,7.0156,"2.253e-05",14.548,4,"=0.005737",0.056,7.0156,"2.253e-05"
437,"ex437","faces_ex437.lst",2,"Lognormal","(v)","(v)","(v)",0.0711,0.0898,0.0669,0.0671,0.0657,0.191,0.241,0.179,0.18,0.176,0.0954,0.1204,0.0895,0.09,0.088,16.197,4,"=0.002766",0.062,5.9048,"0.0001467",14.991,4,"=0.00472",0.058,5.8174,"0.00017",14.991,4,"=0.00472",0.058,5.8174,"0.00017"
438,"ex438","faces_ex438.lst",2,"Lognormal","(i)","(i)","(i)",0.0471,0.0691,0.056,0.0554,0.0548,0.128,0.183,0.15,0.149,0.147,0.0638,0.0915,0.0749,0.0745,0.0736,8.2708,4,"=0.08215",0.032,3.2812,"0.01204",7.8769,4,"=0.09619",0.03,3.2087,"0.01357",7.8769,4,"=0.09619",0.03,3.2087,"0.01357"
439,"ex439","faces_ex439.lst",2,"Lognormal","(v)","(iii)","(iii)",0.1055,0.1362,0.0993,0.1033,0.0989,0.281,0.366,0.263,0.276,0.263,0.14,0.183,0.131,0.138,0.131,15.2,4,"=0.004304",0.058,8.4909,"1.9e-06",15.902,4,"=0.003154",0.061,8.739,"1.256e-06",15.902,4,"=0.003154",0.061,8.739,"1.256e-06"
440,"ex440","faces_ex440.lst",2,"Lognormal","(i)","(i)","(i)",0.073,0.0968,0.0741,0.0741,0.0732,0.195,0.26,0.199,0.199,0.196,0.0975,0.1301,0.0994,0.0995,0.0979,9.1692,4,"=0.05701",0.035,5.4433,"0.00032",10.498,4,"=0.03282",0.04,5.9125,"0.0001448",10.498,4,"=0.03282",0.04,5.9125,"0.0001448"
441,"ex441","faces_ex441.lst",2,"Lognormal","(i)","(i)","(i)",0.051,0.0737,0.0555,0.0557,0.0544,0.138,0.196,0.148,0.149,0.145,0.069,0.0982,0.0742,0.0743,0.0727,20.874,4,"=0.0003354",0.08,11.471,"1.399e-08",18.375,4,"=0.001042",0.071,10.747,"4.559e-08",18.375,4,"=0.001042",0.071,10.747,"4.559e-08"
442,"ex442","faces_ex442.lst",2,"Lognormal","(v)","(v)","(iv)",0.0906,0.1259,0.0847,0.084,0.0834,0.244,0.334,0.227,0.225,0.224,0.122,0.167,0.113,0.112,0.112,12.012,4,"=0.01726",0.046,6.0896,"0.0001074",6.8185,4,"=0.1458",0.026,5.9235,"0.0001422",6.8185,4,"=0.1458",0.026,5.9235,"0.0001422"
443,"ex443","faces_ex443.lst",2,"Lognormal","(i)","(i)","(i)",0.0673,0.0957,0.0687,0.068,0.0681,0.182,0.256,0.186,0.184,0.183,0.0909,0.1282,0.0929,0.0921,0.0917,22.695,4,"=0.0001457",0.087,4.1865,"0.002661",25.575,4,"=3.854e-05",0.098,4.2142,"0.00254",25.575,4,"=3.854e-05",0.098,4.2142,"0.00254"
444,"ex444","faces_ex444.lst",2,"Lognormal","(i)","(iii)","(iii)",0.0501,0.0627,0.0501,0.0515,0.0508,0.135,0.167,0.134,0.138,0.137,0.0675,0.0837,0.0672,0.0692,0.0683,2.88,4,"=0.5781",0.011,2.3347,"0.05611",3.84,4,"=0.4281",0.015,2.3285,"0.05665",3.84,4,"=0.4281",0.015,2.3285,"0.05665"
445,"ex445","faces_ex445.lst",2,"Lognormal","(i)","(i)","(i)",0.0921,0.121,0.0941,0.0945,0.0937,0.246,0.324,0.25,0.252,0.25,0.123,0.162,0.125,0.126,0.125,25.095,4,"=4.814e-05",0.097,11.493,"1.35e-08",25.108,4,"=4.786e-05",0.097,11.665,"1.021e-08",25.108,4,"=4.786e-05",0.097,11.665,"1.021e-08"
446,"ex446","faces_ex446.lst",2,"Lognormal","(v)","(v)","(v)",0.0801,0.0931,0.0668,0.0679,0.0656,0.215,0.246,0.178,0.181,0.174,0.1077,0.1231,0.0888,0.0905,0.0872,16.418,4,"=0.002506",0.063,4.3727,"0.001946",17.526,4,"=0.001527",0.067,4.376,"0.001935",17.526,4,"=0.001527",0.067,4.376,"0.001935"
447,"ex447","faces_ex447.lst",2,"Lognormal","(i)","(i)","(i)",0.0428,0.0655,0.0505,0.0502,0.0488,0.115,0.175,0.136,0.135,0.131,0.0576,0.0877,0.068,0.0677,0.0657,20.332,4,"=0.0004293",0.078,10.718,"4.782e-08",20.037,4,"=0.0004911",0.077,9.9103,"1.803e-07",20.037,4,"=0.0004911",0.077,9.9103,"1.803e-07"
448,"ex448","faces_ex448.lst",2,"Lognormal","(iii)","(iii)","(iii)",0.0894,0.1066,0.089,0.0899,0.0895,0.241,0.287,0.239,0.242,0.241,0.121,0.143,0.12,0.121,0.12,12.542,4,"=0.01375",0.048,4.8078,"0.0009353",12.32,4,"=0.01512",0.047,4.9926,"0.0006848",12.32,4,"=0.01512",0.047,4.9926,"0.0006848"
449,"ex449","faces_ex449.lst",2,"Lognormal","(v)","(v)","(v)",0.0659,0.0882,0.064,0.0649,0.0637,0.178,0.237,0.173,0.176,0.172,0.0888,0.1187,0.0865,0.0878,0.0861,30.092,4,"=4.687e-06",0.116,12.336,"3.452e-09",29.92,4,"=5.081e-06",0.115,12.044,"5.525e-09",29.92,4,"=5.081e-06",0.115,12.044,"5.525e-09"
450,"ex450","faces_ex450.lst",2,"Lognormal","(iv)","(i)","(i)",0.0504,0.0794,0.0512,0.0499,0.05,0.135,0.213,0.139,0.136,0.136,0.0675,0.1064,0.0694,0.0679,0.0679,21.046,4,"=0.0003101",0.081,5.5317,"0.0002755",20.997,4,"=0.0003171",0.081,5.505,"0.0002883",20.997,4,"=0.0003171",0.081,5.505,"0.0002883"
451,"ex451","faces_ex451.lst",2,"Lognormal","(iii)","(iii)","(iii)",0.1102,0.1087,0.0836,0.0837,0.0838,0.296,0.291,0.224,0.225,0.226,0.148,0.145,0.112,0.112,0.113,27.606,4,"=1.499e-05",0.106,3.6243,"0.006812",27.865,4,"=1.329e-05",0.107,3.5956,"0.007146",27.865,4,"=1.329e-05",0.107,3.5956,"0.007146"
452,"ex452","faces_ex452.lst",2,"Lognormal","(v)","(v)","(v)",0.0625,0.0756,0.0636,0.0631,0.0622,0.169,0.2,0.171,0.17,0.166,0.0847,0.1002,0.0853,0.0849,0.0831,20,4,"=0.0004994",0.077,2.4871,"0.04397",21.058,4,"=0.0003083",0.081,1.9672,"0.09996",21.058,4,"=0.0003083",0.081,1.9672,"0.09996"
453,"ex453","faces_ex453.lst",2,"Lognormal","(i)","(i)","(i)",0.0473,0.0628,0.0494,0.0499,0.0489,0.126,0.168,0.131,0.133,0.131,0.0632,0.0841,0.0657,0.0667,0.0654,18.252,4,"=0.001102",0.07,9.8017,"2.157e-07",17.649,4,"=0.001445",0.068,10.087,"1.348e-07",17.649,4,"=0.001445",0.068,10.087,"1.348e-07"
454,"ex454","faces_ex454.lst",2,"Lognormal","(iii)","(iii)","(v)",0.1009,0.1005,0.0915,0.0918,0.0915,0.268,0.269,0.243,0.244,0.243,0.134,0.134,0.122,0.122,0.121,10.055,4,"=0.0395",0.039,1.2545,"0.2885",10.609,4,"=0.03133",0.041,1.3252,"0.261",10.609,4,"=0.03133",0.041,1.3252,"0.261"
455,"ex455","faces_ex455.lst",2,"Lognormal","(iv)","(iv)","(iv)",0.0784,0.0777,0.0605,0.0598,0.061,0.213,0.21,0.163,0.161,0.165,0.1066,0.1049,0.0815,0.0805,0.0825,33.543,4,"=9.247e-07",0.129,4.1862,"0.002662",28.801,4,"=8.581e-06",0.111,4.2227,"0.002504",28.801,4,"=8.581e-06",0.111,4.2227,"0.002504"
456,"ex456","faces_ex456.lst",2,"Lognormal","(i)","(i)","(i)",0.0349,0.0522,0.0459,0.0462,0.0454,0.0944,0.1405,0.1234,0.1246,0.1217,0.0472,0.0703,0.0617,0.0623,0.0609,35.138,4,"=4.351e-07",0.135,9.687,"2.607e-07",36.406,4,"=2.387e-07",0.14,9.3416,"4.617e-07",36.406,4,"=2.387e-07",0.14,9.3416,"4.617e-07"
457,"ex457","faces_ex457.lst",2,"Lognormal","(iii)","(iii)","(iii)",0.1001,0.126,0.088,0.0884,0.0893,0.268,0.336,0.236,0.237,0.239,0.134,0.168,0.118,0.119,0.12,17.083,4,"=0.001862",0.066,5.0278,"0.0006453",13.858,4,"=0.007761",0.053,4.7458,"0.001038",13.858,4,"=0.007761",0.053,4.7458,"0.001038"
458,"ex458","faces_ex458.lst",2,"Lognormal","(v)","(v)","(v)",0.0672,0.0778,0.0673,0.0672,0.0657,0.183,0.209,0.181,0.181,0.178,0.0915,0.1047,0.0905,0.0904,0.089,22.425,4,"=0.000165",0.086,1.91,"0.1092",18.892,4,"=0.0008252",0.073,1.8329,"0.1229",18.892,4,"=0.0008252",0.073,1.8329,"0.1229"
459,"ex459","faces_ex459.lst",2,"Lognormal","(i)","(i)","(i)",0.0462,0.0633,0.0564,0.0555,0.0539,0.124,0.168,0.152,0.149,0.146,0.0619,0.0842,0.0758,0.0746,0.0728,12,4,"=0.01735",0.046,5.4269,"0.0003289",12.16,4,"=0.0162",0.047,5.0474,"0.0006243",12.16,4,"=0.0162",0.047,5.0474,"0.0006243"
460,"ex460","faces_ex460.lst",2,"Lognormal","(i)","(i)","(i)",0.129,0.17,0.141,0.141,0.134,0.342,0.449,0.371,0.375,0.353,0.171,0.225,0.186,0.188,0.177,21.329,4,"=0.0002724",0.082,5.8789,"0.0001533",19.742,4,"=0.0005616",0.076,6.0115,"0.0001225",19.742,4,"=0.0005616",0.076,6.0115,"0.0001225"
461,"ex461","faces_ex461.lst",2,"Lognormal","(i)","(i)","(i)",0.106,0.145,0.127,0.128,0.119,0.284,0.39,0.339,0.343,0.32,0.142,0.195,0.169,0.171,0.16,16.849,4,"=0.002068",0.065,5.447,"0.000318",14.991,4,"=0.00472",0.058,5.4811,"0.0003002",14.991,4,"=0.00472",0.058,5.4811,"0.0003002"
462,"ex462","faces_ex462.lst",2,"Lognormal","(i)","(i)","(i)",0.0813,0.097,0.0975,0.099,0.1018,0.221,0.261,0.263,0.267,0.277,0.11,0.131,0.132,0.133,0.139,8.7508,4,"=0.06764",0.034,1.7091,"0.1484",7.4708,4,"=0.113",0.029,1.5947,"0.1762",7.4708,4,"=0.113",0.029,1.5947,"0.1762"
463,"ex463","faces_ex463.lst",2,"Lognormal","(i)","(i)","(i)",0.131,0.173,0.145,0.148,0.138,0.352,0.468,0.391,0.398,0.372,0.176,0.234,0.195,0.199,0.186,12.258,4,"=0.01553",0.047,5.4076,"0.0003398",14.658,4,"=0.005465",0.056,5.6141,"0.0002398",14.658,4,"=0.005465",0.056,5.6141,"0.0002398"
464,"ex464","faces_ex464.lst",2,"Lognormal","(i)","(i)","(i)",0.114,0.151,0.126,0.123,0.118,0.307,0.399,0.334,0.33,0.315,0.154,0.199,0.167,0.165,0.158,19.729,4,"=0.0005648",0.076,4.7801,"0.00098",18.474,4,"=0.0009968",0.071,4.4805,"0.001623",18.474,4,"=0.0009968",0.071,4.4805,"0.001623"
465,"ex465","faces_ex465.lst",2,"Lognormal","(i)","(v)","(v)",0.0784,0.1317,0.0819,0.0802,0.0791,0.212,0.352,0.217,0.214,0.211,0.106,0.176,0.109,0.107,0.105,35.582,4,"=3.528e-07",0.137,18.169,"3.759e-13",36.049,4,"=2.827e-07",0.139,17.165,"1.739e-12",36.049,4,"=2.827e-07",0.139,17.165,"1.739e-12"
466,"ex466","faces_ex466.lst",2,"Lognormal","(v)","(v)","(v)",0.155,0.207,0.158,0.157,0.15,0.414,0.556,0.422,0.42,0.402,0.207,0.278,0.211,0.21,0.201,22.412,4,"=0.0001659",0.086,11.265,"1.957e-08",19.015,4,"=0.0007805",0.073,11.235,"2.054e-08",19.015,4,"=0.0007805",0.073,11.235,"2.054e-08"
467,"ex467","faces_ex467.lst",2,"Lognormal","(i)","(i)","(i)",0.0884,0.1287,0.1076,0.1071,0.0968,0.239,0.346,0.286,0.286,0.258,0.12,0.173,0.143,0.143,0.129,29.797,4,"=5.383e-06",0.115,6.4952,"5.415e-05",29.662,4,"=5.736e-06",0.114,6.4297,"6.048e-05",29.662,4,"=5.736e-06",0.114,6.4297,"6.048e-05"
468,"ex468","faces_ex468.lst",2,"Lognormal","(i)","(i)","(i)",0.0793,0.1134,0.0888,0.0914,0.1166,0.215,0.304,0.238,0.244,0.316,0.108,0.152,0.119,0.122,0.158,9.1446,4,"=0.05758",0.035,3.8792,"0.004452",7.1385,4,"=0.1287",0.027,3.8091,"0.005006",7.1385,4,"=0.1287",0.027,3.8091,"0.005006"
469,"ex469","faces_ex469.lst",2,"Lognormal","(i)","(i)","(i)",0.146,0.202,0.161,0.16,0.155,0.387,0.535,0.427,0.423,0.409,0.193,0.267,0.214,0.212,0.205,18.818,4,"=0.0008532",0.072,10.675,"5.135e-08",19.717,4,"=0.0005679",0.076,10.74,"4.615e-08",19.717,4,"=0.0005679",0.076,10.74,"4.615e-08"
470,"ex470","faces_ex470.lst",2,"Lognormal","(i)","(i)","(i)",0.0925,0.1224,0.1123,0.1116,0.1067,0.25,0.329,0.3,0.298,0.286,0.125,0.164,0.15,0.149,0.143,16.345,4,"=0.00259",0.063,5.4906,"0.0002954",16.677,4,"=0.002233",0.064,5.6921,"0.0002101",16.677,4,"=0.002233",0.064,5.6921,"0.0002101"
471,"ex471","faces_ex471.lst",2,"Lognormal","(i)","(i)","(i)",0.0737,0.1019,0.091,0.0911,0.0853,0.2,0.273,0.241,0.242,0.228,0.1,0.136,0.12,0.121,0.114,11.052,4,"=0.02598",0.043,2.9544,"0.02061",10.671,4,"=0.03052",0.041,2.7056,"0.03091",10.671,4,"=0.03052",0.041,2.7056,"0.03091"
472,"ex472","faces_ex472.lst",2,"Lognormal","(iv)","(iv)","(iv)",0.15,0.174,0.15,0.148,0.153,0.401,0.465,0.401,0.397,0.406,0.201,0.233,0.2,0.199,0.203,7.2246,4,"=0.1245",0.028,2.4597,"0.04595",5.8215,4,"=0.2129",0.022,2.4831,"0.04426",5.8215,4,"=0.2129",0.022,2.4831,"0.04426"
473,"ex473","faces_ex473.lst",2,"Lognormal","(i)","(i)","(i)",0.11,0.143,0.127,0.124,0.123,0.295,0.381,0.336,0.331,0.325,0.148,0.191,0.168,0.166,0.163,19.729,4,"=0.0005648",0.076,5.3044,"0.0004045",19.409,4,"=0.000653",0.075,5.6045,"0.0002437",19.409,4,"=0.000653",0.075,5.6045,"0.0002437"
474,"ex474","faces_ex474.lst",2,"Lognormal","(i)","(i)","(i)",0.0797,0.1078,0.0992,0.0987,0.1022,0.215,0.289,0.262,0.261,0.273,0.107,0.144,0.131,0.13,0.136,24.554,4,"=6.184e-05",0.094,2.9855,"0.01958",23.729,4,"=9.05e-05",0.091,2.874,"0.0235",23.729,4,"=9.05e-05",0.091,2.874,"0.0235"
475,"ex475","faces_ex475.lst",2,"Lognormal","(i)","(i)","(i)",0.14,0.192,0.158,0.157,0.157,0.376,0.514,0.425,0.422,0.42,0.188,0.257,0.213,0.211,0.21,17.489,4,"=0.001552",0.067,5.2397,"0.0004512",17.009,4,"=0.001925",0.065,5.4217,"0.0003318",17.009,4,"=0.001925",0.065,5.4217,"0.0003318"
476,"ex476","faces_ex476.lst",2,"Lognormal","(i)","(i)","(i)",0.0986,0.1321,0.1088,0.107,0.1068,0.265,0.352,0.29,0.284,0.286,0.132,0.176,0.145,0.142,0.143,14.388,4,"=0.006155",0.055,4.3833,"0.001912",15.249,4,"=0.004211",0.059,4.4629,"0.001672",15.249,4,"=0.004211",0.059,4.4629,"0.001672"
477,"ex477","faces_ex477.lst",2,"Lognormal","(i)","(i)","(i)",0.0829,0.1204,0.0982,0.0967,0.1109,0.225,0.324,0.262,0.259,0.302,0.113,0.162,0.131,0.13,0.151,15.582,4,"=0.003635",0.06,2.7273,"0.02984",12.689,4,"=0.0129",0.049,2.655,"0.03355",12.689,4,"=0.0129",0.049,2.655,"0.03355"
478,"ex478","faces_ex478.lst",2,"Lognormal","(i)","(i)","(i)",0.128,0.196,0.143,0.142,0.137,0.345,0.527,0.382,0.38,0.366,0.172,0.264,0.191,0.19,0.183,33.994,4,"=7.474e-07",0.131,13.156,"9.254e-10",35.729,4,"=3.29e-07",0.137,13.429,"5.985e-10",35.729,4,"=3.29e-07",0.137,13.429,"5.985e-10"
479,"ex479","faces_ex479.lst",2,"Lognormal","(i)","(i)","(i)",0.109,0.155,0.135,0.134,0.13,0.294,0.415,0.363,0.36,0.348,0.147,0.208,0.181,0.18,0.174,29.748,4,"=5.509e-06",0.114,7.3819,"1.217e-05",29.391,4,"=6.511e-06",0.113,6.6111,"4.453e-05",29.391,4,"=6.511e-06",0.113,6.6111,"4.453e-05"
480,"ex480","faces_ex480.lst",2,"Lognormal","(i)","(i)","(i)",0.0947,0.1144,0.1039,0.1064,0.105,0.256,0.307,0.277,0.283,0.282,0.128,0.154,0.138,0.142,0.141,1.3662,4,"=0.8501",0.005,1.5591,"0.1857",2.0554,4,"=0.7256",0.008,1.5311,"0.1936",2.0554,4,"=0.7256",0.008,1.5311,"0.1936"
481,"ex481","faces_ex481.lst",2,"Lognormal","(i)","(i)","(i)",0.118,0.195,0.135,0.134,0.131,0.313,0.518,0.36,0.357,0.347,0.157,0.259,0.18,0.178,0.174,19.852,4,"=0.0005341",0.076,13.589,"4.632e-10",15.938,4,"=0.003103",0.061,13.321,"7.111e-10",15.938,4,"=0.003103",0.061,13.321,"7.111e-10"
482,"ex482","faces_ex482.lst",2,"Lognormal","(i)","(i)","(i)",0.104,0.127,0.119,0.118,0.113,0.277,0.343,0.317,0.315,0.304,0.139,0.172,0.159,0.157,0.152,10.695,4,"=0.03021",0.041,2.3743,"0.05267",12.64,4,"=0.01318",0.049,2.7702,"0.02783",12.64,4,"=0.01318",0.049,2.7702,"0.02783"
483,"ex483","faces_ex483.lst",2,"Lognormal","(i)","(i)","(i)",0.0792,0.1075,0.0909,0.0906,0.087,0.214,0.29,0.245,0.243,0.234,0.107,0.145,0.122,0.122,0.117,13.452,4,"=0.009265",0.052,6.98,"2.392e-05",17.415,4,"=0.001605",0.067,6.9459,"2.533e-05",17.415,4,"=0.001605",0.067,6.9459,"2.533e-05"
484,"ex484","faces_ex484.lst",2,"Lognormal","(i)","(i)","(i)",0.137,0.171,0.156,0.155,0.147,0.367,0.462,0.417,0.414,0.392,0.183,0.231,0.208,0.207,0.196,10.745,4,"=0.02959",0.041,3.5842,"0.007283",11.483,4,"=0.02164",0.044,3.7471,"0.005552",11.483,4,"=0.02164",0.044,3.7471,"0.005552"
485,"ex485","faces_ex485.lst",2,"Lognormal","(i)","(i)","(i)",0.0944,0.1288,0.1159,0.1144,0.1054,0.253,0.345,0.308,0.305,0.28,0.126,0.172,0.154,0.152,0.14,38.129,4,"=1.054e-07",0.147,5.8782,"0.0001535",45.895,4,"=2.589e-09",0.177,6.0711,"0.0001108",45.895,4,"=2.589e-09",0.177,6.0711,"0.0001108"
486,"ex486","faces_ex486.lst",2,"Lognormal","(i)","(i)","(i)",0.0759,0.1117,0.0972,0.098,0.0882,0.205,0.299,0.259,0.262,0.237,0.103,0.149,0.13,0.131,0.118,20.098,4,"=0.0004775",0.077,8.2547,"2.818e-06",23.545,4,"=9.854e-05",0.091,7.7155,"6.95e-06",23.545,4,"=9.854e-05",0.091,7.7155,"6.95e-06"
487,"ex487","faces_ex487.lst",3,"Negative binomial","(iii)","(iii)","(iii)",0.0939,0.1081,0.0911,0.0943,0.0933,0.252,0.293,0.243,0.252,0.249,0.126,0.147,0.121,0.126,0.124,16.911,4,"=0.002012",0.065,6.5193,"5.199e-05",16.874,4,"=0.002045",0.065,7.3821,"1.216e-05",16.874,4,"=0.002045",0.065,7.3821,"1.216e-05"
488,"ex488","faces_ex488.lst",3,"Negative binomial","(iii)","(iii)","(iii)",0.0622,0.0807,0.0602,0.0616,0.0612,0.168,0.215,0.163,0.167,0.166,0.0839,0.1075,0.0813,0.0833,0.0829,16.628,4,"=0.002283",0.064,11.915,"6.807e-09",15.975,4,"=0.003052",0.061,10.999,"3.019e-08",15.975,4,"=0.003052",0.061,10.999,"3.019e-08"
489,"ex489","faces_ex489.lst",3,"Negative binomial","(iii)","(iii)","(iii)",0.0418,0.0529,0.0404,0.0417,0.0416,0.113,0.143,0.11,0.113,0.112,0.0566,0.0713,0.0548,0.0566,0.0562,23.766,4,"=8.897e-05",0.091,10.428,"7.688e-08",22.929,4,"=0.0001308",0.088,10.38,"8.323e-08",22.929,4,"=0.0001308",0.088,10.38,"8.323e-08"
490,"ex490","faces_ex490.lst",3,"Negative binomial","(iii)","(iii)","(iii)",0.0982,0.1151,0.0932,0.0989,0.098,0.265,0.311,0.251,0.267,0.264,0.132,0.155,0.125,0.134,0.132,11.754,4,"=0.01928",0.045,3.9841,"0.003736",15.249,4,"=0.004211",0.059,4.4187,"0.001801",15.249,4,"=0.004211",0.059,4.4187,"0.001801"
491,"ex491","faces_ex491.lst",3,"Negative binomial","(iii)","(iii)","(iii)",0.0698,0.0865,0.0627,0.0642,0.0654,0.189,0.233,0.168,0.172,0.175,0.0943,0.1167,0.0842,0.086,0.0877,21.502,4,"=0.0002518",0.083,9.2687,"5.21e-07",28.862,4,"=8.34e-06",0.111,9.4843,"3.645e-07",28.862,4,"=8.34e-06",0.111,9.4843,"3.645e-07"
492,"ex492","faces_ex492.lst",3,"Negative binomial","(iii)","(iv)","(v)",0.0488,0.0482,0.0442,0.0443,0.0442,0.132,0.128,0.12,0.119,0.119,0.066,0.0641,0.0598,0.0597,0.0596,0.94769,4,"=0.9176",0.004,0.6332,"0.6393",0.39385,4,"=0.983",0.002,0.5756,"0.6806",0.39385,4,"=0.983",0.002,0.5756,"0.6806"
493,"ex493","faces_ex493.lst",3,"Negative binomial","(iii)","(iii)","(iii)",0.0991,0.1158,0.097,0.0996,0.0991,0.268,0.313,0.262,0.27,0.267,0.134,0.156,0.131,0.135,0.134,4.7015,4,"=0.3193",0.018,3.7968,"0.00511",3.3477,4,"=0.5014",0.013,4.0279,"0.003471",3.3477,4,"=0.5014",0.013,4.0279,"0.003471"
494,"ex494","faces_ex494.lst",3,"Negative binomial","(iv)","(iv)","(iv)",0.0692,0.0663,0.0643,0.0638,0.0644,0.188,0.179,0.174,0.173,0.175,0.0939,0.0893,0.0869,0.0867,0.0876,0.67692,4,"=0.9541",0.003,0.5888,"0.671",1.4646,4,"=0.8329",0.006,0.5971,"0.6651",1.4646,4,"=0.8329",0.006,0.5971,"0.6651"
495,"ex495","faces_ex495.lst",3,"Negative binomial","(v)","(v)","(v)",0.0503,0.0587,0.0455,0.0468,0.0449,0.136,0.157,0.123,0.126,0.122,0.0681,0.0783,0.0616,0.0631,0.061,17.538,4,"=0.001519",0.067,3.8179,"0.004933",17.145,4,"=0.001812",0.066,3.5692,"0.007467",17.145,4,"=0.001812",0.066,3.5692,"0.007467"
496,"ex496","faces_ex496.lst",3,"Negative binomial","(iii)","(iii)","(iii)",0.0758,0.0807,0.072,0.0747,0.0743,0.205,0.22,0.195,0.202,0.201,0.1025,0.1102,0.0977,0.101,0.1005,22.905,4,"=0.0001323",0.088,2.8253,"0.02544",28.209,4,"=1.131e-05",0.108,3.3083,"0.01151",28.209,4,"=1.131e-05",0.108,3.3083,"0.01151"
497,"ex497","faces_ex497.lst",3,"Negative binomial","(iii)","(iii)","(iii)",0.0649,0.0712,0.0564,0.0575,0.0566,0.175,0.191,0.152,0.155,0.153,0.0877,0.0956,0.0762,0.0777,0.0765,5.1815,4,"=0.2692",0.02,4.7323,"0.001062",7.3477,4,"=0.1186",0.028,4.481,"0.001622",7.3477,4,"=0.1186",0.028,4.481,"0.001622"
498,"ex498","faces_ex498.lst",3,"Negative binomial","(v)","(v)","(v)",0.0412,0.0461,0.0375,0.0387,0.037,0.1094,0.1236,0.1,0.1034,0.0985,0.0547,0.0618,0.05,0.0517,0.0493,24.812,4,"=5.488e-05",0.095,1.9608,"0.101",22.055,4,"=0.0001954",0.085,2.0673,"0.08554",22.055,4,"=0.0001954",0.085,2.0673,"0.08554"
499,"ex499","faces_ex499.lst",3,"Negative binomial","(i)","(i)","(i)",0.0748,0.0949,0.0758,0.0763,0.0756,0.201,0.255,0.203,0.205,0.203,0.101,0.127,0.101,0.102,0.101,9.0954,4,"=0.05876",0.035,12.697,"1.929e-09",10.191,4,"=0.03733",0.039,12.931,"1.326e-09",10.191,4,"=0.03733",0.039,12.931,"1.326e-09"
500,"ex500","faces_ex500.lst",3,"Negative binomial","(iii)","(iii)","(iii)",0.0576,0.0675,0.049,0.0502,0.0491,0.157,0.182,0.132,0.136,0.133,0.0784,0.0908,0.0662,0.0678,0.0664,47.791,4,"=1.043e-09",0.184,6.9452,"2.536e-05",53.231,4,"=7.625e-11",0.205,6.4213,"6.134e-05",53.231,4,"=7.625e-11",0.205,6.4213,"6.134e-05"
501,"ex501","faces_ex501.lst",3,"Negative binomial","(v)","(v)","(v)",0.0514,0.043,0.0376,0.0375,0.0373,0.138,0.116,0.102,0.102,0.101,0.0692,0.0581,0.051,0.0509,0.0504,6.7323,4,"=0.1507",0.026,2.6278,"0.03506",5.8708,4,"=0.209",0.023,2.6374,"0.03452",5.8708,4,"=0.209",0.023,2.6374,"0.03452"
502,"ex502","faces_ex502.lst",3,"Negative binomial","(iii)","(iii)","(iii)",0.0905,0.1042,0.0876,0.0893,0.0898,0.244,0.279,0.237,0.241,0.242,0.122,0.14,0.119,0.121,0.121,13.058,4,"=0.01099",0.05,5.2067,"0.0004771",9.6862,4,"=0.04606",0.037,4.7145,"0.001095",9.6862,4,"=0.04606",0.037,4.7145,"0.001095"
503,"ex503","faces_ex503.lst",3,"Negative binomial","(iv)","(iii)","(iii)",0.0791,0.0773,0.0693,0.0692,0.0701,0.214,0.208,0.186,0.187,0.189,0.107,0.104,0.093,0.0933,0.0946,5.3908,4,"=0.2495",0.021,2.582,"0.03775",7.0031,4,"=0.1357",0.027,2.5911,"0.0372",7.0031,4,"=0.1357",0.027,2.5911,"0.0372"
504,"ex504","faces_ex504.lst",3,"Negative binomial","(iii)","(iii)","(iii)",0.0475,0.0493,0.0402,0.0409,0.0411,0.128,0.134,0.109,0.11,0.112,0.0642,0.067,0.0544,0.0552,0.0559,7.8154,4,"=0.09858",0.03,2.1132,"0.07961",10.548,4,"=0.03215",0.041,2.2617,"0.063",10.548,4,"=0.03215",0.041,2.2617,"0.063"
505,"ex505","faces_ex505.lst",3,"Negative binomial","(iii)","(iii)","(iii)",0.0674,0.0769,0.0665,0.0675,0.0672,0.182,0.206,0.179,0.182,0.181,0.0908,0.1031,0.0896,0.091,0.0903,7.5692,4,"=0.1087",0.029,6.7531,"3.506e-05",5.9938,4,"=0.1996",0.023,6.4729,"5.623e-05",5.9938,4,"=0.1996",0.023,6.4729,"5.623e-05"
506,"ex506","faces_ex506.lst",3,"Negative binomial","(iv)","(iii)","(iii)",0.0568,0.058,0.0461,0.0459,0.0465,0.153,0.156,0.122,0.122,0.124,0.0767,0.0779,0.0611,0.0611,0.062,10.806,4,"=0.02883",0.042,4.0739,"0.003214",12.738,4,"=0.01263",0.049,4.084,"0.00316",12.738,4,"=0.01263",0.049,4.084,"0.00316"
507,"ex507","faces_ex507.lst",3,"Negative binomial","(iv)","(iv)","(iv)",0.0397,0.0486,0.0332,0.033,0.0331,0.1068,0.1303,0.09,0.0893,0.0898,0.0534,0.0651,0.045,0.0447,0.0449,22.609,4,"=0.0001515",0.087,2.0311,"0.09051",22.338,4,"=0.0001716",0.086,2.0349,"0.08998",22.338,4,"=0.0001716",0.086,2.0349,"0.08998"
508,"ex508","faces_ex508.lst",3,"Negative binomial","(iii)","(iii)","(iii)",0.0696,0.0741,0.069,0.0705,0.0697,0.188,0.201,0.186,0.191,0.188,0.094,0.1007,0.093,0.0953,0.0941,11.902,4,"=0.0181",0.046,0.884,"0.474",8.3569,4,"=0.07934",0.032,1.0919,"0.361",8.3569,4,"=0.07934",0.032,1.0919,"0.361"
509,"ex509","faces_ex509.lst",3,"Negative binomial","(v)","(v)","(v)",0.0651,0.0596,0.05,0.0505,0.0496,0.177,0.162,0.135,0.136,0.134,0.0886,0.0808,0.0673,0.0678,0.0668,4.5169,4,"=0.3405",0.017,2.9018,"0.02246",5.5262,4,"=0.2374",0.021,2.9799,"0.01976",5.5262,4,"=0.2374",0.021,2.9799,"0.01976"
510,"ex510","faces_ex510.lst",3,"Negative binomial","(iii)","(iii)","(iii)",0.0511,0.0419,0.0355,0.0359,0.036,0.1371,0.112,0.0961,0.0971,0.0973,0.0685,0.056,0.0481,0.0486,0.0487,4.5538,4,"=0.3362",0.018,2.8402,"0.02483",2.8431,4,"=0.5844",0.011,2.7833,"0.02724",2.8431,4,"=0.5844",0.011,2.7833,"0.02724"
511,"ex511","faces_ex511.lst",3,"Negative binomial","(iii)","(iii)","(iii)",0.0803,0.0906,0.0796,0.0805,0.0798,0.218,0.246,0.216,0.22,0.217,0.109,0.123,0.108,0.11,0.109,13.551,4,"=0.008876",0.052,6.7819,"3.34e-05",14.314,4,"=0.006358",0.055,7.2033,"1.643e-05",14.314,4,"=0.006358",0.055,7.2033,"1.643e-05"
512,"ex512","faces_ex512.lst",3,"Negative binomial","(i)","(i)","(i)",0.0499,0.0614,0.0513,0.052,0.0512,0.135,0.165,0.139,0.14,0.138,0.0673,0.0825,0.0693,0.0702,0.069,9.76,4,"=0.04467",0.038,8.1905,"3.137e-06",10.043,4,"=0.03971",0.039,7.9123,"4.997e-06",10.043,4,"=0.03971",0.039,7.9123,"4.997e-06"
513,"ex513","faces_ex513.lst",3,"Negative binomial","(iii)","(iii)","(iii)",0.0441,0.0471,0.0378,0.0379,0.0382,0.119,0.127,0.102,0.102,0.103,0.0594,0.0636,0.051,0.0512,0.0516,18.486,4,"=0.0009913",0.071,2.0408,"0.08916",18.031,4,"=0.001217",0.069,2.0826,"0.08353",18.031,4,"=0.001217",0.069,2.0826,"0.08353"
514,"ex514","faces_ex514.lst",3,"Negative binomial","(iii)","(iii)","(iii)",0.108,0.121,0.107,0.11,0.109,0.29,0.327,0.288,0.295,0.291,0.145,0.163,0.144,0.147,0.146,1.1424,4,"=0.8875",0.004,2.2889,"0.06034",3.9938,4,"=0.4068",0.015,2.6848,"0.03197",3.9938,4,"=0.4068",0.015,2.6848,"0.03197"
515,"ex515","faces_ex515.lst",3,"Negative binomial","(iii)","(iii)","(iii)",0.0813,0.1148,0.0796,0.0821,0.0807,0.219,0.309,0.215,0.221,0.218,0.109,0.154,0.108,0.11,0.109,22.154,4,"=0.0001868",0.085,21.493,"2.66e-15",20.123,4,"=0.0004722",0.077,20.508,"1.133e-14",20.123,4,"=0.0004722",0.077,20.508,"1.133e-14"
516,"ex516","faces_ex516.lst",3,"Negative binomial","(iv)","(v)","(v)",0.0586,0.0695,0.0545,0.0538,0.054,0.158,0.187,0.146,0.146,0.145,0.079,0.0935,0.073,0.0728,0.0727,10.991,4,"=0.02667",0.042,2.9012,"0.02248",10.806,4,"=0.02883",0.042,2.9446,"0.02094",10.806,4,"=0.02883",0.042,2.9446,"0.02094"
517,"ex517","faces_ex517.lst",3,"Negative binomial","(iii)","(iii)","(iii)",0.107,0.123,0.103,0.108,0.106,0.289,0.331,0.276,0.29,0.285,0.144,0.166,0.138,0.145,0.142,17.342,4,"=0.001659",0.067,5.0739,"0.000597",13.157,4,"=0.01053",0.051,5.1174,"0.0005547",13.157,4,"=0.01053",0.051,5.1174,"0.0005547"
518,"ex518","faces_ex518.lst",3,"Negative binomial","(v)","(iii)","(v)",0.0773,0.0891,0.0733,0.0744,0.0732,0.207,0.238,0.197,0.199,0.197,0.1034,0.1191,0.0987,0.0997,0.0985,17.932,4,"=0.001272",0.069,6.5223,"5.173e-05",15.889,4,"=0.003171",0.061,6.2553,"8.117e-05",15.889,4,"=0.003171",0.061,6.2553,"8.117e-05"
519,"ex519","faces_ex519.lst",3,"Negative binomial","(iii)","(iii)","(iii)",0.0523,0.0719,0.0496,0.0511,0.0518,0.141,0.194,0.134,0.138,0.14,0.0703,0.097,0.0668,0.0689,0.0698,11.532,4,"=0.02119",0.044,12.842,"1.529e-09",9.2677,4,"=0.05475",0.036,13.021,"1.149e-09",9.2677,4,"=0.05475",0.036,13.021,"1.149e-09"
520,"ex520","faces_ex520.lst",3,"Negative binomial","(i)","(i)","(i)",0.101,0.124,0.104,0.106,0.102,0.271,0.331,0.279,0.284,0.273,0.136,0.166,0.14,0.142,0.136,4.64,4,"=0.3263",0.018,3.3942,"0.009984",5.5508,4,"=0.2353",0.021,3.352,"0.01071",5.5508,4,"=0.2353",0.021,3.352,"0.01071"
521,"ex521","faces_ex521.lst",3,"Negative binomial","(i)","(i)","(i)",0.0868,0.1108,0.0886,0.091,0.0885,0.231,0.294,0.236,0.243,0.235,0.115,0.147,0.118,0.122,0.118,10.658,4,"=0.03068",0.041,8.6018,"1.579e-06",14.462,4,"=0.005959",0.056,8.5559,"1.704e-06",14.462,4,"=0.005959",0.056,8.5559,"1.704e-06"
522,"ex522","faces_ex522.lst",3,"Negative binomial","(v)","(iii)","(iii)",0.061,0.0838,0.0584,0.0593,0.0581,0.165,0.226,0.158,0.161,0.158,0.0827,0.113,0.079,0.0805,0.079,38.609,4,"=8.389e-08",0.148,24.478,"<",36.738,4,"=2.039e-07",0.141,23.323,"<",36.738,4,"=2.039e-07",0.141,23.323,"<"
523,"ex523","faces_ex523.lst",3,"Negative binomial","(iv)","(iv)","(iii)",0.0883,0.1039,0.0866,0.086,0.0882,0.24,0.279,0.235,0.234,0.239,0.12,0.139,0.117,0.117,0.12,4.2708,4,"=0.3706",0.016,7.028,"2.206e-05",7.6554,4,"=0.105",0.029,6.11,"0.0001037",7.6554,4,"=0.105",0.029,6.11,"0.0001037"
524,"ex524","faces_ex524.lst",3,"Negative binomial","(iii)","(iv)","(iv)",0.0723,0.0914,0.0676,0.0677,0.0678,0.194,0.245,0.182,0.181,0.182,0.0971,0.1223,0.0908,0.0905,0.091,13.083,4,"=0.01088",0.05,9.3763,"4.358e-07",15.052,4,"=0.004594",0.058,8.669,"1.412e-06",15.052,4,"=0.004594",0.058,8.669,"1.412e-06"
525,"ex525","faces_ex525.lst",3,"Negative binomial","(iii)","(iii)","(iii)",0.0512,0.0646,0.0492,0.0503,0.0503,0.138,0.174,0.133,0.135,0.136,0.0689,0.087,0.0663,0.0677,0.068,10.782,4,"=0.02913",0.041,8.9901,"8.273e-07",10.154,4,"=0.03791",0.039,9.2057,"5.783e-07",10.154,4,"=0.03791",0.039,9.2057,"5.783e-07"
526,"ex526","faces_ex526.lst",3,"Negative binomial","(iv)","(iv)","(iv)",0.0942,0.1184,0.0937,0.0927,0.093,0.253,0.317,0.251,0.249,0.249,0.126,0.158,0.126,0.124,0.124,10.917,4,"=0.02751",0.042,8.2494,"2.843e-06",9.7108,4,"=0.04559",0.037,8.4463,"2.047e-06",9.7108,4,"=0.04559",0.037,8.4463,"2.047e-06"
527,"ex527","faces_ex527.lst",3,"Negative binomial","(iii)","(iii)","(iii)",0.0751,0.0962,0.074,0.0758,0.0751,0.201,0.255,0.198,0.203,0.201,0.1006,0.1273,0.0992,0.1014,0.1006,2.2031,4,"=0.6985",0.008,6.051,"0.0001146",3.7785,4,"=0.4368",0.015,5.7299,"0.0001971",3.7785,4,"=0.4368",0.015,5.7299,"0.0001971"
528,"ex528","faces_ex528.lst",3,"Negative binomial","(iii)","(iii)","(iii)",0.0612,0.0683,0.0554,0.0559,0.0557,0.164,0.185,0.149,0.15,0.15,0.082,0.0923,0.0745,0.075,0.075,9.6985,4,"=0.04583",0.037,3.5488,"0.007724",13.538,4,"=0.008924",0.052,3.7764,"0.005287",13.538,4,"=0.008924",0.052,3.7764,"0.005287"
529,"ex529","faces_ex529.lst",3,"Negative binomial","(i)","(i)","(i)",0.109,0.125,0.109,0.11,0.109,0.293,0.338,0.294,0.296,0.294,0.146,0.169,0.147,0.148,0.147,2.3015,4,"=0.6805",0.009,2.9454,"0.02091",3.2369,4,"=0.519",0.012,3.0621,"0.01727",3.2369,4,"=0.519",0.012,3.0621,"0.01727"
530,"ex530","faces_ex530.lst",3,"Negative binomial","(v)","(v)","(v)",0.0686,0.0932,0.0684,0.0685,0.0674,0.185,0.248,0.185,0.185,0.182,0.0927,0.1242,0.0926,0.0925,0.0912,15.175,4,"=0.004351",0.058,9.1066,"6.817e-07",15.138,4,"=0.004422",0.058,8.1445,"3.388e-06",15.138,4,"=0.004422",0.058,8.1445,"3.388e-06"
531,"ex531","faces_ex531.lst",3,"Negative binomial","(iii)","(iii)","(iii)",0.0558,0.0585,0.0451,0.0462,0.046,0.152,0.157,0.122,0.125,0.125,0.0758,0.0787,0.0609,0.0624,0.0623,25.945,4,"=3.247e-05",0.1,3.4884,"0.008539",26.745,4,"=2.239e-05",0.103,3.3494,"0.01075",26.745,4,"=2.239e-05",0.103,3.3494,"0.01075"
532,"ex532","faces_ex532.lst",3,"Negative binomial","(iv)","(iv)","(iv)",0.0973,0.1146,0.0973,0.0962,0.0983,0.26,0.305,0.261,0.257,0.264,0.13,0.152,0.13,0.128,0.132,6.7815,4,"=0.1479",0.026,4.6037,"0.001319",6.5354,4,"=0.1626",0.025,4.3272,"0.002101",6.5354,4,"=0.1626",0.025,4.3272,"0.002101"
533,"ex533","faces_ex533.lst",3,"Negative binomial","(iv)","(iv)","(iv)",0.0673,0.0828,0.0614,0.0609,0.063,0.179,0.221,0.164,0.163,0.167,0.0893,0.1106,0.082,0.0813,0.0836,26.006,4,"=3.155e-05",0.1,9.2367,"5.494e-07",27.114,4,"=1.885e-05",0.104,9.3523,"4.536e-07",27.114,4,"=1.885e-05",0.104,9.3523,"4.536e-07"
534,"ex534","faces_ex534.lst",3,"Negative binomial","(iv)","(iii)","(iii)",0.0586,0.065,0.0473,0.0472,0.048,0.159,0.173,0.128,0.128,0.13,0.0793,0.0866,0.0639,0.0639,0.0651,7.5938,4,"=0.1076",0.029,2.0848,"0.08324",7.2615,4,"=0.1227",0.028,2.026,"0.09123",7.2615,4,"=0.1227",0.028,2.026,"0.09123"
535,"ex535","faces_ex535.lst",3,"Negative binomial","(i)","(i)","(i)",0.0903,0.1011,0.0904,0.0906,0.0915,0.245,0.273,0.246,0.247,0.248,0.123,0.137,0.123,0.124,0.124,2.8431,4,"=0.5844",0.011,2.0568,"0.08695",1.9323,4,"=0.7482",0.007,1.9381,"0.1046",1.9323,4,"=0.7482",0.007,1.9381,"0.1046"
536,"ex536","faces_ex536.lst",3,"Negative binomial","(v)","(v)","(v)",0.0744,0.0862,0.0689,0.0698,0.0681,0.2,0.231,0.186,0.188,0.183,0.1001,0.1154,0.0929,0.094,0.0917,21.895,4,"=0.0002103",0.084,5.2298,"0.0004589",27.52,4,"=1.56e-05",0.106,5.2032,"0.0004799",27.52,4,"=1.56e-05",0.106,5.2032,"0.0004799"
537,"ex537","faces_ex537.lst",3,"Negative binomial","(i)","(i)","(i)",0.0478,0.0577,0.0486,0.049,0.0486,0.128,0.155,0.13,0.132,0.13,0.0641,0.0773,0.0651,0.0659,0.0651,8.1231,4,"=0.08717",0.031,5.0219,"0.0006517",9.1815,4,"=0.05672",0.035,4.9831,"0.0006959",9.1815,4,"=0.05672",0.035,4.9831,"0.0006959"
538,"ex538","faces_ex538.lst",3,"Negative binomial","(iii)","(iii)","(iii)",0.0894,0.1103,0.088,0.0892,0.0896,0.242,0.297,0.238,0.242,0.243,0.121,0.148,0.119,0.121,0.122,4.48,4,"=0.3449",0.017,10.156,"1.202e-07",7.3969,4,"=0.1163",0.028,10.129,"1.257e-07",7.3969,4,"=0.1163",0.028,10.129,"1.257e-07"
539,"ex539","faces_ex539.lst",3,"Negative binomial","(iii)","(iv)","(iv)",0.0616,0.0755,0.057,0.057,0.0577,0.165,0.204,0.153,0.152,0.154,0.0827,0.1018,0.0763,0.0761,0.0771,17.046,4,"=0.001893",0.066,7.905,"5.059e-06",14.585,4,"=0.005645",0.056,8.0982,"3.661e-06",14.585,4,"=0.005645",0.056,8.0982,"3.661e-06"
540,"ex540","faces_ex540.lst",3,"Negative binomial","(iv)","(iv)","(iv)",0.0492,0.0634,0.0474,0.0471,0.049,0.133,0.17,0.128,0.127,0.132,0.0663,0.0851,0.064,0.0634,0.066,29.772,4,"=5.446e-06",0.115,12.875,"1.452e-09",25.145,4,"=4.705e-05",0.097,11.784,"8.414e-09",25.145,4,"=4.705e-05",0.097,11.784,"8.414e-09"
541,"ex541","faces_ex541.lst",3,"Negative binomial","(iii)","(iii)","(iii)",0.152,0.17,0.147,0.151,0.149,0.409,0.455,0.394,0.405,0.401,0.204,0.227,0.197,0.202,0.201,4.2708,4,"=0.3706",0.016,1.7072,"0.1488",7.1385,4,"=0.1287",0.027,1.6777,"0.1556",7.1385,4,"=0.1287",0.027,1.6777,"0.1556"
542,"ex542","faces_ex542.lst",3,"Negative binomial","(iii)","(iii)","(iii)",0.108,0.143,0.104,0.106,0.105,0.287,0.383,0.277,0.283,0.28,0.144,0.191,0.139,0.142,0.14,12.283,4,"=0.01537",0.047,11.564,"1.203e-08",15.052,4,"=0.004594",0.058,12.138,"4.748e-09",15.052,4,"=0.004594",0.058,12.138,"4.748e-09"
543,"ex543","faces_ex543.lst",3,"Negative binomial","(iii)","(iii)","(iii)",0.0995,0.1183,0.0927,0.095,0.0986,0.268,0.324,0.246,0.254,0.266,0.134,0.162,0.123,0.127,0.133,7.4708,4,"=0.113",0.029,6.6925,"3.882e-05",11.926,4,"=0.01791",0.046,7.8095,"5.936e-06",11.926,4,"=0.01791",0.046,7.8095,"5.936e-06"
544,"ex544","faces_ex544.lst",3,"Negative binomial","(iii)","(iii)","(iii)",0.15,0.187,0.147,0.151,0.152,0.399,0.502,0.389,0.403,0.403,0.2,0.251,0.195,0.202,0.202,9.6862,4,"=0.04606",0.037,7.2388,"1.548e-05",22.265,4,"=0.0001775",0.086,7.8907,"5.182e-06",22.265,4,"=0.0001775",0.086,7.8907,"5.182e-06"
545,"ex545","faces_ex545.lst",3,"Negative binomial","(iii)","(iii)","(iii)",0.104,0.135,0.101,0.102,0.103,0.278,0.36,0.268,0.271,0.275,0.139,0.18,0.134,0.136,0.137,20.542,4,"=0.0003903",0.079,11.73,"9.19e-09",18.277,4,"=0.001089",0.07,11.414,"1.535e-08",18.277,4,"=0.001089",0.07,11.414,"1.535e-08"
546,"ex546","faces_ex546.lst",3,"Negative binomial","(iii)","(iii)","(iii)",0.0687,0.1107,0.0634,0.0691,0.0701,0.185,0.297,0.17,0.185,0.189,0.0926,0.1484,0.0848,0.0926,0.0945,39.188,4,"=6.371e-08",0.151,23.204,"2.225e-16",34.843,4,"=5.003e-07",0.134,23.618,"<",34.843,4,"=5.003e-07",0.134,23.618,"<"
547,"ex547","faces_ex547.lst",3,"Negative binomial","(v)","(v)","(v)",0.171,0.192,0.172,0.172,0.169,0.459,0.517,0.461,0.463,0.454,0.23,0.259,0.231,0.231,0.227,2.9292,4,"=0.5697",0.011,2.3133,"0.05804",2.5723,4,"=0.6317",0.01,2.614,"0.03585",2.5723,4,"=0.6317",0.01,2.614,"0.03585"
548,"ex548","faces_ex548.lst",3,"Negative binomial","(iii)","(iii)","(iii)",0.117,0.138,0.112,0.116,0.116,0.316,0.367,0.304,0.315,0.314,0.158,0.184,0.152,0.157,0.157,5.9692,4,"=0.2015",0.023,6.1696,"9.382e-05",4.6277,4,"=0.3277",0.018,4.8821,"0.0008252",4.6277,4,"=0.3277",0.018,4.8821,"0.0008252"
549,"ex549","faces_ex549.lst",3,"Negative binomial","(i)","(i)","(i)",0.0818,0.1148,0.0864,0.0851,0.0839,0.219,0.308,0.23,0.228,0.224,0.109,0.154,0.115,0.114,0.112,16.308,4,"=0.002633",0.063,11.707,"9.533e-09",12.234,4,"=0.01569",0.047,12.477,"2.749e-09",12.234,4,"=0.01569",0.047,12.477,"2.749e-09"
550,"ex550","faces_ex550.lst",3,"Negative binomial","(i)","(i)","(i)",0.132,0.159,0.133,0.137,0.133,0.356,0.425,0.357,0.368,0.357,0.178,0.213,0.178,0.184,0.178,19.483,4,"=0.0006315",0.075,6.2305,"8.464e-05",21.674,4,"=0.0002327",0.083,6.5019,"5.354e-05",21.674,4,"=0.0002327",0.083,6.5019,"5.354e-05"
551,"ex551","faces_ex551.lst",3,"Negative binomial","(iii)","(iii)","(iii)",0.112,0.146,0.11,0.111,0.113,0.302,0.389,0.3,0.305,0.305,0.151,0.195,0.15,0.152,0.153,17.514,4,"=0.001535",0.067,9.7786,"2.24e-07",18.474,4,"=0.0009968",0.071,9.0949,"6.951e-07",18.474,4,"=0.0009968",0.071,9.0949,"6.951e-07"
552,"ex552","faces_ex552.lst",3,"Negative binomial","(i)","(i)","(i)",0.0776,0.118,0.0819,0.0858,0.0802,0.209,0.319,0.22,0.229,0.217,0.105,0.16,0.11,0.115,0.108,20.443,4,"=0.0004082",0.079,11.077,"2.661e-08",21.083,4,"=0.0003049",0.081,11.437,"1.48e-08",21.083,4,"=0.0003049",0.081,11.437,"1.48e-08"
553,"ex553","faces_ex553.lst",3,"Negative binomial","(i)","(i)","(i)",0.128,0.155,0.13,0.132,0.13,0.341,0.415,0.347,0.353,0.346,0.17,0.207,0.174,0.177,0.173,7.68,4,"=0.104",0.03,5.6045,"0.0002436",5.7108,4,"=0.2218",0.022,6.2169,"8.66e-05",5.7108,4,"=0.2218",0.022,6.2169,"8.66e-05"
554,"ex554","faces_ex554.lst",3,"Negative binomial","(i)","(i)","(i)",0.0968,0.1603,0.0987,0.1001,0.0993,0.26,0.428,0.265,0.27,0.268,0.13,0.214,0.133,0.135,0.134,46.437,4,"=1.998e-09",0.179,29.004,"<",47.052,4,"=1.487e-09",0.181,28.509,"<",47.052,4,"=1.487e-09",0.181,28.509,"<"
555,"ex555","faces_ex555.lst",3,"Negative binomial","(iii)","(iii)","(iii)",0.0761,0.0859,0.0715,0.0717,0.0765,0.205,0.233,0.191,0.191,0.207,0.1027,0.1163,0.0957,0.0957,0.1035,6.3262,4,"=0.1761",0.024,2.8633,"0.02391",7.1385,4,"=0.1287",0.027,3.137,"0.01527",7.1385,4,"=0.1287",0.027,3.137,"0.01527"
556,"ex556","faces_ex556.lst",3,"Negative binomial","(i)","(i)","(i)",0.138,0.159,0.142,0.141,0.14,0.371,0.427,0.383,0.381,0.376,0.185,0.213,0.191,0.191,0.188,4.9354,4,"=0.294",0.019,3.3714,"0.01037",6.1169,4,"=0.1906",0.024,3.4427,"0.009212",6.1169,4,"=0.1906",0.024,3.4427,"0.009212"
557,"ex557","faces_ex557.lst",3,"Negative binomial","(iii)","(iii)","(iii)",0.1014,0.1375,0.0977,0.1024,0.0995,0.275,0.369,0.265,0.277,0.269,0.137,0.185,0.132,0.138,0.135,23.643,4,"=9.417e-05",0.091,12.788,"1.668e-09",23.963,4,"=8.125e-05",0.092,11.68,"9.967e-09",23.963,4,"=8.125e-05",0.092,11.68,"9.967e-09"
558,"ex558","faces_ex558.lst",3,"Negative binomial","(v)","(iii)","(iii)",0.0756,0.1096,0.0759,0.0768,0.0751,0.204,0.292,0.202,0.205,0.202,0.102,0.146,0.101,0.103,0.101,16.615,4,"=0.002295",0.064,14.285,"1.537e-10",17.625,4,"=0.001461",0.068,14.215,"1.717e-10",17.625,4,"=0.001461",0.068,14.215,"1.717e-10"
559,"ex559","faces_ex559.lst",3,"Negative binomial","(i)","(i)","(i)",0.136,0.158,0.139,0.139,0.137,0.361,0.427,0.369,0.371,0.362,0.18,0.214,0.184,0.185,0.181,3.1385,4,"=0.5349",0.012,2.0472,"0.08827",8.2954,4,"=0.08134",0.032,2.5369,"0.04059",8.2954,4,"=0.08134",0.032,2.5369,"0.04059"
560,"ex560","faces_ex560.lst",3,"Negative binomial","(v)","(iii)","(iii)",0.119,0.128,0.117,0.118,0.116,0.321,0.346,0.31,0.315,0.312,0.16,0.173,0.155,0.157,0.156,4.5292,4,"=0.3391",0.017,1.1004,"0.3569",5.8215,4,"=0.2129",0.022,1.3709,"0.2444",5.8215,4,"=0.2129",0.022,1.3709,"0.2444"
561,"ex561","faces_ex561.lst",3,"Negative binomial","(iii)","(iii)","(iii)",0.0755,0.0949,0.073,0.0753,0.0757,0.204,0.257,0.195,0.202,0.204,0.1022,0.1284,0.0973,0.1009,0.1019,12.788,4,"=0.01236",0.049,7.4385,"1.106e-05",11.902,4,"=0.0181",0.046,7.9029,"5.077e-06",11.902,4,"=0.0181",0.046,7.9029,"5.077e-06"
562,"ex562","faces_ex562.lst",3,"Negative binomial","(iii)","(iii)","(iii)",0.13,0.166,0.125,0.126,0.129,0.35,0.444,0.335,0.338,0.346,0.175,0.222,0.167,0.169,0.173,7.84,4,"=0.09762",0.03,7.6458,"7.812e-06",7.1015,4,"=0.1306",0.027,6.9625,"2.463e-05",7.1015,4,"=0.1306",0.027,6.9625,"2.463e-05"
563,"ex563","faces_ex563.lst",3,"Negative binomial","(iv)","(iv)","(iv)",0.0964,0.1298,0.0928,0.0919,0.0973,0.256,0.344,0.248,0.246,0.259,0.128,0.172,0.124,0.123,0.129,39.963,4,"=4.405e-08",0.154,16.558,"4.422e-12",38.498,4,"=8.842e-08",0.148,15.495,"2.3e-11",38.498,4,"=8.842e-08",0.148,15.495,"2.3e-11"
564,"ex564","faces_ex564.lst",3,"Negative binomial","(iii)","(iii)","(iii)",0.0894,0.115,0.0852,0.0891,0.0896,0.241,0.309,0.228,0.239,0.241,0.12,0.155,0.114,0.119,0.12,28.443,4,"=1.014e-05",0.109,15.97,"1.097e-11",28.443,4,"=1.014e-05",0.109,17.093,"1.941e-12",28.443,4,"=1.014e-05",0.109,17.093,"1.941e-12"
565,"ex565","faces_ex565.lst",3,"Negative binomial","(i)","(i)","(i)",0.137,0.198,0.14,0.141,0.14,0.369,0.529,0.376,0.377,0.378,0.185,0.265,0.188,0.189,0.189,20.8,4,"=0.0003469",0.08,17.957,"5.191e-13",22.991,4,"=0.0001272",0.088,18.511,"2.241e-13",22.991,4,"=0.0001272",0.088,18.511,"2.241e-13"
566,"ex566","faces_ex566.lst",3,"Negative binomial","(i)","(i)","(i)",0.107,0.15,0.116,0.116,0.111,0.287,0.404,0.309,0.31,0.298,0.143,0.202,0.154,0.155,0.149,24.098,4,"=7.633e-05",0.093,15.823,"1.379e-11",24.825,4,"=5.456e-05",0.095,16.254,"7.071e-12",24.825,4,"=5.456e-05",0.095,16.254,"7.071e-12"
567,"ex567","faces_ex567.lst",3,"Negative binomial","(iii)","(iii)","(iii)",0.0744,0.1039,0.0724,0.0774,0.0755,0.201,0.279,0.196,0.208,0.204,0.1006,0.1397,0.0981,0.1039,0.1019,29.945,4,"=5.023e-06",0.115,15.169,"3.827e-11",28.209,4,"=1.131e-05",0.108,14.448,"1.189e-10",28.209,4,"=1.131e-05",0.108,14.448,"1.189e-10"
568,"ex568","faces_ex568.lst",3,"Negative binomial","(iii)","(iii)","(iii)",0.0732,0.0827,0.0709,0.0717,0.0713,0.198,0.223,0.191,0.194,0.192,0.0989,0.1114,0.0954,0.0969,0.0959,6.2523,4,"=0.1811",0.024,3.3068,"0.01154",3.5815,4,"=0.4656",0.014,3.2194,"0.01333",3.5815,4,"=0.4656",0.014,3.2194,"0.01333"
569,"ex569","faces_ex569.lst",3,"Negative binomial","(iii)","(iii)","(iii)",0.0644,0.0651,0.0476,0.0478,0.0483,0.173,0.175,0.127,0.128,0.129,0.0867,0.0875,0.0634,0.0639,0.0645,42.08,4,"=1.606e-08",0.162,5.687,"0.000212",37.797,4,"=1.234e-07",0.145,5.6808,"0.0002142",37.797,4,"=1.234e-07",0.145,5.6808,"0.0002142"
570,"ex570","faces_ex570.lst",3,"Negative binomial","(iii)","(iii)","(iii)",0.049,0.0595,0.0373,0.0378,0.0381,0.132,0.16,0.101,0.102,0.103,0.0661,0.0802,0.0504,0.0508,0.0514,29.477,4,"=6.254e-06",0.113,4.8039,"0.0009415",33.588,4,"=9.053e-07",0.129,4.9098,"0.0007875",33.588,4,"=9.053e-07",0.129,4.9098,"0.0007875"
571,"ex571","faces_ex571.lst",3,"Negative binomial","(iii)","(iii)","(iii)",0.0759,0.0965,0.0671,0.0685,0.0672,0.203,0.26,0.18,0.184,0.181,0.1017,0.1299,0.0898,0.0921,0.0903,12.591,4,"=0.01346",0.048,5.1151,"0.0005569",11.36,4,"=0.0228",0.044,5.3965,"0.0003462",11.36,4,"=0.0228",0.044,5.3965,"0.0003462"
572,"ex572","faces_ex572.lst",3,"Negative binomial","(iii)","(iii)","(iii)",0.0825,0.0752,0.0546,0.0554,0.0551,0.225,0.202,0.147,0.149,0.149,0.1123,0.1012,0.0737,0.0745,0.0745,14.732,4,"=0.00529",0.057,6.1929,"9.019e-05",16.886,4,"=0.002034",0.065,6.2702,"7.916e-05",16.886,4,"=0.002034",0.065,6.2702,"7.916e-05"
573,"ex573","faces_ex573.lst",3,"Negative binomial","(iii)","(iii)","(iii)",0.0313,0.0439,0.0301,0.0305,0.0309,0.0851,0.1165,0.0811,0.0821,0.0834,0.0426,0.0582,0.0405,0.0411,0.0417,5.6246,4,"=0.229",0.022,11.293,"1.869e-08",5.6615,4,"=0.2259",0.022,10.928,"3.391e-08",5.6615,4,"=0.2259",0.022,10.928,"3.391e-08"
574,"ex574","faces_ex574.lst",3,"Negative binomial","(iii)","(iii)","(iii)",0.0745,0.0851,0.0724,0.0742,0.0734,0.2,0.227,0.193,0.199,0.197,0.1002,0.1137,0.0967,0.0994,0.0986,6.3385,4,"=0.1753",0.024,5.5016,"0.0002899",5.6246,4,"=0.229",0.022,5.4746,"0.0003035",5.6246,4,"=0.229",0.022,5.4746,"0.0003035"
575,"ex575","faces_ex575.lst",3,"Negative binomial","(v)","(v)","(v)",0.0648,0.0591,0.0571,0.0571,0.0568,0.173,0.161,0.152,0.153,0.151,0.0864,0.0807,0.0762,0.0765,0.0757,6.0923,4,"=0.1924",0.023,1.5682,"0.1832",7.6185,4,"=0.1066",0.029,1.6087,"0.1725",7.6185,4,"=0.1066",0.029,1.6087,"0.1725"
576,"ex576","faces_ex576.lst",3,"Negative binomial","(v)","(iii)","(iii)",0.0372,0.0452,0.037,0.0376,0.0369,0.1011,0.1225,0.0998,0.1016,0.1001,0.0505,0.0612,0.0499,0.0508,0.05,9.5015,4,"=0.04972",0.037,7.6925,"7.223e-06",11.065,4,"=0.02585",0.043,7.9052,"5.057e-06",11.065,4,"=0.02585",0.043,7.9052,"5.057e-06"
577,"ex577","faces_ex577.lst",3,"Negative binomial","(iv)","(iii)","(iv)",0.0804,0.0702,0.0629,0.0628,0.064,0.216,0.189,0.169,0.169,0.173,0.108,0.0943,0.0846,0.0845,0.0863,0.27077,4,"=0.9916",0.001,1.7268,"0.1445",0.76308,4,"=0.9433",0.003,1.7588,"0.1376",0.76308,4,"=0.9433",0.003,1.7588,"0.1376"
578,"ex578","faces_ex578.lst",3,"Negative binomial","(v)","(iii)","(iii)",0.081,0.0482,0.0403,0.0412,0.0402,0.221,0.131,0.109,0.111,0.109,0.1107,0.0653,0.0544,0.0556,0.0544,16.197,4,"=0.002766",0.062,7.9669,"4.561e-06",19.606,4,"=0.0005972",0.075,8.16,"3.301e-06",19.606,4,"=0.0005972",0.075,8.16,"3.301e-06"
579,"ex579","faces_ex579.lst",3,"Negative binomial","(iv)","(iv)","(iv)",0.028,0.0401,0.0274,0.0271,0.0274,0.0754,0.1083,0.0733,0.0725,0.0735,0.0377,0.0541,0.0367,0.0362,0.0367,37.452,4,"=1.453e-07",0.144,25.88,"<",38.191,4,"=1.023e-07",0.147,25.61,"<",38.191,4,"=1.023e-07",0.147,25.61,"<"
580,"ex580","faces_ex580.lst",3,"Negative binomial","(iii)","(iii)","(iii)",0.067,0.0757,0.0571,0.0577,0.0571,0.182,0.204,0.156,0.157,0.156,0.0911,0.102,0.0779,0.0787,0.0779,16.948,4,"=0.001979",0.065,3.3877,"0.01009",15.114,4,"=0.004471",0.058,3.3289,"0.01112",15.114,4,"=0.004471",0.058,3.3289,"0.01112"
581,"ex581","faces_ex581.lst",3,"Negative binomial","(v)","(iii)","(v)",0.0629,0.0558,0.0453,0.0457,0.0452,0.173,0.15,0.122,0.123,0.122,0.0863,0.0748,0.061,0.0614,0.0608,5.6,4,"=0.2311",0.022,4.6478,"0.001225",8.5785,4,"=0.07254",0.033,4.711,"0.001101",8.5785,4,"=0.07254",0.033,4.711,"0.001101"
582,"ex582","faces_ex582.lst",3,"Negative binomial","(v)","(v)","(v)",0.0329,0.0373,0.0277,0.0275,0.0274,0.0888,0.1005,0.0747,0.0744,0.0741,0.0444,0.0502,0.0374,0.0372,0.0371,22.942,4,"=0.0001301",0.088,3.196,"0.01386",23.815,4,"=8.698e-05",0.092,3.2309,"0.01308",23.815,4,"=8.698e-05",0.092,3.2309,"0.01308"
583,"ex583","faces_ex583.lst",3,"Negative binomial","(iii)","(iii)","(iii)",0.0722,0.0892,0.0613,0.0629,0.0625,0.196,0.241,0.166,0.17,0.171,0.0982,0.1206,0.0831,0.0851,0.0853,10.289,4,"=0.03583",0.04,3.4124,"0.009687",11.828,4,"=0.01868",0.045,3.5413,"0.007822",11.828,4,"=0.01868",0.045,3.5413,"0.007822"
584,"ex584","faces_ex584.lst",3,"Negative binomial","(iii)","(iii)","(iii)",0.0736,0.0705,0.0454,0.046,0.0463,0.2,0.189,0.122,0.124,0.125,0.1,0.0943,0.0608,0.062,0.0624,13.022,4,"=0.01117",0.05,4.6839,"0.001153",13.748,4,"=0.008145",0.053,4.7131,"0.001097",13.748,4,"=0.008145",0.053,4.7131,"0.001097"
585,"ex585","faces_ex585.lst",3,"Negative binomial","(v)","(v)","(v)",0.0367,0.041,0.0316,0.0317,0.0315,0.0985,0.1116,0.0854,0.0856,0.085,0.0493,0.0558,0.0427,0.0428,0.0425,26.868,4,"=2.114e-05",0.103,2.6449,"0.0341",21.822,4,"=0.0002175",0.084,2.8408,"0.02481",21.822,4,"=0.0002175",0.084,2.8408,"0.02481"
586,"ex586","faces_ex586.lst",3,"Negative binomial","(iii)","(iii)","(iii)",0.0595,0.0752,0.0539,0.0544,0.0545,0.159,0.203,0.144,0.145,0.145,0.0797,0.1013,0.0719,0.0724,0.0726,8.1108,4,"=0.0876",0.031,4.8529,"0.0008669",10.105,4,"=0.0387",0.039,4.7312,"0.001064",10.105,4,"=0.0387",0.039,4.7312,"0.001064"
587,"ex587","faces_ex587.lst",3,"Negative binomial","(v)","(iii)","(v)",0.0798,0.0548,0.0393,0.0397,0.0392,0.217,0.146,0.106,0.107,0.106,0.1083,0.0731,0.0531,0.0536,0.053,8.2338,4,"=0.08338",0.032,6.3574,"6.833e-05",7.5938,4,"=0.1076",0.029,6.6517,"4.159e-05",7.5938,4,"=0.1076",0.029,6.6517,"4.159e-05"
588,"ex588","faces_ex588.lst",3,"Negative binomial","(i)","(i)","(i)",0.0261,0.0348,0.027,0.0269,0.0268,0.0699,0.0941,0.072,0.0714,0.0714,0.0349,0.047,0.036,0.0357,0.0357,28.689,4,"=9.04e-06",0.11,18.317,"3.005e-13",26.843,4,"=2.139e-05",0.103,20.106,"2.056e-14",26.843,4,"=2.139e-05",0.103,20.106,"2.056e-14"
589,"ex589","faces_ex589.lst",3,"Negative binomial","(iii)","(iii)","(iii)",0.0686,0.0585,0.049,0.0491,0.0495,0.184,0.157,0.133,0.133,0.134,0.092,0.0787,0.0664,0.0664,0.0669,2.1785,4,"=0.703",0.008,2.5975,"0.03681",0.91077,4,"=0.923",0.004,2.6137,"0.03587",0.91077,4,"=0.923",0.004,2.6137,"0.03587"
590,"ex590","faces_ex590.lst",3,"Negative binomial","(iii)","(iii)","(iii)",0.0702,0.0491,0.0344,0.0346,0.0345,0.1934,0.1337,0.0936,0.0943,0.0939,0.0967,0.0669,0.0468,0.0472,0.0469,12.64,4,"=0.01318",0.049,7.5783,"8.749e-06",12.062,4,"=0.0169",0.046,7.5793,"8.734e-06",12.062,4,"=0.0169",0.046,7.5793,"8.734e-06"
591,"ex591","faces_ex591.lst",3,"Negative binomial","(i)","(i)","(i)",0.0309,0.0392,0.0309,0.0311,0.031,0.0826,0.105,0.0828,0.0831,0.083,0.0413,0.0525,0.0414,0.0415,0.0415,28.037,4,"=1.226e-05",0.108,16.774,"3.169e-12",23.975,4,"=8.079e-05",0.092,16.333,"6.255e-12",23.975,4,"=8.079e-05",0.092,16.333,"6.255e-12"
592,"ex592","faces_ex592.lst",3,"Negative binomial","(iii)","(iii)","(iii)",0.0536,0.0678,0.0509,0.0511,0.0512,0.145,0.182,0.137,0.138,0.138,0.0726,0.0908,0.0686,0.0689,0.0691,1.1323,4,"=0.8891",0.004,4.836,"0.0008919",1.6123,4,"=0.8066",0.006,4.4899,"0.001598",1.6123,4,"=0.8066",0.006,4.4899,"0.001598"
593,"ex593","faces_ex593.lst",3,"Negative binomial","(v)","(v)","(v)",0.079,0.0502,0.0429,0.0431,0.0428,0.215,0.135,0.115,0.115,0.114,0.1074,0.0674,0.0576,0.0577,0.0572,12.382,4,"=0.01473",0.048,6.2636,"8.005e-05",11.852,4,"=0.01848",0.046,6.2501,"8.189e-05",11.852,4,"=0.01848",0.046,6.2501,"8.189e-05"
594,"ex594","faces_ex594.lst",3,"Negative binomial","(iii)","(iii)","(iii)",0.0446,0.036,0.0306,0.0308,0.0307,0.1181,0.097,0.082,0.0826,0.0823,0.059,0.0485,0.041,0.0413,0.0412,5.6246,4,"=0.229",0.022,1.9428,"0.1038",5.7723,4,"=0.2168",0.022,1.9362,"0.1049",5.7723,4,"=0.2168",0.022,1.9362,"0.1049"
595,"ex595","faces_ex595.lst",3,"Negative binomial","(v)","(iv)","(iv)",0.0982,0.1141,0.0922,0.0916,0.0913,0.265,0.311,0.25,0.248,0.248,0.133,0.156,0.125,0.124,0.124,7.8769,4,"=0.09619",0.03,2.9389,"0.02113",7.4338,4,"=0.1147",0.029,3.2177,"0.01337",7.4338,4,"=0.1147",0.029,3.2177,"0.01337"
596,"ex596","faces_ex596.lst",3,"Negative binomial","(iii)","(iii)","(iii)",0.0684,0.0998,0.0675,0.0685,0.0695,0.183,0.269,0.181,0.184,0.187,0.0916,0.1347,0.0906,0.0918,0.0933,29.895,4,"=5.14e-06",0.115,27.714,"<",28.025,4,"=1.233e-05",0.108,28.151,"<",28.025,4,"=1.233e-05",0.108,28.151,"<"
597,"ex597","faces_ex597.lst",3,"Negative binomial","(iii)","(iii)","(iii)",0.0473,0.0714,0.0469,0.0478,0.0473,0.127,0.193,0.126,0.128,0.127,0.0634,0.0967,0.0631,0.0641,0.0635,14.831,4,"=0.005065",0.057,9.7818,"2.229e-07",14.572,4,"=0.005676",0.056,9.8788,"1.899e-07",14.572,4,"=0.005676",0.056,9.8788,"1.899e-07"
598,"ex598","faces_ex598.lst",3,"Negative binomial","(iii)","(iii)","(iii)",0.0995,0.1381,0.0952,0.0977,0.0971,0.268,0.375,0.256,0.264,0.262,0.134,0.187,0.128,0.132,0.131,22.782,4,"=0.00014",0.088,9.0818,"7.104e-07",22.511,4,"=0.0001586",0.087,8.8656,"1.018e-06",22.511,4,"=0.0001586",0.087,8.8656,"1.018e-06"
599,"ex599","faces_ex599.lst",3,"Negative binomial","(iv)","(iv)","(iv)",0.08,0.0752,0.0625,0.0617,0.0626,0.218,0.202,0.167,0.166,0.167,0.109,0.1009,0.0836,0.0828,0.0836,5.6738,4,"=0.2249",0.022,2.8609,"0.02401",7.1631,4,"=0.1275",0.028,2.9584,"0.02047",7.1631,4,"=0.1275",0.028,2.9584,"0.02047"
600,"ex600","faces_ex600.lst",3,"Negative binomial","(iii)","(iii)","(iii)",0.0401,0.0834,0.0394,0.0414,0.0402,0.107,0.223,0.105,0.11,0.108,0.0536,0.1114,0.0526,0.0552,0.0539,52.185,4,"=1.262e-10",0.201,14.382,"1.319e-10",54.88,4,"=3.443e-11",0.211,14.777,"7.075e-11",54.88,4,"=3.443e-11",0.211,14.777,"7.075e-11"
601,"ex601","faces_ex601.lst",3,"Negative binomial","(iv)","(iii)","(i)",0.0974,0.1254,0.0974,0.0972,0.0979,0.262,0.337,0.261,0.261,0.263,0.131,0.169,0.131,0.131,0.132,5.9323,4,"=0.2043",0.023,7.246,"1.529e-05",6.4862,4,"=0.1657",0.025,6.922,"2.637e-05",6.4862,4,"=0.1657",0.025,6.922,"2.637e-05"
602,"ex602","faces_ex602.lst",3,"Negative binomial","(iii)","(iii)","(iii)",0.0719,0.0858,0.0614,0.0633,0.0624,0.194,0.232,0.165,0.17,0.167,0.0971,0.1161,0.0823,0.085,0.0837,13.772,4,"=0.008058",0.053,5.1665,"0.0005106",14.732,4,"=0.00529",0.057,5.2848,"0.0004182",14.732,4,"=0.00529",0.057,5.2848,"0.0004182"
603,"ex603","faces_ex603.lst",3,"Negative binomial","(iv)","(iv)","(iv)",0.0479,0.0602,0.0472,0.0467,0.0488,0.129,0.161,0.126,0.125,0.13,0.0644,0.0803,0.0629,0.0627,0.0652,8.5415,4,"=0.07364",0.033,7.1056,"1.936e-05",7.4708,4,"=0.113",0.029,6.9411,"2.554e-05",7.4708,4,"=0.113",0.029,6.9411,"2.554e-05"
604,"ex604","faces_ex604.lst",3,"Negative binomial","(v)","(v)","(v)",0.0802,0.0903,0.0795,0.08,0.0791,0.216,0.244,0.214,0.214,0.212,0.108,0.122,0.107,0.107,0.106,2.1538,4,"=0.7075",0.008,3.3813,"0.0102",3.1138,4,"=0.539",0.012,3.6842,"0.006165",3.1138,4,"=0.539",0.012,3.6842,"0.006165"
605,"ex605","faces_ex605.lst",3,"Negative binomial","(iv)","(iv)","(iv)",0.0674,0.0844,0.0616,0.0609,0.0641,0.18,0.226,0.164,0.162,0.171,0.0902,0.1132,0.0821,0.0812,0.0856,13.871,4,"=0.007719",0.053,11.976,"6.173e-09",14.117,4,"=0.006931",0.054,12.528,"2.534e-09",14.117,4,"=0.006931",0.054,12.528,"2.534e-09"
606,"ex606","faces_ex606.lst",3,"Negative binomial","(iv)","(iv)","(iv)",0.04,0.0588,0.0397,0.0391,0.0402,0.108,0.158,0.106,0.104,0.108,0.0538,0.079,0.0528,0.0522,0.0541,7.0892,4,"=0.1312",0.027,9.4523,"3.843e-07",7.0523,4,"=0.1331",0.027,9.5237,"3.415e-07",7.0523,4,"=0.1331",0.027,9.5237,"3.415e-07"
607,"ex607","faces_ex607.lst",3,"Negative binomial","(i)","(i)","(i)",0.0925,0.1087,0.0926,0.0934,0.0927,0.25,0.293,0.251,0.253,0.25,0.125,0.146,0.125,0.127,0.125,14.191,4,"=0.00671",0.055,4.9815,"0.0006977",13.846,4,"=0.007803",0.053,4.6544,"0.001211",13.846,4,"=0.007803",0.053,4.6544,"0.001211"
608,"ex608","faces_ex608.lst",3,"Negative binomial","(v)","(v)","(v)",0.0676,0.0719,0.058,0.0585,0.0575,0.183,0.19,0.155,0.157,0.154,0.0913,0.095,0.0775,0.0784,0.077,3.8523,4,"=0.4264",0.015,3.5479,"0.007736",3.4708,4,"=0.4823",0.013,3.2059,"0.01363",3.4708,4,"=0.4823",0.013,3.2059,"0.01363"
609,"ex609","faces_ex609.lst",3,"Negative binomial","(iii)","(iii)","(iii)",0.0429,0.0665,0.0402,0.0413,0.0427,0.115,0.179,0.108,0.111,0.114,0.0573,0.0896,0.054,0.0555,0.057,24.566,4,"=6.149e-05",0.094,8.8767,"9.989e-07",26.794,4,"=2.188e-05",0.103,9.3158,"4.818e-07",26.794,4,"=2.188e-05",0.103,9.3158,"4.818e-07"
610,"ex610","faces_ex610.lst",3,"Negative binomial","(iv)","(iv)","(iv)",0.0988,0.1165,0.0918,0.0911,0.0922,0.265,0.314,0.247,0.245,0.248,0.132,0.157,0.124,0.122,0.124,5.7354,4,"=0.2198",0.022,5.2192,"0.0004672",4.5785,4,"=0.3333",0.018,5.2624,"0.0004342",4.5785,4,"=0.3333",0.018,5.2624,"0.0004342"
611,"ex611","faces_ex611.lst",3,"Negative binomial","(iv)","(iv)","(iv)",0.0779,0.0763,0.0581,0.0569,0.057,0.211,0.205,0.157,0.154,0.155,0.1057,0.1026,0.0785,0.0769,0.0773,13.354,4,"=0.00967",0.051,3.6357,"0.006685",10.498,4,"=0.03282",0.04,3.6947,"0.006058",10.498,4,"=0.03282",0.04,3.6947,"0.006058"
612,"ex612","faces_ex612.lst",3,"Negative binomial","(iii)","(iii)","(iii)",0.0466,0.0679,0.0458,0.0469,0.0473,0.124,0.183,0.123,0.126,0.127,0.0621,0.0915,0.0614,0.063,0.0633,18.745,4,"=0.0008821",0.072,20.905,"6.304e-15",23.286,4,"=0.000111",0.09,21.471,"2.747e-15",23.286,4,"=0.000111",0.09,21.471,"2.747e-15"
613,"ex613","faces_ex613.lst",3,"Negative binomial","(iv)","(iv)","(iii)",0.0845,0.1062,0.0823,0.0822,0.0856,0.228,0.285,0.223,0.222,0.231,0.114,0.142,0.111,0.111,0.116,11.323,4,"=0.02316",0.044,8.9294,"9.152e-07",11.508,4,"=0.02141",0.044,8.3106,"2.567e-06",11.508,4,"=0.02141",0.044,8.3106,"2.567e-06"
614,"ex614","faces_ex614.lst",3,"Negative binomial","(v)","(iii)","(iii)",0.0638,0.0668,0.0554,0.0556,0.0553,0.173,0.177,0.148,0.149,0.149,0.0863,0.0886,0.0742,0.0743,0.0744,13.403,4,"=0.009465",0.052,3.8346,"0.004797",15.36,4,"=0.00401",0.059,3.5102,"0.008237",15.36,4,"=0.00401",0.059,3.5102,"0.008237"
615,"ex615","faces_ex615.lst",3,"Negative binomial","(iii)","(iii)","(iii)",0.045,0.053,0.0433,0.0442,0.0454,0.121,0.142,0.116,0.119,0.122,0.0606,0.071,0.0581,0.0594,0.0612,5.9446,4,"=0.2033",0.023,4.4502,"0.001708",5.2677,4,"=0.2609",0.02,4.3512,"0.002018",5.2677,4,"=0.2609",0.02,4.3512,"0.002018"
616,"ex616","faces_ex616.lst",3,"Negative binomial","(v)","(v)","(v)",0.0756,0.103,0.0749,0.0749,0.0738,0.202,0.276,0.2,0.2,0.197,0.1012,0.1379,0.0999,0.1001,0.0985,15.225,4,"=0.004257",0.059,7.9783,"4.475e-06",14.831,4,"=0.005065",0.057,8.0669,"3.858e-06",14.831,4,"=0.005065",0.057,8.0669,"3.858e-06"
617,"ex617","faces_ex617.lst",3,"Negative binomial","(iv)","(iii)","(iv)",0.0627,0.0775,0.0553,0.0549,0.0557,0.168,0.205,0.147,0.147,0.148,0.0841,0.1024,0.0736,0.0735,0.0742,17.686,4,"=0.001421",0.068,7.6087,"8.313e-06",14.708,4,"=0.005348",0.057,7.1121,"1.915e-05",14.708,4,"=0.005348",0.057,7.1121,"1.915e-05"
618,"ex618","faces_ex618.lst",3,"Negative binomial","(i)","(i)","(i)",0.0353,0.0473,0.0363,0.0369,0.0362,0.0946,0.126,0.0974,0.099,0.0966,0.0473,0.063,0.0487,0.0495,0.0483,4.8862,4,"=0.2992",0.019,7.6342,"7.965e-06",6.2031,4,"=0.1845",0.024,7.4595,"1.068e-05",6.2031,4,"=0.1845",0.024,7.4595,"1.068e-05"
619,"ex619","faces_ex619.lst",3,"Negative binomial","(v)","(v)","(v)",0.0659,0.0947,0.0663,0.0664,0.0655,0.177,0.252,0.179,0.18,0.175,0.0885,0.126,0.0895,0.0898,0.0877,11.348,4,"=0.02292",0.044,6.7025,"3.817e-05",13.354,4,"=0.00967",0.051,6.5061,"5.316e-05",13.354,4,"=0.00967",0.051,6.5061,"5.316e-05"
620,"ex620","faces_ex620.lst",3,"Negative binomial","(iii)","(iii)","(iii)",0.071,0.0854,0.0599,0.0599,0.0606,0.19,0.227,0.16,0.161,0.163,0.0949,0.1133,0.0799,0.0803,0.0815,20,4,"=0.0004994",0.077,4.9598,"0.0007238",17.292,4,"=0.001696",0.067,5.1246,"0.000548",17.292,4,"=0.001696",0.067,5.1246,"0.000548"
621,"ex621","faces_ex621.lst",3,"Negative binomial","(i)","(i)","(i)",0.0412,0.0617,0.0422,0.0421,0.0414,0.11,0.165,0.114,0.114,0.111,0.0552,0.0824,0.0569,0.0568,0.0556,20.332,4,"=0.0004293",0.078,10.697,"4.949e-08",21.945,4,"=0.0002056",0.084,10.523,"6.586e-08",21.945,4,"=0.0002056",0.084,10.523,"6.586e-08"
622,"ex622","faces_ex622.lst",3,"Negative binomial","(v)","(v)","(v)",0.137,0.19,0.141,0.144,0.135,0.363,0.512,0.378,0.388,0.36,0.182,0.256,0.189,0.194,0.18,7.8646,4,"=0.09667",0.03,8.9929,"8.234e-07",7.8892,4,"=0.09572",0.03,9.0915,"6.991e-07",7.8892,4,"=0.09572",0.03,9.0915,"6.991e-07"
623,"ex623","faces_ex623.lst",3,"Negative binomial","(iii)","(i)","(i)",0.103,0.153,0.102,0.104,0.103,0.275,0.413,0.275,0.281,0.277,0.137,0.206,0.137,0.141,0.139,20.172,4,"=0.0004618",0.078,19.472,"5.286e-14",20.197,4,"=0.0004566",0.078,20.086,"2.118e-14",20.197,4,"=0.0004566",0.078,20.086,"2.118e-14"
624,"ex624","faces_ex624.lst",3,"Negative binomial","(iii)","(iii)","(iii)",0.074,0.1106,0.0725,0.077,0.0752,0.2,0.296,0.195,0.208,0.204,0.1002,0.148,0.0975,0.1039,0.102,26.978,4,"=2.008e-05",0.104,10.414,"7.867e-08",30.265,4,"=4.323e-06",0.116,10.576,"6.032e-08",30.265,4,"=4.323e-06",0.116,10.576,"6.032e-08"
625,"ex625","faces_ex625.lst",3,"Negative binomial","(iii)","(iii)","(iii)",0.149,0.181,0.143,0.144,0.15,0.401,0.485,0.382,0.387,0.406,0.201,0.243,0.191,0.194,0.203,10.129,4,"=0.03831",0.039,3.8876,"0.004391",12.874,4,"=0.01191",0.05,3.946,"0.003982",12.874,4,"=0.01191",0.05,3.946,"0.003982"
626,"ex626","faces_ex626.lst",3,"Negative binomial","(i)","(i)","(i)",0.0973,0.1233,0.0973,0.0994,0.0986,0.26,0.332,0.261,0.267,0.264,0.13,0.166,0.131,0.134,0.132,7.0769,4,"=0.1319",0.027,7.5705,"8.865e-06",11.84,4,"=0.01858",0.046,7.7647,"6.4e-06",11.84,4,"=0.01858",0.046,7.7647,"6.4e-06"
627,"ex627","faces_ex627.lst",3,"Negative binomial","(iii)","(iii)","(iii)",0.0887,0.1002,0.0821,0.0823,0.0867,0.24,0.268,0.221,0.221,0.234,0.12,0.134,0.11,0.11,0.117,9.8708,4,"=0.04266",0.038,4.8938,"0.0008091",8.4308,4,"=0.07701",0.032,4.5812,"0.00137",8.4308,4,"=0.07701",0.032,4.5812,"0.00137"
628,"ex628","faces_ex628.lst",3,"Negative binomial","(v)","(iii)","(iii)",0.142,0.172,0.142,0.143,0.141,0.383,0.461,0.377,0.384,0.38,0.192,0.231,0.189,0.192,0.19,3.5692,4,"=0.4674",0.014,3.7519,"0.005508",4.1108,4,"=0.3912",0.016,3.6893,"0.006113",4.1108,4,"=0.3912",0.016,3.6893,"0.006113"
629,"ex629","faces_ex629.lst",3,"Negative binomial","(i)","(iv)","(iv)",0.103,0.146,0.104,0.103,0.103,0.278,0.392,0.281,0.276,0.281,0.139,0.196,0.141,0.138,0.14,12.222,4,"=0.01578",0.047,17.647,"8.321e-13",8.9969,4,"=0.06118",0.035,16.211,"7.559e-12",8.9969,4,"=0.06118",0.035,16.211,"7.559e-12"
630,"ex630","faces_ex630.lst",3,"Negative binomial","(iii)","(iii)","(iii)",0.0842,0.1072,0.0799,0.0837,0.0825,0.227,0.289,0.213,0.225,0.222,0.113,0.144,0.107,0.112,0.111,16.16,4,"=0.002812",0.062,14.268,"1.579e-10",16.197,4,"=0.002766",0.062,14.81,"6.72e-11",16.197,4,"=0.002766",0.062,14.81,"6.72e-11"
631,"ex631","faces_ex631.lst",3,"Negative binomial","(i)","(i)","(i)",0.14,0.175,0.144,0.144,0.142,0.377,0.466,0.383,0.386,0.38,0.188,0.233,0.192,0.193,0.19,1.9323,4,"=0.7482",0.007,7.3461,"1.292e-05",1.6862,4,"=0.7932",0.006,6.8284,"3.088e-05",1.6862,4,"=0.7932",0.006,6.8284,"3.088e-05"
632,"ex632","faces_ex632.lst",3,"Negative binomial","(i)","(iv)","(iv)",0.109,0.16,0.111,0.109,0.112,0.294,0.429,0.296,0.292,0.303,0.147,0.214,0.148,0.146,0.151,27.729,4,"=1.415e-05",0.107,11.608,"1.12e-08",29.674,4,"=5.703e-06",0.114,12.021,"5.741e-09",29.674,4,"=5.703e-06",0.114,12.021,"5.741e-09"
633,"ex633","faces_ex633.lst",3,"Negative binomial","(iii)","(iii)","(iii)",0.0782,0.1038,0.0753,0.0784,0.0792,0.211,0.276,0.199,0.207,0.214,0.1057,0.1382,0.0997,0.1036,0.107,23.483,4,"=0.0001014",0.09,12.806,"1.62e-09",23.175,4,"=0.0001168",0.089,13.172,"9.015e-10",23.175,4,"=0.0001168",0.089,13.172,"9.015e-10"
634,"ex634","faces_ex634.lst",3,"Negative binomial","(i)","(i)","(i)",0.128,0.161,0.135,0.134,0.13,0.342,0.432,0.361,0.359,0.35,0.171,0.216,0.181,0.179,0.175,12.468,4,"=0.01419",0.048,5.7959,"0.0001764",10.646,4,"=0.03084",0.041,5.929,"0.0001408",10.646,4,"=0.03084",0.041,5.929,"0.0001408"
635,"ex635","faces_ex635.lst",3,"Negative binomial","(v)","(v)","(v)",0.1013,0.1181,0.0972,0.0989,0.0945,0.273,0.315,0.261,0.265,0.255,0.137,0.158,0.13,0.132,0.128,16.037,4,"=0.00297",0.062,3.5233,"0.008059",18.068,4,"=0.001197",0.069,3.4056,"0.009798",18.068,4,"=0.001197",0.069,3.4056,"0.009798"
636,"ex636","faces_ex636.lst",3,"Negative binomial","(iii)","(iii)","(iii)",0.0734,0.0926,0.0658,0.0692,0.0715,0.2,0.248,0.177,0.187,0.195,0.1,0.1241,0.0887,0.0934,0.0975,21.354,4,"=0.0002694",0.082,11.695,"9.725e-09",18.031,4,"=0.001217",0.069,10.796,"4.208e-08",18.031,4,"=0.001217",0.069,10.796,"4.208e-08"
637,"ex637","faces_ex637.lst",3,"Negative binomial","(i)","(i)","(i)",0.144,0.179,0.151,0.149,0.148,0.383,0.477,0.4,0.397,0.392,0.192,0.239,0.2,0.198,0.196,5.5138,4,"=0.2385",0.021,4.2162,"0.002531",6.1415,4,"=0.1888",0.024,4.5777,"0.001378",6.1415,4,"=0.1888",0.024,4.5777,"0.001378"
638,"ex638","faces_ex638.lst",3,"Negative binomial","(iii)","(v)","(v)",0.114,0.165,0.11,0.11,0.11,0.309,0.443,0.297,0.296,0.294,0.154,0.222,0.149,0.148,0.147,38.905,4,"=7.29e-08",0.15,12.94,"1.307e-09",38.523,4,"=8.74e-08",0.148,12.205,"4.26e-09",38.523,4,"=8.74e-08",0.148,12.205,"4.26e-09"
639,"ex639","faces_ex639.lst",3,"Negative binomial","(iii)","(iii)","(iii)",0.0797,0.1057,0.0734,0.0782,0.0785,0.216,0.282,0.197,0.212,0.213,0.108,0.1411,0.0986,0.1062,0.1066,23.791,4,"=8.797e-05",0.092,14.858,"6.233e-11",21.218,4,"=0.0002866",0.082,13.992,"2.446e-10",21.218,4,"=0.0002866",0.082,13.992,"2.446e-10"
640,"ex640","faces_ex640.lst",3,"Negative binomial","(v)","(v)","(v)",0.136,0.176,0.136,0.136,0.134,0.364,0.466,0.361,0.363,0.357,0.182,0.233,0.181,0.181,0.178,5.4646,4,"=0.2429",0.021,8.8935,"9.715e-07",5.6246,4,"=0.229",0.022,8.959,"8.712e-07",5.6246,4,"=0.229",0.022,8.959,"8.712e-07"
641,"ex641","faces_ex641.lst",3,"Negative binomial","(iii)","(iii)","(iii)",0.0979,0.1369,0.0963,0.0992,0.0967,0.262,0.364,0.257,0.266,0.26,0.131,0.182,0.129,0.133,0.13,17.169,4,"=0.001792",0.066,13.804,"3.296e-10",15.163,4,"=0.004375",0.058,13.313,"7.194e-10",15.163,4,"=0.004375",0.058,13.313,"7.194e-10"
642,"ex642","faces_ex642.lst",3,"Negative binomial","(iii)","(iii)","(iii)",0.068,0.0949,0.0656,0.0681,0.0679,0.184,0.255,0.177,0.183,0.183,0.0919,0.1275,0.0885,0.0917,0.0916,34.252,4,"=6.615e-07",0.132,25.15,"<",30.855,4,"=3.277e-06",0.119,24.08,"<",30.855,4,"=3.277e-06",0.119,24.08,"<"
643,"ex643","faces_ex643.lst",3,"Negative binomial","(v)","(v)","(v)",0.125,0.151,0.118,0.118,0.117,0.332,0.402,0.315,0.316,0.311,0.166,0.201,0.157,0.158,0.155,6.6215,4,"=0.1573",0.025,5.382,"0.0003548",6.3385,4,"=0.1753",0.024,5.5546,"0.0002651",6.3385,4,"=0.1753",0.024,5.5546,"0.0002651"
644,"ex644","faces_ex644.lst",3,"Negative binomial","(iii)","(iii)","(iii)",0.106,0.125,0.102,0.102,0.104,0.285,0.336,0.272,0.273,0.278,0.142,0.168,0.136,0.137,0.139,8.8123,4,"=0.06597",0.034,5.4473,"0.0003178",7.8892,4,"=0.09572",0.03,5.7947,"0.0001767",7.8892,4,"=0.09572",0.03,5.7947,"0.0001767"
645,"ex645","faces_ex645.lst",3,"Negative binomial","(iii)","(iii)","(iii)",0.0772,0.1024,0.0706,0.0727,0.079,0.209,0.273,0.191,0.196,0.214,0.1046,0.1363,0.0953,0.0979,0.1071,25.982,4,"=3.192e-05",0.1,7.4097,"1.161e-05",25.071,4,"=4.869e-05",0.096,7.5994,"8.444e-06",25.071,4,"=4.869e-05",0.096,7.5994,"8.444e-06"
646,"ex646","faces_ex646.lst",3,"Negative binomial","(v)","(v)","(v)",0.131,0.178,0.132,0.132,0.13,0.349,0.475,0.355,0.355,0.347,0.175,0.238,0.178,0.178,0.174,7.6431,4,"=0.1056",0.029,9.5778,"3.122e-07",11.902,4,"=0.0181",0.046,9.9293,"1.747e-07",11.902,4,"=0.0181",0.046,9.9293,"1.747e-07"
647,"ex647","faces_ex647.lst",3,"Negative binomial","(i)","(i)","(i)",0.0846,0.1065,0.0854,0.085,0.0868,0.229,0.289,0.231,0.231,0.236,0.115,0.144,0.116,0.116,0.118,7.4338,4,"=0.1147",0.029,6.0561,"0.0001136",6.1662,4,"=0.1871",0.024,5.998,"0.0001253",6.1662,4,"=0.1871",0.024,5.998,"0.0001253"
648,"ex648","faces_ex648.lst",3,"Negative binomial","(iii)","(iii)","(iii)",0.0712,0.0985,0.0676,0.0725,0.073,0.195,0.264,0.183,0.197,0.2,0.0975,0.132,0.0914,0.0985,0.0998,28.234,4,"=1.118e-05",0.109,7.1517,"1.792e-05",32.246,4,"=1.704e-06",0.124,6.852,"2.967e-05",32.246,4,"=1.704e-06",0.124,6.852,"2.967e-05"
649,"ex649","faces_ex649.lst",3,"Negative binomial","(iii)","(iii)","(iii)",0.082,0.0765,0.0597,0.0607,0.0607,0.22,0.204,0.159,0.162,0.162,0.1099,0.1022,0.0795,0.081,0.0808,9.9446,4,"=0.04137",0.038,4.8606,"0.0008557",14.966,4,"=0.004772",0.058,5.0465,"0.0006252",14.966,4,"=0.004772",0.058,5.0465,"0.0006252"
650,"ex650","faces_ex650.lst",3,"Negative binomial","(iii)","(iii)","(iii)",0.0652,0.0627,0.0413,0.0419,0.0415,0.177,0.168,0.111,0.113,0.111,0.0885,0.0841,0.0556,0.0564,0.0557,26.991,4,"=1.996e-05",0.104,6.6277,"4.331e-05",28.222,4,"=1.125e-05",0.109,6.4193,"6.155e-05",28.222,4,"=1.125e-05",0.109,6.4193,"6.155e-05"
651,"ex651","faces_ex651.lst",3,"Negative binomial","(v)","(v)","(v)",0.0338,0.0338,0.0275,0.0273,0.0269,0.09,0.0905,0.0734,0.0727,0.0718,0.045,0.0453,0.0367,0.0363,0.0359,11.951,4,"=0.01772",0.046,1.2416,"0.2937",13.526,4,"=0.008972",0.052,1.3414,"0.255",13.526,4,"=0.008972",0.052,1.3414,"0.255"
652,"ex652","faces_ex652.lst",3,"Negative binomial","(iv)","(iv)","(iv)",0.0744,0.0665,0.0564,0.0562,0.0566,0.2,0.18,0.152,0.15,0.152,0.1001,0.0898,0.0759,0.0752,0.0761,4.3692,4,"=0.3583",0.017,2.5819,"0.03775",3.1631,4,"=0.5309",0.012,2.5904,"0.03724",3.1631,4,"=0.5309",0.012,2.5904,"0.03724"
653,"ex653","faces_ex653.lst",3,"Negative binomial","(v)","(v)","(v)",0.087,0.0628,0.037,0.0374,0.0369,0.2362,0.1703,0.0988,0.0999,0.0984,0.1181,0.0851,0.0494,0.0499,0.0492,23.163,4,"=0.0001175",0.089,9.9487,"1.692e-07",28.468,4,"=1.003e-05",0.109,10.177,"1.161e-07",28.468,4,"=1.003e-05",0.109,10.177,"1.161e-07"
654,"ex654","faces_ex654.lst",3,"Negative binomial","(iii)","(iii)","(iii)",0.0372,0.0365,0.0286,0.0292,0.029,0.1008,0.0972,0.0763,0.0787,0.0777,0.0504,0.0486,0.0381,0.0393,0.0388,17.083,4,"=0.001862",0.066,1.1257,"0.3448",17.218,4,"=0.001753",0.066,1.054,"0.3799",17.218,4,"=0.001753",0.066,1.054,"0.3799"
655,"ex655","faces_ex655.lst",3,"Negative binomial","(iii)","(iii)","(iii)",0.0736,0.0752,0.0533,0.0544,0.0546,0.197,0.202,0.144,0.148,0.148,0.0987,0.1008,0.0722,0.0738,0.0738,29.612,4,"=5.869e-06",0.114,3.3005,"0.01166",26.794,4,"=2.188e-05",0.103,3.3532,"0.01069",26.794,4,"=2.188e-05",0.103,3.3532,"0.01069"
656,"ex656","faces_ex656.lst",3,"Negative binomial","(iii)","(iii)","(iii)",0.0647,0.0584,0.0364,0.0366,0.0372,0.1761,0.1567,0.0977,0.0983,0.0998,0.0881,0.0783,0.0488,0.0492,0.0499,22.954,4,"=0.0001293",0.088,5.12,"0.0005523",23.015,4,"=0.0001257",0.089,5.2497,"0.0004437",23.015,4,"=0.0001257",0.089,5.2497,"0.0004437"
657,"ex657","faces_ex657.lst",3,"Negative binomial","(iii)","(v)","(v)",0.0439,0.0418,0.0288,0.0292,0.0288,0.1193,0.1134,0.078,0.0791,0.0777,0.0597,0.0567,0.039,0.0396,0.0388,15.729,4,"=0.003405",0.06,2.4043,"0.05021",18.929,4,"=0.0008115",0.073,2.3946,"0.05099",18.929,4,"=0.0008115",0.073,2.3946,"0.05099"
658,"ex658","faces_ex658.lst",3,"Negative binomial","(iii)","(iii)","(iii)",0.0836,0.0578,0.0461,0.0468,0.0466,0.225,0.155,0.124,0.126,0.125,0.1126,0.0776,0.062,0.0628,0.0624,10.462,4,"=0.03333",0.04,5.0558,"0.0006155",5.44,4,"=0.2451",0.021,5.0766,"0.0005943",5.44,4,"=0.2451",0.021,5.0766,"0.0005943"
659,"ex659","faces_ex659.lst",3,"Negative binomial","(iv)","(iv)","(iv)",0.0845,0.0583,0.0348,0.0345,0.0349,0.2303,0.1558,0.0937,0.0926,0.0938,0.1152,0.0779,0.0468,0.0463,0.0469,24.763,4,"=5.614e-05",0.095,8.573,"1.657e-06",23.422,4,"=0.0001043",0.09,8.7971,"1.14e-06",23.422,4,"=0.0001043",0.09,8.7971,"1.14e-06"
660,"ex660","faces_ex660.lst",3,"Negative binomial","(v)","(v)","(v)",0.0332,0.0397,0.0286,0.0285,0.0284,0.088,0.1064,0.0757,0.0756,0.0754,0.044,0.0532,0.0379,0.0378,0.0377,3.4215,4,"=0.4899",0.013,1.2454,"0.2922",7.8892,4,"=0.09572",0.03,1.3399,"0.2556",7.8892,4,"=0.09572",0.03,1.3399,"0.2556"
661,"ex661","faces_ex661.lst",3,"Negative binomial","(iii)","(iii)","(iii)",0.058,0.0643,0.047,0.0478,0.0475,0.154,0.173,0.125,0.128,0.126,0.0772,0.0863,0.0625,0.0638,0.0632,26.991,4,"=1.996e-05",0.104,4.1255,"0.002948",37.982,4,"=1.13e-07",0.146,4.336,"0.00207",37.982,4,"=1.13e-07",0.146,4.336,"0.00207"
662,"ex662","faces_ex662.lst",3,"Negative binomial","(iii)","(v)","(v)",0.1008,0.0724,0.0426,0.0429,0.0427,0.274,0.194,0.116,0.117,0.115,0.1368,0.0971,0.0578,0.0583,0.0577,6.9662,4,"=0.1377",0.027,7.5354,"9.402e-06",6.4,4,"=0.1712",0.025,7.7908,"6.126e-06",6.4,4,"=0.1712",0.025,7.7908,"6.126e-06"
663,"ex663","faces_ex663.lst",3,"Negative binomial","(iii)","(iii)","(iii)",0.0222,0.0322,0.022,0.0222,0.022,0.0604,0.0869,0.0598,0.0603,0.0598,0.0302,0.0434,0.0299,0.0302,0.0299,24.455,4,"=6.472e-05",0.094,18.707,"1.667e-13",26.498,4,"=2.51e-05",0.102,18.846,"1.352e-13",26.498,4,"=2.51e-05",0.102,18.846,"1.352e-13"
664,"ex664","faces_ex664.lst",3,"Negative binomial","(iv)","(iv)","(iv)",0.0639,0.0694,0.0502,0.05,0.0502,0.173,0.186,0.135,0.134,0.134,0.0866,0.0931,0.0674,0.067,0.0672,10.252,4,"=0.03639",0.039,3.1491,"0.01497",8.9231,4,"=0.06305",0.034,3.0538,"0.01751",8.9231,4,"=0.06305",0.034,3.0538,"0.01751"
665,"ex665","faces_ex665.lst",3,"Negative binomial","(iii)","(iii)","(iii)",0.0831,0.0434,0.0343,0.0344,0.0348,0.2247,0.1163,0.0916,0.0921,0.0937,0.1124,0.0582,0.0458,0.0461,0.0468,14.917,4,"=0.004877",0.057,9.6292,"2.868e-07",8.1477,4,"=0.08632",0.031,9.9774,"1.614e-07",8.1477,4,"=0.08632",0.031,9.9774,"1.614e-07"
666,"ex666","faces_ex666.lst",3,"Negative binomial","(iv)","(iv)","(iv)",0.0383,0.0333,0.0233,0.0231,0.0232,0.1038,0.0902,0.0629,0.0622,0.0625,0.0519,0.0451,0.0315,0.0311,0.0313,19.68,4,"=0.0005775",0.076,2.0219,"0.09182",22.757,4,"=0.0001416",0.088,2.0004,"0.09494",22.757,4,"=0.0001416",0.088,2.0004,"0.09494"
667,"ex667","faces_ex667.lst",3,"Negative binomial","(iv)","(iii)","(iv)",0.0811,0.0724,0.0454,0.0452,0.0454,0.217,0.193,0.122,0.122,0.122,0.1086,0.0964,0.0612,0.061,0.0611,8.0615,4,"=0.08935",0.031,4.3486,"0.002027",11.089,4,"=0.02558",0.043,4.4375,"0.001745",11.089,4,"=0.02558",0.043,4.4375,"0.001745"
668,"ex668","faces_ex668.lst",3,"Negative binomial","(iii)","(iii)","(iii)",0.083,0.058,0.032,0.0323,0.0324,0.2269,0.1558,0.086,0.0869,0.0874,0.1135,0.0779,0.043,0.0435,0.0437,11.975,4,"=0.01754",0.046,6.9602,"2.473e-05",15.003,4,"=0.004695",0.058,7.2351,"1.557e-05",15.003,4,"=0.004695",0.058,7.2351,"1.557e-05"
669,"ex669","faces_ex669.lst",3,"Negative binomial","(iii)","(iii)","(iii)",0.0242,0.036,0.0237,0.0241,0.0242,0.0654,0.0973,0.0637,0.0648,0.0652,0.0327,0.0486,0.0319,0.0324,0.0326,14.412,4,"=0.006089",0.055,3.266,"0.01234",13.674,4,"=0.008412",0.053,3.2335,"0.01302",13.674,4,"=0.008412",0.053,3.2335,"0.01302"
670,"ex670","faces_ex670.lst",3,"Negative binomial","(iii)","(iii)","(iii)",0.0912,0.0568,0.0483,0.0483,0.0484,0.244,0.152,0.13,0.13,0.13,0.122,0.076,0.0649,0.0649,0.0651,7.4831,4,"=0.1125",0.029,6.0365,"0.0001175",6.2154,4,"=0.1836",0.024,6.3255,"7.21e-05",6.2154,4,"=0.1836",0.024,6.3255,"7.21e-05"
671,"ex671","faces_ex671.lst",3,"Negative binomial","(iii)","(iii)","(iii)",0.0803,0.0578,0.0326,0.0326,0.0328,0.2207,0.1553,0.0879,0.0881,0.0883,0.1103,0.0776,0.044,0.044,0.0442,7.7415,4,"=0.1015",0.03,7.476,"1.039e-05",7.3231,4,"=0.1198",0.028,7.7695,"6.349e-06",7.3231,4,"=0.1198",0.028,7.7695,"6.349e-06"
672,"ex672","faces_ex672.lst",3,"Negative binomial","(iii)","(iii)","(iii)",0.0314,0.0417,0.0232,0.0232,0.0234,0.0858,0.1103,0.0622,0.0623,0.0629,0.0429,0.0551,0.0311,0.0311,0.0314,18.523,4,"=0.0009749",0.071,1.7019,"0.15",18.302,4,"=0.001077",0.07,1.6705,"0.1573",18.302,4,"=0.001077",0.07,1.6705,"0.1573"
673,"ex673","faces_ex673.lst",3,"Negative binomial","(iii)","(iii)","(v)",0.0799,0.0526,0.0409,0.0411,0.0409,0.214,0.141,0.11,0.111,0.11,0.107,0.0705,0.0552,0.0555,0.0551,9.8338,4,"=0.04332",0.038,6.2244,"8.552e-05",11.852,4,"=0.01848",0.046,6.4204,"6.143e-05",11.852,4,"=0.01848",0.046,6.4204,"6.143e-05"
674,"ex674","faces_ex674.lst",3,"Negative binomial","(iii)","(iii)","(iii)",0.0957,0.0496,0.0319,0.0321,0.0321,0.2623,0.1345,0.0864,0.0869,0.0872,0.1311,0.0672,0.0432,0.0435,0.0436,17.698,4,"=0.001413",0.068,14.63,"8.919e-11",16.012,4,"=0.003003",0.062,14.736,"7.55e-11",16.012,4,"=0.003003",0.062,14.736,"7.55e-11"
675,"ex675","faces_ex675.lst",3,"Negative binomial","(iii)","(iii)","(iii)",0.0337,0.0385,0.0238,0.0238,0.024,0.0901,0.1032,0.0638,0.064,0.0645,0.045,0.0516,0.0319,0.032,0.0323,13.6,4,"=0.008687",0.052,1.5239,"0.1956",14.092,4,"=0.007006",0.054,1.5273,"0.1947",14.092,4,"=0.007006",0.054,1.5273,"0.1947"
676,"ex676","faces_ex676.lst",3,"Negative binomial","(iii)","(iii)","(iii)",0.0849,0.1096,0.0827,0.084,0.0827,0.228,0.293,0.221,0.226,0.221,0.114,0.147,0.11,0.113,0.11,8,4,"=0.09158",0.031,5.394,"0.0003477",7.9015,4,"=0.09525",0.03,5.3518,"0.0003734",7.9015,4,"=0.09525",0.03,5.3518,"0.0003734"
677,"ex677","faces_ex677.lst",3,"Negative binomial","(iii)","(iii)","(iii)",0.0547,0.1141,0.0546,0.0555,0.0557,0.147,0.302,0.146,0.149,0.15,0.0733,0.1508,0.0731,0.0746,0.0752,12.714,4,"=0.01276",0.049,11.466,"1.411e-08",11.028,4,"=0.02625",0.042,11.631,"1.079e-08",11.028,4,"=0.02625",0.042,11.631,"1.079e-08"
678,"ex678","faces_ex678.lst",3,"Negative binomial","(iii)","(iii)","(iii)",0.0449,0.0572,0.0427,0.0434,0.0443,0.122,0.154,0.116,0.118,0.121,0.0612,0.077,0.0579,0.0588,0.0603,15.594,4,"=0.003616",0.06,9.8648,"1.944e-07",16.714,4,"=0.002197",0.064,9.1195,"6.673e-07",16.714,4,"=0.002197",0.064,9.1195,"6.673e-07"
679,"ex679","faces_ex679.lst",3,"Negative binomial","(v)","(v)","(v)",0.0856,0.1069,0.0771,0.0777,0.0769,0.232,0.286,0.209,0.211,0.208,0.116,0.143,0.105,0.105,0.104,9.0954,4,"=0.05876",0.035,4.32,"0.002127",11.582,4,"=0.02075",0.045,3.9887,"0.003707",11.582,4,"=0.02075",0.045,3.9887,"0.003707"
680,"ex680","faces_ex680.lst",3,"Negative binomial","(iii)","(iii)","(iii)",0.0782,0.0982,0.0602,0.0606,0.0618,0.211,0.262,0.161,0.163,0.165,0.1053,0.1312,0.0805,0.0814,0.0826,11.975,4,"=0.01754",0.046,5.213,"0.000472",12.714,4,"=0.01276",0.049,5.2507,"0.0004429",12.714,4,"=0.01276",0.049,5.2507,"0.0004429"
681,"ex681","faces_ex681.lst",3,"Negative binomial","(i)","(iii)","(iii)",0.0342,0.052,0.0343,0.0348,0.0354,0.0922,0.1409,0.092,0.0939,0.0961,0.0461,0.0705,0.046,0.0469,0.0481,16.418,4,"=0.002506",0.063,15.587,"1.991e-11",16.702,4,"=0.002209",0.064,15.998,"1.052e-11",16.702,4,"=0.002209",0.064,15.998,"1.052e-11"
682,"ex682","faces_ex682.lst",3,"Negative binomial","(iii)","(iii)","(iii)",0.0852,0.135,0.0811,0.0825,0.0816,0.231,0.358,0.217,0.222,0.221,0.116,0.179,0.108,0.111,0.11,38.314,4,"=9.653e-08",0.147,17.938,"5.345e-13",34.843,4,"=5.003e-07",0.134,17.724,"7.402e-13",34.843,4,"=5.003e-07",0.134,17.724,"7.402e-13"
683,"ex683","faces_ex683.lst",3,"Negative binomial","(iii)","(iii)","(iii)",0.066,0.0872,0.0552,0.0557,0.057,0.178,0.231,0.147,0.149,0.153,0.0889,0.1157,0.0736,0.0744,0.0764,15.852,4,"=0.003224",0.061,7.2575,"1.5e-05",20.234,4,"=0.000449",0.078,7.0764,"2.034e-05",20.234,4,"=0.000449",0.078,7.0764,"2.034e-05"
684,"ex684","faces_ex684.lst",3,"Negative binomial","(iv)","(iv)","(iv)",0.0424,0.0626,0.0424,0.0414,0.042,0.115,0.17,0.114,0.112,0.114,0.0573,0.0851,0.0571,0.056,0.0568,2.1662,4,"=0.7052",0.008,4.6059,"0.001314",4,4,"=0.406",0.015,4.3409,"0.002053",4,4,"=0.406",0.015,4.3409,"0.002053"
685,"ex685","faces_ex685.lst",3,"Negative binomial","(iii)","(iii)","(iii)",0.0792,0.1274,0.0699,0.0707,0.0699,0.213,0.344,0.188,0.189,0.188,0.1064,0.1719,0.0938,0.0947,0.0939,33.292,4,"=1.041e-06",0.128,12.533,"2.513e-09",31.545,4,"=2.37e-06",0.121,12.508,"2.613e-09",31.545,4,"=2.37e-06",0.121,12.508,"2.613e-09"
686,"ex686","faces_ex686.lst",3,"Negative binomial","(iv)","(iii)","(iv)",0.0683,0.0663,0.0478,0.0477,0.048,0.185,0.178,0.128,0.128,0.129,0.0927,0.0889,0.0642,0.0641,0.0644,16.923,4,"=0.002001",0.065,6.6874,"3.916e-05",18.228,4,"=0.001114",0.07,6.5342,"5.07e-05",18.228,4,"=0.001114",0.07,6.5342,"5.07e-05"
687,"ex687","faces_ex687.lst",3,"Negative binomial","(iii)","(iii)","(iii)",0.0457,0.0661,0.0446,0.045,0.0456,0.123,0.178,0.119,0.12,0.122,0.0616,0.0888,0.0595,0.0601,0.0612,19.04,4,"=0.0007718",0.073,14.921,"5.643e-11",24.578,4,"=6.114e-05",0.095,15.037,"4.708e-11",24.578,4,"=6.114e-05",0.095,15.037,"4.708e-11"
688,"ex688","faces_ex688.lst",3,"Negative binomial","(v)","(v)","(v)",0.1055,0.1137,0.0808,0.081,0.0793,0.28,0.305,0.216,0.216,0.212,0.14,0.152,0.108,0.108,0.106,16.529,4,"=0.002385",0.064,5.109,"0.0005627",15.274,4,"=0.004166",0.059,5.3638,"0.0003659",15.274,4,"=0.004166",0.059,5.3638,"0.0003659"
689,"ex689","faces_ex689.lst",3,"Negative binomial","(iii)","(iii)","(iii)",0.0687,0.076,0.0531,0.0537,0.0533,0.185,0.203,0.141,0.143,0.141,0.0927,0.1017,0.0704,0.0716,0.0706,23.188,4,"=0.0001161",0.089,5.0591,"0.0006121",24.948,4,"=5.154e-05",0.096,5.0945,"0.0005766",24.948,4,"=5.154e-05",0.096,5.0945,"0.0005766"
690,"ex690","faces_ex690.lst",3,"Negative binomial","(iii)","(iii)","(iii)",0.0368,0.0558,0.036,0.0383,0.0377,0.1,0.149,0.098,0.105,0.102,0.05,0.0745,0.049,0.0523,0.0512,23.618,4,"=9.524e-05",0.091,8.5345,"1.766e-06",22.548,4,"=0.0001559",0.087,7.9873,"4.408e-06",22.548,4,"=0.0001559",0.087,7.9873,"4.408e-06"
691,"ex691","faces_ex691.lst",3,"Negative binomial","(v)","(v)","(v)",0.0914,0.1139,0.0799,0.0803,0.0779,0.245,0.303,0.213,0.214,0.208,0.123,0.151,0.106,0.107,0.104,26.375,4,"=2.658e-05",0.101,6.0336,"0.000118",24.603,4,"=6.045e-05",0.095,5.8043,"0.0001739",24.603,4,"=6.045e-05",0.095,5.8043,"0.0001739"
692,"ex692","faces_ex692.lst",3,"Negative binomial","(iii)","(iii)","(iii)",0.0912,0.0761,0.057,0.0575,0.0578,0.248,0.203,0.152,0.154,0.155,0.1242,0.1016,0.0762,0.0769,0.0773,11.889,4,"=0.01819",0.046,8.1555,"3.326e-06",12.197,4,"=0.01595",0.047,8.3038,"2.596e-06",12.197,4,"=0.01595",0.047,8.3038,"2.596e-06"
693,"ex693","faces_ex693.lst",3,"Negative binomial","(iii)","(iii)","(iii)",0.0361,0.0594,0.034,0.0351,0.0362,0.097,0.1594,0.0917,0.094,0.0979,0.0485,0.0797,0.0458,0.047,0.0489,45.329,4,"=3.396e-09",0.174,30.865,"<",45.132,4,"=3.732e-09",0.174,30.7,"<",45.132,4,"=3.732e-09",0.174,30.7,"<"
694,"ex694","faces_ex694.lst",3,"Negative binomial","(v)","(iii)","(iii)",0.0936,0.0964,0.0762,0.0766,0.0757,0.251,0.26,0.204,0.206,0.204,0.126,0.13,0.102,0.103,0.102,3.6185,4,"=0.4601",0.014,2.7534,"0.0286",4.5169,4,"=0.3405",0.017,2.9098,"0.02217",4.5169,4,"=0.3405",0.017,2.9098,"0.02217"
695,"ex695","faces_ex695.lst",3,"Negative binomial","(v)","(v)","(v)",0.0881,0.0803,0.0599,0.0606,0.0595,0.239,0.214,0.16,0.161,0.159,0.1193,0.107,0.0798,0.0807,0.0797,9.5508,4,"=0.04871",0.037,7.7026,"7.102e-06",8.6523,4,"=0.0704",0.033,7.7463,"6.6e-06",8.6523,4,"=0.0704",0.033,7.7463,"6.6e-06"
696,"ex696","faces_ex696.lst",3,"Negative binomial","(iii)","(iii)","(iii)",0.036,0.0494,0.0355,0.0357,0.0358,0.098,0.1333,0.0951,0.0959,0.0976,0.049,0.0667,0.0475,0.048,0.0488,23.938,4,"=8.218e-05",0.092,14.595,"9.421e-11",27.298,4,"=1.73e-05",0.105,13.96,"2.574e-10",27.298,4,"=1.73e-05",0.105,13.96,"2.574e-10"
697,"ex697","faces_ex697.lst",3,"Negative binomial","(iv)","(iii)","(iv)",0.0891,0.099,0.0777,0.0775,0.0778,0.239,0.267,0.209,0.209,0.209,0.119,0.133,0.105,0.104,0.105,6.5846,4,"=0.1595",0.025,3.8058,"0.005034",6.1415,4,"=0.1888",0.024,4.0266,"0.003479",6.1415,4,"=0.1888",0.024,4.0266,"0.003479"
698,"ex698","faces_ex698.lst",3,"Negative binomial","(iii)","(iii)","(iii)",0.0618,0.0695,0.0501,0.0505,0.0503,0.167,0.188,0.134,0.136,0.135,0.0836,0.0939,0.0672,0.0679,0.0674,20.997,4,"=0.0003171",0.081,5.9337,"0.0001397",22.449,4,"=0.0001631",0.086,5.9024,"0.0001473",22.449,4,"=0.0001631",0.086,5.9024,"0.0001473"
699,"ex699","faces_ex699.lst",3,"Negative binomial","(iii)","(iv)","(iv)",0.0349,0.0692,0.0341,0.0341,0.0349,0.0943,0.1851,0.0915,0.0913,0.0945,0.0471,0.0925,0.0458,0.0457,0.0473,33.022,4,"=1.182e-06",0.127,8.7731,"1.187e-06",29.083,4,"=7.519e-06",0.112,8.8891,"9.787e-07",29.083,4,"=7.519e-06",0.112,8.8891,"9.787e-07"
700,"ex700","faces_ex700.lst",3,"Negative binomial","(v)","(v)","(v)",0.0936,0.1047,0.0789,0.079,0.0788,0.251,0.28,0.211,0.212,0.21,0.125,0.14,0.106,0.106,0.105,4.3938,4,"=0.3553",0.017,4.1021,"0.003066",3.8277,4,"=0.4298",0.015,4.1211,"0.00297",3.8277,4,"=0.4298",0.015,4.1211,"0.00297"
701,"ex701","faces_ex701.lst",3,"Negative binomial","(iii)","(iii)","(iii)",0.0748,0.0788,0.0564,0.057,0.0566,0.203,0.208,0.15,0.152,0.151,0.1013,0.1041,0.0752,0.0759,0.0754,23.015,4,"=0.0001257",0.089,6.5718,"4.758e-05",25.108,4,"=4.786e-05",0.097,6.2012,"8.893e-05",25.108,4,"=4.786e-05",0.097,6.2012,"8.893e-05"
702,"ex702","faces_ex702.lst",3,"Negative binomial","(iii)","(iii)","(iii)",0.037,0.0519,0.0347,0.0356,0.0365,0.0994,0.1389,0.0934,0.0963,0.0982,0.0497,0.0694,0.0467,0.0482,0.0491,24.505,4,"=6.327e-05",0.094,15.603,"1.942e-11",23.938,4,"=8.218e-05",0.092,15.027,"4.783e-11",23.938,4,"=8.218e-05",0.092,15.027,"4.783e-11"
703,"ex703","faces_ex703.lst",3,"Negative binomial","(v)","(v)","(v)",0.129,0.162,0.128,0.127,0.125,0.345,0.428,0.342,0.34,0.335,0.173,0.214,0.171,0.17,0.168,6.4862,4,"=0.1657",0.025,7.5173,"9.693e-06",2.1908,4,"=0.7007",0.008,7.0237,"2.222e-05",2.1908,4,"=0.7007",0.008,7.0237,"2.222e-05"
704,"ex704","faces_ex704.lst",3,"Negative binomial","(iv)","(iv)","(iv)",0.0899,0.1304,0.0952,0.089,0.0904,0.242,0.345,0.252,0.236,0.243,0.121,0.173,0.126,0.118,0.122,27.52,4,"=1.56e-05",0.106,14.422,"1.239e-10",29.932,4,"=5.052e-06",0.115,14.201,"1.755e-10",29.932,4,"=5.052e-06",0.115,14.201,"1.755e-10"
705,"ex705","faces_ex705.lst",3,"Negative binomial","(iii)","(iii)","(iii)",0.0747,0.1043,0.0745,0.0747,0.0758,0.201,0.282,0.198,0.202,0.205,0.1006,0.141,0.0989,0.1008,0.1026,28.628,4,"=9.304e-06",0.11,17.631,"8.526e-13",28.246,4,"=1.112e-05",0.109,18.122,"4.039e-13",28.246,4,"=1.112e-05",0.109,18.122,"4.039e-13"
706,"ex706","faces_ex706.lst",3,"Negative binomial","(i)","(i)","(i)",0.123,0.185,0.13,0.127,0.135,0.331,0.503,0.349,0.342,0.361,0.165,0.252,0.175,0.171,0.181,8.0615,4,"=0.08935",0.031,7.2959,"1.406e-05",7.04,4,"=0.1338",0.027,7.3752,"1.23e-05",7.04,4,"=0.1338",0.027,7.3752,"1.23e-05"
707,"ex707","faces_ex707.lst",3,"Negative binomial","(iv)","(iv)","(iv)",0.112,0.144,0.11,0.108,0.108,0.304,0.384,0.294,0.289,0.292,0.152,0.192,0.147,0.144,0.146,16.997,4,"=0.001936",0.065,10.418,"7.82e-08",15.311,4,"=0.004098",0.059,10.056,"1.419e-07",15.311,4,"=0.004098",0.059,10.056,"1.419e-07"
708,"ex708","faces_ex708.lst",3,"Negative binomial","(iii)","(iii)","(iii)",0.0846,0.1021,0.0754,0.0785,0.0835,0.228,0.271,0.203,0.211,0.226,0.114,0.135,0.101,0.105,0.113,10.806,4,"=0.02883",0.042,7.4303,"1.122e-05",13.378,4,"=0.009567",0.051,6.5907,"4.61e-05",13.378,4,"=0.009567",0.051,6.5907,"4.61e-05"
709,"ex709","faces_ex709.lst",3,"Negative binomial","(i)","(v)","(v)",0.131,0.162,0.133,0.132,0.131,0.35,0.435,0.355,0.353,0.349,0.175,0.218,0.178,0.176,0.174,8.6892,4,"=0.06935",0.033,4.3073,"0.002172",7.84,4,"=0.09762",0.03,4.641,"0.001239",7.84,4,"=0.09762",0.03,4.641,"0.001239"
710,"ex710","faces_ex710.lst",3,"Negative binomial","(iv)","(iv)","(iv)",0.1005,0.1048,0.0962,0.0952,0.0969,0.271,0.283,0.257,0.255,0.261,0.135,0.141,0.129,0.127,0.13,3.2985,4,"=0.5092",0.013,0.9422,"0.44",3.3846,4,"=0.4956",0.013,1.1107,"0.3519",3.3846,4,"=0.4956",0.013,1.1107,"0.3519"
711,"ex711","faces_ex711.lst",3,"Negative binomial","(iii)","(iii)","(iii)",0.0805,0.1178,0.0769,0.0797,0.0795,0.217,0.317,0.204,0.212,0.213,0.108,0.158,0.102,0.106,0.107,22.08,4,"=0.0001932",0.085,13.129,"9.655e-10",24.086,4,"=7.676e-05",0.093,13.107,"1e-09",24.086,4,"=7.676e-05",0.093,13.107,"1e-09"
712,"ex712","faces_ex712.lst",3,"Negative binomial","(i)","(i)","(i)",0.12,0.181,0.123,0.124,0.122,0.322,0.485,0.332,0.333,0.327,0.161,0.243,0.166,0.166,0.164,9.5138,4,"=0.04946",0.037,11.765,"8.676e-09",8.4062,4,"=0.07778",0.032,11.477,"1.386e-08",8.4062,4,"=0.07778",0.032,11.477,"1.386e-08"
713,"ex713","faces_ex713.lst",3,"Negative binomial","(i)","(i)","(i)",0.0959,0.1436,0.0993,0.0994,0.0985,0.259,0.386,0.268,0.268,0.266,0.13,0.193,0.134,0.134,0.133,20.517,4,"=0.0003947",0.079,15.711,"1.642e-11",20.837,4,"=0.0003411",0.08,14.962,"5.296e-11",20.837,4,"=0.0003411",0.08,14.962,"5.296e-11"
714,"ex714","faces_ex714.lst",3,"Negative binomial","(i)","(i)","(i)",0.0705,0.1179,0.0709,0.0724,0.0734,0.189,0.315,0.19,0.194,0.198,0.0947,0.1575,0.0951,0.0971,0.0989,21.317,4,"=0.000274",0.082,11.14,"2.397e-08",24.542,4,"=6.22e-05",0.094,11.171,"2.281e-08",24.542,4,"=6.22e-05",0.094,11.171,"2.281e-08"
715,"ex715","faces_ex715.lst",3,"Negative binomial","(i)","(i)","(i)",0.128,0.167,0.132,0.131,0.133,0.341,0.447,0.354,0.353,0.355,0.17,0.223,0.177,0.176,0.178,9.4769,4,"=0.05022",0.036,4.2944,"0.00222",7.4338,4,"=0.1147",0.029,4.1194,"0.002978",7.4338,4,"=0.1147",0.029,4.1194,"0.002978"
716,"ex716","faces_ex716.lst",3,"Negative binomial","(iii)","(iii)","(iii)",0.115,0.127,0.109,0.109,0.111,0.308,0.336,0.289,0.291,0.297,0.154,0.168,0.145,0.145,0.148,7.0769,4,"=0.1319",0.027,2.2703,"0.06215",7.2246,4,"=0.1245",0.028,2.2088,"0.06849",7.2246,4,"=0.1245",0.028,2.2088,"0.06849"
717,"ex717","faces_ex717.lst",3,"Negative binomial","(iii)","(iii)","(iii)",0.0691,0.1017,0.0624,0.0673,0.0801,0.187,0.273,0.168,0.182,0.218,0.0936,0.1363,0.0842,0.0909,0.1089,16.246,4,"=0.002706",0.062,5.4734,"0.0003041",15.692,4,"=0.003461",0.06,5.0055,"0.0006701",15.692,4,"=0.003461",0.06,5.0055,"0.0006701"
718,"ex718","faces_ex718.lst",3,"Negative binomial","(i)","(i)","(i)",0.123,0.169,0.13,0.128,0.126,0.329,0.455,0.347,0.343,0.337,0.165,0.228,0.174,0.172,0.169,14.868,4,"=0.004984",0.057,9.2681,"5.215e-07",12.492,4,"=0.01404",0.048,9.771,"2.269e-07",12.492,4,"=0.01404",0.048,9.771,"2.269e-07"
719,"ex719","faces_ex719.lst",3,"Negative binomial","(i)","(i)","(i)",0.0984,0.1423,0.1023,0.1025,0.1009,0.262,0.381,0.273,0.274,0.268,0.131,0.19,0.137,0.137,0.134,22.978,4,"=0.0001279",0.088,13.238,"8.118e-10",23.028,4,"=0.000125",0.089,12.769,"1.719e-09",23.028,4,"=0.000125",0.089,12.769,"1.719e-09"
720,"ex720","faces_ex720.lst",3,"Negative binomial","(iii)","(iii)","(iii)",0.0836,0.1004,0.077,0.0825,0.0925,0.226,0.273,0.205,0.223,0.251,0.113,0.136,0.103,0.111,0.126,11.729,4,"=0.01948",0.045,3.6866,"0.006141",13.046,4,"=0.01105",0.05,3.9709,"0.003819",13.046,4,"=0.01105",0.05,3.9709,"0.003819"
721,"ex721","faces_ex721.lst",3,"Negative binomial","(i)","(i)","(i)",0.125,0.167,0.132,0.131,0.128,0.334,0.445,0.354,0.352,0.342,0.167,0.223,0.177,0.176,0.171,7.6923,4,"=0.1035",0.03,6.6377,"4.258e-05",17.145,4,"=0.001812",0.066,6.5705,"4.769e-05",17.145,4,"=0.001812",0.066,6.5705,"4.769e-05"
722,"ex722","faces_ex722.lst",3,"Negative binomial","(i)","(i)","(i)",0.0947,0.1336,0.0994,0.0998,0.096,0.255,0.357,0.267,0.269,0.258,0.127,0.179,0.133,0.134,0.129,21.218,4,"=0.0002866",0.082,8.2171,"3.001e-06",19.163,4,"=0.00073",0.074,8.6558,"1.443e-06",19.163,4,"=0.00073",0.074,8.6558,"1.443e-06"
723,"ex723","faces_ex723.lst",3,"Negative binomial","(iii)","(iii)","(iii)",0.0778,0.1091,0.0734,0.0753,0.0788,0.211,0.292,0.198,0.204,0.214,0.106,0.146,0.099,0.102,0.107,36.837,4,"=1.946e-07",0.142,14.767,"7.197e-11",37.206,4,"=1.633e-07",0.143,14.458,"1.17e-10",37.206,4,"=1.633e-07",0.143,14.458,"1.17e-10"
724,"ex724","faces_ex724.lst",3,"Negative binomial","(i)","(iv)","(i)",0.123,0.168,0.125,0.123,0.123,0.326,0.45,0.329,0.325,0.327,0.163,0.225,0.165,0.163,0.164,13.822,4,"=0.007887",0.053,11.31,"1.819e-08",13.514,4,"=0.00902",0.052,11.763,"8.714e-09",13.514,4,"=0.00902",0.052,11.763,"8.714e-09"
725,"ex725","faces_ex725.lst",3,"Negative binomial","(i)","(iii)","(iii)",0.09,0.1319,0.0903,0.0933,0.0918,0.244,0.355,0.243,0.251,0.248,0.122,0.177,0.121,0.126,0.124,19.84,4,"=0.0005371",0.076,15.805,"1.419e-11",23.212,4,"=0.0001148",0.089,15.487,"2.328e-11",23.212,4,"=0.0001148",0.089,15.487,"2.328e-11"
726,"ex726","faces_ex726.lst",3,"Negative binomial","(iii)","(iii)","(iii)",0.0806,0.1066,0.0748,0.0785,0.0784,0.22,0.287,0.201,0.212,0.214,0.11,0.144,0.1,0.106,0.107,27.594,4,"=1.507e-05",0.106,13.614,"4.458e-10",27.68,4,"=1.448e-05",0.106,13.626,"4.371e-10",27.68,4,"=1.448e-05",0.106,13.626,"4.371e-10"
727,"ex727","faces_ex727.lst",3,"Negative binomial","(i)","(i)","(i)",0.144,0.173,0.146,0.146,0.157,0.385,0.466,0.388,0.39,0.421,0.192,0.233,0.194,0.195,0.21,0.97231,4,"=0.914",0.004,2.5014,"0.04298",1.4646,4,"=0.8329",0.006,2.8635,"0.02391",1.4646,4,"=0.8329",0.006,2.8635,"0.02391"
728,"ex728","faces_ex728.lst",3,"Negative binomial","(iv)","(iv)","(iv)",0.0929,0.109,0.0901,0.0888,0.089,0.251,0.294,0.242,0.238,0.24,0.125,0.147,0.121,0.119,0.12,12.738,4,"=0.01263",0.049,4.3399,"0.002057",12.455,4,"=0.01427",0.048,4.3462,"0.002035",12.455,4,"=0.01427",0.048,4.3462,"0.002035"
729,"ex729","faces_ex729.lst",3,"Negative binomial","(iii)","(iii)","(iii)",0.0706,0.1128,0.0657,0.0688,0.0771,0.193,0.304,0.176,0.186,0.21,0.0963,0.1521,0.0882,0.0931,0.1048,21.169,4,"=0.0002931",0.081,9.4733,"3.712e-07",16.714,4,"=0.002197",0.064,9.4382,"3.934e-07",16.714,4,"=0.002197",0.064,9.4382,"3.934e-07"
