"mesh_id","sim_id","p1","p2","p3","rmse_i","L1_norm_i","Linf_norm_i","p_hat_i_1","p_hat_i_2","p_hat_i_3","rmse_ii","L1_norm_ii","Linf_norm_ii","p_hat_ii_1","p_hat_ii_2","p_hat_ii_3","rmse_iii","L1_norm_iii","Linf_norm_iii","p_hat_iii_1","p_hat_iii_2","p_hat_iii_3","rmse_iv","L1_norm_iv","Linf_norm_iv","p_hat_iv_1","p_hat_iv_2","p_hat_iv_3","rmse_v","L1_norm_v","Linf_norm_v","p_hat_v_1","p_hat_v_2","p_hat_v_3","N1","X1_1","X1_2","X1_3","N2","X2_1","X2_2","X2_3","N3","X3_1","X3_2","X3_3","N4","X4_1","X4_2","X4_3"
1,1,0.91304347826087,0.0434782608695652,0.0434782608695652,0.0112750507374257,0.0295837775306533,0.0147918887653267,0.927835367026196,0.0412388825693775,0.0309257504044263,0.0112938723121053,0.0296494195371065,0.0148247097685533,0.927868188029423,0.0412135571886852,0.030918254781892,0.0142753125827841,0.036266171611473,0.0181330858057365,0.896291219817101,0.0616113466753017,0.0420974335075975,0.0112742563752658,0.0295831465710445,0.0147915732855223,0.927835051546392,0.0412371134020619,0.0309278350515464,0.0112742409898225,0.02958309317563,0.014791546587815,0.927835024848685,0.0412371337323076,0.0309278414190078,24,23,0,1,22,21,1,0,26,22,2,2,25,24,1,0
1,2,0.91304347826087,0.0434782608695652,0.0434782608695652,0.020854651787317,0.0584572268692215,0.0292286134346107,0.883814864826259,0.0615044394005436,0.0546806957731976,0.0846529454107506,0.237828207278358,0.118914103639179,0.794129374621691,0.114925255009335,0.0909453703689749,0.0333050024552746,0.0941956556248313,0.0470978278124156,0.865945650448454,0.066602034407414,0.0674523151441321,0.0247508059354629,0.0660869565217391,0.0330434782608695,0.88,0.07,0.05,0.0239023033918866,0.0668911443593614,0.0334455721796807,0.879597906081189,0.0644466844070706,0.0559554095117405,30,22,5,3,18,17,0,1,31,29,2,0,21,20,0,1
1,3,0.91304347826087,0.0434782608695652,0.0434782608695652,0.0215980160586251,0.0604673705505145,0.0302336852752573,0.882809792985612,0.0623573704448876,0.0548328365695,0.053157938870616,0.139661102371777,0.0698305511858887,0.85401554440998,0.0326756435345664,0.113308812055454,0.0119252156859831,0.0331251068655939,0.0165625534327969,0.918572025136703,0.0545122674265285,0.0269157074367683,0.0667753070783352,0.169924212205824,0.0849621061029119,0.834862385321101,0.128440366972477,0.036697247706422,0.0313418899282056,0.0875465878129184,0.0437732939064591,0.86927018435441,0.0713977472738074,0.0593320683717823,23,23,0,0,24,24,0,0,34,20,14,0,28,24,0,4
1,4,0.91304347826087,0.0434782608695652,0.0434782608695652,0.0282173956238728,0.0798108470759177,0.0399054235379589,0.952948901798828,0.0235272471364933,0.0235238510646784,0.00602819468873948,0.01705030937087,0.00852515468543502,0.921568632946305,0.0392156749056728,0.0392156921480226,0.0152494909164794,0.0395659932930485,0.0197829966465243,0.932826474907394,0.0261506854501194,0.0410228396424867,0.0282119329578264,0.0797953964194373,0.0398976982097187,0.952941176470588,0.0235294117647059,0.0235294117647059,0.0282107946013196,0.079792176652911,0.0398960883264555,0.952939566587325,0.0235297242562153,0.0235307091564596,21,21,0,0,20,19,0,1,15,15,0,0,29,26,2,1
1,5,0.91304347826087,0.0434782608695652,0.0434782608695652,0.0146860822945672,0.0408148496806723,0.0204074248403362,0.919904395700228,0.0230708360292291,0.0570247682705427,0.0115780926468465,0.0322928589242161,0.016146429462108,0.923472102877128,0.0273318314074572,0.0491960657154148,0.0163952875674431,0.0463693110326378,0.0231846555163189,0.924386821941322,0.0202936053532463,0.055319572705432,0.0193115215912299,0.0492206726825267,0.0246103363412633,0.915094339622642,0.0188679245283019,0.0660377358490566,0.0152238489127231,0.0408929825057215,0.0204464912528607,0.917426851443389,0.0230317696167045,0.0595413789399062,25,23,2,0,29,29,0,0,30,24,0,6,22,21,0,1
2,1,0.869565217391304,0.0869565217391304,0.0434782608695652,0.00182577813469467,0.00512977920795459,0.00256488960397727,0.872130106995282,0.0854167742258256,0.0424531187788927,0.114324511624844,0.287338298100143,0.143669149050071,0.725896068341233,0.223013542852643,0.0510903888061241,0.00340045852234506,0.00961348942131018,0.00480674471065512,0.874371962101959,0.0844263376799832,0.0412017002180574,0.0104816585061142,0.0281329923273658,0.0140664961636829,0.872549019607843,0.0980392156862745,0.0294117647058824,0.00083694936300121,0.00235507768163982,0.00117753884081995,0.870742756232124,0.0862639348678148,0.042993308900061,26,26,0,0,26,17,8,1,27,24,1,2,23,22,1,0
2,2,0.869565217391304,0.0869565217391304,0.0434782608695652,0.00693749332914479,0.0182836195633065,0.00914180978165322,0.868078742103329,0.0960983315207836,0.0358229263758874,0.0193620937915584,0.0542121943595433,0.0271060971797716,0.879759600211835,0.103868236098371,0.0163721636897936,0.00959416483465183,0.0243676664002287,0.0121838332001144,0.881749050591419,0.0756937585231362,0.0425571908854451,0.028749732549872,0.0812677773262901,0.0406338886631451,0.850467289719626,0.0654205607476635,0.0841121495327103,0.00783687928360968,0.0199556143243029,0.00997780716215141,0.860398091875602,0.0969343289012818,0.0426675792231162,36,27,0,9,23,21,2,0,23,19,4,0,25,24,1,0
2,3,0.869565217391304,0.0869565217391304,0.0434782608695652,0.0138933446939346,0.0363796649311355,0.0181898324655677,0.887755049856872,0.0714284852422246,0.0408164649009033,0.013515685629681,0.0352709499505435,0.0176354749752717,0.887200692366576,0.0717549645596509,0.041044343073773,0.0148592478247267,0.0375276659791809,0.0187638329895904,0.850801384401714,0.0881448555298191,0.0610537600684671,0.0138933441958687,0.036379769299024,0.018189884649512,0.887755102040816,0.0714285714285714,0.0408163265306122,0.0138924493578498,0.0363777904191403,0.0181888952095701,0.887754112600874,0.071429866734697,0.0408160206644284,25,22,2,1,18,17,0,1,26,24,2,0,29,24,3,2
2,4,0.869565217391304,0.0869565217391304,0.0434782608695652,0.0260950959855486,0.0737932111526002,0.0368966055763001,0.88737209640947,0.0500599161628304,0.0625679874276992,0.083406950906721,0.234666389088236,0.117333194544118,0.752232022847187,0.135145987586587,0.112621989566227,0.0266098688222741,0.0752356302192141,0.0376178151096071,0.887478207599183,0.0493387066295234,0.0631830857712933,0.022255571328104,0.0585284280936456,0.0292642140468227,0.894230769230769,0.0576923076923077,0.0480769230769231,0.027547322099153,0.0777110219201468,0.0388555109600733,0.891436205008375,0.0481010107790571,0.0604627842125679,31,30,0,1,24,16,5,3,24,22,1,1,25,25,0,0
2,5,0.869565217391304,0.0869565217391304,0.0434782608695652,0.0414287336025032,0.107120038899353,0.0535600194496765,0.816005197941628,0.134303572798917,0.0496912292594551,0.0832984088167392,0.224630462758636,0.112315231379318,0.757249986011987,0.173885942173696,0.0688640718143177,0.0517651792642295,0.137975902985628,0.0689879514928141,0.80057726589849,0.142662465522605,0.0567602685789049,0.0465576185629247,0.121739130434783,0.0608695652173913,0.808695652173913,0.139130434782609,0.0521739130434783,0.0464422757709609,0.121736255912909,0.0608681279564544,0.80869708943485,0.138759505144565,0.0525434054205848,21,18,3,0,20,20,0,0,30,24,4,2,44,31,9,4
3,1,0.826086956521739,0.130434782608696,0.0434782608695652,0.101197347168677,0.279644178932709,0.139822089466355,0.965909045988094,0.0340909536121505,3.99755652457745e-10,0.0924006096281922,0.256917147797981,0.128458573898991,0.95454553042073,0.0454544695792563,1.40412266676421e-14,0.0817916298837666,0.229132479384864,0.114566239692432,0.940653196214171,0.0593408474130255,5.95637280316318e-06,0.101197382043358,0.279644268774704,0.139822134387352,0.965909090909091,0.0340909090909091,0,0.101197080886714,0.279643233525496,0.139821616762748,0.965908573284487,0.0340908437964264,5.82919086565477e-07,21,20,1,0,22,21,1,0,23,23,0,0,22,21,1,0
3,2,0.826086956521739,0.130434782608696,0.0434782608695652,0.0392053164299535,0.103071869130738,0.0515359345653688,0.818028332561569,0.181970717174064,9.50264366109573e-07,0.0429050003287321,0.116785554865016,0.058392777432508,0.884479733954247,0.11552024382867,2.22170830719415e-08,0.0406060733151396,0.108457107101648,0.0542285535508239,0.815335068629091,0.18466333615952,1.59521138906416e-06,0.0400831754070437,0.106477373558119,0.0532386867790595,0.816326530612245,0.183673469387755,0,0.0404303571277672,0.107796356205154,0.0538981781025771,0.815665434264608,0.184332960711273,1.6050241189613e-06,27,25,2,0,28,17,11,0,26,24,2,0,17,14,3,0
3,3,0.826086956521739,0.130434782608696,0.0434782608695652,0.102386696557103,0.28442824220753,0.142214121103765,0.683872835417974,0.177964072552925,0.138163092029101,0.180938186307423,0.508019541637389,0.254009770818695,0.572077185703045,0.230658739303654,0.197264074993302,0.0965411702716747,0.270258362469186,0.135129181234593,0.690957775287146,0.181106338558175,0.127935886154679,0.104937351818305,0.296618357487923,0.148309178743961,0.677777777777778,0.2,0.122222222222222,0.112409902103357,0.314085116332551,0.157042558166276,0.669044398355464,0.187573701443873,0.143381900200663,21,21,0,0,22,13,4,5,21,18,2,1,26,9,12,5
3,4,0.826086956521739,0.130434782608696,0.0434782608695652,0.0685487680031028,0.193553156503574,0.0967765782517869,0.922863534773526,0.0771351984884403,1.26673803375423e-06,0.0348493509086483,0.0869565217322865,0.0434782608661432,0.867924507593579,0.132075492402999,3.42196765875665e-12,0.0629800698434712,0.178117925067664,0.0890589625338318,0.915145919055571,0.0848518828442575,2.19810017167885e-06,0.0633486055803602,0.179151388161341,0.0895756940806705,0.91566265060241,0.0843373493975904,0,0.0644998575686286,0.18236775204765,0.0911838760238248,0.917270832545564,0.0827278967218074,1.27073262861572e-06,17,17,0,0,24,20,4,0,15,15,0,0,27,24,3,0
3,5,0.826086956521739,0.130434782608696,0.0434782608695652,0.0141466727766671,0.0387277515773689,0.0193638757886845,0.845450832310424,0.125108618102104,0.029440549587472,0.0343608060650641,0.096699493164983,0.0483497465824915,0.777737209939248,0.150399668463136,0.0718631215976168,0.018035299325346,0.0503165769858471,0.0251582884929236,0.851245245014663,0.121489289791906,0.0272654651934309,0.00887496283617095,0.0217391304347827,0.0108695652173914,0.83695652173913,0.130434782608696,0.0326086956521739,0.0110880412537891,0.0282206874345639,0.0141103437172819,0.840197300239021,0.129303345923382,0.0304993538375969,25,19,3,3,22,21,1,0,24,16,8,0,21,21,0,0
4,1,0.782608695652174,0.173913043478261,0.0434782608695652,0.0270055232251006,0.0673796590544237,0.0336898295272119,0.816298525179386,0.172646766871205,0.011054707949409,0.0326516737473181,0.0905049728005459,0.0452524864002729,0.767942166875105,0.219165529878534,0.0128923032463613,0.018584910078663,0.0512673910813649,0.0256336955406824,0.800453819831354,0.181701614839763,0.0178445653288828,0.0273511744335622,0.067435669920142,0.033717834960071,0.816326530612245,0.173469387755102,0.0102040816326531,0.0270453022328151,0.0671205689587595,0.0335602844793798,0.816168980131554,0.173021672070319,0.0108093477981276,29,21,7,1,25,19,6,0,27,26,1,0,17,14,3,0
4,2,0.782608695652174,0.173913043478261,0.0434782608695652,0.025797577098252,0.066123202204211,0.0330616011021056,0.812498776709089,0.177084563523451,0.0104166597674597,0.0226933497403281,0.064122236942231,0.0320611184711155,0.79988251489316,0.18870034270839,0.0114171423984497,0.0200931724465704,0.0509691229778829,0.0254845614889414,0.784464920511307,0.197541380108069,0.0179936993806238,0.0257979962052396,0.0661231884057971,0.0330615942028986,0.8125,0.177083333333333,0.0104166666666667,0.0257962495632206,0.0661211716801696,0.0330605858400848,0.812496308109636,0.177086016860884,0.0104176750294804,27,24,3,0,26,21,5,0,23,18,4,1,20,15,5,0
4,3,0.782608695652174,0.173913043478261,0.0434782608695652,0.0481577076973235,0.121456721634064,0.0607283608170322,0.839671131815487,0.113184682661229,0.0471441855232846,0.0516593937417482,0.136604463132151,0.0683022315660756,0.839212947407011,0.105610811912185,0.0551762406808039,0.0320204953775063,0.0902747315099088,0.0451373657549544,0.808328861650177,0.128775677723306,0.0628954606265169,0.048129598824436,0.121410992616899,0.0607054963084495,0.839622641509434,0.113207547169811,0.0471698113207547,0.0481288675759464,0.121409383870485,0.0607046919352426,0.839621632836045,0.113208351543018,0.0471700156209374,21,19,1,1,32,27,5,0,33,25,5,3,20,18,1,1
4,4,0.782608695652174,0.173913043478261,0.0434782608695652,0.0461565940508646,0.120354071445922,0.0601770357229612,0.730618350463675,0.234090079201222,0.0352915703351034,0.0842361043110352,0.209970844719596,0.104985422359798,0.677623273292376,0.275161551474544,0.04721517523308,0.055275977345381,0.13648438626205,0.0682421931310249,0.715466351158524,0.242155236609286,0.0423784122321905,0.0465576185629247,0.121739130434783,0.0608695652173913,0.730434782608696,0.234782608695652,0.0347826086956522,0.0468031482216784,0.121680023453926,0.060840011726963,0.729612778843886,0.234753055205224,0.0356341659508907,29,16,11,2,31,23,6,2,26,23,3,0,29,22,7,0
4,5,0.782608695652174,0.173913043478261,0.0434782608695652,0.129303807972504,0.317871298900912,0.158935649450456,0.624822248399437,0.332848692928717,0.042329058671846,0.0428415476005236,0.117571010690495,0.0587855053452475,0.841394200997421,0.131820071429981,0.0267857275725981,0.126270326726602,0.328715447519204,0.164357723759602,0.63996333810836,0.338270767237863,0.021765894653777,0.161954381453397,0.424901185770751,0.212450592885375,0.602272727272727,0.386363636363636,0.0113636363636364,0.137460062850748,0.337925804553279,0.16896290227664,0.614871274403065,0.3428759457549,0.0422527798420347,19,17,1,1,23,22,1,0,19,6,13,0,27,8,19,0
5,1,0.739130434782609,0.217391304347826,0.0434782608695652,0.0551914527459854,0.156086450462838,0.078043225231419,0.66108720955119,0.255370836867279,0.0835419535815314,0.0614665685603102,0.166668237187005,0.0833341185935023,0.759378411826564,0.134057185754324,0.106564402419113,0.0318464942474805,0.0840765146326143,0.0420382573163072,0.704115325089237,0.21036815672489,0.0855165181858724,0.0351812575280241,0.0877846790890269,0.0438923395445134,0.695238095238095,0.219047619047619,0.0857142857142857,0.0387761730135374,0.0981654293848761,0.0490827146924381,0.690047720090171,0.220753598230822,0.0891986816790071,41,32,5,4,17,5,12,0,17,14,3,0,30,22,3,5
5,2,0.739130434782609,0.217391304347826,0.0434782608695652,0.14758154429773,0.402099612697407,0.201049806348704,0.538080628433905,0.366441457148694,0.095477914417401,0.150860124267787,0.399078152063144,0.199539076031572,0.539591358751037,0.382554140900144,0.0778545003488192,0.136030611866738,0.368470988914813,0.184235494457406,0.554894940325202,0.357461663432247,0.0876433962425509,0.131519336896282,0.365053322395406,0.182526661197703,0.556603773584906,0.339622641509434,0.10377358490566,0.137024671472869,0.371537114513769,0.185768557256885,0.553361877525724,0.358037212339109,0.088600910135167,26,13,11,2,25,15,10,0,33,25,7,1,22,6,8,8
5,3,0.739130434782609,0.217391304347826,0.0434782608695652,0.0250578697879345,0.0701286903578646,0.0350643451789323,0.774194779961541,0.20429918022016,0.0215060398182987,0.0192533862023296,0.0524885336572332,0.0262442668286167,0.765374701611225,0.210551540260083,0.024073758128692,0.00525093950679107,0.0129330243052008,0.00646651215260039,0.745525448912773,0.217462802370263,0.0370117487169648,0.0250571592387765,0.0701262272089762,0.0350631136044881,0.774193548387097,0.204301075268817,0.021505376344086,0.0250585211617413,0.0701305799343505,0.0350652899671753,0.774195724749784,0.204298626014856,0.0215056492353604,22,18,3,1,23,16,7,0,18,16,2,0,30,22,7,1
5,4,0.739130434782609,0.217391304347826,0.0434782608695652,0.056582630682069,0.159833266311147,0.0799166331555735,0.819047067938182,0.180952924014241,8.04757729735792e-09,0.0565847946496891,0.159839579696396,0.0799197898481981,0.819050224630807,0.180949771441217,3.92797607969558e-09,0.0427265727719769,0.116159317640077,0.0580796588200386,0.797210093602647,0.202787712493676,2.19390367692308e-06,0.0565830087785745,0.159834368530021,0.0799171842650104,0.819047619047619,0.180952380952381,0,0.0565826167431111,0.159833355065742,0.0799166775328709,0.81904711231548,0.180951809898356,1.0777861647064e-06,30,24,6,0,22,18,4,0,24,19,5,0,29,25,4,0
5,5,0.739130434782609,0.217391304347826,0.0434782608695652,0.186507439867524,0.509389768864701,0.25469488443235,0.484435550350258,0.404114032431953,0.111450417217789,0.225748650476218,0.633367593273584,0.316683796636792,0.422446638145817,0.41076475271087,0.166788609143314,0.187904124856584,0.516748855711758,0.258374427855879,0.48075600692673,0.400373792043901,0.11887020102937,0.185720820494791,0.513975155279503,0.256987577639751,0.482142857142857,0.392857142857143,0.125,0.186718342775437,0.513262572740223,0.256631286370112,0.482499148412497,0.399566918153229,0.117933933434274,26,19,7,0,21,8,12,1,33,16,11,6,32,11,14,7
6,1,0.695652173913043,0.260869565217391,0.0434782608695652,0.0637099780109889,0.174572335975395,0.0872861679876973,0.632662627561476,0.348155733205089,0.0191816392334358,0.0852997888614159,0.232442243875043,0.116221121937522,0.609549308977103,0.377090687154913,0.0133600038679841,0.0644018416160078,0.175683104759505,0.0878415523797523,0.630891722535285,0.348711117597144,0.0203971598675718,0.0670099908869764,0.183022774327122,0.0915113871635611,0.628571428571429,0.352380952380952,0.019047619047619,0.0637797360225881,0.174792394490796,0.0873961972453982,0.632635415374369,0.34826576246279,0.0190988221628417,26,21,3,2,25,12,13,0,25,16,9,0,29,17,12,0
6,2,0.695652173913043,0.260869565217391,0.0434782608695652,0.0442469204066884,0.124525927551071,0.0622629637755353,0.633389210137508,0.297402663032686,0.0692081268298064,0.124621086307831,0.338758878097207,0.169379439048603,0.52627273486444,0.38773246282328,0.0859948023122801,0.0426257089597403,0.12047233248539,0.0602361662426948,0.635416007670349,0.293019840201617,0.0715641521280345,0.0404199754717795,0.111304347826087,0.0556521739130434,0.64,0.3,0.06,0.041745140749393,0.11791267313216,0.05895633656608,0.636695837346963,0.293011930998792,0.0702922316542443,27,15,11,1,26,11,11,4,29,26,2,1,18,12,6,0
6,3,0.695652173913043,0.260869565217391,0.0434782608695652,0.0621574706997789,0.165019191075511,0.0825095955377557,0.778161769450799,0.193357354612558,0.0284808759366425,0.198160641762499,0.500738014060125,0.250369007030063,0.46143565604134,0.511238572247454,0.0273257717112065,0.090592726961613,0.242791250993538,0.121395625496769,0.817047799409813,0.164705009593488,0.0182471909966996,0.0692235478694496,0.192854068015497,0.0964270340077487,0.792079207920792,0.198019801980198,0.0099009900990099,0.0622662662725423,0.165041669481235,0.0825208347406174,0.778173008653661,0.192994006506701,0.028832984839638,21,18,3,0,28,27,1,0,26,25,1,0,26,10,15,1
6,4,0.695652173913043,0.260869565217391,0.0434782608695652,0.00969276470052962,0.0246010955786028,0.0123005477893015,0.683351626123742,0.272258820346221,0.0443895535300366,0.0117372902138983,0.0323272280242136,0.0161636140121068,0.690841323785126,0.249516801333202,0.059641874881672,0.0152697635338104,0.0382582910358363,0.0191291455179181,0.676523028395125,0.279112004153209,0.0443649674516659,0.0141111380367211,0.0390085331166193,0.0195042665583096,0.682242990654206,0.280373831775701,0.0373831775700935,0.0122856865823844,0.0322446894297203,0.0161223447148602,0.681982111926437,0.276991909932251,0.0410259781413117,37,26,9,2,14,9,3,2,26,23,3,0,30,15,15,0
6,5,0.695652173913043,0.260869565217391,0.0434782608695652,0.0916249115750972,0.245019584922859,0.12250979246143,0.597843212313212,0.383379357678821,0.0187774300079676,0.0727906967997537,0.199160156220837,0.0995800781104184,0.623266021397048,0.36044964332781,0.0162843352751427,0.0972847433102055,0.259319910180367,0.129659955090184,0.590976193357517,0.390529520307575,0.018494286334908,0.0994859131795302,0.269927536231884,0.134963768115942,0.59375,0.395833333333333,0.0104166666666667,0.0973885746340457,0.259453011434931,0.129726505717466,0.59072550894764,0.390596070934857,0.0186784201175028,20,13,6,1,27,9,18,0,25,15,10,0,24,20,4,0
7,1,0.652173913043478,0.304347826086957,0.0434782608695652,0.0737724786658667,0.208472262858029,0.104236131429015,0.700459278496611,0.200111694657942,0.0994290268454467,0.0680030390492767,0.176982001514413,0.0884910007572066,0.6405417085524,0.227489029820829,0.131969261626772,0.0724328405950974,0.20169157921099,0.100845789605495,0.68702858270187,0.203502036481462,0.109469380816668,0.073870405434056,0.208695652173913,0.104347826086957,0.7,0.2,0.1,0.0749187459737369,0.21157557285066,0.10578778642533,0.699975073214096,0.198560039661626,0.101464887124277,22,16,6,0,22,12,7,3,32,21,6,5,24,21,1,2
7,2,0.652173913043478,0.304347826086957,0.0434782608695652,0.0585748014440599,0.146035404052641,0.0730177020263206,0.654803235733281,0.231330124060636,0.113866640206083,0.0629465924185025,0.176877186411938,0.0884385932059688,0.61675073316684,0.251332412757626,0.131916854075534,0.0586412838368193,0.159840784868372,0.0799203924341861,0.672957341808264,0.22442743365277,0.102615224538966,0.0373235351932387,0.103841283241874,0.0519206416209371,0.669902912621359,0.252427184466019,0.0776699029126214,0.0613930218917399,0.158210333909898,0.0791051669549492,0.660735624860548,0.225242659132007,0.114021716007445,30,27,1,2,25,14,7,4,23,19,3,1,25,9,15,1
7,3,0.652173913043478,0.304347826086957,0.0434782608695652,0.0803548929507409,0.197978369060852,0.0989891845304259,0.750002957216089,0.205358641556531,0.0446384012273808,0.0653050612513809,0.174538044090274,0.0872690220451373,0.721985033491905,0.217078804041819,0.0609361624662755,0.0672319379645724,0.168853188230495,0.0844265941152474,0.732259533482202,0.219921231971709,0.0478192345460889,0.0803543297734271,0.197981366459627,0.0989906832298137,0.75,0.205357142857143,0.0446428571428571,0.0803521476396605,0.197969546161832,0.098984773080916,0.750000681436282,0.205363053006041,0.0446362655576776,28,20,5,3,29,21,8,0,30,21,7,2,25,22,3,0
7,4,0.652173913043478,0.304347826086957,0.0434782608695652,0.178167364420959,0.448695866334233,0.224347933167116,0.440670100593743,0.528695759254073,0.0306341401521837,0.155915496644236,0.394154660097426,0.197077330048713,0.467991464669826,0.501425156135669,0.0305833791945048,0.176577900280101,0.438086527056219,0.21904326352811,0.438803021155865,0.523391089615066,0.0378058892290691,0.179807677003006,0.455524531312326,0.227762265656163,0.440366972477064,0.532110091743119,0.0275229357798165,0.17872128561297,0.449920269633401,0.224960134816701,0.439910830025417,0.529307960903657,0.0307812090709263,28,10,17,1,28,17,9,2,28,8,20,0,25,13,12,0
7,5,0.652173913043478,0.304347826086957,0.0434782608695652,0.052436557428487,0.135496687589783,0.0677483437948915,0.712163411230546,0.236599482292065,0.0512371064773892,0.0579624647729842,0.142820473950742,0.0714102369753709,0.723584150018849,0.23378722703767,0.0426286229434813,0.0450581924508971,0.121300213355574,0.0606501066777872,0.699426295775779,0.243697719409169,0.0568759848150519,0.0491213739886696,0.131422924901186,0.0657114624505929,0.704545454545455,0.238636363636364,0.0568181818181818,0.0507410849349467,0.132271475331681,0.0661357376658404,0.709356812523478,0.238212088421116,0.0524310990554063,16,12,3,1,26,16,10,0,25,19,2,4,21,15,6,0
8,1,0.608695652173913,0.347826086956522,0.0434782608695652,0.0158248546524594,0.0429742267350837,0.0214871133675418,0.592532962118006,0.342501663644887,0.064965374237107,0.0503963937144972,0.142105154457179,0.0710525772285895,0.578000843769803,0.307468318132042,0.114530838098155,0.0114883698710329,0.0294616218338851,0.0147308109169425,0.595395065948401,0.346395862265091,0.0582090717865077,0.018942085353937,0.0475799835931092,0.0237899917965546,0.584905660377358,0.349056603773585,0.0660377358490566,0.0121407478618821,0.0309060476704018,0.0154530238352009,0.594488424344453,0.346580290950781,0.0589312847047661,30,19,11,0,17,8,6,3,32,15,17,0,27,20,3,4
8,2,0.608695652173913,0.347826086956522,0.0434782608695652,0.0841647110095266,0.225089597648119,0.11254479882406,0.51887032349759,0.460370885780581,0.0207587907218283,0.0327681865817515,0.0923186200141264,0.0461593100070632,0.582063582141336,0.393985396963585,0.0239510208950795,0.0732109991555693,0.197602702425309,0.0988013512126545,0.532490213092591,0.446627438169176,0.0208823487382331,0.0701774272099142,0.191140278917145,0.0955701394585726,0.537735849056604,0.443396226415094,0.0188679245283019,0.0731691579823932,0.197536732672721,0.0987683663363604,0.532587025546355,0.446594453292882,0.0208185211607633,19,4,15,0,24,17,7,0,32,20,12,0,31,16,13,2
8,3,0.608695652173913,0.347826086956522,0.0434782608695652,0.151306535472108,0.406370706114411,0.203185353057205,0.811881005231119,0.188118991028579,3.74030276003471e-09,0.151301496097338,0.406358098242905,0.203179049121453,0.811874701295366,0.188125293432573,5.27206147656267e-09,0.135884010310882,0.367692782296453,0.183846391148226,0.79254204332214,0.207456274022865,1.68265499550532e-06,0.151306680726536,0.406371071889798,0.203185535944899,0.811881188118812,0.188118811881188,0,0.151306574495614,0.40637041220439,0.203185206102195,0.811880858276108,0.18811852675753,6.14966361814119e-07,17,14,3,0,24,17,7,0,30,26,4,0,30,25,5,0
8,4,0.608695652173913,0.347826086956522,0.0434782608695652,0.0702740017469695,0.190804674321226,0.0954023371606129,0.704097989334526,0.276011674494084,0.0198903361713906,0.0828749848184647,0.216623878262421,0.10831193913121,0.717007591305123,0.254891417770908,0.0281009909239691,0.0617871520071694,0.166950835737905,0.0834754178689524,0.692171070042865,0.283719444465919,0.0241094854912159,0.0701316568909225,0.18920210224558,0.0946010511227903,0.703296703296703,0.274725274725275,0.021978021978022,0.0704057827109041,0.190615985370928,0.0953079926854642,0.704003644859377,0.27521710601345,0.020779249127173,20,17,3,0,22,12,10,0,20,14,6,0,29,21,6,2
8,5,0.608695652173913,0.347826086956522,0.0434782608695652,0.0635048007405367,0.158596160638655,0.0792980803193276,0.684857024755582,0.268528006637194,0.0466149686072239,0.0201111315328743,0.0494519247291012,0.0247259623645506,0.633421614538464,0.323291150049755,0.0432872354117813,0.053570131605636,0.138300996575244,0.0691504982876222,0.670071926303682,0.2786755886689,0.0512524850274189,0.0596624011053031,0.153985507246377,0.0769927536231884,0.677083333333333,0.270833333333333,0.0520833333333333,0.0588183228056196,0.147648305291929,0.0738241526459644,0.678802434566962,0.274001934310557,0.0471956311224808,25,15,6,4,22,15,7,0,20,18,2,0,29,17,11,1
9,1,0.565217391304348,0.391304347826087,0.0434782608695652,0.0620161066277293,0.166084828016582,0.083042414008291,0.482174977296057,0.408392701360989,0.109432321342954,0.0799823524147237,0.199047199992965,0.0995235999964826,0.568427555139134,0.291780747829604,0.139791697031261,0.0604707600857974,0.149546952149434,0.0747734760747172,0.490443915229631,0.392749957684034,0.116806127086335,0.0581970232036558,0.152173913043478,0.0760869565217391,0.489130434782609,0.402173913043478,0.108695652173913,0.0592548010106515,0.147001514244571,0.0735007571222853,0.491716634182062,0.393198935031187,0.11508443078675,17,8,8,1,25,15,6,4,21,5,16,0,29,17,7,5
9,2,0.565217391304348,0.391304347826087,0.0434782608695652,0.0303844350356089,0.078310281808879,0.0391551409044395,0.604372532208787,0.356397816410553,0.0392296513806602,0.0111824701078723,0.0294341002626861,0.0147170501313431,0.562871628266125,0.378933060732966,0.0581953110009083,0.0240929346063436,0.0595363164472563,0.0297681582236281,0.594457542786351,0.361536189602459,0.0440062676111902,0.0310635005705577,0.0764617691154423,0.0382308845577212,0.603448275862069,0.353448275862069,0.0431034482758621,0.0304305658054565,0.077121490863371,0.0385607454316855,0.603778136736033,0.355476144839333,0.0407457184246338,33,24,9,0,24,15,8,1,24,14,10,0,35,17,14,4
9,3,0.565217391304348,0.391304347826087,0.0434782608695652,0.0820849221898213,0.210002872300487,0.105001436150243,0.460215955154104,0.486676099025607,0.0531079458202883,0.0821199590417557,0.210080182937933,0.105040091468967,0.460177299835381,0.486725045043652,0.0530976551209673,0.083885877037329,0.23056508480713,0.115282542403565,0.449934848900783,0.473188393460893,0.0768767576383242,0.0821203181778067,0.210080800307811,0.105040400153905,0.460176991150442,0.486725663716814,0.0530973451327434,0.0820702777290329,0.209982320048706,0.104991160024353,0.460226231279995,0.486647774544211,0.0531259941757938,33,14,17,2,30,15,14,1,25,9,15,1,25,14,9,2
9,4,0.565217391304348,0.391304347826087,0.0434782608695652,0.0561153298873054,0.143464909994257,0.0717324549971283,0.493484936307219,0.397772674930143,0.108742388762637,0.06306970574332,0.173043636613663,0.0865218183068314,0.503190478541127,0.366809442282476,0.130000079176397,0.0525981221628617,0.146203539211581,0.0731017696057906,0.492115621698557,0.415941285215744,0.0919430930856991,0.0627079779727279,0.177163754571312,0.0885818772856562,0.476635514018692,0.439252336448598,0.0841121495327103,0.0578244199884594,0.152444493730854,0.0762222468654272,0.488995144438921,0.403761580080423,0.107243275480656,27,21,2,4,24,12,8,4,26,10,15,1,30,8,22,0
9,5,0.565217391304348,0.391304347826087,0.0434782608695652,0.0540503654258138,0.152583751840461,0.0762918759202307,0.641509267224578,0.349056549870176,0.0094341829052457,0.0540418639390692,0.152560388385293,0.0762801941926463,0.641497585496994,0.349067475478125,0.00943493902488057,0.0442134656715221,0.124694158128105,0.0623470790640523,0.6275644703684,0.35602263118421,0.0164128984473903,0.0540504761557123,0.152584085315833,0.0762920426579163,0.641509433962264,0.349056603773585,0.00943396226415094,0.0540501230405687,0.152583096860345,0.0762915484301724,0.64150893973452,0.349056936176278,0.00943412408920137,28,18,10,0,28,20,8,0,23,11,11,1,27,19,8,0
10,1,0.521739130434783,0.434782608695652,0.0434782608695652,0.0127863608157272,0.0314927292751569,0.0157463646375785,0.506166887466131,0.450528973333231,0.0433041392006384,0.0170719793317951,0.0478452397105731,0.0239226198552865,0.536521771945641,0.410859988840366,0.0526182392139934,0.0165045435417667,0.0433299269330496,0.0216649634665248,0.500074166968258,0.453136523455853,0.0467893095758893,0.0141999405378735,0.0347826086956522,0.0173913043478261,0.504347826086956,0.452173913043478,0.0434782608695652,0.0152919011275361,0.0378033309819798,0.0189016654909899,0.50318837233841,0.453684274186642,0.0431273534749483,30,9,18,3,26,16,8,2,31,15,16,0,28,18,10,0
10,2,0.521739130434783,0.434782608695652,0.0434782608695652,0.0755995314824076,0.192027682473887,0.0960138412369436,0.610476143843899,0.338768767458709,0.0507550886973922,0.0370598104340844,0.0941121742987022,0.0470560871493511,0.525281233432144,0.387726521546301,0.0869922450215545,0.0695410901993687,0.178365627026638,0.089182813513319,0.602229898878825,0.345599795182333,0.0521703059388419,0.0795530195436007,0.202898550724638,0.101449275362319,0.614583333333333,0.333333333333333,0.0520833333333333,0.0781019053297219,0.196431493147272,0.098215746573636,0.614608993712193,0.336566862122016,0.0488241441657904,18,9,6,3,23,11,10,2,24,17,7,0,31,22,9,0
10,3,0.521739130434783,0.434782608695652,0.0434782608695652,0.0535774956669784,0.135230083741449,0.0676150418707247,0.458317817990518,0.502397650566377,0.0392845314431052,0.0772398829979892,0.205289527872392,0.102644763936196,0.419094366498586,0.518462966738846,0.0624426667625672,0.059251483256448,0.149064784860612,0.0745323924303062,0.451309712707013,0.509315001125958,0.0393752861670282,0.0599218478069512,0.155644866642309,0.0778224333211545,0.453781512605042,0.512605042016807,0.0336134453781513,0.0592119431103418,0.148787128260011,0.0743935641300054,0.45125151596235,0.509176172825658,0.0395723112119929,31,8,23,0,26,18,7,1,32,11,18,3,30,17,13,0
10,4,0.521739130434783,0.434782608695652,0.0434782608695652,0.0431907687561923,0.112774201924402,0.0563871009622007,0.465352029472582,0.483311716519379,0.0513362540080393,0.0309622988708502,0.0868977887271947,0.0434488943635973,0.548169011814134,0.391333714332055,0.0604972738538114,0.0354562355530882,0.0916108497869554,0.0458054248934777,0.475933705541305,0.475352076564372,0.0487142178943231,0.0312176012041703,0.0778032036613272,0.0389016018306636,0.484210526315789,0.473684210526316,0.0421052631578947,0.0363722028782305,0.0957033115087209,0.0478516557543604,0.473887474680422,0.475050712867687,0.0510618124518905,21,3,18,0,24,12,9,3,24,16,8,0,26,15,10,1
10,5,0.521739130434783,0.434782608695652,0.0434782608695652,0.00723266084252455,0.019159750340919,0.0095798751704595,0.520053475066635,0.444362483866112,0.0355840410672534,0.0571049360128419,0.146803429662929,0.0734017148314645,0.448337415603318,0.500648544036815,0.0510140403598672,0.00805357101537773,0.0207929835107466,0.0103964917553733,0.51251289144204,0.445179100451025,0.0423080081069348,0.00695731690650334,0.0193236714975845,0.00966183574879226,0.518518518518518,0.444444444444444,0.037037037037037,0.00793148359448573,0.021938514258177,0.0109692571290885,0.518284082255774,0.445751865824741,0.0359640519194855,29,12,14,3,26,18,8,0,24,14,10,0,29,12,16,1
11,1,0.478260869565217,0.478260869565217,0.0434782608695652,0.0465647109597096,0.127666517488492,0.0638332587442459,0.542094128309463,0.432330148402701,0.0255757232878354,0.0895319234634517,0.224380408527976,0.112190204263988,0.366070665301229,0.585188702579995,0.0487406321187752,0.0295787682394082,0.0836606862047226,0.0418303431023613,0.520091212667579,0.457197061561639,0.0227117257707818,0.0278509190834216,0.0785659801678109,0.0392829900839055,0.517543859649123,0.456140350877193,0.0263157894736842,0.0276201285595541,0.0779385333725574,0.0389692666862786,0.517230136251496,0.4564622692993,0.0263075944492035,26,20,6,0,33,10,20,3,34,13,21,0,21,16,5,0
11,2,0.478260869565217,0.478260869565217,0.0434782608695652,0.0730627992894258,0.205829301522335,0.102914650761167,0.418822945582989,0.581175520326385,1.53409062641314e-06,0.0446381524914401,0.122751981529664,0.061375990764832,0.460363019021701,0.539636860330049,1.20648249393849e-07,0.0738622514857155,0.207984206187256,0.103992103093628,0.417739551897523,0.582252972658845,7.47544363184706e-06,0.0765483121600019,0.215195432586737,0.107597716293368,0.414141414141414,0.585858585858586,0,0.0764121142106366,0.214829402402409,0.107414701201204,0.414317393154474,0.585675570766422,7.03607910416185e-06,17,10,7,0,28,7,21,0,29,12,17,0,25,12,13,0
11,3,0.478260869565217,0.478260869565217,0.0434782608695652,0.0927593365886962,0.247421047502589,0.123710523751295,0.378613789508278,0.601971393316512,0.01941481717521,0.09273190147193,0.247351479089891,0.123675739544946,0.378646791514151,0.601936609110163,0.019416599375686,0.084003091721186,0.215045082125351,0.107522541062675,0.380750810471841,0.585783410627893,0.0334657789002663,0.0927362637968906,0.247361756015196,0.123680878007598,0.378640776699029,0.601941747572815,0.0194174757281553,0.0927358302560553,0.247360575633439,0.12368028781672,0.37864121898856,0.601941157381937,0.0194176236295025,33,15,17,1,24,8,16,0,21,8,13,0,25,8,16,1
11,4,0.478260869565217,0.478260869565217,0.0434782608695652,0.0833291873150507,0.227912804477542,0.113956402238771,0.395281053506048,0.592217271803988,0.012501674689964,0.155184893152182,0.407048578283569,0.203524289141785,0.305386669820962,0.681785158707002,0.012828171472036,0.0823451179019435,0.223548737001905,0.111774368500952,0.394072703475105,0.59003523806617,0.0158920584587253,0.0845053388259105,0.232667450058754,0.116333725029377,0.396396396396396,0.594594594594595,0.00900900900900901,0.0847191950255419,0.231434809497232,0.115717404748616,0.393511189385195,0.593978274313834,0.0125105363009716,28,14,14,0,29,9,20,0,28,6,21,1,26,15,11,0
11,5,0.478260869565217,0.478260869565217,0.0434782608695652,0.0825996239012817,0.211456944586334,0.105728472293167,0.372532397272051,0.57413864326528,0.0533289594626693,0.0613929882126271,0.157855193110201,0.0789275965551007,0.407468579797649,0.557188466120318,0.0353429540820324,0.0995171349464315,0.247917907886803,0.123958953943401,0.358565506350103,0.602219823508619,0.0392146701412784,0.0934852720602917,0.247779336138382,0.123889668069191,0.376344086021505,0.602150537634409,0.021505376344086,0.0932806982013521,0.238564107189002,0.119282053594501,0.358978815970716,0.586695100326816,0.0543260837024675,23,17,5,1,22,8,13,1,20,8,12,0,28,2,26,0
12,1,0.434782608695652,0.521739130434783,0.0434782608695652,0.174691747719366,0.450964622151995,0.225482311075997,0.63495434026824,0.296256819358785,0.068788840372975,0.0743511620762182,0.205389496538867,0.102694748269433,0.505687192793305,0.419044382165349,0.0752684250413459,0.160036953759291,0.402965104405556,0.201482552202778,0.624806165912731,0.320256578232005,0.0549372558552639,0.144240140979818,0.362627197039778,0.181313598519889,0.606382978723404,0.340425531914894,0.0531914893617021,0.164741352505004,0.426887881037385,0.213443940518692,0.622379995675142,0.30829518991609,0.0693248144087682,28,14,13,1,20,20,0,0,25,12,9,4,21,11,10,0
12,2,0.434782608695652,0.521739130434783,0.0434782608695652,0.025864831515726,0.0702667896450628,0.0351333948225314,0.469916003518184,0.512988196756083,0.0170957997257331,0.0470110283381314,0.132203606556754,0.066101803278377,0.39556981768526,0.58784093371316,0.0165892486015805,0.032891756623718,0.0929687317443188,0.0464843658721595,0.481266974567812,0.497012266459471,0.0217207589727177,0.0374671668909329,0.105434782608696,0.0527173913043478,0.4875,0.5,0.0125,0.0350466211798631,0.0989535475421329,0.0494767737710664,0.484259382466719,0.499537498778332,0.0162031187549498,27,19,8,0,16,7,9,0,15,4,10,1,22,9,13,0
12,3,0.434782608695652,0.521739130434783,0.0434782608695652,0.115731540056168,0.310699287238023,0.155349643619011,0.312492204224444,0.677088774053794,0.0104190217217615,0.0851585553215088,0.232792258747551,0.116396129373775,0.349809086649977,0.638135259808558,0.0120556535414651,0.107549463224744,0.285117853327971,0.142558926663986,0.317589695469263,0.664298057098768,0.0181122474319684,0.115726584060358,0.310688405797101,0.155344202898551,0.3125,0.677083333333333,0.0104166666666667,0.115725755920187,0.310685668648971,0.155342834324485,0.312500332508114,0.677081964759268,0.0104177027326175,20,8,12,0,21,3,18,0,21,6,14,1,34,13,21,0
12,4,0.434782608695652,0.521739130434783,0.0434782608695652,0.0587678162017367,0.146140161469117,0.0730700807345582,0.361712527961094,0.523980486139058,0.114306985899848,0.0397407813330901,0.112399691521774,0.0561998457608869,0.378582762934765,0.549417681999029,0.0719995550662061,0.0534363997861654,0.135434717313971,0.0677173586569852,0.367065250038667,0.526547117249133,0.1063876327122,0.0696451991221991,0.177257525083612,0.088628762541806,0.346153846153846,0.528846153846154,0.125,0.0534364623905249,0.13558436681627,0.067792183408135,0.366990425287517,0.526715537306727,0.106294037405756,21,7,5,9,35,14,19,2,28,10,16,2,20,5,15,0
12,5,0.434782608695652,0.521739130434783,0.0434782608695652,0.0149240225396278,0.0407117448955777,0.0203558724477889,0.440131620006899,0.536745991571325,0.0231223884217764,0.0180324972531385,0.0464599879528249,0.0232299939764124,0.437285417655259,0.542466315451589,0.0202482668931528,0.0137857549696098,0.0389855687314026,0.0194927843657013,0.444222278891381,0.531792244604755,0.0239854765038639,0.00961122007628364,0.0269565217391305,0.0134782608695652,0.44,0.53,0.03,0.0143310987579181,0.0402814929312241,0.0201407464656121,0.442895091157819,0.533767394438228,0.0233375144039531,25,12,13,0,20,7,13,0,26,9,14,3,29,16,13,0
13,1,0.391304347826087,0.565217391304348,0.0434782608695652,0.0895914137392622,0.245328944849923,0.122664472424961,0.480113893354236,0.442552918879386,0.0773331877663777,0.106638230800449,0.265968101444865,0.132984050722432,0.519391828315624,0.432233340581915,0.0483748311024606,0.0917033214682908,0.248845533182679,0.12442276659134,0.485193485426517,0.440794624713008,0.0740118898604748,0.0907387339067047,0.246224256292906,0.123112128146453,0.484210526315789,0.442105263157895,0.0736842105263158,0.0917901724274865,0.252839322131111,0.126419661065555,0.480042703648316,0.438797730238792,0.0811595661128919,19,11,8,0,24,12,12,0,27,19,4,4,25,4,18,3
13,2,0.391304347826087,0.565217391304348,0.0434782608695652,0.0649153405832401,0.183090060438263,0.0915450302191317,0.299759317606955,0.60502058935157,0.0952200930414746,0.047361256009976,0.117489345682208,0.0587446728411039,0.332559674984983,0.56672522672708,0.100715098287937,0.0665371238433583,0.185239945650141,0.0926199728250704,0.298684375001017,0.597142011908812,0.104173613090172,0.0661072908091793,0.186454849498328,0.0932274247491639,0.298076923076923,0.605769230769231,0.0961538461538462,0.0667966325565782,0.188475198734399,0.0942375993671992,0.297066748458888,0.606666858533574,0.0962663930075387,24,8,14,2,25,10,12,3,24,9,15,0,31,4,22,5
13,3,0.391304347826087,0.565217391304348,0.0434782608695652,0.0437463535497707,0.120445308485504,0.0602226542427519,0.451527002068839,0.522836626122459,0.0256363718087026,0.0604526439400992,0.165718852594554,0.0828594262972772,0.474163774123364,0.505552551496232,0.020283674380404,0.0450884641365817,0.124350825571618,0.0621754127858088,0.453479760611896,0.521877422631381,0.024642816756723,0.0429835149097923,0.107534019249917,0.0537670096249585,0.442748091603053,0.511450381679389,0.0458015267175573,0.0457016582054513,0.125036329808437,0.0625181649042185,0.453822512730305,0.519760716209521,0.0264167710601737,35,16,13,6,33,15,18,0,32,20,12,0,31,7,24,0
13,4,0.391304347826087,0.565217391304348,0.0434782608695652,0.147718029217142,0.397388701816897,0.198694350908448,0.589998698734535,0.410001258266351,4.29991134769394e-08,0.128357200757246,0.348735933128973,0.174367966564486,0.565672314390573,0.43432739405974,2.91549686607638e-07,0.144485561155043,0.389284814906811,0.194642407453406,0.585946755279493,0.414045783781683,7.46093882434564e-06,0.147719057588367,0.397391304347826,0.198695652173913,0.59,0.41,0,0.147719080053879,0.397391256816602,0.198695628408301,0.589999976234388,0.409999859394454,1.64371158110649e-07,25,13,12,0,23,11,12,0,20,15,5,0,32,20,12,0
13,5,0.391304347826087,0.565217391304348,0.0434782608695652,0.112972747416369,0.286312632109822,0.143156316054911,0.258293589589996,0.708373707359259,0.0333327030507449,0.102226427594125,0.25519650958869,0.127598254794345,0.268646255282868,0.692815646098693,0.038538098618439,0.10028538981841,0.248937576023438,0.124468788011719,0.270193984828489,0.689686179316067,0.0401198358554443,0.112940077198473,0.286231884057971,0.143115942028986,0.258333333333333,0.708333333333333,0.0333333333333333,0.112939940187351,0.286231646929453,0.143115823464727,0.258333563340583,0.708333214769074,0.0333332218903423,28,6,22,0,30,8,22,0,27,6,19,2,35,11,22,2
14,1,0.347826086956522,0.608695652173913,0.0434782608695652,0.0865179197844601,0.234906077012114,0.117453038506057,0.436244582819678,0.491242613667856,0.0725128035124658,0.132039222755949,0.334503207574824,0.167251603787412,0.503366493013059,0.441444048386501,0.0551894586004395,0.0369542398427757,0.0974487702762403,0.0487243851381202,0.388555151041549,0.559971267035793,0.0514735819226578,0.0350083095726561,0.0968006562756359,0.0484003281378179,0.39622641509434,0.575471698113208,0.0283018867924528,0.0473528396166747,0.132349913119563,0.0661749565597816,0.389807016359404,0.542520695614132,0.0676722880264642,27,8,18,1,17,14,2,1,37,6,31,0,25,14,10,1
14,2,0.347826086956522,0.608695652173913,0.0434782608695652,0.0198103071262932,0.0528665246082144,0.0264332623041072,0.369082269441131,0.613872731993411,0.017044998565458,0.0370885523268289,0.103615976227512,0.0518079881137562,0.314830524225961,0.660503640287669,0.0246658354863698,0.0186838954726358,0.0463399011725558,0.023169950586278,0.370410924404281,0.609280765312431,0.0203083102832873,0.0185290150466523,0.0492206726825266,0.0246103363412633,0.367924528301887,0.613207547169811,0.0188679245283019,0.019341618217332,0.0522795546483404,0.0261397773241702,0.367873175915262,0.614788340539343,0.017338483545395,24,8,16,0,29,6,21,2,24,12,12,0,29,13,16,0
14,3,0.347826086956522,0.608695652173913,0.0434782608695652,0.0750638613107278,0.200900361557519,0.10045018077876,0.448276267735281,0.52873513176494,0.0229886004997787,0.075063482524606,0.200899482159687,0.100449741079844,0.448275828036365,0.528735671901101,0.0229885000625339,0.0768758443417845,0.192429931239854,0.0962149656199269,0.444041052576449,0.516749220266593,0.0392097271569584,0.0750635112908175,0.200899550224888,0.100449775112444,0.448275862068966,0.528735632183908,0.0229885057471264,0.075063498314078,0.200899429817227,0.100449714908613,0.448275801865135,0.528735558890625,0.0229886392442399,20,7,12,1,21,11,9,1,25,11,14,0,21,10,11,0
14,4,0.347826086956522,0.608695652173913,0.0434782608695652,0.0637445413207338,0.158868383070608,0.0794341915353038,0.271194133290788,0.688129843709217,0.0406760229999955,0.0016612971069946,0.00408898825842721,0.00204449412921359,0.347806284370812,0.610740146303127,0.0414535693260613,0.0620235581942976,0.152544640924005,0.0762723204620027,0.271553766494519,0.684345576613912,0.0441006568915685,0.0608311805793048,0.158952781673679,0.0794763908368397,0.279569892473118,0.688172043010753,0.032258064516129,0.0637120844396376,0.158948942122453,0.0794744710612263,0.271323366353371,0.688170123235139,0.0405065104114899,22,6,14,2,18,8,10,0,30,11,18,1,23,1,22,0
14,5,0.347826086956522,0.608695652173913,0.0434782608695652,0.0697512124300055,0.17483756685886,0.0874187834294302,0.260407303527092,0.612828350229703,0.126764346243206,0.0633619300031408,0.164688388890428,0.0823441944452141,0.276048818741728,0.598128725943492,0.125822455314779,0.0658803114898943,0.16574173527786,0.08287086763893,0.269517388627572,0.604133482863933,0.126349128508495,0.0713488513092922,0.177133655394525,0.0885668276972625,0.259259259259259,0.611111111111111,0.12962962962963,0.069573783578706,0.174235303552189,0.0871176517760947,0.260708435180427,0.61264825249136,0.126643312328213,19,6,13,0,30,9,19,2,29,4,18,7,30,9,16,5
15,1,0.304347826086957,0.652173913043478,0.0434782608695652,0.0224472192331551,0.0623068265650012,0.0311534132825006,0.273194412804456,0.662467144730754,0.0643384424647904,0.0671947390335275,0.1864501126376,0.0932250563188,0.335006793940167,0.558948856724678,0.106044349335155,0.0183753932352869,0.0484140440815939,0.024207022040797,0.28405910414903,0.648255612940608,0.0676852829103622,0.0208242261127444,0.0530434782608696,0.0265217391304348,0.28,0.65,0.07,0.018266017988275,0.0457714183336475,0.0228857091668238,0.282529309757388,0.651106720206223,0.066363970036389,24,8,13,3,30,10,16,4,18,1,17,0,28,9,19,0
15,2,0.304347826086957,0.652173913043478,0.0434782608695652,0.0988873609655078,0.276671820219304,0.138335910109652,0.391276614981573,0.513838002933826,0.0948853820846011,0.202084628753316,0.501088535614157,0.250544267807078,0.548691254471195,0.4016296452364,0.0496791002924055,0.0950136906462278,0.266443563879169,0.133221781939584,0.386136652619829,0.518952131103894,0.0949112162762771,0.121479517146055,0.339641943734015,0.169820971867008,0.411764705882353,0.482352941176471,0.105882352941176,0.0920518975929615,0.260226713061901,0.130113356530951,0.373039557981321,0.522060556512528,0.104899885506151,26,1,18,7,14,8,6,0,29,17,10,2,16,9,7,0
15,3,0.304347826086957,0.652173913043478,0.0434782608695652,0.0723435492028563,0.200802386133005,0.100401193066502,0.237115377334515,0.752575106109981,0.0103095165555043,0.0488156076421334,0.137863915871359,0.0689319579356796,0.266605537370124,0.721105870979158,0.0122885916507177,0.0575922330228878,0.159520507071467,0.0797602535357336,0.250183987484257,0.731934166579212,0.0178818459365308,0.0723452214985115,0.200806813088301,0.100403406544151,0.237113402061856,0.752577319587629,0.0103092783505155,0.0723450758043148,0.200806125000048,0.100403062500024,0.2371129812967,0.752576975543502,0.0103100431597976,19,7,12,0,18,4,14,0,31,8,22,1,29,4,25,0
15,4,0.304347826086957,0.652173913043478,0.0434782608695652,0.0386429107718849,0.103527782574261,0.0517638912871305,0.356111717374087,0.611116773875731,0.0327715087501821,0.0150361272640823,0.0376368432011127,0.0188184216005563,0.322331880384367,0.653008280346625,0.0246598392690089,0.0261570054697212,0.0721067233088758,0.0360533616544379,0.340401187741394,0.626977871172535,0.0326209410860702,0.0314030226178932,0.0885520542481053,0.0442760271240527,0.348623853211009,0.63302752293578,0.018348623853211,0.0259380416869457,0.0718888884947438,0.0359444442473719,0.340292270334328,0.627863654501367,0.0318440751643041,31,4,26,1,33,11,22,0,21,14,7,0,24,9,14,1
15,5,0.304347826086957,0.652173913043478,0.0434782608695652,0.0457272493993606,0.126394383235034,0.0631971916175169,0.367545017704473,0.63245211121252,2.8710830061221e-06,0.0324841475576113,0.086955087846682,0.043477543923341,0.338936000548839,0.661063282504937,7.16946224229381e-07,0.0491977318344809,0.137561182908867,0.0687805914544336,0.37312841754139,0.626869205127183,2.37733142663851e-06,0.0539842913976498,0.152173913043478,0.0760869565217391,0.380434782608696,0.619565217391304,0,0.0535337898574319,0.150829296395425,0.0754146481977126,0.379762474284669,0.620234874015676,2.65169965436076e-06,18,6,12,0,27,9,18,0,26,18,8,0,21,2,19,0
16,1,0.260869565217391,0.695652173913043,0.0434782608695652,0.0617808148727643,0.174336935159355,0.0871684675796772,0.299301389437696,0.608483706333366,0.092214904228938,0.0313961405093906,0.0805951528073798,0.0402975764036899,0.224575949350945,0.6916482133758,0.0837758372732552,0.0462118919118525,0.12655461674963,0.0632773083748147,0.278355653745596,0.632374865538229,0.0892694807161756,0.0289423932745033,0.0809595202398801,0.04047976011994,0.275862068965517,0.655172413793103,0.0689655172413793,0.042534397261002,0.116172406557932,0.0580862032789662,0.276375415769188,0.637565970634077,0.0860586135967346,26,5,21,0,26,4,20,2,20,5,13,2,15,10,3,2
16,2,0.260869565217391,0.695652173913043,0.0434782608695652,0.0431811561116473,0.118112892716842,0.0590564463584211,0.217881383927403,0.754708620271465,0.027409995801132,0.0070045166064622,0.0198068358455926,0.00990341792279636,0.270772983140188,0.690891813900256,0.0383352029595563,0.0310628964908891,0.0815736309334969,0.0407868154667484,0.226345266830325,0.736438989379792,0.0372157437898826,0.0430243402807421,0.117786561264822,0.0588932806324111,0.218181818181818,0.754545454545455,0.0272727272727273,0.0428917027087654,0.1172696863535,0.0586348431767501,0.218098013552563,0.754287017089794,0.0276149693576434,28,7,19,2,24,2,22,0,30,6,24,0,28,9,18,1
16,3,0.260869565217391,0.695652173913043,0.0434782608695652,0.111001034094408,0.306445473355216,0.153222736677608,0.107646828539783,0.80182600288709,0.0905271685731263,0.0659819491424552,0.179870100055806,0.0899350500279028,0.170934515189488,0.76216480280967,0.066900682000841,0.107999929530518,0.298937402863007,0.149468701431504,0.111400863785888,0.797595119542543,0.0910040166715695,0.107208742264725,0.297249334516415,0.148624667258208,0.112244897959184,0.795918367346939,0.0918367346938776,0.109104076609219,0.301118520655624,0.150559260327812,0.110310304889579,0.800163313553578,0.0895263815568429,23,0,17,6,26,6,19,1,23,1,22,0,26,4,20,2
16,4,0.260869565217391,0.695652173913043,0.0434782608695652,0.0701919954796388,0.193710844382195,0.0968554221910976,0.193609840467997,0.792507596104141,0.0138825634278625,0.126231174516316,0.335487394288154,0.167743697144077,0.124101561955433,0.86339587105712,0.0125025669874461,0.0715367613305263,0.195783583229155,0.0978917916145777,0.189806703448264,0.793543965527621,0.0166493310241143,0.0767164709304238,0.212469237079573,0.106234618539787,0.188679245283019,0.80188679245283,0.00943396226415094,0.0772102940637552,0.211710487909669,0.105855243954834,0.184743995926382,0.801507417867878,0.0137485862057399,35,2,32,1,16,6,10,0,31,9,22,0,24,3,21,0
16,5,0.260869565217391,0.695652173913043,0.0434782608695652,0.0652721484132722,0.178704717615756,0.089352358807878,0.171517206409513,0.760398156986364,0.0680846366041229,0.0309676406574552,0.0874191180127259,0.0437095590063629,0.236648778436988,0.676163401687083,0.0871878198759282,0.0746019178097455,0.195547142692881,0.0977735713464405,0.163095993870951,0.778867020570827,0.0580369855582222,0.0618763258355991,0.158102766798419,0.0790513833992095,0.181818181818182,0.767676767676768,0.0505050505050505,0.0665633460814149,0.182020168333298,0.0910100841666489,0.169859481050742,0.761987290343713,0.0681532286055448,21,0,21,0,21,10,9,2,32,6,23,3,25,2,23,0
17,1,0.217391304347826,0.739130434782609,0.0434782608695652,0.0368044984916281,0.0924446581476724,0.0462223290738362,0.219778596537307,0.692908105708772,0.0873132977539207,0.0415229121210793,0.106350877388903,0.0531754386944517,0.212379216770302,0.690967083665681,0.0966536995640169,0.0481659185544322,0.130506926637214,0.0652534633186072,0.233094008443229,0.673876971464001,0.0930290200927699,0.0372936148040577,0.0936454849498328,0.0468227424749164,0.21978021978022,0.692307692307692,0.0879120879120879,0.0365091361795169,0.0924270512650876,0.0462135256325438,0.220557954994919,0.692916909150065,0.0865251358550159,25,7,15,3,24,7,17,0,19,2,13,4,23,4,18,1
17,2,0.217391304347826,0.739130434782609,0.0434782608695652,0.0253299339007946,0.0703884025967382,0.035194201298369,0.182197103049457,0.762509790472462,0.055293106478081,0.0837168418426127,0.216923487621539,0.108461743810769,0.122053231013776,0.847592178593378,0.0303545903928457,0.0364146756206629,0.0954011481018872,0.0477005740509436,0.169690730296883,0.779789479264983,0.0505197904381342,0.045398848354259,0.127090301003345,0.0635451505016722,0.153846153846154,0.778846153846154,0.0673076923076923,0.036014567824294,0.0945332889427468,0.0472666444713734,0.170124659876453,0.779194578168457,0.0506807619550902,25,3,22,0,22,3,13,6,37,3,33,1,20,7,13,0
17,3,0.217391304347826,0.739130434782609,0.0434782608695652,0.0150097304471465,0.0389792986104844,0.0194896493052422,0.214930241746027,0.758620084087851,0.0264496741661219,0.127467773811595,0.338377897152936,0.169188948576468,0.355868751831845,0.56994148620614,0.0741897619620143,0.0130104083834932,0.0337528033620407,0.0168764016810203,0.219481561491079,0.753916579320376,0.0266018591885449,0.0135362505882311,0.0382226469182991,0.0191113234591496,0.208791208791209,0.758241758241758,0.032967032967033,0.0133178251024624,0.0340459936929071,0.0170229968464535,0.218923556252703,0.754621179724185,0.0264552640231117,23,9,11,3,20,2,18,0,21,2,19,0,27,6,21,0
17,4,0.217391304347826,0.739130434782609,0.0434782608695652,0.0175861513802451,0.0495118725461393,0.0247559362730696,0.227703650305421,0.753574025098084,0.0187223245964956,0.0153347456849445,0.0428061642802551,0.0214030821401276,0.238794386487954,0.731455887932906,0.0297497255791399,0.015812565810277,0.0440078469757648,0.0220039234878824,0.231846723723051,0.746678938895266,0.0214743373816828,0.0173719225578335,0.0465524813350901,0.023276240667545,0.222222222222222,0.757575757575758,0.0202020202020202,0.0182335857440575,0.0496975121428175,0.0248487560714088,0.223849111768297,0.757521383433546,0.0186295047981564,30,3,27,0,25,6,17,2,23,9,14,0,21,4,17,0
17,5,0.217391304347826,0.739130434782609,0.0434782608695652,0.0389377300395963,0.109910114661433,0.0549550573307165,0.186884504105343,0.714682177694375,0.0984333182002817,0.0301853670274605,0.0827473364558743,0.0413736682279372,0.205809373138183,0.709338697764315,0.0848519290975024,0.0525849835535768,0.14832428820842,0.0741621441042099,0.185080245859089,0.697279349167136,0.117640404973775,0.0349580692618215,0.0986104885701478,0.049305244285074,0.195876288659794,0.711340206185567,0.0927835051546392,0.0392272787042161,0.110949553620188,0.0554747768100941,0.189369407225762,0.711677555094579,0.0989530376796593,28,4,22,2,29,10,16,3,17,0,14,3,23,5,17,1
18,1,0.173913043478261,0.782608695652174,0.0434782608695652,0.0287064445895066,0.0789642440111364,0.0394821220055682,0.201837103497829,0.743126573646606,0.055036322855565,0.0542116044540638,0.151899855662397,0.0759499278311982,0.220946342398298,0.706658767820976,0.072394889780726,0.0434364496139879,0.116502451610682,0.0582512258053409,0.21992604077681,0.724357469846833,0.0557164893763574,0.0287103502710676,0.0789788591942562,0.0394894295971281,0.201834862385321,0.743119266055046,0.055045871559633,0.0287111778276006,0.0789799635742282,0.0394899817871142,0.20183749659205,0.74311871386506,0.0550437895428903,23,5,18,0,26,4,22,0,36,9,23,4,24,4,18,2
18,2,0.173913043478261,0.782608695652174,0.0434782608695652,0.128507907395041,0.335772318813932,0.167886159406966,0.029703044953067,0.95049485505914,0.0198020999877933,0.119098427923701,0.308189407248778,0.154094703624389,0.0379779167290783,0.936703399276563,0.0253186839943587,0.112853573162602,0.284911567741993,0.142455783870997,0.0403661681217765,0.925064479523171,0.0345693523550529,0.128508027354135,0.335772707705553,0.167886353852777,0.0297029702970297,0.95049504950495,0.0198019801980198,0.128507917338128,0.335772285559943,0.167886142779972,0.0297029867254602,0.950494838432146,0.0198021748423941,31,0,30,1,22,1,21,0,25,2,22,1,23,0,23,0
18,3,0.173913043478261,0.782608695652174,0.0434782608695652,0.0275383286011424,0.0721001448649065,0.0360500724324532,0.168648631127187,0.751823035570795,0.0795283333020184,0.0598069557753672,0.152681933635649,0.0763409668178245,0.16727588415142,0.71290488816119,0.11981922768739,0.02955379516653,0.0760497687428771,0.0380248843714385,0.169924626702593,0.748572228056403,0.0815031452410037,0.0291321254671085,0.0789788591942562,0.0394894295971281,0.18348623853211,0.743119266055046,0.073394495412844,0.0300641355673769,0.0773092696882311,0.0386546348441155,0.169920091870331,0.747947012415988,0.0821328957136807,31,4,22,5,29,10,18,1,25,0,23,2,24,6,18,0
18,4,0.173913043478261,0.782608695652174,0.0434782608695652,0.0291496752643747,0.0791379757131714,0.0395689878565857,0.213482031334847,0.752810373683028,0.0337075949821256,0.0291354832034828,0.0791071009524678,0.0395535504762339,0.213466593954495,0.752834317911774,0.0336990881337315,0.0475906620032282,0.118484178731179,0.0592420893655897,0.23119430870533,0.723366606286584,0.045439085008086,0.0291506213866833,0.0791402051783098,0.0395701025891549,0.213483146067416,0.752808988764045,0.0337078651685393,0.0291506515686998,0.0791402661744374,0.0395701330872186,0.213483176565479,0.752808932112925,0.0337078913215951,24,6,18,0,24,6,18,0,16,2,13,1,25,5,18,2
18,5,0.173913043478261,0.782608695652174,0.0434782608695652,0.0369869686420207,0.103972109915234,0.0519860549576172,0.121926988520644,0.813615837354496,0.0644571741248599,0.0440888814012528,0.124682432528142,0.0623412162640711,0.143703560134084,0.750476962732279,0.105819477133636,0.02616020197463,0.0736328195906034,0.0368164097953017,0.137096633682959,0.797862819325687,0.0650405469913538,0.0401611030298641,0.113591852722288,0.0567959263611438,0.117117117117117,0.810810810810811,0.0720720720720721,0.0359451948961244,0.101430118594939,0.0507150592974693,0.123197984180792,0.810978305067645,0.0658237107515633,28,4,21,3,26,4,22,0,25,1,24,0,32,4,23,5
19,1,0.130434782608696,0.826086956521739,0.0434782608695652,0.0252440362340425,0.0711224921526957,0.0355612460763479,0.115381865786659,0.861648202598087,0.0229699316152543,0.0187913268557721,0.046030916863903,0.0230154584319515,0.153450241040647,0.826085201944012,0.0204645570153405,0.0188798110559502,0.0533379723302214,0.0266689861651107,0.118215987046269,0.85275594268685,0.0290280702668809,0.0257202754856845,0.0691375623663577,0.0345687811831789,0.122950819672131,0.860655737704918,0.0163934426229508,0.025014620598931,0.0699999358104484,0.0349999679052242,0.117389969869141,0.861086924426963,0.021523105703896,36,7,29,0,23,2,20,1,30,6,24,0,33,0,32,1
19,2,0.130434782608696,0.826086956521739,0.0434782608695652,0.0972189865354611,0.269394417528285,0.134697208764143,0.0392158309766375,0.960784165285882,3.73748065987491e-09,0.0863604595464525,0.241159054909056,0.120579527454528,0.0533335160115586,0.946666483976267,1.21744363187279e-11,0.082019641602459,0.22973536512165,0.114867682560825,0.0590404957686703,0.940954639082564,4.86514876575003e-06,0.0972191009043359,0.269394714407502,0.134697357203751,0.0392156862745098,0.96078431372549,0,0.097219029244633,0.269394450498061,0.13469722524903,0.0392156315830006,0.96078418177077,1.8664622979666e-07,28,0,28,0,23,1,22,0,25,1,24,0,26,2,24,0
19,3,0.130434782608696,0.826086956521739,0.0434782608695652,0.0393910481059206,0.10932752659721,0.054663763298605,0.0757710193100907,0.862713285053454,0.061515695636455,0.0196637569065566,0.0552599015452871,0.0276299507726435,0.119346411107466,0.809545377250325,0.0711082116422087,0.0306809250869657,0.0867772525074848,0.0433886262537424,0.0870461563549533,0.84800281004627,0.0649510335987765,0.0379138578558992,0.107023411371237,0.0535117056856187,0.0769230769230769,0.855769230769231,0.0673076923076923,0.0359276378101813,0.100725155800334,0.0503625779001667,0.0800722047085289,0.85709068468289,0.0628371106085808,34,5,26,3,21,1,20,0,25,0,21,4,24,2,22,0
19,4,0.130434782608696,0.826086956521739,0.0434782608695652,0.0162362127429358,0.0433980661142292,0.0216990330571146,0.113082506693502,0.821740199379819,0.0651772939266798,0.0294258637096574,0.07470195707459,0.037350978537295,0.127649557161612,0.791521203431528,0.0808292394068602,0.0268730496733291,0.0755132962875673,0.0377566481437837,0.115307170312948,0.803457920673703,0.0812349090133489,0.0144123296918631,0.0380434782608696,0.0190217391304348,0.114583333333333,0.822916666666667,0.0625,0.0158010116798444,0.0414088514193868,0.0207044257096934,0.112802252303098,0.823015061117643,0.0641826865792586,24,5,19,0,21,4,15,2,24,2,20,2,27,0,25,2
19,5,0.130434782608696,0.826086956521739,0.0434782608695652,0.123491463209136,0.344675220780366,0.172337610390183,0.192108215545928,0.653749346131556,0.154142438322516,0.100635570196922,0.255754465885906,0.127877232942953,0.140273149964019,0.698209723578786,0.161517126457195,0.113355990862593,0.315829547915381,0.157914773957691,0.18548476234462,0.668172182564048,0.146343055091331,0.110503852117212,0.31236808780076,0.15618404390038,0.203883495145631,0.669902912621359,0.12621359223301,0.116382739754367,0.324118078186796,0.162059039093398,0.186563216733422,0.664027917428341,0.149408865838237,22,3,13,6,28,1,24,3,29,4,23,2,24,13,9,2
20,1,0.0869565217391304,0.869565217391304,0.0434782608695652,0.0139393283930269,0.0385255250992288,0.0192627625496143,0.0929592947007068,0.85030245484169,0.0567382504576033,0.0210767367576996,0.0591692366406669,0.0295846183203334,0.069016829910747,0.899149835711638,0.0318333343776151,0.00979203480529588,0.0262905910262581,0.013145295513129,0.0897573234163101,0.856419921878175,0.0538227547055146,0.0201647461587103,0.0498100464330942,0.0249050232165471,0.087378640776699,0.844660194174757,0.0679611650485437,0.0140850232205615,0.0392758934855264,0.0196379467427632,0.0938867056612909,0.849927270648541,0.056186023690168,27,6,21,0,25,2,23,0,25,0,19,6,26,1,24,1
20,2,0.0869565217391304,0.869565217391304,0.0434782608695652,0.0646837522527545,0.171180175948137,0.0855900879740686,0.157711078216317,0.783975129417236,0.0583137923664472,0.0807083588397813,0.226139563253708,0.113069781626854,0.156988713840519,0.75649543576445,0.0865158503950309,0.0744835203644246,0.195827064564963,0.0979135322824818,0.169549538500677,0.771651685108823,0.0587987763905002,0.0665131896107491,0.181438127090301,0.0907190635451505,0.153846153846154,0.778846153846154,0.0673076923076923,0.0667777583059473,0.175741989116199,0.0878709945580997,0.160857328011733,0.781694222833205,0.0574484491550624,32,8,24,0,23,2,21,0,26,2,19,5,23,4,17,2
20,3,0.0869565217391304,0.869565217391304,0.0434782608695652,0.059087711438197,0.14664156843579,0.0733207842178951,0.0136357375212354,0.94093992089714,0.0454243415816249,0.0538098650930765,0.142236722735356,0.071118361367678,0.0158381603714525,0.928574054347356,0.0555877852811918,0.0531433764091901,0.138302364779526,0.069151182389763,0.0178053393493674,0.929634203119409,0.0525604575312232,0.0600893663866853,0.153711023276241,0.0768555116381203,0.0101010101010101,0.939393939393939,0.0505050505050505,0.0588968049210953,0.148031857999632,0.0740159289998158,0.0129405927393146,0.939656140277533,0.0474032669831528,24,1,23,0,16,0,15,1,28,0,28,0,31,0,27,4
20,4,0.0869565217391304,0.869565217391304,0.0434782608695652,0.0152683015247683,0.0401209877495186,0.0200604938747593,0.103905149000142,0.849504723516545,0.0465901274833126,0.0274124668130134,0.0774902190398493,0.0387451095199247,0.125701631259055,0.849062454075977,0.0252359146649678,0.0125378992837977,0.0322744811157028,0.0161372405578514,0.0852511143326072,0.885702457949156,0.029046427718237,0.0211387293500564,0.0582793709528214,0.0291396854764107,0.0957446808510638,0.840425531914894,0.0638297872340425,0.0135357747861002,0.0357297543106687,0.0178648771553344,0.104821398894465,0.854677913428202,0.0405006876773327,26,0,26,0,17,0,11,6,20,2,18,0,31,7,24,0
20,5,0.0869565217391304,0.869565217391304,0.0434782608695652,0.0747500846127627,0.202606505914713,0.101303252957356,0.0101400155623499,0.970868470348661,0.0189915140889894,0.0614463374121996,0.159175051465893,0.0795875257329464,0.0169493862896183,0.949152743124251,0.033897870586131,0.0674945749920779,0.182697729964707,0.0913488649823536,0.0173067867499945,0.960914082373658,0.0217791308763476,0.0746725534181885,0.202046035805627,0.101023017902813,0.00980392156862745,0.970588235294118,0.0196078431372549,0.0745537043793566,0.202119385416223,0.101059692708112,0.0103961906156109,0.970624910099416,0.0189788992849734,24,0,24,0,21,0,21,0,32,0,30,2,25,1,24,0
21,1,0.0434782608695652,0.91304347826087,0.0434782608695652,0.072402209927367,0.190919478340904,0.0954597391704517,0.0591347980479181,0.817583739090418,0.123281462861664,0.174340096561959,0.461476771927903,0.230738385963952,0.0836041695272071,0.682305092296918,0.234090738175875,0.0557431443381935,0.140711541624652,0.0703557708123259,0.0478584784075987,0.842687707448544,0.109453814143858,0.0659754190127262,0.162370142362447,0.0811850711812235,0.0442477876106195,0.831858407079646,0.123893805309735,0.0648495708423151,0.169485637526,0.0847428187630002,0.0554820681276732,0.828300659497869,0.116217272374457,34,0,34,0,31,2,23,6,25,0,24,1,23,3,13,7
21,2,0.0434782608695652,0.91304347826087,0.0434782608695652,0.105578201180761,0.285627070025924,0.142813535012962,0.186291795882527,0.803909326672346,0.00979887744512642,0.105565288961407,0.28559151397794,0.14279575698897,0.186274017858535,0.803921944194337,0.00980403794712801,0.11997193047261,0.316729794038684,0.158364897019342,0.201843157888907,0.781132330772113,0.0170245113389797,0.10556565255663,0.285592497868713,0.142796248934356,0.186274509803922,0.803921568627451,0.00980392156862745,0.105565395062275,0.285591778037171,0.142795889018586,0.186274149888151,0.803921807642863,0.00980404246898613,24,6,18,0,29,6,23,0,24,2,21,1,25,5,20,0
21,3,0.0434782608695652,0.91304347826087,0.0434782608695652,0.0160189487800589,0.043887094121468,0.021943547060734,0.0373820013451506,0.89719619072455,0.0654218079302992,0.0312693950711088,0.0789738503732751,0.0394869251866375,0.0459807937707737,0.873556553074232,0.0804626531549942,0.0312111025429245,0.0765896409390268,0.0382948204695134,0.0436170039542237,0.874748657791356,0.0816343382544202,0.0160182067000626,0.0438845997561966,0.0219422998780983,0.0373831775700935,0.897196261682243,0.0654205607476635,0.0160107950216517,0.0438687334141319,0.021934366707066,0.0373773906695382,0.897209981753831,0.0654126275766312,31,1,27,3,23,0,21,2,21,0,21,0,32,3,27,2
21,4,0.0434782608695652,0.91304347826087,0.0434782608695652,0.0538824932511928,0.150246165727649,0.0751230828638245,0.11860134373339,0.864419548559534,0.0169791077070762,0.0313211147542094,0.0873354765013467,0.0436677382506734,0.0871459991202386,0.897641158033158,0.0152128428466033,0.0515516487094716,0.143725840930436,0.071862920465218,0.115341181334783,0.866474855640929,0.0181839630242877,0.0494652606254787,0.13984760197221,0.0699238009861049,0.11340206185567,0.876288659793814,0.0103092783505155,0.0468765516739822,0.131953716408672,0.0659768582043362,0.109455119073901,0.874450829197014,0.0160940517290851,17,1,16,0,25,2,22,1,35,1,34,0,20,7,13,0
21,5,0.0434782608695652,0.91304347826087,0.0434782608695652,0.0145670657253131,0.0411714483742204,0.0205857241871102,0.0228925366824551,0.924021960903677,0.0530855024138676,0.011828152424798,0.0324436764299469,0.0162218382149734,0.0272564226545918,0.924689472809108,0.0480541045363007,0.0136016479304468,0.0384710332962113,0.0192355166481056,0.0242427442214596,0.922602806318095,0.0531544494604457,0.0152142220048645,0.0430004777830866,0.0215002388915432,0.021978021978022,0.923076923076923,0.0549450549450549,0.0141134059509362,0.039779771822807,0.0198898859114035,0.0235883749581617,0.92442948683874,0.0519821382030986,27,2,25,0,21,0,21,0,21,0,17,4,22,0,21,1
22,1,0.869565217391304,0.0434782608695652,0.0869565217391304,0.0487469613822507,0.136142596944008,0.0680712984720042,0.937636515863309,2.10797880793817e-06,0.0623613761578835,0.031224927232567,0.0869556007840817,0.0434778003920408,0.884614216555094,4.60477524375011e-07,0.115385322967382,0.0464149528345384,0.128655034886106,0.0643275174430532,0.933892734834358,8.09353070898919e-07,0.0661064558125716,0.0465211251936821,0.129001433349259,0.0645007166746298,0.934065934065934,0,0.0659340659340659,0.0471319435882049,0.130985505128597,0.0654927525642985,0.935057969955603,8.69688243239428e-07,0.0649411603561538,24,20,0,4,21,21,0,0,20,20,0,0,26,24,0,2
22,2,0.869565217391304,0.0434782608695652,0.0869565217391304,0.0319634993424914,0.0860869678193841,0.0430434839096921,0.859999302677316,0.0100006916738616,0.130000005648823,0.0558203743391351,0.156686344516738,0.0783431722583691,0.821989358098223,0.0127109479042775,0.165299693997499,0.0407760698162776,0.115157408937592,0.057578704468796,0.838027884395655,0.0174368893964185,0.144535226207926,0.0319636687265794,0.0860869565217391,0.0430434782608696,0.86,0.01,0.13,0.0319632863695455,0.0860863594732172,0.0430431797366086,0.859999422014955,0.0100008765093059,0.129999701475739,30,29,0,1,16,14,0,2,26,21,0,5,28,22,1,5
22,3,0.869565217391304,0.0434782608695652,0.0869565217391304,0.0379387291113724,0.0979373532406212,0.0489686766203106,0.918533894011615,5.18162113995413e-06,0.0814609243672451,0.0490833800778564,0.137201340966996,0.068600670483498,0.844442480240116,3.27537255932349e-07,0.155557192222628,0.0402095644450558,0.106959807065138,0.0534799035325688,0.923045120923873,9.69174188154952e-07,0.0769539099019388,0.0366159918644343,0.0921948664222106,0.0460974332111053,0.91566265060241,0,0.0843373493975904,0.0377382279953636,0.0970891430187708,0.0485445715093854,0.91810978890069,1.04837529109093e-06,0.0818891627240192,21,19,0,2,29,29,0,0,22,17,0,5,11,11,0,0
22,4,0.869565217391304,0.0434782608695652,0.0869565217391304,0.0487822198371074,0.136091651399801,0.0680458256999006,0.825699456276351,0.0192981962846183,0.155002347439031,0.0299814189616326,0.0842704746879528,0.0421352373439764,0.852595714738232,0.0183125261786608,0.129091759083107,0.0540594644781346,0.148301584677572,0.0741507923387862,0.816368917210607,0.0225237687114764,0.161107314077917,0.0568616518675879,0.159420289855072,0.0797101449275362,0.82051282051282,0.0128205128205128,0.166666666666667,0.0518665771090558,0.143513730829366,0.0717568654146828,0.820517618768508,0.0207689940776785,0.158713387153813,19,17,0,2,20,12,0,8,27,23,1,3,12,12,0,0
22,5,0.869565217391304,0.0434782608695652,0.0869565217391304,0.0265803594828365,0.0714582173616057,0.0357291086808029,0.841584025268924,0.0792073695503681,0.0792086051807077,0.0303480506865731,0.0805540168666338,0.040277008433317,0.836588169080431,0.0837552693028822,0.0796565616166871,0.0474210519304277,0.130092311561528,0.065046155780764,0.80451906161054,0.0901393182086135,0.105341620180846,0.0265806262542443,0.071459319845028,0.035729659922514,0.841584158415842,0.0792079207920792,0.0792079207920792,0.0265792211139098,0.071454639312972,0.035727319656486,0.841584667469974,0.0792055805260512,0.0792097520039751,19,17,0,2,31,24,4,3,21,19,1,1,30,25,3,2
23,1,0.826086956521739,0.0869565217391304,0.0869565217391304,0.0192196276401088,0.0538713060006007,0.0269356530003004,0.836401359799071,0.103577771462099,0.0600208687388301,0.0820382074369782,0.215667728092336,0.107833864046168,0.718253092475571,0.177944932595185,0.103801974929243,0.0187981084058877,0.0498653107276976,0.0249326553638488,0.830564207796474,0.107411925828245,0.0620238663752816,0.0184914830591243,0.0477869173521347,0.0238934586760674,0.828828828828829,0.108108108108108,0.0630630630630631,0.0187693520029186,0.0478692754096784,0.0239346377048392,0.828115326719107,0.108862789246602,0.0630218840342912,24,23,1,0,26,26,0,0,30,22,5,3,31,21,6,4
23,2,0.826086956521739,0.0869565217391304,0.0869565217391304,0.0118131933438305,0.0291558346622996,0.0145779173311498,0.840442778011984,0.0723786044079807,0.0871786175800352,0.0247355014524954,0.0660506892796455,0.0330253446398228,0.859112301161562,0.0604557311417204,0.0804319676967177,0.00648424645043534,0.0163835780372292,0.00819178901861461,0.825560252754162,0.0792914364880928,0.095148310757745,0.0156762383451584,0.0418375717801477,0.0209187858900738,0.830188679245283,0.10377358490566,0.0660377358490566,0.0049899370619134,0.0135512443787986,0.00677562218939928,0.831182812048728,0.0801808995497311,0.0886362884015406,27,25,0,2,35,24,9,2,22,20,0,2,22,19,2,1
23,3,0.826086956521739,0.0869565217391304,0.0869565217391304,0.0778801181844799,0.199032416960219,0.0995162084801094,0.735458784995828,0.18647273021924,0.0780684847849319,0.108933611587483,0.308004143865932,0.154002071932966,0.672084884588773,0.167467398229651,0.160447717181576,0.0840967120266413,0.221099661568973,0.110549830784486,0.732832617151784,0.197506352523617,0.0696610303245993,0.0729533731155452,0.179646440516006,0.0898232202580028,0.736263736263736,0.175824175824176,0.0879120879120879,0.0777692053396048,0.205450997567941,0.102725498783971,0.740699541467638,0.189682020523101,0.0696184380092607,15,10,1,4,26,22,4,0,22,14,4,4,28,21,7,0
23,4,0.826086956521739,0.0869565217391304,0.0869565217391304,0.0226192328984153,0.0639608854319708,0.0319804427159854,0.810715611675102,0.070347423869782,0.118936964455116,0.0154787440736867,0.0412982751132107,0.0206491375566054,0.830118901381967,0.066307384182525,0.103573714435508,0.0248328398651977,0.0702376554019981,0.035118827700999,0.80845099636834,0.0694736541915305,0.122075349440129,0.0397356097181136,0.10843989769821,0.0542199488491049,0.811764705882353,0.0470588235294118,0.141176470588235,0.0245727181435727,0.0694575703330125,0.0347287851665063,0.809800212345526,0.0685144807488378,0.121685306905637,25,24,0,1,23,13,1,9,22,19,1,2,15,13,2,0
23,5,0.826086956521739,0.0869565217391304,0.0869565217391304,0.058838406368111,0.166085750435959,0.0830428752179793,0.779999584993299,0.0500010180495913,0.16999939695711,0.0880594368886294,0.232643675466662,0.116321837733331,0.729408260104062,0.0673133804234772,0.203278359472461,0.0703680988511342,0.188301258430204,0.094150629215102,0.751096623238128,0.0677962258076393,0.181107150954232,0.0588387948611997,0.166086956521739,0.0830434782608696,0.78,0.05,0.17,0.05883907289268,0.166087498249724,0.0830437491248621,0.779998185116769,0.0500015440192387,0.170000270863993,18,16,1,1,31,27,0,4,21,13,2,6,30,22,2,6
24,1,0.782608695652174,0.130434782608696,0.0869565217391304,0.0609684094612099,0.17150337057639,0.0857516852881951,0.747524308650021,0.216186467896891,0.0362892234530885,0.0977445768029133,0.269755695971874,0.134877847985937,0.688959505853938,0.265312630594633,0.0457278635514289,0.0674943525937311,0.189749176066279,0.0948745880331396,0.726097215323494,0.225309370641835,0.0485934140346704,0.0597775669407458,0.167701863354037,0.0838509316770186,0.75,0.214285714285714,0.0357142857142857,0.0596956635654411,0.167529501896169,0.0837647509480844,0.74983446196071,0.21419953355678,0.0359660044825103,24,17,5,2,25,23,2,0,17,11,5,1,18,12,6,0
24,2,0.782608695652174,0.130434782608696,0.0869565217391304,0.0145044262373157,0.0389866043761238,0.0194933021880619,0.786825794498122,0.145710985950809,0.0674632195510685,0.0514665979949881,0.133404723814445,0.0667023619072223,0.715906333744952,0.189011194002583,0.0950824722524657,0.0161971695315518,0.0458012216706055,0.0229006108353028,0.770717971367696,0.153335393443998,0.0759466351883057,0.0174860292700124,0.0489130434782608,0.0244565217391304,0.791666666666667,0.145833333333333,0.0625,0.0154215705256846,0.0431220499950579,0.0215610249975289,0.79054686633301,0.144057636925389,0.0653954967416015,22,13,7,2,25,23,1,1,28,24,4,0,21,16,2,3
24,3,0.782608695652174,0.130434782608696,0.0869565217391304,0.0561986736188471,0.158927653220537,0.0794638266102685,0.862072522262442,0.0919524972947823,0.0459749804427752,0.0229673053738661,0.0612350971430142,0.030617548571507,0.813226244223681,0.12451589457402,0.0622578612022989,0.0396249965120841,0.111616718679427,0.0558083593397134,0.838417054991887,0.106921593001579,0.0546613520065332,0.0561961552892669,0.158920539730135,0.0794602698650674,0.862068965517241,0.0919540229885057,0.0459770114942529,0.0561778846078301,0.158864387300425,0.0794321936502124,0.862040889302386,0.0920703652768088,0.0458887454208049,16,15,1,0,17,17,0,0,30,23,4,3,24,20,3,1
24,4,0.782608695652174,0.130434782608696,0.0869565217391304,0.0850790682007952,0.239097217409841,0.119548608704921,0.663060086947253,0.178429045093162,0.158510867959584,0.13264096509903,0.375161199639184,0.187580599819592,0.595028095832582,0.224984925985771,0.179986978181647,0.0980863823934535,0.274562160196523,0.137281080098262,0.645327615553912,0.181846381835966,0.172826002610121,0.0910718983557866,0.25752508361204,0.12876254180602,0.653846153846154,0.192307692307692,0.153846153846154,0.092015172401023,0.258952582605539,0.129476291302769,0.653132404349405,0.183898824267067,0.162968771383529,33,19,8,6,28,15,9,4,24,16,3,5,19,18,0,1
24,5,0.782608695652174,0.130434782608696,0.0869565217391304,0.0244949665318731,0.0681324376061778,0.0340662188030889,0.771018437566019,0.107958821891762,0.121022740542219,0.00695332572450336,0.0182934372628036,0.00914671863140176,0.77490863493483,0.128988124694638,0.0961032403705322,0.0404078946232526,0.101374929465802,0.0506874647329011,0.830805931273903,0.0797473178757946,0.0894467508503028,0.0496997918825572,0.139130434782609,0.0695652173913043,0.826086956521739,0.0608695652173913,0.11304347826087,0.0300434761115905,0.0803843510736691,0.0401921755368346,0.814636147739636,0.0902426070718611,0.0951212451885029,25,19,4,2,27,26,1,0,46,43,1,2,17,7,1,9
25,1,0.739130434782609,0.173913043478261,0.0869565217391304,0.0574336592871349,0.154567084717759,0.0772835423588794,0.661846892423729,0.234196866062628,0.103956241513643,0.198347096326515,0.519224191755204,0.259612095877602,0.479518338905007,0.395716513594365,0.124765147500628,0.0347642557876495,0.0938976234609492,0.0469488117304746,0.703019295616157,0.220861855208735,0.0761188491751074,0.0604910334805116,0.169027845627748,0.084513922813874,0.685393258426966,0.258426966292135,0.0561797752808989,0.041779428900972,0.113751908582571,0.0568759542912853,0.682254480491323,0.216211950842643,0.101533568666033,17,13,3,1,20,7,10,3,30,29,0,1,22,12,10,0
25,2,0.739130434782609,0.173913043478261,0.0869565217391304,0.130039634240136,0.319658750206051,0.159829375103026,0.580435116041731,0.333742418581287,0.0858224653769828,0.196152135204514,0.496527154487562,0.248263577243781,0.507819415996821,0.422176620722042,0.0700039632811376,0.129234353192137,0.325370087428697,0.162685043714348,0.57644539106826,0.327383642262735,0.0961709666690053,0.13086488336413,0.331419196062346,0.165709598031173,0.584905660377358,0.339622641509434,0.0754716981132075,0.127192354903792,0.312840912140988,0.156420456070494,0.584002566306549,0.330333499548755,0.085663934144696,27,20,3,4,25,10,13,2,25,12,12,1,29,20,8,1
25,3,0.739130434782609,0.173913043478261,0.0869565217391304,0.0641011178866651,0.176152035453446,0.088076017726723,0.713677131930688,0.111290328603458,0.175032539465853,0.0697137556804056,0.183777789227124,0.0918888946135618,0.754134053373529,0.0820241488646991,0.163841797761772,0.067134851218018,0.189468582830268,0.0947342914151341,0.697212407779242,0.121096779066494,0.181690813154265,0.0531870729638685,0.150411280846063,0.0752056404230317,0.702702702702703,0.135135135135135,0.162162162162162,0.0625949385939958,0.175633426235023,0.0878167131175117,0.704884281870364,0.120342483272994,0.174773234856642,20,15,0,5,31,23,2,6,24,20,2,2,36,20,11,5
25,4,0.739130434782609,0.173913043478261,0.0869565217391304,0.00303242472586289,0.0085648160395367,0.00428240801976842,0.743412842802377,0.171969667022586,0.0846174901750367,0.0654883724330405,0.17100146214509,0.0855007310725452,0.653629703710063,0.247490493298295,0.0988798029916412,0.00959707565598999,0.0247063417929786,0.0123531708964894,0.751483605679098,0.16286766266342,0.0856487316574822,0.0144860523912108,0.0409698996655518,0.0204849498327759,0.759615384615385,0.163461538461538,0.0769230769230769,0.0132139732409152,0.0358225992204173,0.0179112996102087,0.757041734392817,0.160341915049824,0.0826163505573585,31,24,3,4,30,29,1,0,20,11,6,3,23,15,7,1
25,5,0.739130434782609,0.173913043478261,0.0869565217391304,0.0273151674680923,0.0760585685300244,0.0380292842650122,0.725990119371784,0.211942327743273,0.062067552884943,0.0330657671812545,0.0921763560413309,0.0460881780206655,0.72293669787848,0.220001221498926,0.0570620806225934,0.0284768635181771,0.0782067830836051,0.0391033915418026,0.727920873702282,0.213016435020063,0.0590626912776546,0.0202698677478796,0.0556826849733028,0.0278413424866514,0.719298245614035,0.201754385964912,0.0789473684210526,0.0290689449170931,0.0803774941411166,0.0401887470705584,0.72652964480685,0.214101790548819,0.0593685646443312,29,19,10,0,28,24,4,0,25,16,2,7,32,23,7,2
26,1,0.695652173913043,0.217391304347826,0.0869565217391304,0.0597250838151809,0.164965886699177,0.0824829433495887,0.638661051531425,0.299874247697415,0.0614647007711602,0.0488499541781935,0.125079412980196,0.062539706490098,0.689800146478175,0.279931010837924,0.0302688426839006,0.0537498327530215,0.151612145455593,0.0758060727277967,0.652886392988953,0.293197377075623,0.0539162299354243,0.0419860961288571,0.112387202625103,0.0561936013125513,0.650943396226415,0.273584905660377,0.0754716981132075,0.0595271502932486,0.165755467121311,0.0828777335606554,0.641419426058574,0.300269037908481,0.0583115360329442,24,7,10,7,34,23,10,1,24,18,6,0,24,21,3,0
26,2,0.695652173913043,0.217391304347826,0.0869565217391304,0.022393998032459,0.0606737817985229,0.0303368908992615,0.67261025973982,0.247728195247088,0.0796615450130927,0.03879165258748,0.104001601387224,0.0520008006936122,0.654514864663855,0.269392105041438,0.0760930302947071,0.0313479598484472,0.0854151846182991,0.0427075923091496,0.652944581603894,0.249045005810528,0.0980104125855779,0.0224375664824004,0.0607926125432858,0.0303963062716429,0.672566371681416,0.247787610619469,0.079646017699115,0.022441445882874,0.0608015244396825,0.0304007622198413,0.67256046957375,0.247792066567667,0.0796474638585829,24,15,8,1,29,20,8,1,36,22,10,4,24,19,2,3
26,3,0.695652173913043,0.217391304347826,0.0869565217391304,0.0472472935574009,0.133632216760055,0.0668161083800274,0.628836065533016,0.251206628055665,0.119957306411319,0.0475311153528286,0.134094016710939,0.0670470083554697,0.666292128989587,0.179704340915813,0.1540035300946,0.0427832220474196,0.117399740021946,0.0586998700109729,0.636952303902071,0.234038874271983,0.129008821825946,0.0392331187582633,0.107093821510297,0.0535469107551487,0.642105263157895,0.231578947368421,0.126315789473684,0.0393575573616416,0.106977536109418,0.053488768054709,0.642163405858334,0.230803781114608,0.127032813027058,27,16,5,6,14,5,9,0,22,18,3,1,32,22,5,5
26,4,0.695652173913043,0.217391304347826,0.0869565217391304,0.114486194184638,0.313292677015134,0.156646338507567,0.581873730545902,0.374037642855393,0.0440886265987051,0.0565037347118766,0.139994700749907,0.0699973503749535,0.697269922511378,0.285770906124445,0.0169591713641769,0.0932713862588964,0.263588961200489,0.131794480600244,0.625065754103858,0.349185784948071,0.025748460948071,0.108152026879034,0.303081468974251,0.151540734487125,0.601941747572815,0.368932038834951,0.029126213592233,0.108570099609231,0.298538328175468,0.149269164087734,0.58986895974593,0.36666046843556,0.0434705718185096,27,19,8,0,24,3,21,0,26,22,1,3,26,18,8,0
26,5,0.695652173913043,0.217391304347826,0.0869565217391304,0.071310280086734,0.195428051000004,0.097714025500002,0.597938148413041,0.244644822368701,0.157417029218258,0.22599692742196,0.602764434933364,0.301382217466682,0.394269956446362,0.46021539334556,0.145514650208078,0.0745920245745068,0.210793201203601,0.1053966006018,0.590255573311243,0.273913559587549,0.135830867101208,0.0884255663315635,0.234441602728048,0.117220801364024,0.57843137254902,0.313725490196078,0.107843137254902,0.0862561983467502,0.242641377866368,0.121320688933184,0.574331484979859,0.267044130591219,0.158624384428922,24,20,1,3,28,13,14,1,20,17,1,2,30,9,16,5
27,1,0.652173913043478,0.260869565217391,0.0869565217391304,0.0793938248414631,0.200854342358741,0.10042717117937,0.551746741864108,0.354567131778435,0.0936861263574571,0.0800178780260303,0.219720694212246,0.109860347106123,0.573742264941474,0.370729912323515,0.0555278227350112,0.0814139144153093,0.209995600375842,0.104997800187921,0.547176112855557,0.3542822118693,0.0985416752751423,0.0825583735517938,0.22742474916388,0.11371237458194,0.538461538461538,0.340659340659341,0.120879120879121,0.0794108796804719,0.203621903497571,0.101810951748785,0.550362961294693,0.352824149430997,0.09681288927431,25,11,5,9,23,14,8,1,25,14,11,0,18,10,7,1
27,2,0.652173913043478,0.260869565217391,0.0869565217391304,0.032904566993061,0.0915837187339311,0.0457918593669655,0.606382053676513,0.276596463914172,0.117021482409316,0.0424802310930163,0.118682831344713,0.0593414156723567,0.592832497371122,0.282428408898239,0.124739093730639,0.0487760574424271,0.135170758279671,0.0675853791398356,0.584588533903643,0.282711603577692,0.132699862518665,0.0329039606076562,0.091581868640148,0.045790934320074,0.606382978723404,0.276595744680851,0.117021276595745,0.0329040200387295,0.0915820504235073,0.0457910252117536,0.606382887831725,0.276595816382501,0.117021295785775,19,12,3,4,25,18,6,1,25,14,9,2,25,13,8,4
27,3,0.652173913043478,0.260869565217391,0.0869565217391304,0.0581489851212966,0.151172012185737,0.0755860060928687,0.642434848546769,0.195022623621232,0.162542527831999,0.0374159675696601,0.0954222643377309,0.0477111321688655,0.60850249865183,0.256829847440174,0.134667653907996,0.0611611450863479,0.153779402512999,0.0768897012564994,0.648036625472441,0.188117151531929,0.16384622299563,0.0773756781212838,0.205833791964777,0.102916895982389,0.632911392405063,0.177215189873418,0.189873417721519,0.0623238609549798,0.169154728689616,0.0845773643448082,0.631365397231409,0.197100716684652,0.171533886083939,22,7,4,11,19,19,0,0,16,11,4,1,22,13,6,3
27,4,0.652173913043478,0.260869565217391,0.0869565217391304,0.0638611813183375,0.159255230536876,0.079627615268438,0.649264818984311,0.340497180485829,0.0102380005298601,0.0837831601493881,0.234039820298868,0.117019910149434,0.609763099510806,0.377889475366825,0.0123474251223687,0.0642978220926092,0.171008340447624,0.0855041702238118,0.636219076755515,0.346373735441203,0.017407187803282,0.0637407714758002,0.158260869565217,0.0791304347826087,0.65,0.34,0.01,0.0637397698064402,0.158259719547967,0.0791298597739836,0.649998638832612,0.339999424991375,0.0100019361760128,20,14,6,0,21,13,8,0,34,26,8,0,25,12,12,1
27,5,0.652173913043478,0.260869565217391,0.0869565217391304,0.179216926889148,0.497864367275995,0.248932183637997,0.403241729405481,0.426598670587258,0.170159600007261,0.147180026592084,0.407716003358011,0.203858001679006,0.448315911364473,0.399190552881632,0.152493535753895,0.177776856180635,0.493692035718731,0.246846017859365,0.405327895184113,0.425610832707129,0.169061272108758,0.178160839359163,0.499153020892151,0.249576510446076,0.402597402597403,0.415584415584416,0.181818181818182,0.177092155651338,0.492338743570588,0.246169371785294,0.406004541258184,0.423865749277633,0.170129709464183,19,4,7,8,23,12,8,3,19,8,8,3,16,7,9,0
28,1,0.608695652173913,0.304347826086957,0.0869565217391304,0.0289957520966118,0.0794822627768414,0.0397411313884206,0.648436783562334,0.275724414201451,0.0758388022362148,0.0511362724318841,0.127946751404664,0.0639733757023323,0.611477324389439,0.240374450384624,0.148148225225937,0.0219878908273301,0.0599923879276434,0.0299961939638217,0.638691846137735,0.28225238627019,0.079055767592075,0.0279875791690148,0.0738119312436805,0.0369059656218403,0.63953488372093,0.267441860465116,0.0930232558139535,0.0266418016400637,0.0717853195988656,0.0358926597994328,0.644588311973346,0.276478486495902,0.0789332015307522,22,12,10,0,22,18,4,0,27,15,6,6,15,10,3,2
28,2,0.608695652173913,0.304347826086957,0.0869565217391304,0.0416081656054855,0.113489308603942,0.056744654301971,0.566836578799594,0.361092480388928,0.0720709408114787,0.0407896887352508,0.11416876683836,0.05708438341918,0.572961246763591,0.361432209506137,0.0656065437302723,0.0482361966765381,0.120822434314705,0.0604112171573528,0.54828443501656,0.361993544649047,0.0897220203343924,0.0503018438453578,0.138967899227956,0.069483949613978,0.560747663551402,0.373831775700935,0.0654205607476635,0.0476723071409203,0.129352479628251,0.0646762398141254,0.559873864445741,0.369024065901082,0.0711020696531769,37,15,20,2,21,11,9,1,25,18,4,3,24,16,7,1
28,3,0.608695652173913,0.304347826086957,0.0869565217391304,0.016206351717014,0.0420168042086498,0.0210084021043249,0.590257093256706,0.325356228191281,0.0843866785520124,0.0141009883248362,0.036189702185256,0.0180948510926281,0.590600801081285,0.306136527189027,0.103262671729688,0.0254105948409946,0.0701010816948881,0.0350505408474441,0.573645111326469,0.328739113186016,0.0976157754875149,0.0169274526397318,0.0439359267734555,0.0219679633867277,0.589473684210526,0.326315789473684,0.0842105263157895,0.0168334696975322,0.0428878137338081,0.0214439068669041,0.589020057202,0.325791732953861,0.0851882098441397,28,17,7,4,22,14,6,2,20,15,5,0,25,10,13,2
28,4,0.608695652173913,0.304347826086957,0.0869565217391304,0.0832127389398539,0.21691367800361,0.108456839001805,0.623371885412729,0.195890987085151,0.18073712750212,0.125238664901072,0.329337402580523,0.164668701290262,0.747512291112263,0.139679124796695,0.112808584091042,0.0903958616584776,0.253836345051169,0.126918172525585,0.658890092963027,0.177429653561372,0.163680253475601,0.093577186245513,0.264609630668537,0.132304815334268,0.67741935483871,0.172043010752688,0.150537634408602,0.0892274093884215,0.249206066820446,0.124603033410223,0.65373857890239,0.179744792676733,0.166516628420877,27,19,5,3,16,3,7,6,26,21,1,4,24,20,3,1
28,5,0.608695652173913,0.304347826086957,0.0869565217391304,0.0797676390007185,0.216779194436782,0.108389597218391,0.717085249392304,0.223077470996875,0.0598372796108206,0.141080970471389,0.375755693152254,0.187877846576127,0.79657349875004,0.152252248681231,0.0511742525687291,0.0718910190647702,0.198034042311454,0.099017021155727,0.70771267332964,0.234859323658707,0.0574280030116527,0.0707575266088594,0.200084423807514,0.100042211903757,0.70873786407767,0.252427184466019,0.0388349514563107,0.0720282099344993,0.198470041787165,0.0992350208935826,0.707930673067496,0.234820456003791,0.0572488709287133,17,14,1,2,31,15,16,0,30,26,3,1,25,18,6,1
29,1,0.565217391304348,0.347826086956522,0.0869565217391304,0.0564116930488868,0.148994183948842,0.0744970919744211,0.490720299329927,0.409794182585235,0.0994855180848383,0.101407216375873,0.279413492596032,0.139706746298016,0.467316663934826,0.487532833254538,0.0451505028106362,0.0558778345830249,0.147220078801232,0.0736100394006159,0.491607351903732,0.409524281848269,0.0988683662479995,0.0706184802050713,0.197101449275362,0.0985507246376811,0.466666666666667,0.411111111111111,0.122222222222222,0.0557736752580618,0.147953396841302,0.0739766984206509,0.491240692883697,0.408513388586156,0.100245918530147,25,10,14,1,17,8,9,0,25,13,11,1,23,11,3,9
29,2,0.565217391304348,0.347826086956522,0.0869565217391304,0.0529174886663548,0.146668159555741,0.0733340797778704,0.491883311526477,0.397415025602233,0.110701662871289,0.0391985791784584,0.107013257348674,0.0535066286743369,0.579417880049452,0.294319458282185,0.126262661668363,0.0458754809793752,0.122187180873468,0.061093590436734,0.504123800867614,0.39728106924544,0.0985951298869459,0.0414676436726865,0.110826939471441,0.0554134697357204,0.509803921568627,0.392156862745098,0.0980392156862745,0.0449193446018139,0.11879372912673,0.0593968645633648,0.505820526740983,0.397034276776824,0.097145196482193,24,15,7,2,38,20,18,0,23,14,5,4,17,3,10,4
29,3,0.565217391304348,0.347826086956522,0.0869565217391304,0.0462889901501954,0.128017479321835,0.0640087396609176,0.629226130965265,0.303940351507878,0.0668335175268571,0.0661823114150943,0.182780155016257,0.0913900775081288,0.656607468812477,0.284637111648312,0.0587554195392112,0.0490630937474899,0.136199056442768,0.0680995282213842,0.633316919525732,0.302260184424851,0.0644228960494171,0.0564933253338862,0.138795986622074,0.0693979933110368,0.634615384615385,0.278846153846154,0.0865384615384615,0.0501142003220963,0.139001925229865,0.0695009626149323,0.63471835391928,0.301060541871317,0.0642211042094028,24,9,8,7,25,17,8,0,30,23,7,0,25,17,6,2
29,4,0.565217391304348,0.347826086956522,0.0869565217391304,0.0773347789372986,0.217401678954466,0.108700839477233,0.609122827910861,0.239125247479289,0.15175192460985,0.11001009565058,0.308784149319688,0.154392074659844,0.659016054307533,0.193434012296677,0.147549933395789,0.076421491182612,0.205824671306649,0.102912335653324,0.588087638651791,0.244913751303198,0.166998610045011,0.07298925192788,0.205456095481671,0.102728047740835,0.607843137254902,0.245098039215686,0.147058823529412,0.0749766495229073,0.210532662440837,0.105266331220418,0.606828007569409,0.242559755736103,0.150612236694487,26,18,3,5,31,13,13,5,18,11,4,3,27,20,5,2
29,5,0.565217391304348,0.347826086956522,0.0869565217391304,0.0825347882117247,0.232560842619896,0.116280421309948,0.4489369699944,0.414748928920911,0.136314101084689,0.0732084784963786,0.18175169512346,0.0908758475617302,0.47682126419647,0.34534636650267,0.177832369300861,0.0678707603825279,0.191622234309044,0.0958111171545219,0.469406274149826,0.390748419213854,0.139845306636321,0.062369642649832,0.176306342241723,0.0881531711208615,0.477064220183486,0.394495412844037,0.128440366972477,0.0697569415433174,0.196684390730912,0.0983421953654562,0.466875195938892,0.39024027719253,0.142884526868579,32,13,11,8,20,3,16,1,34,23,7,4,23,13,9,1
30,1,0.521739130434783,0.391304347826087,0.0869565217391304,0.0671243914533354,0.176861907430998,0.0884309537154988,0.507415135820247,0.479735301541586,0.0128495626381668,0.103334187398852,0.292251299156443,0.146125649578221,0.44712636062127,0.537429997404308,0.0154436419744221,0.0618765533545029,0.16510769378334,0.0825538468916701,0.505596019972436,0.473858194717757,0.0205457853098067,0.0656636283069899,0.169772256728778,0.0848861283643892,0.511904761904762,0.476190476190476,0.0119047619047619,0.0656627904204548,0.16977355119203,0.084886775596015,0.511900643577963,0.476191123422102,0.0119082329999348,30,20,10,0,18,8,9,1,19,7,12,0,17,8,9,0
30,2,0.521739130434783,0.391304347826087,0.0869565217391304,0.0377351120970875,0.0990456864301215,0.0495228432150607,0.479757835790786,0.440827191041148,0.0794149731680667,0.0347202640224784,0.0857191415068989,0.0428595707534494,0.563918325364756,0.348444777072638,0.0876368975626063,0.043347861837039,0.111941860285186,0.0559709301425931,0.46576820029219,0.440946149683513,0.0932856500242975,0.0443763980246003,0.11983032873807,0.059915164369035,0.475609756097561,0.451219512195122,0.0731707317073171,0.0433716624457497,0.113481221306371,0.0567406106531853,0.473193865827195,0.448044958479272,0.0787611756935328,11,6,4,1,26,7,16,3,23,11,12,0,22,15,5,2
30,3,0.521739130434783,0.391304347826087,0.0869565217391304,0.0119192995644061,0.0324723564930183,0.0162361782465091,0.537975308681292,0.387109833618616,0.0749148577000926,0.0265558135763853,0.0734027310026834,0.0367013655013417,0.496491043838585,0.379851068920943,0.123657887240472,0.00861412741645596,0.0241490857235619,0.012074542861781,0.533813673296564,0.386666664809577,0.0795196618938595,0.0119030972709379,0.0334448160535117,0.0167224080267558,0.538461538461538,0.384615384615385,0.0769230769230769,0.00917559189074556,0.0256333963119361,0.0128166981559681,0.534555828590751,0.386652818631408,0.078791352777841,26,17,8,1,31,14,11,6,23,18,5,0,24,7,16,1
30,4,0.521739130434783,0.391304347826087,0.0869565217391304,0.118040125009822,0.332658662160806,0.166329331080403,0.59261063180701,0.224975016745684,0.182414351447307,0.149390692690342,0.393266048460163,0.196633024230082,0.490340171550185,0.226070282480603,0.283589545969212,0.117633980842028,0.332519907818349,0.166259953909174,0.599884032896099,0.225044393916913,0.175071573186989,0.131629721304605,0.371894409937888,0.185947204968944,0.607142857142857,0.205357142857143,0.1875,0.120192506167303,0.339908931125072,0.169954465562536,0.604273509417624,0.221349882263551,0.174376608318825,22,8,7,7,29,21,5,3,33,25,7,1,28,14,4,10
30,5,0.521739130434783,0.391304347826087,0.0869565217391304,0.0639085212530009,0.178055713646881,0.0890278568234406,0.490715167374635,0.480332204649528,0.0289526279758377,0.0866616018282467,0.244607995284938,0.122303997642469,0.467417136566666,0.513608345468556,0.0189745179647785,0.065519381092279,0.183455114504497,0.0917275572522486,0.487221072520651,0.483031905078336,0.0297470224010138,0.0552715029558678,0.156166814551908,0.0780834072759539,0.479591836734694,0.469387755102041,0.0510204081632653,0.0655189895788739,0.183438514446961,0.0917192572234805,0.487272060093011,0.483023605049567,0.0297043348574212,26,8,13,5,23,16,7,0,21,10,11,0,28,13,15,0
31,1,0.478260869565217,0.434782608695652,0.0869565217391304,0.0639782807832548,0.173907733691119,0.0869538668455595,0.500079100385463,0.499918244720966,2.65489357095118e-06,0.109124130721594,0.307782593724469,0.153891296862235,0.411325986397549,0.588673905557887,1.08044564711797e-07,0.0646362350233438,0.173903517092992,0.0869517585464961,0.497317328672473,0.502677908134893,4.76319263435738e-06,0.0656666292351018,0.173913043478261,0.0869565217391304,0.493506493506494,0.506493506493506,0,0.064871123658291,0.173909098256279,0.0869545491281398,0.496408836667863,0.503589190721146,1.97261099067537e-06,15,6,9,0,19,15,4,0,25,9,16,0,18,8,10,0
31,2,0.478260869565217,0.434782608695652,0.0869565217391304,0.0377366004224148,0.105831347142193,0.0529156735710965,0.531176543136314,0.414326866132071,0.0544965907316155,0.236346686819355,0.645950449963245,0.322975224981623,0.242242138796322,0.757757833677275,2.75264035648748e-08,0.0353797036240383,0.0993291154069023,0.0496645577034511,0.527925427268669,0.415209505052799,0.0568650676785329,0.030214364588507,0.0851449275362319,0.042572463768116,0.520833333333333,0.416666666666667,0.0625,0.0354125241016763,0.0994146866438207,0.0497073433219104,0.527968212887128,0.415216215142193,0.0568155719706793,26,8,18,0,21,12,9,0,22,14,7,1,27,16,6,5
31,3,0.478260869565217,0.434782608695652,0.0869565217391304,0.0308788538482467,0.0765723225574917,0.0382861612787458,0.440927604391996,0.473068769974398,0.0860036256336061,0.00606034290454543,0.0162325986992896,0.00811629934964475,0.484703531314077,0.426666309346007,0.0886301593399159,0.0300384349206377,0.0789871610969918,0.0394935805484959,0.438767289016722,0.468081305858478,0.0931514051248007,0.029339983229252,0.07383100902379,0.036915504511895,0.443396226415094,0.471698113207547,0.0849056603773585,0.029779547641968,0.075078129659882,0.037539064829941,0.442958153989994,0.472321673525593,0.0847201724844131,23,14,7,2,25,10,15,0,38,18,17,3,20,5,11,4
31,4,0.478260869565217,0.434782608695652,0.0869565217391304,0.036711117447822,0.0935607830292345,0.0467803915146172,0.474370813389615,0.391892273356638,0.133736913253748,0.049477608748326,0.136883170730578,0.0684415853652893,0.431436002315473,0.413165890580107,0.15539810710442,0.0322630782262429,0.0839722870480814,0.0419861435240407,0.472734928724379,0.39832240601245,0.128942665263171,0.0358922880150087,0.0988142292490118,0.0494071146245059,0.463636363636364,0.4,0.136363636363636,0.0319792384864732,0.0831701968795903,0.0415850984397951,0.472863684325314,0.39859469549576,0.128541620178926,27,8,14,5,25,13,9,3,25,14,4,7,33,16,17,0
31,5,0.478260869565217,0.434782608695652,0.0869565217391304,0.139479129416541,0.38654393477599,0.193271967387995,0.609045078405983,0.241510641307657,0.14944428028636,0.184223918210997,0.499013931537151,0.249506965768575,0.667955738223428,0.185275642927077,0.146768618849495,0.138525757620924,0.388746774525297,0.194373387262649,0.596621085097961,0.240409221433004,0.162969693469035,0.153974850441129,0.434782608695652,0.217391304347826,0.597826086956522,0.217391304347826,0.184782608695652,0.138463255232015,0.388578868150516,0.194289434075258,0.596543737638503,0.240493174620394,0.162963087741102,15,10,5,0,29,10,8,11,23,18,4,1,25,17,3,5
32,1,0.434782608695652,0.478260869565217,0.0869565217391304,0.101868461738898,0.255534087513714,0.127767043756857,0.307015564938795,0.484503588683803,0.208480846377402,0.12989827315391,0.356542016370869,0.178271008185435,0.307242316060835,0.4275301540146,0.265227529924565,0.0959423764900417,0.235956739812617,0.117978369906308,0.316804238789344,0.479213535105823,0.203982226104833,0.110199423821235,0.272162619988707,0.136081309994353,0.298701298701299,0.480519480519481,0.220779220779221,0.102330694231552,0.254844388394285,0.127422194197143,0.307360414498509,0.482557786602491,0.210081798898999,19,6,6,7,21,4,10,7,17,5,12,0,20,8,9,3
32,2,0.434782608695652,0.478260869565217,0.0869565217391304,0.0596298708178882,0.168049538107825,0.0840247690539127,0.398971907788047,0.56228563861913,0.0387424535928225,0.0293727272818841,0.0740284872078456,0.0370142436039228,0.471796852299575,0.476081484587017,0.052121663113408,0.0547821720964924,0.154760324057655,0.0773801620288276,0.399388352723449,0.555641031594045,0.0449706156825058,0.0594237764779752,0.167287784679089,0.0836438923395445,0.4,0.561904761904762,0.0380952380952381,0.058016186890089,0.163537200782858,0.081768600391429,0.399749710419026,0.560029469956646,0.0402208196243278,22,10,11,1,32,16,13,3,24,11,13,0,27,5,22,0
32,3,0.434782608695652,0.478260869565217,0.0869565217391304,0.0980016506067244,0.253172077373426,0.126586038686713,0.322617650679186,0.604846908251931,0.0725354410688835,0.0620568629297507,0.166863142998195,0.0834315714990974,0.351351037196555,0.543555480835051,0.105093481968394,0.0920146552067694,0.233464190015714,0.116732095007857,0.326614365903378,0.594992964573074,0.0783926695235474,0.100639915886605,0.25997310623039,0.129986553115195,0.319587628865979,0.608247422680412,0.0721649484536082,0.0999881219165166,0.260322193925887,0.130161096962944,0.321848080080437,0.608421966528161,0.0697299533914015,19,5,10,4,26,9,17,0,28,6,21,1,24,11,11,2
32,4,0.434782608695652,0.478260869565217,0.0869565217391304,0.0169959393761501,0.047929795080592,0.023964897540296,0.458747506235948,0.467877075644933,0.0733754181191186,0.00833672390342454,0.0235049013460682,0.0117524506730342,0.429719633349187,0.490013320238252,0.0802670464125612,0.0146631920824619,0.0384081172724511,0.0192040586362256,0.453986667331878,0.46188263909948,0.0841306935686423,0.0169732465334216,0.0478659752692461,0.0239329876346231,0.458715596330275,0.467889908256881,0.073394495412844,0.0169420107751399,0.0477756188979999,0.023887809449,0.458670418144652,0.467922272740665,0.0734073091146827,29,17,9,3,21,11,10,0,24,10,13,1,35,12,19,4
32,5,0.434782608695652,0.478260869565217,0.0869565217391304,0.134458943107575,0.373659030055653,0.186829515027826,0.621612123723479,0.354188970823535,0.0241989054529866,0.117923376508403,0.332579106348376,0.166289553174188,0.60107216186984,0.384174316634204,0.0147535214959559,0.127164782276467,0.356581608788311,0.178290804394156,0.613073413089808,0.368728839925239,0.0181977469849528,0.121323984797374,0.342555994729908,0.171277997364954,0.606060606060606,0.383838383838384,0.0101010101010101,0.124496854608233,0.348005172619699,0.174002586309849,0.608785195005502,0.367988882842467,0.0232259221520319,24,8,16,0,19,18,1,0,30,17,13,0,26,17,8,1
33,1,0.391304347826087,0.521739130434783,0.0869565217391304,0.0259008118360699,0.0716411579336704,0.0358205789668352,0.427124926792922,0.510457767901618,0.0624173053054595,0.0435776372709549,0.117648427971273,0.0588242139856363,0.332480133840451,0.567066625952781,0.100453240206768,0.0288228612018745,0.0804026230803821,0.0402013115401911,0.431505659366278,0.507471733156316,0.0610226074774062,0.0296803297124109,0.0833706857911251,0.0416853428955625,0.43298969072165,0.505154639175258,0.0618556701030928,0.0286417544770608,0.0801533000315366,0.0400766500157684,0.431380997841855,0.506792145321422,0.0618268568367231,27,10,13,4,24,18,6,0,27,10,17,0,19,4,13,2
33,2,0.391304347826087,0.521739130434783,0.0869565217391304,0.0231153294878369,0.0653108991420611,0.0326554495710305,0.376278120632696,0.554394580005813,0.069327299361491,0.0422057407428682,0.11192664476051,0.055963322380255,0.345348629258616,0.577702452815038,0.0769489179263465,0.0148048699354617,0.0408156516625133,0.0204078258312567,0.37089652199483,0.535994801529242,0.0931086764759275,0.0231579468899058,0.0654326302195438,0.0327163151097719,0.376237623762376,0.554455445544555,0.0693069306930693,0.0231391742953948,0.0653778897781641,0.032688944889082,0.376266298796029,0.554428075323865,0.0693056258801062,19,6,12,1,28,9,17,2,26,8,15,3,28,15,12,1
33,3,0.391304347826087,0.521739130434783,0.0869565217391304,0.0338289228390471,0.0917159244952299,0.0458579622476149,0.345446385578472,0.532862201828817,0.121691412592711,0.0763462342781169,0.214069268046057,0.107034634023028,0.325506494493185,0.480502349744656,0.193991155762159,0.038662369517586,0.108253597061966,0.0541267985309829,0.337177549295104,0.542102866599689,0.120719584105207,0.0309702061305427,0.0778467908902692,0.0389233954451346,0.352380952380952,0.523809523809524,0.123809523809524,0.0413513206319104,0.11305016183414,0.0565250809170703,0.334779266909017,0.537017680848128,0.128203052242855,29,2,23,4,19,9,9,1,27,17,10,0,30,9,13,8
33,4,0.391304347826087,0.521739130434783,0.0869565217391304,0.0409334475959521,0.115767940698061,0.0578839703490305,0.419609795012537,0.463855160085752,0.116535044901711,0.0284755464205318,0.0760112767719942,0.0380056383859971,0.42183815587852,0.483733492048785,0.0944283520726941,0.0481209040203563,0.135509456701696,0.067754728350848,0.419667666736771,0.453984402083935,0.126347931179295,0.041123185108032,0.116205533596838,0.058102766798419,0.418181818181818,0.463636363636364,0.118181818181818,0.0415322872648635,0.117470633870815,0.0587353169354077,0.420536963524203,0.463003813499375,0.116459222976422,27,12,8,7,31,15,13,3,26,9,16,1,26,10,14,2
33,5,0.391304347826087,0.521739130434783,0.0869565217391304,0.200523529743752,0.517389818952255,0.258694909476127,0.161347565341071,0.78043403991091,0.0582183947480192,0.198274438283462,0.494839153227769,0.247419576613884,0.15332822963108,0.769158707048667,0.0775130633202533,0.185260205220505,0.478845892330702,0.239422946165351,0.179454364365594,0.761162076600134,0.0593835590342726,0.200771040521374,0.516521739130435,0.258260869565217,0.16,0.78,0.06,0.200491611538148,0.517080478636313,0.258540239318157,0.16122233434625,0.780279369752939,0.0584982959008109,29,5,20,4,25,2,21,2,26,4,22,0,20,5,15,0
34,1,0.347826086956522,0.565217391304348,0.0869565217391304,0.0583887040870515,0.153654186404334,0.0768270932021671,0.283200721265054,0.642044484506515,0.0747547942284313,0.0904010299706305,0.229662116874139,0.114831058437069,0.241739310134366,0.680048449741417,0.0782122401242172,0.0499755431010966,0.132831702114232,0.0664158510571158,0.281410235899406,0.619354564517512,0.0992351995830819,0.058117513469217,0.153968887116075,0.0769844435580376,0.284403669724771,0.642201834862385,0.073394495412844,0.0582135170452545,0.151889897225487,0.0759449486127434,0.282331004937162,0.641162339917091,0.0765066551457468,26,13,11,2,27,6,19,2,21,3,17,1,35,9,23,3
34,2,0.347826086956522,0.565217391304348,0.0869565217391304,0.112577488669942,0.300377754068296,0.150188877034148,0.197637209922374,0.686061281668001,0.116301508409625,0.128062221366062,0.347774448479056,0.173887224239528,0.173938862716994,0.696005316014452,0.130055821268554,0.110154381273891,0.30100411960112,0.15050205980056,0.197324027155962,0.675294116712284,0.127381856131754,0.106401837656597,0.276604554865424,0.138302277432712,0.20952380952381,0.685714285714286,0.104761904761905,0.113063790169644,0.302790341432058,0.151395170716029,0.196430916240493,0.685465596009194,0.118103487750314,24,11,12,1,23,1,20,2,29,3,22,4,29,7,18,4
34,3,0.347826086956522,0.565217391304348,0.0869565217391304,0.0935170915991214,0.234911452850199,0.117455726425099,0.236455238653821,0.682673117729447,0.0808716436167319,0.0738276676246446,0.205161364682806,0.102580682341403,0.245245404615119,0.59966464878703,0.155089946597852,0.107508761682335,0.276718762329497,0.138359381164749,0.224059658145119,0.703576772469097,0.0723635693857841,0.10150244101415,0.249050232165471,0.124525116082735,0.223300970873786,0.689320388349515,0.087378640776699,0.0996253145388081,0.254215835358437,0.127107917679218,0.231636703801396,0.692325308983566,0.076037987215038,27,1,26,0,28,11,17,0,28,5,19,4,20,6,9,5
34,4,0.347826086956522,0.565217391304348,0.0869565217391304,0.0376040457370924,0.0960730621440231,0.0480365310720115,0.29978955588451,0.608995847771156,0.0912145963443339,0.107872623902117,0.281270943862525,0.140635471931263,0.488461558887785,0.443703927906688,0.0678345132055278,0.0357103069211551,0.0916589389394227,0.0458294694697113,0.30653789781869,0.611046860774059,0.0824152414072511,0.0278400635440411,0.0778985507246377,0.0389492753623188,0.333333333333333,0.604166666666667,0.0625,0.0339372104387338,0.0884972049968522,0.044248602498426,0.303577484458096,0.603439744027157,0.0929827715147469,20,4,16,0,29,14,13,2,25,1,21,3,22,13,8,1
34,5,0.347826086956522,0.565217391304348,0.0869565217391304,0.115486502666291,0.290551180920568,0.145275590460284,0.210558959690153,0.710492981764632,0.0789480585452157,0.115929969369156,0.286450243667976,0.143225121833988,0.207115334647643,0.708442513138336,0.0844421522140206,0.100854042537193,0.249271940044147,0.124635970022073,0.223190116934448,0.687591292565438,0.0892185905001135,0.115513429571948,0.290617848970252,0.145308924485126,0.210526315789474,0.710526315789474,0.0789473684210526,0.115511638214157,0.290612954595091,0.145306477297545,0.210528215228808,0.710523868601893,0.0789479161692985,27,8,16,3,19,5,14,0,36,6,28,2,32,5,23,4
35,1,0.304347826086957,0.608695652173913,0.0869565217391304,0.101797921471092,0.287856488726385,0.143928244363193,0.235162297011381,0.752623896537106,0.0122138064515127,0.112450546205363,0.317666263647227,0.158833131823613,0.218096409104807,0.767528783997527,0.0143748068976668,0.0892717580325742,0.252297041031117,0.126148520515558,0.24564200401021,0.734844172689472,0.0195138233003184,0.101947419417241,0.288226673180264,0.144113336590132,0.235955056179775,0.752808988764045,0.0112359550561798,0.10170800286652,0.287605995746636,0.143802997873318,0.235148201060913,0.752498650047231,0.0123531488918562,19,3,16,0,24,6,17,1,24,3,21,0,22,9,13,0
35,2,0.304347826086957,0.608695652173913,0.0869565217391304,0.0956714357996697,0.270430787561914,0.135215393780957,0.232600877398015,0.74391104595487,0.0234880766471146,0.0624936150241194,0.165943862702175,0.0829719313510875,0.387319757438044,0.593571056608382,0.0191091859535738,0.0978586663062513,0.276782005373441,0.138391002686721,0.234499915071345,0.747086654860634,0.0184134300680208,0.0897991039810527,0.251996450754215,0.125998225377107,0.255102040816327,0.73469387755102,0.0102040816326531,0.0891690963442232,0.252207700488705,0.126103850244353,0.241532183487293,0.734799502418266,0.0236683140944418,31,15,16,0,20,7,12,1,25,1,24,0,22,2,20,0
35,3,0.304347826086957,0.608695652173913,0.0869565217391304,0.0718910327795251,0.189221513266611,0.0946107566333052,0.289277280453525,0.52915544117404,0.181567278372436,0.116461782580344,0.298467297879449,0.149233648939725,0.290080058948491,0.473729770372654,0.236190170678855,0.0680601985445351,0.176947745765589,0.0884738728827945,0.292937194672498,0.531632410705577,0.175430394621925,0.0771892178735537,0.208109428431852,0.104054714215926,0.280898876404494,0.528089887640449,0.191011235955056,0.0692565121300379,0.184344396141969,0.0921721980709844,0.286948154777822,0.533923125412063,0.179128719810115,26,9,17,0,19,6,8,5,24,3,13,8,20,7,9,4
35,4,0.304347826086957,0.608695652173913,0.0869565217391304,0.119191951225643,0.33597758144121,0.167988790720605,0.20831571916525,0.536738968375015,0.254945312459735,0.168172744441275,0.468904350295913,0.234452175147956,0.221722910973746,0.456868392139167,0.321408696887087,0.128478654732771,0.359912733561715,0.179956366780857,0.192645770477491,0.540441341002521,0.266912888519988,0.134725577680287,0.380542402066294,0.190271201033147,0.217821782178218,0.504950495049505,0.277227722772277,0.12995525359563,0.367062739421163,0.183531369710581,0.20423174275164,0.525280365798648,0.270487891449712,30,1,13,16,26,6,11,9,21,1,19,1,24,14,8,2
35,5,0.304347826086957,0.608695652173913,0.0869565217391304,0.0387753797175599,0.109583993694742,0.0547919968473712,0.329827338280669,0.553903655326542,0.116269006392789,0.106435728575126,0.287666150856271,0.143833075428136,0.414694576988567,0.464862576745778,0.120442846265655,0.0442738261764295,0.124171249532167,0.0620856247660833,0.328370031337786,0.54661002740783,0.125019941254385,0.0428177845117155,0.120046171604463,0.0600230858022317,0.327433628318584,0.548672566371681,0.123893805309735,0.0419139828332982,0.117592875125437,0.0587964375627187,0.327233968941622,0.549899214611194,0.122866816447183,20,4,16,0,39,8,23,8,25,10,11,4,29,15,12,2
36,1,0.260869565217391,0.652173913043478,0.0869565217391304,0.0430553517318681,0.108751798038375,0.0543758990191875,0.315245464236579,0.648715505744464,0.0360390300189575,0.0412453927020337,0.102754223187353,0.0513771115936765,0.312246676811068,0.65040329887914,0.0373500243097928,0.0426618518271878,0.120176444614033,0.0600882223070164,0.320957787524408,0.626831350249215,0.0522108622263768,0.0430877517670551,0.108891500195848,0.054445750097924,0.315315315315315,0.648648648648649,0.036036036036036,0.0430884104005609,0.108894273799121,0.0544471368995605,0.315316702116952,0.648647361892319,0.0360359359907293,27,10,17,0,40,13,26,1,22,6,15,1,22,6,14,2
36,2,0.260869565217391,0.652173913043478,0.0869565217391304,0.12306979451409,0.311117553785093,0.155558776892547,0.250694626930716,0.506790074437607,0.242515298631677,0.192330980662924,0.496888304218731,0.248444152109365,0.28920923075723,0.403729760934113,0.307061008308657,0.116406601810123,0.306880243941558,0.153440121970779,0.235800662444235,0.523802693845855,0.24039664370991,0.109213703041393,0.272895467160037,0.136447733580018,0.25531914893617,0.521276595744681,0.223404255319149,0.12058749333448,0.31686674624802,0.15843337312401,0.236298693073795,0.518311412063065,0.24538989486314,23,7,7,9,20,12,6,2,23,4,16,3,28,1,20,7
36,3,0.260869565217391,0.652173913043478,0.0869565217391304,0.033012592889122,0.0918961288391522,0.0459480644195761,0.306817629636967,0.636364269570019,0.056818100793014,0.0438404506540263,0.123275344400535,0.0616376722002674,0.322507237417659,0.627149530724458,0.0503432318578837,0.0375431746146271,0.10388813621132,0.0519440681056597,0.312813633323051,0.616683723618282,0.0705026430586669,0.0330129254959843,0.0918972332015811,0.0459486166007905,0.306818181818182,0.636363636363636,0.0568181818181818,0.0330126951220311,0.0918961591776333,0.0459480795888166,0.306817644806208,0.636364895608078,0.0568174595857137,27,10,16,1,20,7,12,1,23,7,16,0,18,3,12,3
36,4,0.260869565217391,0.652173913043478,0.0869565217391304,0.106114399180969,0.297338017598828,0.148669008799414,0.168827917139018,0.595546552322437,0.235625530538545,0.20186283070409,0.569200408612781,0.284600204306391,0.137932996093385,0.490510277861094,0.371556726045521,0.10981608321819,0.305235778913576,0.152617889456788,0.159656944788542,0.60076864401554,0.239574411195918,0.126499859699762,0.354388843314192,0.177194421657096,0.150943396226415,0.584905660377358,0.264150943396226,0.105367394126591,0.294849749814332,0.147424874907166,0.168372524720428,0.597246078633275,0.234381396646296,29,1,21,7,30,5,13,12,21,2,10,9,26,8,18,0
36,5,0.260869565217391,0.652173913043478,0.0869565217391304,0.0509373992584002,0.133517518803883,0.0667587594019418,0.204051350281927,0.71893267244542,0.0770159772726533,0.111957275435659,0.27506029464576,0.13753014732288,0.124165245037651,0.789704060366358,0.0861306945959907,0.039017564169767,0.0998959759563494,0.0499479879781747,0.215586599237779,0.702121901021653,0.0822914997405678,0.040986365206739,0.115007012622721,0.0575035063113605,0.225806451612903,0.709677419354839,0.0645161290322581,0.0442370608178018,0.117487778948264,0.0587438894741319,0.212863165516869,0.71091780251761,0.0762190319655204,29,14,15,0,17,2,13,2,31,3,25,3,16,2,13,1
37,1,0.217391304347826,0.695652173913043,0.0869565217391304,0.0842541734747668,0.229470924631042,0.114735462315521,0.302597478121992,0.580916711597523,0.116485810280485,0.0843881710537183,0.237381689408808,0.118690844704404,0.287525964773391,0.576961329208639,0.13551270601797,0.0847339487838489,0.235493032459185,0.117746516229593,0.295541013162936,0.577905657683451,0.126553329153613,0.0772336795691452,0.205463639861485,0.102731819930743,0.300884955752212,0.592920353982301,0.106194690265487,0.0780210405125171,0.213024182921058,0.106512091460529,0.295593390315204,0.589140082452514,0.115266527232281,26,8,15,3,34,5,27,2,25,14,9,2,28,7,16,5
37,2,0.217391304347826,0.695652173913043,0.0869565217391304,0.0209011371448812,0.0584969544037558,0.0292484772018779,0.188142827145948,0.706577596899205,0.105279575954847,0.0172549308480526,0.0487194097749369,0.0243597048874684,0.230817166905162,0.671292469025575,0.0978903640692628,0.0239073464556769,0.0607574891806195,0.0303787445903098,0.187012559757516,0.697988891631606,0.114998548610877,0.0123021559448763,0.0347826086956522,0.0173913043478261,0.2,0.704761904761905,0.0952380952380952,0.0193315327650398,0.0543169508707349,0.0271584754353675,0.190232828912459,0.706515689334796,0.103251481752745,22,8,12,2,35,9,25,1,20,0,17,3,28,4,20,4
37,3,0.217391304347826,0.695652173913043,0.0869565217391304,0.123149660657874,0.34831972186581,0.174159860932905,0.13018683433858,0.869812034845949,1.13081547096102e-06,0.0763969656821912,0.198018604450034,0.0990093022250171,0.205338129879841,0.794661476138061,3.93982098636737e-07,0.121567679307207,0.343837685641118,0.171918842820559,0.132424148345467,0.867571016733603,4.83492093023437e-06,0.122166938704093,0.345537757437071,0.172768878718536,0.131578947368421,0.868421052631579,0,0.123155047677276,0.348334948293411,0.174167474146705,0.130177703476914,0.869819648059749,2.6484633374748e-06,13,1,12,0,17,3,14,0,24,0,24,0,22,6,16,0
37,4,0.217391304347826,0.695652173913043,0.0869565217391304,0.0764868108027397,0.212329841984275,0.106164920992137,0.111226383355689,0.766681932345322,0.122091684298989,0.0825014333135274,0.206483188327527,0.103241594163764,0.114149710184063,0.700202707833634,0.185647581982303,0.0693961937309479,0.196221349061029,0.0981106745305144,0.119280629817312,0.742593459643815,0.138125910538874,0.0797794112719168,0.225480283114257,0.112740141557128,0.104651162790698,0.755813953488372,0.13953488372093,0.0774365240720223,0.218454993739868,0.109227496869934,0.108163807477892,0.757095148964676,0.134741043557432,15,3,10,2,14,0,13,1,19,3,16,0,38,3,26,9
37,5,0.217391304347826,0.695652173913043,0.0869565217391304,0.187994633637042,0.4812640406563,0.24063202032815,0.458023324675976,0.477432402283522,0.0645442730405022,0.233910370794872,0.587140679965485,0.293570339982743,0.510961644330569,0.416831274060758,0.0722070816086734,0.188450725709554,0.465925271901942,0.232962635950971,0.450353940298797,0.46706901956202,0.0825770401391825,0.187543024072656,0.481884057971014,0.240942028985507,0.458333333333333,0.479166666666667,0.0625,0.18764495043834,0.479989783401054,0.239994891700527,0.457386196048353,0.477584446602238,0.0650293573494092,15,6,9,0,30,9,19,2,25,16,7,2,26,13,11,2
38,1,0.173913043478261,0.739130434782609,0.0869565217391304,0.0219935199570583,0.0621985225218868,0.0310992612609434,0.157916935614358,0.724027281385568,0.118055783000074,0.0405473651515341,0.113032909415241,0.0565164547076205,0.154054279890601,0.702472743662648,0.143472976446751,0.0286807187125724,0.0782454430594536,0.0391227215297268,0.163621792415291,0.710298964315852,0.126079243268857,0.0192541270016674,0.0541571319603355,0.0270785659801678,0.157894736842105,0.728070175438597,0.114035087719298,0.0207931637512045,0.0584547159149855,0.0292273579574928,0.15649674995323,0.727319370350147,0.116183879696623,28,4,23,1,33,2,28,3,25,3,16,6,28,9,16,3
38,2,0.173913043478261,0.739130434782609,0.0869565217391304,0.0487058410839476,0.131780652023918,0.0658903260119588,0.189473237773585,0.789460566499244,0.0210661957271716,0.0410383779544266,0.115051738898288,0.057525869449144,0.196019894084857,0.774549453625157,0.0294306522899864,0.0358548754924731,0.101198432752366,0.050599216376183,0.202067055537265,0.761575639099787,0.0363573053629474,0.0487165236896259,0.131807780320366,0.0659038901601831,0.189473684210526,0.789473684210526,0.0210526315789474,0.0487155963826037,0.131806229316971,0.0659031146584856,0.189474988819251,0.789471604100104,0.0210534070806448,20,4,15,1,20,3,16,1,30,3,27,0,25,8,17,0
38,3,0.173913043478261,0.739130434782609,0.0869565217391304,0.0522833646087822,0.138694911264171,0.0693474556320855,0.104565587846175,0.796019542861866,0.0994148692919586,0.0542085618706035,0.146011885480971,0.0730059427404855,0.100907100737775,0.755373803157031,0.143719096105194,0.0389291343539697,0.103266230517942,0.051633115258971,0.12227992821929,0.781491849885475,0.0962282218952349,0.0557923958113628,0.147826086956522,0.0739130434782609,0.1,0.8,0.1,0.054850634707527,0.144079985642331,0.0720399928211657,0.101873050657095,0.800061628825434,0.0980653205174709,31,3,22,6,19,1,15,3,44,5,39,0,26,3,20,3
38,4,0.173913043478261,0.739130434782609,0.0869565217391304,0.0489925259905812,0.138312201094089,0.0691561005470447,0.135663927657523,0.808286535329653,0.0560495370128242,0.1090100685234,0.295125199817362,0.147562599908681,0.321475643386942,0.626700048288513,0.051824308324545,0.0747913969772047,0.21111340640769,0.105556703203845,0.115306621933871,0.844687137986454,0.0400062400796758,0.059382650045232,0.165806927044952,0.0829034635224761,0.144067796610169,0.822033898305085,0.0338983050847458,0.0591023916038535,0.166243986237047,0.0831219931185233,0.124756671026655,0.822252427901132,0.0529909010722135,29,1,25,3,24,10,13,1,31,6,25,0,34,0,34,0
38,5,0.173913043478261,0.739130434782609,0.0869565217391304,0.0922693340404093,0.232339654074233,0.116169827037116,0.290082870515377,0.629578313538978,0.0803388159456451,0.112834930120236,0.284646517040687,0.142323258520344,0.316236301998604,0.605473607739155,0.07829009026224,0.097341170810805,0.246884089312392,0.123442044656196,0.288402441852536,0.615688390126413,0.0959091680210513,0.09126103708288,0.231121281464531,0.115560640732265,0.289473684210526,0.631578947368421,0.0789473684210526,0.0905231196467141,0.22856561889838,0.11428280944919,0.288195852927451,0.632026720422048,0.0797774266505011,16,7,9,0,14,5,7,2,22,2,17,3,24,8,15,1
39,1,0.130434782608696,0.782608695652174,0.0869565217391304,0.0784938596938264,0.222011593755097,0.111005796877548,0.0744694891694115,0.893614492529722,0.0319160183008661,0.0703816339973414,0.199024144081769,0.0995120720408846,0.0825151138720295,0.882120767693059,0.0353641184349119,0.0479171288635273,0.135474834095867,0.0677374170479335,0.0948901843086486,0.850346112700107,0.0547637029912439,0.0784956483158686,0.222016651248844,0.111008325624422,0.074468085106383,0.893617021276596,0.0319148936170213,0.0784946803326636,0.222013910537648,0.111006955268824,0.0744685174965014,0.893615650920998,0.0319158315825008,25,4,20,1,20,1,18,1,24,1,23,0,25,1,23,1
39,2,0.130434782608696,0.782608695652174,0.0869565217391304,0.0477516276764669,0.121147979190615,0.0605739895953077,0.0742939533370505,0.778175535328511,0.147530511334438,0.040690209941366,0.10478788942748,0.05239394471374,0.0836296639109042,0.777019869636225,0.13935046645287,0.0506864850788959,0.127709798177644,0.0638548990888218,0.0665798835198738,0.786329877254034,0.147090239226093,0.0500556172143671,0.133779264214047,0.0668896321070234,0.0769230769230769,0.769230769230769,0.153846153846154,0.0509617791852427,0.127992008785965,0.0639960043929827,0.0697307188068889,0.779316755060998,0.150952526132113,16,2,12,2,26,0,17,9,27,0,24,3,22,5,17,0
39,3,0.130434782608696,0.782608695652174,0.0869565217391304,0.145792114544147,0.377039246551928,0.188519623275964,0.29700140391767,0.59408907237621,0.10890952370612,0.14819068792847,0.384213421808181,0.19210671090409,0.299027635593321,0.590501984748083,0.110470379658596,0.16057138989499,0.428586229881732,0.214293114940866,0.302647479859499,0.568315580711308,0.129036939429193,0.145815747291556,0.37709857942316,0.18854928971158,0.297029702970297,0.594059405940594,0.108910891089109,0.145817161079322,0.377107656246298,0.188553828123149,0.297027373552458,0.594054867529025,0.108917758918517,23,9,10,4,20,7,10,3,25,6,17,2,33,8,23,2
39,4,0.130434782608696,0.782608695652174,0.0869565217391304,0.00655165268334355,0.0166326841457844,0.00831634207289225,0.138751124681588,0.774912860100864,0.0863360152175481,0.00187910460100542,0.00531434660889378,0.0026571733044469,0.127777609304249,0.783970803564527,0.0882515871312244,0.00254388813528094,0.00670944952956018,0.00335472476478005,0.127632068467226,0.785963420416954,0.0864045111158198,0.0116200539961924,0.031055900621118,0.015527950310559,0.142857142857143,0.785714285714286,0.0714285714285714,0.00356315334566109,0.00995215246170986,0.00497607623085494,0.127258927907554,0.787584771883029,0.0851563002094176,21,3,15,3,32,0,29,3,20,8,12,0,25,3,21,1
39,5,0.130434782608696,0.782608695652174,0.0869565217391304,0.024838372527355,0.062740103755233,0.0313700518776164,0.101061915035494,0.81397874752979,0.0849593374347155,0.00723377160156549,0.0182850568702286,0.00914252843511432,0.129838667160086,0.791751224087288,0.0784101087526254,0.0157750382330085,0.0436959166853902,0.0218479583426951,0.108586824266001,0.797441355428433,0.0939718203055661,0.0231252664221553,0.0644409937888199,0.0322204968944099,0.0982142857142857,0.803571428571429,0.0982142857142857,0.0196598007558494,0.0518559529628825,0.0259279764814413,0.104506806127254,0.804265593378384,0.0912276004943612,35,3,24,8,29,3,25,1,29,5,22,2,19,0,19,0
40,1,0.0869565217391304,0.826086956521739,0.0869565217391304,0.00687779307592531,0.0172858465692338,0.00864292328461691,0.0951420439677961,0.817444033237122,0.0874139227950816,0.0522837282338567,0.142650278656916,0.0713251393284581,0.10573934816243,0.754761817193281,0.139498834644289,0.0161109532194756,0.0419511420162482,0.0209755710081241,0.105149064612672,0.805111385513615,0.0897395498737127,0.0157463118021282,0.0439087386999569,0.0219543693499785,0.0792079207920792,0.811881188118812,0.108910891089109,0.00895833847420779,0.0253060924239421,0.0126530462119711,0.0938335523346211,0.813433910309768,0.0927325373556109,24,3,17,4,21,2,19,0,24,2,22,0,32,1,24,7
40,2,0.0869565217391304,0.826086956521739,0.0869565217391304,0.0427133327462499,0.117307659878158,0.0586538299390791,0.103775864340461,0.867921443859488,0.0283026918000514,0.0371323794001617,0.100075981931803,0.0500379909659016,0.125772980574038,0.837308488652733,0.0369185307732289,0.0356406433493468,0.0976503652477146,0.0488251826238573,0.12220697925448,0.839661681630247,0.0381313391152732,0.0427144090705314,0.117309269893355,0.0586546349466776,0.10377358490566,0.867924528301887,0.0283018867924528,0.0427144480041593,0.117309603086968,0.0586548015434842,0.103774054631038,0.867924225173315,0.0283017201956462,33,3,30,0,25,5,18,2,27,2,24,1,21,1,20,0
40,3,0.0869565217391304,0.826086956521739,0.0869565217391304,0.0631443225016802,0.161157492108628,0.0805787460543138,0.0800004272715468,0.906665702576053,0.0133338701524003,0.0535686227808789,0.141123835333841,0.0705619176669208,0.098359502196372,0.885245893731418,0.0163946040722097,0.0470536405468438,0.128143047507976,0.0640715237539879,0.103429587321812,0.873685414693046,0.0228849979851426,0.0631449569186725,0.161159420289855,0.0805797101449275,0.08,0.906666666666667,0.0133333333333333,0.063144731313207,0.161158653790654,0.0805793268953271,0.0800002454093054,0.906666283417066,0.0133334711736284,15,0,15,0,20,2,18,0,17,2,15,0,23,2,20,1
40,4,0.0869565217391304,0.826086956521739,0.0869565217391304,0.0447842764469791,0.123654306648938,0.0618271533244689,0.0441475905565956,0.807068734379805,0.148783675063599,0.0966110498586638,0.259652647979828,0.129826323989914,0.0589132204930185,0.724303933777937,0.216782845729044,0.0493570209519937,0.138107489403054,0.0690537447015269,0.0612533976228516,0.782736335936491,0.156010266440657,0.047113945489236,0.129117259552042,0.0645586297760211,0.0404040404040404,0.808080808080808,0.151515151515152,0.0448911511108163,0.123936606185022,0.0619683030925108,0.0440237204383109,0.807051454730048,0.148924824831641,22,0,21,1,31,2,21,8,16,1,11,4,30,1,27,2
40,5,0.0869565217391304,0.826086956521739,0.0869565217391304,0.0243828385015238,0.0681699470699648,0.0340849735349824,0.0994773766743352,0.792001982986757,0.108520640338908,0.0401369878765194,0.102207985084981,0.0511039925424904,0.0911133514215733,0.774982963979249,0.133903684599178,0.0404999058481234,0.114166320968484,0.057083160484242,0.119559893754348,0.769003796037497,0.111436310208155,0.0243844571385693,0.0680154972018941,0.034007748600947,0.099009900990099,0.792079207920792,0.108910891089109,0.0243841363748127,0.0680163604753585,0.0340081802376793,0.0990147127678813,0.79207877628406,0.108906510948059,22,3,15,4,23,2,19,2,27,4,23,0,29,1,23,5
41,1,0.0434782608695652,0.869565217391304,0.0869565217391304,0.0352631658184091,0.0954118705692011,0.0477059352846005,0.0799147136916976,0.821859282106704,0.0982260042015986,0.0405706803488133,0.111865167767038,0.0559325838835191,0.0603707232554212,0.813632633507785,0.125996643236794,0.0450444083544182,0.126321467478716,0.063160733739358,0.0822377203789033,0.806404483651946,0.11135779596915,0.0345829841437388,0.0946859903381643,0.0473429951690821,0.0777777777777778,0.822222222222222,0.1,0.0330262341672926,0.0920184119846102,0.0460092059923051,0.0734443965904485,0.823556011398999,0.102999592010552,28,2,23,3,29,1,23,5,13,4,9,0,20,0,19,1
41,2,0.0434782608695652,0.869565217391304,0.0869565217391304,0.0902542943523248,0.255151947997559,0.12757597399878,0.103797153282297,0.741989243392525,0.154213603325178,0.0828616447054615,0.232079913399058,0.116039956699529,0.0873516996488284,0.753525260691775,0.159123039659396,0.0936681733817053,0.264929916098584,0.132464958049292,0.11031590412589,0.737100259342012,0.152583836532097,0.09794119734802,0.276764843384759,0.13838242169238,0.10752688172043,0.731182795698925,0.161290322580645,0.0965960575593879,0.273212743344392,0.136606371672196,0.112252528379292,0.732958845719108,0.1547886259016,17,0,16,1,30,7,22,1,24,2,12,10,22,1,18,3
41,3,0.0434782608695652,0.869565217391304,0.0869565217391304,0.0202333015465451,0.0563873917250021,0.028193695862501,0.0618078824091877,0.879429291714183,0.0587628258766294,0.0413866491320033,0.116157965155921,0.0580789825779603,0.101557243447525,0.834248312096935,0.0641944444555398,0.0141977565504803,0.0385975301239004,0.0192987650619502,0.0627770259315155,0.864715073019954,0.0725079010485306,0.0222931554416755,0.0607054963084496,0.0303527481542248,0.0660377358490566,0.877358490566038,0.0566037735849057,0.0189166452379937,0.0522651002833184,0.0261325501416592,0.0615020119020526,0.877674016500476,0.0608239715974712,30,3,26,1,30,0,27,3,19,0,19,0,27,4,21,2
41,4,0.0434782608695652,0.869565217391304,0.0869565217391304,0.0231002315932552,0.0640136450310585,0.0320068225155292,0.0651476701715935,0.837558394875775,0.0972939349526315,0.00591469406827808,0.0145074476338559,0.0072537238169279,0.0507124801172438,0.862311493574376,0.0869760263083798,0.0245669467580405,0.0680207034114907,0.0340103517057454,0.0666295161359517,0.835554865685559,0.0978156181784893,0.0166805496181104,0.0468227424749164,0.0234113712374582,0.0576923076923077,0.846153846153846,0.0961538461538462,0.0205791638469003,0.0566512701666668,0.0283256350833334,0.0634287182411392,0.841239582307971,0.0953316994508898,22,0,22,0,30,1,27,2,23,4,13,6,29,1,26,2
41,5,0.0434782608695652,0.869565217391304,0.0869565217391304,0.0186941012012169,0.0517739896981382,0.0258869948490691,0.0693652557186343,0.861269488554513,0.0693652557268526,0.0516409214413919,0.131407135020952,0.0657035675104761,0.103942687802725,0.803861649880828,0.0921956623164465,0.0273972185323001,0.0726279441578086,0.0363139720789043,0.0797922329484695,0.839708532686958,0.0804992343645726,0.0178678666752724,0.0463768115942028,0.0231884057971014,0.0666666666666667,0.866666666666667,0.0666666666666667,0.0178544202146529,0.0471178913412905,0.0235589456706452,0.0670372065402104,0.865653561341329,0.0673092321184603,23,2,20,1,24,1,23,0,17,3,11,3,26,0,24,2
42,1,0.826086956521739,0.0434782608695652,0.130434782608696,0.0492207208438831,0.132218658776458,0.066109329388229,0.75997762713351,0.057660022594974,0.182362350271516,0.176783980036769,0.497438693990421,0.248719346995211,0.577367609526528,0.145863444175854,0.276768946297618,0.060744906863688,0.164738604006699,0.0823693020033492,0.74371765451839,0.0635349888680678,0.192747356613542,0.056161903467471,0.157437070938215,0.0787185354691076,0.747368421052632,0.0736842105263158,0.178947368421053,0.0602519276952745,0.163391187037868,0.0816955935189341,0.744391363002805,0.0633542983755336,0.192254338621661,22,19,0,3,20,18,1,1,23,19,0,4,30,15,6,9
42,2,0.826086956521739,0.0434782608695652,0.130434782608696,0.0521533413120913,0.147278445090015,0.0736392225450075,0.899726179066747,0.0102510293443007,0.0900227915889525,0.0305224361479298,0.0826804039853822,0.0413402019926912,0.86742715851443,0.0120531872089447,0.120519654276625,0.0413900039400427,0.116970965775992,0.058485482887996,0.884572439409735,0.0163055092210908,0.0991220513691741,0.0509764218537649,0.144122383252818,0.072061191626409,0.898148148148148,0.00925925925925926,0.0925925925925926,0.0508914929737254,0.14377246961544,0.0718862348077202,0.897973191329459,0.0105671427267717,0.091459665943769,26,26,0,0,23,21,0,2,34,27,1,6,25,23,0,2
42,3,0.826086956521739,0.0434782608695652,0.130434782608696,0.0621189133796506,0.167490426484127,0.0837452132420634,0.909832169763803,0.0245881158983175,0.0655797143378799,0.0591561997477407,0.159371436044223,0.0796857180221113,0.90577267454385,0.025699483764796,0.0685278416913536,0.0469585305595768,0.123802837167023,0.0619014185835114,0.887988375105251,0.0333558057409346,0.0786558191538148,0.0621225250765719,0.167498218104063,0.0837491090520314,0.909836065573771,0.0245901639344262,0.0655737704918033,0.0621284849158521,0.16750952183224,0.0837547609161201,0.909841717437859,0.0245960532706414,0.0655622292914994,28,23,2,3,41,38,0,3,25,24,1,0,28,26,0,2
42,4,0.826086956521739,0.0434782608695652,0.130434782608696,0.0222669193964438,0.0597271310490659,0.029863565524533,0.855950522046272,0.0198949383753764,0.124154539578352,0.101948996272861,0.270190102103403,0.135095051051701,0.714923010377393,0.0195471559622102,0.265529833660397,0.0254798966416033,0.0684575774723636,0.0342287887361817,0.860315745257921,0.0166103945278355,0.123073860214243,0.0252074183232806,0.0684380032206119,0.034219001610306,0.851851851851852,0.00925925925925926,0.138888888888889,0.020104813895941,0.0515119255447911,0.0257559627723956,0.851842919294135,0.0201706055222187,0.127986475183647,26,25,0,1,28,18,1,9,29,24,0,5,25,25,0,0
42,5,0.826086956521739,0.0434782608695652,0.130434782608696,0.0211102599013859,0.0568778805316527,0.0284389402658264,0.819734164027681,0.0213921130977969,0.158873722874522,0.0412577882884032,0.106466431487294,0.0532332157436468,0.778782763052055,0.0375492385956026,0.183667998352342,0.0262870500532122,0.0741817774666657,0.0370908887333329,0.80971245215396,0.0227618765040119,0.167525671342029,0.013715200615836,0.035426731078905,0.0177133655394525,0.824074074074074,0.0277777777777778,0.148148148148148,0.0182839742295083,0.0463423903151552,0.0231711951575776,0.824440038768012,0.0219539834657152,0.153605977766273,30,22,3,5,20,15,0,5,38,35,0,3,20,17,0,3
43,1,0.782608695652174,0.0869565217391304,0.130434782608696,0.0193151067178289,0.0543636960757741,0.027181848037887,0.755426847614287,0.102886328870927,0.141686823514786,0.0239345807381635,0.0670604260459113,0.0335302130229556,0.769854803874902,0.120486734762086,0.109658461363012,0.0349401173870188,0.0979874435134771,0.0489937217567386,0.733614973895435,0.11701477865136,0.149370247453204,0.0215490541092359,0.0609438870308436,0.0304719435154218,0.752136752136752,0.102564102564103,0.145299145299145,0.0210216008895074,0.0591737936227761,0.029586896811388,0.753021798840786,0.104264569266119,0.142713631893095,34,24,5,5,36,29,5,2,15,13,1,1,32,22,1,9
43,2,0.782608695652174,0.0869565217391304,0.130434782608696,0.019956402760743,0.0494090615703716,0.0247045307851858,0.758439000939448,0.0864216856666706,0.155139313393881,0.122747958142576,0.346308160341111,0.173154080170555,0.609454615481619,0.162863967995499,0.227681416522883,0.00607864476208085,0.0165530063262163,0.00827650316310816,0.776458105938333,0.084830608289863,0.138711285771804,0.0133146002902661,0.0346051464063887,0.0173025732031944,0.76530612244898,0.102040816326531,0.13265306122449,0.0127030928978217,0.0322584846056901,0.016129242302845,0.767692905928302,0.0857430691601573,0.146564024911541,22,21,0,1,18,9,4,5,27,21,0,6,31,24,6,1
43,3,0.782608695652174,0.0869565217391304,0.130434782608696,0.0554541109398751,0.149074876658329,0.0745374383291646,0.857146133981339,0.0285722787664006,0.114281587252261,0.0554502883319797,0.149061523365564,0.0745307616827818,0.857139457334956,0.0285729997298289,0.114287542935215,0.0285098043879263,0.075920503519596,0.037960251759798,0.813356484176213,0.0489962699793324,0.137647245844454,0.0554525404919101,0.149068322981366,0.0745341614906831,0.857142857142857,0.0285714285714286,0.114285714285714,0.0554543046284531,0.149067172749318,0.0745335863746589,0.857142282026833,0.0285632468443242,0.114294471128843,29,25,0,4,25,21,1,3,29,25,1,3,22,19,1,2
43,4,0.782608695652174,0.0869565217391304,0.130434782608696,0.0458325944654005,0.116217612431844,0.0581088062159217,0.836532056383347,0.0288477155232087,0.134620228093444,0.0379649423981525,0.100057850689866,0.0500289253449332,0.790746095530248,0.0369275963941972,0.172326308075555,0.0334709600449394,0.0935996717444315,0.0467998358722158,0.812155911469884,0.0401566858669146,0.147687402663202,0.0458356191127425,0.116220735785953,0.0581103678929766,0.836538461538462,0.0288461538461538,0.134615384615385,0.0458350587694932,0.116219496391719,0.0581097481958596,0.836537688670473,0.0288467735432708,0.134615537786256,20,16,0,4,21,16,1,4,33,26,2,5,30,29,0,1
43,5,0.782608695652174,0.0869565217391304,0.130434782608696,0.0434126680092508,0.11445106527026,0.0572255326351302,0.725383163017044,0.0963100454316239,0.178306791551332,0.0171321774558607,0.0430875036675804,0.0215437518337902,0.762236438270894,0.108500273572921,0.129263288156185,0.0385607512948552,0.105487154382306,0.0527435771911529,0.729865118461021,0.101328993293884,0.168805888245095,0.0318456625264633,0.0800688764528627,0.0400344382264314,0.742574257425743,0.0891089108910891,0.168316831683168,0.0303226607024746,0.0809291113117534,0.0404645556558767,0.742144139996297,0.0948940677767675,0.162961792226935,19,11,0,8,17,10,3,4,31,27,2,2,34,27,4,3
44,1,0.739130434782609,0.130434782608696,0.130434782608696,0.0641517361777615,0.166775540329174,0.0833877701645868,0.811776342773998,0.0470470124441089,0.141176644781893,0.0546156655569503,0.148591740536589,0.0742958702682946,0.7945649533087,0.0561389123404011,0.149296134350899,0.0541177881092036,0.152879179021338,0.0764395895106691,0.780643305809349,0.0539951930980266,0.165361501092624,0.0641422163405438,0.166751918158568,0.0833759590792839,0.811764705882353,0.0470588235294118,0.141176470588235,0.0641434512094114,0.166751457489022,0.083375728744511,0.811768895139796,0.0470590538641847,0.141172050996019,18,16,0,2,26,18,3,5,15,13,1,1,26,22,0,4
44,2,0.739130434782609,0.130434782608696,0.130434782608696,0.0439253369559505,0.110368404898322,0.0551842024491607,0.791424371770513,0.075250580159535,0.133325048069952,0.00605260426923268,0.0164190004297881,0.00820950021489401,0.741136588376635,0.136638129229563,0.122225282393802,0.0474325542780688,0.121468575091269,0.0607342875456347,0.794160922717482,0.069700495063061,0.136138582219457,0.0353902040128506,0.0894409937888199,0.0447204968944099,0.780952380952381,0.0857142857142857,0.133333333333333,0.0453509348995248,0.119062756791418,0.059531378395709,0.789561848843666,0.0709034042129866,0.139534746943348,27,24,0,3,27,19,5,3,20,16,4,0,31,23,0,8
44,3,0.739130434782609,0.130434782608696,0.130434782608696,0.0737545754236451,0.199158529299595,0.0995792646497975,0.838709699432406,0.107526066055724,0.05376423451187,0.0604674216258034,0.155860494704204,0.0779302473521022,0.817060682134711,0.121959346170121,0.060979971695168,0.0450930206800769,0.122186638827107,0.0610933194135534,0.800223754196162,0.115724016099207,0.0840522297046307,0.0737547560787933,0.199158485273492,0.0995792426367462,0.838709677419355,0.10752688172043,0.0537634408602151,0.0737544519675885,0.199157681204975,0.0995788406024875,0.838709275385096,0.107526948119254,0.0537637764956499,20,19,0,1,20,17,2,1,23,19,3,1,30,23,5,2
44,4,0.739130434782609,0.130434782608696,0.130434782608696,0.0544113059664703,0.138585825746927,0.0692929128734637,0.67550546053357,0.124766843984271,0.199727695482159,0.100508294603205,0.250476449390261,0.12523822469513,0.613892210087478,0.134835201802979,0.251272588109543,0.0639991228399343,0.159696854488526,0.0798484272442631,0.662300895171066,0.127415894975976,0.210283209852959,0.0581970232036558,0.152173913043478,0.0760869565217391,0.66304347826087,0.141304347826087,0.195652173913043,0.0605802871309932,0.152220423854079,0.0761102119270397,0.66701092637862,0.126444079085644,0.206544994535735,22,12,8,2,19,16,1,2,22,17,0,5,29,16,4,9
44,5,0.739130434782609,0.130434782608696,0.130434782608696,0.0608473485550923,0.170726416944563,0.0853632084722814,0.653767226310327,0.163712041106525,0.182520732583148,0.0647401783394005,0.182576523680031,0.0912882618400156,0.699550623675873,0.0787263318754161,0.221723044448711,0.0501360136450139,0.138214768097729,0.0691073840488644,0.670023050733744,0.151256872441045,0.17872007682521,0.0537206982503281,0.151945080091533,0.0759725400457666,0.663157894736842,0.168421052631579,0.168421052631579,0.0531101556300038,0.146694501199874,0.0733472505999371,0.665783184182672,0.153102388894063,0.181114426923265,24,19,4,1,21,13,1,7,30,23,1,6,20,8,10,2
45,1,0.695652173913043,0.173913043478261,0.130434782608696,0.0168473525231059,0.0469317408689436,0.0234658704344718,0.687492000109776,0.158607346847057,0.153900653043167,0.0240768069350072,0.0641168544783792,0.0320584272391896,0.663593746673854,0.180005865373965,0.156400387952181,0.0227168868108783,0.0630719921348003,0.0315359960674002,0.685194179042721,0.152835042281183,0.161970778676096,0.00552910013274423,0.015553199010251,0.00777659950512549,0.691056910569106,0.170731707317073,0.138211382113821,0.0179928503587183,0.0481450491038735,0.0240725245519368,0.690757281766059,0.154735411073309,0.154507307160632,36,24,6,6,26,13,10,3,31,27,0,4,30,21,5,4
45,2,0.695652173913043,0.173913043478261,0.130434782608696,0.0704379365068984,0.185397790558017,0.0926988952790083,0.773583902337244,0.188680210333069,0.0377358873296873,0.0580301854085168,0.161773004625778,0.080886502312889,0.748107249889661,0.202344469814533,0.0495482802958067,0.061533487874191,0.172337780721931,0.0861688903609653,0.749260256554726,0.206473851197544,0.0442658922477303,0.0704382558818618,0.185397867104184,0.0926989335520919,0.773584905660377,0.188679245283019,0.0377358490566038,0.0704387642373643,0.185398856642095,0.0926994283210476,0.77358576453995,0.188678881172402,0.037735354287648,23,20,3,0,33,26,7,0,30,21,7,2,20,15,3,2
45,3,0.695652173913043,0.173913043478261,0.130434782608696,0.0331146653780963,0.0936622696395634,0.0468311348197816,0.648821039093262,0.197256477168529,0.15392248373821,0.0594976179831453,0.16522791393787,0.082613956968935,0.613038216944108,0.201394306648371,0.18556747640752,0.0416253216075291,0.117223041343549,0.0586115206717746,0.637040653241269,0.198473455375735,0.164485891382996,0.0402389291904747,0.110405471421593,0.0552027357107963,0.640449438202247,0.213483146067416,0.146067415730337,0.0371998744547652,0.105217053210837,0.0526085266054186,0.643043647307625,0.200273746843542,0.156682605848834,22,10,8,4,15,13,0,2,27,18,3,6,25,16,8,1
45,4,0.695652173913043,0.173913043478261,0.130434782608696,0.0595812679998519,0.168466743902344,0.0842333719511721,0.779885545864216,0.133652571931799,0.0864618822039857,0.0847971481520083,0.237674456428023,0.118837228214012,0.814489402127055,0.100561755726951,0.0849488421459934,0.0400900979385828,0.113222777338719,0.0566113886693594,0.752263562582403,0.148288194865136,0.0994482425524611,0.0554255932392689,0.154150197628458,0.0770750988142292,0.772727272727273,0.147727272727273,0.0795454545454545,0.0530879224794008,0.149850638054099,0.0749253190270498,0.770577492940093,0.140590274819508,0.0888322322403989,24,20,2,2,27,15,9,3,16,15,1,0,21,18,1,2
45,5,0.695652173913043,0.173913043478261,0.130434782608696,0.0177179936001364,0.0480027566367661,0.024001378318383,0.713885143949659,0.179681451760029,0.106433404290313,0.0296668665845091,0.0760203893176541,0.038010194658827,0.657641979254216,0.177536226560314,0.16482179418547,0.0213748175584425,0.0548538821671177,0.0274269410835588,0.698358991213065,0.198633167261798,0.103007841525137,0.015036373241612,0.0372670807453416,0.0186335403726708,0.714285714285714,0.173469387755102,0.112244897959184,0.0190473151441115,0.051716007563949,0.0258580037819745,0.715117463099368,0.180305758073911,0.104576778826721,22,18,4,0,31,24,6,1,20,13,3,4,25,15,4,6
46,1,0.652173913043478,0.217391304347826,0.130434782608696,0.0785813433568876,0.211851398576181,0.10592569928809,0.546248213755388,0.241244860657845,0.212506925586767,0.144212452779996,0.37888853199292,0.18944426599646,0.462729647047018,0.246699372604359,0.290570980348623,0.08860828292049,0.243369435839505,0.121684717919752,0.530489195123726,0.252315257265487,0.217195547610787,0.08510958064945,0.223266745005875,0.111633372502938,0.540540540540541,0.234234234234234,0.225225225225225,0.083676677933179,0.22565949337101,0.112829746685505,0.539344166357973,0.242906892228565,0.217748941413462,33,13,9,11,21,15,4,2,29,13,6,10,28,19,7,2
46,2,0.652173913043478,0.217391304347826,0.130434782608696,0.00905715115681412,0.0248670226765335,0.0124335113382668,0.661055969346117,0.204957793009559,0.133986237644324,0.0263370465649989,0.0696054696802539,0.034802734840127,0.686976647883605,0.188499189850821,0.124524162265574,0.00743195928520521,0.0205965551605283,0.0102982775802642,0.645205395956979,0.214061543854062,0.14073306018896,0.0136819764174371,0.0385561936013125,0.0192780968006563,0.660377358490566,0.19811320754717,0.141509433962264,0.00875184762988944,0.0247059766822785,0.0123529883411392,0.659017501426255,0.205038316006687,0.135944182567058,26,18,7,1,27,12,7,8,23,19,3,1,30,21,4,5
46,3,0.652173913043478,0.217391304347826,0.130434782608696,0.0482758350945943,0.135951359524649,0.0679756797623245,0.612680203407398,0.285366984110151,0.101952812482452,0.0773908911951608,0.197294105792097,0.0986470528960484,0.561794397066946,0.316038357243874,0.12216724568918,0.0572590953616424,0.158032279507234,0.0790161397536171,0.597328201683113,0.296407444101443,0.106264354215444,0.048540613063139,0.136645962732919,0.0683229813664596,0.612244897959184,0.285714285714286,0.102040816326531,0.0496288758131709,0.139869981016343,0.0699349905081712,0.612072140947888,0.287326294855997,0.100601564196114,17,9,4,4,22,18,4,0,30,18,10,2,29,15,10,4
46,4,0.652173913043478,0.217391304347826,0.130434782608696,0.135435181983266,0.373692698370194,0.186846349185097,0.839020262228575,0.0874939728025664,0.0734857649688584,0.00920439690057479,0.0236533953173119,0.011826697658656,0.664000610702134,0.206768571235705,0.129230818062161,0.138881460255352,0.383121823126952,0.191560911563476,0.843734824606954,0.0840555177232355,0.07220965766981,0.145469197121782,0.406763285024155,0.203381642512077,0.855555555555556,0.0888888888888889,0.0555555555555556,0.142793658477037,0.394665570288836,0.197332785144418,0.849506698187896,0.08157827959657,0.0689150222155336,19,17,1,1,32,31,1,0,20,11,6,3,19,18,0,1
46,5,0.652173913043478,0.217391304347826,0.130434782608696,0.0815596951104802,0.230479297088758,0.115239648544379,0.767413561587857,0.163995619313127,0.0685908190990157,0.0619588319497249,0.161198725995458,0.080599362997729,0.732773276041207,0.206859933149206,0.0603667908095871,0.0869591459470351,0.245886066372838,0.122943033186419,0.775116946229897,0.158488355244266,0.0663946985258365,0.0743225250369463,0.21021528070916,0.10510764035458,0.757281553398058,0.16504854368932,0.0776699029126214,0.0826937723178422,0.233832715599741,0.11691635779987,0.769090270843349,0.161238321609219,0.0696714075474327,26,22,4,0,23,16,5,2,28,22,0,6,26,18,8,0
47,1,0.608695652173913,0.260869565217391,0.130434782608696,0.0385714353804907,0.107363685273123,0.0536818426365616,0.590240926019391,0.225642448735352,0.184116625245257,0.145194156679968,0.377467979030971,0.188733989515486,0.419961662658427,0.285189250232455,0.294849087109118,0.0311897479374291,0.0835205482731281,0.0417602741365641,0.575516726847034,0.252288216407707,0.17219505674526,0.0343805389585042,0.0923913043478261,0.0461956521739131,0.5625,0.270833333333333,0.166666666666667,0.0419219223665009,0.109747408059489,0.0548737040297447,0.561820980916739,0.25287053244482,0.18530848663844,21,19,1,1,17,13,1,3,27,9,8,10,31,13,16,2
47,2,0.608695652173913,0.260869565217391,0.130434782608696,0.0334439118956303,0.0945934008840696,0.0472967004420348,0.585144563437252,0.308166265659426,0.106689170903322,0.115041178795702,0.301393344504508,0.150696672252254,0.480247467110811,0.411566237469645,0.108186295419544,0.0267221082252754,0.0741069966776607,0.0370534983388303,0.596602043578566,0.297923063556222,0.105474892865213,0.0358892215667544,0.0996200928661883,0.0498100464330941,0.592233009708738,0.310679611650485,0.0970873786407767,0.0266890953584407,0.0740612695442342,0.0370306347721171,0.59650574251056,0.297900199989508,0.105594057499931,27,17,10,0,18,8,7,3,27,12,13,2,31,24,2,5
47,3,0.608695652173913,0.260869565217391,0.130434782608696,0.0570657300733184,0.140022598020276,0.0700112990101381,0.678465648809139,0.261110867592304,0.0604234835985576,0.0307783452118385,0.0801836225155507,0.0400918112577754,0.573971708409027,0.300961376475167,0.125066915115807,0.0591905861047312,0.147043551976932,0.0735217759884658,0.680114866249461,0.262972127130309,0.0569130066202298,0.0581157613210534,0.156521739130435,0.0782608695652174,0.68695652173913,0.243478260869565,0.0695652173913043,0.0620498375832764,0.155872706082485,0.0779363530412426,0.686632005215156,0.256825838186197,0.0565421565986468,35,28,7,0,24,12,7,5,27,16,8,3,29,23,6,0
47,4,0.608695652173913,0.260869565217391,0.130434782608696,0.0286712622662623,0.0788370938149527,0.0394185469074763,0.597214108643338,0.23293256184049,0.169853329516172,0.0885817691595652,0.23854647338412,0.11927323669206,0.489422415481853,0.287332157610764,0.223245426907383,0.0322717124305183,0.0911856074616146,0.0455928037308073,0.584119553488778,0.239852860171719,0.176027586339503,0.0281455228586211,0.0759725400457666,0.0379862700228833,0.6,0.231578947368421,0.168421052631579,0.0283788116897509,0.0788386183943664,0.0394193091971832,0.595514701596501,0.23463120659762,0.169854091805879,28,10,10,8,27,20,6,1,16,9,4,3,24,18,2,4
47,5,0.608695652173913,0.260869565217391,0.130434782608696,0.0568489083441715,0.149559598756604,0.0747797993783018,0.596872992726754,0.335649364595693,0.0674776426775533,0.0207925828147076,0.0525770424746051,0.0262885212373026,0.610430158696764,0.285423579931843,0.104146261371393,0.0531559434568776,0.140500418535586,0.0702502092677928,0.620647225342803,0.319168201316294,0.0601845733409028,0.0545299903610047,0.134260869565217,0.0671304347826087,0.608,0.328,0.064,0.0518469409127076,0.129371976028575,0.0646859880142875,0.606251657129449,0.325555553231679,0.0681927896388728,32,28,4,0,33,18,12,3,27,8,19,0,33,22,6,5
48,1,0.565217391304348,0.304347826086957,0.130434782608696,0.04170259434777,0.117422622069691,0.0587113110348453,0.506506080269503,0.328866537276684,0.164627382453814,0.0490824805713973,0.123675202118716,0.061837601059358,0.568828351018976,0.242510225027599,0.188661423953425,0.0447415331690084,0.121521696534512,0.060760848267256,0.504456543037092,0.319437839047145,0.176105617915763,0.0475191093271195,0.130434782608696,0.0652173913043478,0.5,0.322916666666667,0.177083333333333,0.043903949696852,0.119330483159237,0.0596652415796185,0.505552149724729,0.3193016226991,0.17514622757617,22,7,14,1,18,11,6,1,27,18,4,5,29,12,7,10
48,2,0.565217391304348,0.304347826086957,0.130434782608696,0.0699626771367059,0.183361091692104,0.0916805458460522,0.551597801540278,0.226286870004974,0.222115328454748,0.0445894156660638,0.124498419220754,0.0622492096103771,0.542816370127693,0.264499637653234,0.192683992219073,0.0618605815884291,0.162549119417091,0.0812745597085455,0.552614586473243,0.235676071209516,0.211709342317241,0.0549313315452152,0.143170838823013,0.0715854194115064,0.555555555555556,0.242424242424242,0.202020202020202,0.0712263656995108,0.194371793694124,0.0971858968470618,0.539558453578139,0.232820866966104,0.227620679455757,22,21,0,1,28,6,11,11,29,18,7,4,20,10,6,4
48,3,0.565217391304348,0.304347826086957,0.130434782608696,0.0514578511607614,0.143372761006327,0.0716863805031636,0.636903771807511,0.257657387018677,0.105438841173811,0.0371077794449672,0.104956531363184,0.0524782656815922,0.512739125622756,0.330518648652798,0.156742225724446,0.0621642869897241,0.173033604861959,0.0865168024309794,0.651734193735327,0.247571657369016,0.100694148895657,0.0641120926090436,0.179299730665641,0.0896498653328204,0.654867256637168,0.247787610619469,0.0973451327433628,0.0611339295259754,0.16997477582806,0.0849873879140303,0.650204779218378,0.248110263293511,0.101684957488111,23,9,9,5,33,29,2,2,28,20,8,0,29,16,9,4
48,4,0.565217391304348,0.304347826086957,0.130434782608696,0.105405435462351,0.297379610536583,0.148689805268292,0.500035735609465,0.453037631355248,0.0469266330352868,0.0516748474362371,0.144003938692766,0.0720019693463828,0.612045291236258,0.329521895501429,0.0584328132623128,0.0977533988589718,0.274634478734187,0.137317239367094,0.510399736622277,0.44166506545405,0.0479351979236731,0.101968326828433,0.284508231321233,0.142254115660616,0.514563106796116,0.446601941747573,0.0388349514563107,0.0980668056096552,0.275201342619621,0.137600671309811,0.51142335382854,0.441948497396767,0.0466281487746934,19,4,15,0,29,17,10,2,25,17,6,2,30,15,15,0
48,5,0.565217391304348,0.304347826086957,0.130434782608696,0.0788898675735898,0.20923814791571,0.104619073957855,0.546472029152436,0.408966900044812,0.0445610708027526,0.128875070798056,0.360626528946562,0.180313264473281,0.452071178796478,0.484661090560238,0.0632677306432846,0.0743382889706883,0.189269675520853,0.0946348377604265,0.557554195681912,0.398982663847383,0.0434631404707049,0.0810135814579203,0.199814986123959,0.0999074930619796,0.563829787234043,0.404255319148936,0.0319148936170213,0.0743127558844337,0.189262359897565,0.0946311799487826,0.557490731182063,0.398979006035739,0.0435302627821979,27,21,5,1,23,8,15,0,20,7,11,2,24,17,7,0
49,1,0.521739130434783,0.347826086956522,0.130434782608696,0.0748797604178817,0.193975156361074,0.0969875781805373,0.61872670861532,0.262514842232211,0.118758449152469,0.050324503324566,0.13293144931613,0.0664657246580652,0.577007510378681,0.281360362298457,0.141632127322862,0.0669454499696535,0.16518344483393,0.0825917224169649,0.603116102513703,0.265234364539557,0.13164953294674,0.0743141340854659,0.19545979222778,0.0977298961138899,0.619469026548673,0.265486725663717,0.115044247787611,0.0736227364415626,0.189377551433322,0.0946887757166612,0.616427906151444,0.262985195305497,0.12058689854306,34,18,10,6,27,22,4,1,26,19,4,3,26,11,12,3
49,2,0.521739130434783,0.347826086956522,0.130434782608696,0.067745019782776,0.189171677808236,0.094585838904118,0.427153291530665,0.381919731157407,0.190926977311928,0.0941506751835354,0.262019339595638,0.131009669797819,0.607832172416223,0.216816417158703,0.175351410425074,0.0582374363367908,0.164660306424176,0.0823301532120878,0.439408977222695,0.387065575164632,0.173525447612673,0.0540006979951448,0.138215102974828,0.0691075514874142,0.452631578947368,0.410526315789474,0.136842105263158,0.0662109202084959,0.184049384543775,0.0920246922718874,0.429714438162895,0.378857747477914,0.191427814359191,22,14,4,4,25,4,17,4,22,5,15,2,26,20,3,3
49,3,0.521739130434783,0.347826086956522,0.130434782608696,0.00726983279522275,0.0200740236171817,0.0100370118085909,0.514792024320127,0.344736181262586,0.140471794417287,0.0388194874927384,0.104006854251151,0.0520034271255754,0.573742557560358,0.337061223107325,0.0891962193323175,0.0152968358121789,0.0382295704969988,0.0191147852484994,0.502624345186283,0.348610879198049,0.148764775615668,0.0194271055122228,0.0549199084668192,0.0274599542334096,0.508771929824561,0.333333333333333,0.157894736842105,0.0118410292069695,0.0308473684802553,0.0154236842401276,0.508379507125076,0.345762026026101,0.145858466848823,25,16,8,1,33,10,11,12,26,15,8,3,30,17,11,2
49,4,0.521739130434783,0.347826086956522,0.130434782608696,0.0457672108842007,0.124186264580502,0.0620931322902508,0.506513075658365,0.300959009442689,0.192527914898946,0.0936332728130688,0.263717082247461,0.131858541123731,0.577143263654508,0.215967545832791,0.206889190512701,0.039093208312767,0.110331286723492,0.055165643361746,0.49731577843118,0.317083795598379,0.185600425970442,0.0239821214181859,0.063454759106933,0.0317273795534665,0.495495495495495,0.342342342342342,0.162162162162162,0.0413050267053611,0.116641182535119,0.0583205912675593,0.495440534007351,0.315804092116394,0.188755373876255,25,15,4,6,31,8,20,3,24,17,2,5,31,15,12,4
49,5,0.521739130434783,0.347826086956522,0.130434782608696,0.0598046626771054,0.169132119576747,0.0845660597883734,0.606305190223156,0.304388645616838,0.0893061641600059,0.0530752352268617,0.141768568567871,0.0708842842839355,0.592623414718718,0.291005577880999,0.116371007400283,0.0622429113969773,0.175248251467704,0.0876241257338521,0.609363256168635,0.296749075996766,0.0938876678345988,0.0627998117920722,0.177574370709382,0.0887871853546911,0.610526315789474,0.305263157894737,0.0842105263157895,0.0635012976573884,0.178978436386529,0.0894892181932646,0.611228348628047,0.296571326046984,0.0922003253249683,27,16,6,5,18,7,11,0,27,15,10,2,23,20,2,1
50,1,0.478260869565217,0.391304347826087,0.130434782608696,0.0892435808472864,0.238739270545613,0.119369635272807,0.383082493149832,0.367113088968666,0.249804417881502,0.115681719945757,0.320966773373738,0.160483386686869,0.58601987459689,0.230820961139218,0.183159164263892,0.0708891463198469,0.199705882736089,0.0998529413680445,0.420591713684998,0.349120562338261,0.23028772397674,0.056722268476532,0.160183066361556,0.080091533180778,0.442105263157895,0.347368421052632,0.210526315789474,0.07593159983904,0.213125537295781,0.10656276864789,0.413503683101714,0.3494987656417,0.236997551256586,28,18,6,4,22,4,15,3,17,2,7,8,28,18,5,5
50,2,0.478260869565217,0.391304347826087,0.130434782608696,0.00682424949549979,0.018630775577385,0.00931538778869245,0.471418402335957,0.400619735614779,0.127961862049264,0.0442762964758862,0.121710123735763,0.0608550618678816,0.495918054841226,0.330449285958205,0.173632659200569,0.0122158192593104,0.0338936959135326,0.0169468479567663,0.461314021608451,0.40268339024327,0.136002588148279,0.0156307318177699,0.040920716112532,0.0204603580562659,0.46078431372549,0.411764705882353,0.127450980392157,0.0128999346279457,0.0345548668694999,0.0172774334347499,0.464549659325052,0.408581781260837,0.126868559414111,31,11,18,2,26,13,12,1,16,10,3,3,29,13,9,7
50,3,0.478260869565217,0.391304347826087,0.130434782608696,0.0696034957548574,0.181810847519289,0.0909054237596445,0.556411025997394,0.300398924066442,0.143190049936164,0.0819130558669073,0.230797548346524,0.115398774173262,0.527187271318226,0.275905573652825,0.196907155028949,0.0662767839309816,0.173842557947566,0.0869212789737832,0.55209315007663,0.304383068852304,0.143523781071067,0.0719604426513601,0.187370600414079,0.0936853002070394,0.55952380952381,0.297619047619048,0.142857142857143,0.0688631862385835,0.178697323900327,0.0893486619501635,0.556488443068873,0.301955685875923,0.141555871055203,20,12,5,3,22,7,12,3,22,18,4,0,20,10,4,6
50,4,0.478260869565217,0.391304347826087,0.130434782608696,0.132322990928679,0.370379904281002,0.185189952140501,0.293070917424716,0.460606146523634,0.24632293605165,0.0780712947702847,0.202766769348644,0.101383384674322,0.389704317732122,0.378477514984861,0.231818167283018,0.13659105539923,0.385391088327539,0.192695544163769,0.285565325401448,0.475947630718573,0.238487043879979,0.134074000579427,0.378743961352657,0.189371980676329,0.288888888888889,0.477777777777778,0.233333333333333,0.136721801781886,0.386195883853408,0.193097941926704,0.285162927638513,0.479241394412074,0.235595677949413,32,8,21,3,14,5,5,4,23,2,11,10,21,11,6,4
50,5,0.478260869565217,0.391304347826087,0.130434782608696,0.113944359641657,0.321371474620427,0.160685737310213,0.387427719215807,0.321451760865284,0.291120519918909,0.0547248435316959,0.151257314689117,0.0756286573445585,0.454674766029877,0.339261794016869,0.206063439953254,0.104171823021309,0.294201286079003,0.147100643039502,0.397731745827445,0.324732828524357,0.277535425648197,0.108889979731204,0.30793777423215,0.153968887116075,0.403669724770642,0.311926605504587,0.284403669724771,0.103569203820096,0.292662230662299,0.14633111533115,0.399593177373013,0.323640924687142,0.276765897939845,27,9,12,6,21,3,4,14,30,16,8,6,31,16,10,5
51,1,0.434782608695652,0.434782608695652,0.130434782608696,0.0221734448713319,0.0615966826493561,0.0307983413246781,0.414275687556884,0.46558095002033,0.120143362422786,0.0494676882076725,0.136604722216349,0.0683023611081746,0.503084969803827,0.387529181570704,0.109385848625469,0.0221915152836015,0.0547323507688774,0.0273661753844388,0.407794846655874,0.462148784080091,0.130056369264035,0.0269488697626839,0.07383100902379,0.036915504511895,0.424528301886792,0.471698113207547,0.10377358490566,0.0226843383212266,0.0628636484910201,0.03143182424551,0.413507998338838,0.466214432941162,0.120277568719999,23,10,11,2,27,15,8,4,28,4,21,3,28,16,10,2
51,2,0.434782608695652,0.434782608695652,0.130434782608696,0.0386087512789351,0.100498097481298,0.0502490487406489,0.428157498869386,0.485031657436301,0.0868108436943127,0.0491305149150951,0.133662131080385,0.0668310655401925,0.417826655288512,0.501613674235845,0.0805596704756436,0.0418089562923526,0.106798558533923,0.0533992792669614,0.430068668271216,0.488181887962614,0.0817494437661706,0.0305712552009302,0.0849802371541502,0.0424901185770751,0.420454545454545,0.477272727272727,0.102272727272727,0.0415489402695808,0.107117330762408,0.0535586653812042,0.428933485708394,0.488341274076856,0.08272524021475,12,6,6,0,27,14,13,0,18,5,7,6,31,12,16,3
51,3,0.434782608695652,0.434782608695652,0.130434782608696,0.0687003825952126,0.183861926760432,0.0919309633802159,0.507971927956572,0.342851645315436,0.149176426727992,0.0794789112369278,0.222700241383058,0.111350120691529,0.323432488004123,0.503732041478472,0.172835470517405,0.0793789563463188,0.202158033879563,0.101079016939781,0.527616352196002,0.333703591755871,0.138680056048127,0.0843459183117522,0.221343873517787,0.110671936758893,0.545454545454545,0.340909090909091,0.113636363636364,0.0767436396028661,0.202451530325843,0.101225765162922,0.519298111819302,0.333556843532731,0.147145044647967,23,17,4,2,21,4,12,5,20,7,11,2,24,20,3,1
51,4,0.434782608695652,0.434782608695652,0.130434782608696,0.105052710459746,0.29698942137086,0.14849471068543,0.286287898010222,0.513042274625362,0.200669827364416,0.16500947096891,0.463379192469612,0.231689596234806,0.203093012460846,0.574754912104187,0.222152075434967,0.0999554864540921,0.282254754294264,0.141127377147132,0.29365523154852,0.498350121664674,0.207994646786806,0.0932319328244219,0.263504611330698,0.131752305665349,0.303030303030303,0.505050505050505,0.191919191919192,0.0998672411706337,0.282400674767589,0.141200337383795,0.293582271311858,0.502728096507069,0.203689632181074,30,4,17,9,15,3,9,3,30,17,8,5,24,6,16,2
51,5,0.434782608695652,0.434782608695652,0.130434782608696,0.0749017341511971,0.206751951010783,0.103375975505391,0.331406633190261,0.46645908889603,0.202134277913709,0.101850597741317,0.271233923506722,0.135616961753361,0.409002048942742,0.324946206695201,0.266051744362057,0.0915211403363054,0.254771626207412,0.127385813103706,0.307396795591946,0.518320405209843,0.17428279919821,0.112224136209943,0.315993788819876,0.157996894409938,0.276785714285714,0.526785714285714,0.196428571428571,0.0778383332342722,0.21913760915311,0.109568804576555,0.325213804119097,0.480390030065189,0.194396165815714,28,11,3,14,28,3,24,1,23,10,7,6,33,7,25,1
52,1,0.391304347826087,0.478260869565217,0.130434782608696,0.0366061164108564,0.103514992823097,0.0517574964115484,0.366365180342856,0.4514425406369,0.182192279020244,0.127481964154,0.359707830107919,0.179853915053959,0.47041910360389,0.298406954511258,0.231173941884852,0.0278958885427813,0.0728019171408934,0.0364009585704467,0.35490338925564,0.483289463725244,0.161807147019116,0.0479592870678679,0.128063241106719,0.0640316205533597,0.327272727272727,0.490909090909091,0.181818181818182,0.0312556933548011,0.085949357905561,0.0429746789527805,0.360858198310795,0.465732340127729,0.173409461561476,35,7,27,1,23,6,16,1,28,15,7,6,24,8,4,12
52,2,0.391304347826087,0.478260869565217,0.130434782608696,0.0554210710572721,0.152163703373326,0.076081851686663,0.41303863211914,0.402179017878554,0.184782350002306,0.0565522810107515,0.143575171462735,0.0717875857313676,0.385941647840034,0.411835983819902,0.202222368340063,0.0596893737583435,0.157253357213012,0.0786266786065061,0.40401663324088,0.399634190958711,0.196349175800408,0.0554241251477477,0.152173913043478,0.0760869565217391,0.41304347826087,0.402173913043478,0.184782608695652,0.0554239812207969,0.152173432918362,0.0760867164591812,0.413043251897688,0.402174153106036,0.184782594996276,23,10,9,4,24,9,8,7,25,14,9,2,20,5,11,4
52,3,0.391304347826087,0.478260869565217,0.130434782608696,0.047790221316943,0.129925343228523,0.0649626716142616,0.407638041302624,0.413298197950956,0.17906376074642,0.0821243174930814,0.230340865226926,0.115170432613463,0.276133915212624,0.522867878203804,0.200998206583572,0.0460657994230187,0.115923450044609,0.0579617250223044,0.394528354181028,0.420299144542913,0.185172501276059,0.0471162505393699,0.121570282819755,0.0607851414098776,0.398058252427184,0.41747572815534,0.184466019417476,0.0462021680342902,0.116184303973782,0.0580921519868909,0.3944479740367,0.420168717578326,0.185383308384973,19,14,5,0,33,8,19,6,29,14,7,8,22,5,12,5
52,4,0.391304347826087,0.478260869565217,0.130434782608696,0.089071268806469,0.222989155595949,0.111494577797974,0.279809770028113,0.483241479122042,0.236948750849846,0.0938625951928631,0.253181636294246,0.126590818147123,0.293420591941201,0.44955380730298,0.257025600755819,0.0960139051807119,0.239514913908845,0.119757456954423,0.271546890871664,0.482717412864169,0.245735696264167,0.0860071887262141,0.216952129995608,0.108476064997804,0.282828282828283,0.484848484848485,0.232323232323232,0.0926043151509138,0.235182388228557,0.117591194114278,0.273713153711809,0.487130801109133,0.239156045179058,21,11,8,2,27,2,18,7,27,7,13,7,24,8,9,7
52,5,0.391304347826087,0.478260869565217,0.130434782608696,0.051487634375751,0.138957574863103,0.0694787874315513,0.337697301548387,0.547739656996769,0.114563041454845,0.0131621880934872,0.0354148156271178,0.017707407813559,0.377480676665317,0.495968277378776,0.126551045955907,0.0461210379124571,0.11426723825688,0.0571336191284402,0.334170728697647,0.534077218229177,0.131752053073177,0.0516115057639542,0.140252454417952,0.0701262272089761,0.338709677419355,0.548387096774194,0.112903225806452,0.0512827776979375,0.138288555107777,0.0691442775538883,0.337779990345591,0.547405147119106,0.114814862535303,30,13,13,4,32,14,15,3,30,5,23,2,32,10,17,5
53,1,0.347826086956522,0.521739130434783,0.130434782608696,0.0241757318783089,0.0652982390029159,0.032649119501458,0.340289317861723,0.496626780028123,0.163083902110154,0.0879344112067665,0.236939318940609,0.118469659470305,0.374313461062823,0.403269470964478,0.222417067972699,0.0259302823353782,0.072134627950543,0.0360673139752715,0.335530980303729,0.497966923112304,0.166502096583967,0.0207986375170371,0.0582793709528215,0.0291396854764107,0.329787234042553,0.51063829787234,0.159574468085106,0.0205618685454886,0.0581543269567632,0.0290771634783816,0.333560598903702,0.506927455009221,0.159511946087077,25,10,14,1,24,8,9,7,28,5,20,3,17,8,5,4
53,2,0.347826086956522,0.521739130434783,0.130434782608696,0.169510580681333,0.42608191719187,0.213040958595935,0.134785128360587,0.72344846367468,0.141766407964733,0.15879145281072,0.438935753353865,0.219467876676933,0.128358210279589,0.672673512445588,0.198968277274823,0.175928773524892,0.431668039266406,0.215834019633203,0.131992067323319,0.736838960739042,0.131168971937639,0.162961769079251,0.409513192121888,0.204756596060944,0.153846153846154,0.726495726495726,0.11965811965812,0.171246419788867,0.428759653256124,0.214379826628062,0.13344626032846,0.726494262382037,0.140059477289503,30,12,16,2,28,3,17,8,26,3,21,2,33,0,31,2
53,3,0.347826086956522,0.521739130434783,0.130434782608696,0.0519861409999243,0.146762201577558,0.0733811007887789,0.421207187745301,0.481143606370018,0.0976492058846815,0.0377513146174659,0.100629072135498,0.0503145360677489,0.357521200281697,0.562358553177356,0.0801202465409468,0.0423252483694105,0.118161605898601,0.0590808029493007,0.406906889905822,0.500519427034685,0.0925736830594927,0.0354902200871895,0.0960144927536232,0.0480072463768116,0.395833333333333,0.510416666666667,0.09375,0.0422247923683499,0.118622608576252,0.059311304288126,0.407137391244648,0.498085688180118,0.0947769205752348,31,7,23,1,22,12,4,6,23,8,13,2,20,11,9,0
53,4,0.347826086956522,0.521739130434783,0.130434782608696,0.195344747627997,0.493813002908092,0.246906501454046,0.594732588410568,0.290967473581125,0.114299938008307,0.201323201841412,0.494707333736412,0.247353666868206,0.595179753824728,0.27596123224424,0.128859013931032,0.185992321893192,0.463788300872831,0.231894150436416,0.579720237392937,0.29828139086247,0.121998371744592,0.191963003390924,0.471014492753623,0.235507246376812,0.583333333333333,0.287037037037037,0.12962962962963,0.18955976574141,0.473228087777309,0.236614043888655,0.584440130845176,0.294300523429572,0.121259345725252,22,14,7,1,35,14,13,8,27,18,4,5,24,17,7,0
53,5,0.347826086956522,0.521739130434783,0.130434782608696,0.0679857942007285,0.189833611998133,0.0949168059990665,0.313641804412122,0.616655936433849,0.0697022591540289,0.0552533930041991,0.154509232764004,0.077254616382002,0.319357486531127,0.598993746816785,0.0816487666520879,0.0570303758391634,0.16100645325485,0.0805032266274248,0.311831060240596,0.602242357062207,0.0859265826971968,0.0698617765502288,0.192885375494071,0.0964426877470356,0.318181818181818,0.618181818181818,0.0636363636363636,0.0681195025623189,0.190000675803517,0.0950003379017587,0.31416794794783,0.616739468336541,0.0690925837156288,27,14,12,1,31,11,18,2,24,6,15,3,28,4,23,1
54,1,0.304347826086957,0.565217391304348,0.130434782608696,0.0570352943617066,0.156595512657995,0.0782977563289973,0.36027863559959,0.486919634975351,0.15280172942506,0.0971101308530901,0.240923289231028,0.120461644615514,0.421695286984976,0.444755746688834,0.13354896632619,0.0590420707612782,0.166703133548762,0.083351566774381,0.350305713730421,0.481865824529967,0.167828461739612,0.0584798694339623,0.158472165786266,0.0792360828931328,0.364485981308411,0.485981308411215,0.149532710280374,0.0570032419165719,0.156461093383378,0.0782305466916889,0.36031660223603,0.486986844612659,0.152696553151312,26,3,17,6,24,10,10,4,24,12,10,2,33,14,15,4
54,2,0.304347826086957,0.565217391304348,0.130434782608696,0.0680889154522914,0.191839412413188,0.0959197062065938,0.249059393166637,0.661137097510942,0.0898035093224215,0.0482901224168551,0.135320523823678,0.0676602619118392,0.262488336310541,0.539416619168924,0.198095044520535,0.0656378669187435,0.18465143017496,0.0923257150874799,0.249850335338741,0.657543106391828,0.0926065582694313,0.0692979570802621,0.177976432344575,0.0889882161722877,0.224299065420561,0.654205607476635,0.121495327102804,0.0639130450446736,0.18016695780661,0.0900834789033051,0.252899752907496,0.655300870207653,0.0917993768848513,28,8,12,8,28,6,17,5,20,3,17,0,31,7,24,0
54,3,0.304347826086957,0.565217391304348,0.130434782608696,0.0678597543403281,0.175235417863805,0.0876177089319025,0.226630680601878,0.65283510023625,0.120534219161872,0.063355820773713,0.177147512238776,0.0885737561193879,0.215774069967569,0.62120714653351,0.163018783498921,0.0611496303258675,0.153144858943643,0.0765724294718216,0.231256249449859,0.641789820776169,0.126953929773971,0.0697744097901577,0.177323103154305,0.0886615515771526,0.215686274509804,0.647058823529412,0.137254901960784,0.0626693926624777,0.157249905269018,0.0786249526345089,0.229612662372475,0.643842343938857,0.126544993688668,29,5,19,5,28,9,11,8,22,2,19,1,23,6,17,0
54,4,0.304347826086957,0.565217391304348,0.130434782608696,0.0564925315839479,0.151182548896311,0.0755912744481556,0.364539414008041,0.489626116856192,0.145834469135767,0.0565329830106527,0.151274792383199,0.0756373961915996,0.364598766048882,0.489579995112748,0.14582123883837,0.0619768311756876,0.173660315321571,0.0868301576607853,0.358111054236039,0.478387233643562,0.163501712120399,0.0565271097875769,0.151268115942029,0.0756340579710145,0.364583333333333,0.489583333333333,0.145833333333333,0.0565265292159315,0.151267030803301,0.0756335154016503,0.364582239079774,0.489583875902698,0.145833885017529,32,9,18,5,21,5,11,5,23,11,10,2,20,10,8,2
54,5,0.304347826086957,0.565217391304348,0.130434782608696,0.0340787017296649,0.0912759911907159,0.045637995595358,0.313753513856989,0.51957939570899,0.166667090434021,0.0234936307528529,0.0652919907922774,0.0326459953961387,0.326019213016707,0.532571395908209,0.141409391075084,0.0423496102475307,0.114241941802713,0.0571209709013566,0.317315677230328,0.508096420402991,0.174587902366681,0.0340632788133112,0.0912190963341857,0.0456095481670928,0.313725490196078,0.519607843137255,0.166666666666667,0.0340615255899961,0.0912158903491738,0.0456079451745869,0.313727276671927,0.519609446129761,0.166663277198312,30,11,16,3,25,6,11,8,25,6,15,4,22,9,11,2
55,1,0.260869565217391,0.608695652173913,0.130434782608696,0.0423357755519475,0.119656353709079,0.0598281768545396,0.201041388362852,0.636630150220885,0.162328461416263,0.0974775908171167,0.269587269950348,0.134793634975174,0.126075930242217,0.701109025077834,0.172815044679949,0.0424424458758726,0.117472328214134,0.0587361641070669,0.202133401110324,0.627359104977428,0.170507493912247,0.03013959607141,0.0842391304347825,0.0421195652173913,0.21875,0.635416666666667,0.145833333333333,0.0416309371466013,0.117668990826897,0.0588344954134487,0.202035069803943,0.636221074402411,0.161743855793646,25,7,16,2,24,11,10,3,27,2,20,5,20,1,15,4
55,2,0.260869565217391,0.608695652173913,0.130434782608696,0.0935501905909775,0.256091345255156,0.128045672627578,0.225668361932035,0.736741324801491,0.0375903132664736,0.166372986167005,0.468723547358083,0.234361773679042,0.125636668304197,0.843057425852955,0.031305905842848,0.0957680443279306,0.263271511319096,0.131635755659548,0.222643322814853,0.740331407833461,0.0370252693516855,0.0993263416393519,0.261775362318841,0.13088768115942,0.239583333333333,0.739583333333333,0.0208333333333333,0.0949221745018075,0.260950092677208,0.130475046338604,0.222972955171681,0.739170698512517,0.0378563463158018,25,12,13,0,21,7,14,0,24,3,20,1,26,1,24,1
55,3,0.260869565217391,0.608695652173913,0.130434782608696,0.0288132408381851,0.0753190139457328,0.0376595069728664,0.266222471063543,0.571036145201047,0.16274138373541,0.0611502791697319,0.161362051812219,0.0806810259061094,0.328172348250272,0.528014626267804,0.143813025481924,0.0339253653889375,0.0930405742734943,0.0465202871367472,0.273966402793357,0.562175365037166,0.163858232169477,0.0280486795726522,0.0770404271548437,0.0385202135774219,0.271929824561404,0.570175438596491,0.157894736842105,0.02831313896958,0.0776998402842161,0.0388499201421081,0.271900269146297,0.569845732031805,0.158253998821898,21,6,8,7,22,5,16,1,32,4,22,6,39,16,19,4
55,4,0.260869565217391,0.608695652173913,0.130434782608696,0.281771334713385,0.782608695652174,0.391304347826087,1.22454078996432e-71,1,4.89065831014271e-66,0.100659592041453,0.278261758790643,0.139130879395321,0.12173868582207,0.652175099386315,0.226086214791615,0.0936958071029947,0.245313866147215,0.122656933073608,0.138212632143784,0.626609674343032,0.235177693513184,0.100659451328611,0.278260869565217,0.139130434782609,0.121739130434783,0.652173913043478,0.226086956521739,0.100659610656954,0.278261196272975,0.139130598136488,0.121738967080904,0.652173725957513,0.226087306961584,28,3,16,9,22,2,15,5,35,3,25,7,30,6,19,5
55,5,0.260869565217391,0.608695652173913,0.130434782608696,0.0989008920809369,0.275134422337339,0.137567211168669,0.123302354048722,0.655604009415344,0.221093636535934,0.132301625446157,0.363241557388902,0.181620778694451,0.13112333501166,0.556821103685194,0.312055561303146,0.0959568374533903,0.266445303424927,0.133222651712463,0.127646913504928,0.652938120569172,0.2194149659259,0.111668604853512,0.311212814645309,0.155606407322654,0.105263157894737,0.663157894736842,0.231578947368421,0.10060392855955,0.281270104928674,0.140635052464337,0.120234512753054,0.660356753877585,0.219408733369361,23,2,12,9,25,3,13,9,27,1,25,1,20,4,13,3
56,1,0.217391304347826,0.652173913043478,0.130434782608696,0.042014424984184,0.114149029247811,0.0570745146239054,0.203161132534382,0.709248427667384,0.0875904397982343,0.0117417901932642,0.0321700914228124,0.0160850457114062,0.212920606482297,0.668258958754885,0.118820434762819,0.0346934352790254,0.0913151835321206,0.0456575917660603,0.210118533432079,0.697831504809539,0.0920499617583827,0.0428339483671233,0.109793588054458,0.0548967940272288,0.212121212121212,0.707070707070707,0.0808080808080808,0.042340943718424,0.112219480064536,0.0561097400322682,0.20744461142337,0.708283653075746,0.0842717355008833,21,3,15,3,24,1,21,2,23,7,13,3,31,10,21,0
56,2,0.217391304347826,0.652173913043478,0.130434782608696,0.0805056474084968,0.227192219811476,0.113596109905738,0.167202467026753,0.765770022949216,0.0670275100240306,0.121269446327227,0.336998167016097,0.168499083508049,0.105474777548825,0.820672996551527,0.0738522258996479,0.0733454530631492,0.207249567312209,0.103624783656105,0.169548973819938,0.755798696699583,0.0746523294804794,0.0835813767630812,0.234113712374582,0.117056856187291,0.173076923076923,0.769230769230769,0.0576923076923077,0.0827381818837427,0.233465204073284,0.116732602036642,0.165991697556837,0.76890651508012,0.0651017873630426,31,8,23,0,26,2,22,2,26,1,23,2,21,7,12,2
56,3,0.217391304347826,0.652173913043478,0.130434782608696,0.0641425244195637,0.180161667250838,0.0900808336254188,0.163105471460992,0.616378912304894,0.220515616234114,0.100392750768107,0.272969751038746,0.136484875519373,0.183015748287328,0.550064593584604,0.266919658128069,0.0655551479910204,0.185086367551249,0.0925431837756245,0.175919243133957,0.601102790481723,0.22297796638432,0.0663872911048402,0.185938945420907,0.0929694727104533,0.159574468085106,0.617021276595745,0.223404255319149,0.0645772831602062,0.181589654169541,0.0907948270847705,0.163475511762739,0.615294878543795,0.221229609693466,25,5,12,8,23,2,14,7,23,2,20,1,23,6,12,5
56,4,0.217391304347826,0.652173913043478,0.130434782608696,0.0517477123037531,0.144277984626703,0.0721389923133513,0.191985434873414,0.605440790204539,0.202573774922047,0.0638152640902067,0.179635903237032,0.0898179516185161,0.12757335272931,0.704707426323604,0.167719220947086,0.0377434012629813,0.0945664829237872,0.0472832414618936,0.170108062885932,0.654366342274748,0.17552559483932,0.0663348227924507,0.176630434782609,0.0883152173913044,0.145833333333333,0.635416666666667,0.21875,0.0325411307290832,0.0919922204108813,0.0459961102054407,0.193106327270919,0.630462779914944,0.176430892814136,18,1,4,13,20,2,14,4,30,8,22,0,28,3,21,4
56,5,0.217391304347826,0.652173913043478,0.130434782608696,0.0191175109306973,0.0472822377489574,0.0236411188744787,0.241032423222305,0.65171301733586,0.107254559441835,0.00904948119291811,0.0241281876268885,0.0120640938134443,0.22945539816127,0.649840905895502,0.120703695943228,0.020703531630548,0.0566258957537954,0.0283129478768977,0.245704252224724,0.631557015755456,0.12273873201982,0.0191782235311038,0.047360248447205,0.0236801242236025,0.241071428571429,0.651785714285714,0.107142857142857,0.0187561816956869,0.046391337892182,0.023195668946091,0.240586973293917,0.651718889450545,0.107694137255538,25,4,20,1,25,4,16,5,24,10,12,2,38,9,25,4
57,1,0.173913043478261,0.695652173913043,0.130434782608696,0.071499921247326,0.186882544423404,0.093441272211702,0.160657382991028,0.789093446124745,0.0502491708842266,0.0600268963001383,0.164482398202182,0.0822411991010912,0.256154242579352,0.63630710463215,0.107538652788497,0.0598857317645512,0.149359352497129,0.0746796762485643,0.17666009666087,0.767584796978999,0.0557551063601313,0.0597382525221948,0.147157190635452,0.0735785953177258,0.173076923076923,0.769230769230769,0.0576923076923077,0.0602752096933628,0.149895724005331,0.0749478620026654,0.176219306924148,0.768293772469822,0.0554869206060303,35,10,20,5,19,1,18,0,29,6,23,0,21,1,19,1
57,2,0.173913043478261,0.695652173913043,0.130434782608696,0.0317009444144935,0.0780965801996364,0.0390482900998183,0.17346370105817,0.734700464012862,0.0918358349289679,0.0182361031406861,0.0455558266864456,0.0227779133432228,0.195776167631495,0.696566963103032,0.107656869265473,0.0188115089554512,0.0531278248976423,0.0265639124488211,0.185938727307824,0.710190402532301,0.103870870159875,0.0316978482770829,0.0780834072759539,0.039041703637977,0.173469387755102,0.73469387755102,0.0918367346938776,0.0316993712732739,0.0780871909810219,0.039043595490511,0.173469333872578,0.734695769403554,0.0918348967238673,21,2,19,0,22,5,15,2,32,8,20,4,23,2,18,3
57,3,0.173913043478261,0.695652173913043,0.130434782608696,0.105125126936813,0.269372880487234,0.134686440243617,0.186743782633793,0.560965733669427,0.252290483696781,0.120841939133606,0.33057093345885,0.165285466729425,0.12888277143134,0.57539697923054,0.295720249338121,0.106325115034412,0.273791478708263,0.136895739354131,0.188488726076688,0.558756434558912,0.2527548393644,0.109081451521788,0.280193236714976,0.140096618357488,0.188034188034188,0.555555555555556,0.256410256410256,0.104968427244478,0.268584320588067,0.134292160294033,0.186270732154638,0.56136001361901,0.252369254226352,28,6,11,11,27,3,18,6,30,11,17,2,32,2,19,11
57,4,0.173913043478261,0.695652173913043,0.130434782608696,0.0859027952849981,0.236015787325506,0.118007893662753,0.139899857572169,0.813660067575797,0.0464400748520349,0.071723977302773,0.185338318940276,0.0926691594701378,0.163296995943111,0.788321333383181,0.0483816706737075,0.0663963816047613,0.182394320670045,0.0911971603350223,0.147680095121481,0.786849334248066,0.0654705706304535,0.0874082469696726,0.239130434782609,0.119565217391304,0.141304347826087,0.815217391304348,0.0434782608695652,0.0872107800336058,0.23908018531986,0.11954009265993,0.140433773406263,0.815192266572974,0.044373960020764,29,5,24,0,13,1,11,1,29,1,26,2,21,6,14,1
57,5,0.173913043478261,0.695652173913043,0.130434782608696,0.0530603818041441,0.144848918804536,0.0724244594022682,0.154704620292705,0.768076633315312,0.077218746391983,0.0429243333646228,0.121117678902236,0.0605588394511179,0.207828094572124,0.722295962270298,0.0698759431575777,0.0624886598872735,0.176506697555668,0.0882533487778341,0.133756097528985,0.783905522690878,0.082338379780137,0.0547856293158046,0.135577372604021,0.0677886863020103,0.10752688172043,0.763440860215054,0.129032258064516,0.050223124590089,0.13950688500179,0.0697534425008951,0.150628833165619,0.765405616413939,0.0839655504204425,23,1,22,0,26,3,23,0,28,2,15,11,16,4,11,1
58,1,0.130434782608696,0.739130434782609,0.130434782608696,0.00656343067122725,0.0185405964555743,0.00927029822778713,0.126204740073279,0.748400733010396,0.125394526916326,0.0339069065075121,0.084318840579475,0.0421594202897375,0.129140292300581,0.781289855072346,0.0895698526270726,0.0330578114279712,0.0870758924834478,0.0435379462417238,0.137453712597399,0.775649451035629,0.0868968363669718,0.0562981009219135,0.148221343873518,0.0741106719367589,0.204545454545455,0.727272727272727,0.0681818181818182,0.00537934943505378,0.0137228077220465,0.00686140386102319,0.136710999133893,0.732269030921585,0.131019969944521,23,3,19,1,23,0,19,4,25,15,9,1,17,0,17,0
58,2,0.130434782608696,0.739130434782609,0.130434782608696,0.113612812076615,0.317683243677932,0.158841621838966,0.188907777875716,0.580288812943643,0.230803409180641,0.102901010653143,0.276437899360022,0.138218949680011,0.238972273530839,0.600911485102598,0.160116241366563,0.125213306762238,0.348841030408216,0.174420515204108,0.191174845794172,0.564709919578501,0.244115234627328,0.135992016123765,0.371877890841813,0.185938945420906,0.180851063829787,0.553191489361702,0.265957446808511,0.137495088152717,0.383749424468731,0.191874712234365,0.199069757823847,0.547255722548243,0.25367451962791,22,4,14,4,25,8,15,2,30,5,7,18,17,0,16,1
58,3,0.130434782608696,0.739130434782609,0.130434782608696,0.172000759635091,0.486055184652166,0.243027592326083,2.52650813895726e-11,0.982158027108692,0.0178419728660433,0.0495120186722263,0.132206149720627,0.0661030748603133,0.183485010246143,0.673027359922295,0.143487629831562,0.061238513518815,0.164340064583907,0.0821700322919535,0.195211519921477,0.656960402490655,0.147828077587868,0.0424685024922529,0.109839816933638,0.0549199084668192,0.178947368421053,0.684210526315789,0.136842105263158,0.0424698114243513,0.109842545917126,0.0549212729585629,0.178949341669962,0.684209161824046,0.136841496505992,27,7,18,2,27,3,18,6,21,3,17,1,20,4,12,4
58,4,0.130434782608696,0.739130434782609,0.130434782608696,0.0387642112721256,0.106221746639483,0.0531108733197415,0.0921140382717701,0.79224130810235,0.11564465362588,0.0685049658377793,0.185779426154894,0.0928897130774471,0.223324495686143,0.668852378292029,0.107823126021828,0.0624981247838629,0.175160649708057,0.0875803248540288,0.0763349923466892,0.826710759636637,0.0969542480166734,0.0478219450678738,0.133389615871676,0.0666948079358379,0.106796116504854,0.805825242718447,0.087378640776699,0.0494752187540996,0.13500690469541,0.0675034523477051,0.0807406962894681,0.806633887130314,0.112625416580218,22,4,17,1,28,0,28,0,32,0,27,5,21,7,11,3
58,5,0.130434782608696,0.739130434782609,0.130434782608696,0.0784479154051394,0.201740302766976,0.100870151383488,0.119999989003733,0.840000586166097,0.0399994248301709,0.0734587444648077,0.183383449306057,0.0916917246530287,0.126882553728999,0.830822159435637,0.0422952868353639,0.0486761292389214,0.123934286339561,0.0619671431697806,0.135454856508216,0.796077504052869,0.0684676394389151,0.0784474426622018,0.201739130434783,0.100869565217391,0.12,0.84,0.04,0.0784474042293706,0.201739050056809,0.100869525028405,0.119999983043195,0.839999959811013,0.0400000571457923,23,4,18,1,24,4,19,1,26,3,22,1,27,1,25,1
59,1,0.0869565217391304,0.782608695652174,0.130434782608696,0.0630013299022674,0.170029758072939,0.0850148790364696,0.0675381296458613,0.867623574688644,0.0648382956654951,0.041248939886261,0.105478295393156,0.0527391476965782,0.0821774385705236,0.835347843348752,0.0824747180807243,0.0701989620404903,0.189797225087445,0.0948986125437227,0.0647565998221518,0.877507308195897,0.0577360919819516,0.0595386901210758,0.157004830917874,0.0785024154589372,0.0740740740740741,0.861111111111111,0.0648148148148148,0.0630488352488373,0.168821918260833,0.0844109591304164,0.0696272541718314,0.86701965478259,0.0633530910455783,26,0,21,5,24,2,20,2,31,6,25,0,27,0,27,0
59,2,0.0869565217391304,0.782608695652174,0.130434782608696,0.0539415747120777,0.135177443972403,0.0675887219862014,0.154545243725332,0.718181611651936,0.127273144622732,0.0540797691393996,0.13763652532013,0.068818262660065,0.155774784399195,0.719303765516885,0.12492145008392,0.0740298796104037,0.19126508212933,0.0956325410646648,0.171670589357911,0.686976154587509,0.14135325605458,0.0539415886937768,0.135177865612648,0.0675889328063241,0.154545454545455,0.718181818181818,0.127272727272727,0.0539428238776165,0.135180471545996,0.0675902357729979,0.154546757512128,0.71818006028971,0.127273182198162,21,2,14,5,27,4,19,4,31,5,23,3,31,6,23,2
59,3,0.0869565217391304,0.782608695652174,0.130434782608696,0.0196730658957631,0.0552413201388692,0.0276206600694346,0.0593358616696958,0.799311885103646,0.141352253226658,0.0704848065102476,0.193146341430141,0.0965731707150704,0.060056356061125,0.712935690615109,0.227007953323766,0.0251586327891315,0.0685872111178044,0.0342936055589022,0.0526629161802282,0.807965045864667,0.139372037955105,0.0375895016466794,0.105536975102192,0.0527684875510962,0.0341880341880342,0.803418803418803,0.162393162393162,0.0201591602345446,0.0561275425055176,0.0280637712527588,0.0588927504863716,0.800988703786911,0.140118545726717,31,0,31,0,29,1,17,11,29,2,21,6,28,1,25,2
59,4,0.0869565217391304,0.782608695652174,0.130434782608696,0.0226518855377245,0.0574212538022831,0.0287106269011416,0.0849071745175417,0.811319322553316,0.103773502929143,0.0109620153045008,0.0290902131654293,0.0145451065827146,0.101501628321845,0.770690867861148,0.127807503817006,0.0160041318473493,0.0396489236582424,0.0198244618291212,0.106326098431989,0.783063580788436,0.110610320779574,0.0226525041369714,0.0574241181296144,0.0287120590648072,0.0849056603773585,0.811320754716981,0.10377358490566,0.022652390521265,0.05742345129431,0.028711725647155,0.0849060968298949,0.811320421299329,0.103773481870776,25,3,18,4,22,2,20,0,33,1,29,3,26,3,19,4
59,5,0.0869565217391304,0.782608695652174,0.130434782608696,0.0575892231181449,0.144105132851477,0.0720525664257386,0.0901027398269789,0.851515043990064,0.0583822161829571,0.0403241883496216,0.113057343070349,0.0565286715351745,0.143485193274305,0.760859129253866,0.0956556774718289,0.0501137720342408,0.133960465410706,0.0669802327053531,0.100388683527536,0.836156766569121,0.0634545499033426,0.0546267342493722,0.138420585625555,0.0692102928127773,0.0918367346938776,0.846938775510204,0.0612244897959184,0.0549330290482444,0.140827489195395,0.0704137445976974,0.0937400770355501,0.846238884953452,0.0600210380109983,31,5,23,3,18,1,17,0,25,0,25,0,24,3,18,3
60,1,0.0434782608695652,0.826086956521739,0.130434782608696,0.132319988909674,0.330391807565317,0.165195903782659,0.0499473468317511,0.66089105273908,0.289161600429168,0.175773507995091,0.431306938784156,0.215653469392078,0.0442317728452596,0.610433487129661,0.345334740025079,0.137648801308429,0.346482341494041,0.173241170747021,0.0532131432735223,0.652845785774719,0.293941070951759,0.131978043087718,0.339042599912165,0.169521299956083,0.0606060606060606,0.656565656565657,0.282828282828283,0.132737299684997,0.332084722023356,0.166042361011678,0.0506625318013193,0.660044595510061,0.28929287268862,23,1,12,10,26,5,16,5,28,0,19,9,22,0,18,4
60,2,0.0434782608695652,0.826086956521739,0.130434782608696,0.108475883843492,0.280456328997014,0.140228164498507,0.167467870721572,0.685858792023232,0.146673337255196,0.153602002652461,0.433541648266779,0.216770824133389,0.139691155461712,0.60931613238835,0.250992712149938,0.0490932923754896,0.134370628425313,0.0671853142126564,0.110663575082222,0.777334246644793,0.112002178272985,0.0714516046362646,0.201624462494028,0.100812231247014,0.0879120879120879,0.725274725274725,0.186813186813187,0.0923812600369028,0.235474678326632,0.117737339163316,0.161215600032881,0.718178659758938,0.12060574020818,17,1,4,12,23,0,23,0,32,5,27,0,19,2,12,5
60,3,0.0434782608695652,0.826086956521739,0.130434782608696,0.0399084201731967,0.105810111963056,0.0529050559815282,1.80002607446384e-06,0.816658361383702,0.183339838590224,0.0576721197224172,0.162999669104052,0.0814998345520262,1.91121732727681e-07,0.788065191717545,0.211934617160722,0.0481984115648952,0.134405078365217,0.0672025391826087,3.0679634888455e-06,0.802359610245207,0.197637321791304,0.0396271215771789,0.104721832632071,0.0523609163160355,0,0.817204301075269,0.182795698924731,0.0396294377457426,0.104732532279555,0.0523662661397776,1.51244605457468e-06,0.817197438805472,0.182801048748473,24,0,17,7,22,0,19,3,21,0,16,5,26,0,24,2
60,4,0.0434782608695652,0.826086956521739,0.130434782608696,0.0128274986559992,0.0344533707445313,0.0172266853722657,0.047167371029891,0.839624531733679,0.11320809723643,0.0130294944756031,0.0346371621210156,0.0173185810605078,0.0575874735985869,0.829296324853225,0.113116201548188,0.00784852015368315,0.0217640390169977,0.0108820195084989,0.0508127176039658,0.81520493701324,0.133982345382794,0.0128273140041935,0.0344544708777687,0.0172272354388843,0.0471698113207547,0.839622641509434,0.113207547169811,0.0128299849911344,0.0344634756955125,0.0172317378477563,0.0471734407798241,0.839623514459236,0.113203044760939,32,3,25,4,28,0,25,3,24,0,20,4,22,2,19,1
60,5,0.0434782608695652,0.826086956521739,0.130434782608696,0.0355765502679532,0.0907837728296226,0.0453918864148113,0.0395764358705501,0.784596895105943,0.175826669023507,0.0822921198531241,0.206703204227712,0.103351602113856,0.0381362945369053,0.728077320740543,0.233786384722552,0.0481712860818947,0.126573890262967,0.0632869451314834,0.0532864148867014,0.762800011390256,0.183913573723043,0.0409147421353892,0.107551487414188,0.0537757437070938,0.0350877192982456,0.780701754385965,0.184210526315789,0.0389650103729308,0.0990504442837784,0.0495252221418892,0.0396404515633042,0.780399543686111,0.179960004750585,37,1,24,12,25,1,19,5,19,0,17,2,33,2,29,2
61,1,0.782608695652174,0.0434782608695652,0.173913043478261,0.0737667632290494,0.20231413185324,0.10115706592662,0.811102413792307,0.116141608656053,0.0727559775516407,0.0721258788844757,0.178371176376834,0.089185588188417,0.784333532576701,0.130939012133455,0.0847274552898439,0.0700073341159539,0.181736594856414,0.0908682974282071,0.79400235910375,0.122952894846197,0.0830447460500537,0.074208016876416,0.202371541501976,0.101185770750988,0.809090909090909,0.118181818181818,0.0727272727272727,0.0726078710587681,0.198736646166795,0.0993683230833974,0.809880657720702,0.115574621884435,0.0745447203948634,23,18,5,0,31,22,6,3,31,26,1,4,25,23,1,1
61,2,0.782608695652174,0.0434782608695652,0.173913043478261,0.0721329027892938,0.188381607353832,0.0941908036769161,0.701589808228696,0.0303063446161269,0.268103847155177,0.082403702458298,0.221864036021749,0.110932018010875,0.696221483512321,0.0189334549985439,0.284845061489135,0.0600715649698727,0.160310900079537,0.0801554500397688,0.718154398917094,0.0277771075648762,0.25406849351803,0.0583573526413236,0.147741663149008,0.073870831574504,0.70873786407767,0.0485436893203883,0.242718446601942,0.0667633703761018,0.175524650609498,0.0877623253047491,0.70857206701447,0.0297525642025203,0.26167536878301,25,11,5,9,28,26,0,2,29,22,0,7,21,14,0,7
61,3,0.782608695652174,0.0434782608695652,0.173913043478261,0.0366447772918823,0.102943772796709,0.0514718863983546,0.762092257899266,0.0125228122241183,0.225384929876615,0.0321327792811058,0.0887931949342511,0.0443965974671256,0.768805625116755,0.0128847339378585,0.218309640945386,0.0344874900783515,0.0973686052622091,0.0486843026311046,0.760808092260399,0.0165945616302356,0.222597346109365,0.0321211420965894,0.0861361771944217,0.0430680885972108,0.773584905660377,0.00943396226415094,0.216981132075472,0.0303963519536894,0.0826905491499879,0.041345274574994,0.772125931812253,0.0126157501344927,0.215258318053255,32,29,0,3,17,9,0,8,32,25,1,6,25,19,0,6
61,4,0.782608695652174,0.0434782608695652,0.173913043478261,0.0234765902168563,0.064659924515909,0.0323299622579545,0.805316274706648,0.0531006440730452,0.141583081220306,0.0146934713354237,0.0404184332543941,0.0202092166271971,0.776691905662434,0.0636874774967623,0.159620616840804,0.0243555144592019,0.0656766621650579,0.032838331082529,0.790026770390417,0.0688985172138515,0.141074712395732,0.0234695143125704,0.0646402462485571,0.0323201231242786,0.805309734513274,0.0530973451327434,0.141592920353982,0.0234719258186799,0.0646484242922257,0.0323242121461129,0.805309603932534,0.0531015647353182,0.141588831332148,35,26,2,7,23,21,2,0,24,19,2,3,31,25,0,6
61,5,0.782608695652174,0.0434782608695652,0.173913043478261,0.0485894047220087,0.126888768239887,0.0634443841199435,0.837189211569978,0.0523421290717048,0.110468659358317,0.0207421975931976,0.0521357194967404,0.0260678597483702,0.781224150207964,0.0695461206179354,0.1492297291741,0.0376276507205256,0.102675370079756,0.0513376850398779,0.820405675670448,0.0570189658911689,0.122575358438383,0.0505312693805149,0.132772323515662,0.0663861617578308,0.838709677419355,0.0537634408602151,0.10752688172043,0.0496629175266354,0.129347446232191,0.0646737231160955,0.838664541581671,0.0520961380561638,0.109239320362165,23,19,3,1,26,25,0,1,21,18,0,3,23,16,2,5
62,1,0.739130434782609,0.0869565217391304,0.173913043478261,0.016801971691425,0.0465189986620242,0.0232594993310121,0.754968051750224,0.0636970224081184,0.181334925841658,0.136797869083359,0.364817109700648,0.182408554850324,0.556721879932285,0.122341225386951,0.320936894680764,0.0250487495156929,0.0675652263890462,0.0337826131945231,0.772913047977132,0.0608342312960476,0.166252720726821,0.0237689996300907,0.0617391304347827,0.0308695652173914,0.77,0.06,0.17,0.0192725875750165,0.0489682533536827,0.0244841266768414,0.76361456145945,0.0643440869797186,0.172041351560831,19,14,0,5,24,11,4,9,23,22,0,1,34,30,2,2
62,2,0.739130434782609,0.0869565217391304,0.173913043478261,0.0555119598481922,0.149628525112642,0.0748142625563208,0.813944697338929,0.0701524513475559,0.115902851313515,0.0225507720671979,0.0569435462534253,0.0284717731267126,0.765809174013494,0.0887495556349581,0.145441270351548,0.0430033572216143,0.110599900588248,0.0552999502941239,0.794430385076733,0.0812238849705126,0.124345729952755,0.055424509443715,0.149646107178969,0.0748230535894844,0.813953488372093,0.0697674418604651,0.116279069767442,0.0542127226764634,0.145970979796924,0.0729854898984622,0.812115924681071,0.0707952216033848,0.117088853715544,20,19,1,0,19,17,0,2,22,13,4,5,25,21,1,3
62,3,0.739130434782609,0.0869565217391304,0.173913043478261,0.18784755315201,0.521739121618861,0.260869560809431,0.999999995592039,5.0054426511591e-10,3.90741645036876e-09,0.0341588087417823,0.0863994956996258,0.0431997478498129,0.698806975162891,0.0840802335090352,0.217112791328074,0.0684307560705789,0.193476829103753,0.0967384145518765,0.642392020230732,0.132999374124138,0.22460860564513,0.057340319176986,0.161594202898551,0.0807971014492753,0.658333333333333,0.133333333333333,0.208333333333333,0.056955633932835,0.161093962253337,0.0805469811266687,0.65858345365594,0.126997142012998,0.214419404331062,28,19,2,7,31,24,2,5,29,20,2,7,32,16,10,6
62,4,0.739130434782609,0.0869565217391304,0.173913043478261,0.0173859756224025,0.0470860029250556,0.0235430014625277,0.7447616151545,0.0634135202766027,0.191824864568897,0.0106855249394232,0.0273787198599762,0.0136893599299881,0.740432395795953,0.0732671618091423,0.186300442394905,0.0266156253679617,0.0745267846371253,0.0372633923185627,0.725099495656272,0.0637240685469041,0.211176435796824,0.0170741513412361,0.0462534690101758,0.0231267345050879,0.74468085106383,0.0638297872340425,0.191489361702128,0.0175240810031599,0.0474368851735492,0.0237184425867746,0.744767378884214,0.0632380791523559,0.19199454196343,27,17,4,6,20,15,0,5,19,15,0,4,28,23,2,3
62,5,0.739130434782609,0.0869565217391304,0.173913043478261,0.0771573224066847,0.213429843923331,0.106714921961665,0.632415512820943,0.120595395689185,0.246989091489872,0.0922942229546982,0.253127070063681,0.126563535031841,0.612566899750768,0.122605173498764,0.264827926750468,0.0739226095904028,0.207321219463821,0.10366060973191,0.635469825050698,0.127052824496295,0.237477350453006,0.0732296296365659,0.192546583850932,0.0962732919254657,0.642857142857143,0.102040816326531,0.255102040816327,0.0699998436419544,0.194466343681217,0.0972331718406085,0.641897262942,0.119471869036021,0.238630868021979,26,22,3,1,27,15,1,11,28,19,4,5,17,7,2,8
63,1,0.695652173913043,0.130434782608696,0.173913043478261,0.0823114262044733,0.230523929936856,0.115261964968428,0.580390208944615,0.202164201156329,0.217445589899056,0.0834970113921424,0.207173833094944,0.103586916547472,0.592065257365571,0.231319374575489,0.17661536805894,0.0844220674880221,0.237170706957381,0.11858535347869,0.577066820434353,0.201717608374587,0.22121557119106,0.0762752097244839,0.212356979405034,0.106178489702517,0.589473684210526,0.2,0.210526315789474,0.0757389425065467,0.211521978756709,0.105760989378354,0.589891184534689,0.197996590668913,0.212112224796398,16,6,5,5,33,23,6,4,24,15,1,8,22,12,7,3
63,2,0.695652173913043,0.130434782608696,0.173913043478261,0.125898475600371,0.356091110309314,0.178045555154657,0.8736977290677,0.0421008119696466,0.0842014589626529,0.104185592244236,0.294604598186598,0.147302299093299,0.842954473006342,0.053871424571139,0.103174102422519,0.104140937499723,0.293944587323245,0.146972293661622,0.842624467574666,0.0487412630640813,0.108634269361253,0.125888908238391,0.356064073226545,0.178032036613272,0.873684210526316,0.0421052631578947,0.0842105263157895,0.125887929769931,0.356061322960494,0.178030661480247,0.873682835393291,0.0421042674041551,0.0842128972025543,23,22,0,1,19,17,1,1,29,22,3,4,24,22,0,2
63,3,0.695652173913043,0.130434782608696,0.173913043478261,0.05132202931848,0.142962936497164,0.0714814682485818,0.767133642161625,0.105590186002839,0.127276171835536,0.0788350963149931,0.222977427622607,0.111488713811303,0.807140887724347,0.0742921343306367,0.118566977945016,0.0512364353381436,0.142398349630471,0.0711991748152356,0.766851348728279,0.106487087256096,0.126661564015625,0.044269829633906,0.119333950046254,0.0596669750231268,0.75531914893617,0.117021276595745,0.127659574468085,0.0498741236335092,0.138457897446821,0.0692289487234106,0.764881122636454,0.10751033845672,0.127608538906826,23,19,2,2,21,17,1,3,25,18,0,7,25,17,8,0
63,4,0.695652173913043,0.130434782608696,0.173913043478261,0.0922879576335013,0.254468547078658,0.127234273539329,0.822886447452372,0.041634706893511,0.135478845654117,0.0999737982939577,0.273725057747688,0.136862528873844,0.832514702786887,0.0312850113611615,0.136200285851951,0.0757376373343052,0.197193015669648,0.0985965078348242,0.794248681747868,0.0448966191224506,0.160854699129682,0.0923002357370676,0.254528985507246,0.127264492753623,0.822916666666667,0.0416666666666667,0.135416666666667,0.0924708502015349,0.25461905462523,0.127309527312615,0.822961701225658,0.0408859965327062,0.136152302241635,33,29,1,3,23,19,0,4,20,14,3,3,20,17,0,3
63,5,0.695652173913043,0.130434782608696,0.173913043478261,0.0703959628501242,0.18270253198333,0.0913512659916652,0.787003439904709,0.050486755041078,0.162509805054213,0.115257228344104,0.293638588389571,0.146819294194786,0.560928465072391,0.118339197254562,0.320732337673047,0.0793740712276695,0.212110220656916,0.106055110328458,0.801707284241502,0.0455544417767005,0.152738273981798,0.0801741393755195,0.216172287687932,0.108086143843966,0.803738317757009,0.0467289719626168,0.149532710280374,0.0747533411361904,0.19731933296309,0.0986596664815451,0.794311840394589,0.0482142869567129,0.157473872648698,29,26,0,3,28,24,1,3,26,25,0,1,24,11,4,9
64,1,0.652173913043478,0.173913043478261,0.173913043478261,0.0483467237158391,0.132543459336752,0.0662717296683762,0.718445642711855,0.126211742634301,0.155342614653845,0.0499269335784776,0.13973309513301,0.0698665475665051,0.722040460609983,0.130145337445139,0.147814201944878,0.0316370024497726,0.0779044184490973,0.0389522092245487,0.691126122268027,0.13537404471516,0.173499833016813,0.0483469133789682,0.132545377796539,0.0662726888982693,0.718446601941748,0.12621359223301,0.155339805825243,0.0483473722456804,0.13254604238029,0.066273021190145,0.718446934233623,0.126212275217879,0.155340790548498,25,18,1,6,27,21,2,4,24,15,6,3,27,20,4,3
64,2,0.652173913043478,0.173913043478261,0.173913043478261,0.0702495567977308,0.1957987698785,0.09789938493925,0.554274528104228,0.237501150028783,0.208224321866988,0.0610474537982436,0.166720685697751,0.0833603428488756,0.568813570194603,0.196138720487231,0.235047709318166,0.0788516321769667,0.220521313553605,0.110260656776802,0.541913256266676,0.243476338326077,0.214610405407247,0.0724103268446731,0.200899550224888,0.100449775112444,0.551724137931034,0.241379310344828,0.206896551724138,0.071783507187424,0.199333008828992,0.099666504414496,0.552507408628982,0.240457034135287,0.207035557235731,24,16,4,4,27,15,4,8,36,18,14,4,29,15,6,8
64,3,0.652173913043478,0.173913043478261,0.173913043478261,0.00630787348268403,0.0174220142808848,0.00871100714044243,0.649483542428818,0.167892406952479,0.182624050618703,0.038025798841213,0.101250126803188,0.0506250634015942,0.601548849641884,0.214934467022757,0.183516683335359,0.0215455660806389,0.0609356394363942,0.0304678197181971,0.636622044354739,0.158997092448803,0.204380863196458,0.00436229476617171,0.0121739130434782,0.00608695652173913,0.65,0.17,0.18,0.00627137010646472,0.0170782353595018,0.00853911767975096,0.649979860516991,0.167567978324998,0.182452161158012,25,16,5,4,23,12,7,4,26,21,0,5,26,16,5,5
64,4,0.652173913043478,0.173913043478261,0.173913043478261,0.00821806797693499,0.0204246910626893,0.0102123455313446,0.651872525493776,0.184125389009606,0.164002085496618,0.0321363244794311,0.0831337743795869,0.0415668871897935,0.615476310859949,0.169043758471997,0.215479930668054,0.0123420732517661,0.0315899947931055,0.0157949973965527,0.637843786487156,0.189708040874814,0.17244817263803,0.014268309365804,0.0385375494071147,0.0192687747035573,0.647727272727273,0.193181818181818,0.159090909090909,0.00908997241194231,0.0254666445747473,0.0127333222873737,0.647336393920407,0.186646365765635,0.166017240313958,24,12,10,2,24,21,1,2,25,13,4,8,15,11,2,2
64,5,0.652173913043478,0.173913043478261,0.173913043478261,0.147100172741047,0.402872437499413,0.201436218749707,0.450737694293772,0.319634247885947,0.229628057820281,0.00362904790657468,0.0091114529791845,0.00455572648959224,0.656729639533071,0.1695884755219,0.17368188494503,0.121129054351434,0.30869997569538,0.15434998784769,0.497823925195788,0.315434231156457,0.186741843647755,0.122199103561111,0.316396018858041,0.15819800942902,0.493975903614458,0.313253012048193,0.192771084337349,0.13826856129495,0.368165861944097,0.184082930972049,0.46809098207143,0.323071918371731,0.208837099556839,26,18,3,5,26,8,17,1,14,1,4,9,17,14,2,1
65,1,0.608695652173913,0.217391304347826,0.173913043478261,0.0491854098629277,0.139043247740566,0.0695216238702831,0.57590071813565,0.180664614515806,0.243434667348544,0.166921540715842,0.471247337293493,0.235623668646747,0.373071983527166,0.322740546143486,0.304187470329347,0.0436879412790819,0.12000544509391,0.0600027225469547,0.59145004587698,0.174634188097804,0.233915766025216,0.0298112337990336,0.0839920948616601,0.04199604743083,0.590909090909091,0.193181818181818,0.215909090909091,0.0499644473204296,0.140620568840721,0.0703102844203603,0.579624663364166,0.176152008737213,0.244223327898621,18,7,6,5,25,20,0,5,24,7,9,8,21,18,2,1
65,2,0.608695652173913,0.217391304347826,0.173913043478261,0.0137992995686235,0.0387036105852222,0.0193518052926111,0.616189416691096,0.198039499055215,0.185771084253689,0.0231794649915562,0.0603402040782985,0.0301701020391493,0.604712632641983,0.191204221840606,0.20408314551741,0.00631956081760419,0.0164705931246936,0.00823529656234681,0.607584694979091,0.210266964980301,0.182148340040608,0.0178724755190675,0.0464330941325453,0.0232165470662727,0.611650485436893,0.194174757281553,0.194174757281553,0.0143169854596653,0.039419945997621,0.0197099729988105,0.614537929829155,0.197681331349016,0.187780738821829,23,15,4,4,20,14,6,0,31,18,7,6,29,16,3,10
65,3,0.608695652173913,0.217391304347826,0.173913043478261,0.0178643689490989,0.0504504253647573,0.0252252126823786,0.597295481715923,0.203566262123438,0.199138256160639,0.0566164412953111,0.155804700305539,0.0779023501527695,0.530793302021144,0.240325300586332,0.228881397392524,0.0287080707366934,0.0729987263265919,0.036499363163296,0.575048654116987,0.214538939241456,0.210412406641557,0.0190148020476789,0.0521739130434783,0.0260869565217391,0.59,0.21,0.2,0.020771524970123,0.0568752441673345,0.0284376220836673,0.588100273713275,0.209549060724797,0.202350665561928,19,17,1,1,20,12,3,5,38,18,11,9,23,12,6,5
65,4,0.608695652173913,0.217391304347826,0.173913043478261,0.0657429093048257,0.169676559593779,0.0848382797968897,0.684054811753929,0.2268704245647,0.0890747636813711,0.0635824449114917,0.178618876939304,0.0893094384696521,0.698005090643565,0.181789711730964,0.120205197625471,0.0559477591326262,0.15374951574157,0.0768747578707849,0.663348188514483,0.239613525878041,0.0970382856074759,0.0653586915750934,0.175783076203833,0.0878915381019168,0.67741935483871,0.236559139784946,0.0860215053763441,0.0646026589438497,0.172197656561999,0.0860988282809995,0.678212010611068,0.233973774191671,0.0878142151972613,23,16,3,4,29,15,12,2,17,13,2,2,24,19,5,0
65,5,0.608695652173913,0.217391304347826,0.173913043478261,0.277262702459551,0.782608695652174,0.391304347826087,1,8.6172679073943e-238,2.20413227248275e-230,0.0279717552255645,0.0784303310615125,0.0392151655307562,0.623802487235311,0.17817613881707,0.198021373947619,0.0287566133362023,0.0804199054272791,0.0402099527136395,0.593861728171882,0.192015275636217,0.2141229961919,0.0279446101887516,0.0783469651312957,0.0391734825656479,0.623762376237624,0.178217821782178,0.198019801980198,0.027943602195541,0.0783439887659575,0.0391719943829787,0.623761306730283,0.178219309964847,0.19801938330487,22,12,5,5,25,14,6,5,25,17,3,5,29,20,4,5
66,1,0.565217391304348,0.260869565217391,0.173913043478261,0.0184847915396182,0.0510331182388197,0.0255165591194099,0.590733950423758,0.253031670340204,0.156234379236038,0.00802201434952332,0.0218053103828177,0.0109026551914088,0.562482339406887,0.252701961923443,0.18481569866967,0.0131192955163494,0.0369996429214529,0.0184998214607265,0.583717212765074,0.252840853368821,0.163441933866104,0.0246478951301049,0.0695652173913044,0.0347826086956522,0.6,0.245454545454545,0.154545454545455,0.0209641221290735,0.0591424259506389,0.0295712129753195,0.594788604279667,0.247927636396865,0.157283759323467,34,17,9,8,28,23,4,1,28,19,5,4,20,7,9,4
66,2,0.565217391304348,0.260869565217391,0.173913043478261,0.00745447619777005,0.0204116568905266,0.0102058284452633,0.575423219749611,0.25347872127904,0.171098058971349,0.078557992600187,0.218430544916384,0.109215272458192,0.67443266376254,0.188625163455219,0.136942172782241,0.0120706379464122,0.0321445298266927,0.0160722649133463,0.578234705956691,0.244797300304045,0.176967993739264,0.0252899383124125,0.0712886799843322,0.0356443399921661,0.585585585585586,0.225225225225225,0.189189189189189,0.0114440338883591,0.0306264887556739,0.015313244377837,0.577410231899092,0.245556320839554,0.177033447261354,32,22,6,4,29,8,9,12,35,25,5,5,15,10,5,0
66,3,0.565217391304348,0.260869565217391,0.173913043478261,0.124076107291231,0.325621649204274,0.162810824602137,0.427139259418838,0.423680389819529,0.149180350761634,0.150873970932914,0.426698430706285,0.213349215353142,0.351868175951205,0.365091238172513,0.283040585876282,0.128979725288938,0.343221496284479,0.17161074814224,0.425877284162441,0.432480313359631,0.141642402477928,0.128521618228051,0.317934782608696,0.158967391304348,0.40625,0.416666666666667,0.177083333333333,0.128800485100817,0.343119270445061,0.171559635222531,0.426429875053706,0.432429200439922,0.141140924506372,20,6,5,9,28,11,17,0,25,8,10,7,23,14,8,1
66,4,0.565217391304348,0.260869565217391,0.173913043478261,0.0523314449159455,0.146201626564833,0.0731008132824164,0.518663309659775,0.333970378499808,0.147366311840417,0.0446963954062117,0.12492992158988,0.06246496079494,0.542366327739825,0.323334526012331,0.134299146247844,0.0487938697390597,0.134866670916114,0.0674333354580569,0.518819180375875,0.328302900675448,0.152877918948677,0.0437180563151774,0.123422159887798,0.061711079943899,0.537634408602151,0.32258064516129,0.139784946236559,0.046545677423842,0.131258296180835,0.0656291480904178,0.528002667152489,0.326498713307809,0.145498619539702,27,17,6,4,25,19,5,1,20,9,9,2,21,5,10,6
66,5,0.565217391304348,0.260869565217391,0.173913043478261,0.122408623769994,0.333296339296149,0.166648169648075,0.441308858416972,0.427517734865466,0.131173406717562,0.117798694048465,0.325796323581929,0.162898161790964,0.453553411052266,0.423767727008356,0.122678861939378,0.123342081900075,0.333560279970384,0.166780139985192,0.43757585318857,0.427649705202583,0.134774441608847,0.123193480186155,0.335403726708075,0.167701863354037,0.44047619047619,0.428571428571429,0.130952380952381,0.123619973648938,0.336615749471332,0.168307874735666,0.440109927788956,0.429177439953057,0.130712632257986,18,10,8,0,25,12,11,2,20,11,4,5,21,4,13,4
67,1,0.521739130434783,0.304347826086957,0.173913043478261,0.0438672381161756,0.123795505352241,0.0618977526761206,0.556293978229499,0.33169073096836,0.11201529080214,0.0511359254584222,0.133808444782299,0.0669042223911495,0.578965031366339,0.31402614754655,0.107008821087111,0.0485457408248564,0.134994910164015,0.0674974550820076,0.566355405833535,0.327229005770211,0.106415588396253,0.037516228739168,0.100207039337474,0.0501035196687371,0.561904761904762,0.314285714285714,0.123809523809524,0.0493051427968213,0.136529713507125,0.0682648567535624,0.568177153418657,0.326174659856645,0.105648186724698,20,8,4,8,22,10,11,1,35,22,9,4,28,19,9,0
67,2,0.521739130434783,0.304347826086957,0.173913043478261,0.0517457849260576,0.145252870507787,0.0726264352538935,0.594365565688676,0.260257072657795,0.145377361653529,0.158166843462343,0.445548487535963,0.222774243767982,0.744513374202764,0.175529330434238,0.0799572953629978,0.0442869044907214,0.125234900334627,0.0626174501673133,0.584356580602096,0.271905052960474,0.14373836643743,0.0541636170758281,0.152783421373425,0.0763917106867127,0.598130841121495,0.271028037383178,0.130841121495327,0.0331055599798347,0.0930220376738095,0.0465110188369048,0.568250149271687,0.276454321688724,0.155295529039589,18,15,2,1,30,24,4,2,33,7,17,9,26,18,6,2
67,3,0.521739130434783,0.304347826086957,0.173913043478261,0.0947321642594885,0.238065417599482,0.119032708799741,0.528013724018757,0.417105941302723,0.0548803346785198,0.0815533641242857,0.226509347346244,0.113254673673122,0.597246641221243,0.342094988973618,0.0606583698051389,0.0835481815174264,0.209373279293435,0.104686639646718,0.516840289340902,0.409034465733674,0.0741252449254235,0.0968671302116329,0.246560264171712,0.123280132085856,0.531645569620253,0.417721518987342,0.0506329113924051,0.0937305240959945,0.237891691166234,0.118945845583117,0.530546176298642,0.414486625806214,0.0549671978951441,19,12,5,2,18,5,13,0,26,16,9,1,16,9,6,1
67,4,0.521739130434783,0.304347826086957,0.173913043478261,0.0835214057696033,0.21397310122439,0.106986550612195,0.628725681046978,0.207505429409437,0.163768889543585,0.0406670507866771,0.105589933334714,0.0527949666673569,0.528382319286659,0.2515528594196,0.220064821293742,0.0695647687917796,0.170455205349151,0.0852276026745756,0.606909686727531,0.219120223412381,0.173970089860088,0.081113568856951,0.204046491605682,0.102023245802841,0.623762376237624,0.207920792079208,0.168316831683168,0.0774895569948429,0.19509558546868,0.0975477927343402,0.619286923169123,0.212327331421433,0.168385745409444,22,18,2,2,23,18,4,1,26,15,5,6,30,12,10,8
67,5,0.521739130434783,0.304347826086957,0.173913043478261,0.0956325819075313,0.243780825164368,0.121890412582184,0.511542634214585,0.19265390972497,0.295803456060445,0.136139254613515,0.381846523398817,0.190923261699408,0.404781544695152,0.230382150127179,0.364836305177669,0.0977764726980636,0.244787228759686,0.122393614379843,0.516266737007515,0.187426605134381,0.296306657858104,0.0877295122233073,0.220594965675057,0.110297482837529,0.515789473684211,0.2,0.284210526315789,0.0990744140391004,0.249936683873106,0.124968341936553,0.514125665776961,0.186992948808225,0.298881385414814,24,7,6,11,26,12,5,9,25,21,0,4,20,9,8,3
68,1,0.478260869565217,0.347826086956522,0.173913043478261,0.114930277958699,0.324566067108339,0.16228303355417,0.640543903119387,0.274534153151666,0.0849219437289472,0.0479406185229362,0.130007629031849,0.0650038145159246,0.543264684081142,0.298640881753399,0.158094434165459,0.109585853080082,0.309231410910534,0.154615705455267,0.632876575020484,0.279687558787529,0.0874358661919862,0.111359640199888,0.314311594202898,0.157155797101449,0.635416666666667,0.260416666666667,0.104166666666667,0.112381404314865,0.317569857143632,0.158784928571816,0.637045798137033,0.274339543217325,0.0886146586456412,23,19,4,0,24,11,9,4,21,15,6,0,28,16,6,6
68,2,0.478260869565217,0.347826086956522,0.173913043478261,0.0950050614298393,0.254340433475935,0.127170216737967,0.35109065282725,0.373864630541958,0.275044716630792,0.15563930952074,0.432067911390404,0.216033955695202,0.262226913870015,0.419341154002749,0.318431932127236,0.097215515273171,0.262573689256219,0.13128684462811,0.346974024937108,0.378126788160875,0.274899186902017,0.0882420290104158,0.239540607054963,0.119770303527482,0.358490566037736,0.377358490566038,0.264150943396226,0.0976537717053367,0.263349080541283,0.131674540270641,0.346586329294576,0.377597441384579,0.275816229320845,23,3,12,8,23,17,3,3,30,10,15,5,30,8,10,12
68,3,0.478260869565217,0.347826086956522,0.173913043478261,0.0467306219627204,0.12751523548449,0.0637576177422449,0.414503251822972,0.364643316282013,0.220853431895014,0.0365838628151528,0.0916521390715406,0.0458260695357703,0.434550069511275,0.345710817474694,0.219739113014031,0.0367065880658885,0.101300340113612,0.0506501700568063,0.427610699508411,0.363303298302211,0.209086002189378,0.0351404665670399,0.0928853754940712,0.0464426877470356,0.431818181818182,0.386363636363636,0.181818181818182,0.0420344443680014,0.11138590143894,0.0556929507194698,0.422567918845748,0.357670806843278,0.219761274310975,18,2,15,1,19,14,1,4,29,15,9,5,22,7,9,6
68,4,0.478260869565217,0.347826086956522,0.173913043478261,0.142036129719817,0.396650739729166,0.198325369864583,0.351499652611562,0.546151456821105,0.102348890567333,0.0579865263928312,0.155784779679082,0.0778923898395412,0.461523627085251,0.425718476796063,0.112757896118687,0.119843492186365,0.338909840815922,0.169454920407961,0.390800939547357,0.517281007364483,0.0919180530881607,0.0988204296473658,0.279347826086957,0.139673913043478,0.4125,0.4875,0.1,0.12595273453794,0.354461436201508,0.177230718100754,0.374215298996675,0.525056805057276,0.100727895946049,20,12,8,0,27,13,10,4,15,0,11,4,18,8,10,0
68,5,0.478260869565217,0.347826086956522,0.173913043478261,0.0232287104529546,0.0589310486109228,0.0294655243054614,0.450950482755422,0.377291611261983,0.171757905982595,0.0558911546528933,0.153488534942537,0.0767442674712687,0.423503687450825,0.42457035442779,0.151925958121384,0.0234717069313958,0.0646697828574991,0.0323348914287495,0.445925978136468,0.370491427455227,0.183582594408305,0.0268450320766536,0.0707029662738724,0.0353514831369362,0.448598130841121,0.383177570093458,0.168224299065421,0.0250048279279848,0.0646130619729924,0.0323065309864962,0.449654565435712,0.380132617943018,0.17021281662127,24,10,9,5,31,15,13,3,30,10,16,4,22,13,3,6
69,1,0.434782608695652,0.391304347826087,0.173913043478261,0.069732751926849,0.172164885453327,0.0860824427266637,0.348700165968989,0.392676098019326,0.258623736011685,0.0641643531335533,0.169135651704547,0.0845678258522735,0.350214782843379,0.405096008427501,0.24468920872912,0.0683439270567414,0.176784322298378,0.0883921611491891,0.356727143397799,0.380967651974751,0.26230520462745,0.0698167528525121,0.172936003908158,0.0864680019540791,0.348314606741573,0.393258426966292,0.258426966292135,0.069279426958313,0.170955948768543,0.0854779743842716,0.349304634311381,0.39257533023285,0.258120035455769,24,9,7,8,23,8,11,4,26,8,14,4,16,6,3,7
69,2,0.434782608695652,0.391304347826087,0.173913043478261,0.0150562304245196,0.0425231824571102,0.021261591228555,0.413521017467097,0.402931971267382,0.183547011265521,0.0343342156918831,0.0859046638086917,0.0429523319043459,0.393695720198165,0.389438904419229,0.216865375382607,0.0136440801742163,0.037921336468335,0.0189606682341675,0.415821940461485,0.403884872386682,0.180293187151834,0.0162909927900666,0.0460358056265985,0.0230179028132992,0.411764705882353,0.401960784313726,0.186274509803922,0.0148417356435837,0.0419047716883489,0.0209523858441744,0.413830222851478,0.402859346082172,0.18331043106635,26,7,13,6,25,12,6,7,31,13,12,6,20,10,10,0
69,3,0.434782608695652,0.391304347826087,0.173913043478261,0.0973148558656149,0.274038007978519,0.137019003989259,0.571801612684912,0.311631684650072,0.116566702665016,0.0624119806039442,0.157104609791333,0.0785523048956664,0.513334913591319,0.317170849939389,0.169494236469293,0.092981602954597,0.260767124928168,0.130383562464084,0.565166171159736,0.311332082454808,0.123501746385456,0.0979512157773429,0.270785659801678,0.135392829900839,0.570175438596491,0.298245614035088,0.131578947368421,0.0975873159561799,0.272842937215306,0.136421468607653,0.571204077303305,0.30501562883106,0.123780293865635,22,13,6,3,41,20,11,10,20,9,9,2,31,23,8,0
69,4,0.434782608695652,0.391304347826087,0.173913043478261,0.1937827881566,0.547622814187958,0.273811407093979,0.287970418004855,0.665115754920066,0.046913827075079,0.214281229190969,0.60497347920255,0.302486739601275,0.267696352496638,0.693791087427362,0.0385125600759997,0.191307154298171,0.540811645408745,0.270405822704372,0.291953478478599,0.661710170530459,0.0463363509909416,0.190819895953459,0.538492221779019,0.269246110889509,0.284403669724771,0.660550458715596,0.055045871559633,0.193868472640132,0.548045147172292,0.274022573586146,0.289948349344462,0.665326921412233,0.0447247292433051,33,9,23,1,24,4,15,5,25,5,20,0,27,13,14,0
69,5,0.434782608695652,0.391304347826087,0.173913043478261,0.0767109266369651,0.191530499877091,0.0957652499385454,0.438522147270692,0.295539097887542,0.265938754841766,0.0916736812388543,0.225262540307378,0.112631270153689,0.547413878849341,0.279385264245578,0.17320085690508,0.0765885763477825,0.201720220424668,0.100860110212334,0.451019920910425,0.290444237613753,0.258535841475823,0.0922904002721621,0.253196930946292,0.126598465473146,0.470588235294118,0.264705882352941,0.264705882352941,0.075234997902407,0.189816912254191,0.0949084561270956,0.440586553678035,0.296395891698991,0.263017554622973,31,17,8,6,22,16,3,3,25,13,9,3,24,2,7,15
70,1,0.391304347826087,0.434782608695652,0.173913043478261,0.0128269998680893,0.0362516323567135,0.0181258161783567,0.409430164004444,0.426343382677131,0.164226453318426,0.115993565465684,0.287398333705106,0.143699166852553,0.250937081072261,0.578481775548205,0.170581143379534,0.023113314301752,0.0612412209919239,0.030620610495962,0.421924958322049,0.429377938543832,0.148697103134119,0.0420519677294426,0.107826086956522,0.0539130434782609,0.44,0.44,0.12,0.0171263726687726,0.0483943034360335,0.0241971517180168,0.415501499544104,0.421766237796355,0.162732262659541,26,21,3,2,23,5,13,5,26,14,10,2,25,4,18,3
70,2,0.391304347826087,0.434782608695652,0.173913043478261,0.0651202851008047,0.173333472318852,0.0866667361594259,0.37494568882765,0.521449344855078,0.103604966317272,0.111143065500185,0.310051858788773,0.155025929394386,0.291332700515648,0.589808538090039,0.118858761394314,0.0524676998860558,0.134806267763115,0.0674031338815578,0.384471023369855,0.50218574257721,0.113343234052935,0.0613596303744932,0.152657004830918,0.0763285024154589,0.388888888888889,0.511111111111111,0.1,0.0587613031040417,0.14887858330992,0.0744392916549602,0.386075794620748,0.509221900350612,0.104702305028639,20,5,12,3,30,17,9,4,21,9,12,0,19,4,13,2
70,3,0.391304347826087,0.434782608695652,0.173913043478261,0.0821322705942698,0.205523094950196,0.102761547475098,0.386812944737416,0.336512464309225,0.276674590953359,0.058606609650395,0.15773065619576,0.0788653280978801,0.373946489780393,0.373275138643466,0.252778371576141,0.0738274265162308,0.187101332247147,0.0935506661235735,0.384677962569827,0.347858327828338,0.267463709601834,0.0670355734043769,0.185507246376812,0.0927536231884058,0.361904761904762,0.371428571428571,0.266666666666667,0.0757992604857053,0.190589788222313,0.0952948941111564,0.386171065498601,0.344620996911982,0.269207937589417,33,13,14,6,24,6,16,2,22,10,1,11,26,9,8,9
70,4,0.391304347826087,0.434782608695652,0.173913043478261,0.0238227100229804,0.0617691808571785,0.0308845904285893,0.422188938254676,0.407683177263476,0.170127884481847,0.0472415380941346,0.125823348687678,0.0629116743438389,0.454216022169926,0.383852806706818,0.161931171123256,0.0238444853647776,0.0608047463442031,0.0304023731721015,0.419139259222931,0.404380235523551,0.176480505253518,0.0196763633466115,0.0554865424430641,0.0277432712215321,0.419047619047619,0.419047619047619,0.161904761904762,0.0227407172368191,0.0606089851770774,0.0303044925885387,0.421608840414626,0.410306273846417,0.168084885738957,23,12,4,7,27,13,10,4,26,6,18,2,29,13,12,4
70,5,0.391304347826087,0.434782608695652,0.173913043478261,0.0964041756710451,0.255170162196169,0.127585081098085,0.518889428924172,0.329370566214019,0.15174000486181,0.0936740076313693,0.249408751191898,0.124704375595949,0.414941634242279,0.310078233099703,0.274980132658017,0.090948056663099,0.237999818954025,0.118999909477012,0.510304257303099,0.333014584749545,0.156681157947356,0.0969693564564781,0.24590930341281,0.122954651706405,0.505376344086022,0.311827956989247,0.182795698924731,0.0919173405517474,0.239778430037805,0.119889215018902,0.511193562844989,0.331327906578485,0.157478530576526,27,11,7,9,25,15,10,0,18,13,4,1,23,8,8,7
71,1,0.347826086956522,0.478260869565217,0.173913043478261,0.0795962847095075,0.215345663681637,0.107672831840818,0.45549891879734,0.395994297615169,0.148506783587491,0.0773466065244837,0.199701636309767,0.0998508181548833,0.447676905111405,0.389655919427542,0.162667175461053,0.078160770614505,0.209415316531695,0.104707658265847,0.452533745222369,0.395233129368626,0.152233125409005,0.0795557505314167,0.215238915195867,0.107619457597934,0.455445544554455,0.396039603960396,0.148514851485149,0.0795776044300647,0.215297559281413,0.107648779640706,0.455474866597228,0.396016453853923,0.148508679548849,24,9,11,4,15,8,7,0,23,12,6,5,39,17,16,6
71,2,0.347826086956522,0.478260869565217,0.173913043478261,0.0677875734321125,0.17550022095822,0.0877501104791102,0.358269551583319,0.390510759086107,0.251219689330574,0.011599913654827,0.0321069981308343,0.0160534990654171,0.363879586021939,0.473158307272863,0.162962106705198,0.0785699656246136,0.205060829805082,0.102530414902541,0.36200363119866,0.375730454662676,0.262265914138664,0.106245785676173,0.267632850241546,0.133816425120773,0.355555555555556,0.344444444444444,0.3,0.0692008752834085,0.182624700023076,0.0913123500115379,0.362991562371881,0.38694851955368,0.250059918074439,18,1,7,10,19,13,6,0,26,8,4,14,27,10,14,3
71,3,0.347826086956522,0.478260869565217,0.173913043478261,0.0494082756274522,0.139703973462581,0.0698519867312907,0.417678073687812,0.441821101782386,0.140500824529802,0.087397315504327,0.231231394060407,0.115615697030204,0.463441783986725,0.382608680836427,0.153949535176848,0.044485181083482,0.123932563085342,0.061966281542671,0.409792368499193,0.43786858601273,0.152339045488077,0.0478269763993235,0.134856300663228,0.0674281503316139,0.415254237288136,0.449152542372881,0.135593220338983,0.0474217499914967,0.134066151339991,0.0670330756699954,0.414859162626517,0.446521586087236,0.138619251286247,35,9,23,3,29,16,9,4,26,11,9,6,28,13,12,3
71,4,0.347826086956522,0.478260869565217,0.173913043478261,0.0635876356722649,0.17378895633055,0.0868944781652748,0.411325591843089,0.391366391399943,0.197308016756968,0.0509231495417306,0.143659782438699,0.0718298912193497,0.419655978175871,0.446829313793208,0.133514708030921,0.0630769963522715,0.171655465995796,0.0858277329978978,0.411793727216198,0.39243313656732,0.195773136216482,0.053913572896,0.142362447095037,0.0711812235475183,0.407079646017699,0.407079646017699,0.185840707964602,0.0635282909905653,0.173412224024418,0.0867061120122088,0.411558133101189,0.391554757553009,0.196887109345802,26,13,11,2,27,5,17,5,32,13,15,4,28,15,3,10
71,5,0.347826086956522,0.478260869565217,0.173913043478261,0.0458029098732347,0.125403763189057,0.0627018815945286,0.41052796855105,0.432831030989264,0.156641000459686,0.068809676674878,0.171269438855787,0.0856347194278933,0.433460806384415,0.39541628752032,0.171122906095265,0.0432058543270516,0.108561171815608,0.054280585907804,0.402106672864326,0.42682382235638,0.171069504779295,0.0452187817740546,0.126777732629013,0.0633888663145063,0.411214953271028,0.439252336448598,0.149532710280374,0.044039342557804,0.120641839609109,0.0603209198045546,0.408147006761076,0.434675227547424,0.1571777656915,28,6,19,3,24,15,6,3,29,13,10,6,26,10,12,4
72,1,0.304347826086957,0.521739130434783,0.173913043478261,0.131182063418635,0.370606460884783,0.185303230442391,0.203941519713511,0.707042360877174,0.0890161194093146,0.0975147270628303,0.272186248901212,0.136093124450606,0.216996365541243,0.657832254885388,0.125171379573368,0.116168052433907,0.328567998249457,0.164283999124728,0.221431014857096,0.686023129559511,0.0925458555833931,0.131286445209968,0.370663153271849,0.185331576635924,0.202020202020202,0.707070707070707,0.0909090909090909,0.13114745487455,0.370488376208609,0.185244188104304,0.203793175051647,0.706983318539087,0.0892235064092664,23,3,19,1,24,5,16,3,25,6,14,5,27,6,21,0
72,2,0.304347826086957,0.521739130434783,0.173913043478261,0.0511209915258225,0.144232874418452,0.0721164372092261,0.23223138887773,0.562207368887496,0.205561242234774,0.102802193499174,0.290735392275365,0.145367696137682,0.229763669601241,0.450955590782816,0.319280739615943,0.05421397938322,0.152412142467842,0.076206071233921,0.228141754853036,0.567136641438241,0.204721603708724,0.0632053079903903,0.178588125292193,0.0892940626460963,0.21505376344086,0.56989247311828,0.21505376344086,0.0547803900564297,0.15385226985752,0.0769261349287599,0.227421691158197,0.568146631534956,0.204431677306847,24,5,11,8,26,2,22,2,21,8,12,1,22,5,8,9
72,3,0.304347826086957,0.521739130434783,0.173913043478261,0.130060802417328,0.363646738660452,0.181823369330226,0.371198852776613,0.339915761104557,0.28888538611883,0.199048104321192,0.539253132769442,0.269626566384721,0.369115711318568,0.252112564050062,0.37877172463137,0.137339279068843,0.38668819742579,0.193344098712895,0.38499923305934,0.328395031721888,0.286605735218773,0.13365393563194,0.376811594202899,0.188405797101449,0.385416666666667,0.333333333333333,0.28125,0.137364687036807,0.386723238891348,0.193361619445674,0.384840709411096,0.328377510989109,0.286781779599796,27,9,5,13,27,10,14,3,26,16,4,6,16,2,9,5
72,4,0.304347826086957,0.521739130434783,0.173913043478261,0.0847019278264515,0.239241339863953,0.119620669931977,0.423968496018933,0.456470191247482,0.119561312733585,0.0846635438730055,0.239135426943358,0.119567713471679,0.423915539558635,0.456519750442589,0.119564709998775,0.0813364022121418,0.227389995777088,0.113694997888544,0.418042823975501,0.449775379356932,0.132181796667567,0.0846617496054197,0.239130434782609,0.119565217391304,0.423913043478261,0.456521739130435,0.119565217391304,0.0846627400961827,0.239133169038159,0.11956658451908,0.423914410606036,0.456520468756149,0.119565120637815,29,10,13,6,21,10,10,1,20,10,9,1,22,9,10,3
72,5,0.304347826086957,0.521739130434783,0.173913043478261,0.342347216347218,0.956519206069791,0.478259603034895,1.16409837402411e-06,0.999998733469678,1.02431947954417e-07,0.0956165269148085,0.263338392189837,0.131669196094919,0.211844942967827,0.653408326529701,0.134746730502471,0.0695995552089498,0.178550288689472,0.0892751443447359,0.223813059322317,0.611014274779519,0.165172665898164,0.0903262325345346,0.238573021181717,0.119286510590858,0.205128205128205,0.641025641025641,0.153846153846154,0.0903234219123938,0.238566380970618,0.119283190485309,0.205131982024134,0.641022320920092,0.153845697055774,28,5,19,4,20,6,13,1,16,3,11,2,14,2,7,5
73,1,0.260869565217391,0.565217391304348,0.173913043478261,0.309480529044386,0.869565217391304,0.434782608695652,5.50868042796876e-24,1,4.56732797963291e-24,0.0692836378226774,0.180187690909051,0.0900938454545253,0.170775719762866,0.576907785984945,0.252316494252189,0.0554853040373969,0.156052627375094,0.0780263136875469,0.182843251529844,0.597029907521555,0.220126840948601,0.0700686701872432,0.197929606625259,0.0989648033126294,0.161904761904762,0.619047619047619,0.219047619047619,0.07006712059882,0.197925696822591,0.0989628484112957,0.161906716806096,0.619042553445985,0.219050729747919,26,5,15,6,28,4,22,2,23,4,13,6,28,4,15,9
73,2,0.260869565217391,0.565217391304348,0.173913043478261,0.115472933225571,0.307052684232233,0.153526342116116,0.107343223101275,0.690180605608336,0.202476171290389,0.123593137618604,0.34226922059541,0.171134610297705,0.0897349549196862,0.681567879659396,0.228697165420918,0.117318945591882,0.306095855981505,0.153047927990753,0.107821637226639,0.697219741140423,0.194958621632938,0.119400413429595,0.326086956521739,0.16304347826087,0.0978260869565217,0.684782608695652,0.217391304347826,0.114863634186055,0.299524132949289,0.149762066474644,0.111107498742747,0.694586719354178,0.194305781903075,26,5,21,0,21,1,16,4,26,3,16,7,19,0,10,9
73,3,0.260869565217391,0.565217391304348,0.173913043478261,0.177528588271167,0.471653699334559,0.235826849667279,0.496696414884671,0.372712598254708,0.130590986860621,0.237882805472706,0.612660609553996,0.306330304776998,0.567199869994389,0.291621130016315,0.141178999989296,0.178046454241298,0.471940278229641,0.23597013911482,0.496839704332212,0.371144347096229,0.13201594857156,0.183922733339958,0.497491638795987,0.248745819397993,0.509615384615385,0.375,0.115384615384615,0.178826831592268,0.475048970721859,0.237524485360929,0.498394050578321,0.37125446587091,0.130351483550769,26,5,18,3,27,15,6,6,22,13,7,2,29,20,8,1
73,4,0.260869565217391,0.565217391304348,0.173913043478261,0.12114662714889,0.322361602766197,0.161180801383099,0.42205036660049,0.434324705839093,0.143624927560417,0.136382595417582,0.37434777445282,0.18717388722641,0.39476495031213,0.378043504077938,0.227191545609933,0.122899220524759,0.328944674994032,0.164472337497016,0.425341902714407,0.434319479295957,0.140338617989636,0.120645124084993,0.311594202898551,0.155797101449275,0.416666666666667,0.427083333333333,0.15625,0.122636533183854,0.32776682733807,0.163883413669035,0.424752978886426,0.434120329215597,0.141126691897977,23,9,14,0,24,7,9,8,21,9,7,5,28,15,11,2
73,5,0.260869565217391,0.565217391304348,0.173913043478261,0.0506452085258459,0.134877237603028,0.0674386188015139,0.328308184018905,0.552388994773728,0.119302821207366,0.121042908624532,0.31925314216876,0.15962657108438,0.3942234610037,0.405590820219968,0.200185718776332,0.0547165659325819,0.148113481769752,0.0740567408848762,0.334926306102268,0.547619749832141,0.117453944065591,0.0466527619536536,0.122705314009662,0.0613526570048309,0.322222222222222,0.555555555555556,0.122222222222222,0.0542312033987389,0.144920455888919,0.0724602279444596,0.333329793161851,0.550751276454311,0.115918930383838,31,9,22,0,18,7,7,4,26,11,9,6,15,2,12,1
74,1,0.217391304347826,0.608695652173913,0.173913043478261,0.23824173916811,0.673793487563401,0.3368967437817,0.0451842831338301,0.945592395955614,0.00922332091055631,0.0423745712624986,0.119397089924374,0.0596985449621868,0.277089849310013,0.574322086204419,0.148588064485568,0.0344673441558706,0.0974584017275074,0.0487292008637537,0.26612050521158,0.585377692618268,0.148501802170152,0.0333453789341292,0.0844481605351172,0.0422240802675586,0.259615384615385,0.605769230769231,0.134615384615385,0.0333457672988074,0.084450765493542,0.042225382746771,0.259616687094597,0.605767379516446,0.134615933388957,29,9,14,6,24,6,17,1,23,3,17,3,28,9,15,4
74,2,0.217391304347826,0.608695652173913,0.173913043478261,0.034702470505172,0.0973192051675705,0.0486596025837852,0.187532082106633,0.589895271831321,0.222572646062046,0.122877865548388,0.346951077668383,0.173475538834191,0.139492812742384,0.513118604945164,0.347388582312452,0.0364789507552476,0.101552507515711,0.0507762537578552,0.166615050589971,0.626184423823198,0.207200525586831,0.0591176456757688,0.154782608695652,0.0773913043478261,0.14,0.62,0.24,0.0283500488032596,0.0761690993001375,0.0380845496500687,0.179306754697757,0.616886051161822,0.203807194140421,25,6,19,0,18,3,5,10,23,2,12,9,34,3,26,5
74,3,0.217391304347826,0.608695652173913,0.173913043478261,0.0375943896190044,0.105255937467564,0.0526279687337818,0.270019273081608,0.575844858458776,0.154135868459616,0.0245679383309776,0.0692791165953663,0.0346395582976832,0.182751746050143,0.623680663356096,0.193567590593761,0.0461164249353724,0.128763346077338,0.0643816730386687,0.281772977386495,0.567486107000552,0.150740915612953,0.0561867010730561,0.156126482213439,0.0780632411067194,0.295454545454545,0.556818181818182,0.147727272727273,0.0460399674521855,0.128625990395207,0.0643129951976033,0.281704299545429,0.567741604289251,0.15055409616532,24,8,11,5,21,2,15,4,18,2,12,4,25,14,11,0
74,4,0.217391304347826,0.608695652173913,0.173913043478261,0.0259921383860989,0.0661971502501635,0.0330985751250817,0.186994629654849,0.605993751741808,0.207011618603343,0.0626580801957389,0.163289240452054,0.0816446202260268,0.146741665963002,0.69034027239994,0.162918061637058,0.0396658514187232,0.11057397180535,0.0552869859026749,0.162104318445151,0.644559944691376,0.193335736863473,0.0267262281457191,0.0714975845410628,0.0357487922705314,0.188888888888889,0.644444444444444,0.166666666666667,0.0386978443149722,0.109174932344086,0.0545874661720431,0.162803838175783,0.639371859890406,0.197824301933811,33,5,24,4,13,9,3,1,22,3,15,4,22,0,16,6
74,5,0.217391304347826,0.608695652173913,0.173913043478261,0.277262702459551,0.782608695652174,0.391304347826087,1.95117333967574e-131,1,3.70422719477439e-125,0.0393817259329346,0.111222408460479,0.0556112042302396,0.161780100117587,0.633869528765333,0.204350371117081,0.0429991435010582,0.112626103766367,0.0563130518831837,0.161078252464642,0.616977076771404,0.221944670763954,0.0469869599752713,0.132895816242822,0.066447908121411,0.150943396226415,0.641509433962264,0.207547169811321,0.0469872431633296,0.132896621622489,0.0664483108112447,0.150942993536581,0.64150990163428,0.207547104829139,32,6,21,5,25,4,15,6,24,1,17,6,25,5,15,5
75,1,0.173913043478261,0.652173913043478,0.173913043478261,0.0474588166235907,0.132528727797221,0.0662643638986104,0.107648679579651,0.694541054159007,0.197810266261342,0.0831252803662449,0.212066459507388,0.106033229753694,0.279946273231955,0.555197839628673,0.164855887139373,0.0433648105420678,0.111137945295987,0.0555689726479936,0.118344070830267,0.702426758211838,0.179229170957895,0.0245362581817271,0.0660225442834139,0.033011272141707,0.166666666666667,0.685185185185185,0.148148148148148,0.0447957606583805,0.125431903314481,0.0627159516572406,0.11119709182102,0.691279295873113,0.197523612305867,27,7,16,4,29,11,14,4,24,0,19,5,28,0,25,3
75,2,0.173913043478261,0.652173913043478,0.173913043478261,0.10581316593381,0.299191585955149,0.149595792977575,0.323508836455835,0.580610698913463,0.0958804646307014,0.137633225338885,0.383485284331251,0.191742642165626,0.365655685643887,0.5273124823147,0.107031832041413,0.105773883514015,0.297240731967036,0.148620365983518,0.322533409461779,0.563161289381939,0.114305301156282,0.108019615687449,0.305235137533274,0.152617568766637,0.326530612244898,0.581632653061224,0.0918367346938776,0.106213895246867,0.300385628502311,0.150192814251155,0.324105857729416,0.578994854544793,0.0968992877257912,25,6,16,3,18,8,9,1,30,14,12,4,25,4,20,1
75,3,0.173913043478261,0.652173913043478,0.173913043478261,0.0678791803442935,0.175446728744077,0.0877233643720386,0.251536141418919,0.56445054867144,0.184013309909641,0.15433254029449,0.380787716996585,0.190393858498293,0.171130579954045,0.464562518069401,0.364306901976554,0.074720967422175,0.196938012097878,0.098469006048939,0.25635485886852,0.553704906994539,0.189940234136941,0.0966701535365339,0.270639960918417,0.135319980459209,0.258426966292135,0.51685393258427,0.224719101123595,0.0828680707968897,0.214413677631056,0.107206838815528,0.268512755642609,0.54496707422795,0.186520170129441,25,4,10,11,21,3,10,8,27,15,12,0,16,1,14,1
75,4,0.173913043478261,0.652173913043478,0.173913043478261,0.027521575537856,0.0776738118702401,0.03883690593512,0.212749949413381,0.630535835520086,0.156714215066533,0.160595475276724,0.436881817105399,0.2184409085527,0.392353952030961,0.489110751535426,0.118535296433613,0.0222977564960986,0.0629549725137231,0.0314774862568616,0.191282985966299,0.666281456812302,0.142435557221399,0.0297037534359495,0.0835464620630861,0.0417732310315431,0.215686274509804,0.627450980392157,0.156862745098039,0.0225728252528311,0.0636736101721833,0.0318368050860916,0.205749848564352,0.638283327374544,0.155966824061104,29,1,28,0,27,13,11,3,26,1,14,11,20,7,11,2
75,5,0.173913043478261,0.652173913043478,0.173913043478261,0.0685387024741023,0.193587392472601,0.0967936962363005,0.129939529163519,0.59935373112192,0.270706739714561,0.11251104792641,0.31348115137659,0.156740575688295,0.119257683589405,0.55008869724404,0.330653619166556,0.075875739691304,0.213282183684595,0.106641091842298,0.130909956477107,0.588535908202335,0.280554135320558,0.0689163579873144,0.192173913043478,0.0960869565217392,0.14,0.59,0.27,0.0733550179590513,0.206793177695764,0.103396588847882,0.129515231957912,0.593175135715945,0.277309632326143,27,2,14,11,30,4,17,9,20,0,17,3,23,8,11,4
76,1,0.130434782608696,0.695652173913043,0.173913043478261,0.28315091364615,0.730166142316452,0.365083071158226,0.170507292735845,0.330569102754817,0.498923604509338,0.310332634607528,0.848604391798096,0.424302195899048,0.245450660014338,0.271349978013995,0.483199361971666,0.24922302061811,0.616987846979386,0.308493923489693,0.137061300693209,0.38715825042335,0.475780448883441,0.225246766591917,0.552173913043478,0.276086956521739,0.13,0.42,0.45,0.270790581501147,0.700395271589919,0.35019763579496,0.171322868978067,0.345454538118084,0.483222592903849,27,2,20,5,24,0,15,9,20,3,0,17,29,8,7,14
76,2,0.130434782608696,0.695652173913043,0.173913043478261,0.0398948862256663,0.111851039834095,0.0559255199170474,0.10892609787008,0.751577693830091,0.139496208299829,0.0245466131918539,0.0675529334613194,0.0337764667306597,0.106606300675755,0.729428640643703,0.163965058680542,0.0229705051152953,0.0643128492121193,0.0321564246060596,0.118348991287203,0.727808598519103,0.153842410193694,0.0405716315389684,0.113646147223418,0.056823073611709,0.108910891089109,0.752475247524752,0.138613861386139,0.0406149246597777,0.114136744431205,0.0570683722156025,0.107536093566391,0.752720546128646,0.139743360304963,31,1,27,3,20,5,14,1,30,4,20,6,20,1,15,4
76,3,0.130434782608696,0.695652173913043,0.173913043478261,0.0955881115227788,0.266231143965195,0.133115571982598,0.0434854795442072,0.828767745895641,0.127746774560152,0.0607071855008766,0.169954541924799,0.0849772709623993,0.0454575116462964,0.727548778333393,0.22699371002031,0.0976644234689334,0.271671413789904,0.135835706894952,0.0408604066670546,0.831487880807995,0.12765171252495,0.0973538851740159,0.262541806020067,0.131270903010033,0.0288461538461538,0.826923076923077,0.144230769230769,0.0945839122716565,0.263181278733999,0.131590639367,0.0438523896786611,0.827242813280043,0.128904797041296,22,1,20,1,29,0,29,0,30,2,20,8,23,0,17,6
76,4,0.130434782608696,0.695652173913043,0.173913043478261,0.04209836996867,0.110568601365397,0.0552843006826984,0.177211814829672,0.640367873230345,0.182420311939983,0.118084979760515,0.333168978392541,0.166584489196271,0.223890670105671,0.529067684716773,0.247041645177556,0.0407422922484056,0.105621430876158,0.0528107154380791,0.176794408484458,0.642841458474964,0.180364133040577,0.0345790867132771,0.0946010511227902,0.0473005255613951,0.164835164835165,0.648351648351648,0.186813186813187,0.0364584724026509,0.0951476296459014,0.0475738148229506,0.171437363759412,0.648078359090093,0.180484277150495,22,4,18,0,18,4,8,6,28,1,21,6,23,6,12,5
76,5,0.130434782608696,0.695652173913043,0.173913043478261,0.0481994243416928,0.136328142176974,0.0681640710884871,0.164662831127078,0.729588196483148,0.105748972389774,0.0184991792891436,0.0516240956262919,0.0258120478131459,0.139648504749876,0.712250499585009,0.148100995665115,0.0428523242990806,0.118229283905823,0.0591146419529117,0.17154964990064,0.713651948574011,0.114798401525349,0.0411203752064414,0.116247139588101,0.0581235697940503,0.157894736842105,0.726315789473684,0.115789473684211,0.0442936987333732,0.125273570736149,0.0626367853680746,0.161142880044875,0.727580861844938,0.111276258110186,24,2,21,1,23,2,18,3,17,6,11,0,31,5,19,7
77,1,0.0869565217391304,0.739130434782609,0.173913043478261,0.0131459913754978,0.0368959885935017,0.0184479942967509,0.0685085274423795,0.746359622745303,0.185131849812317,0.0325736748250055,0.0917729966750565,0.0458864983375283,0.0675329870684193,0.785016933120137,0.147450079811444,0.0100665265156917,0.025796377662715,0.0128981888313575,0.0881873810326947,0.726232245951251,0.185580373016054,0.016272413169895,0.0459130434782609,0.0229565217391304,0.064,0.752,0.184,0.0146673538475524,0.0411984376970329,0.0205992188485164,0.066357302890614,0.751539793115424,0.182102903993962,31,2,18,11,25,2,20,3,18,1,13,4,51,3,43,5
77,2,0.0869565217391304,0.739130434782609,0.173913043478261,0.0520272601864608,0.14671727124554,0.0733586356227701,0.0135978861163604,0.780722657889108,0.205679455994531,0.0678703502022784,0.178766274021446,0.0893831370107229,0.011973572141755,0.724730247369261,0.263296180488984,0.0496180963448654,0.139726106820942,0.0698630534104711,0.0170934683286593,0.768378779856332,0.214527751815009,0.0546292274533019,0.154495567750106,0.0772477838750528,0.00970873786407767,0.776699029126214,0.213592233009709,0.0523643733948677,0.148103145738896,0.074051572869448,0.0129049488696825,0.776717307865113,0.210377743265204,25,0,24,1,26,0,20,6,19,1,14,4,33,0,22,11
77,3,0.0869565217391304,0.739130434782609,0.173913043478261,0.0701234100727696,0.188425206469308,0.0942126032346542,0.0666630529479507,0.833343038017263,0.0999939090347865,0.0375372325446754,0.0931623055402899,0.046581152770145,0.0857161810812077,0.785711587552754,0.128572231366039,0.0525723490638412,0.133608277254251,0.0668041386271256,0.0818154348191679,0.805934573409734,0.112249991771098,0.0701165750980442,0.188405797101449,0.0942028985507247,0.0666666666666667,0.833333333333333,0.1,0.0701127822304712,0.188391999254612,0.0941959996273061,0.0666734168312128,0.833326434409915,0.100000148758873,27,1,23,3,25,3,18,4,17,2,13,2,21,0,21,0
77,4,0.0869565217391304,0.739130434782609,0.173913043478261,0.0872710109604487,0.246479088667969,0.123239544333984,0.0311121340054071,0.862369979116593,0.106517886878,0.117610415173091,0.329261142174773,0.164630571087387,0.0251569846185608,0.903761005869995,0.0710820095114439,0.0800447539428243,0.22583628015257,0.112918140076285,0.0374158461632402,0.852048574858894,0.110535578977866,0.0867455007716561,0.245143385753932,0.122571692876966,0.0212765957446809,0.861702127659574,0.117021276595745,0.0870086094684471,0.245764867604105,0.122882433802053,0.03105405737024,0.862012868584661,0.106933074045099,28,0,25,3,18,1,17,0,23,0,16,7,25,1,23,1
77,5,0.0869565217391304,0.739130434782609,0.173913043478261,0.0622730128846858,0.163007074380287,0.0815035371901434,0.0750971789633901,0.820633971972752,0.104268849063858,0.0614463849662173,0.158891332210744,0.0794456661053717,0.0961871108447041,0.809345511782407,0.0944673773728891,0.0529373012930971,0.135872439937733,0.0679362199688663,0.0802288103301693,0.807066654751475,0.112704534918356,0.0651593015170089,0.175585284280936,0.0877926421404682,0.0673076923076923,0.826923076923077,0.105769230769231,0.0655665136212488,0.173947393394779,0.0869736966973895,0.0713108950727,0.826104131479998,0.102584973447302,26,2,17,7,26,3,22,1,17,2,14,1,35,0,33,2
78,1,0.0434782608695652,0.782608695652174,0.173913043478261,0.0408396756060335,0.115029505203478,0.057514752601739,0.100993013471304,0.758418438824193,0.140588547704503,0.0258637237503763,0.0706900661246377,0.0353450330623188,0.078823293931884,0.756784811890828,0.164391894177288,0.0455990662584152,0.127621376565055,0.0638106882825276,0.107288949152093,0.742637416280475,0.150073634567433,0.0511372105637505,0.144622425629291,0.0723112128146453,0.115789473684211,0.747368421052632,0.136842105263158,0.0438095611036153,0.123516780860596,0.0617583904302979,0.105236651299863,0.747446700566465,0.147316648133672,13,0,13,0,27,8,15,4,26,2,19,5,29,1,24,4
78,2,0.0434782608695652,0.782608695652174,0.173913043478261,0.0803138819560277,0.211723748672905,0.105861874336452,0.0261903752506945,0.694034706934592,0.279774917814713,0.0275540311967461,0.0776542228490159,0.0388271114245079,0.0269245157469346,0.760335329350297,0.212740154902769,0.102908136147493,0.270609075584393,0.135304537792197,0.0222440732312756,0.668538345498267,0.309217581270458,0.110640257310756,0.290471785383904,0.145235892691952,0.0212765957446809,0.659574468085106,0.319148936170213,0.106370218419513,0.277082936567012,0.138541468283506,0.0249680549393084,0.662577433298925,0.312454511761767,27,0,20,7,33,0,14,19,18,2,14,2,16,0,14,2
78,3,0.0434782608695652,0.782608695652174,0.173913043478261,0.105711053375247,0.269158673930956,0.134579336965478,0.0325671499686395,0.658940469587622,0.308492380443739,0.107465264009891,0.282836677300075,0.141418338650037,0.0659814702604537,0.641190357002137,0.29282817273741,0.103599331897856,0.267120522503814,0.133560261251907,0.0288563013701487,0.663670393899684,0.307473304730168,0.110897955027758,0.278679937139864,0.139339968569932,0.036144578313253,0.650602409638554,0.313253012048193,0.10840448886548,0.276323213462706,0.138161606731353,0.0319372491991768,0.655988100591209,0.312074650209614,24,0,22,2,14,0,9,5,19,3,12,4,26,0,11,15
78,4,0.0434782608695652,0.782608695652174,0.173913043478261,0.189574319849872,0.478255432139631,0.239127716069815,0.0288957615381805,0.558063478913743,0.413040759548076,0.11765727125269,0.306947668759783,0.153473834379891,0.0224116844230883,0.650201437718759,0.327386877858152,0.180009185453386,0.451534287215944,0.225767143607972,0.0324615527736093,0.567858260140158,0.399680187086233,0.17822444510991,0.459513362584763,0.229756681292381,0.018348623853211,0.577981651376147,0.403669724770642,0.178432657919348,0.451020754455253,0.225510377227627,0.0287849019359838,0.571791677358129,0.399423420705887,26,1,19,6,20,0,5,15,26,0,15,11,37,1,24,12
78,5,0.0434782608695652,0.782608695652174,0.173913043478261,0.0843575094685342,0.213179361604649,0.106589680802325,0.0365866969200143,0.6829105787994,0.280502724280585,0.104502621926572,0.257597244606748,0.128798622303374,0.041843455243347,0.655444878975018,0.302711665781635,0.098145872634919,0.244020743722698,0.122010371861349,0.0471770741912875,0.660598323790825,0.292224602017888,0.0843448600585635,0.213149522799576,0.106574761399788,0.0365853658536585,0.682926829268293,0.280487804878049,0.0843488732728665,0.213161918187604,0.106580959093802,0.0365825332089191,0.682923464219018,0.280494002572063,15,2,10,3,24,0,16,8,21,0,17,4,22,1,13,8
79,1,0.739130434782609,0.0434782608695652,0.217391304347826,0.101131398602305,0.253272915417863,0.126636457708931,0.612493977073677,0.0492313495862001,0.338274673340123,0.061027384294356,0.150583916024614,0.075291958012307,0.663838476770302,0.0445885963926589,0.29157292683704,0.105716384244909,0.267312959669044,0.133656479834522,0.605473954948087,0.0522902108726229,0.342235834179291,0.0992139448854312,0.247491638795987,0.123745819397993,0.615384615384615,0.0480769230769231,0.336538461538462,0.102792629603042,0.257754449625025,0.128877224812513,0.610253209970096,0.0496718499302075,0.340074940099696,25,19,0,6,27,9,3,15,26,18,2,6,26,18,0,8
79,2,0.739130434782609,0.0434782608695652,0.217391304347826,0.0415197483957419,0.117240428589988,0.0586202142949942,0.797750649077603,0.0112377753718727,0.191011575550525,0.0211734661659305,0.0592852442066429,0.0296426221033214,0.757620494987518,0.0138356387662438,0.228543866246238,0.025900380324221,0.0719194304782624,0.0359597152391312,0.77509015002174,0.01946361150965,0.20544623846861,0.0415213079841246,0.117244748412311,0.0586223742061553,0.797752808988764,0.0112359550561798,0.191011235955056,0.0415213414681991,0.117244967915971,0.0586224839579855,0.797752918740594,0.0112368351207422,0.191010246138664,20,15,0,5,18,15,0,3,25,17,1,7,26,24,0,2
79,3,0.739130434782609,0.0434782608695652,0.217391304347826,0.0701297808635157,0.182871545076161,0.0914357725380803,0.830566207320689,0.031030539481698,0.138403253197613,0.0204970929106837,0.0579745333059777,0.0289872666529889,0.768117701435598,0.0289870098086592,0.202895288755743,0.0697525137659838,0.178219456364367,0.0891097281821835,0.828240162964792,0.0355664318940811,0.136193405141127,0.0734065183152326,0.198506807202459,0.0992534036012297,0.838383838383838,0.0202020202020202,0.141414141414141,0.0747035906449374,0.19707412854818,0.0985370642740898,0.837667499056698,0.0272063180419092,0.135126182901392,31,31,0,0,20,16,1,3,29,22,0,7,19,14,1,4
79,4,0.739130434782609,0.0434782608695652,0.217391304347826,0.0483868654835273,0.121789528985592,0.0608947644927962,0.742544432668061,0.100959027476909,0.15649653985503,0.112058943750483,0.307111979391155,0.153555989695577,0.628422676700016,0.197034250565142,0.174543072734841,0.0392750245654278,0.0983311784622442,0.0491655892311222,0.736927317523745,0.0926438501006874,0.170428832375568,0.0387590102556168,0.109472049689441,0.0547360248447205,0.714285714285714,0.0982142857142857,0.1875,0.044174583717978,0.121441169630513,0.0607205848152563,0.721492119609472,0.104198845684822,0.174309034705706,25,23,0,2,35,20,1,14,32,19,8,5,20,18,2,0
79,5,0.739130434782609,0.0434782608695652,0.217391304347826,0.0301780432672072,0.0806710601299489,0.0403355300649745,0.706885616966462,0.0353875486207374,0.257726834412801,0.150035336559557,0.381747774256082,0.190873887128041,0.563435951172289,0.0282988573518434,0.408265191475867,0.0500436813283562,0.129971572240041,0.0649857861200203,0.682364289713168,0.035258619818986,0.282377090467846,0.0578348206738889,0.159276797244942,0.0796383986224709,0.683168316831683,0.0198019801980198,0.297029702970297,0.0505489669215903,0.130189781172464,0.0650948905862322,0.680994154034652,0.0365196510312897,0.282486194934058,26,16,1,9,20,17,0,3,20,19,0,1,35,17,1,17
80,1,0.695652173913043,0.0869565217391304,0.217391304347826,0.0597026807761095,0.161458527760945,0.0807292638804724,0.757434196048372,0.105903763484274,0.136662040467354,0.0493604219921367,0.130255377420579,0.0651276887102894,0.749975269434174,0.0977611149282896,0.152263615637537,0.0493032814080718,0.133092999825632,0.0665464999128161,0.746950208151668,0.102204987413321,0.15084480443501,0.0686064542841079,0.187591597459697,0.0937957987298486,0.764044943820225,0.112359550561798,0.123595505617978,0.0617686105509293,0.161992425127504,0.0809962125637518,0.764483159272666,0.0991217489432599,0.136395091784074,27,24,0,3,22,18,1,3,23,16,3,4,17,10,6,1
80,2,0.695652173913043,0.0869565217391304,0.217391304347826,0.102773937184455,0.279995701945329,0.139997850972664,0.555654322940379,0.190781096352543,0.253564580707078,0.218180324676586,0.613430894219528,0.306715447109764,0.388936726803279,0.211190251883697,0.399873021313024,0.109175806829311,0.300381909482891,0.150190954741446,0.545461219171598,0.193052693144604,0.261486087683798,0.109280438098519,0.304884594739667,0.152442297369834,0.54320987654321,0.185185185185185,0.271604938271605,0.112377520299455,0.309631119294741,0.154815559647371,0.540836614265673,0.195463617813903,0.263699767920425,21,13,6,2,25,8,5,12,17,16,0,1,18,7,4,7
80,3,0.695652173913043,0.0869565217391304,0.217391304347826,0.080053459650097,0.225259885956478,0.112629942978239,0.761902262988963,0.13333637564145,0.104761361369587,0.0713010098301087,0.200158477244437,0.100079238622218,0.756362336874205,0.126325597400188,0.117312065725608,0.0774569292159976,0.217461047435223,0.108730523717611,0.738501414999527,0.152837804370258,0.108660780630215,0.0800533066573553,0.225258799171843,0.112629399585921,0.761904761904762,0.133333333333333,0.104761904761905,0.0800554384123288,0.225264807698775,0.112632403849388,0.761906485890287,0.133334613611275,0.104758900498438,23,16,2,5,20,16,4,0,28,21,5,2,34,27,3,4
80,4,0.695652173913043,0.0869565217391304,0.217391304347826,0.0601836395684648,0.158874949738267,0.0794374748691334,0.775089648782177,0.0207732533740489,0.204137097843774,0.0488006030994807,0.128074110688281,0.0640370553441406,0.749957243520734,0.0229194663949898,0.227123290084276,0.0448051477828029,0.11543543260517,0.057717716302585,0.753369890215629,0.0354536617248953,0.211176448059476,0.0605065736334776,0.159716060337178,0.0798580301685892,0.775510204081633,0.0204081632653061,0.204081632653061,0.0605057449114783,0.159716819207709,0.0798584096038545,0.775510583516898,0.020411653079306,0.204077763403796,29,26,1,2,31,23,0,8,20,16,0,4,18,11,1,6
80,5,0.695652173913043,0.0869565217391304,0.217391304347826,0.0801937416276247,0.214202759868201,0.1071013799341,0.802753553847144,0.0657094709868184,0.131536975166038,0.0681686171327144,0.176576936063013,0.0882884680315067,0.773326996235105,0.0975701674485758,0.129102836316319,0.0665328476314354,0.177938017310261,0.0889690086551305,0.784621182568174,0.0689921294986999,0.146386687933126,0.0803313398029137,0.208695652173913,0.104347826086957,0.8,0.0736842105263158,0.126315789473684,0.0794044437415223,0.210494249581941,0.10524712479097,0.800899298704014,0.0682428483330875,0.130857852962899,20,17,0,3,29,20,5,4,26,23,2,1,20,16,0,4
81,1,0.652173913043478,0.130434782608696,0.217391304347826,0.0775671819822106,0.219387909003096,0.109693954501548,0.596672076761115,0.240128737110244,0.163199186128641,0.112875670075097,0.312411854829046,0.156205927414523,0.545590139607913,0.286640710023219,0.167769150368868,0.0842838958023389,0.238335333507929,0.119167666753964,0.590362292032686,0.24960244936266,0.160035258604654,0.0816639922868839,0.228926353149956,0.114463176574978,0.581632653061224,0.244897959183673,0.173469387755102,0.0835171731415728,0.236190653179868,0.118095326589934,0.591453619319583,0.24853010919863,0.160016271481787,30,14,12,4,25,18,7,0,19,12,3,4,24,13,2,9
81,2,0.652173913043478,0.130434782608696,0.217391304347826,0.0554420130768422,0.147721755541684,0.0738608777708418,0.578313035272636,0.144580286291012,0.277106678436352,0.0680353907557379,0.189252458996801,0.0946262294984006,0.557547683545078,0.162660514844155,0.279791801610767,0.0722657778371994,0.197544915527641,0.0987724577638204,0.553401455279658,0.157094041606921,0.289504503113421,0.0554423788017869,0.14772132006286,0.0738606600314301,0.578313253012048,0.144578313253012,0.27710843373494,0.055443937826241,0.147725277535641,0.0738626387678207,0.578311274275658,0.144578423124171,0.277110302600172,20,8,5,7,24,15,3,6,14,8,3,3,25,17,1,7
81,3,0.652173913043478,0.130434782608696,0.217391304347826,0.105814608020621,0.29909333111467,0.149546665557335,0.801720578600813,0.0603457877073157,0.137933633691871,0.102479778207039,0.289837833969218,0.144918916984609,0.797092830028087,0.0594029224673754,0.143504247504537,0.0815477109052419,0.229639716552289,0.114819858276145,0.766993771319623,0.0823706461021721,0.150635582578205,0.105817147391152,0.299100449775112,0.149550224887556,0.801724137931034,0.0603448275862069,0.137931034482759,0.105815178745726,0.299094869624893,0.149547434812446,0.801721347855925,0.060346322425686,0.137932329718389,35,30,3,2,30,24,1,5,24,18,1,5,27,21,2,4
81,4,0.652173913043478,0.130434782608696,0.217391304347826,0.106085391781769,0.299425936755561,0.149712968377781,0.801886881421259,0.0471708107526998,0.150942307826041,0.088441100476122,0.24767912550898,0.12383956275449,0.776013475797968,0.0533306539381409,0.170655870263891,0.0816219079965789,0.230859107306387,0.115429553653194,0.767603466696672,0.0731862729494573,0.159210260353871,0.106085384161898,0.299425758818704,0.149712879409352,0.80188679245283,0.0471698113207547,0.150943396226415,0.106088409762138,0.299434676181488,0.149717338090744,0.801891251134222,0.047169863801679,0.150938885064099,27,20,2,5,32,26,1,5,20,14,1,5,27,25,1,1
81,5,0.652173913043478,0.130434782608696,0.217391304347826,0.072379948634585,0.202034513144124,0.101017256572062,0.75319116961554,0.0656110974765194,0.18119773290794,0.0265381765147308,0.0661880273252141,0.0330940136626071,0.684050692014801,0.0973407689460886,0.218608539039111,0.0603089820398715,0.163128203488658,0.0815641017443292,0.733738014787807,0.0680603036190437,0.198201681593149,0.0700257617254015,0.195652173913043,0.0978260869565217,0.75,0.0681818181818182,0.181818181818182,0.0704858750893287,0.195848157392437,0.0979240786962186,0.750097991739697,0.0653313681864094,0.184570640073894,28,18,3,7,18,17,0,1,23,18,0,5,19,13,3,3
82,1,0.608695652173913,0.173913043478261,0.217391304347826,0.0150397076147521,0.039744244542616,0.0198721222713081,0.625197783293316,0.154040921206953,0.220761295499731,0.0107846140377932,0.0303684021551329,0.0151842010775665,0.62387985325148,0.16507921907997,0.21104092766855,0.0103031171144777,0.0290250827146735,0.0145125413573367,0.614824562694664,0.159400502120924,0.225774935184412,0.0199412557076792,0.056159420289855,0.0280797101449275,0.625,0.145833333333333,0.229166666666667,0.0181497096007375,0.0495390664288921,0.0247695332144461,0.626908849628328,0.149143510263815,0.223947640107857,29,22,2,5,26,13,2,11,22,12,5,5,19,13,5,1
82,2,0.608695652173913,0.173913043478261,0.217391304347826,0.0532238653574197,0.147827259457635,0.0739136297288173,0.633333730471182,0.0999994137494435,0.266666855779374,0.0458380524190614,0.119912746899911,0.0599563734499554,0.600062617976056,0.122589704226163,0.277347677797782,0.0511777944582503,0.128158828753995,0.0640794143769977,0.611595670650242,0.109833629101263,0.278570700248494,0.0532234743347505,0.147826086956522,0.0739130434782609,0.633333333333333,0.1,0.266666666666667,0.0532244837777506,0.147829423630687,0.0739147118153433,0.63333513314095,0.0999983316629175,0.266666535196133,28,17,4,7,21,10,3,8,24,18,0,6,17,12,2,3
82,3,0.608695652173913,0.173913043478261,0.217391304347826,0.27726270245955,0.782608695652173,0.391304347826086,0.999999999999999,1.16124764288189e-29,6.42716509965851e-16,0.0387928743823143,0.106618159282835,0.0533090796414176,0.624128018626607,0.211789756666984,0.164082224706408,0.0338838177621748,0.0871585345207055,0.0435792672603528,0.60416305357292,0.217492310738614,0.178344635688466,0.0412423651278838,0.116600790513834,0.058300395256917,0.636363636363636,0.204545454545455,0.159090909090909,0.0412417703864008,0.116598897663108,0.0582994488315539,0.636360069766274,0.204548074717454,0.159091855516272,17,8,5,4,33,21,6,6,19,15,2,2,19,12,5,2
82,4,0.608695652173913,0.173913043478261,0.217391304347826,0.0352650955445466,0.0917537397661839,0.045876869883092,0.648572949324781,0.128036173595169,0.22339087708005,0.0429923069324257,0.108921378564977,0.0544606892824883,0.659336094534198,0.119452354195773,0.221211551270029,0.0403202312454,0.102786804117432,0.0513934020587158,0.655784413416051,0.122519641419545,0.221695945164404,0.0408379004254824,0.109711499390492,0.0548557496952458,0.663551401869159,0.130841121495327,0.205607476635514,0.0404102374397804,0.102894142653155,0.0514470713265777,0.65596866750256,0.122465972151683,0.221565360345757,23,21,0,2,21,7,7,7,30,20,5,5,33,23,2,8
82,5,0.608695652173913,0.173913043478261,0.217391304347826,0.0750714398831595,0.201472900605053,0.100736450302527,0.507959201871387,0.195251847096686,0.296788951031928,0.0509373438380845,0.143851385155849,0.0719256925779243,0.569277294879569,0.141405708194681,0.28931699692575,0.0782182567243486,0.211203834972699,0.10560191748635,0.503093734687564,0.19819524006564,0.298711025246796,0.0764014845005246,0.206402293358815,0.103201146679408,0.505494505494505,0.197802197802198,0.296703296703297,0.0747409506100794,0.19959432107845,0.0997971605392248,0.508898491634688,0.19365023106818,0.297451277297131,22,13,3,6,24,16,2,6,22,9,10,3,23,8,3,12
83,1,0.565217391304348,0.217391304347826,0.217391304347826,0.0270900107489122,0.0754223281396102,0.0377111640698051,0.527506227234543,0.230398459077936,0.242095313687522,0.0703741767922063,0.183290461714352,0.091645230857176,0.485784496427022,0.309036535205002,0.205178968367976,0.0312092233338458,0.0860972319092213,0.0430486159546106,0.522168775349737,0.230481400450443,0.24734982419982,0.0298394060619098,0.0837058106460788,0.0418529053230394,0.523364485981308,0.242990654205607,0.233644859813084,0.0268973709580278,0.0757163943813779,0.0378581971906889,0.527359194113659,0.233115636838786,0.239525169047556,30,19,4,7,30,13,11,6,26,12,10,4,21,12,1,8
83,2,0.565217391304348,0.217391304347826,0.217391304347826,0.0438678704742532,0.113720967985068,0.056860483992534,0.5582754975466,0.16747271411304,0.27425178834036,0.0660381505839756,0.186779657640606,0.0933898288203033,0.519080064119305,0.170138802712566,0.310781133168129,0.0401190661158704,0.111169768801511,0.0555848844007553,0.583158454482966,0.161806419947071,0.255035125569963,0.0611346288931827,0.165119687347338,0.0825598436736688,0.584269662921348,0.134831460674157,0.280898876404494,0.0380082067709692,0.104529805965751,0.0522649029828757,0.580476912645175,0.16512640136495,0.254396685989875,21,8,1,12,22,14,3,5,17,6,4,7,29,24,4,1
83,3,0.565217391304348,0.217391304347826,0.217391304347826,0.0169179739541448,0.0441854709384045,0.0220927354692023,0.562124641846077,0.198391318336895,0.239484039817028,0.0262398184682415,0.0724708857647309,0.0362354428823655,0.554030515353329,0.253626747230192,0.192342737416479,0.0201470781241465,0.0568426744982255,0.0284213372491128,0.552746787948636,0.201440570454425,0.245812641596939,0.0181204668891882,0.0511986997155628,0.0255993498577814,0.551401869158878,0.205607476635514,0.242990654205607,0.0177531039663853,0.0491420244987918,0.024571012249396,0.557399330584124,0.200638352818654,0.241962316597222,29,16,1,12,35,17,11,7,22,14,6,2,21,12,4,5
83,4,0.565217391304348,0.217391304347826,0.217391304347826,0.0352054832276652,0.0885765898481128,0.0442882949240564,0.523374277537461,0.214946123190657,0.261679599271883,0.0340271318621045,0.0880813773953398,0.0440406886976699,0.526401754209694,0.21216625274481,0.261431993045496,0.0470901172195449,0.121085017262161,0.0605425086310807,0.504674882673267,0.223638150322736,0.271686967003997,0.035210305954888,0.0885818772856562,0.0442909386428281,0.523364485981308,0.214953271028037,0.261682242990654,0.0352109865283599,0.0885835413849697,0.0442917706924849,0.523363648511296,0.214953276448393,0.261683075040311,28,11,9,8,23,15,3,5,21,9,5,7,35,21,6,8
83,5,0.565217391304348,0.217391304347826,0.217391304347826,0.0582313518853656,0.164680718814847,0.0823403594074235,0.647557750711771,0.177397739741827,0.175044509546402,0.0335552225184031,0.0937158279830959,0.0468579139915479,0.595141066127699,0.234325543516023,0.170533390356278,0.0514909208240472,0.145069568155336,0.0725347840776682,0.637752175382016,0.175556038830994,0.18669178578699,0.0595858695038418,0.168534289556253,0.0842671447781265,0.649484536082474,0.175257731958763,0.175257731958763,0.0603551269504303,0.170551011429011,0.0852755057145057,0.650492897018853,0.171563235259333,0.177943867721814,23,14,5,4,31,22,1,8,21,10,7,4,22,17,4,1
84,1,0.521739130434783,0.260869565217391,0.217391304347826,0.0234689468596357,0.0651777959311286,0.0325888979655643,0.510890780706801,0.293458463182956,0.195650756110243,0.0234808065693047,0.0652170163638744,0.0326085081819372,0.510869608290199,0.293478073399328,0.195652318310472,0.0287835352546536,0.0746366677937476,0.0373183338968738,0.489000037385513,0.298187899114265,0.212812063500222,0.0234809445594488,0.0652173913043478,0.0326086956521739,0.510869565217391,0.293478260869565,0.195652173913043,0.0234810056423187,0.0652176514614709,0.0326088257307354,0.510869310682869,0.293478390948127,0.195652298369004,26,13,8,5,23,12,7,4,10,4,4,2,33,18,8,7
84,2,0.521739130434783,0.260869565217391,0.217391304347826,0.0538537642763251,0.148526616186994,0.0742633080934969,0.544239902985437,0.186606257123894,0.269153839890669,0.0616501802179207,0.155265835484331,0.0776329177421656,0.526190423170929,0.183236647475226,0.290572929353845,0.049077814183392,0.131278999917526,0.065639499958763,0.53502583658065,0.195230065258628,0.269744098160722,0.0661152821502066,0.17888198757764,0.0894409937888199,0.542857142857143,0.171428571428571,0.285714285714286,0.0554408248712733,0.151534220142097,0.0757671100710485,0.542157395114232,0.185102455146343,0.272740149739425,22,13,5,4,28,14,4,10,28,10,4,14,27,20,5,2
84,3,0.521739130434783,0.260869565217391,0.217391304347826,0.0456062693407607,0.126977585642591,0.0634887928212956,0.585227923256078,0.219287608420959,0.195484468322963,0.0300481068771514,0.0843548356521819,0.042177417826091,0.496163534015506,0.244267743810577,0.259568722173917,0.0398986077624717,0.112401282406036,0.0562006412030183,0.577939771637801,0.228414442857758,0.193645785504441,0.0561627394998547,0.156521739130435,0.0782608695652174,0.6,0.21,0.19,0.0533282249411292,0.149839687268981,0.0749198436344907,0.596658974069273,0.215918840012317,0.18742218591841,19,7,6,6,30,21,6,3,20,9,4,7,31,23,5,3
84,4,0.521739130434783,0.260869565217391,0.217391304347826,0.0671697284597033,0.180954278566575,0.0904771392832874,0.61221626971807,0.190569589343058,0.197214140938872,0.105664630636412,0.291066757209201,0.145533378604601,0.667272509039383,0.217472044021145,0.115255446939471,0.0817765392011662,0.217290594673027,0.108645297336514,0.630384427771296,0.172221225433365,0.197394346795339,0.0686518258031451,0.19363514119229,0.0968175705961453,0.618556701030928,0.206185567010309,0.175257731958763,0.0728180568690786,0.178659505410672,0.089329752705336,0.610775738447204,0.171539812512055,0.217684449040741,38,30,0,8,16,12,3,1,27,7,13,7,16,11,4,1
84,5,0.521739130434783,0.260869565217391,0.217391304347826,0.0587046476100476,0.155747181330505,0.0778735906652524,0.457879827519545,0.338743155882644,0.203377016597812,0.0394465058091748,0.1065682999638,0.0532841499819001,0.480791820340568,0.314153715199291,0.205054464460141,0.053855016326578,0.144946885450264,0.072473442725132,0.465223251052732,0.333343007942523,0.201433741004745,0.0459840502203721,0.123422159887798,0.061711079943899,0.473118279569892,0.32258064516129,0.204301075268817,0.0548143508973649,0.147091092572437,0.0735455462862186,0.463748226776818,0.33441511150361,0.201836661719572,40,19,13,8,19,13,2,4,17,2,8,7,17,10,7,0
85,1,0.478260869565217,0.304347826086957,0.217391304347826,0.0737405134008172,0.20846984507517,0.104234922537585,0.533172193323807,0.353671424865952,0.113156381810241,0.0933233511517667,0.251734066495207,0.125867033247603,0.449707423642026,0.43021485933456,0.120077717023414,0.0675910716192239,0.190831141720812,0.095415570860406,0.52099562051035,0.35702864600223,0.12197573348742,0.0377900143768293,0.0979405034324943,0.0489702517162471,0.484210526315789,0.347368421052632,0.168421052631579,0.0701495573924804,0.197031007879155,0.0985155039395774,0.517396259350729,0.363727940241023,0.118875800408249,31,13,14,4,18,15,3,0,22,9,13,0,24,9,3,12
85,2,0.478260869565217,0.304347826086957,0.217391304347826,0.0698614427797061,0.197264570045759,0.0986322850228797,0.433913232288482,0.250063178340812,0.316023589370706,0.0856469535409341,0.237347462511664,0.118673731255832,0.439912336615918,0.224022627780424,0.336065035603658,0.0500038834422114,0.141226071566884,0.0706130357834419,0.44626069739622,0.265734962472512,0.288004340131268,0.0632501125833966,0.178853754940712,0.0894268774703557,0.431818181818182,0.261363636363636,0.306818181818182,0.0510704384828755,0.143771317038796,0.0718856585193978,0.436266296368921,0.274456740763855,0.289276962867224,20,9,3,8,20,16,3,1,16,2,1,13,32,11,16,5
85,3,0.478260869565217,0.304347826086957,0.217391304347826,0.0773933990895728,0.218139137366761,0.10906956868338,0.431630465298704,0.413417394770337,0.15495213993096,0.0748913710286047,0.211539880433503,0.105769940216751,0.420620272082368,0.410117766303708,0.169261961613924,0.0757933758285756,0.213921572664016,0.106960786332008,0.418739253868431,0.411308612418965,0.169952133712605,0.0742225769099365,0.209486166007905,0.104743083003953,0.431818181818182,0.409090909090909,0.159090909090909,0.0764658162575601,0.216193169655594,0.108096584827797,0.426835141798294,0.412444410914754,0.160720447286952,19,13,5,1,16,8,7,1,32,13,12,7,21,4,12,5
85,4,0.478260869565217,0.304347826086957,0.217391304347826,0.110496457136795,0.312092661829521,0.15604633091476,0.393071288287761,0.233491076449653,0.373437635262586,0.149068263784683,0.421627541655813,0.210813770827906,0.372422216089734,0.199372708734534,0.428205075175732,0.109990660208434,0.310582487546418,0.155291243773209,0.392844134170365,0.2344733177086,0.372682548121035,0.120189430803051,0.33749461902712,0.16874730951356,0.376237623762376,0.237623762376238,0.386138613861386,0.112053803117294,0.316450243261514,0.158225121630757,0.391552892153435,0.232830681867982,0.375616425978583,26,11,12,3,26,8,6,12,28,10,2,16,21,9,4,8
85,5,0.478260869565217,0.304347826086957,0.217391304347826,0.0725944793410012,0.199142640288942,0.0995713201444709,0.406816451456058,0.276220924051646,0.316962624492297,0.11981197704974,0.325116532956465,0.162558266478233,0.355587627245883,0.264462801928058,0.379949570826059,0.0737944883854666,0.204932969955129,0.102466484977565,0.409883987837171,0.270258222837438,0.319857789325391,0.0846617496054197,0.239130434782609,0.119565217391304,0.41304347826087,0.25,0.33695652173913,0.0719585408134651,0.197811001621688,0.0989055008108438,0.408063871137228,0.275639323704102,0.31629680515867,24,7,3,14,23,4,10,9,24,18,5,1,21,9,5,7
86,1,0.434782608695652,0.347826086956522,0.217391304347826,0.0688138579487413,0.189277377626551,0.0946386888132755,0.40710147967286,0.442464775769797,0.150433744557342,0.0670845566313689,0.187528562184244,0.0937642810921221,0.375382429121886,0.441590368048644,0.18302720282947,0.0681213427965863,0.188335044373097,0.0941675221865487,0.405309479066054,0.44199360914307,0.152696911790875,0.0688199600317395,0.189303578299346,0.094651789149673,0.407079646017699,0.442477876106195,0.150442477876106,0.068821197160998,0.18930683329174,0.0946534166458698,0.407079452700391,0.442479503602392,0.150441043697217,26,9,12,5,27,11,12,4,33,17,15,1,27,9,11,7
86,2,0.434782608695652,0.347826086956522,0.217391304347826,0.0539903146115193,0.133228403026573,0.0666142015132863,0.500405993665316,0.281211885443235,0.218382120891449,0.0348148665911691,0.098303497703335,0.0491517488516675,0.46184677415316,0.298674338104854,0.239478887741986,0.0462971454532749,0.120271957229492,0.060135978614746,0.487275730616182,0.287690108341776,0.225034161042043,0.0538130391165004,0.133152173913043,0.0665760869565217,0.5,0.28125,0.21875,0.0535232876718908,0.132250477946014,0.0661252389730069,0.499746686814701,0.281700847983515,0.218552465201784,26,12,10,4,25,12,5,8,21,15,4,2,24,9,8,7
86,3,0.434782608695652,0.347826086956522,0.217391304347826,0.134163442784174,0.338557160325294,0.169278580162647,0.275925289853507,0.517104667119169,0.206970043027324,0.0981946015968421,0.259711797957924,0.129855898978962,0.327235956745655,0.477681985935484,0.195082057318861,0.13536925277675,0.341189479694471,0.170594739847235,0.274250087756409,0.518420826803757,0.207329085439834,0.129363496889964,0.345164152617569,0.172582076308784,0.295918367346939,0.520408163265306,0.183673469387755,0.135359763384933,0.341105287703431,0.170552643851715,0.274225179765248,0.518378730808237,0.207396089426515,23,5,13,5,24,11,11,2,26,1,20,5,25,12,7,6
86,4,0.434782608695652,0.347826086956522,0.217391304347826,0.123495250459744,0.32836343413767,0.164181717068835,0.301117646539174,0.512007804025357,0.18687454943547,0.0936466986193569,0.258988928969521,0.12949446448476,0.305288144210892,0.436613784966246,0.258098070822862,0.117835423019299,0.312513445118728,0.156256722559364,0.306497913135439,0.504082809515886,0.189419277348675,0.123512059088877,0.322866344605475,0.161433172302738,0.296296296296296,0.509259259259259,0.194444444444444,0.120487796931976,0.320170428147178,0.160085214073589,0.304187979043125,0.507911301030111,0.187900719926764,24,5,12,7,30,10,10,10,28,12,13,3,26,5,20,1
86,5,0.434782608695652,0.347826086956522,0.217391304347826,0.0380349370866994,0.107400162157563,0.0537000810787816,0.464317910466838,0.371990866264118,0.163691223269044,0.0643507333756231,0.164612149320534,0.0823060746602672,0.509563133063694,0.265520012296254,0.224916854640051,0.0323959378601396,0.0848413487442413,0.0424206743721207,0.428559265007886,0.390246761328642,0.181193973663471,0.0175072078810917,0.0490286771507863,0.0245143385753931,0.425531914893617,0.372340425531915,0.202127659574468,0.0340108090201761,0.0905289396243234,0.0452644698121618,0.426237549687468,0.393090556768683,0.180671893543849,21,11,10,0,35,6,17,12,19,13,5,1,19,10,3,6
87,1,0.391304347826087,0.391304347826087,0.217391304347826,0.139412444433777,0.387116295319262,0.193558147659631,0.262041784337205,0.327008763655338,0.410949452007457,0.1794772293944,0.485603609775805,0.242801804887902,0.2058442816035,0.333962609160771,0.460193109235728,0.141264682131921,0.387079164651052,0.193539582325526,0.251634810956682,0.337434302369966,0.410930886673352,0.14371598029257,0.401581027667984,0.200790513833992,0.263636363636364,0.318181818181818,0.418181818181818,0.139600470954439,0.38211149232598,0.19105574616299,0.252698480018408,0.338854469470776,0.408447050510816,18,3,3,12,25,15,7,3,32,8,11,13,35,3,14,18
87,2,0.391304347826087,0.391304347826087,0.217391304347826,0.0766585580914996,0.216784277664396,0.108392138832198,0.3388859095691,0.499696486658285,0.161417603772615,0.0546966765987892,0.153682411175089,0.0768412055875447,0.468145553413632,0.360575395656096,0.171279050930272,0.0721014262434298,0.183447699127904,0.0917238495639518,0.384016702886803,0.483028197390039,0.132955099723159,0.0678900229921687,0.182151029748284,0.0910755148741419,0.410526315789474,0.463157894736842,0.126315789473684,0.0717229031717028,0.198020472490277,0.0990102362451385,0.360877806644096,0.490314584071226,0.148807609284679,21,11,6,4,19,0,15,4,24,11,9,4,31,17,14,0
87,3,0.391304347826087,0.391304347826087,0.217391304347826,0.0968981336202523,0.270778825979814,0.135389412989907,0.25591493483618,0.440664589880574,0.303420475283246,0.127365634321231,0.36021990156352,0.18010995078176,0.211194397044327,0.479539589412715,0.309266013542958,0.0981803499347224,0.275922415837756,0.137961207918878,0.253343139907209,0.446716587767345,0.299940272325446,0.079516271030325,0.224469160768453,0.112234580384227,0.27906976744186,0.453488372093023,0.267441860465116,0.0985864350738058,0.275834335631072,0.137917167815536,0.253387180010551,0.442569178962085,0.304043641027364,21,14,3,4,20,3,12,5,23,1,16,6,22,6,8,8
87,4,0.391304347826087,0.391304347826087,0.217391304347826,0.0504415528303999,0.142644664370648,0.0713223321853241,0.319982015640763,0.428135589406807,0.25188239495243,0.0688299075212748,0.175731559926341,0.0878657799631702,0.303438567862917,0.398960002691436,0.297601429445647,0.0468589486958564,0.132497234493454,0.0662486172467271,0.32505573057936,0.425836542806311,0.24910772661433,0.0501463677439813,0.141831996623048,0.0709159983115238,0.320388349514563,0.427184466019417,0.252427184466019,0.0498202195902887,0.140891147836513,0.0704455739182564,0.320858773907831,0.427598235402566,0.251542990689604,28,11,15,2,18,3,9,6,29,10,10,9,28,9,10,9
87,5,0.391304347826087,0.391304347826087,0.217391304347826,0.112392419086435,0.30584734690585,0.152923673452925,0.430231582178224,0.238380674373162,0.331387743448614,0.135898437449188,0.366580619261081,0.18329030963054,0.432888792015638,0.208014038195547,0.359097169788815,0.107235262636396,0.296315185642929,0.148157592821464,0.43734570326841,0.243146755004623,0.319507541726967,0.105450048579513,0.287370600414079,0.143685300207039,0.428571428571429,0.247619047619048,0.323809523809524,0.106440760817382,0.293677978042265,0.146838989021133,0.436032609834137,0.244465358804954,0.319502031360909,29,9,15,5,30,20,5,5,24,7,2,15,22,9,4,9
88,1,0.347826086956522,0.434782608695652,0.217391304347826,0.0384133029321453,0.101034796909885,0.0505173984549424,0.355782557910051,0.477343536197065,0.166873905892884,0.0636052465272209,0.17973705272812,0.0898685263640598,0.30623503413985,0.524651135059712,0.169113830800438,0.0312779619105398,0.0840328840754082,0.042016442037704,0.356858068967031,0.467767068722847,0.175374862310122,0.04461833503386,0.124102997045167,0.0620514985225834,0.368932038834951,0.475728155339806,0.155339805825243,0.0405288895636448,0.11060056355354,0.0553002817767699,0.362426497562232,0.475482479866712,0.162091022571056,26,16,7,3,37,14,19,4,20,4,12,4,20,4,11,5
88,2,0.347826086956522,0.434782608695652,0.217391304347826,0.0694942496386037,0.185227078414721,0.0926135392073603,0.330001335642701,0.359993820802112,0.310004843555186,0.0694883234012798,0.185213099493006,0.0926065497465033,0.330000186290131,0.36000195961554,0.309997854094329,0.0725729613061257,0.192549182211735,0.0962745911058676,0.330489025163401,0.355845079382905,0.313665895453694,0.0694899955626839,0.185217391304348,0.0926086956521739,0.33,0.36,0.31,0.0694914342431992,0.18522078896272,0.0926103944813602,0.330000273053099,0.359998028117715,0.310001698829186,26,8,12,6,25,9,6,10,26,11,8,7,23,5,10,8
88,3,0.347826086956522,0.434782608695652,0.217391304347826,0.0798172141718089,0.202733264796029,0.101366632398015,0.340151908094096,0.536149241093667,0.123698850812237,0.0665995663951021,0.182129068006794,0.0910645340033973,0.323119077482198,0.525847142699049,0.151033779818752,0.0751360945621049,0.186735659192087,0.0933678295960436,0.345073770768857,0.528150438291696,0.126775790939448,0.0797823316601581,0.202599731062304,0.101299865531152,0.34020618556701,0.536082474226804,0.123711340206186,0.0797831281468415,0.20260146231524,0.10130073115762,0.340206439539761,0.536083339853272,0.123710220606967,24,10,14,0,27,10,13,4,19,7,9,3,27,6,16,5
88,4,0.347826086956522,0.434782608695652,0.217391304347826,0.1299462017721,0.363802555028611,0.181901277514305,0.529727364470827,0.321183195987344,0.149089439541829,0.158390110387511,0.429431963092555,0.214715981546277,0.562542068502799,0.27216227944217,0.165295652055031,0.12099507390842,0.333457947967418,0.166728973983709,0.514555060940231,0.318089473502727,0.167355465557043,0.130699217345591,0.366076221148685,0.183038110574342,0.530864197530864,0.320987654320988,0.148148148148148,0.131004381842689,0.366424142031283,0.183212071015641,0.531038157972163,0.319339105440661,0.149622736587176,24,14,7,3,17,6,10,1,19,9,5,5,21,14,4,3
88,5,0.347826086956522,0.434782608695652,0.217391304347826,0.123587558204789,0.342588485365306,0.171294242682653,0.403397659551973,0.263488366012999,0.333113974435028,0.122411370525578,0.318694593308022,0.159347296654011,0.507173383610533,0.296515916944366,0.196310699445101,0.125849865072049,0.348408953084765,0.174204476542382,0.403354870041033,0.26057813215327,0.336066997805697,0.142594555679341,0.389565217391304,0.194782608695652,0.4,0.24,0.36,0.12661498360863,0.350494684875768,0.175247342437884,0.403617261608831,0.259535266257768,0.336847472133401,24,6,5,13,27,7,4,16,30,17,8,5,19,10,7,2
89,1,0.304347826086957,0.478260869565217,0.217391304347826,0.0859228772041668,0.232674976153331,0.116337488076665,0.420685314163622,0.389706225975081,0.189608459861297,0.0980681672706485,0.250248182257919,0.125124091128959,0.418717395353112,0.353136778436258,0.22814582621063,0.0870674373496744,0.23538412413939,0.117692062069695,0.422039888156652,0.388069314698466,0.189890797144883,0.094201013366604,0.259228876127974,0.129614438063987,0.433962264150943,0.386792452830189,0.179245283018868,0.0898834295916876,0.245701392657077,0.122850696328539,0.427198522415495,0.38856316420455,0.184238313379955,21,10,6,5,33,21,10,2,26,5,16,5,26,10,9,7
89,2,0.304347826086957,0.478260869565217,0.217391304347826,0.102313596039058,0.285543908725115,0.142771954362558,0.396086559525981,0.33548891520266,0.268424525271359,0.0637547040773912,0.177280554811849,0.0886402774059245,0.362956748994467,0.389620592159293,0.24742265884624,0.107130071392161,0.300721604341614,0.150360802170807,0.395621709475698,0.32790006739441,0.276478223129892,0.0997475099778966,0.277276456111567,0.138638228055783,0.39622641509434,0.339622641509434,0.264150943396226,0.103505735687917,0.288828936414428,0.144414468207214,0.397255350279501,0.333846401358004,0.268898248362495,26,14,3,9,25,6,12,7,30,13,9,8,25,9,12,4
89,3,0.304347826086957,0.478260869565217,0.217391304347826,0.0673789331632213,0.165343310592069,0.0826716552960347,0.387019481382991,0.477960745996465,0.135019772620544,0.0577516556537741,0.161003717861527,0.0805018589307636,0.38484968501772,0.449945962370539,0.165204352611741,0.0673503811250172,0.17547100346235,0.0877355017311749,0.380324330564478,0.490019866818871,0.129655802616651,0.0802948253575911,0.214782608695652,0.107391304347826,0.39,0.5,0.11,0.066228615431856,0.171588590188205,0.0857942950941023,0.379784925232168,0.488618065514109,0.131597009253724,27,10,16,1,28,4,21,3,21,8,8,5,24,17,5,2
89,4,0.304347826086957,0.478260869565217,0.217391304347826,0.0795318901772322,0.194812966049513,0.0974064830247567,0.40175389227415,0.47826128640278,0.119984821323069,0.0721289732588662,0.202003736168275,0.101001868084138,0.367212018506297,0.516398545230015,0.116389436263688,0.0795350571995795,0.205345419191231,0.102672709595615,0.407020535682572,0.466704836709689,0.126274627607739,0.0722838072062135,0.182513139034878,0.091256569517439,0.395604395604396,0.472527472527473,0.131868131868132,0.0786332677172836,0.199025700410229,0.0995128502051147,0.403860676292071,0.471489100688897,0.124650223019031,24,8,12,4,21,7,13,1,19,8,11,0,27,13,7,7
89,5,0.304347826086957,0.478260869565217,0.217391304347826,0.0380801579092245,0.0996599194629662,0.0498299597314831,0.297121231519379,0.435657504401312,0.267221264079309,0.0950057057057884,0.244083709204675,0.122041854602337,0.182305971484619,0.490614914195531,0.32707911431985,0.0614824699167724,0.171836192316913,0.0859180961584563,0.24982583180099,0.446864767692727,0.303309400506282,0.0684732779557002,0.192668371696505,0.0963341858482523,0.264705882352941,0.42156862745098,0.313725490196078,0.0533765998593766,0.150324650076731,0.0751623250383654,0.260720111662569,0.446726258951239,0.292553629386191,30,5,15,10,23,5,12,6,17,14,3,0,32,3,13,16
90,1,0.260869565217391,0.521739130434783,0.217391304347826,0.142949547263664,0.37919455399268,0.18959727699634,0.0712722882210514,0.677295599794577,0.251432111984371,0.139111421646943,0.391844917250661,0.195922458625331,0.0649471065920608,0.604248042652442,0.330804850755498,0.133114883414639,0.356171810827309,0.178085905413654,0.0827836598037371,0.663634859790417,0.253581480405846,0.140674021919113,0.374370709382151,0.187185354691076,0.0736842105263158,0.673684210526316,0.252631578947368,0.139653541997567,0.370084724908797,0.185042362454398,0.075827202762993,0.674044596902089,0.250128200334918,20,0,18,2,20,1,13,6,31,5,21,5,24,1,12,11
90,2,0.260869565217391,0.521739130434783,0.217391304347826,0.0746795981147822,0.190120842130777,0.0950604210653885,0.165809144152003,0.60912157832037,0.225069277527627,0.0326367894967422,0.0921372482769853,0.0460686241384927,0.235385468367452,0.567807754573275,0.196806777059273,0.074200896320937,0.185913539480607,0.0929567697403034,0.167912795477088,0.610383126196179,0.221704078326733,0.0709997026893675,0.173913043478261,0.0869565217391305,0.173913043478261,0.608695652173913,0.217391304347826,0.0759837725992535,0.186674791660462,0.0933373958302312,0.16753216938716,0.614520716487009,0.217947114125831,21,0,12,9,25,8,13,4,27,4,21,2,19,4,10,5
90,3,0.260869565217391,0.521739130434783,0.217391304347826,0.0805011720395025,0.220192491582942,0.110096245791471,0.230916671879649,0.631835376226254,0.137247951894097,0.116648797402125,0.326414380027278,0.163207190013639,0.158457972975568,0.684946320448421,0.15659570657601,0.0996857527042615,0.267996904495054,0.133998452247527,0.231806931386204,0.65573758268231,0.112455485931486,0.102562648579724,0.25296442687747,0.126482213438735,0.262626262626263,0.646464646464647,0.0909090909090909,0.0759105015962213,0.203055284777648,0.101527642388824,0.240316830599106,0.623266772823607,0.136416396577288,21,3,13,5,28,2,25,1,22,2,19,1,28,19,7,2
90,4,0.260869565217391,0.521739130434783,0.217391304347826,0.08933426325631,0.244983911528505,0.122491955764253,0.138377609453139,0.556195064138001,0.30542732640886,0.118133171244582,0.322190813449621,0.161095406724811,0.141989477744699,0.479523811182665,0.378486711072637,0.0850116011372264,0.230392054339248,0.115196027169624,0.145673538047768,0.549540080655501,0.304786381296731,0.0914160721987627,0.251468860164512,0.125734430082256,0.135135135135135,0.558558558558559,0.306306306306306,0.0889925157264306,0.244653855773239,0.122326927886619,0.138542637330772,0.557278507694956,0.304178854974272,25,3,10,12,28,1,22,5,30,4,14,12,28,7,16,5
90,5,0.260869565217391,0.521739130434783,0.217391304347826,0.0971905388028564,0.24491225728224,0.12245612864112,0.145582517666878,0.514570049344176,0.339847432988946,0.156939819215272,0.432209642179903,0.216104821089951,0.109008593759698,0.457495280802525,0.433496125437777,0.0916172292699342,0.238787337634826,0.119393668817413,0.157590177723901,0.50562484911086,0.336784973165239,0.107503984441133,0.277861069465267,0.138930534732634,0.137931034482759,0.505747126436782,0.35632183908046,0.0988390063598566,0.252797662700027,0.126398831350014,0.145986251253664,0.510223613048496,0.34379013569784,24,6,16,2,21,3,9,9,28,2,11,15,14,1,8,5
91,1,0.217391304347826,0.565217391304348,0.217391304347826,0.0188637915361626,0.0496025956388496,0.0248012978194249,0.21350156999143,0.590018689123773,0.196479740884798,0.045437556729822,0.11501682139793,0.0575084106989652,0.159882893648861,0.618799894350673,0.221317212000466,0.0150418147185412,0.0416960304567983,0.0208480152283992,0.210628509759075,0.586065406532747,0.203306083708178,0.0255152699864684,0.0691912108461899,0.0345956054230949,0.225806451612903,0.591397849462366,0.182795698924731,0.0180609211349137,0.0498713642975543,0.0249356821487772,0.209714509630313,0.590153073453125,0.200132416916562,24,4,16,4,27,4,15,8,21,12,7,2,21,1,17,3
91,2,0.217391304347826,0.565217391304348,0.217391304347826,0.0402048078628582,0.0992572463099331,0.0496286231549666,0.267019927502793,0.564432014071541,0.168548058425667,0.0175087701839432,0.0447476418924448,0.0223738209462224,0.239765125294049,0.544843824626121,0.215391050079831,0.0423514912954678,0.104597839059338,0.0522989195296688,0.269690223877495,0.56434817055039,0.165961605572115,0.0336145462595707,0.0878438331854481,0.043921916592724,0.255102040816327,0.571428571428571,0.173469387755102,0.040313593218377,0.102518883260854,0.0512594416304272,0.264634237096202,0.569233900186399,0.166131862717399,31,6,20,5,21,4,10,7,23,10,8,5,23,5,18,0
91,3,0.217391304347826,0.565217391304348,0.217391304347826,0.0613181963541147,0.158649929074313,0.0793249645371566,0.208069295164992,0.495214435950025,0.296716268884983,0.076904436563175,0.216205987954398,0.108102993977199,0.173671581869126,0.50083411980585,0.325494298325025,0.0620146411636419,0.153862653246733,0.0769313266233666,0.215393459944868,0.490283909083939,0.294322630971193,0.0615237011596583,0.159276797244942,0.0796383986224709,0.207920792079208,0.495049504950495,0.297029702970297,0.0608635081083517,0.158227303941658,0.0791136519708288,0.207199806263902,0.496295237417444,0.296504956318655,31,4,15,12,23,4,13,6,28,5,13,10,19,8,9,2
91,4,0.217391304347826,0.565217391304348,0.217391304347826,0.0193204625655649,0.0537573517593568,0.0268786758796784,0.190512628468148,0.582907964104494,0.226579407427358,0.102984889989204,0.274642417935996,0.137321208967998,0.190754449396779,0.454533037287397,0.354712513315824,0.0145070391999205,0.0381902568114532,0.0190951284057266,0.1982961759421,0.581262134348728,0.220441689709172,0.0238448614477925,0.067435669920142,0.033717834960071,0.183673469387755,0.581632653061224,0.23469387755102,0.014010091671956,0.037053425836454,0.018526712918227,0.198864591429599,0.580563073331788,0.220572335238613,32,9,20,3,22,3,9,10,20,1,18,1,24,5,10,9
91,5,0.217391304347826,0.565217391304348,0.217391304347826,0.0715400046323696,0.192952567801595,0.0964762839007974,0.239243780156951,0.46874110740355,0.292015112439499,0.164221177227097,0.417805541354152,0.208902770677076,0.233964268686889,0.356314620627272,0.409721110685839,0.0807782536468878,0.220603278872348,0.110301639436174,0.24679623805221,0.454915751868174,0.298288010079617,0.0817647004411799,0.214546932141406,0.107273466070703,0.233644859813084,0.457943925233645,0.308411214953271,0.0798648189782571,0.216992708884456,0.108496354442228,0.244455115286011,0.45672103686212,0.29882384785187,29,10,16,3,21,2,15,4,35,8,10,17,22,5,8,9
92,1,0.173913043478261,0.608695652173913,0.217391304347826,0.0846374243236865,0.21575312854457,0.107876564272285,0.0660364792059758,0.707547468515541,0.226416052278483,0.0703485946560795,0.188246305257739,0.0941231526288695,0.0797898908493914,0.683668001668788,0.236542107481821,0.073516006440131,0.199299210519701,0.0996496052598507,0.0742634382184101,0.684198693314784,0.241537868466806,0.0846367400938273,0.215750615258408,0.107875307629204,0.0660377358490566,0.707547169811321,0.226415094339623,0.0846367945324505,0.215752199064635,0.107876099532318,0.0660369439459432,0.707546293107388,0.226416762946669,29,0,23,6,30,4,19,7,29,1,20,8,18,2,13,3
92,2,0.173913043478261,0.608695652173913,0.217391304347826,0.0591239014429869,0.157446696694772,0.0787233483473857,0.252636391825647,0.544932555879939,0.202431052294415,0.0403190706988018,0.103546371935908,0.0517731859679537,0.225686229446215,0.603499494276425,0.17081427627736,0.0563336182309433,0.151935432083677,0.0759677160418383,0.249880759520099,0.549929724861788,0.200189515618112,0.0528682784848259,0.14423740510697,0.0721187025534852,0.246031746031746,0.555555555555556,0.198412698412698,0.0639550324410629,0.164979656360542,0.0824898281802709,0.256402871658532,0.535326908192276,0.208270220149193,32,2,24,6,29,7,17,5,30,7,22,1,35,15,7,13
92,3,0.173913043478261,0.608695652173913,0.217391304347826,0.277064383003469,0.782036753664587,0.391018376832294,0.000209364187519696,0.999714029006207,7.66068062735985e-05,0.0353398315662621,0.0996083613496638,0.0498041806748319,0.223717224153093,0.580186175916029,0.196096599930878,0.052942210049185,0.148612866299736,0.0743064331498678,0.248219476628129,0.5794942845504,0.172286238821471,0.0446235610036578,0.120642381511947,0.0603211907559734,0.234234234234234,0.594594594594595,0.171171171171171,0.044625958047587,0.120648479054131,0.0603242395270654,0.234237283005326,0.594594472345777,0.171168244648897,27,6,13,8,27,8,18,1,27,5,18,4,30,7,17,6
92,4,0.173913043478261,0.608695652173913,0.217391304347826,0.0711623734305753,0.201160097786456,0.100580048893228,0.120645534877887,0.561383111881059,0.317971353241054,0.0165764559269559,0.0458083987810584,0.0229041993905292,0.151008844087732,0.62447401750557,0.224517138406698,0.0647170801373773,0.182420635407871,0.0912103177039357,0.134862207666997,0.556536170281241,0.308601622051762,0.072120812090819,0.203515263644773,0.101757631822387,0.117021276595745,0.563829787234043,0.319148936170213,0.0660734974868893,0.186659002682673,0.0933295013413367,0.123277935171559,0.566001259139279,0.310720805689163,25,4,17,4,24,1,10,13,28,5,18,5,17,1,8,8
92,5,0.173913043478261,0.608695652173913,0.217391304347826,0.00838233517716816,0.0232162654478321,0.011608132723916,0.181798877245946,0.597087519449997,0.221113603304057,0.0433969151796118,0.110493350066254,0.0552466750331271,0.169436888165967,0.55792513245308,0.272637979380953,0.0208063102968244,0.0576826529838958,0.0288413264919479,0.202754369970209,0.589226500353102,0.208019129676689,0.00934593379077138,0.0263800683927699,0.013190034196385,0.179775280898876,0.595505617977528,0.224719101123595,0.00881349040470756,0.0239606607475875,0.0119803303737938,0.182881493871761,0.596715321800119,0.220403184328119,20,5,15,0,23,5,13,5,28,4,15,9,18,2,10,6
93,1,0.130434782608696,0.652173913043478,0.217391304347826,0.0458098678108901,0.128713240750549,0.0643566203752744,0.0918155839977546,0.626436491279145,0.2817479247231,0.0425875078756072,0.106590226649144,0.0532951133245721,0.128082635232386,0.601230947095216,0.270686417672398,0.0539017072068414,0.152263965019764,0.0761319825098818,0.0956902351744996,0.610786477967792,0.293523286857708,0.0453215468827604,0.127717391304348,0.0638586956521739,0.09375,0.625,0.28125,0.0459991139250222,0.129490251055995,0.0647451255279976,0.0925914554462205,0.625272114677956,0.282136429875824,27,5,14,8,28,0,18,10,20,3,12,5,21,1,16,4
93,2,0.130434782608696,0.652173913043478,0.217391304347826,0.113355109964356,0.320499158890743,0.160249579445372,0.046551582552781,0.575807533654021,0.377640883793198,0.239936026444678,0.65306126875684,0.32653063437842,0.0470897618929838,0.40898829938077,0.543921938726246,0.117275935455233,0.331593442904856,0.165796721452428,0.0437876991574007,0.573024275042345,0.383188025800254,0.125213221296619,0.353096179183136,0.176548089591568,0.0303030303030303,0.575757575757576,0.393939393939394,0.116590879608841,0.329767191505653,0.164883595752826,0.0484398635288448,0.569285236370503,0.382274900100652,19,0,13,6,20,1,8,11,33,2,12,19,27,0,24,3
93,3,0.130434782608696,0.652173913043478,0.217391304347826,0.0701178514043381,0.177320005074496,0.0886600025372481,0.124566744250363,0.569381948864563,0.306051306885074,0.135042022181652,0.342885689964603,0.171442844982302,0.117583345781365,0.493582504888507,0.388834149330128,0.0566865413593629,0.146640194699932,0.0733200973499659,0.121849071866668,0.58743952643554,0.290711401697792,0.0557362646009444,0.149288187764525,0.0746440938822624,0.115044247787611,0.592920353982301,0.292035398230089,0.0566303316804861,0.146585955694959,0.0732929778474797,0.121745336590983,0.587570381213711,0.290684282195306,34,1,26,7,32,6,22,4,24,1,12,11,23,5,7,11
93,4,0.130434782608696,0.652173913043478,0.217391304347826,0.0253797143235326,0.0693494709841976,0.0346747354920988,0.165109518100794,0.64286411576619,0.192026366133015,0.0750086350776547,0.198047740230237,0.0990238701151185,0.229458652723814,0.569720395375375,0.200820951900811,0.0230237691380461,0.0648516451098787,0.0324258225549394,0.162860605163635,0.638523313556122,0.198616081280243,0.0359596163398586,0.0950626381724393,0.0475313190862196,0.177966101694915,0.644067796610169,0.177966101694915,0.026149008734351,0.0708026251854445,0.0354013125927223,0.165836095201418,0.643731565810765,0.190432338987817,31,0,27,4,24,4,14,6,27,8,15,4,36,9,20,7
93,5,0.130434782608696,0.652173913043478,0.217391304347826,0.100735972909567,0.283901503410946,0.141950751705473,0.0490146748425011,0.794124664748951,0.156860660408548,0.100730051081251,0.283885277809201,0.1419426389046,0.0490217089050337,0.794116551948079,0.156861739146888,0.0739521951605372,0.207635424453596,0.103817712226798,0.0675804833983434,0.755991625270276,0.176427891331381,0.100730930028435,0.28388746803069,0.141943734015345,0.0490196078431373,0.794117647058823,0.156862745098039,0.100730381250763,0.283885629012647,0.141942814506323,0.0490186341953281,0.794116727549802,0.15686463825487,17,0,14,3,33,2,27,4,29,2,21,6,23,1,19,3
94,1,0.0869565217391304,0.695652173913043,0.217391304347826,0.117605642506424,0.327219632679888,0.163609816339944,0.14286738190709,0.532042357573099,0.32509026051981,0.119917464193959,0.298037332337084,0.149018666168542,0.0825569253401148,0.551033104143517,0.366409970516368,0.0908154303255235,0.245761566637045,0.122880783318522,0.116048831599237,0.572771390594521,0.311179777806242,0.100346837109606,0.275514874141876,0.137757437070938,0.126315789473684,0.557894736842105,0.315789473684211,0.107944459423182,0.298433073035702,0.149216536517851,0.133657292753457,0.546435637395193,0.31990706985135,22,8,12,2,29,1,17,11,24,0,21,3,20,3,3,14
94,2,0.0869565217391304,0.695652173913043,0.217391304347826,0.101561003532368,0.258576424428402,0.129288212214201,0.0764915148732899,0.576828968564683,0.346679516562027,0.0317539113797348,0.0875929152377525,0.0437964576188763,0.130752979358007,0.665159234119717,0.204087786522276,0.0886754598460767,0.23609047058647,0.118045235293235,0.0645944767393399,0.599968983619599,0.335436539641061,0.103321920917449,0.269762845849802,0.134881422924901,0.0681818181818182,0.579545454545455,0.352272727272727,0.0975481571100896,0.246783142029869,0.123391571014935,0.0786868963520745,0.580530228285165,0.340782875362761,23,1,20,2,24,5,15,4,22,0,5,17,19,0,11,8
94,3,0.0869565217391304,0.695652173913043,0.217391304347826,0.0499975075621541,0.136221670176656,0.0681108350883282,0.0693422644739553,0.64515559608989,0.285502139436154,0.110446333841306,0.290162554921884,0.145081277460942,0.0645273206871356,0.573000097504096,0.362472581808768,0.0584253624397965,0.150494781749168,0.0752473908745842,0.0788905171666207,0.628470787610969,0.29263869522241,0.0648561200370809,0.179078777442962,0.0895393887214808,0.0594059405940594,0.633663366336634,0.306930693069307,0.0583619473624315,0.15680301709734,0.0784015085486703,0.0700958199014487,0.634111367202055,0.295792812896496,20,0,13,7,35,2,17,16,22,2,19,1,24,2,15,7
94,4,0.0869565217391304,0.695652173913043,0.217391304347826,0.12596649886913,0.352358223841478,0.176179111920739,0.0217149120351441,0.584714671696291,0.393570416268565,0.140092264524669,0.387189077865709,0.193594538932854,0.0266233406475177,0.562390816071802,0.41098584328068,0.12994304068482,0.361638308625179,0.180819154312589,0.0249391232397328,0.576850418099852,0.398210458660415,0.127516385549655,0.355915065722952,0.177957532861476,0.0232558139534884,0.581395348837209,0.395348837209302,0.127576027501094,0.356582010041024,0.178291005020512,0.0217422192828117,0.58257547134885,0.395682309368338,26,0,13,13,25,2,15,8,14,0,11,3,21,0,11,10
94,5,0.0869565217391304,0.695652173913043,0.217391304347826,0.0376102577646093,0.0981662154059759,0.0490831077029879,0.0378734140361425,0.702447358069775,0.259679227894083,0.0507174734822738,0.136746834537599,0.0683734172687996,0.0185831044703308,0.711071889371186,0.270345006158483,0.0396054117520489,0.105929603006481,0.0529648015032406,0.0339917202358899,0.706357049150004,0.259651230614106,0.0140331310100953,0.0358056265984655,0.0179028132992327,0.0705882352941176,0.694117647058824,0.235294117647059,0.0412527967536727,0.103761901472957,0.0518809507364784,0.035075571002652,0.698484964996416,0.266439464000932,26,0,19,7,25,0,18,7,15,0,14,1,19,6,8,5
95,1,0.0434782608695652,0.739130434782609,0.217391304347826,0.04069708130429,0.108798702960527,0.0543993514802635,2.48120598023356e-06,0.72820686296593,0.27179065582809,0.0333005765121796,0.0869560605444474,0.0434780302722237,2.30597341504565e-07,0.745196598971908,0.25480317043075,0.0383913001606689,0.0998063338913542,0.0499031669456772,3.89848443133226e-06,0.732701630222065,0.267294471293503,0.0553183201671083,0.156126482213439,0.0780632411067194,0,0.704545454545455,0.295454545454545,0.0456895084892604,0.1262692642692,0.0631346321346001,2.52559958191655e-06,0.719471537917992,0.280525936482426,23,0,8,15,19,0,19,0,23,0,16,7,23,0,19,4
95,2,0.0434782608695652,0.739130434782609,0.217391304347826,0.0529414434538701,0.149052022969387,0.0745260114846936,2.37643803725065e-06,0.813656446267302,0.18634117729466,0.197632453454039,0.521683700450559,0.26084185022528,2.05868596308677e-20,0.999972285007888,2.77149921116496e-05,0.0465525893410081,0.129104799642246,0.064552399821123,1.34136028063359e-06,0.803682834603732,0.196315824035988,0.0480665709544358,0.133984028393966,0.0669920141969832,0,0.806122448979592,0.193877551020408,0.0480271718521901,0.133858929102076,0.066929464551038,1.08956236106814e-06,0.806059899333647,0.193939011103992,25,0,21,4,28,0,17,11,18,0,17,1,27,0,24,3
95,3,0.0434782608695652,0.739130434782609,0.217391304347826,0.0926229789286967,0.253354574953203,0.126677287476602,0.0779521689150439,0.612453147306007,0.309594683778949,0.150740794335023,0.390073176778801,0.195036588389401,0.0664665107385156,0.544093846393208,0.389439642868276,0.071342810004819,0.191797110859223,0.0958985554296115,0.0642743599682154,0.643231879352997,0.292493760678787,0.0797871518066939,0.196796338672769,0.0983981693363844,0.0421052631578947,0.642105263157895,0.315789473684211,0.0764464682471298,0.211086336036526,0.105543168018263,0.0759625699337801,0.633587266764346,0.290450163301875,20,2,6,12,26,0,16,10,20,1,12,7,29,1,27,1
95,4,0.0434782608695652,0.739130434782609,0.217391304347826,0.0174311072685712,0.0465251785897656,0.0232625892948829,0.0389112570843306,0.720434849272961,0.240653893642709,0.131771607205029,0.335497763365527,0.167748881682764,0.0298951368371001,0.58496467713231,0.38514018603059,0.0298832587163942,0.0799476502257346,0.0399738251128673,0.0353692145630456,0.707265655976261,0.257365129460693,0.0426165804924676,0.119672836848902,0.0598364184244512,0.0198019801980198,0.702970297029703,0.277227722772277,0.029702390182127,0.0760664393585591,0.0380332196792796,0.0399035947034957,0.704671881269399,0.255424524027106,19,0,19,0,26,1,14,11,25,0,20,5,31,1,18,12
95,5,0.0434782608695652,0.739130434782609,0.217391304347826,0.0105519982941504,0.02625193072253,0.013125965361265,0.0566042262308302,0.726419381103624,0.216976392665546,0.0186302515553974,0.0459524626490902,0.0229762313245451,0.0664544921941103,0.716475448246325,0.217070059559564,0.0245589071194903,0.0651618767870053,0.0325809383935026,0.0701885054192077,0.706549496389106,0.223261998191686,0.0105534703283582,0.0262510254306809,0.0131255127153404,0.0566037735849057,0.726415094339623,0.216981132075472,0.0105521936495704,0.0262515312858641,0.0131257656429321,0.0566040265124973,0.726418658284865,0.216977315202638,26,2,22,2,27,1,19,7,26,0,18,8,27,3,18,6
96,1,0.695652173913043,0.0434782608695652,0.260869565217391,0.0547584837038937,0.144990199039712,0.0724950995198558,0.623157074393188,0.0561444044897177,0.320698521117095,0.0520730159032223,0.135079891085266,0.067539945542633,0.754841928252255,0.0518284520729867,0.193329619674758,0.0585648863664097,0.145997080243868,0.0729985401219342,0.622653633791109,0.0460927448501174,0.331253621358773,0.0670045000322715,0.173913043478261,0.0869565217391304,0.619565217391304,0.0326086956521739,0.347826086956522,0.0669707105635961,0.176239317491201,0.0881196587456005,0.607532515167443,0.0574746836321917,0.334992801200365,21,14,0,7,27,7,1,19,22,18,2,2,22,18,0,4
96,2,0.695652173913043,0.0434782608695652,0.260869565217391,0.0342921729112967,0.096626228210945,0.0483131141054725,0.716160178027819,0.0712833708602624,0.212556451111919,0.10548220341939,0.26741507778684,0.13370753889342,0.819790002133663,0.0530479715423654,0.127162026323971,0.0452525811020779,0.127893472840501,0.0639467364202503,0.725433437997112,0.0776437332057469,0.196922828797141,0.0455496873417583,0.117483811285846,0.0587419056429232,0.702127659574468,0.0957446808510638,0.202127659574468,0.0377600692301122,0.102857774327853,0.0514288871639266,0.708915255472947,0.0816440664735879,0.209440678053465,23,20,1,2,22,10,0,12,16,14,0,2,33,22,8,3
96,3,0.695652173913043,0.0434782608695652,0.260869565217391,0.0541522388259974,0.143178272463464,0.0715891362317322,0.636300353516878,0.0312409450339983,0.332458701449123,0.0984465986946835,0.244720574209186,0.122360287104593,0.576951866099949,0.0398182815780671,0.383229852321984,0.0540303628513512,0.139708157043765,0.0698540785218827,0.633906746367811,0.0353696098929146,0.330723643739274,0.0511986137178426,0.139130434782609,0.0695652173913043,0.643478260869565,0.0260869565217391,0.330434782608696,0.0508776174397504,0.136027830913005,0.0680139154565026,0.641313506647098,0.0298030126790082,0.328883480673894,25,16,2,7,30,25,0,5,36,23,0,13,24,10,1,13
96,4,0.695652173913043,0.0434782608695652,0.260869565217391,0.0301227614179683,0.0817561979400339,0.0408780989700169,0.705708213159499,0.0743003205931263,0.219991466247374,0.0587083232781304,0.156224454804484,0.078112227402242,0.710339028682274,0.106903633502577,0.182757337815149,0.0311192640920688,0.0785042570989803,0.0392521285494902,0.693261703614098,0.0827303894190554,0.224007906966847,0.0347156448942502,0.0880041906757465,0.0440020953378732,0.698795180722892,0.0843373493975904,0.216867469879518,0.0327089740272547,0.0847078966805078,0.0423539483402539,0.700722541740841,0.0807618413820214,0.218515616877137,28,17,5,6,26,21,2,3,17,9,0,8,12,11,0,1
96,5,0.695652173913043,0.0434782608695652,0.260869565217391,0.0573276759831744,0.159840393652427,0.0799201968262136,0.723811202252118,0.0952394293567042,0.180949368391178,0.0489190849521652,0.134763848216623,0.0673819241083116,0.715764751069427,0.0907476078214929,0.19348764110908,0.061598166832085,0.150965316827113,0.0754826584135568,0.695570869198116,0.118960919283122,0.185468211518762,0.057325599714549,0.159834368530021,0.0799171842650103,0.723809523809524,0.0952380952380952,0.180952380952381,0.0573257230579505,0.159833960187244,0.0799169800936219,0.723807486179613,0.0952399286966174,0.180952585123769,26,18,2,6,26,16,2,8,25,20,2,3,28,22,4,2
97,1,0.652173913043478,0.0869565217391304,0.260869565217391,0.0498705184966982,0.134760126300283,0.0673800631501416,0.667820989203583,0.138689508729168,0.19348950206725,0.11720710229521,0.29027916707473,0.145139583537365,0.507034329506113,0.228859806212348,0.264105864281538,0.0531369259060227,0.146267253587645,0.0731336267938223,0.673777310516889,0.138486751059542,0.187735938423569,0.0607334909119708,0.165303486870426,0.0826517434352131,0.673267326732673,0.148514851485149,0.178217821782178,0.0506717119092157,0.136395349886573,0.0681976749432866,0.667213856765399,0.140114252960496,0.192671890274105,24,20,2,2,27,13,9,5,26,24,0,2,24,11,4,9
97,2,0.652173913043478,0.0869565217391304,0.260869565217391,0.0766737003012853,0.214380117415978,0.107190058707989,0.544983854335489,0.154729102449773,0.300287043214737,0.236676533486552,0.668545171973961,0.334272585986981,0.317901327056498,0.268926929064078,0.413171743879424,0.0804471431340921,0.227157393497101,0.113578696748551,0.538595216294928,0.138042889197144,0.323361894507929,0.0904316008849675,0.255567338282078,0.127783669141039,0.524390243902439,0.146341463414634,0.329268292682927,0.086999049418891,0.244459362689128,0.122229681344564,0.529944231698914,0.160244309815009,0.309811458486077,22,15,0,7,19,6,2,11,17,16,1,0,24,6,9,9
97,3,0.652173913043478,0.0869565217391304,0.260869565217391,0.0684868954531487,0.193627345180599,0.0968136725902994,0.748987585633778,0.0360967539529866,0.214915660413236,0.0737087889782965,0.202864878219305,0.101432439109652,0.753606352153131,0.0154298821700289,0.23096376567684,0.0695963403065548,0.196656861594993,0.0983284307974964,0.750502343840975,0.0340352265202099,0.215462429638815,0.0598629403752228,0.160768452982811,0.0803842264914054,0.732558139534884,0.0697674418604651,0.197674418604651,0.0662600725656994,0.186950430149482,0.0934752150747412,0.745649128118219,0.034528224466255,0.219822647415526,26,18,0,8,23,18,0,5,20,13,6,1,17,14,0,3
97,4,0.652173913043478,0.0869565217391304,0.260869565217391,0.0687914126065047,0.192014213804448,0.096007106902224,0.61778521327488,0.0253381146055047,0.356876672119615,0.0574471755086773,0.151245639244992,0.0756228196224962,0.588649494362308,0.0748581207978048,0.336492384839887,0.0704421675179023,0.197335411894178,0.098667705947089,0.614742215306882,0.025720513528638,0.35953727116448,0.0627581850233712,0.17728999577881,0.0886449978894048,0.611650485436893,0.0388349514563107,0.349514563106796,0.0698875273951314,0.195489900769468,0.0977449503847338,0.615983836434278,0.0254016479635968,0.358614515602125,27,12,0,15,26,14,4,8,28,21,0,7,22,16,0,6
97,5,0.652173913043478,0.0869565217391304,0.260869565217391,0.0958626014129708,0.237187532205195,0.118593766102598,0.768357494941651,0.0893667059435555,0.142275799114794,0.0795806730689834,0.214065506804523,0.107032753402261,0.735816981622687,0.110346206562183,0.15383681181513,0.0838121278541147,0.216340354416501,0.10817017720825,0.748224686858302,0.0990759251325567,0.152699388009141,0.0940527372988489,0.233450842146494,0.116725421073247,0.765765765765766,0.0900900900900901,0.144144144144144,0.0943474538312662,0.235256385100484,0.117628192550242,0.765530371796647,0.0912282555362035,0.143241372667149,28,22,3,3,33,24,5,4,22,21,0,1,28,18,2,8
98,1,0.608695652173913,0.130434782608696,0.260869565217391,0.0280111150495656,0.0789131001502083,0.0394565500751041,0.631476686882337,0.147110297975376,0.221413015142287,0.0836783426987507,0.228913524769586,0.114456762384793,0.57750253002589,0.244891544993489,0.177605924980622,0.0240746907732925,0.0675888002767623,0.0337944001383811,0.629176145869046,0.143748689051944,0.22707516507901,0.0355441328978433,0.0986622073578595,0.0493311036789298,0.625,0.163461538461538,0.211538461538462,0.0265142826291184,0.0742184143679711,0.0371092071839856,0.631907597458028,0.144332044508566,0.223760358033406,27,14,8,5,28,18,0,10,23,13,7,3,26,20,2,4
98,2,0.608695652173913,0.130434782608696,0.260869565217391,0.0202026787783572,0.0533150623657151,0.0266575311828576,0.613121925521118,0.103777251425838,0.283100823053044,0.0068711112262636,0.0178576927503941,0.00892884637519709,0.61762449854911,0.129290755637157,0.253084745813733,0.0206059120638311,0.0555869859665543,0.0277934929832772,0.602384861707384,0.108952080091947,0.288663058200668,0.0201805869573272,0.0533223954060705,0.0266611977030353,0.613207547169811,0.10377358490566,0.283018867924528,0.0201973470979929,0.053416230560344,0.026708115280172,0.613280064534344,0.103726667328524,0.282993268137133,23,15,4,4,33,22,4,7,22,11,3,8,28,17,0,11
98,3,0.608695652173913,0.130434782608696,0.260869565217391,0.0894739715333246,0.249909829328851,0.124954914664426,0.528952930614823,0.0852225895033597,0.385824479881817,0.141402468973795,0.368864042032704,0.184432021016352,0.424263631157561,0.155713437584286,0.420022931258152,0.0898651616530459,0.249971033840278,0.124985516920139,0.526263326553387,0.0878815913090829,0.38585508213753,0.0835051309634976,0.223358908780904,0.111679454390452,0.519607843137255,0.107843137254902,0.372549019607843,0.0900292438847325,0.250425948126625,0.125212974063312,0.526109663738314,0.0878077969809824,0.386082539280704,22,12,0,10,28,9,5,14,26,18,0,8,26,14,6,6
98,4,0.608695652173913,0.130434782608696,0.260869565217391,0.0903732494536395,0.254862796275548,0.127431398137774,0.553460248011672,0.0582387886331623,0.388300963355165,0.0943929908466765,0.266983564060842,0.133491782030421,0.541834960339542,0.0638036924126462,0.394361347247812,0.0901008479159904,0.254543319736205,0.127271659868102,0.539703737981359,0.0721550369331468,0.388141225085494,0.0904051138178985,0.254959898691431,0.127479949345715,0.553398058252427,0.058252427184466,0.388349514563107,0.090393216772278,0.254924105086232,0.127462052543116,0.553418579343319,0.0582498028961736,0.388331617760507,22,14,0,8,28,16,3,9,26,14,2,10,27,13,1,13
98,5,0.608695652173913,0.130434782608696,0.260869565217391,0.044404330207635,0.118184240765963,0.0590921203829814,0.656645728048549,0.141576827117041,0.20177744483441,0.0755028738958278,0.212748533829235,0.106374266914618,0.669908522580386,0.17559617911684,0.154495298302774,0.0426615646535114,0.11303762509613,0.056518812548065,0.655237058315195,0.140412189015478,0.204350752669326,0.0382328619492347,0.101739130434783,0.0508695652173913,0.65,0.14,0.21,0.0441141778244886,0.115871894831097,0.0579359474155487,0.657705096024693,0.139361286173464,0.202933617801843,31,21,4,6,22,13,6,3,23,18,4,1,24,13,0,11
99,1,0.565217391304348,0.173913043478261,0.260869565217391,0.0770824478997146,0.217287354735089,0.108643677367544,0.456573713936803,0.235978859651735,0.307447426411462,0.143880927023286,0.405028695137707,0.202514347568854,0.362703043735494,0.292303109989586,0.34499384627492,0.0812515382083405,0.229460071356002,0.114730035678001,0.450487355626347,0.236799191348843,0.31271345302481,0.0733019434222333,0.205703599812997,0.102851799906498,0.462365591397849,0.236559139784946,0.301075268817204,0.078677445273544,0.222047244750879,0.111023622375439,0.454193768928909,0.235790940444082,0.310015290627009,27,7,8,12,25,10,8,7,17,7,5,5,24,19,1,4
99,2,0.565217391304348,0.173913043478261,0.260869565217391,0.083463810231863,0.22821768710161,0.114108843550805,0.679326234855153,0.14300609376526,0.177667671379587,0.139175797329309,0.385561288381518,0.192780644190759,0.757998035495107,0.111896712457826,0.130105252047067,0.0680507397226179,0.180988446254528,0.0904942231272643,0.655711614431612,0.157028785273166,0.187259600295222,0.0801779592718803,0.222506393861893,0.111253196930946,0.676470588235294,0.137254901960784,0.186274509803922,0.0776130531497683,0.211478823574093,0.105739411787047,0.670956803091394,0.146539643690528,0.182503553218077,31,13,7,11,21,15,2,4,27,22,3,2,23,19,2,2
99,3,0.565217391304348,0.173913043478261,0.260869565217391,0.0453070131069779,0.119279009880472,0.0596395049402358,0.624856896244584,0.123809424441916,0.2513336793135,0.0941280501011046,0.240916476927393,0.120458238463696,0.674512734289625,0.0534548050145644,0.272032460695811,0.0904094208556483,0.24377820074925,0.121889100374625,0.687106491678973,0.0795307828941664,0.233362725426861,0.0653616392639397,0.183290707587383,0.0916453537936914,0.656862745098039,0.117647058823529,0.225490196078431,0.0677254445233527,0.177776469293058,0.0888882346465292,0.654105625950877,0.098577745214536,0.247316628834587,16,4,10,2,26,24,1,1,35,24,1,10,25,15,0,10
99,4,0.565217391304348,0.173913043478261,0.260869565217391,0.0228065619246397,0.056159780617476,0.028079890308738,0.593297281613086,0.173615322322232,0.233087396064682,0.0550548570856151,0.155632221375871,0.0778161106879356,0.643033501992283,0.137251234142296,0.21971526386542,0.0341095456837752,0.089152372305663,0.0445761861528315,0.609793577457179,0.167590988770251,0.22261543377257,0.0349687899220011,0.0906178489702518,0.0453089244851259,0.610526315789474,0.168421052631579,0.221052631578947,0.0296001419684983,0.0736408894121567,0.0368204447060784,0.602037836010426,0.172749378624266,0.225212785365308,27,19,3,5,25,22,2,1,20,10,1,9,23,7,10,6
99,5,0.565217391304348,0.173913043478261,0.260869565217391,0.0663289311150697,0.174803895007646,0.087401947503823,0.492021242799509,0.159707244479277,0.348271512721214,0.148692336963033,0.400175295351501,0.20008764767575,0.409157350680787,0.129885436426071,0.460957212893142,0.0643284974823884,0.180100790695851,0.0900503953479255,0.508992724635196,0.140087314799488,0.350919960565317,0.0740977116310998,0.209443665264142,0.104721832632071,0.516129032258065,0.118279569892473,0.365591397849462,0.062151375499769,0.165189098510832,0.0825945492554163,0.497885609964568,0.158650275562624,0.343464114472808,25,15,1,9,24,21,2,1,23,4,6,13,21,8,2,11
100,1,0.521739130434783,0.217391304347826,0.260869565217391,0.105278688399563,0.259296339874081,0.129648169937041,0.649958147146153,0.218820457573497,0.131221395280351,0.0904425824686604,0.240454796831179,0.12022739841559,0.641966528850372,0.195077348367532,0.162956122782096,0.1010614808534,0.248524424051599,0.1242622120258,0.646001342460582,0.216410107290416,0.137588550249002,0.0905829903384118,0.234299516908213,0.117149758454106,0.638888888888889,0.203703703703704,0.157407407407407,0.0998414431746822,0.246032199886041,0.12301609994302,0.643270092939021,0.218876441786608,0.137853465274371,20,15,2,3,34,17,5,12,25,13,10,2,29,24,5,0
100,2,0.521739130434783,0.217391304347826,0.260869565217391,0.115504352757941,0.318357606473631,0.159178803236815,0.362560327197967,0.26522437259606,0.372215300205973,0.0947003758910651,0.232922815626787,0.116461407813394,0.40623891318586,0.216430113783355,0.377330973030785,0.113108383124269,0.31257825338612,0.15628912669306,0.365450003741722,0.266030933232134,0.368519063026144,0.116671437475593,0.323478260869565,0.161739130434783,0.36,0.27,0.37,0.113572086143361,0.31304914046368,0.15652457023184,0.365214560202943,0.264461085368439,0.370324354428618,24,6,13,5,22,6,3,13,25,12,5,8,29,12,6,11
100,3,0.521739130434783,0.217391304347826,0.260869565217391,0.0757367972039188,0.194607721467393,0.0973038607336967,0.609160413269777,0.227273882246529,0.163565704483695,0.0497440532834559,0.123385537825772,0.0616927689128858,0.581863628790466,0.218959574905029,0.199176796304505,0.077800559488375,0.212184254884052,0.106092127442026,0.600038628697952,0.245183933526683,0.154777437775365,0.0756797446329079,0.194466403162055,0.0972332015810277,0.609090909090909,0.227272727272727,0.163636363636364,0.0756829919647988,0.194478604427111,0.0972393022135557,0.609091990650558,0.227277746345607,0.163630263003836,31,17,6,8,27,15,6,6,25,18,7,0,27,17,6,4
100,4,0.521739130434783,0.217391304347826,0.260869565217391,0.0828626893519986,0.230565281883131,0.115282640941566,0.597595072864922,0.102108663406261,0.300296263728817,0.0952605895388742,0.234108438609945,0.117054219304973,0.638793349739755,0.101109522277272,0.260097127982973,0.0674616033971502,0.189044089337471,0.0945220446687354,0.580215731358897,0.122869259679091,0.296915008962013,0.0845314004140156,0.234782608695652,0.117391304347826,0.6,0.1,0.3,0.0830243475685699,0.230262170824148,0.115131085412074,0.599259329556261,0.102260218935752,0.298480451507987,18,11,1,6,26,10,3,13,35,23,3,9,31,22,4,5
100,5,0.521739130434783,0.217391304347826,0.260869565217391,0.0250073489986312,0.0701872848747086,0.0350936424373542,0.486645487997428,0.238730018401007,0.274624493601565,0.0125934909335883,0.0341991636293815,0.0170995818146907,0.508876886958008,0.234490886162517,0.256632226879476,0.0303876505229733,0.0833721624053247,0.0416860812026624,0.48005304923212,0.247279616196241,0.272667334571639,0.0263297630858952,0.0726044744617982,0.0363022372308991,0.485436893203884,0.242718446601942,0.271844660194175,0.0251664299317117,0.0688260920807481,0.034413046040374,0.487326084394409,0.242461063974459,0.270212851631132,17,6,2,9,36,18,8,10,32,15,12,5,18,11,3,4
101,1,0.478260869565217,0.260869565217391,0.260869565217391,0.042362185927691,0.114356405818342,0.0571782029091709,0.465157956438192,0.216794275435246,0.318047768126562,0.0216271764536636,0.0611151401227956,0.0305575700613978,0.464112715329219,0.244460149391991,0.291427135278789,0.0414855133017948,0.116292119639078,0.0581460598195388,0.4559589929152,0.225025382047869,0.31901562503693,0.0432922559361545,0.117436127297176,0.0587180636485881,0.463917525773196,0.216494845360825,0.319587628865979,0.0430986487465658,0.116818222047932,0.0584091110239661,0.464140149696475,0.216581174062168,0.319278676241357,24,15,4,5,29,11,9,9,27,11,3,13,17,8,5,4
101,2,0.478260869565217,0.260869565217391,0.260869565217391,0.0334054944420562,0.0938712284612946,0.0469356142306473,0.497072854951644,0.288993194061612,0.213933950986744,0.0269267989992751,0.0719853776958733,0.0359926888479366,0.471033625319201,0.232104120615471,0.296862254065328,0.0361989224005702,0.0996451596039022,0.0498225798019512,0.492982660908736,0.295970353675824,0.21104698541544,0.0180015946120538,0.0486208508648901,0.024310425432445,0.483870967741935,0.279569892473118,0.236559139784946,0.0350494020368876,0.0968112322849821,0.0484056161424911,0.493224461267396,0.294311589657703,0.2124639490749,26,15,11,0,21,10,5,6,26,8,7,11,20,12,3,5
101,3,0.478260869565217,0.260869565217391,0.260869565217391,0.048632755691712,0.133494091202621,0.0667470456013107,0.459251932274664,0.213131456906634,0.327616610818702,0.10098234016661,0.269843539553574,0.134921769776787,0.370263130229146,0.233945534776676,0.395791334994178,0.0429337674637313,0.118817829131659,0.0594089145658296,0.459414507673626,0.220307012543153,0.320278479783221,0.0516696495282533,0.130892448512586,0.0654462242562929,0.473684210526316,0.2,0.326315789473684,0.0459481244832012,0.122730615566212,0.0613653077831061,0.466086847870537,0.211678279128965,0.322234873000497,20,8,5,7,28,10,7,11,20,6,4,10,27,21,3,3
101,4,0.478260869565217,0.260869565217391,0.260869565217391,0.031859492448221,0.0854253341726647,0.0427126670863324,0.469324759102434,0.227093008593842,0.303582232303724,0.0598715410174336,0.169228795211908,0.084614397605954,0.51788386941143,0.176255167611437,0.305860962977132,0.0366590172178016,0.102946137939268,0.0514730689696342,0.45788322425616,0.229774141556815,0.312342634187026,0.0247271198788135,0.0687370600414079,0.0343685300207039,0.466666666666667,0.238095238095238,0.295238095238095,0.0356871316705068,0.0996186740511855,0.0498093370255928,0.460401022491274,0.228920075265742,0.310678902242984,30,16,7,7,26,5,13,8,15,11,1,3,34,17,4,13
101,5,0.478260869565217,0.260869565217391,0.260869565217391,0.0806370071633883,0.212872888062089,0.106436444031044,0.584697313596262,0.243104875084071,0.172197811319667,0.193370299328636,0.538192269286953,0.269096134643477,0.747357004208694,0.16849449557929,0.0841485002120156,0.127539102092314,0.340914003324724,0.170457001662362,0.64871787122758,0.226706138379875,0.124575990392546,0.114157632080521,0.310144927536232,0.155072463768116,0.633333333333333,0.222222222222222,0.144444444444444,0.0855609074273656,0.223780858403297,0.111890429201648,0.590151298766866,0.244816733467112,0.165031967766022,21,17,3,1,21,2,9,10,21,19,0,2,27,19,8,0
102,1,0.434782608695652,0.304347826086957,0.260869565217391,0.0697616272161011,0.196167765279254,0.0980838826396269,0.532866491335279,0.246103117655599,0.221030391009122,0.0430387097454992,0.119093764004314,0.059546882002157,0.453641727101998,0.2448009440848,0.301557328813202,0.0624931661711785,0.176336308619321,0.0881681543096607,0.522950763005313,0.254983961874991,0.222065275119696,0.067608130284211,0.180939833113746,0.0904699165568731,0.525252525252525,0.232323232323232,0.242424242424242,0.0644043247763378,0.180676984354168,0.0903384921770841,0.525121100872736,0.249124068661597,0.225754830465667,23,14,4,5,29,11,9,9,22,17,5,0,25,10,5,10
102,2,0.434782608695652,0.304347826086957,0.260869565217391,0.043392947704416,0.11844771717081,0.0592238585854051,0.450472512402642,0.347881780965371,0.201645706631986,0.0652183543451795,0.184322503649562,0.0921612518247812,0.391844968912254,0.396509077911738,0.211645953176009,0.0327413290202261,0.0808050635863206,0.0404025317931603,0.43539514039262,0.344137826183149,0.220467033424231,0.0455233387831827,0.121739130434783,0.0608695652173913,0.447058823529412,0.352941176470588,0.2,0.0428758321381807,0.113672446605008,0.0568362233025038,0.444904866640583,0.35106179144453,0.204033341914887,22,9,8,5,28,8,13,7,18,13,2,3,17,8,7,2
102,3,0.434782608695652,0.304347826086957,0.260869565217391,0.0246517832601918,0.0695690724524158,0.0347845362262079,0.415367309068475,0.288978589487926,0.295654101443599,0.0245842880597745,0.0691744979249944,0.0345872489624972,0.420550435833103,0.338935075049454,0.240514489117444,0.0268236260825839,0.0681023915630546,0.0340511957815273,0.403277804206684,0.301801434794397,0.294920760998919,0.0171685394064449,0.044298605414274,0.022149302707137,0.415094339622642,0.30188679245283,0.283018867924528,0.0303091251227924,0.0755146084464198,0.0377573042232099,0.398332557040738,0.303040573518661,0.298626869440601,22,11,2,9,25,18,4,3,32,4,15,13,27,11,11,5
102,4,0.434782608695652,0.304347826086957,0.260869565217391,0.0370579611477582,0.103017496901527,0.0515087484507636,0.383273860244889,0.321731098149535,0.294995041605577,0.127721078787511,0.320223176779681,0.160111588389841,0.274671020305811,0.312000440811429,0.41332853888276,0.0207366785294206,0.0528625427462324,0.0264312713731162,0.408351337322536,0.306560931389584,0.28508773128788,0.0218895760391206,0.0615942028985507,0.0307971014492754,0.416666666666667,0.291666666666667,0.291666666666667,0.0228806526564573,0.0611945913165916,0.0305972956582957,0.404185313037356,0.310528331409141,0.285286355553503,31,22,7,2,22,10,3,9,17,3,10,4,26,5,8,13
102,5,0.434782608695652,0.304347826086957,0.260869565217391,0.0863709829265357,0.242134091365231,0.121067045682615,0.388284678994876,0.425414871769572,0.186300449235552,0.0544780956892847,0.153914729210261,0.0769573646051305,0.470104173694243,0.345983625693496,0.183912200612261,0.0909449501137733,0.25717924100703,0.128589620503515,0.37272566592581,0.432937446590471,0.194336887483719,0.0976287787281561,0.273657289002557,0.136828644501279,0.382352941176471,0.441176470588235,0.176470588235294,0.0942684486017071,0.265957893481553,0.132978946740777,0.376494378855627,0.437326772827733,0.18617884831664,21,11,5,5,26,11,13,2,23,12,7,4,32,5,20,7
103,1,0.391304347826087,0.347826086956522,0.260869565217391,0.101840877573116,0.286875633396277,0.143437816698139,0.330834487123241,0.264858130961229,0.40430738191553,0.121309742310124,0.331475726357233,0.165737863178616,0.346805989607044,0.226586581996949,0.426607428396008,0.0974982611215526,0.274725318173673,0.137362659086836,0.332990819353042,0.26877695634273,0.398232224304228,0.101728894548957,0.28677150786309,0.143385753931545,0.329787234042553,0.265957446808511,0.404255319148936,0.101741771519377,0.286637883770936,0.143318941885468,0.330683118612631,0.26512837428451,0.404188507102859,24,8,5,11,24,6,11,7,23,11,5,7,23,6,4,13
103,2,0.391304347826087,0.347826086956522,0.260869565217391,0.120919756678846,0.341659168085453,0.170829584042726,0.469987034326226,0.439972984499109,0.0900399811746648,0.0878593643511408,0.246926116890606,0.123463058445303,0.440929814279263,0.421663678948649,0.137406506772088,0.124207410444431,0.350876587524392,0.175438293762196,0.471455468192691,0.443113260352114,0.0854312714551953,0.115374516870222,0.326086956521739,0.16304347826087,0.467391304347826,0.434782608695652,0.0978260869565217,0.120277645432181,0.339909627058705,0.169954813529353,0.470232870006291,0.43885237830567,0.0909147516880388,27,13,10,4,18,8,10,0,22,13,9,0,25,9,11,5
103,3,0.391304347826087,0.347826086956522,0.260869565217391,0.0428260851112075,0.11124780573967,0.055623902869835,0.439867116620182,0.354887221032262,0.205245662347556,0.031938590481897,0.0821250071762178,0.0410625035881089,0.354478512813586,0.388888590544631,0.256632896641784,0.0366357242951624,0.0988902597094109,0.0494451298547055,0.429430225485194,0.35914533915212,0.211424435362686,0.0424492022400949,0.107324716020368,0.0536623580101841,0.441441441441441,0.351351351351351,0.207207207207207,0.0410685450661861,0.108058238469723,0.0540291192348617,0.436773684516375,0.356385869501095,0.20684044598253,25,8,10,7,28,18,8,2,25,14,7,4,33,9,14,10
103,4,0.391304347826087,0.347826086956522,0.260869565217391,0.0778021291278438,0.194331552996966,0.097165776498483,0.48847012432457,0.343951876313799,0.167577999361631,0.0773113637954631,0.218667421412382,0.109333710706191,0.500638058532278,0.293577842739039,0.205784098728683,0.0750838077635388,0.193043111085315,0.0965215555426577,0.487825903368745,0.337893618163379,0.174280478467876,0.076835231659163,0.190842631781454,0.0954213158907272,0.486725663716814,0.345132743362832,0.168141592920354,0.0704189367489892,0.181772308291184,0.0908861541455921,0.482190501971679,0.337639501736361,0.18016999629196,38,18,8,12,29,15,10,4,21,17,3,1,25,5,18,2
103,5,0.391304347826087,0.347826086956522,0.260869565217391,0.0653511759716015,0.164624171643344,0.082312085821672,0.468856883659609,0.26551400113485,0.265629115205542,0.137014051651574,0.387231148654856,0.193615574327428,0.584919922153515,0.244382596486795,0.17069748135969,0.06121019082535,0.16574872259953,0.0828743612997653,0.454395889946136,0.264951725656756,0.280652384397108,0.0817614698882137,0.225063938618926,0.112531969309463,0.470588235294118,0.235294117647059,0.294117647058824,0.0616403730471088,0.166772865741635,0.0833864328708174,0.455005074204481,0.264439654085704,0.280555271709814,15,8,5,2,26,4,6,16,25,15,6,4,19,13,3,3
104,1,0.347826086956522,0.391304347826087,0.260869565217391,0.121824688838039,0.309952948471239,0.154976474235619,0.192849612720902,0.533973882421393,0.273176504857705,0.155974400646934,0.414655647608559,0.207327823804279,0.140498263152242,0.560186359924351,0.299315376923407,0.117427189998195,0.300129583410375,0.150064791705187,0.197761295251334,0.527933303194348,0.274305401554317,0.119767256966518,0.299612569952647,0.149806284976324,0.198019801980198,0.534653465346535,0.267326732673267,0.123095923971247,0.30971830057952,0.15485915028976,0.192966936666762,0.537602583667635,0.269430479665603,35,4,22,9,21,2,10,9,18,3,10,5,27,11,12,4
104,2,0.347826086956522,0.391304347826087,0.260869565217391,0.115604102489969,0.313547195649284,0.156773597824642,0.19105248913188,0.509853218866289,0.299094292001831,0.141523023035235,0.380043214091351,0.190021607045675,0.157804479910846,0.540739325347082,0.301456194742071,0.113954915094035,0.288293545792379,0.144146772896189,0.203679314060332,0.52578658708245,0.270534098857218,0.0948697925888249,0.251207729468599,0.1256038647343,0.222222222222222,0.494949494949495,0.282828282828283,0.11305351363685,0.287406446277664,0.143703223138832,0.20412286381769,0.523849312928568,0.272027823253743,14,0,5,9,26,13,12,1,22,2,11,9,37,7,21,9
104,3,0.347826086956522,0.391304347826087,0.260869565217391,0.0828316592758433,0.216629206365504,0.108314603182752,0.23951148377377,0.484095646371005,0.276392869855225,0.129106293370302,0.333986009694195,0.166993004847098,0.180833082109424,0.53873561959176,0.280431298298816,0.0829956117468617,0.223174535189648,0.111587267594824,0.236238819361698,0.478619698532553,0.285141482105749,0.0845589767079933,0.215652173913043,0.107826086956522,0.24,0.49,0.27,0.08718141007158,0.228446954658594,0.114223477329297,0.233602609627225,0.48861117715124,0.277786213221535,28,3,15,10,27,5,16,6,21,11,5,5,24,5,13,6
104,4,0.347826086956522,0.391304347826087,0.260869565217391,0.0631843006046671,0.165311536441226,0.0826557682206129,0.418554681079456,0.403231521923765,0.178213796996778,0.117656015971011,0.322625918252581,0.16131295912629,0.46380966737292,0.436633726535979,0.099556606091101,0.0667248687348914,0.176009626079833,0.0880048130399165,0.42131877701004,0.405816470812486,0.172864752177475,0.0603206336764438,0.151368760064412,0.0756843800322061,0.419753086419753,0.395061728395062,0.185185185185185,0.0683810505835552,0.180246064919844,0.090123032459922,0.423257512365421,0.405995954877109,0.170746532757469,19,10,4,5,20,9,10,1,18,3,7,8,24,12,11,1
104,5,0.347826086956522,0.391304347826087,0.260869565217391,0.0646757115082013,0.168696727880193,0.0843483639400964,0.263477723016425,0.464112442607102,0.272409834376473,0.0874853231217235,0.229313170602898,0.114656585301449,0.233169501655073,0.488893331328152,0.277937167016775,0.0609528553840501,0.164100431316689,0.0820502156583447,0.265775871298177,0.45521389255062,0.279010236151203,0.0650875305332089,0.169336384439359,0.0846681922196796,0.263157894736842,0.464912280701754,0.271929824561404,0.0652124803389252,0.170574866026019,0.0852874330130097,0.262538653943512,0.464337893477728,0.27312345257876,29,7,11,11,24,6,14,4,28,12,9,7,33,5,19,9
105,1,0.304347826086957,0.434782608695652,0.260869565217391,0.122020945847151,0.325298938548274,0.162649469274137,0.335747322148919,0.272133139421515,0.392119538429566,0.164745353666392,0.422832808583368,0.211416404291684,0.325268792582152,0.223366204403968,0.45136500301388,0.12525965463128,0.331475053019915,0.165737526509958,0.333056864016819,0.269045082185695,0.397898053797487,0.124022526035931,0.324110671936759,0.162055335968379,0.327272727272727,0.272727272727273,0.4,0.126765724820728,0.334097582391586,0.167048791195793,0.331521982075735,0.267733817499859,0.400744200424405,35,12,6,17,21,11,3,7,24,6,13,5,30,7,8,15
105,2,0.304347826086957,0.434782608695652,0.260869565217391,0.0549409727637794,0.155343665692146,0.0776718328460731,0.341428601748038,0.475373665880644,0.183197732371318,0.0598988449369499,0.165413935573775,0.0827069677868875,0.387054793873844,0.377571144262581,0.235374061863575,0.0474198716939414,0.133941131492608,0.0669705657463037,0.340861943706312,0.465239056822601,0.193898999471088,0.0564517019704056,0.158102766798419,0.0790513833992095,0.353535353535354,0.464646464646465,0.181818181818182,0.0459119609101821,0.129654845233486,0.064827422616743,0.339910535582019,0.464047321817333,0.196042142600648,18,6,11,1,25,2,18,5,22,14,6,2,34,13,11,10
105,3,0.304347826086957,0.434782608695652,0.260869565217391,0.0322611811813015,0.0904359006184489,0.0452179503092244,0.349565776396181,0.417434664256928,0.23299955934689,0.0305611777596878,0.0858414006327863,0.0429207003163932,0.34726852640335,0.417719813807334,0.235011659789317,0.0304587985116676,0.0849758470441271,0.0424879235220635,0.34683574960902,0.407399438822086,0.245764811568894,0.0322269755024981,0.0903334740396792,0.0451667370198396,0.349514563106796,0.41747572815534,0.233009708737864,0.0322297339946441,0.0903421182590103,0.0451710591295051,0.349518885216462,0.417471090212358,0.233010024571181,27,7,15,5,28,8,12,8,25,12,7,6,23,9,9,5
105,4,0.304347826086957,0.434782608695652,0.260869565217391,0.0774210950587294,0.217786426560322,0.108893213280161,0.348908077671695,0.499115570391075,0.151976351937231,0.0914976265589128,0.255586824203788,0.127793412101894,0.38583306153601,0.481090785348493,0.133076153115497,0.068412979970454,0.193482748070446,0.0967413740352228,0.351563673293406,0.484308135524426,0.164128191182168,0.066907490425828,0.188405797101449,0.0942028985507246,0.34375,0.489583333333333,0.166666666666667,0.0715484516002699,0.201947334044022,0.100973667022011,0.349176893635124,0.490927208169496,0.15989589819538,27,13,10,4,30,8,12,10,17,6,10,1,22,6,15,1
105,5,0.304347826086957,0.434782608695652,0.260869565217391,0.0310866623701183,0.0841882921610964,0.0420941460805483,0.336378205336323,0.444846375526834,0.218775419136843,0.0845110537898296,0.216761937572221,0.108380968786111,0.206529924594796,0.543163577481763,0.250306497923442,0.0195285562329991,0.0549909880409578,0.0274954940204789,0.331843320107435,0.423280995974691,0.244875683917874,0.0360915396834917,0.093432007400555,0.0467160037002775,0.351063829787234,0.393617021276596,0.25531914893617,0.0196290035171444,0.0540440876642417,0.0270220438321209,0.331369869919077,0.426776450898288,0.241853679182635,17,11,6,0,16,2,11,3,30,17,7,6,31,3,13,15
106,1,0.260869565217391,0.478260869565217,0.260869565217391,0.0414731039353689,0.103735158849488,0.0518675794247438,0.310517131063359,0.480480883143994,0.209001985792648,0.0262860199713824,0.0739820345973564,0.0369910172986783,0.223878547918713,0.493565649722419,0.282555802358867,0.0629164872954279,0.168203389719094,0.0841016948595471,0.344971260076938,0.461367630362525,0.193661109560536,0.0794468990595109,0.215102974828375,0.107551487414188,0.368421052631579,0.452631578947368,0.178947368421053,0.056527274252248,0.155494505758389,0.0777472528791943,0.338616818096586,0.455496948395651,0.205886233507764,23,9,13,1,22,4,10,8,31,21,6,4,19,1,14,4
106,2,0.260869565217391,0.478260869565217,0.260869565217391,0.0529806970856017,0.149852040659262,0.074926020329631,0.223404634840199,0.553186889894848,0.223408475264952,0.0387742671555042,0.109308831005263,0.0546544155026315,0.229690495615114,0.532915285067849,0.237394219317037,0.0391415463492963,0.110432568906238,0.0552162844531191,0.236647043216926,0.533477154018337,0.229875802764737,0.0529839493766053,0.149861239592969,0.0749306197964847,0.223404255319149,0.553191489361702,0.223404255319149,0.0529845456290027,0.149862926048964,0.0749314630244821,0.223403994345625,0.553192332589699,0.223403673064676,26,5,18,3,26,4,13,9,20,6,9,5,22,6,12,4
106,3,0.260869565217391,0.478260869565217,0.260869565217391,0.0240926713768037,0.0681365243966764,0.0340682621983383,0.278351305738875,0.494847391242071,0.226801303019053,0.0162486659773415,0.0450828063076905,0.0225414031538453,0.276005829749006,0.485666008187448,0.238328162063546,0.0221481429158867,0.0565727767792912,0.0282863883896456,0.286662674683855,0.480754148488399,0.232583176827746,0.0240906847616873,0.0681308830121022,0.0340654415060511,0.278350515463918,0.494845360824742,0.22680412371134,0.0240899510818564,0.0681286350650091,0.0340643175325046,0.278354844246796,0.494839908068318,0.226805247684887,27,9,11,7,19,5,8,6,22,7,13,2,29,6,16,7
106,4,0.260869565217391,0.478260869565217,0.260869565217391,0.0382362572264498,0.103411094261176,0.0517055471305881,0.312575112347979,0.466116463772045,0.221308423879975,0.042907377693254,0.107165220350389,0.0535826101751945,0.262998297327354,0.52971474763045,0.207286955042197,0.0344511511920385,0.0963024486771446,0.0481512243385723,0.309020789555964,0.460620894404604,0.230358316039432,0.0402061433390462,0.101211689237349,0.0506058446186743,0.311475409836066,0.475409836065574,0.213114754098361,0.0365369086443743,0.0964715278275951,0.0482357639137975,0.309105329131189,0.47018673560155,0.220707935267261,28,14,7,7,29,6,18,5,29,11,11,7,36,7,22,7
106,5,0.260869565217391,0.478260869565217,0.260869565217391,0.0877613547567365,0.247496791159461,0.12374839557973,0.384617960797122,0.408150530282605,0.207231508920273,0.106997216808952,0.28472625486681,0.142363127433405,0.234097027248029,0.362670280101175,0.403232692650796,0.0627523033599927,0.17063206667716,0.0853160333385801,0.346185598555971,0.414444918048581,0.239369483395447,0.0811974591139259,0.20048309178744,0.10024154589372,0.361111111111111,0.37962962962963,0.259259259259259,0.0658620579270453,0.18298245261961,0.0914912263098051,0.352360791527196,0.417391346769477,0.230247861703327,23,21,2,0,21,9,11,1,31,7,9,15,33,2,19,12
107,1,0.217391304347826,0.521739130434783,0.260869565217391,0.0886812727269575,0.239866217194613,0.119933108597307,0.245599563740274,0.401806021837476,0.35259441442225,0.22662590509411,0.576724218135025,0.288362109067513,0.240434330871428,0.23337702136727,0.526188647761302,0.0825855117296767,0.223181171141743,0.111590585570871,0.243333523079802,0.410148544863911,0.346517932056287,0.0782057104472838,0.191993112354714,0.0959965561773569,0.217821782178218,0.425742574257426,0.356435643564356,0.0861936033233606,0.237004465866427,0.118502232933213,0.251905374240941,0.403236897501569,0.34485772825749,32,9,18,5,21,2,16,3,25,7,3,15,23,4,6,13
107,2,0.217391304347826,0.521739130434783,0.260869565217391,0.0510385262423667,0.140965023134314,0.070482511567157,0.146908792780669,0.543506024865098,0.309585182354233,0.0734144696363459,0.205935845551096,0.102967922775548,0.257354341838379,0.418771207659235,0.323874450502386,0.0497924875102021,0.140345108858975,0.0701725544294874,0.147218749918339,0.551746315967845,0.301034934113816,0.0365259137591425,0.101449275362319,0.0507246376811594,0.166666666666667,0.555555555555556,0.277777777777778,0.0498191519625885,0.140090151374738,0.0700450756873688,0.147346228660457,0.550189957514114,0.302463813825429,19,7,5,7,26,1,21,4,17,0,11,6,28,7,13,8
107,3,0.217391304347826,0.521739130434783,0.260869565217391,0.0204918177656303,0.0531985413627296,0.0265992706813648,0.220729464274479,0.495139859753418,0.284130675972103,0.0311133796763517,0.0801761403410583,0.0400880701705291,0.253144367564368,0.481651060264254,0.265204572171378,0.0254169625314617,0.0653461988444028,0.0326730994222014,0.220751552309245,0.489066031012581,0.290182416678174,0.0207149652596119,0.0540045766590389,0.0270022883295195,0.221052631578947,0.494736842105263,0.284210526315789,0.0206890899876843,0.0538750615989823,0.0269375307994911,0.220968925091992,0.494801599635292,0.284229475272716,27,9,12,6,27,2,15,10,18,6,9,3,23,4,11,8
107,4,0.217391304347826,0.521739130434783,0.260869565217391,0.0278950665033455,0.0765611672342442,0.0382805836171222,0.189995723853308,0.560019714051905,0.249984562094787,0.0236116056892521,0.065937415229725,0.0329687076148625,0.196317819523376,0.554707838049645,0.248974342426979,0.014943685493252,0.0372739199418511,0.0186369599709256,0.1987543443769,0.539687117733148,0.261558537889952,0.0278826418032016,0.0765217391304348,0.0382608695652175,0.19,0.56,0.25,0.0278824275826199,0.0765217914463587,0.0382608957231794,0.190001162442565,0.560000026157962,0.249998811399473,22,4,12,6,25,2,16,7,25,6,13,6,28,7,15,6
107,5,0.217391304347826,0.521739130434783,0.260869565217391,0.0891872770078459,0.225202790658359,0.112601395329179,0.104789909018647,0.627256186127499,0.267953904853855,0.0820651464334842,0.232108952604436,0.116054476302218,0.101336828045608,0.580508855210194,0.318154316744198,0.0870143306328253,0.223648783251522,0.111824391625761,0.105566912722065,0.622134128333012,0.272298958944923,0.0860692098261492,0.21256038647343,0.106280193236715,0.111111111111111,0.626262626262626,0.262626262626263,0.0906987665991816,0.229460443199628,0.114730221599814,0.102661082748012,0.628774469567791,0.268564447684197,26,0,19,7,25,2,19,4,23,7,12,4,25,2,12,11
108,1,0.173913043478261,0.565217391304348,0.260869565217391,0.0902603248988709,0.230172030211837,0.115086015105919,0.0588270283723422,0.670580857047864,0.270592114579794,0.100547722560527,0.270889743504011,0.135444871752005,0.0686968507189439,0.700662263056353,0.230640886224703,0.0728779898912264,0.19237935872166,0.0961896793608298,0.0777233641174311,0.645366268237878,0.276910367644691,0.090264543720553,0.230179028132992,0.115089514066496,0.0588235294117647,0.670588235294118,0.270588235294118,0.0902631027124422,0.230176064063544,0.115088032031772,0.0588250114464887,0.670586089537742,0.270588899015769,24,2,16,6,16,2,10,4,25,1,20,4,20,0,11,9
108,2,0.173913043478261,0.565217391304348,0.260869565217391,0.138791046723903,0.37364559906324,0.18682279953162,0.360735843009881,0.41967765800052,0.219586498989599,0.182922759855618,0.487502406692857,0.243751203346429,0.370822752463886,0.321466187957919,0.307711059578195,0.148806729301498,0.398252345822477,0.199126172911238,0.373039216389499,0.406690422052507,0.220270361557993,0.147247532447169,0.397271952259165,0.198635976129582,0.372549019607843,0.411764705882353,0.215686274509804,0.148514433258152,0.395682640487526,0.197841320243763,0.371754363722024,0.405231894065361,0.223013742212615,20,12,3,5,32,13,17,2,36,12,11,13,14,1,11,2
108,3,0.173913043478261,0.565217391304348,0.260869565217391,0.0953980016249773,0.268742127284932,0.134371063642466,0.117190829140169,0.487568541999974,0.395240628859857,0.0328986423796863,0.0930452767899273,0.0465226383949637,0.127390405083297,0.588941412585601,0.283668182331101,0.0939887614437313,0.263509743698945,0.131754871849473,0.123244855547319,0.484130707385817,0.392624437066864,0.0941459827367735,0.262574595055413,0.131287297527707,0.127450980392157,0.480392156862745,0.392156862745098,0.0939961823629503,0.26341942355952,0.13170971177976,0.123625374726171,0.483795348276678,0.392579276997151,30,7,9,14,23,1,15,7,27,5,17,5,22,0,8,14
108,4,0.173913043478261,0.565217391304348,0.260869565217391,0.139649239137723,0.367897686548082,0.183948843274041,0.328136820784432,0.381268548030307,0.290594631185261,0.123914464947677,0.331152130180977,0.165576065090489,0.33948910856875,0.432724057867083,0.227786833564167,0.139890790370019,0.365956428108997,0.182978214054498,0.33054337962803,0.382239177249849,0.287217443122121,0.139356518338235,0.377959535083943,0.188979767541972,0.316831683168317,0.376237623762376,0.306930693069307,0.139311052964982,0.365446439079014,0.182723219539507,0.329075303700467,0.382494171764841,0.288430524534692,24,11,11,2,22,5,8,9,29,10,14,5,26,6,5,15
108,5,0.173913043478261,0.565217391304348,0.260869565217391,0.0535283995858091,0.145162618362726,0.0725813091813628,0.228828936630277,0.582882807333695,0.188288256036028,0.0466736295833193,0.126088840482173,0.0630444202410865,0.188503261540269,0.613671593483427,0.197825144976305,0.0448480606518579,0.114589949743789,0.0572949748718943,0.226118697378745,0.570306712275758,0.203574590345497,0.0589182781274046,0.160037002775208,0.0800185013876041,0.234042553191489,0.585106382978723,0.180851063829787,0.0525260024846503,0.143854635194916,0.0719273175974582,0.22594894987812,0.585108802501947,0.188942247619933,19,5,11,3,23,11,9,3,26,2,19,5,26,4,16,6
109,1,0.130434782608696,0.608695652173913,0.260869565217391,0.0965878942171912,0.272919646827832,0.136459823413916,0.0569257223577881,0.545744889010904,0.397329388631308,0.0779625827223416,0.201209139878182,0.100604569939091,0.0410647764663602,0.597461088377158,0.361474135156482,0.0958451084725125,0.271087730186477,0.135543865093239,0.0632309203490502,0.54035564934032,0.39641343031063,0.0923791323103033,0.260079051383399,0.1300395256917,0.0545454545454545,0.554545454545455,0.390909090909091,0.0951370539661831,0.268541381090511,0.134270690545255,0.0558748295065701,0.548984914730783,0.395140255762647,32,1,20,11,23,1,14,8,29,0,20,9,26,4,7,15
109,2,0.130434782608696,0.608695652173913,0.260869565217391,0.114830035553844,0.317364874590858,0.158682437295429,0.179879200952158,0.71793367112588,0.102187127921962,0.107367050312469,0.271117484440729,0.135558742220365,0.121895565067904,0.744254394394278,0.133850040537818,0.119872088473445,0.317317110402017,0.158658555201008,0.158047780967317,0.7397412090163,0.102211010016383,0.0937246334652611,0.23307933662035,0.116539668310175,0.134020618556701,0.721649484536082,0.144329896907216,0.115330183733263,0.319021080105535,0.159510540052767,0.1807134919643,0.717927482871077,0.101359025164624,26,5,21,0,24,5,9,10,23,2,21,0,24,1,19,4
109,3,0.130434782608696,0.608695652173913,0.260869565217391,0.0688994659312124,0.189701931168916,0.0948509655844578,0.197178012530997,0.636803387836069,0.166018599632933,0.0946437700791081,0.250909728230154,0.125454864115077,0.152764533735501,0.711820765162185,0.135414701102314,0.0693052813987966,0.195791402472132,0.0978957012360658,0.183524710516421,0.653501425502254,0.162973863981325,0.0404015920930793,0.11397214014352,0.0569860700717602,0.155339805825243,0.640776699029126,0.203883495145631,0.0711338505234742,0.196782580207249,0.0983912901036245,0.197779878320301,0.639741846565932,0.162478275113767,29,5,22,2,24,2,17,5,25,6,19,0,25,3,8,14
109,4,0.130434782608696,0.608695652173913,0.260869565217391,0.0075083426735788,0.0184367229023801,0.00921836145119004,0.130480064379204,0.599477290722723,0.270042644898073,0.111569792531943,0.305353077866661,0.15267653893333,0.172289233363745,0.456019113240583,0.371691653395673,0.0199875822103902,0.0564691670738991,0.0282345835369495,0.115150707528321,0.636930235710863,0.247919056760816,0.0205267697835562,0.0523513753327418,0.0261756876663709,0.13265306122449,0.63265306122449,0.23469387755102,0.00406706210728139,0.0101753981120853,0.00508769905604262,0.125347083552653,0.613562857037023,0.261090059410324,26,0,22,4,23,9,6,8,22,3,10,9,27,1,24,2
109,5,0.130434782608696,0.608695652173913,0.260869565217391,0.085549453872516,0.22702510474621,0.113512552373105,0.109930939818205,0.722208204547018,0.167860855634777,0.124557201156468,0.349345623661956,0.174672811830978,0.198053147414735,0.715750099198851,0.0861967533864134,0.100002000329776,0.26021654432671,0.130108272163355,0.113385627944935,0.738803924337268,0.147810447717797,0.0917658740258872,0.242169237961664,0.121084618980832,0.150537634408602,0.709677419354839,0.139784946236559,0.0891378984859738,0.23532945213206,0.11766472606603,0.11077647476018,0.726360378239943,0.162863146999877,23,0,16,7,20,8,11,1,29,6,22,1,21,0,17,4
110,1,0.0869565217391304,0.652173913043478,0.260869565217391,0.0789697652080445,0.216775699580307,0.108387849790153,0.0560733505624748,0.760561762833632,0.183364886603894,0.0492274292602157,0.127617216013477,0.0638086080067387,0.0791635396724797,0.715982521050217,0.204853939277303,0.0665045872734093,0.183963600285454,0.0919818001427271,0.0579597831500919,0.744155713186205,0.197884503663703,0.0785530555982351,0.214882943143813,0.107441471571906,0.0576923076923077,0.759615384615385,0.182692307692308,0.0782865010448056,0.2154864371825,0.10774321859125,0.0551464968031142,0.759917131634728,0.184936371562158,22,0,16,6,25,0,23,2,38,3,27,8,19,3,13,3
110,2,0.0869565217391304,0.652173913043478,0.260869565217391,0.0414345644907723,0.104515185086462,0.0522575925432309,0.0837862253749392,0.704431505586709,0.211782269038352,0.0773109977818322,0.21813126913906,0.10906563456953,0.0390570357436228,0.761239547613008,0.199703416643369,0.0440672762764204,0.109133513246465,0.0545667566232326,0.0881680941802432,0.705529097225598,0.206302808594159,0.0619341005281708,0.175072463768116,0.087536231884058,0.133333333333333,0.693333333333333,0.173333333333333,0.0407128687072855,0.101143769798326,0.0505718848991632,0.0884061502774897,0.701296169404282,0.210297680318228,17,0,12,5,21,9,10,2,22,1,18,3,15,0,12,3
110,3,0.0869565217391304,0.652173913043478,0.260869565217391,0.0134476976424756,0.0361204254614841,0.018060212730742,0.101147286484536,0.634113700312736,0.264739013202728,0.0379767533875692,0.1002542806545,0.0501271403272499,0.0953226954365537,0.693934879673305,0.210742424890141,0.0224379599088389,0.059784624598502,0.029892312299251,0.116848834038381,0.628006568447723,0.255144597513895,0.00273253029592065,0.0070505287896592,0.00352526439482959,0.0900900900900901,0.648648648648649,0.261261261261261,0.00942416045809619,0.0266439737019061,0.013321986850953,0.100278508590083,0.64517277219821,0.254548719211707,38,3,29,6,21,2,12,7,23,2,9,12,29,3,22,4
110,4,0.0869565217391304,0.652173913043478,0.260869565217391,0.0690814013642083,0.190384195814196,0.0951920979070979,0.0583922460528937,0.585546090822617,0.356061663124489,0.0972109411523892,0.257927554378109,0.128963777189055,0.11019269844201,0.523210135854424,0.366597165703567,0.0717391320570517,0.19710178203834,0.09855089101917,0.0585508153736844,0.582028728389754,0.359420456236561,0.0724782672571698,0.199191102123357,0.0995955510616784,0.0581395348837209,0.581395348837209,0.36046511627907,0.0721783245768866,0.197700191875396,0.0988500959376979,0.0595782356168778,0.580702103228033,0.359719661155089,22,0,8,14,21,1,17,3,20,0,15,5,23,4,10,9
110,5,0.0869565217391304,0.652173913043478,0.260869565217391,0.0538302006360301,0.150529878764028,0.075264939382014,0.0592198807470858,0.727438852425492,0.213341266827422,0.0638834524827634,0.180558030936625,0.0902790154683123,0.0388307494101311,0.742452928511791,0.218716322078078,0.0442696547227038,0.12380410723386,0.0619020536169299,0.0641175422928401,0.714075966660408,0.221806491046752,0.0549880956807947,0.138951142985208,0.0694755714926042,0.0824742268041237,0.721649484536082,0.195876288659794,0.0524886313392243,0.145090945153126,0.0725454725765631,0.0643018042597594,0.724719385620041,0.210978810120199,20,0,15,5,30,7,18,5,28,0,23,5,19,1,14,4
111,1,0.0434782608695652,0.695652173913043,0.260869565217391,0.0811013625079795,0.213719821742545,0.106859910871273,0.0608268348541844,0.588792263041771,0.350380902104045,0.148847911154442,0.374502153598196,0.187251076799098,0.033137334858769,0.518742023124741,0.44812064201649,0.078405654510996,0.208130537056057,0.104065268528029,0.0623599539163458,0.591586905385015,0.346053140698639,0.0916808639037447,0.256169212690952,0.128084606345476,0.0900900900900901,0.567567567567568,0.342342342342342,0.0817301808978865,0.2185155495646,0.1092577747823,0.0654454322675678,0.586394399130743,0.348160168601689,29,1,12,16,32,9,19,4,28,0,17,11,22,0,15,7
111,2,0.0434782608695652,0.695652173913043,0.260869565217391,0.0950844367153727,0.24288593123632,0.12144296561816,0.054196946410698,0.806376453990071,0.139426599599232,0.0552309572078785,0.148165596081232,0.0740827980406162,0.101955429691836,0.711257803131389,0.186786767176775,0.0881202493093935,0.23250346791086,0.11625173395543,0.062720734582399,0.79266143415564,0.144617831261961,0.0911258291076284,0.244511407662505,0.122255703831253,0.0693069306930693,0.792079207920792,0.138613861386139,0.0887243878746993,0.23370123716131,0.116850618580655,0.0623122174601067,0.793668835903157,0.144018946636736,22,0,22,0,20,0,17,3,36,6,24,6,23,1,17,5
111,3,0.0434782608695652,0.695652173913043,0.260869565217391,0.0672713827551376,0.168645158454462,0.084322579227231,0.0394671400764526,0.779974753140274,0.180558106783273,0.0101363512068666,0.0276070709838882,0.0138035354919442,0.0572817963615094,0.692099320860729,0.250618882777761,0.0611231861277603,0.149779914187422,0.074889957093711,0.043537592859355,0.770482799016965,0.18597960812368,0.0691214974436667,0.176263219741481,0.0881316098707403,0.036036036036036,0.783783783783784,0.18018018018018,0.0680970198517089,0.171000332881082,0.0855001664405411,0.0391091276506413,0.781152340353585,0.179738531995774,30,0,26,4,27,2,15,10,27,0,25,2,27,2,21,4
111,4,0.0434782608695652,0.695652173913043,0.260869565217391,0.149846133168238,0.390260408588391,0.195130204294195,0.0694616057925686,0.500521969618848,0.430016424588583,0.0399986185136295,0.0983195653708088,0.0491597826854044,0.0431330770605049,0.646837575036699,0.310029347902796,0.132676061637809,0.344527996997774,0.172263998498887,0.0652034117761414,0.523388175414156,0.411408412809702,0.134887360509275,0.370027752081406,0.185013876040703,0.0957446808510638,0.51063829787234,0.393617021276596,0.135418461026333,0.354052701335796,0.177026350667898,0.0687182763565801,0.518625823245146,0.412655900398274,31,1,23,7,21,0,11,10,19,0,7,12,23,8,7,8
111,5,0.0434782608695652,0.695652173913043,0.260869565217391,0.126035649539802,0.356015993670492,0.178007996835246,0.124586549730277,0.517644177077797,0.357769273191926,0.151779271803166,0.415538905562127,0.207769452781063,0.100679886549645,0.48788272113198,0.411437392318375,0.118582096593605,0.334922960955241,0.167461480477621,0.119459171046678,0.528190693435423,0.352350135517899,0.122006366161669,0.34457537586347,0.172287687931735,0.121495327102804,0.523364485981308,0.355140186915888,0.119663124560477,0.338101563308873,0.169050781654436,0.121275354298299,0.526601392258607,0.352123253443094,29,5,21,3,22,6,6,10,32,2,16,14,24,0,13,11
112,1,0.652173913043478,0.0434782608695652,0.304347826086957,0.0966009863256085,0.244293892177171,0.122146946088585,0.530026966954893,0.0515638248256068,0.4184092082195,0.09728437907871,0.265756691433755,0.132878345716878,0.519295567326601,0.0790324122976293,0.40167202037577,0.0941954138696057,0.241936441559201,0.1209682207796,0.531205692263878,0.0556490070403127,0.413145300695809,0.0916721549134046,0.232182877633348,0.116091438816674,0.536082474226804,0.0515463917525773,0.412371134020619,0.0922155575456191,0.233782748717916,0.116891374358958,0.53528253868452,0.0518453245602788,0.412872136755201,23,13,2,8,27,20,0,7,21,7,0,14,26,12,3,11
112,2,0.652173913043478,0.0434782608695652,0.304347826086957,0.129245459427066,0.323321615174249,0.161660807587124,0.497479305189497,0.036512061136422,0.466008633674081,0.0678715877509198,0.16978143827452,0.0848907191372599,0.567283193906218,0.0471292524318033,0.385587553661978,0.131053150985262,0.334686342578821,0.16734317128941,0.484830741754068,0.0581600658083504,0.457009192437582,0.133004838437308,0.335124572545188,0.167562286272594,0.49438202247191,0.0337078651685393,0.471910112359551,0.1324645144036,0.331503038381371,0.165751519190685,0.493699894349416,0.0362007603729421,0.470099345277642,29,10,1,18,17,12,1,4,20,12,1,7,23,10,0,13
112,3,0.652173913043478,0.0434782608695652,0.304347826086957,0.113445798534818,0.297934493089772,0.148967246544886,0.526100626073447,0.02058430129471,0.453315072631842,0.0980128887680377,0.247729941346279,0.123864970673139,0.536362941025392,0.035424262214512,0.428212796760096,0.107940061897765,0.282190257973454,0.141095128986727,0.531171330207989,0.0233857147183274,0.445442955073683,0.107603205832735,0.282608695652174,0.141304347826087,0.532608695652174,0.0217391304347826,0.445652173913043,0.107300362059572,0.282448727858964,0.141224363929482,0.533480437193197,0.0209473727903644,0.445572190016438,26,19,0,7,25,14,2,9,20,8,0,12,21,8,0,13
112,4,0.652173913043478,0.0434782608695652,0.304347826086957,0.082232249069234,0.230297930326283,0.115148965163142,0.580501521153432,1.68759647014867e-06,0.419496791250098,0.109627443313138,0.301233884881825,0.150616942440913,0.545035157841002,7.36311285950653e-08,0.454964768527869,0.0854811592127187,0.238852109166478,0.119426054583239,0.576224938426984,1.18090282070625e-06,0.423773880670196,0.0837418763542501,0.234279554437657,0.117139777218829,0.578512396694215,0,0.421487603305785,0.083670231317335,0.23409065146033,0.117045325730165,0.578606144443166,7.03739712092369e-07,0.421393151817121,33,18,0,15,36,17,0,19,27,20,0,7,25,15,0,10
112,5,0.652173913043478,0.0434782608695652,0.304347826086957,0.157510425803657,0.412773158376576,0.206386579188288,0.44578733385519,0.0740923778072814,0.480120288337529,0.188068415470287,0.482062788406851,0.241031394203425,0.411142518840053,0.0666158618586443,0.522241619301303,0.138288985358478,0.357292381915114,0.178646190957557,0.473527722085921,0.0638816998671693,0.462590578046909,0.1417858018653,0.384347826086957,0.192173913043478,0.46,0.09,0.45,0.140153127833693,0.369438345862327,0.184719172931164,0.467454740112315,0.0736006460318138,0.458944613855872,22,4,0,18,32,24,0,8,25,10,8,7,21,8,1,12
113,1,0.608695652173913,0.0869565217391304,0.304347826086957,0.0519186217408815,0.141841550567666,0.0709207752838331,0.679616427457746,0.0679581403559942,0.25242543218626,0.0334310501197917,0.0910889931836451,0.0455444965918225,0.654240148765736,0.0751718478259543,0.27058800340831,0.0397520266956968,0.10481035394047,0.0524051769702348,0.661100829144148,0.0783780221570416,0.26052114869881,0.0519154935725757,0.141831996623048,0.0709159983115238,0.679611650485437,0.0679611650485437,0.252427184466019,0.0519135863755799,0.141826877465877,0.0709134387329385,0.679609090906852,0.067961692630603,0.252429216462545,28,17,3,8,23,18,0,5,23,17,3,3,29,18,1,10
113,2,0.608695652173913,0.0869565217391304,0.304347826086957,0.131622427996182,0.338879807619726,0.169439903809863,0.457235273426673,0.0689769966765073,0.47378772989682,0.193393405839237,0.491050176127085,0.245525088063542,0.363170564110371,0.10536587951532,0.531463556374309,0.124784873487975,0.328450242898514,0.164225121449257,0.470641344150442,0.0607857083133444,0.468572947536213,0.11725925596919,0.300395256916996,0.150197628458498,0.472727272727273,0.0727272727272727,0.454545454545455,0.125360493021405,0.328018368375172,0.164009184187586,0.468393371940312,0.0632496177851459,0.468357010274542,29,11,3,15,21,4,5,12,28,21,0,7,32,16,0,16
113,3,0.608695652173913,0.0869565217391304,0.304347826086957,0.0837766403429852,0.225543098013236,0.112771549006618,0.495924103167295,0.111882456736765,0.39219344009594,0.132546562820647,0.338360526636742,0.169180263318371,0.439515388855542,0.101643750375649,0.458840860768809,0.0874880388175995,0.239189743287021,0.11959487164351,0.489100780530403,0.119294252324778,0.391604967144819,0.0929003390732733,0.255852842809365,0.127926421404682,0.480769230769231,0.125,0.394230769230769,0.0872552139865709,0.237560489035121,0.118780244517561,0.489915407656352,0.117387212269633,0.392697380074015,29,16,8,5,16,8,1,7,35,13,4,18,24,13,0,11
113,4,0.608695652173913,0.0869565217391304,0.304347826086957,0.0410318583686508,0.111219698622009,0.0556098493110044,0.664305501484918,0.0735070349551481,0.262187463559934,0.0757693716372757,0.210671065720424,0.105335532860212,0.644339445646662,0.156648261126593,0.199012293226745,0.0666804752724684,0.182570954920435,0.0912854774602175,0.699981129634131,0.0617991406453554,0.238219729720514,0.0559674815996383,0.149955634427684,0.074977817213842,0.683673469387755,0.0714285714285714,0.244897959183673,0.0576587579762832,0.156569608781997,0.0782848043909983,0.686980456564911,0.0675730569682187,0.24544648646687,21,9,0,12,27,20,0,7,18,10,5,3,32,28,2,2
113,5,0.608695652173913,0.0869565217391304,0.304347826086957,0.0690312370962684,0.18965343231497,0.0948267161574849,0.703522368331398,0.0194461994704245,0.277031432198177,0.0810274531857163,0.229150280985817,0.114575140492908,0.723270792666821,0.0280642270870869,0.248664980246092,0.0626572048270898,0.169707377194438,0.0848536885972189,0.693549340771132,0.0224213843426701,0.284029274886198,0.0678566398320873,0.18686401480111,0.093432007400555,0.702127659574468,0.0212765957446809,0.276595744680851,0.0689589942020736,0.189339109464354,0.094669554732177,0.70336520690609,0.0193419298484725,0.277292863245437,24,13,0,11,23,17,2,4,24,20,0,4,23,16,0,7
114,1,0.565217391304348,0.130434782608696,0.304347826086957,0.522945465294745,1.39130434782609,0.695652173913043,3.23491473411538e-143,2.97404455506741e-36,1,0.0895483675128782,0.248230610552798,0.124115305276399,0.689332696580747,0.0901695239060395,0.220497779513214,0.0781630597287861,0.193391227352909,0.0966956136764543,0.659951236786213,0.132396550803285,0.207652212410502,0.0861833756435685,0.218451749734889,0.109225874867444,0.666666666666667,0.138211382113821,0.195121951219512,0.0850636679045823,0.209742253036926,0.104871126518463,0.670088517822811,0.129041128729238,0.200870353447952,27,18,4,5,33,22,2,9,31,18,10,3,32,24,1,7
114,2,0.565217391304348,0.130434782608696,0.304347826086957,0.105207329219338,0.291966374594261,0.145983187297131,0.467334936840468,0.0823340497754454,0.450331013384087,0.0686415435126099,0.191491781955163,0.0957458909775815,0.531202133731371,0.0687041492040911,0.400093717064538,0.105010723696147,0.286267601966523,0.143133800983261,0.459366173715159,0.0931521992146228,0.447481627070218,0.102931030678957,0.284921369102683,0.142460684551341,0.468085106382979,0.0851063829787234,0.446808510638298,0.104703696323769,0.289829808128891,0.144914904064445,0.4664151300911,0.0843221397574982,0.449262730151402,28,17,2,9,27,7,5,15,20,11,1,8,19,9,0,10
114,3,0.565217391304348,0.130434782608696,0.304347826086957,0.151087962680294,0.377256765518446,0.188628382759223,0.746456024664065,0.137824532008201,0.115719443327734,0.158473438050301,0.397897533148346,0.198948766574173,0.75405220800682,0.140548732480396,0.105399059512784,0.129332159533622,0.336684466293193,0.168342233146597,0.711322994545882,0.152671412513758,0.13600559294036,0.151681092299328,0.378810594702649,0.189405297351324,0.747126436781609,0.137931034482759,0.114942528735632,0.151357639464565,0.378176683476681,0.18908834173834,0.74664022353758,0.138100292113804,0.115259484348616,28,20,6,2,22,19,1,2,23,19,2,2,14,7,3,4
114,4,0.565217391304348,0.130434782608696,0.304347826086957,0.0897794756891104,0.246935073995822,0.123467536997911,0.688684928302259,0.0943399856817327,0.216975086016008,0.0658745260537514,0.181950493486143,0.0909752467430713,0.656192638047419,0.102319785240086,0.241487576712495,0.0786248139672671,0.21388595147572,0.10694297573786,0.672160367042208,0.103329788862603,0.224509844095189,0.0897749578731988,0.246923707957342,0.123461853978671,0.688679245283019,0.0943396226415094,0.216981132075472,0.0898574872436834,0.247111165509443,0.123555582754722,0.68877297405907,0.0943876246908692,0.216839401250061,32,22,3,7,24,18,4,2,27,15,3,9,23,18,0,5
114,5,0.565217391304348,0.130434782608696,0.304347826086957,0.0205355864620504,0.0546281636511024,0.0273140818255512,0.537903309478797,0.135546581129892,0.326550109391311,0.0587719255651517,0.154749288209332,0.0773746441046658,0.500241627129842,0.118035902678536,0.381722470191622,0.0132869158730449,0.036025479028117,0.0180127395140585,0.547204651790289,0.134807675105063,0.317987673104647,0.0232484599598503,0.0645716745587601,0.0322858372793801,0.554455445544555,0.108910891089109,0.336633663366337,0.0135049236996798,0.0368639172956456,0.0184319586478228,0.546785432656525,0.135318138996674,0.317896428346801,26,18,5,3,24,11,2,11,28,21,2,5,23,6,2,15
115,1,0.521739130434783,0.173913043478261,0.304347826086957,0.0851926100380019,0.235335168978581,0.11766758448929,0.639406714924073,0.0926643928139788,0.267928892261948,0.0593857034096848,0.165630944745313,0.0828154723726567,0.575237805623723,0.0910975711056042,0.333664623270673,0.0739517616603699,0.208876167246529,0.104438083623264,0.626177214058047,0.11691806240474,0.256904723537213,0.0837322684130791,0.22533894343151,0.112669471715755,0.634408602150538,0.0860215053763441,0.279569892473118,0.0816869159865057,0.224919898470861,0.112459949235431,0.634199079670213,0.0947986149987439,0.271002305331043,32,18,2,12,19,17,2,0,27,15,3,9,15,9,1,5
115,2,0.521739130434783,0.173913043478261,0.304347826086957,0.0608468881624951,0.166719027519145,0.0833595137595725,0.43837961667521,0.197102010815291,0.364518372509499,0.115044885263476,0.305791340112641,0.152895670056321,0.368843460378462,0.298529062990071,0.332627476631467,0.0625032907114393,0.173997724422277,0.0869988622111386,0.434740268223644,0.203870299532771,0.361389432243585,0.062772402863614,0.177498879426266,0.0887494397131331,0.43298969072165,0.216494845360825,0.350515463917526,0.0609855915541508,0.170014915207147,0.0850074576035734,0.436731672831209,0.20380080304867,0.359467524120121,25,16,2,7,31,10,12,9,20,7,6,7,21,9,1,11
115,3,0.521739130434783,0.173913043478261,0.304347826086957,0.0455388978655867,0.115157965575667,0.0575789827878334,0.525544979499021,0.116334060690428,0.358120959810552,0.0315790765935909,0.0808297474753147,0.0404148737376574,0.56215400417244,0.137248522926935,0.300597472900625,0.0448531835754356,0.117772029247572,0.0588860146237861,0.530760578634477,0.115027028854475,0.354212392511048,0.0451672725779076,0.117056856187291,0.0585284280936455,0.528846153846154,0.115384615384615,0.355769230769231,0.0458161180349415,0.121693388324725,0.0608466941623624,0.532876864618742,0.113066349315898,0.35405678606536,24,14,2,8,20,7,5,8,29,13,0,16,31,21,5,5
115,4,0.521739130434783,0.173913043478261,0.304347826086957,0.0479900917930657,0.129728181906169,0.0648640909530847,0.472013715012427,0.158774367947532,0.369211917040041,0.0225125732327438,0.0552742264532441,0.027637113226622,0.494102017208161,0.201419785132462,0.304478197659378,0.0444168247375143,0.116186250831781,0.0580931254158904,0.472000224596954,0.165558823900199,0.362440951502847,0.0458654247889006,0.12463768115942,0.0623188405797101,0.475,0.158333333333333,0.366666666666667,0.0440407050365657,0.117467734887384,0.0587338674436918,0.474424351117802,0.16249395535155,0.363081693530648,30,12,8,10,36,22,7,7,29,8,3,18,25,15,1,9
115,5,0.521739130434783,0.173913043478261,0.304347826086957,0.0834446741761049,0.220834908545252,0.110417454272626,0.430467821354037,0.284330497750887,0.285201680895076,0.0938862087883562,0.252475094978786,0.126237547489393,0.39550158294539,0.272668757381642,0.331829659672969,0.0840869376873873,0.220922638682571,0.110461319341286,0.428368697147865,0.284374362819546,0.287256940032589,0.0719577966063314,0.183263207106124,0.0916316035530622,0.43010752688172,0.258064516129032,0.311827956989247,0.0826625945363994,0.216205786430483,0.108102893215241,0.429152243488373,0.282015936693502,0.288831819818125,25,17,7,1,27,6,6,15,23,10,5,8,18,7,6,5
116,1,0.478260869565217,0.217391304347826,0.304347826086957,0.121971974874199,0.303246538884193,0.151623269442097,0.625301235180725,0.0657680349057295,0.308930729913545,0.110132008458307,0.290011738824092,0.145005869412046,0.599993493561681,0.0723854349357802,0.327621071502538,0.106573662273142,0.2677349762187,0.13386748810935,0.605165772987829,0.0835238162384764,0.311310410773694,0.122458433252308,0.303941487200325,0.151970743600163,0.626168224299065,0.0654205607476635,0.308411214953271,0.122192637992894,0.303427738878334,0.151713869439167,0.625767909199868,0.065677434908659,0.308554655891473,24,17,1,6,27,13,4,10,26,14,1,11,30,23,1,6
116,2,0.478260869565217,0.217391304347826,0.304347826086957,0.112240690943282,0.280896351278583,0.140448175639291,0.484432701180775,0.35166764837156,0.163899650447665,0.0976852211252874,0.247605646636824,0.123802823318412,0.487075094981065,0.332379902250391,0.180545002768545,0.110701791470002,0.271289067917794,0.135644533958897,0.478134616185588,0.353035838306723,0.168829545507689,0.114584338288221,0.286115007012623,0.143057503506311,0.483870967741935,0.354838709677419,0.161290322580645,0.113999001048966,0.285303995012386,0.142651997506193,0.484537163738946,0.353767007680291,0.161695828580763,24,7,14,3,24,16,7,1,21,10,4,7,24,12,8,4
116,3,0.478260869565217,0.217391304347826,0.304347826086957,0.0110981593931635,0.029385174427414,0.0146925872137071,0.480827035182173,0.202698717134119,0.316474247683708,0.0308694287053031,0.0859510354485737,0.0429755177242869,0.521236387289504,0.189254402673649,0.289509210036847,0.0108252310188667,0.0288209374264751,0.0144104687132375,0.46657989688779,0.214661808312016,0.318758294800194,0.0123392666051771,0.0347826086956521,0.0173913043478261,0.485714285714286,0.2,0.314285714285714,0.0119954159329427,0.033698573244818,0.016849286622409,0.484979300596729,0.200542017725417,0.314478681677854,24,13,5,6,21,9,5,7,21,5,6,10,39,24,5,10
116,4,0.478260869565217,0.217391304347826,0.304347826086957,0.0160147577812004,0.0452886001204683,0.0226443000602341,0.500905169625452,0.205701110472035,0.293393719902513,0.102226716825872,0.289081688870415,0.144540844435207,0.622801714000425,0.142588952636043,0.234609333363532,0.0110588652524587,0.0304868119148737,0.0152434059574369,0.493504275522654,0.212798905269452,0.293696819207894,0.0264439628974245,0.066205533596838,0.0331027667984189,0.511363636363636,0.215909090909091,0.272727272727273,0.00965502399087296,0.0264573127542242,0.0132286563771121,0.49148952594233,0.213706348146355,0.294804125911316,18,11,1,6,22,13,5,4,25,4,11,10,23,17,2,4
116,5,0.478260869565217,0.217391304347826,0.304347826086957,0.159067556755216,0.423148591578404,0.211574295789202,0.689835165354419,0.0454152643406659,0.264749570304915,0.205395053773495,0.576835397482066,0.288417698741033,0.76667856830625,0.0433141530232248,0.190007278670525,0.144060859179986,0.379861257684589,0.189930628842295,0.668191498407512,0.058589762812356,0.273218738780132,0.160409149349942,0.414264777723498,0.207132388861749,0.685393258426966,0.0337078651685393,0.280898876404494,0.156180813250526,0.410902423449148,0.205451211724574,0.683712081289791,0.0444444813067426,0.271843437403466,26,20,1,5,26,12,0,14,19,14,1,4,18,15,1,2
117,1,0.434782608695652,0.260869565217391,0.304347826086957,0.0525935747112451,0.138776538972204,0.069388269486102,0.36539433920955,0.272367208961715,0.362238451828735,0.0940970912991422,0.259576689067538,0.129788344533769,0.304994264161883,0.35121237406517,0.343793361772946,0.0376668406362517,0.0991628207471016,0.0495814103735508,0.385201198322101,0.268794650513326,0.346004151164573,0.0333206761713022,0.0906178489702517,0.0453089244851259,0.389473684210526,0.294736842105263,0.315789473684211,0.0411987790908689,0.10554808086248,0.0527740404312399,0.382008568264412,0.265874710157706,0.352116721577882,25,8,10,7,23,3,14,6,18,5,3,10,29,21,1,7
117,2,0.434782608695652,0.260869565217391,0.304347826086957,0.111374556332569,0.300371057212674,0.150185528606337,0.318584273658806,0.411055093823728,0.270360632517466,0.177420113382499,0.476929773736989,0.238464886868495,0.247965268671374,0.499334452085886,0.25270027924274,0.110052304936201,0.293453670488259,0.14672683524413,0.316467087706923,0.407596400461521,0.275936511831556,0.117404722797244,0.326086956521739,0.16304347826087,0.326086956521739,0.423913043478261,0.25,0.112869479389262,0.304446429167567,0.152223214583783,0.317073540270426,0.413092779801175,0.269833679928399,23,14,3,6,22,8,9,5,32,6,18,8,15,2,9,4
117,3,0.434782608695652,0.260869565217391,0.304347826086957,0.0395526234475361,0.0975596110947783,0.0487798055473892,0.386685893389627,0.30964937076478,0.303664735845592,0.140069575011084,0.388742071404487,0.194371035702244,0.370675091474954,0.455240600919635,0.174084307605412,0.0470233813027608,0.120979842784685,0.0604899213923424,0.380610160852302,0.321359486609734,0.298030352537964,0.0526283636367502,0.130826478652566,0.0654132393262828,0.369369369369369,0.324324324324324,0.306306306306306,0.0466270736324393,0.115888910082617,0.0579444550413087,0.376838153654343,0.317099013630163,0.306062832715493,23,17,1,5,29,3,5,21,36,14,16,6,23,7,14,2
117,4,0.434782608695652,0.260869565217391,0.304347826086957,0.0396928392705147,0.104230464154634,0.0521152320773171,0.39066165483759,0.252875286998137,0.356463058164274,0.0111599958147804,0.0282976548117432,0.0141488274058716,0.421652101189115,0.259851245318057,0.318496653492828,0.0423882443263509,0.106114566226378,0.0530572831131892,0.381725325582463,0.263235458232258,0.355039216185279,0.0466960241012644,0.125249301954527,0.0626246509772637,0.385321100917431,0.247706422018349,0.36697247706422,0.0451856864562461,0.119280936301195,0.0596404681505975,0.385090779066235,0.250920926696211,0.363988294237554,37,9,8,20,26,11,6,9,26,11,7,8,20,11,6,3
117,5,0.434782608695652,0.260869565217391,0.304347826086957,0.0546913322946324,0.143115139380541,0.0715575696902703,0.424427206931048,0.199667397291725,0.375905395777227,0.0774671232890138,0.216297657305322,0.108148828652661,0.542931437348313,0.191642397616294,0.265426165035393,0.0679179615552843,0.187397271109599,0.0936986355547995,0.406228058588662,0.195725479769582,0.398046461641756,0.0740396840069938,0.203185535944899,0.101592767972449,0.405940594059406,0.188118811881188,0.405940594059406,0.0672167746454134,0.185847186587341,0.0929235932936704,0.405671505050621,0.197057075568752,0.397271419380627,27,7,10,10,21,12,4,5,21,14,3,4,32,8,2,22
118,1,0.391304347826087,0.304347826086957,0.304347826086957,0.0407462801102548,0.115217769983495,0.0576088849917476,0.448913232817835,0.274402641840853,0.276684125341312,0.0574386856400197,0.14548536832946,0.0727426841647303,0.318561663661357,0.372027000056283,0.30941133628236,0.0257250490518113,0.063277029895946,0.031638514947973,0.422677399113556,0.272709311138984,0.304613289747461,0.035759557991194,0.0992616899097621,0.0496308449548811,0.424528301886792,0.254716981132075,0.320754716981132,0.0202754054223266,0.05116851749052,0.02558425874526,0.416888606571347,0.280343097733659,0.302768295694994,32,7,5,20,22,17,3,2,32,8,14,10,20,13,5,2
118,2,0.391304347826087,0.304347826086957,0.304347826086957,0.0253316403526558,0.0708166010611612,0.0354083005305806,0.40429392551409,0.268939525556376,0.326766548929534,0.0393399441831126,0.0968369382406727,0.0484184691203364,0.439722816946423,0.256407057684074,0.303870125369503,0.0201838312037189,0.051895951365685,0.0259479756828426,0.393977487082936,0.278399850404114,0.32762266251295,0.0263683044874964,0.0740421868273784,0.0370210934136892,0.405940594059406,0.267326732673267,0.326732673267327,0.0260064941276411,0.0729216784004998,0.03646083920025,0.405356010574386,0.267886986886707,0.326757002538908,27,6,9,12,21,7,6,8,21,11,6,4,32,17,6,9
118,3,0.391304347826087,0.304347826086957,0.304347826086957,0.00908350114560076,0.0256904803218996,0.0128452401609497,0.384759893847055,0.298047039905038,0.317193066247906,0.0772612516242149,0.215808491729114,0.107904245864557,0.499208593690644,0.265277127720603,0.235514278588753,0.00182428689907977,0.00462458650743758,0.00231229325371879,0.391139164854886,0.302200715804439,0.306660119340675,0.00524877060070941,0.014636246233319,0.00731812311665953,0.396039603960396,0.297029702970297,0.306930693069307,0.00187056302178157,0.00495324082165233,0.00247662041082619,0.391737504298854,0.30187120567613,0.306391290025016,27,6,14,7,29,16,6,7,25,14,7,4,20,4,3,13
118,4,0.391304347826087,0.304347826086957,0.304347826086957,0.0857850710495522,0.238803084943108,0.119401542471554,0.35020657000603,0.423749368558511,0.22604406143546,0.16697228696131,0.472231984649572,0.236115992324786,0.275804778132489,0.540463818411742,0.183731403455769,0.0912997658040002,0.252533274183901,0.126266637091951,0.35153816692928,0.430614463178907,0.217847369891813,0.110492869008396,0.300395256916996,0.150197628458498,0.353535353535354,0.454545454545455,0.191919191919192,0.0876585515418572,0.243028937475438,0.121514468737719,0.351800534432851,0.425862294824676,0.222337170742473,24,16,2,6,22,3,15,4,24,7,11,6,29,9,17,3
118,5,0.391304347826087,0.304347826086957,0.304347826086957,0.0769701973781536,0.19972032781915,0.0998601639095748,0.291444183916512,0.391795606193583,0.316760209889905,0.0850923181223936,0.235629942596188,0.117814971298094,0.35362840259892,0.42216279738505,0.22420880001603,0.0795721118835398,0.201175358204875,0.100587679102438,0.290716668723649,0.398335722373601,0.310947608902749,0.0751735422068715,0.187420852680456,0.0937104263402279,0.300970873786408,0.398058252427184,0.300970873786408,0.079570438954699,0.201144415339146,0.100572207669573,0.290732140156514,0.398350121619059,0.310917738224427,34,11,17,6,24,1,13,10,20,9,7,4,25,10,4,11
119,1,0.347826086956522,0.347826086956522,0.304347826086957,0.0355220944944525,0.100441466149519,0.0502207330747593,0.323782150437733,0.321649290400552,0.354568559161716,0.0915048629194376,0.242976876828689,0.121488438414344,0.369968111853128,0.226337648542177,0.403694239604694,0.0378493656239961,0.105968586195809,0.0529842930979046,0.327918788993141,0.314749091821998,0.357332119184861,0.0329156334909726,0.0923352756611385,0.0461676378305692,0.319587628865979,0.329896907216495,0.350515463917526,0.0367979029911277,0.103730166756079,0.0518650833780396,0.325586557785544,0.31820053274946,0.356212909464996,25,11,4,10,22,4,13,5,25,9,4,12,25,7,11,7
119,2,0.347826086956522,0.347826086956522,0.304347826086957,0.0530280941222021,0.148889455451231,0.0744447277256155,0.318443049260159,0.422270814682137,0.259286136057704,0.0727821715321531,0.198925016215303,0.0994625081076514,0.321035492224197,0.447288595064173,0.23167591271163,0.0686607815708435,0.192834230185354,0.0964171150926769,0.309580426919581,0.444243202049199,0.246176371031221,0.0827925879877321,0.234172387490465,0.117086193745233,0.289473684210526,0.464912280701754,0.245614035087719,0.0615987497504262,0.172663010773865,0.0863315053869327,0.314748066388908,0.434157592343454,0.251094341267638,35,12,14,9,23,9,2,12,29,4,23,2,27,8,14,5
119,3,0.347826086956522,0.347826086956522,0.304347826086957,0.168317895023658,0.457024003247127,0.228512001623564,0.291302828269874,0.576338088580085,0.13235908315004,0.274731226852072,0.776759897069391,0.388379948534695,0.162943754367254,0.736206035491217,0.100850210141529,0.183558855021697,0.499166139926358,0.249583069963179,0.284856864097098,0.597409156919701,0.117733978983201,0.175798751950298,0.4819179195449,0.24095895977245,0.280373831775701,0.588785046728972,0.130841121495327,0.173954482838241,0.47119275788223,0.235596378941115,0.291354912916813,0.583422465897637,0.12522262118555,27,3,22,2,23,8,6,9,27,4,20,3,30,15,15,0
119,4,0.347826086956522,0.347826086956522,0.304347826086957,0.0459806580381601,0.121318899084587,0.0606594495422935,0.287166637414228,0.398445088608641,0.31438827397713,0.0879660368382073,0.220767778553977,0.110383889276989,0.242949303618527,0.458209976233511,0.298840720147963,0.0392743517397934,0.0975184413065774,0.0487592206532887,0.299066866303233,0.395240797843712,0.305692335853055,0.0484847952150251,0.127024722932651,0.0635123614663257,0.284313725490196,0.401960784313726,0.313725490196078,0.0413208443459916,0.102834263856966,0.0514171319284829,0.296408955028039,0.397583086848677,0.306007958123284,22,4,11,7,34,13,17,4,27,8,4,15,19,4,9,6
119,5,0.347826086956522,0.347826086956522,0.304347826086957,0.0453861811032137,0.114422993594652,0.057211496797326,0.405037583753848,0.294021298330943,0.30094111791521,0.0375022580058819,0.0934493695249325,0.0467246847624663,0.392919326896202,0.301101402194055,0.305979270909743,0.0452231130817747,0.11515945799351,0.0575797289967549,0.405405815953277,0.294929666468006,0.299664517578717,0.0544824160871763,0.141082519964508,0.0705412599822538,0.418367346938776,0.285714285714286,0.295918367346939,0.0499067406418602,0.128629084611753,0.0643145423058764,0.412140629262398,0.290494347026068,0.297365023711533,23,7,10,6,21,4,7,10,27,13,5,9,27,17,6,4
120,1,0.304347826086957,0.391304347826087,0.304347826086957,0.0914098630627257,0.224497055051704,0.112248527525852,0.416596353612808,0.27964770027741,0.303755946109782,0.0474555270254733,0.123881048869484,0.0619405244347421,0.366288350521699,0.337960683040935,0.295750966437366,0.0836916095111229,0.205569043250194,0.102784521625097,0.406562668883977,0.28851982620099,0.304917504915033,0.0581970232036558,0.152173913043478,0.0760869565217391,0.380434782608696,0.326086956521739,0.293478260869565,0.0902547410143577,0.226795924197169,0.113397962098584,0.411786870767163,0.277906385727503,0.310306743505335,22,12,0,10,34,11,13,10,17,4,12,1,19,8,5,6
120,2,0.304347826086957,0.391304347826087,0.304347826086957,0.0660680036659083,0.163813512943569,0.0819067564717844,0.384236202663693,0.309397591354303,0.306366205982004,0.127429700630057,0.313590534403065,0.156795267201532,0.461143093288489,0.23597215735132,0.302884749360191,0.07701003656859,0.201465506269142,0.100732753134571,0.390568113638827,0.290571594691516,0.318860291669657,0.0579832114704166,0.143597925807738,0.0717989629038692,0.376146788990826,0.321100917431193,0.302752293577982,0.0802613702045405,0.212842393560724,0.106421196780362,0.39174508821524,0.284883151045725,0.323371760739035,31,17,1,13,29,15,6,8,19,4,14,1,30,5,14,11
120,3,0.304347826086957,0.391304347826087,0.304347826086957,0.0622668524696656,0.161713474385927,0.0808567371929633,0.233713788939693,0.47216108501905,0.294125126041257,0.095274241659692,0.261636861639872,0.130818430819936,0.173529395267021,0.428772995881377,0.397697608851603,0.066197406052671,0.179705314904909,0.0898526574524545,0.214495168634502,0.458990725183682,0.326514106181816,0.0521889181750075,0.147157190635451,0.0735785953177258,0.230769230769231,0.423076923076923,0.346153846153846,0.0603432810423703,0.160565269942952,0.0802826349714761,0.22406519111548,0.456505418741683,0.319429390142837,27,4,11,12,26,15,8,3,19,4,14,1,32,1,11,20
120,4,0.304347826086957,0.391304347826087,0.304347826086957,0.105022249394751,0.294950835997175,0.147475417998587,0.362829057232358,0.480298534679273,0.156872408088369,0.122899609825617,0.341105191352259,0.17055259567613,0.360635674086603,0.50556909550257,0.133795230410827,0.0977825401078313,0.27613432548774,0.13806716274387,0.366655959235709,0.467063377421205,0.166280663343086,0.105037657064384,0.294970161977835,0.147485080988917,0.362745098039216,0.480392156862745,0.156862745098039,0.105040638653065,0.294973750152146,0.147486875076073,0.3627283240239,0.480410724965217,0.156860951010883,24,9,11,4,27,8,16,3,23,9,7,7,28,11,15,2
120,5,0.304347826086957,0.391304347826087,0.304347826086957,0.0733757874182265,0.207383700064905,0.103691850032452,0.408039676119409,0.335992957977731,0.25596736590286,0.0754078002409481,0.206846749575306,0.103423374787653,0.407771200874609,0.317071366810054,0.275157432315336,0.0712857430223494,0.201401860722323,0.100700930361161,0.405048756448118,0.336833481491484,0.258117762060398,0.0733481568337001,0.207304347826087,0.103652173913043,0.408,0.336,0.256,0.0733373582491187,0.207275815420622,0.103637907710311,0.407985733797268,0.336029929239356,0.255984336963376,31,10,10,11,31,12,10,9,32,16,8,8,31,13,14,4
121,1,0.260869565217391,0.434782608695652,0.304347826086957,0.0414091786008664,0.116680474667746,0.0583402373338729,0.202529327883518,0.468356434831099,0.329114237285383,0.0569307438469089,0.159414150364988,0.0797070751824941,0.181162490034897,0.484472355761727,0.334365154203375,0.0346698379368673,0.0977311459617596,0.0488655729808798,0.212003992236511,0.455734974695592,0.332261033067897,0.0414074859913231,0.116675839295542,0.058337919647771,0.20253164556962,0.468354430379747,0.329113924050633,0.0414075913598688,0.116676291623521,0.0583381458117607,0.202531419405631,0.46835378232427,0.329114798270099,18,3,11,4,23,8,8,7,18,3,9,6,20,2,9,9
121,2,0.260869565217391,0.434782608695652,0.304347826086957,0.0374952245727905,0.105672608681133,0.0528363043405666,0.313705869557958,0.412247948043224,0.274046182398818,0.0267792074053698,0.0757405172201645,0.0378702586100823,0.241666931718291,0.416114983584671,0.342218084697039,0.0457875199893123,0.129054565237842,0.064527282618921,0.325396847836312,0.407200615442264,0.267402536721424,0.0540793931726715,0.151528196297891,0.0757640981489454,0.336633663366337,0.405940594059406,0.257425742574257,0.0457050825990023,0.128878958279298,0.0644394791396493,0.325309044357041,0.406932881623574,0.267758074019385,20,3,9,8,26,5,17,4,29,19,6,4,26,7,9,10
121,3,0.260869565217391,0.434782608695652,0.304347826086957,0.0385197500639476,0.103591836386079,0.0517959181930394,0.209073647024352,0.446067427767233,0.344858925208415,0.129069228490498,0.364838771193432,0.182419385596716,0.175198322887003,0.617201994292368,0.207599682820629,0.0579284377303017,0.162347597229382,0.081173798614691,0.1796957666027,0.465795237239313,0.354508996157987,0.0615572130849121,0.171223666517257,0.0856118332586284,0.175257731958763,0.463917525773196,0.360824742268041,0.0460658883040933,0.122989015177871,0.0614945075889355,0.199375057628456,0.446904120889755,0.353720821481789,18,9,5,4,28,5,19,4,23,1,17,5,28,2,4,22
121,4,0.260869565217391,0.434782608695652,0.304347826086957,0.0726694358944732,0.196632287594892,0.0983161437974461,0.185793887884691,0.411542142230907,0.402663969884403,0.100070070290993,0.258923077514641,0.129461538757321,0.131408026460071,0.45000771234799,0.418584261191939,0.0725704254729695,0.198731711872745,0.0993658559363725,0.188948831927731,0.40733748604894,0.403713682023329,0.0744280861812421,0.191304347826087,0.0956521739130435,0.175,0.425,0.4,0.0740121424720581,0.200413419422128,0.100206709711064,0.184581150754933,0.410864313447046,0.404554535798021,19,3,13,3,24,3,10,11,18,1,9,8,19,7,2,10
121,5,0.260869565217391,0.434782608695652,0.304347826086957,0.104689602253399,0.291329462373826,0.145664731186913,0.406534296404304,0.384889484505205,0.208576219090491,0.211298010763014,0.584096227079893,0.292048113539946,0.552917678757338,0.233975355944346,0.213106965298317,0.10658703388543,0.289782458944353,0.144891229472177,0.405760794689568,0.398338277343238,0.195900927967194,0.0918314666847479,0.238260869565217,0.119130434782609,0.38,0.42,0.2,0.102854139624595,0.286871661927315,0.143435830963658,0.404305396181049,0.383995122108077,0.211699481710874,24,16,4,4,27,11,3,13,21,6,13,2,28,5,22,1
122,1,0.217391304347826,0.478260869565217,0.304347826086957,0.110473990160695,0.283252450050256,0.141626225025128,0.0757650793226979,0.491949004687093,0.432285915990209,0.137214572478823,0.375090536438759,0.187545268219379,0.0804696537115694,0.427637251982095,0.491893094306336,0.0979731967061626,0.265879280279749,0.132939640139874,0.0844516642079518,0.510916344027895,0.404631991764153,0.0963734335247581,0.254782608695652,0.127391304347826,0.09,0.5,0.41,0.0976465057639543,0.264917565857944,0.132458782928972,0.0849325214188542,0.510678084959586,0.404389393621559,20,0,9,11,25,3,9,13,19,0,8,11,36,6,24,6
122,2,0.217391304347826,0.478260869565217,0.304347826086957,0.0723147089589049,0.204383780870555,0.102191890435278,0.169721558871131,0.423738724606635,0.406539716522234,0.0703544234006262,0.188442467840499,0.0942212339202493,0.197964376573955,0.403466563418839,0.398569060007206,0.0690531309805492,0.194872700413795,0.0974363502068972,0.174340632318438,0.423875191387708,0.401784176293854,0.0728770940135041,0.206119162640902,0.103059581320451,0.166666666666667,0.425925925925926,0.407407407407407,0.0719975874688734,0.203639117291217,0.101819558645608,0.16673054293051,0.427102072336925,0.406167384732565,27,6,15,6,33,2,16,15,24,3,7,14,24,7,8,9
122,3,0.217391304347826,0.478260869565217,0.304347826086957,0.0596347141073016,0.162052549218037,0.0810262746090183,0.136365029738808,0.539034949770474,0.324600020490718,0.099419592488662,0.275880978625146,0.137940489312573,0.0794508150352529,0.57080438535797,0.349744799606777,0.0635440405998058,0.162058811843585,0.0810294059217924,0.136361898426034,0.552427380435878,0.311210721138088,0.0424116017760487,0.111550285463329,0.0557751427316645,0.161616161616162,0.525252525252525,0.313131313131313,0.0609654050997779,0.156204616840396,0.0781023084201983,0.139288995927628,0.548937851717794,0.311773152354578,15,0,6,9,27,12,13,2,22,2,13,7,35,2,20,13
122,4,0.217391304347826,0.478260869565217,0.304347826086957,0.0482558956530827,0.133283031359612,0.0666415156798061,0.15074978866802,0.524314595984577,0.324935615347403,0.0466002888841584,0.121032098299745,0.0605160491498723,0.16453380560648,0.53877691871509,0.29668927567843,0.0368767926403354,0.102994030861453,0.0514970154307263,0.1658942889171,0.511143086305562,0.322962624777338,0.047973977142828,0.131752305665349,0.0658761528326746,0.151515151515152,0.525252525252525,0.323232323232323,0.0478844711228234,0.131419867245153,0.0657099336225765,0.15168137072525,0.525294599706084,0.323024029568666,35,8,19,8,21,2,8,11,26,2,17,7,17,3,8,6
122,5,0.217391304347826,0.478260869565217,0.304347826086957,0.0646353055353451,0.161259024310401,0.0806295121552003,0.220413361278248,0.555868324789995,0.223718313931756,0.107420706185343,0.296512691546933,0.148256345773466,0.171965990716932,0.626517215338684,0.201516793944384,0.0533979968211331,0.131184657206666,0.0655923286033333,0.217779847353586,0.54346465516279,0.238755497483623,0.0523341210606729,0.129528985507246,0.0647644927536232,0.21875,0.541666666666667,0.239583333333333,0.0554550687735365,0.137532666467248,0.0687663332336241,0.215662242208371,0.547027202798842,0.237310554992788,22,11,9,2,21,2,15,4,32,4,14,14,21,4,14,3
123,1,0.173913043478261,0.521739130434783,0.304347826086957,0.0811277733456355,0.227835893596222,0.113917946798111,0.128769291617892,0.45296493549704,0.418265772885068,0.0409462070788046,0.108550324245251,0.0542751621226255,0.164255247702602,0.477121764087816,0.358622988209582,0.0932394327379887,0.26133385916136,0.13066692958068,0.123909381733659,0.441075862598705,0.435014755667636,0.103479442761419,0.292205248726988,0.146102624363494,0.108108108108108,0.441441441441441,0.45045045045045,0.092308626895932,0.258115441858474,0.129057720929237,0.126396014206432,0.440198438777374,0.433405547016193,32,3,12,17,26,6,13,7,30,1,7,22,23,2,17,4
123,2,0.173913043478261,0.521739130434783,0.304347826086957,0.0696790269144336,0.187112367887328,0.0935561839436642,0.153933841819985,0.615295314378447,0.230770843801568,0.071422564305498,0.199744656875341,0.0998723284376707,0.137050231824396,0.621611458872453,0.241338309303151,0.0623915761028683,0.160307483164161,0.0801537415820807,0.165782947730952,0.601892872016863,0.232324180252185,0.0601022258363214,0.169287696577243,0.0846438482886217,0.138297872340426,0.606382978723404,0.25531914893617,0.063791914059717,0.173063669294834,0.0865318346474168,0.152744493498143,0.608270965082199,0.238984541419658,25,3,17,5,28,3,12,13,24,3,15,6,17,4,13,0
123,3,0.173913043478261,0.521739130434783,0.304347826086957,0.0429843149520302,0.108749381877899,0.0543746909389494,0.22828773441721,0.471014118623606,0.300698146959184,0.0254953368239265,0.0719969036886128,0.0359984518443064,0.190151048727683,0.485740678590476,0.324108272681841,0.04637188992698,0.118741207390421,0.0593706036952103,0.233283647173471,0.467931705427107,0.298784647399422,0.0466770612823048,0.120259019426457,0.0601295097132285,0.234042553191489,0.468085106382979,0.297872340425532,0.0438052627940872,0.113714408182586,0.0568572040912931,0.230770247569554,0.472008056000248,0.297221696430198,14,1,6,7,25,5,14,6,29,5,13,11,26,11,11,4
123,4,0.173913043478261,0.521739130434783,0.304347826086957,0.0107539030971582,0.0286330498266539,0.0143165249133269,0.176627491859249,0.533341206967122,0.29003130117363,0.0264736804451309,0.0748695147026684,0.0374347573513342,0.192117741940337,0.484304373083448,0.323577884976215,0.0127074880528315,0.0334927311700526,0.0167463655850263,0.190659409063287,0.51901305386482,0.290327537071893,0.00592576547660218,0.0161030595813205,0.00805152979066026,0.175925925925926,0.527777777777778,0.296296296296296,0.00801563882184119,0.0226514312872172,0.0113257156436086,0.179990416020432,0.52698747353622,0.293022110443348,28,7,15,6,35,5,16,14,30,6,13,11,15,1,13,1
123,5,0.173913043478261,0.521739130434783,0.304347826086957,0.0844908577444653,0.220166784771921,0.11008339238596,0.0638296510923004,0.617021261568159,0.319149087339541,0.0842589313162467,0.219486088020543,0.109743044010272,0.0641699994679893,0.616818854070353,0.319011146461658,0.0701434387494906,0.189087203652902,0.0945436018264512,0.0793694416518097,0.595016382981587,0.325614175366603,0.0844907954396332,0.220166512488437,0.110083256244218,0.0638297872340425,0.617021276595745,0.319148936170213,0.0844911384090165,0.220167026715254,0.110083513357627,0.0638295301206337,0.617021957795279,0.319148512084087,27,3,17,7,17,0,11,6,26,2,16,8,24,1,14,9
124,1,0.130434782608696,0.565217391304348,0.304347826086957,0.152566723688716,0.397146132878382,0.198573066439191,0.104233547017051,0.763790457743539,0.13197599523941,0.0869088359784298,0.243680391961173,0.121840195980586,0.0835126715896647,0.687057587284934,0.229429741125401,0.152845361824574,0.397295947871319,0.198647973935659,0.104913192521798,0.763865365240007,0.131221442238195,0.142714682063587,0.375183194919394,0.187591597459697,0.101123595505618,0.752808988764045,0.146067415730337,0.150564482163734,0.389478516650867,0.194739258325433,0.107643708567374,0.759956649629781,0.132399641802844,18,0,14,4,25,2,15,8,22,1,20,1,24,6,18,0
124,2,0.130434782608696,0.565217391304348,0.304347826086957,0.0661616454498134,0.173193446801469,0.0865967234007344,0.204421914488605,0.478620667903613,0.316957417607781,0.113897811780658,0.320269150739507,0.160134575369753,0.290569357978449,0.470091696632185,0.239338945389366,0.0670453025831204,0.180331103772251,0.0901655518861256,0.200919110423564,0.475051839418222,0.324029050158213,0.077244738216212,0.202599731062304,0.101299865531152,0.216494845360825,0.463917525773196,0.319587628865979,0.0675340406203775,0.180554761133027,0.0902773805665136,0.202569137031011,0.474940010737834,0.322490852231155,24,7,13,4,21,8,9,4,29,6,10,13,23,0,13,10
124,3,0.130434782608696,0.565217391304348,0.304347826086957,0.0653132959230464,0.184611437893742,0.0923057189468711,0.173675491026112,0.472911672357477,0.353412836616412,0.120291669028213,0.338885506527738,0.169442753263869,0.228270787758418,0.395774638040479,0.375954574201103,0.0625765006806953,0.176225536009327,0.0881127680046636,0.167361458196315,0.477104623299684,0.355533918504001,0.0728314309953871,0.202599731062304,0.101299865531152,0.164948453608247,0.463917525773196,0.371134020618557,0.0634180608864582,0.179179968419423,0.0895899842097114,0.17162398535815,0.475627407094636,0.352748607547213,22,0,7,15,31,6,11,14,18,6,7,5,26,4,20,2
124,4,0.130434782608696,0.565217391304348,0.304347826086957,0.315278306473687,0.868799598956295,0.434399799478147,0.000259169476197368,0.999617190782495,0.000123639741307402,0.110722354454345,0.299041692795771,0.149520846397886,0.279955629006581,0.530728509337585,0.189315861655833,0.106695705454678,0.262684784993946,0.131342392496973,0.261777175105669,0.563872257375775,0.174350567518557,0.109093950030353,0.28546332894159,0.142731664470795,0.252525252525253,0.585858585858586,0.161616161616162,0.109094066883432,0.285462592815104,0.142731296407552,0.252526222212062,0.585857248108533,0.161616529679405,23,5,12,6,23,7,12,4,23,8,11,4,30,5,23,2
124,5,0.130434782608696,0.565217391304348,0.304347826086957,0.09993263260026,0.254770909527825,0.127385454763912,0.119746828819042,0.448519890330089,0.431733280850869,0.124251583785257,0.336729544376865,0.168364772188432,0.0898145558293032,0.437472845895308,0.472712598275389,0.106255787210517,0.284097088965575,0.142048544482788,0.101861620262464,0.451742009167792,0.446396370569744,0.110386656514928,0.308735540486637,0.154367770243319,0.073394495412844,0.467889908256881,0.458715596330275,0.105987333863592,0.272066990162978,0.136033495081489,0.116926186487758,0.442692492343797,0.440381321168446,33,2,13,18,26,2,3,21,24,3,17,4,26,1,18,7
125,1,0.0869565217391304,0.608695652173913,0.304347826086957,0.0147716316704255,0.0403436755083512,0.0201718377541755,0.0721669474192526,0.628867489928089,0.298965562652659,0.0214382772778065,0.0604016197496473,0.0302008098748236,0.0741654264688574,0.591285937569362,0.33454863596178,0.0108880297074634,0.0280666163818051,0.0140333081909025,0.100989829930033,0.607167484416267,0.2918426856537,0.0147711851665478,0.0403406544150605,0.0201703272075302,0.0721649484536082,0.628865979381443,0.298969072164948,0.0147703201573786,0.0403394742517535,0.0201697371258768,0.0721674194944996,0.62886538929979,0.298967191205711,22,2,18,2,19,1,10,8,30,2,17,11,26,2,16,8
125,2,0.0869565217391304,0.608695652173913,0.304347826086957,0.114183045465588,0.298430174208924,0.149215087104462,0.10810571568159,0.736761545335915,0.155132738982495,0.0869660418269121,0.229878773852356,0.114939386926178,0.106527116976323,0.704064443862898,0.189408439160779,0.106003840331757,0.290918967249044,0.145459483624522,0.128279652537361,0.712832005000205,0.158888342462435,0.11442826248775,0.298016040523428,0.149008020261714,0.106796116504854,0.737864077669903,0.155339805825243,0.114642212467834,0.29900269747633,0.149501348738165,0.107381646286953,0.737771876364255,0.154846477348792,26,4,15,7,21,1,16,4,32,4,27,1,24,2,18,4
125,3,0.0869565217391304,0.608695652173913,0.304347826086957,0.0868963799830959,0.242964787971708,0.121482393985854,0.163759855727152,0.487213258188059,0.349026886084788,0.154280781061954,0.432515764793863,0.216257882396932,0.220150086085095,0.392437769776981,0.387412144137923,0.0824126124648453,0.232321885966242,0.116160942983121,0.153267092493473,0.492534709190792,0.354198198315735,0.0823214273879505,0.227700582698342,0.113850291349171,0.164948453608247,0.494845360824742,0.34020618556701,0.0818927349303829,0.230769888299026,0.115384944149513,0.153272569016623,0.4933107080244,0.353416722958977,25,7,7,11,30,0,22,8,26,4,11,11,16,5,8,3
125,4,0.0869565217391304,0.608695652173913,0.304347826086957,0.0642370378061431,0.167701566532088,0.0838507832660439,0.0753029015840873,0.692546435439957,0.232150662975956,0.0674036774438124,0.190607125651203,0.0953035628256017,0.136283649081645,0.513392089348311,0.350324261570044,0.0769924658880618,0.209606138774581,0.10480306938729,0.0601283558211992,0.713498721561203,0.226372922617598,0.0617855971184199,0.17036379769299,0.0851818988464951,0.0612244897959184,0.693877551020408,0.244897959183673,0.0713229335706529,0.1871554141138,0.0935777070569002,0.0727690613736326,0.702273359230813,0.224957579395554,21,4,9,8,24,0,18,6,27,2,25,0,26,0,16,10
125,5,0.0869565217391304,0.608695652173913,0.304347826086957,0.095125989970492,0.257591536316551,0.128795768158276,0.117706693708988,0.479899884015638,0.402393422275375,0.193314900477308,0.5197310797823,0.25986553989115,0.290431130134925,0.348830112282763,0.360738757582312,0.0990199912049835,0.27735843603879,0.138679218019395,0.139458855004238,0.470016434154518,0.390524710841244,0.111756387901868,0.313545150501672,0.156772575250836,0.182692307692308,0.451923076923077,0.365384615384615,0.0992241579155912,0.273663181112379,0.136831590556189,0.128428168478353,0.471864061617724,0.399707769903923,27,9,9,9,31,10,10,11,22,0,9,13,24,0,19,5
126,1,0.0434782608695652,0.652173913043478,0.304347826086957,0.0653995150054509,0.168650866055343,0.0843254330276717,0.127803693897237,0.577108904011582,0.295087402091181,0.113610870966161,0.321147140141993,0.160573570070997,0.118944107352701,0.491600342972482,0.389455549674817,0.0501097048087176,0.138969900850297,0.0694849504251483,0.112963211294713,0.605375110764329,0.281661677940958,0.0691363844688467,0.19539641943734,0.0976982097186701,0.141176470588235,0.6,0.258823529411765,0.0538425303595297,0.145916576705321,0.0729582883526607,0.116436549222226,0.596817713117831,0.286745737659943,18,9,6,3,18,2,7,9,29,1,22,6,20,0,16,4
126,2,0.0434782608695652,0.652173913043478,0.304347826086957,0.028416330932673,0.0783558327059208,0.0391779163529604,0.0316384928567802,0.691351829396439,0.277009677746781,0.0432753558975328,0.122110527279445,0.0610552636397222,0.0166010712832147,0.713229176683201,0.270169752033585,0.0227195035338692,0.0629235141125935,0.0314617570562967,0.0333938098346342,0.683635670099775,0.282970520065591,0.0332073223443423,0.0932317346481399,0.04661586732407,0.0618556701030928,0.680412371134021,0.257731958762887,0.0250358587567521,0.0687002613067232,0.0343501306533616,0.0337357407734769,0.68652404369684,0.279740215529683,31,0,22,9,21,0,17,4,28,6,15,7,17,0,12,5
126,3,0.0434782608695652,0.652173913043478,0.304347826086957,0.036362482915577,0.102419238185847,0.0512096190929236,0.0731483416181364,0.673713451387831,0.253138206994033,0.119123299427987,0.336929369215545,0.168464684607772,0.127183128133763,0.736933730387053,0.135883141479184,0.0239269118145816,0.0676752014340168,0.0338376007170084,0.0603062495472052,0.669183525082847,0.270510225369948,0.0177499256723419,0.0434782608695653,0.0217391304347826,0.0652173913043478,0.652173913043478,0.282608695652174,0.0229475253794358,0.0641616126493623,0.0320808063246812,0.0637612788775516,0.663971701360173,0.272267019762275,14,3,9,2,28,0,20,8,21,3,17,1,29,0,14,15
126,4,0.0434782608695652,0.652173913043478,0.304347826086957,0.0371275389569337,0.100586828704301,0.0502934143521505,0.0555631696204574,0.601880498691328,0.342556331688215,0.0235628383441187,0.0666453170210047,0.0333226585105023,0.0600330603593065,0.618851254532976,0.321115685107718,0.0485768112591677,0.136827599191268,0.0684137995956341,0.0722792466068824,0.583760113447844,0.343960639945273,0.0371520885665784,0.100644122383253,0.0503220611916264,0.0555555555555556,0.601851851851852,0.342592592592593,0.0371549127562717,0.100653995646586,0.0503269978232929,0.0555602353876269,0.601846915220185,0.342592849392188,32,2,20,10,23,2,9,12,29,2,20,7,24,0,16,8
126,5,0.0434782608695652,0.652173913043478,0.304347826086957,0.09345453926556,0.251034312038081,0.12551715601904,0.0165625206756546,0.777691069062519,0.205746410261827,0.133412511735649,0.35116233262574,0.17558116631287,0.0154939312204469,0.827755079356348,0.156750989423205,0.0907097196733436,0.241375287144502,0.120687643572251,0.0207940909878035,0.772861556615729,0.206344352396467,0.0987035296621736,0.267080745341615,0.133540372670807,0.0119047619047619,0.785714285714286,0.202380952380952,0.0991775478798198,0.265335028600068,0.132667514300034,0.0165624817532908,0.784841427343512,0.198596090903197,22,0,20,2,24,1,21,2,16,0,9,7,22,0,16,6
127,1,0.608695652173913,0.0434782608695652,0.347826086956522,0.0268496712886168,0.0706373588776867,0.0353186794388434,0.57337697273507,0.073212385658806,0.353410641606124,0.094438448625732,0.265602931180431,0.132801465590216,0.475894186583697,0.0976006012181603,0.426505212198142,0.0293260457265006,0.0824606674049111,0.0412303337024555,0.567465318471458,0.0679754534828565,0.364559228045686,0.036831265951007,0.103989242492156,0.051994621246078,0.556701030927835,0.0721649484536082,0.371134020618557,0.032606972006651,0.0913386348034311,0.0456693174017155,0.563026334772198,0.0718407601261741,0.365132905101628,27,11,3,13,21,14,4,3,23,19,0,4,26,10,0,16
127,2,0.608695652173913,0.0434782608695652,0.347826086956522,0.0333336841879332,0.0861816626098256,0.0430908313049128,0.570594665090668,0.0384884166478979,0.390916918261435,0.145361471908147,0.368053818155061,0.18402690907753,0.437337955093661,0.0308090488722864,0.531852996034052,0.050936634458465,0.133059460490923,0.0665297302454617,0.551510976432524,0.034133206365493,0.414355817201983,0.0585605437847917,0.161490683229814,0.0807453416149068,0.552380952380952,0.019047619047619,0.428571428571429,0.0510932556262876,0.130061151883151,0.0650305759415756,0.548903097106329,0.0382402399955742,0.412856662898097,33,13,1,19,20,16,0,4,24,19,1,4,28,10,0,18
127,3,0.608695652173913,0.0434782608695652,0.347826086956522,0.0383155609297468,0.104183880624662,0.0520919403123309,0.556603711861582,0.0566034868554392,0.386792801282979,0.0315348934796097,0.0891810202344912,0.0445905101172456,0.564105142056668,0.0664361363084655,0.369458721634867,0.0466140756510592,0.131109509634383,0.0655547548171913,0.543140897356722,0.0702357824786037,0.386623320164674,0.0383154475739352,0.104183757178015,0.0520918785890074,0.556603773584906,0.0566037735849057,0.386792452830189,0.0383163204875544,0.104186054070222,0.052093027035111,0.556602625138802,0.0566039375606275,0.38679343730057,31,16,3,12,23,12,2,9,28,15,0,13,24,16,1,7
127,4,0.608695652173913,0.0434782608695652,0.347826086956522,0.0261685472007488,0.0728489948292049,0.0364244974146024,0.572271154759311,0.0560220631435883,0.371706782097101,0.0868305268391427,0.218361329987246,0.109180664993623,0.49951498718029,0.0493962461822993,0.45108876663741,0.0119649643558651,0.0295199654892066,0.0147599827446033,0.594149927057608,0.0432640032412666,0.362586069701125,0.0274450014575958,0.0766250538097289,0.0383125269048644,0.584158415841584,0.0297029702970297,0.386138613861386,0.0178780760179747,0.0504784902582875,0.0252392451291438,0.583456407044769,0.0573916307587601,0.35915196219647,29,9,0,20,30,26,2,2,25,17,0,8,17,7,1,9
127,5,0.608695652173913,0.0434782608695652,0.347826086956522,0.0874279529825109,0.233737276456168,0.116868638228084,0.702083676286182,0.0669588749853802,0.230957448728438,0.0118068999639208,0.0326306536904076,0.0163153268452039,0.619929337798593,0.0485599020900889,0.331510760111318,0.0840851430731015,0.2268651507601,0.11343257538005,0.696319140649885,0.0692873477736436,0.234393511576471,0.0820911425273036,0.218587953729557,0.109293976864779,0.697247706422018,0.0642201834862385,0.238532110091743,0.085318801246862,0.228652991510128,0.114326495755064,0.699266025722143,0.0672343830763987,0.233499591201458,24,22,0,2,24,13,1,10,33,21,1,11,28,20,5,3
128,1,0.565217391304348,0.0869565217391304,0.347826086956522,0.0322036503679093,0.0895243721844662,0.044762186092233,0.520455205212115,0.102066255372384,0.377478539415502,0.0260120257436718,0.0729778168594084,0.0364889084297042,0.528728482874644,0.10924546555598,0.362026051569377,0.0421988028623306,0.119044403803792,0.0595222019018962,0.505695189402452,0.120451127087182,0.373853683510367,0.0322437308085299,0.0896184560780833,0.0448092280390416,0.520408163265306,0.102040816326531,0.377551020408163,0.0322444952953318,0.0896210406155636,0.0448105203077818,0.520406870996566,0.102042344238022,0.377550784765412,27,16,3,8,31,14,5,12,26,12,1,13,14,9,1,4
128,2,0.565217391304348,0.0869565217391304,0.347826086956522,0.0386566796455047,0.107596415546182,0.053798207773091,0.58370085783385,0.12227126298272,0.294027879183431,0.079863402057494,0.212588623255217,0.106294311627609,0.458923079676739,0.107037320496177,0.434039599827084,0.0513908198795104,0.139673999829861,0.0698369999149304,0.617560575878584,0.104450337079825,0.277989087041591,0.0487745220505567,0.135652173913043,0.0678260869565217,0.61,0.11,0.28,0.0419894609346495,0.118053791071718,0.059026895535859,0.589114661820554,0.122086146758783,0.288799191420663,22,10,1,11,26,6,8,12,30,27,0,3,22,18,2,2
128,3,0.565217391304348,0.0869565217391304,0.347826086956522,0.0515866480618131,0.130959026534699,0.0654795132673497,0.504619092101413,0.15243603500648,0.342944872892107,0.0642255194372875,0.178166294946386,0.0890831474731931,0.476134243831155,0.14684477745217,0.377020978716675,0.0568069252317472,0.145738178504819,0.0728690892524093,0.499489297813738,0.15982561099154,0.340685091194722,0.0532545077300387,0.138013562026326,0.0690067810131632,0.504587155963303,0.155963302752294,0.339449541284404,0.0520838272272903,0.134514308570082,0.0672571542850409,0.505580277369613,0.154213676024171,0.340206046606216,24,8,3,13,30,15,4,11,26,18,1,7,29,14,9,6
128,4,0.565217391304348,0.0869565217391304,0.347826086956522,0.0732829275070673,0.198096893564291,0.0990484467821456,0.48928038524006,0.0638450810212721,0.446874533738667,0.0444926742858196,0.118439166172558,0.059219583086279,0.517190818501403,0.0757635114557965,0.407045670042801,0.0720605728399099,0.183080109909044,0.0915400549545218,0.480660729644468,0.0799731284444881,0.439366141911044,0.0732267064834905,0.197964847363552,0.0989824236817761,0.48936170212766,0.0638297872340425,0.446808510638298,0.0732303611286069,0.19797640829648,0.0989882041482398,0.489359862552934,0.0638258463423047,0.446814291104762,31,18,3,10,23,9,0,14,21,12,1,8,19,7,2,10
128,5,0.565217391304348,0.0869565217391304,0.347826086956522,0.0237417500429777,0.0670777942719336,0.0335388971359668,0.598756288440315,0.0715519273143175,0.329691784245368,0.0294785954961355,0.0753241904627629,0.0376620952313814,0.527555296072966,0.121268406726357,0.351176297200677,0.0166605513520993,0.0466593925396869,0.0233296962698435,0.588547087574191,0.0724359931246126,0.339016919301196,0.0192259075209729,0.0513833992094862,0.0256916996047432,0.590909090909091,0.0818181818181818,0.327272727272727,0.0194369879892929,0.0549646486137189,0.0274823243068595,0.592699715611207,0.0737013031660947,0.333598981222698,21,17,0,4,28,14,4,10,28,17,0,11,33,17,5,11
129,1,0.521739130434783,0.130434782608696,0.347826086956522,0.0997799195138014,0.279126799275407,0.139563399637703,0.470001588076064,0.269998182246399,0.260000229677537,0.0933651765155001,0.256099847219158,0.128049923609579,0.485606767582789,0.258484706218275,0.255908526198936,0.102957306815914,0.290811295349413,0.145405647674707,0.455609643528066,0.275840430283402,0.268549926188532,0.0997811088896157,0.279130434782609,0.139565217391304,0.47,0.27,0.26,0.0997807360043133,0.279129234322696,0.139564617161348,0.470000689061512,0.269999399770044,0.259999911168444,33,11,12,10,22,11,5,6,24,14,6,4,21,11,4,6
129,2,0.521739130434783,0.130434782608696,0.347826086956522,0.0206848405587095,0.0579032542923435,0.0289516271461717,0.492787503288611,0.148536393694142,0.358676103017247,0.0180469114918994,0.044563246103882,0.022281623051941,0.521377162873871,0.108515127117666,0.370107710008463,0.015806612764314,0.0446554172905463,0.0223277086452731,0.49941142178951,0.140661310621923,0.359927267588567,0.0203350944933366,0.0543478260869565,0.0271739130434783,0.5,0.125,0.375,0.0180737823567163,0.0509121006579462,0.025456050328973,0.49628308010581,0.145158938844409,0.358557981049782,27,19,2,6,24,14,7,3,29,14,2,13,24,5,2,17
129,3,0.521739130434783,0.130434782608696,0.347826086956522,0.0977609068320602,0.25540620073091,0.127703100365455,0.649442230800238,0.112460579501927,0.238097189697835,0.0422102015579321,0.115137974115853,0.0575689870579267,0.479283116500792,0.11532180948476,0.405395074014448,0.099001079047731,0.261010130990575,0.130505065495288,0.65224419593007,0.109092856654578,0.238662947415352,0.0940253595839624,0.259892525647289,0.129946262823644,0.651685393258427,0.0898876404494382,0.258426966292135,0.0959734913039512,0.249987422694755,0.124993711347377,0.64673284178216,0.113750541380275,0.239516616837565,23,19,3,1,21,19,0,2,21,10,2,9,24,10,3,11
129,4,0.521739130434783,0.130434782608696,0.347826086956522,0.131352396049252,0.326744268988434,0.163372134494217,0.679991098544625,0.13555494899307,0.184453952462305,0.118178613994336,0.324819858473363,0.162409929236682,0.637098719519445,0.177485122760715,0.18541615771984,0.121154438937747,0.30145716613696,0.15072858306848,0.667660262857107,0.135242233254851,0.197097503888042,0.133296151085243,0.335652173913044,0.167826086956522,0.68,0.14,0.18,0.132438753509181,0.330030458399561,0.16501522919978,0.680976893905286,0.136212248337973,0.182810857756741,27,22,0,5,20,13,4,3,24,14,3,7,29,19,7,3
129,5,0.521739130434783,0.130434782608696,0.347826086956522,0.0576068100916094,0.162001448754155,0.0810007243770773,0.569787925651949,0.163386711768607,0.266825362579444,0.0309176457983292,0.0822764194663997,0.0411382097331999,0.529479088504855,0.163833034271823,0.306687877223322,0.0555955730611229,0.15483059882604,0.07741529941302,0.572340273260907,0.157248939195591,0.270410787543502,0.0427852477939885,0.110746513535685,0.0553732567678425,0.528301886792453,0.179245283018868,0.292452830188679,0.0628559879503214,0.177220317612691,0.0886101588063453,0.572167333963116,0.168616737886708,0.259215928150176,33,16,7,10,26,15,11,0,27,17,1,9,20,8,0,12
130,1,0.478260869565217,0.173913043478261,0.347826086956522,0.128867454680503,0.360379767635898,0.180189883817949,0.298070985747268,0.240366165639116,0.461562848613615,0.138272236546084,0.388932499050678,0.194466249525339,0.283794620039879,0.253370470059257,0.462834909900865,0.124718309308001,0.349875421094035,0.174937710547018,0.3033231590182,0.241899006605194,0.454777834376606,0.128860685208046,0.360367892976589,0.180183946488294,0.298076923076923,0.240384615384615,0.461538461538462,0.128860662052051,0.360367785962394,0.180183892981197,0.29807697658402,0.240384471995182,0.461538551420798,32,9,8,15,19,4,4,11,38,11,12,15,15,7,1,7
130,2,0.478260869565217,0.173913043478261,0.347826086956522,0.0602613478069206,0.152465762615249,0.0762328813076247,0.402027988257593,0.245022754884049,0.352949256858358,0.0424383327530277,0.114007546959011,0.0570037734795056,0.421257096085712,0.218676710166961,0.360066193747328,0.0612686432602953,0.156585380239132,0.0782926901195659,0.399968179445651,0.245206876399729,0.354824944154619,0.0603190704179563,0.152600170502984,0.0763000852514919,0.401960784313726,0.245098039215686,0.352941176470588,0.0603145909130168,0.152592952830058,0.0762964764150292,0.401964393150188,0.245090217189285,0.352945389660526,27,12,4,11,23,10,3,10,28,8,11,9,24,11,7,6
130,3,0.478260869565217,0.173913043478261,0.347826086956522,0.115613241311209,0.317945820386529,0.158972910193265,0.637233779758482,0.0613306261167415,0.301435594124776,0.0905117809262937,0.24169684814815,0.120848424074075,0.599109293639292,0.076946834659664,0.323943871701044,0.102418962517924,0.281511027879906,0.140755513939953,0.61901638350517,0.0739484685567577,0.307035147938072,0.114314201988368,0.314311594202899,0.157155797101449,0.635416666666667,0.0625,0.302083333333333,0.114503177114617,0.31467349041271,0.157336745206355,0.635597614771573,0.062073481419247,0.302328903809181,24,17,0,7,19,15,1,3,25,13,1,11,28,16,4,8
130,4,0.478260869565217,0.173913043478261,0.347826086956522,0.0263381810725151,0.0743290602651586,0.0371645301325793,0.494687224537987,0.194651218638071,0.310661556823942,0.0642982267549312,0.161850727497069,0.0809253637485345,0.401885695820177,0.254838407226795,0.343275896953028,0.0290078741237759,0.0818749842734675,0.0409374921367338,0.501026666990736,0.192084738189476,0.306888594819788,0.0411196424441416,0.110746513535685,0.0553732567678425,0.490566037735849,0.216981132075472,0.292452830188679,0.0265329309066094,0.0747725863713845,0.0373862931856923,0.499727722183845,0.189832484045325,0.310439793770829,26,13,10,3,25,7,9,9,26,12,4,10,29,20,0,9
130,5,0.478260869565217,0.173913043478261,0.347826086956522,0.0429037569098666,0.11456152166225,0.057280760831125,0.466949204174924,0.231193804309386,0.30185699151569,0.0381635108455482,0.106785159154808,0.0533925795774041,0.444737818125458,0.227305623055665,0.327956558818877,0.0633746411036641,0.167264646412741,0.0836323232063707,0.492171053513853,0.243635182735995,0.264193763750151,0.058069281653366,0.15819800942902,0.0790990047145102,0.457831325301205,0.253012048192771,0.289156626506024,0.0586507236514464,0.149396708582978,0.0746983542914892,0.484385409373358,0.242486857961609,0.273127732665033,26,20,5,1,23,7,13,3,17,4,0,13,17,7,3,7
131,1,0.434782608695652,0.217391304347826,0.347826086956522,0.0548973506240318,0.145853790312235,0.0729268951561173,0.375257729451859,0.290318199503943,0.334424071044198,0.0863843038447799,0.244323107899769,0.122161553949884,0.374589513270033,0.33955285829771,0.285857628432257,0.0509559867156077,0.13447700245815,0.0672385012290751,0.378713261475698,0.284629805576901,0.336656932947401,0.0534524562914381,0.142995169082126,0.0714975845410628,0.377777777777778,0.288888888888889,0.333333333333333,0.0511956878466084,0.136277545942817,0.0681387729714084,0.379515854576343,0.285530077319235,0.334954068104422,33,13,11,9,25,12,2,11,18,3,7,8,14,6,6,2
131,2,0.434782608695652,0.217391304347826,0.347826086956522,0.0467711490890594,0.125911354226777,0.0629556771133885,0.483831662920666,0.154435627234438,0.361732709844896,0.0343298058514038,0.0954392550864046,0.0477196275432022,0.466383947836724,0.169671676804624,0.363944375358653,0.0475997329826413,0.133782560802785,0.0668912804013927,0.461688422849363,0.150500023946433,0.387811553204203,0.0655286840547457,0.182355424229633,0.0911777121148164,0.466019417475728,0.12621359223301,0.407766990291262,0.0465278955352261,0.13074021353458,0.06537010676729,0.460961553385908,0.152021197580536,0.387017249033556,29,11,5,13,21,13,4,4,21,16,2,3,32,8,2,22
131,3,0.434782608695652,0.217391304347826,0.347826086956522,0.0897893016711277,0.220384190084398,0.110192095042199,0.544527120829597,0.21783888725608,0.237633991914323,0.0968273030909836,0.246060894819633,0.123030447409817,0.557813056105469,0.207942592850047,0.234244351044485,0.0771583419723108,0.197984679349583,0.0989923396747915,0.524034307936605,0.227131944781665,0.24883374728173,0.0898045952665056,0.220404649160568,0.110202324580284,0.544554455445545,0.217821782178218,0.237623762376238,0.0898045433982968,0.220404239735232,0.110202119867616,0.544554534773848,0.217821498137247,0.237623967088906,33,21,5,7,19,11,5,3,25,14,4,7,24,9,8,7
131,4,0.434782608695652,0.217391304347826,0.347826086956522,0.0767530704819131,0.216607191319837,0.108303595659919,0.386899711722457,0.325694900007745,0.287405388269799,0.0839063739679533,0.236924952749382,0.118462476374691,0.316320132320961,0.282572387663984,0.401107480015055,0.0731903674258324,0.206766786301738,0.103383393150869,0.387467022419575,0.320774697498695,0.29175828008173,0.0639837005675886,0.180602006688963,0.0903010033444816,0.384615384615385,0.307692307692308,0.307692307692308,0.0712181472372339,0.201273194062223,0.100636597031112,0.387963345383508,0.318027901378938,0.294008753237554,24,7,7,10,32,9,7,16,19,7,9,3,29,17,9,3
131,5,0.434782608695652,0.217391304347826,0.347826086956522,0.0345266269115778,0.0971274402332467,0.0485637201166234,0.414894581265313,0.265955024464449,0.319150394270238,0.0345288754441392,0.0971334856646054,0.0485667428323027,0.414894516241188,0.265958047180129,0.319147436578684,0.0370061032726184,0.104628435797299,0.0523142178986497,0.407362775162344,0.269705522246476,0.32293170259118,0.0345283514451317,0.0971322849213691,0.0485661424606846,0.414893617021277,0.265957446808511,0.319148936170213,0.0345291855955179,0.0971349462776983,0.0485674731388492,0.414891752902547,0.265958777486675,0.319149469610778,27,9,10,8,26,12,4,10,21,11,5,5,20,7,6,7
132,1,0.391304347826087,0.260869565217391,0.347826086956522,0.119180657764866,0.306739812644064,0.153369906322032,0.407455858544288,0.398087960821222,0.19445618063449,0.142562606370909,0.357993374640553,0.178996687320276,0.382157012555237,0.439866252537668,0.177976734907095,0.108107207508498,0.279054105849383,0.139527052924691,0.406939290346667,0.384761675621503,0.20829903403183,0.119206607925147,0.306763285024155,0.153381642512077,0.407407407407407,0.398148148148148,0.194444444444444,0.119097003241579,0.306562210181677,0.153281105090838,0.407489781578425,0.397965236555891,0.194544981865684,24,13,4,7,25,9,13,3,36,13,17,6,23,9,9,5
132,2,0.391304347826087,0.260869565217391,0.347826086956522,0.0871525937405528,0.227258843187736,0.113629421593868,0.406771412925339,0.147240143623523,0.445988443451137,0.10562156741969,0.290032925994032,0.145016462997016,0.34980486269315,0.157352587353312,0.492842549953538,0.0860940521920305,0.223368518367314,0.111684259183657,0.405155425725746,0.149185306033734,0.445659268240519,0.0842123706309792,0.206603465184701,0.10330173259235,0.390977443609023,0.157894736842105,0.451127819548872,0.0858070332856848,0.223168360618217,0.111584180309109,0.405792703639856,0.149285384908283,0.444921911451862,36,13,6,17,33,17,10,6,30,12,0,18,34,10,5,19
132,3,0.391304347826087,0.260869565217391,0.347826086956522,0.0544932535252355,0.15146094807155,0.0757304740357749,0.341072078165484,0.336600039253166,0.32232788258135,0.0609983625601984,0.170457382521314,0.0852286912606568,0.30607565656543,0.291940384868416,0.401983958566154,0.0623988195752194,0.174811637139887,0.0874058185699433,0.337085441838007,0.348275383787335,0.314639174374659,0.0710023126686976,0.19113215669393,0.0955660783469651,0.316831683168317,0.356435643564356,0.326732673267327,0.0629511284862944,0.175919696643377,0.0879598483216885,0.335426286039291,0.34882941353908,0.315744300421629,29,8,10,11,18,8,2,8,28,9,17,2,26,7,7,12
132,4,0.391304347826087,0.260869565217391,0.347826086956522,0.0480423384050206,0.123959391344193,0.0619796956720965,0.32932465215399,0.267755732578676,0.402919615267334,0.0301824773669807,0.0779063095327451,0.0389531547663726,0.425895875104087,0.265231192705764,0.308872932190149,0.0387081427790077,0.102498036254421,0.0512490181272104,0.340055329698877,0.269831719049886,0.390112951251237,0.0349393592109054,0.0968006562756358,0.0484003281378179,0.358490566037736,0.245283018867925,0.39622641509434,0.0381134283843709,0.0999548605337995,0.0499774302668998,0.341326917559187,0.268375646603212,0.3902974358376,35,15,9,11,22,8,6,8,27,14,7,6,22,1,4,17
132,5,0.391304347826087,0.260869565217391,0.347826086956522,0.0634449740254733,0.175792351130877,0.0878961755654387,0.303408172260648,0.289210160108341,0.407381667631011,0.104028814418696,0.273904891887468,0.136952445943734,0.276287690750523,0.238933776349222,0.484778532900256,0.0623278018898966,0.176134584496752,0.0880672922483758,0.303237055577711,0.301702217797588,0.395060726624701,0.0640091710327432,0.180666948079358,0.0903334740396792,0.300970873786408,0.300970873786408,0.398058252427184,0.0635086800965633,0.179252605228937,0.0896263026144687,0.301678045211618,0.300645546569564,0.397676408218818,27,14,7,6,19,5,3,11,33,6,16,11,24,6,5,13
133,1,0.347826086956522,0.304347826086957,0.347826086956522,0.00775397797747778,0.0206320317775766,0.0103160158887882,0.339447656081903,0.302410241072787,0.35814210284531,0.0908174096379116,0.22626476614197,0.113132383070985,0.35173773675514,0.191215443015971,0.457046820228889,0.0103466069861229,0.0289469776880934,0.0144734888440467,0.338727353088,0.298973071111432,0.362299575800568,0.0194786792654161,0.0534503390506582,0.0267251695253291,0.321100917431193,0.311926605504587,0.36697247706422,0.0111655149584481,0.0308563768966745,0.0154281884483373,0.337199719164685,0.299546005430456,0.363254275404859,30,7,14,9,26,10,3,13,30,10,5,15,23,8,12,3
133,2,0.347826086956522,0.304347826086957,0.347826086956522,0.021334605743238,0.0588553193852663,0.0294276596926332,0.368306868951941,0.274920166394323,0.356772964653736,0.00567625154366584,0.0160548551460693,0.00802742757303465,0.351832568854245,0.296320398513922,0.351847032631833,0.0111569586546132,0.0306141400062032,0.0153070700031017,0.35879425550814,0.289040756083855,0.352164988408005,0.011846224495347,0.0335061826884722,0.0167530913442361,0.339449541284404,0.321100917431193,0.339449541284404,0.0138656258440853,0.0381636772315703,0.0190818386157852,0.361278009505668,0.285265987471171,0.353456003023161,23,11,3,9,24,4,17,3,23,10,1,12,39,12,14,13
133,3,0.347826086956522,0.304347826086957,0.347826086956522,0.0811632696959121,0.213924742148025,0.106962371074013,0.258282415339574,0.411310197160969,0.330407387499457,0.0933190690964633,0.258653354789536,0.129326677394768,0.260389279681252,0.433674503481724,0.305936216837024,0.0787267810437133,0.205365575790492,0.102682787895246,0.259214827396019,0.407030613982202,0.333754558621779,0.0698602902899967,0.175618073316283,0.0878090366581415,0.264705882352941,0.392156862745098,0.343137254901961,0.0786872722764928,0.20581813382234,0.10290906691117,0.259699722512062,0.407256892998127,0.333043384489811,27,7,13,7,23,1,11,11,28,7,6,15,24,12,10,2
133,4,0.347826086956522,0.304347826086957,0.347826086956522,0.122326055152156,0.345675219050543,0.172837609525272,0.267799950167818,0.211536353350389,0.520663696481793,0.0612709163113086,0.172877956571453,0.0864389782857264,0.309842536423962,0.255892398333789,0.434265065242248,0.113351078160493,0.320341484992185,0.160170742496092,0.27337101911124,0.218632151436145,0.507996829452614,0.122072794658865,0.345164152617569,0.172582076308784,0.26530612244898,0.214285714285714,0.520408163265306,0.116721551240334,0.329877070354415,0.164938535177207,0.271043689871342,0.216191687994929,0.512764622133729,23,6,4,13,29,9,9,11,24,9,7,8,22,2,1,19
133,5,0.347826086956522,0.304347826086957,0.347826086956522,0.0658084181602274,0.175572703850341,0.0877863519251705,0.435612438881692,0.287218229161555,0.277169331956753,0.111538562545275,0.315370515311434,0.157685257655717,0.43024587115379,0.379613299545405,0.190140829300805,0.0676672061751452,0.180431442651189,0.0902157213255944,0.438041808282116,0.286882666207574,0.275075525510309,0.0662604150620443,0.176688251618871,0.0883441258094357,0.436170212765957,0.287234042553192,0.276595744680851,0.0678927829692183,0.181044199623808,0.0905220998119038,0.438348186768426,0.286807834118805,0.27484397911277,24,16,2,6,26,12,11,3,21,8,9,4,23,5,5,13
134,1,0.304347826086957,0.347826086956522,0.347826086956522,0.0705383849442002,0.196784005295396,0.0983920026476981,0.402739828734655,0.31286932673028,0.284390844535066,0.0834050858239587,0.221361161666302,0.110680580833151,0.395000568723395,0.367853925153234,0.237145506123371,0.0722420534447888,0.20331820399565,0.101659101997825,0.406006928084782,0.305796630538147,0.288196441377071,0.0688540062254561,0.191304347826087,0.0956521739130435,0.4,0.315789473684211,0.284210526315789,0.0706896789985973,0.196949072715204,0.0984745363576022,0.402822362444559,0.313509286004103,0.283668351551338,23,8,9,6,23,10,2,11,27,11,11,5,22,9,8,5
134,2,0.304347826086957,0.347826086956522,0.347826086956522,0.149356680039399,0.403605461294444,0.201802730647222,0.14942914653836,0.549628817603744,0.300942035857896,0.155320874721189,0.435667653225979,0.21783382661299,0.170973211057094,0.565659913569511,0.263366875373394,0.145564506422867,0.389181901700789,0.194590950850394,0.148877530674467,0.542417037806916,0.308705431518617,0.146275198661509,0.392067124332571,0.196033562166285,0.149122807017544,0.543859649122807,0.307017543859649,0.149820727828374,0.400924083646837,0.200462041823419,0.144697927101649,0.54828812877994,0.30701394411841,28,4,15,9,35,1,18,16,26,4,17,5,25,8,12,5
134,3,0.304347826086957,0.347826086956522,0.347826086956522,0.122249968421669,0.3163184566196,0.1581592283098,0.146188597777157,0.487377397333581,0.366434004889262,0.12620641554483,0.321748239689018,0.160874119844509,0.143473706242448,0.495208849953749,0.361317443803803,0.120572462965663,0.308127444949111,0.154063722474556,0.150284103612401,0.488141874283854,0.361574022103745,0.10740420847612,0.27536231884058,0.13768115942029,0.166666666666667,0.472222222222222,0.361111111111111,0.120590117165539,0.308139467692786,0.154069733846393,0.150278092240563,0.488184349014327,0.36153755874511,27,2,15,10,27,10,13,4,22,0,9,13,32,6,14,12
134,4,0.304347826086957,0.347826086956522,0.347826086956522,0.0342908221773731,0.0969156381661693,0.0484578190830847,0.352805645170041,0.321962993923564,0.325231360906395,0.0521570007520601,0.145923372210414,0.0729616861052068,0.350208080725024,0.374927518423661,0.274864400851315,0.0299626592581587,0.0846880049678959,0.0423440024839479,0.346691828570904,0.32528276702061,0.328025404408486,0.0337460553686629,0.0946010511227903,0.0473005255613951,0.351648351648352,0.318681318681319,0.32967032967033,0.0314450088268779,0.0887962527502497,0.0443981263751249,0.348745952462081,0.323438953622122,0.327815093915796,24,4,6,14,27,8,12,7,22,13,4,5,18,7,7,4
134,5,0.304347826086957,0.347826086956522,0.347826086956522,0.0818505414699088,0.219910416311512,0.109955208155756,0.218038834265409,0.457781295112278,0.324179870622314,0.0973484186255317,0.269542336307167,0.134771168153584,0.261306052090481,0.482597255110105,0.256096692799414,0.0827156631388068,0.228072342264995,0.114036171132497,0.224754640347759,0.461862258089019,0.313383101563221,0.0774603162192048,0.211564320932317,0.105782160466159,0.22680412371134,0.45360824742268,0.319587628865979,0.080210163452936,0.221266999174952,0.110633499587476,0.227335983334417,0.458459586543998,0.314204430121585,20,1,14,5,31,8,15,8,21,2,4,15,25,11,11,3
135,1,0.260869565217391,0.391304347826087,0.347826086956522,0.0919776493027993,0.260067012258456,0.130033506129228,0.198733336359951,0.521337853955315,0.279928809684734,0.100865287832944,0.273141459937642,0.136570729968821,0.228249817026632,0.527875077794908,0.24387510517846,0.0917973476728475,0.259310047939001,0.129655023969501,0.201726297180223,0.520959371795588,0.27731433102419,0.0864243983535714,0.244418331374853,0.122209165687427,0.198198198198198,0.513513513513513,0.288288288288288,0.093005321463902,0.262825283921215,0.131412641960607,0.19996146063545,0.522716989786694,0.277321549577856,27,1,11,15,24,6,13,5,29,6,14,9,31,9,19,3
135,2,0.260869565217391,0.391304347826087,0.347826086956522,0.0393636952177852,0.109895619466203,0.0549478097331013,0.280610139239526,0.336356538092986,0.383033322667489,0.0709649585179154,0.187594436444127,0.0937972182220634,0.338680945095958,0.297507129604024,0.363811925300019,0.0383107151890271,0.104543237472851,0.0522716187364254,0.274663383115527,0.339032729089662,0.386303887794812,0.0367950174256919,0.104037267080745,0.0520186335403727,0.285714285714286,0.339285714285714,0.375,0.0379995929524933,0.105065566158287,0.0525327830791433,0.277328631774965,0.338771564746944,0.383899803478092,30,12,6,12,32,8,13,11,22,10,5,7,28,2,14,12
135,3,0.260869565217391,0.391304347826087,0.347826086956522,0.100461572666513,0.26901212734779,0.134506063673895,0.288500879522673,0.4981790971947,0.213320023282627,0.0246266367948871,0.0679743525620706,0.0339871762810353,0.237291089373025,0.425291524107122,0.337417386519853,0.0982811217939777,0.262730478770373,0.131365239385187,0.287231086723661,0.496308065705004,0.216460847571335,0.0816510045446713,0.210803689064559,0.105401844532279,0.272727272727273,0.484848484848485,0.242424242424242,0.0985377220996575,0.263838234688368,0.131919117344184,0.287937815423033,0.496155214964629,0.215906969612338,22,3,10,9,27,6,17,4,22,10,12,0,28,8,9,11
135,4,0.260869565217391,0.391304347826087,0.347826086956522,0.0724719173608874,0.202281707136363,0.101140853568182,0.224657551074316,0.326375508400981,0.448966940524703,0.0526615856052859,0.144963223517405,0.0724816117587027,0.188387953458689,0.41272368733602,0.398888359205292,0.0804884869972794,0.226543100026044,0.113271550013022,0.213968356297891,0.324934006732565,0.461097636969544,0.0640539575345857,0.176688251618871,0.0883441258094357,0.234042553191489,0.329787234042553,0.436170212765957,0.0798468130774606,0.224668696135895,0.112334348067948,0.214653070610083,0.325186494365447,0.460160435024469,26,4,12,10,19,11,5,3,25,7,1,17,24,0,13,11
135,5,0.260869565217391,0.391304347826087,0.347826086956522,0.0672861661500621,0.189913052493096,0.094956526246548,0.21873787343958,0.33847951335735,0.44278261320307,0.086574708783742,0.218964473995652,0.109482236997826,0.253594225316838,0.289097450728814,0.457308323954348,0.0675854451233005,0.188794627808182,0.0943973139040911,0.22665354800237,0.331123051137017,0.442223400860613,0.0670905219121596,0.188963210702341,0.0944816053511706,0.221153846153846,0.336538461538462,0.442307692307692,0.0685647315933352,0.192993130077847,0.0964965650389233,0.220867089478699,0.334810258525856,0.444322651995445,29,3,14,12,32,10,6,16,14,2,7,5,29,8,8,13
136,1,0.217391304347826,0.434782608695652,0.347826086956522,0.0539214998446313,0.138784120252024,0.069392060126012,0.286783364473838,0.427469944237385,0.285746691288777,0.0851052108211198,0.21379668437153,0.106898342185765,0.324289646533591,0.429228152257021,0.246482201209388,0.0539172900379867,0.14087606236679,0.0704380311833952,0.287829335531221,0.424851417640989,0.287319246827789,0.0536500365356116,0.139685476410731,0.0698427382053654,0.287234042553192,0.425531914893617,0.287234042553192,0.0537081194477561,0.138617425341438,0.069308712670719,0.286700017018545,0.427036799382892,0.286263183598563,25,10,11,4,21,8,9,4,23,3,12,8,25,6,8,11
136,2,0.217391304347826,0.434782608695652,0.347826086956522,0.0768847029279519,0.203291207223255,0.101645603611628,0.234777378348724,0.519042138306382,0.246180483344894,0.0516448231831102,0.144911426985908,0.072455713492954,0.261582127193206,0.463047499343226,0.275370373463568,0.0688722694020896,0.187184569192347,0.0935922845961732,0.24083263050571,0.504933567133942,0.254233802360348,0.0816920594737876,0.21213569039656,0.10606784519828,0.230769230769231,0.527472527472527,0.241758241758242,0.0801480745091132,0.208790660563228,0.104395330281614,0.231355711285571,0.525213532039522,0.243430756674908,16,6,5,5,23,4,13,6,29,4,21,4,23,7,9,7
136,3,0.217391304347826,0.434782608695652,0.347826086956522,0.0880833068246001,0.247407573643335,0.123703786821667,0.0936875175261587,0.509324390057905,0.396988092415936,0.125137453470376,0.34577559927384,0.17288779963692,0.0982147000260094,0.381071413380549,0.520713886593442,0.0849363654755669,0.240172893563391,0.120086446781696,0.0973048575661304,0.497216071574259,0.405479070859611,0.0954304346758454,0.269834155087405,0.134917077543702,0.0824742268041237,0.505154639175258,0.412371134020619,0.0879552871468125,0.248669327988433,0.124334663994217,0.0930566403536095,0.500091166998093,0.406852192648298,24,0,18,6,24,2,9,13,20,3,13,4,29,3,9,17
136,4,0.217391304347826,0.434782608695652,0.347826086956522,0.120677883224631,0.339909579620125,0.169954789810063,0.387346094157889,0.336342141524986,0.276311764317125,0.0976571808415645,0.275215521333317,0.137607760666659,0.354999065014485,0.355806923797067,0.289194011188449,0.118910262121813,0.334356673085796,0.167178336542898,0.384569640890724,0.33544451983009,0.279985839279186,0.122067884818808,0.3441647597254,0.1720823798627,0.389473684210526,0.336842105263158,0.273684210526316,0.122001767129742,0.343958653471254,0.171979326735627,0.389370631083453,0.336793772196324,0.273835596720223,17,5,6,6,24,12,4,8,33,15,13,5,21,5,9,7
136,5,0.217391304347826,0.434782608695652,0.347826086956522,0.0327220592153736,0.0893432926500959,0.044671646325048,0.172719658022778,0.446657420917593,0.380622921059629,0.0541427708212579,0.140281882376286,0.0701409411881431,0.287532245535969,0.426308110075471,0.28615964438856,0.0263492574323604,0.0724208925866663,0.0362104462933331,0.181180858054493,0.445270238043524,0.373548903901983,0.0141042520172332,0.039041703637977,0.0195208518189885,0.204081632653061,0.428571428571429,0.36734693877551,0.0267743825650562,0.0735511790586841,0.036775589529342,0.180615714818484,0.445362179994836,0.37402210518668,22,0,7,15,28,11,10,7,25,7,11,7,23,2,14,7
137,1,0.173913043478261,0.478260869565217,0.347826086956522,0.0509168256070427,0.135887013137679,0.0679435065688395,0.2418565500471,0.464942073240869,0.293201376712031,0.079783269350388,0.198347185648301,0.0991735928241506,0.273086636302411,0.475273471938073,0.251639891759515,0.0512954163151969,0.136551980099184,0.068275990049592,0.242189033527853,0.465350721569385,0.292460244902762,0.0512926063443053,0.137022397891963,0.0685111989459816,0.242424242424242,0.464646464646465,0.292929292929293,0.0513072187141584,0.135105977646419,0.0675529888232093,0.24146603230147,0.46742105569074,0.29111291200779,19,7,9,3,19,1,8,10,33,9,17,7,28,7,12,9
137,2,0.173913043478261,0.478260869565217,0.347826086956522,0.0331400205965335,0.0933897828047179,0.0466948914023589,0.22060793488062,0.458389310139426,0.321002754979954,0.0270237679028224,0.0755026957933099,0.0377513478966549,0.160190314948596,0.516012217461872,0.323797467589531,0.043020017689102,0.120638327737951,0.0603191638689755,0.234232207347236,0.441225116052974,0.32454267659979,0.052158330165658,0.147223417993973,0.0736117089969867,0.247524752475248,0.445544554455446,0.306930693069307,0.0433397018869259,0.122492597490104,0.0612462987450522,0.235159342223313,0.445597424381963,0.319243233394724,36,16,10,10,27,2,16,9,21,5,9,7,17,2,10,5
137,3,0.173913043478261,0.478260869565217,0.347826086956522,0.0548787045952526,0.138380237348732,0.069190118674366,0.178060542396753,0.543303489321092,0.278635968282156,0.0598139104361401,0.164605192470668,0.0823025962353341,0.198144890890111,0.536331618388701,0.265523490721188,0.0484816195295603,0.127306228417038,0.0636531142085188,0.183673519440154,0.532153507811843,0.284172972748003,0.0540778885986681,0.136330140014738,0.0681650700073692,0.177966101694915,0.542372881355932,0.279661016949153,0.0541011300537984,0.135823872806011,0.0679119364030057,0.177350573316332,0.542735276130152,0.279914150553516,24,7,13,4,32,8,14,10,27,3,18,6,35,3,19,13
137,4,0.173913043478261,0.478260869565217,0.347826086956522,0.0814202067408034,0.229808754495893,0.114904377247946,0.0590086662303144,0.529262231457758,0.411729102311927,0.0840852498287506,0.21999586514712,0.10999793257356,0.0639151109047008,0.494133949532298,0.441950939563001,0.066812882970594,0.187732790909894,0.0938663954549468,0.0800466480233141,0.515825670979282,0.404127680997404,0.0824098353893087,0.232441471571906,0.116220735785953,0.0576923076923077,0.528846153846154,0.413461538461538,0.0817427017666032,0.230589175901663,0.115294587950831,0.0586184555274296,0.528616220720522,0.412765323752048,32,1,14,17,25,1,18,6,23,1,10,12,24,3,13,8
137,5,0.173913043478261,0.478260869565217,0.347826086956522,0.0971857415928148,0.267613863208714,0.133806931604357,0.13420114519964,0.612067801169575,0.253731053630785,0.125713680836935,0.355178283737142,0.177589141868571,0.0923618724462749,0.655850011433788,0.251788116119937,0.0986822025274642,0.273969507374845,0.136984753687422,0.128521501823009,0.61524562325264,0.256232874924351,0.105057495995272,0.28876127973749,0.144380639868745,0.132075471698113,0.622641509433962,0.245283018867925,0.104602714169119,0.291201740103731,0.145600870051866,0.123759500014405,0.623861739617083,0.252378760368512,28,3,20,5,34,1,25,8,20,8,9,3,24,2,12,10
138,1,0.130434782608696,0.521739130434783,0.347826086956522,0.0626763179758113,0.175784301367081,0.0878921506835406,0.184316080075505,0.433846979751242,0.381836940173253,0.157392039772509,0.42999457429232,0.21499728714616,0.287838397532037,0.306741843288623,0.40541975917934,0.0602620585990435,0.167598850501745,0.0837994252508724,0.185770112287673,0.43793970518391,0.376290182528416,0.0613249541342155,0.159267734553776,0.0796338672768879,0.2,0.442105263157895,0.357894736842105,0.0601970219500768,0.167379064853191,0.0836895324265958,0.185791351038959,0.438049598008187,0.376159050952855,22,9,5,8,30,3,20,7,16,0,9,7,27,7,8,12
138,2,0.130434782608696,0.521739130434783,0.347826086956522,0.0645137120628192,0.16402977718685,0.0820148885934249,0.0548123545196631,0.603754019028207,0.341433626452129,0.0608998921598925,0.170095377294217,0.0850476886471088,0.0996737308731339,0.606786819081891,0.293539450044975,0.0572820049721898,0.161091452102886,0.0805457260514429,0.0498890565572527,0.569504099411796,0.380606844030951,0.0572530119936566,0.161859664227292,0.0809298321136461,0.0495049504950495,0.564356435643564,0.386138613861386,0.0529880809144144,0.149617792337651,0.0748088961688255,0.0556258864398701,0.5629286635896,0.38144544997053,25,4,15,6,38,1,12,25,22,0,17,5,16,0,13,3
138,3,0.130434782608696,0.521739130434783,0.347826086956522,0.0241269746086945,0.0653449261056746,0.0326724630528374,0.163107245661533,0.496885330346937,0.340007423991531,0.0852674148130095,0.214522810383853,0.107261405191927,0.136347131706966,0.414477725242856,0.449175143050178,0.0318364000311429,0.0893352627255376,0.0446676313627688,0.175102413971464,0.504297817358843,0.320599768669693,0.0195461386764875,0.0549199084668192,0.0274599542334096,0.157894736842105,0.505263157894737,0.336842105263158,0.0285718312376263,0.0798692675163181,0.0399346337581591,0.170369416366855,0.507105019004434,0.322525564628712,22,3,7,12,32,8,21,3,20,1,12,7,21,3,8,10
138,4,0.130434782608696,0.521739130434783,0.347826086956522,0.0813894980736297,0.222979637976689,0.111489818988345,0.21095651174292,0.552707220288903,0.236336267968177,0.156093235095713,0.39447741882147,0.197238709410735,0.327673492019431,0.508970318514297,0.163356189466272,0.0866294424731127,0.240107740160399,0.1200538700802,0.211610988649906,0.560616794473772,0.227772216876322,0.0969153602927696,0.251207729468599,0.1256038647343,0.240740740740741,0.537037037037037,0.222222222222222,0.0788137354003771,0.210215118153274,0.105107559076637,0.215108775414588,0.542172696705527,0.242718527879885,25,1,22,2,25,9,14,2,30,15,8,7,28,1,14,13
138,5,0.130434782608696,0.521739130434783,0.347826086956522,0.0729969016271223,0.194167371889583,0.0970836859447916,0.033351096663904,0.539885415947749,0.426763487388347,0.117877268486892,0.330388289633523,0.165194144816762,0.0284535277932532,0.458526240433463,0.513020231773283,0.0701499889978422,0.180583146321866,0.0902915731609332,0.0401432094477625,0.531288494488695,0.428568296063542,0.0812397590565963,0.214892553723138,0.107446276861569,0.0229885057471264,0.540229885057471,0.436781609195402,0.0750861478985545,0.196809294061105,0.0984046470305525,0.0320301355781432,0.536382974651055,0.431586889770802,26,0,13,13,24,1,8,15,22,0,18,4,15,1,8,6
139,1,0.0869565217391304,0.565217391304348,0.347826086956522,0.0219134286057688,0.0539930061191357,0.0269965030595679,0.113953024798698,0.538540021943455,0.347506953257846,0.0749321519281789,0.211924207963494,0.105962103981747,0.141062508707049,0.459255287322601,0.399682203970351,0.0209334073963924,0.0577513263831643,0.0288756631915821,0.115832184930713,0.54512638588585,0.339041429183437,0.0165652597762042,0.0462704427602711,0.0231352213801356,0.110091743119266,0.55045871559633,0.339449541284404,0.0223984191120897,0.0613691518320073,0.0306845759160037,0.117641097655134,0.543065083616383,0.339293818728483,38,7,18,13,21,3,6,12,27,0,24,3,23,2,12,9
139,2,0.0869565217391304,0.565217391304348,0.347826086956522,0.0627314246816834,0.155486599478232,0.077743299739116,0.0850961130423034,0.489334500262059,0.425569386695638,0.0626803037744999,0.155344912505899,0.0776724562529494,0.0851131696379205,0.489388287152608,0.425498543209471,0.0674584699806484,0.184572318745903,0.0922861593729515,0.11216120728141,0.472931231931396,0.414907560787193,0.0627048756458713,0.155411655874191,0.0777058279370953,0.0851063829787234,0.48936170212766,0.425531914893617,0.0627067085218668,0.155415158425456,0.0777075792127282,0.0851074080554484,0.489358925775302,0.42553366616925,17,1,8,8,27,3,14,10,25,2,9,14,25,2,15,8
139,3,0.0869565217391304,0.565217391304348,0.347826086956522,0.0736079649878884,0.206939185989552,0.103469592994776,0.128805406108199,0.461747798309572,0.409446795582229,0.0487834072260907,0.130059866217299,0.0650299331086496,0.0743930483818906,0.630247324412997,0.295359627205112,0.0696889245101723,0.194391029199566,0.0971955145997831,0.121426531329665,0.468021876704565,0.410551591965771,0.0596112341671389,0.167471819645733,0.0837359098228663,0.12037037037037,0.481481481481481,0.398148148148148,0.0752459671296005,0.21182412819703,0.105912064098515,0.130973350093571,0.459305327205833,0.409721322700596,27,1,11,15,31,2,22,7,22,1,15,6,28,9,4,15
139,4,0.0869565217391304,0.565217391304348,0.347826086956522,0.0354337499689936,0.0894721151995992,0.0447360575997997,0.0841420045961758,0.523295850847503,0.392562144556321,0.0225883346753831,0.058168614907473,0.0290843074537365,0.0900563597011254,0.536133083850611,0.373810556448263,0.0386288491286948,0.105398422703887,0.0526992113519433,0.100841103561391,0.512518179952404,0.386640716486205,0.0353911606467561,0.0893945550589191,0.0446972775294596,0.0841121495327103,0.523364485981308,0.392523364485981,0.0353956241034737,0.0894065293037635,0.0447032646518818,0.0841110142361645,0.523359634155432,0.392529351608404,28,1,15,12,26,1,11,14,26,3,14,9,27,4,16,7
139,5,0.0869565217391304,0.565217391304348,0.347826086956522,0.0451199414754649,0.126850404456026,0.0634252022280128,0.061297553408488,0.628642593532361,0.310059853059151,0.0620488028250966,0.174980394760374,0.0874901973801872,0.0373650635130952,0.652707588684535,0.30992734780237,0.0391927122038892,0.110321741233313,0.0551608706166563,0.0640730854146966,0.620378261921004,0.315548652664299,0.0447372078853406,0.119565217391304,0.0597826086956522,0.075,0.625,0.3,0.0450611268076339,0.12669766410066,0.0633488320503302,0.0612780903832912,0.628566223354678,0.310155686262031,19,0,12,7,20,1,16,3,21,0,13,8,20,5,9,6
140,1,0.0434782608695652,0.608695652173913,0.347826086956522,0.130893151382519,0.322405080465076,0.161202540232538,0.0416794741228148,0.769898192406451,0.188422333470734,0.036436389825192,0.0963086090068291,0.0481543045034145,0.0352846842097816,0.656849956677328,0.307865359112891,0.129708139860985,0.318969567198822,0.159484783599411,0.0422199768209322,0.768180435773324,0.189599587405744,0.125319474927754,0.314140227183705,0.157070113591853,0.036036036036036,0.765765765765766,0.198198198198198,0.129043212091371,0.316721820533401,0.158360910266701,0.0428445590422195,0.767056562440614,0.190098878517167,26,0,20,6,30,1,17,12,30,3,26,1,25,0,22,3
140,2,0.0434782608695652,0.608695652173913,0.347826086956522,0.0547459507661964,0.143003966287763,0.0715019831438816,0.0535139166900278,0.670161979497332,0.27632410381264,0.06749018792501,0.190715967008427,0.0953579835042136,0.0946969469216555,0.652834949626036,0.252468103452308,0.0457133880273967,0.121544670324429,0.0607723351622145,0.0547695802812419,0.658176667924451,0.287053751794307,0.0515091338174084,0.137959866220736,0.0689799331103679,0.0576923076923077,0.663461538461538,0.278846153846154,0.0509348594812938,0.1326604950136,0.0663302475067999,0.0523171936997296,0.666186966850549,0.281495839449722,27,4,18,5,23,0,19,4,20,2,12,6,34,0,20,14
140,3,0.0434782608695652,0.608695652173913,0.347826086956522,0.0482417680973653,0.134541623325229,0.0672708116626145,5.52622927059195e-08,0.584903046118571,0.415096898619136,0.0400931627361142,0.106515797981422,0.0532578989907108,2.84886063929407e-07,0.598915729166704,0.401083985947233,0.051054269030368,0.143319211137746,0.0716596055688729,1.02213423858211e-06,0.580513285340367,0.419485692525395,0.0482401654733032,0.13453650533224,0.0672682526661198,0,0.584905660377358,0.415094339622642,0.0482395645197169,0.134534609580337,0.0672673047901685,3.34568465141764e-08,0.584906574796463,0.41509339174669,24,0,11,13,30,0,20,10,25,0,17,8,27,0,14,13
140,4,0.0434782608695652,0.608695652173913,0.347826086956522,0.124548742357365,0.326497167468056,0.163248583734028,0.0191340594863075,0.469791269823143,0.51107467069055,0.237884167269631,0.608362352183723,0.304181176091861,0.0158411767513167,0.3321515602003,0.652007263048383,0.130298331390909,0.340618658948427,0.170309329474214,0.0192541464780397,0.462610437091225,0.518135416430735,0.130736366323686,0.347826086956522,0.173913043478261,0.0108695652173913,0.467391304347826,0.521739130434783,0.130358649394943,0.34096083854404,0.17048041927202,0.0190030591882798,0.462690434583179,0.518306506228541,27,0,19,8,24,1,6,17,14,0,9,5,27,0,9,18
140,5,0.0434782608695652,0.608695652173913,0.347826086956522,0.0685745189303168,0.188501014593254,0.0942505072966271,0.0161350287441624,0.70294615947054,0.280918811785297,0.0962464455805905,0.253463432377879,0.12673171618894,0.023116722490688,0.735427368362853,0.241455909146459,0.0607675704064476,0.167532874309519,0.0837664371547593,0.0182213595167599,0.692462089328672,0.289316551154568,0.0651290135128097,0.179160419790105,0.0895802098950524,0.0172413793103448,0.698275862068966,0.28448275862069,0.0657062237047256,0.181299467242886,0.0906497336214431,0.0158432526245369,0.699345385795356,0.284811361580107,28,0,20,8,33,0,18,15,27,2,20,5,28,0,23,5
141,1,0.565217391304348,0.0434782608695652,0.391304347826087,0.0798286003525484,0.205420899435394,0.102710449717697,0.462506941586651,0.0542523227280551,0.483240735685294,0.043914694152369,0.110601635498463,0.0553008177492313,0.513090152346082,0.0403046820785999,0.446605165575318,0.0830956879832081,0.218213375397833,0.109106687698916,0.456110703605431,0.0602276622442979,0.483661634150271,0.0858392184210752,0.2351966873706,0.1175983436853,0.447619047619048,0.0761904761904762,0.476190476190476,0.0832922695642267,0.218203073409083,0.109101536704542,0.456115854599806,0.0595706846101606,0.484313460790033,22,12,0,10,33,12,7,14,27,10,0,17,23,13,1,9
141,2,0.565217391304348,0.0434782608695652,0.391304347826087,0.0765225846448749,0.213693113970733,0.106846556985366,0.633520820548206,0.0820213886110732,0.284457790840721,0.0484192866892266,0.135320775859709,0.0676603879298543,0.608168709877923,0.068187330225844,0.323643959896233,0.0736807098563576,0.204257996247125,0.102128998123562,0.634184999428892,0.0766396508685834,0.289175349702525,0.0659813870438373,0.174765558397272,0.087382779198636,0.637254901960784,0.0588235294117647,0.303921568627451,0.0730471429807269,0.204917416885948,0.102458708442974,0.627869855637287,0.0832845049795999,0.288845639383113,24,23,0,1,27,18,2,7,27,9,3,15,24,15,1,8
141,3,0.565217391304348,0.0434782608695652,0.391304347826087,0.0424987389329387,0.11535162413234,0.0576758120661702,0.551019831688475,8.41926775487696e-09,0.448980159892257,0.0424975009281855,0.11534722576466,0.05767361288233,0.551022038361249,9.30333630320101e-10,0.448977960708417,0.0446818534435895,0.122900302389202,0.061450151194601,0.547244226518848,1.27446046385007e-06,0.452754499020688,0.0424984206382539,0.115350488021295,0.0576752440106477,0.551020408163265,0,0.448979591836735,0.0424995568442658,0.115355018228197,0.0576775091140986,0.551017530309767,6.12750047737342e-07,0.448981856940186,21,12,0,9,23,14,0,9,21,10,0,11,33,18,0,15
141,4,0.565217391304348,0.0434782608695652,0.391304347826087,0.116653465510435,0.306086993087614,0.153043496543807,0.718260887848155,0.020297984714819,0.261441127437026,0.0760536384357762,0.199133897239877,0.0995669486199385,0.664784339924286,0.0289233394090327,0.306292320666681,0.106839223350017,0.279057293551658,0.139528646775829,0.704746038080177,0.0239209789771585,0.271332982942665,0.118008288352007,0.307767464582316,0.153883732291158,0.719101123595506,0.0224719101123595,0.258426966292135,0.117026162249359,0.306823473981639,0.15341173699082,0.718629128295167,0.0205433249615162,0.260827546743317,17,12,0,5,24,18,0,6,24,13,2,9,24,21,0,3
141,5,0.565217391304348,0.0434782608695652,0.391304347826087,0.0747181635951605,0.203250487200541,0.101625243600271,0.489336096744392,0.0177343118292506,0.492929591426358,0.125138988294558,0.324891528319017,0.162445764159508,0.423181847162705,0.0230680408517,0.553750111985595,0.0724131524124194,0.196896223219411,0.0984481116097057,0.491570519244636,0.0186770213195715,0.489752459435793,0.0732182544745899,0.199209486166008,0.0996047430830039,0.490909090909091,0.0181818181818182,0.490909090909091,0.0730415408244331,0.199689549334678,0.0998447746673389,0.492363240895585,0.0164876366109894,0.491149122493426,32,22,0,10,26,10,0,16,31,12,0,19,21,10,2,9
142,1,0.521739130434783,0.0869565217391304,0.391304347826087,0.0591517415783226,0.147389644490717,0.0736948222453584,0.595433952680141,0.0843902669314265,0.320175780388433,0.0349274315902951,0.095129951100884,0.047564975550442,0.557057130418246,0.0992034973061089,0.343739372275645,0.0520164264349009,0.12923305376813,0.0646165268840652,0.584495567363362,0.0888166116946164,0.326687820942022,0.0621247398531966,0.152173913043478,0.0760869565217391,0.597826086956522,0.0869565217391304,0.315217391304348,0.0615092135207263,0.153993166847535,0.0769965834237673,0.59873571385855,0.0835113272899365,0.317752958851514,31,22,0,9,24,13,2,9,21,11,5,5,16,9,1,6
142,2,0.521739130434783,0.0869565217391304,0.391304347826087,0.124883750864359,0.331557099354016,0.165778549677008,0.355960580757775,0.117100832882816,0.526938586359409,0.0543422365644003,0.153701912108192,0.0768509560540959,0.444888174380687,0.125125236430729,0.429986589188584,0.11675939575266,0.315406272957097,0.157703136478549,0.364035993956234,0.12342383224737,0.512540173796396,0.111689475871925,0.290537084398977,0.145268542199488,0.376470588235294,0.105882352941176,0.517647058823529,0.116400528067517,0.312983193206066,0.156491596603033,0.36524753383175,0.120971001429618,0.513781464738632,20,11,2,7,24,12,3,9,25,8,4,13,16,1,0,15
142,3,0.521739130434783,0.0869565217391304,0.391304347826087,0.0738672134003333,0.189586307094303,0.0947931535471516,0.436326223568269,0.0775762750584921,0.486097501373239,0.044606726358433,0.120446190875233,0.0602230954376167,0.568114876152815,0.100803871458715,0.33108125238847,0.072117532288847,0.18475354182321,0.092376770911605,0.438116711772445,0.078202169489863,0.483681118737692,0.0776500748037539,0.208045509955303,0.104022754977651,0.439252336448598,0.0654205607476635,0.495327102803738,0.071959349406931,0.183809940632747,0.0919049703163737,0.437940519002391,0.0788501628551479,0.483209318142461,31,17,4,10,32,9,1,22,20,5,0,15,24,16,2,6
142,4,0.521739130434783,0.0869565217391304,0.391304347826087,0.0122962489752027,0.034627165493435,0.0173135827467176,0.504425547688065,0.0942074334431421,0.401367018868793,0.0355372977613677,0.094875660642302,0.0474378303211511,0.474301300113632,0.0963022504371839,0.429396449449184,0.017519157271975,0.049509566636523,0.0247547833182615,0.496984347116521,0.100218127416321,0.402797525467158,0.043383428534515,0.114746750336172,0.057373375168086,0.474226804123711,0.144329896907216,0.381443298969072,0.0179646192221295,0.0507525948413255,0.0253762974206627,0.49636283301412,0.0985844994218884,0.405052667563992,26,13,0,13,18,12,0,6,27,12,3,12,26,9,11,6
142,5,0.521739130434783,0.0869565217391304,0.391304347826087,0.0154841154065665,0.0395846733143798,0.0197923366571899,0.501946793777593,0.104966524064188,0.39308668215822,0.0461662377235626,0.128563012027401,0.0642815060137004,0.479704023139719,0.151238027752831,0.36905794910745,0.0237809770690262,0.0634502926033399,0.0317251463016699,0.490013984133113,0.0931527292523768,0.416833286614511,0.0296231198652979,0.0768115942028985,0.0384057971014493,0.483333333333333,0.0916666666666667,0.425,0.026776806419315,0.0756464845206331,0.0378232422603165,0.483915888174466,0.104271959385395,0.411812152440139,27,22,1,4,25,15,4,6,34,12,6,16,34,9,0,25
143,1,0.478260869565217,0.130434782608696,0.391304347826087,0.125050910936378,0.346606631784157,0.173303315892079,0.651564185457296,0.0742964990193991,0.274139315523305,0.0934350085914067,0.260716893828294,0.130358446914147,0.608619316479365,0.0839680612374726,0.307412622283163,0.112659388864575,0.306524823355465,0.153262411677732,0.63152328124295,0.0915021407219649,0.276974578035085,0.12476096729564,0.346230554447547,0.173115277223773,0.651376146788991,0.073394495412844,0.275229357798165,0.124552825925507,0.345445402267368,0.172722701133684,0.650983570698901,0.0739943453610953,0.275022083940003,26,22,1,3,33,19,2,12,24,13,4,7,26,17,1,8
143,2,0.478260869565217,0.130434782608696,0.391304347826087,0.0615386770246143,0.170479651900072,0.0852398259500361,0.450844318353814,0.0726115078700626,0.476544173776123,0.100801378966341,0.28486330002905,0.142431650014525,0.401917100732345,0.0643469014270432,0.533735997840612,0.0547607534891039,0.153396252267475,0.0766981261337373,0.44919395440288,0.0828035716372956,0.468002473959824,0.0631059161074703,0.173913043478261,0.0869565217391304,0.452173913043478,0.0695652173913043,0.478260869565217,0.0597716381275766,0.165486788524894,0.0827433942624472,0.451859847640138,0.0740924102713276,0.474047742088534,34,10,2,22,26,12,2,12,34,21,4,9,21,9,0,12
143,3,0.478260869565217,0.130434782608696,0.391304347826087,0.0412612417122907,0.11658193092463,0.0582909654623152,0.505091701013026,0.0721438171463805,0.422764481840593,0.0375329162942109,0.101280064028118,0.050640032014059,0.466716559584874,0.0913390605749802,0.441944379840146,0.0337968469824503,0.0940326358728401,0.0470163179364201,0.494323245518268,0.0834184646722756,0.422258289809457,0.0412436089700949,0.116539668310175,0.0582698341550874,0.505154639175258,0.0721649484536082,0.422680412371134,0.0412363977133219,0.116518011103343,0.0582590055516717,0.505137163816614,0.072175777057024,0.422687059126362,22,10,3,9,29,18,0,11,17,8,1,8,29,13,3,13
143,4,0.478260869565217,0.130434782608696,0.391304347826087,0.0734888953840837,0.203528600284031,0.101764300142016,0.580025169707233,0.0978268501574248,0.322147980135342,0.119251514450667,0.294402315609748,0.147201157804874,0.625462027370091,0.128110075527268,0.246427897102641,0.0753655228008228,0.208356486686539,0.104178243343269,0.582439112908487,0.0978421542370089,0.319718732854504,0.0693156756148876,0.195652173913043,0.0978260869565217,0.576086956521739,0.0869565217391304,0.33695652173913,0.0751208204220914,0.20748398658336,0.10374199329168,0.582002862856897,0.0983856328050127,0.31961150433809,24,19,3,2,22,11,1,10,23,9,0,14,23,14,4,5
143,5,0.478260869565217,0.130434782608696,0.391304347826087,0.0451653739240285,0.126576306923869,0.0632881534619345,0.439145265140402,0.106262233571576,0.454592501288021,0.149963461492761,0.409555694641973,0.204777847320987,0.273483022244231,0.280605340913405,0.445911636842364,0.037252512173254,0.105121699515417,0.0525608497577084,0.448875239477627,0.107259562938577,0.443865197583795,0.0262718764233571,0.0736388562475519,0.036819428123776,0.441441441441441,0.153153153153153,0.405405405405405,0.0425483178722136,0.120284664881939,0.0601423324409693,0.446542306291094,0.102011013441849,0.451446680267056,25,4,9,12,29,20,0,9,29,16,0,13,28,9,8,11
144,1,0.434782608695652,0.173913043478261,0.391304347826087,0.0713913947510133,0.193457392278119,0.0967286961390596,0.411473527022044,0.100493429012809,0.488033043965147,0.0461957415397406,0.118393579373959,0.0591967896869794,0.440446198909139,0.114716253791281,0.44483754729958,0.0614171893838519,0.170565582869574,0.0852827914347869,0.406397469202663,0.117015391536463,0.476587139260874,0.0736275684296579,0.199534161490683,0.0997670807453416,0.410714285714286,0.0982142857142857,0.491071428571429,0.0720898561061269,0.195795125726744,0.0978975628633719,0.410480762553414,0.100317326757127,0.489201910689459,30,11,3,16,27,12,4,11,26,15,3,8,29,8,1,20
144,2,0.434782608695652,0.173913043478261,0.391304347826087,0.0813136658563805,0.215218924442835,0.107609462221417,0.416092277947439,0.281522505699678,0.302385216352882,0.102727626771039,0.269765332588924,0.134882666294462,0.414079351064935,0.308795709772723,0.277124939162342,0.0745980967563377,0.19575390042222,0.0978769502111098,0.419937989671961,0.271789993689371,0.308272016638668,0.0848370407462799,0.209866220735786,0.104933110367893,0.432692307692308,0.278846153846154,0.288461538461538,0.0753989501863781,0.195508644647794,0.0977543223238969,0.42279137823985,0.271667365802158,0.305541255957992,29,11,10,8,15,8,4,3,35,22,3,10,25,4,12,9
144,3,0.434782608695652,0.173913043478261,0.391304347826087,0.0298178468590271,0.0742864755855581,0.0371432377927791,0.436064320083197,0.209774569883495,0.354161110033308,0.07072396520705,0.198811077407498,0.0994055387037488,0.394657053874901,0.27331858218201,0.33202436394309,0.0265602650710346,0.0650734647556561,0.0325367323778281,0.434768236034349,0.206449775856089,0.358781988109562,0.0376088874755192,0.0987758547910511,0.0493879273955256,0.427184466019417,0.223300970873786,0.349514563106796,0.0306753899101284,0.0769826917176644,0.0384913458588322,0.432865569286783,0.212404389337093,0.354730041376124,30,11,10,9,23,11,7,5,27,9,6,12,23,13,0,10
144,4,0.434782608695652,0.173913043478261,0.391304347826087,0.0541924742416841,0.153165536397376,0.0765827681986882,0.51136537689434,0.133063123093679,0.355571500011981,0.0631429685289591,0.158979749023826,0.0794898745119131,0.514272483207565,0.098932164351341,0.386795352441094,0.0535892307734483,0.150848329111529,0.0754241645557643,0.510206773251417,0.142612281901574,0.347180944847009,0.0552019818039321,0.156075808249721,0.0780379041248606,0.512820512820513,0.136752136752137,0.35042735042735,0.0571433451440264,0.161529158904272,0.0807645794521361,0.515547188147788,0.135950437783981,0.34850237406823,24,8,3,13,32,18,3,11,34,19,9,6,27,15,1,11
144,5,0.434782608695652,0.173913043478261,0.391304347826087,0.088777542762561,0.250847589085114,0.125423794542557,0.309358814153095,0.241506740658113,0.449134445188792,0.0856360732302463,0.216230034824005,0.108115017412003,0.333463457879522,0.282028060890263,0.384508481230215,0.0843302628943853,0.23783079242621,0.118915396213105,0.315867212482547,0.241227984572298,0.442904802945155,0.0911806852384949,0.257800511508951,0.128900255754476,0.305882352941176,0.235294117647059,0.458823529411765,0.0895357274119156,0.253192395304855,0.126596197652428,0.308186411043224,0.234970209522828,0.456843379433948,29,7,3,19,24,10,6,8,18,5,5,8,14,4,6,4
145,1,0.391304347826087,0.217391304347826,0.391304347826087,0.0345709950371541,0.0955911828821983,0.0477955914410992,0.376318152740948,0.265186895788925,0.358494951470127,0.141355633463713,0.381734856995224,0.190867428497612,0.244398881888385,0.408258732845438,0.347342385266177,0.0372072571067114,0.0912487336224353,0.0456243668112176,0.39119420919433,0.263015671159044,0.345790119646626,0.0598297079620875,0.159276797244942,0.0796383986224709,0.376237623762376,0.297029702970297,0.326732673267327,0.0247220224155392,0.0646611012039889,0.0323305506019944,0.395944901360354,0.245081301415553,0.358973797224093,21,3,14,4,22,4,9,9,29,13,0,16,29,18,7,4
145,2,0.391304347826087,0.217391304347826,0.391304347826087,0.0714885768064399,0.198428759507049,0.0992143797535247,0.358528826265565,0.150952446154823,0.490518727579612,0.0712538743302847,0.197941120583772,0.0989705602918862,0.358229218722916,0.151495873159111,0.490274908117973,0.0623011883999154,0.175005187892359,0.0875025939461793,0.356476567737062,0.164716490490672,0.478806941772266,0.0715191159823879,0.198523379819524,0.0992616899097621,0.358490566037736,0.150943396226415,0.490566037735849,0.0715179533799599,0.198520091481255,0.0992600457406276,0.358491250155213,0.150944356278072,0.490564393566715,25,6,5,14,26,11,4,11,30,12,2,16,25,9,5,11
145,3,0.391304347826087,0.217391304347826,0.391304347826087,0.0540475568928577,0.150703343357305,0.0753516716786525,0.46665601950474,0.168611334568636,0.364732645926625,0.0223469317891883,0.0549243040488727,0.0274621520244364,0.418766499850523,0.190115831146142,0.391117669003335,0.0434900902366341,0.122828935891979,0.0614144679459893,0.452718815772076,0.183806698593299,0.363474485634625,0.0544989171718517,0.151970743600163,0.0759853718000812,0.467289719626168,0.168224299065421,0.364485981308411,0.0544967435213111,0.151964975589178,0.0759824877945892,0.467286835620676,0.168226934520418,0.364486229858905,26,8,5,13,15,7,3,5,33,14,7,12,33,21,3,9
145,4,0.391304347826087,0.217391304347826,0.391304347826087,0.0781088525377769,0.202684993808498,0.101342496904249,0.48003821584205,0.229999933236113,0.289961850921838,0.0780781080932591,0.202608979113246,0.101304489556623,0.480000471768963,0.229999669961573,0.289999858269464,0.0705094024154593,0.191068187440682,0.0955340937203411,0.46381591824709,0.240413827647164,0.295770254105746,0.0780778859197099,0.202608695652174,0.101304347826087,0.48,0.23,0.29,0.0780773886747377,0.202607457122739,0.10130372856137,0.479999396359307,0.229999984375976,0.290000619264717,29,16,5,8,26,12,7,7,23,10,6,7,22,10,5,7
145,5,0.391304347826087,0.217391304347826,0.391304347826087,0.115914714789421,0.28522053971992,0.14261026985996,0.249991607202717,0.360001574207786,0.390006818589497,0.115910698503726,0.285217193780078,0.142608596890039,0.249999862872578,0.359999901237865,0.390000235889557,0.113494921644256,0.284312337314934,0.142156168657467,0.255686635027505,0.359547473005293,0.384765891967202,0.115910684168776,0.285217391304348,0.142608695652174,0.25,0.36,0.39,0.115910138217931,0.285213119904333,0.142606559952166,0.24999916068665,0.359997864299993,0.390002975013357,21,7,6,8,33,10,13,10,23,4,9,10,23,4,8,11
146,1,0.347826086956522,0.260869565217391,0.391304347826087,0.0334524290737666,0.0923023275986656,0.0461511637993329,0.315742171338657,0.307020729016724,0.377237099644619,0.0571324877836508,0.154107659626966,0.0770538298134832,0.288246565944369,0.337923395030875,0.373830039024756,0.0311757774089736,0.085569252346347,0.0427846261731736,0.317214204031968,0.303654191390565,0.379131604577467,0.0334420451693675,0.0922959572845157,0.0461479786422578,0.315789473684211,0.307017543859649,0.37719298245614,0.0334405095712851,0.0922909673865138,0.0461454836932569,0.315789681148246,0.307015048910648,0.377195269941106,23,7,6,10,35,15,6,14,28,8,11,9,28,6,12,10
146,2,0.347826086956522,0.260869565217391,0.391304347826087,0.0214350265899391,0.0605758642395245,0.0302879321197622,0.361887729913721,0.277095854379954,0.361016415706325,0.0710826219046505,0.182037088272012,0.0910185441360061,0.265359715803489,0.252317392234418,0.482322891962093,0.017398664554732,0.0464773782430197,0.0232386891215098,0.366448487162314,0.265485854133108,0.368065658704577,0.018784755647559,0.0521739130434783,0.0260869565217391,0.373913043478261,0.252173913043478,0.373913043478261,0.0192022100939318,0.0534711248412641,0.026735562420632,0.3653163171085,0.270114897486045,0.364568785405455,35,10,6,19,25,5,7,13,26,6,12,8,29,22,4,3
146,3,0.347826086956522,0.260869565217391,0.391304347826087,0.0552734344472953,0.148567251293531,0.0742836256467654,0.363892177871092,0.319087099949587,0.317020722179322,0.142817788297173,0.401910659270367,0.200955329635184,0.465856460954041,0.343794520855055,0.190349018190903,0.0668837072134415,0.181832224274748,0.0909161121373738,0.370682354350672,0.328929409960615,0.300388235688713,0.0558039191185496,0.154037267080745,0.0770186335403727,0.371428571428571,0.314285714285714,0.314285714285714,0.0668023686255692,0.181691796614959,0.0908458983074794,0.370796825717742,0.328744724763651,0.300458449518608,30,5,10,15,33,17,10,6,27,13,11,3,15,4,2,9
146,4,0.347826086956522,0.260869565217391,0.391304347826087,0.030940019177841,0.0828184566470166,0.0414092283235083,0.306416858633013,0.293816893021407,0.399766248345579,0.140970185151198,0.359878886964316,0.179939443482158,0.332188304258111,0.440809008699549,0.22700268704234,0.0357863981510912,0.0899572407934016,0.0449786203967008,0.302847466559821,0.30345096886938,0.393701564570799,0.0526526178382692,0.143271221532091,0.0716356107660455,0.276190476190476,0.314285714285714,0.40952380952381,0.0330152075078172,0.0820524111884031,0.0410262055942015,0.308009001899714,0.301895770811593,0.390095227288693,20,5,1,14,22,6,11,5,32,12,15,5,31,6,6,19
146,5,0.347826086956522,0.260869565217391,0.391304347826087,0.0366985249119411,0.0933460175223303,0.0466730087611651,0.304832642683024,0.257190000729724,0.437977356587252,0.0608949325445014,0.170481417893538,0.0852407089467688,0.294584745330888,0.228870197896256,0.476545056772856,0.0261239456533266,0.0654402315645332,0.0327201157822666,0.315105971174255,0.26237242545408,0.422521603371665,0.0367777086169675,0.0935817805383022,0.0467908902691511,0.304761904761905,0.257142857142857,0.438095238095238,0.0358158507859941,0.0913482780023592,0.0456741390011796,0.306026751737865,0.256994761434869,0.436978486827267,27,7,4,16,30,9,8,13,21,8,9,4,27,8,6,13
147,1,0.304347826086957,0.304347826086957,0.391304347826087,0.180825408075927,0.510180994093427,0.255090497046713,0.55943832313367,0.161202223526478,0.279359453339853,0.157231527887958,0.444300832062484,0.222150416031242,0.526498242118199,0.201610755503157,0.271891002378645,0.172836963196372,0.488345832930907,0.244172916465453,0.54852074255241,0.172585939234156,0.278893318213434,0.183405345441593,0.517741129435282,0.258870564717641,0.563218390804598,0.160919540229885,0.275862068965517,0.182873875357122,0.51636933005479,0.258184665027395,0.562532491114351,0.162225125554,0.275242383331649,23,18,2,3,18,8,1,9,25,14,5,6,21,9,6,6
147,2,0.304347826086957,0.304347826086957,0.391304347826087,0.227418939686935,0.627585370178832,0.313792685089416,0.0863804242688443,0.208522542815653,0.705097032915503,0.333330697828247,0.938608905140556,0.469304452570278,0.0312374502066717,0.108153749396963,0.860608800396365,0.223333511886045,0.620549197753068,0.310274598876534,0.0980828309639095,0.200338222333469,0.701578946702621,0.202525892580107,0.57092665788318,0.28546332894159,0.141414141414141,0.181818181818182,0.676767676767677,0.196165862336762,0.532941446425128,0.266470723212564,0.10427996061902,0.23794496834233,0.657775071038651,28,0,3,25,17,0,2,15,35,13,12,10,19,1,1,17
147,3,0.304347826086957,0.304347826086957,0.391304347826087,0.131960796547056,0.372418097601153,0.186209048800577,0.221972716702815,0.490556874887533,0.287470408409652,0.148180224993227,0.416741209653379,0.20837060482669,0.219458556988386,0.512718430913646,0.267823012097968,0.140912586547621,0.398545437305497,0.199272718652749,0.206235695046611,0.503620544739705,0.290143760213683,0.142443536399246,0.40205703599813,0.201028517999065,0.21505376344086,0.505376344086022,0.279569892473118,0.143116941720487,0.404765282069082,0.202382641034541,0.205310215636303,0.506730467121497,0.2879593172422,19,8,9,2,29,1,18,10,17,6,4,7,28,5,16,7
147,4,0.304347826086957,0.304347826086957,0.391304347826087,0.0981565821607487,0.264441143526514,0.132220571763257,0.1721272543237,0.333847154125778,0.494025591550522,0.0689113233359439,0.184563646081313,0.0922818230406566,0.231073824471945,0.396629649127613,0.372296526400442,0.103374245859336,0.279665251860895,0.139832625930447,0.164515200156509,0.337325275987297,0.498159523856194,0.113624876254004,0.306808859721083,0.153404429860541,0.150943396226415,0.339622641509434,0.509433962264151,0.0949491916747161,0.258223880768281,0.129111940384141,0.175235885702816,0.336956908524434,0.48780720577275,29,2,3,24,30,6,18,6,22,1,6,15,25,7,9,9
147,5,0.304347826086957,0.304347826086957,0.391304347826087,0.0469852291295092,0.121331889350318,0.0606659446751591,0.297491437871255,0.365013770762116,0.337494791366629,0.120940115295514,0.313192498718217,0.156596249359109,0.285614609251982,0.460944075446065,0.253441315301953,0.0493000191773142,0.125666845736014,0.0628334228680072,0.299098051125207,0.367181248954964,0.33372069991983,0.0477998840993948,0.127153404429861,0.0635767022149302,0.292452830188679,0.367924528301887,0.339622641509434,0.0493887844049532,0.126200324141603,0.0631001620708015,0.29873334216204,0.367447988157758,0.333818669680202,24,5,12,7,26,13,6,7,26,4,5,17,30,9,16,5
148,1,0.260869565217391,0.347826086956522,0.391304347826087,0.039281902226435,0.0985385246957964,0.0492692623478982,0.214008674696416,0.345417715129599,0.440573610173985,0.081895757320842,0.220292397539338,0.110146198769669,0.236800236138372,0.261749217265872,0.501450546595756,0.0385623211311222,0.0989218397098669,0.0494609198549335,0.211408645362458,0.352662025732235,0.435929328905307,0.0381774418557735,0.0982097186700767,0.0491048593350384,0.211764705882353,0.352941176470588,0.435294117647059,0.0405961898586593,0.103937141416024,0.0519685707080119,0.208900994509379,0.352679194149212,0.438419811341408,18,5,4,9,21,8,8,5,21,4,4,13,25,1,14,10
148,2,0.260869565217391,0.347826086956522,0.391304347826087,0.0552995559928151,0.15605124498915,0.0780256224945748,0.295292930391969,0.391428344276519,0.313278725331512,0.105806103954322,0.260972030796092,0.130486015398046,0.259049323857789,0.219160312918078,0.521790363224133,0.0661700828315943,0.180578729919915,0.0902893649599574,0.284716531287957,0.414268485845913,0.30101498286613,0.0589309318206697,0.155832974601808,0.077916487300904,0.247524752475248,0.425742574257426,0.326732673267327,0.0665095544066214,0.185979684213343,0.0929898421066715,0.295119152882728,0.406566341397856,0.298314505719415,27,8,15,4,28,6,20,2,22,5,3,14,24,6,5,13
148,3,0.260869565217391,0.347826086956522,0.391304347826087,0.033333937420754,0.0941646006223131,0.0470823003111566,0.235286400367041,0.394908387267678,0.36980521236528,0.106294928271408,0.261851642724972,0.130925821362486,0.262365768622469,0.47725570491393,0.260378526463601,0.0494987566488129,0.138897924789598,0.0694489623947989,0.303198096742212,0.3749465178265,0.321855385431288,0.0745762216663302,0.200084423807514,0.100042211903757,0.339805825242718,0.368932038834951,0.29126213592233,0.0301134506567432,0.0825269290588298,0.0412634645294149,0.272378538197954,0.377580578505374,0.350040883296672,22,0,17,5,26,7,14,5,36,26,4,6,19,2,3,14
148,4,0.260869565217391,0.347826086956522,0.391304347826087,0.0618232742283422,0.151444316018387,0.0757221580091933,0.185147407208198,0.423539404260752,0.39131318853105,0.0380995998600962,0.107326343663632,0.0536631718318158,0.238229310350318,0.401489258788338,0.360281430861345,0.0669788124141002,0.169092991080876,0.0845464955404383,0.176323069676953,0.427087975381377,0.39658895494167,0.0590560468012092,0.146453089244851,0.0732265446224256,0.189473684210526,0.421052631578947,0.389473684210526,0.0622319677976318,0.153021201579536,0.0765106007897678,0.184358964427623,0.423748650313291,0.391892385259086,24,0,12,12,26,5,11,10,23,7,7,9,22,6,10,6
148,5,0.260869565217391,0.347826086956522,0.391304347826087,0.0565767084491794,0.155454599612663,0.0777272998063314,0.238444773456678,0.292523578910904,0.469031647632418,0.098771661650112,0.274392481705307,0.137196240852653,0.306737631978761,0.210629846103868,0.482632521917371,0.0670460088743129,0.186613893384529,0.0933069466922646,0.228814421679385,0.286574283802263,0.484611294518352,0.0693406985837499,0.1917502787068,0.0958751393534002,0.230769230769231,0.282051282051282,0.487179487179487,0.0664633342659778,0.184967562943428,0.092483781471714,0.229157809585718,0.287054061116481,0.483788129297801,36,2,10,24,28,11,4,13,29,8,6,15,24,6,13,5
149,1,0.217391304347826,0.391304347826087,0.391304347826087,0.0207347701322529,0.0571170766547195,0.0285585383273598,0.237432817441573,0.362745809498727,0.3998213730597,0.0693082503882827,0.196033302303884,0.0980166511519421,0.266448930493738,0.293287696674145,0.440263372832117,0.0260256127301893,0.0680201354094619,0.034010067704731,0.24658179051073,0.357294280121356,0.396123929367914,0.0174892664990479,0.0479148181011535,0.0239574090505768,0.23469387755102,0.36734693877551,0.397959183673469,0.0203942756356129,0.0559663936487546,0.0279831968243773,0.237432302702831,0.36332115100171,0.399246546295459,22,6,6,10,28,8,8,12,23,6,6,11,25,3,16,6
149,2,0.217391304347826,0.391304347826087,0.391304347826087,0.0643590620318735,0.176247482143288,0.0881237410716438,0.153611726209769,0.479428088897731,0.3669601848925,0.0255118070858957,0.0721458174397522,0.0360729087198761,0.199935705862912,0.427377256545963,0.372687037591125,0.0623788548367991,0.17198590532828,0.0859929526641397,0.157348087412258,0.477297300490227,0.365354612097515,0.0601385304177789,0.164759725400458,0.0823798627002288,0.157894736842105,0.473684210526316,0.368421052631579,0.063162983302711,0.173811492868144,0.086905746434072,0.156053042762057,0.478210094260159,0.365736862977784,23,4,16,3,26,4,12,10,21,0,9,12,25,7,8,10
149,3,0.217391304347826,0.391304347826087,0.391304347826087,0.17489259234767,0.488675548562387,0.244337774281193,0.128470234152359,0.63564212210728,0.235887643740361,0.158280748418028,0.436892617999317,0.218446308999659,0.150477729649451,0.609750656825746,0.239771613524803,0.173898889680944,0.485293529754794,0.242646764877397,0.13075432225995,0.633951112703484,0.235294565036566,0.181899589382487,0.497391304347826,0.248695652173913,0.15,0.64,0.21,0.175213968302776,0.488759206900366,0.244379603450183,0.130681907013858,0.63568395127627,0.233634141709872,26,9,10,7,27,5,16,6,29,0,25,4,18,1,13,4
149,4,0.217391304347826,0.391304347826087,0.391304347826087,0.0668261256033306,0.187903236195287,0.0939516180976435,0.27322243311725,0.429424837154306,0.297352729728443,0.0288169120398897,0.0753128522045962,0.0376564261022981,0.179734878245528,0.396637494772406,0.423627626982066,0.0520778238126507,0.147032074031253,0.0735160370156266,0.25798257548624,0.4242291137033,0.31778831081046,0.038829762716115,0.102608695652174,0.0513043478260869,0.26,0.4,0.34,0.0528528058636165,0.149196760883879,0.0745983804419397,0.258745104052511,0.424548928563342,0.316705967384147,30,3,11,16,29,5,11,13,19,6,9,4,22,12,9,1
149,5,0.217391304347826,0.391304347826087,0.391304347826087,0.105785603761972,0.280389332475915,0.140194666237957,0.192515455213214,0.275985530722742,0.531499014064044,0.153649917044389,0.381375967953654,0.190687983976827,0.212274886231048,0.205732781966038,0.581992331802914,0.109515525490137,0.280249668731347,0.140124834365673,0.204462490067009,0.264108327741231,0.53142918219176,0.104748557850688,0.277632268203248,0.138816134101624,0.192771084337349,0.27710843373494,0.530120481927711,0.111931446591845,0.29008531617377,0.145042658086885,0.199778477428671,0.263874516658357,0.536347005912972,24,5,4,15,19,2,11,6,24,8,2,14,16,1,6,9
150,1,0.173913043478261,0.434782608695652,0.391304347826087,0.154957158752229,0.43114535252732,0.21557267626366,0.315815323766765,0.219209932431992,0.464974743801243,0.110281648566818,0.306856086601052,0.153428043300526,0.274874532267415,0.281354565395126,0.443770902337459,0.158675444523957,0.44043589948589,0.220217949742945,0.321370191003468,0.214564658952707,0.464065150043824,0.153670897705168,0.429565217391304,0.214782608695652,0.31,0.22,0.47,0.158804531477877,0.441797008006048,0.220898504003024,0.319450855207716,0.213884104692628,0.466665040099655,23,5,5,13,22,5,9,8,27,13,7,7,28,8,1,19
150,2,0.173913043478261,0.434782608695652,0.391304347826087,0.0874755441340752,0.247299703338218,0.123649851669109,0.108772718876695,0.558432460364761,0.332794820758544,0.121026557458976,0.339358165008605,0.169679082504302,0.108513104483612,0.604461691199955,0.287025204316433,0.0754391292921564,0.212935293471989,0.106467646735994,0.126601507794315,0.541250255431647,0.332148236774038,0.0868283839863082,0.245188880969351,0.122594440484676,0.10655737704918,0.557377049180328,0.336065573770492,0.0860210094926047,0.243115296835244,0.121557648417622,0.108983954871424,0.556340257113274,0.334675788015301,34,5,20,9,28,2,20,6,25,2,15,8,35,4,13,18
150,3,0.173913043478261,0.434782608695652,0.391304347826087,0.0394092218649193,0.102187174401671,0.0510935872008355,0.167646139976353,0.485876195896488,0.346477664127159,0.0636107905057389,0.179860778932926,0.089930389466463,0.220851253912191,0.344852219229189,0.43429652685862,0.0404607833357238,0.109604226763481,0.0548021133817404,0.187060723064679,0.476437042490975,0.336502234444347,0.060874494525835,0.163561076604555,0.0817805383022774,0.238095238095238,0.452380952380952,0.30952380952381,0.0305459263898891,0.0794745770016052,0.0397372885008026,0.179108877654318,0.469324063020397,0.351567059325284,33,20,8,5,37,9,11,17,29,1,16,12,27,0,22,5
150,4,0.173913043478261,0.434782608695652,0.391304347826087,0.0162851411261369,0.0449436530297536,0.0224718265148768,0.196384869993138,0.427913787383806,0.375701342623057,0.0911260129990244,0.228582909623875,0.114291454811937,0.168333030315146,0.54907406350759,0.282592906177264,0.0140399073483779,0.0393178819955831,0.0196589409977915,0.193571984476052,0.427366233027169,0.379061782496778,0.002782668466488,0.0071798962903869,0.00358994814519342,0.174311926605505,0.431192660550459,0.394495412844037,0.0207130602468879,0.0584004592754622,0.0292002296377311,0.203113273115992,0.422196504555667,0.374690222328341,27,8,16,3,31,4,19,8,33,6,5,22,18,1,7,10
150,5,0.173913043478261,0.434782608695652,0.391304347826087,0.055827146111758,0.152058921127026,0.076029460563513,0.154327806116585,0.510812069259165,0.33486012462425,0.0121135523262891,0.0331431731568868,0.0165715865784434,0.190484630056704,0.42273594932965,0.386779420613646,0.049858244983978,0.136379842589707,0.0681899212948535,0.155354101132665,0.502972529990506,0.34167336887683,0.0559557335501221,0.151268115942029,0.0756340579710145,0.15625,0.510416666666667,0.333333333333333,0.0521526640143954,0.142923282951477,0.0714616414757387,0.153986522594936,0.506244250171391,0.339769227233673,22,5,9,8,21,0,18,3,23,6,8,9,30,4,14,12
151,1,0.130434782608696,0.478260869565217,0.391304347826087,0.0468657379862254,0.132003468732007,0.0660017343660037,0.168672480035263,0.506024906504654,0.325302613460083,0.04876552661927,0.133486003378449,0.0667430016892244,0.178844357592513,0.496594296270624,0.324561346136863,0.0444189853263247,0.118859340386277,0.0594296701931384,0.177775028670161,0.490350293696891,0.331874677632949,0.0468668427220624,0.13200628601362,0.0660031430068099,0.168674698795181,0.506024096385542,0.325301204819277,0.0468668066537609,0.132006553872576,0.0660032769362881,0.168673015784783,0.506025913325418,0.325301070889799,20,1,12,7,23,3,12,8,18,4,8,6,22,6,10,6
151,2,0.130434782608696,0.478260869565217,0.391304347826087,0.0272022516149582,0.0680952167383244,0.0340476083691622,0.0963871742395334,0.510793187948146,0.39281963781232,0.0315842251071313,0.0848992962589227,0.0424496481294614,0.163695612808794,0.487449687494581,0.348854699696626,0.0219356547238524,0.0577585568109034,0.0288792784054517,0.101555504203244,0.502511211155204,0.395933284641552,0.011442909031598,0.0322423058133854,0.0161211529066927,0.123595505617978,0.49438202247191,0.382022471910112,0.0216675381243026,0.058455270367794,0.029227635183897,0.101207147424799,0.500845403481307,0.397947449093894,19,0,15,4,22,0,9,13,25,7,7,11,23,4,13,6
151,3,0.130434782608696,0.478260869565217,0.391304347826087,0.0997333923016112,0.262828820962907,0.131414410481454,0.151781939964646,0.346846459083764,0.50137160095159,0.116322863650895,0.288967235503666,0.144483617751833,0.134559955756445,0.333777251813385,0.53166279243017,0.0949683829493127,0.258335914304713,0.129167957152357,0.1631562475705,0.349092912412861,0.48775084001664,0.0917994716504596,0.240472356414385,0.120236178207193,0.148148148148148,0.358024691358025,0.493827160493827,0.0944711744875795,0.247494723056194,0.123747361528097,0.148694851968506,0.354513508037121,0.496791639994374,16,2,4,10,18,6,3,9,25,2,14,9,22,2,8,12
151,4,0.130434782608696,0.478260869565217,0.391304347826087,0.0900634825445956,0.254205447849144,0.127102723924572,0.0740122010685102,0.60536359348979,0.3206242054417,0.105277189115275,0.293658413757542,0.146829206878771,0.0783700697435776,0.625090076443989,0.296539853812434,0.0780278084389436,0.216411577364444,0.108205788682222,0.0950705863659177,0.586466658247439,0.318462755386643,0.0901352311232212,0.254487435181492,0.127243717590746,0.073394495412844,0.605504587155963,0.321100917431193,0.0901150050442669,0.254410913355988,0.127205456677994,0.073551432566803,0.605466326243212,0.320982241189986,26,2,15,9,32,1,23,8,29,2,13,14,22,3,15,4
151,5,0.130434782608696,0.478260869565217,0.391304347826087,0.100908406896213,0.284837130117437,0.142418565058719,0.272853347667414,0.399211043785608,0.327935608546978,0.0977013351034517,0.275561715342292,0.137780857671146,0.208305899950614,0.538170609894445,0.253523490154941,0.088732936650022,0.250879942374735,0.125439971187367,0.255874753796063,0.418526062557406,0.325599183646531,0.0733907517458762,0.203776899429073,0.101888449714537,0.232323232323232,0.444444444444444,0.323232323232323,0.0935053412827229,0.264394123688183,0.132197061844091,0.262631844452787,0.409364857197329,0.328003298349884,18,6,10,2,33,7,17,9,22,7,1,14,26,3,16,7
152,1,0.0869565217391304,0.521739130434783,0.391304347826087,0.0832279772962212,0.235331330642844,0.117665665321422,0.143252090010619,0.404073465113361,0.45267444487602,0.0445804488711709,0.121039094351044,0.0605195471755222,0.132518678787808,0.46121958325926,0.406261737952932,0.0762254877527571,0.215237571912242,0.107618785956121,0.135368215511368,0.414120344478662,0.45051144000997,0.0634229167234369,0.179071481208548,0.0895357406042741,0.127118644067797,0.432203389830508,0.440677966101695,0.0791472880898973,0.223793450270353,0.111896725135176,0.140500306174305,0.409842405299606,0.449657288526089,29,7,3,19,30,1,15,14,33,2,22,9,26,5,11,10
152,2,0.0869565217391304,0.521739130434783,0.391304347826087,0.13740177473958,0.350140487065313,0.175070243532656,0.101473297013349,0.682292598693221,0.216234104293431,0.0640682643105567,0.169434841070678,0.084717420535339,0.101488397277893,0.591924675431359,0.306586927290748,0.131466355521629,0.343773687788048,0.171886843894024,0.111529848172753,0.669052647895184,0.219417503932063,0.13130406518358,0.330995792426367,0.165497896213184,0.0967741935483871,0.67741935483871,0.225806451612903,0.134975359243846,0.346427017267206,0.173213508633603,0.104098668343549,0.677810492463967,0.218090839192484,26,3,13,10,17,0,14,3,26,4,21,1,24,2,15,7
152,3,0.0869565217391304,0.521739130434783,0.391304347826087,0.0612965771994811,0.173263310957361,0.0866316554786806,0.132941200603077,0.562386107049516,0.304672692347406,0.0479592952100614,0.125098287799021,0.0625491438995108,0.149505665638641,0.467752349353209,0.38274198500815,0.0581226655131137,0.161541741804936,0.0807708709024682,0.140548628980281,0.548917894096101,0.310533476923619,0.0542069903403166,0.152979066022544,0.0764895330112721,0.12962962962963,0.555555555555556,0.314814814814815,0.0569338034310533,0.160215786496442,0.0801078932482209,0.134026951755045,0.554776593667089,0.311196454577866,26,2,12,12,28,1,20,7,33,7,13,13,21,4,15,2
152,4,0.0869565217391304,0.521739130434783,0.391304347826087,0.0830180701448945,0.225096221968723,0.112548110984362,0.114287668060622,0.409191019450421,0.476521312488957,0.022362899941305,0.0631617560225241,0.031580878011262,0.0697049021472721,0.507409872015379,0.422885225837349,0.0788511904191802,0.194274733786,0.0971373668930002,0.088096160175176,0.424601763541782,0.487302076283042,0.0666577037199137,0.176574977817214,0.0882874889086069,0.0714285714285714,0.448979591836735,0.479591836734694,0.0879825966951358,0.236388252724275,0.118194126362138,0.112378410801174,0.403545004072645,0.484076585126181,25,3,1,21,27,1,13,13,22,3,15,4,24,0,15,9
152,5,0.0869565217391304,0.521739130434783,0.391304347826087,0.0198125072625441,0.0509765736320533,0.0254882868160266,0.0614682349231038,0.524405397457837,0.414126367619059,0.085451470872731,0.234476985273495,0.117238492636748,0.0537199997557697,0.437737159781396,0.508542840462834,0.01781225572725,0.0489322919826821,0.0244661459913411,0.0695301399343081,0.514699366248264,0.415770493817428,0.0238881718572879,0.0605285592497868,0.0302642796248934,0.0588235294117647,0.519607843137255,0.42156862745098,0.0211568384071868,0.0541100516464319,0.027055025823216,0.0623638879352519,0.519276738415445,0.418359373649303,24,1,10,13,22,0,17,5,29,1,11,17,27,4,15,8
153,1,0.0434782608695652,0.565217391304348,0.391304347826087,0.0781080488860127,0.212127777815583,0.106063888907792,0.0171697060488418,0.671281280212139,0.311549013739019,0.0607653303356184,0.168725202102747,0.0843626010513734,0.0154691766165842,0.649579992355721,0.334950831027695,0.0759625394081605,0.205754848147505,0.102877424073753,0.0188283114387976,0.6680948153781,0.313076873183102,0.0818004148614485,0.220916568742656,0.110458284371328,0.018018018018018,0.675675675675676,0.306306306306306,0.0805207819267248,0.218611945255388,0.109305972627694,0.0164757310451158,0.674523363932042,0.309000905022842,24,2,11,11,33,0,23,10,27,0,18,9,27,0,23,4
153,2,0.0434782608695652,0.565217391304348,0.391304347826087,0.0989819634576454,0.244792343049883,0.122396171524941,0.0458501064672609,0.685241717231594,0.268908176301145,0.1372400656022,0.3425684882327,0.17128424411635,0.0368838092252755,0.736501635420698,0.226614555354027,0.0975775132282956,0.240517031716585,0.120258515858292,0.0419619166574313,0.68547590716264,0.272562176179929,0.0886264603649847,0.234271099744246,0.117135549872123,0.0235294117647059,0.682352941176471,0.294117647058824,0.0948467620137137,0.235431583776323,0.117715791888161,0.0466485760452523,0.679762868016822,0.273588555937926,19,0,14,5,17,1,12,4,25,0,10,15,24,1,22,1
153,3,0.0434782608695652,0.565217391304348,0.391304347826087,0.0841564100077409,0.220078797038187,0.110039398519094,0.0592302876967721,0.455177992785254,0.485591719517974,0.0249891270268115,0.0623888312081406,0.0311944156040703,0.0422638911283434,0.596411806908418,0.361324301963239,0.060437353960788,0.157100049615836,0.0785500248079182,0.0333825361998697,0.496763091166125,0.469854372634005,0.0662353998796309,0.18167701863354,0.0908385093167702,0.0178571428571429,0.5,0.482142857142857,0.0615212964616695,0.162986753424895,0.0814933767124475,0.0578350450673938,0.4837240145919,0.458440940340706,34,1,29,4,35,0,11,24,24,1,14,9,19,0,2,17
153,4,0.0434782608695652,0.565217391304348,0.391304347826087,0.129962741703337,0.333485799946864,0.166742899973432,0.0270625823137723,0.414890169886709,0.558047247799519,0.177586431224096,0.450483309727913,0.225241654863956,0.0270606481342675,0.356393349175689,0.616546002690043,0.126371646214965,0.324446827596396,0.162223413798198,0.0273077771061934,0.419164461269522,0.553527761624285,0.123367285613181,0.310414560161779,0.15520728008089,0.0348837209302326,0.418604651162791,0.546511627906977,0.126929347002152,0.326640297607996,0.163320148803998,0.0263277628230883,0.419047740546827,0.554624496630085,25,0,15,10,20,3,4,13,22,0,7,15,19,0,10,9
153,5,0.0434782608695652,0.565217391304348,0.391304347826087,0.0894861390451078,0.226134229708854,0.113067114854427,0.0361740064607004,0.459454530858786,0.504371462680514,0.138594112401028,0.357768500677621,0.17888425033881,0.0234105598338759,0.406400842001227,0.570188598164897,0.0883078643882621,0.231809275130435,0.115904637565217,0.0258000604805386,0.466990954128157,0.507208985391304,0.0757140661304674,0.19698314108252,0.09849157054126,0.0306122448979592,0.479591836734694,0.489795918367347,0.0929387285246543,0.235232145314407,0.117616072657203,0.0354762820458584,0.455603297470851,0.50892042048329,27,0,11,16,20,0,15,5,27,0,19,8,24,3,2,19
154,1,0.521739130434783,0.0434782608695652,0.434782608695652,0.0166930080769579,0.0457206004804982,0.022860300240249,0.528066361519657,0.0600113300249403,0.411922308455403,0.0521026119503078,0.135791746648007,0.0678958733240036,0.580478921550308,0.0526343430780438,0.366886735371649,0.0205411851868987,0.0546685299077778,0.0273342649538889,0.526889285578386,0.065662370679851,0.407448343741763,0.0253953976984688,0.0646871686108165,0.0323435843054082,0.524390243902439,0.0731707317073171,0.402439024390244,0.0204892954909339,0.0566408631827688,0.0283204315913844,0.530590701353437,0.062947121542295,0.406462177104268,16,9,0,7,19,7,0,12,24,12,5,7,23,15,1,7
154,2,0.521739130434783,0.0434782608695652,0.434782608695652,0.132805242116523,0.352281948470577,0.176140974235289,0.377218520225821,0.0118578968432378,0.610923582930941,0.173330238914812,0.452311888991882,0.226155944495941,0.326776030353608,0.0122854164547995,0.660938553191593,0.127254758736756,0.334208602634179,0.167104301317089,0.380327021318592,0.0177860686686663,0.601886910012742,0.133404455432333,0.354924578527063,0.177462289263532,0.377551020408163,0.0102040816326531,0.612244897959184,0.133320285606464,0.354140793294305,0.177070396647153,0.377114683545206,0.0110323111119892,0.611853005342805,22,6,0,16,31,9,0,22,18,7,1,10,27,15,0,12
154,3,0.521739130434783,0.0434782608695652,0.434782608695652,0.0943853267475223,0.235725537354935,0.117862768677468,0.403876361757315,0.048149524699622,0.547974113543063,0.106145772413988,0.270928651533099,0.135464325766549,0.397994024087486,0.0317590414503121,0.570246934462202,0.089307940938883,0.226005718960539,0.113002859480269,0.408736270954513,0.0511265660005576,0.540137163044929,0.0943172695472614,0.243478260869565,0.121739130434783,0.4,0.0571428571428571,0.542857142857143,0.092988542952363,0.233902661670792,0.116951330835396,0.404787799599386,0.0498761638307456,0.545336036569868,25,9,1,15,30,12,5,13,22,8,0,14,28,13,0,15
154,4,0.521739130434783,0.0434782608695652,0.434782608695652,0.0836955583645938,0.234893256095161,0.11744662804758,0.567729145391495,0.114934873960433,0.317335980648072,0.104908989507996,0.296519127992203,0.148259563996101,0.600682474746513,0.112794480553937,0.286523044699551,0.0843735347782931,0.236341777183417,0.118170888591708,0.566504278869158,0.116884001026898,0.316611720103944,0.0789907710707258,0.222506393861893,0.111253196930946,0.568627450980392,0.107843137254902,0.323529411764706,0.0837423709123057,0.235835328697288,0.117917664348644,0.57117192697293,0.111963128680061,0.316864944347008,23,13,3,7,30,21,1,8,24,15,6,3,25,9,1,15
154,5,0.521739130434783,0.0434782608695652,0.434782608695652,0.164351034877874,0.423172166294357,0.211586083147178,0.733325213581961,0.0209942287845594,0.24568055763348,0.186429699013053,0.484933961050025,0.242466980525013,0.764206110959795,0.0119184653422411,0.223875423697964,0.160690653413399,0.414710893485841,0.207355446742921,0.729094577177703,0.0203301480222514,0.250575274800045,0.172761452888533,0.438003220611916,0.219001610305958,0.740740740740741,0.0277777777777778,0.231481481481481,0.169646005131862,0.438257817133484,0.219128908566742,0.740868039001524,0.0185101520070266,0.240621808991449,27,22,0,5,32,26,0,6,19,10,3,6,30,22,0,8
155,1,0.478260869565217,0.0869565217391304,0.434782608695652,0.0620569506096551,0.15989908175283,0.0799495408764152,0.40693883666772,0.0783290137602123,0.514732149572067,0.106405743196926,0.294741353038086,0.147370676519043,0.330890193046175,0.186998757666528,0.482111049287297,0.0836626573966357,0.21772918872053,0.108864594360265,0.38369709552363,0.0726557014204527,0.543647203055917,0.0732405927891424,0.179822710004221,0.0899113550021106,0.388349514563107,0.087378640776699,0.524271844660194,0.0800496358811637,0.201833798070074,0.100916899035037,0.383375503387588,0.0809249888817225,0.535699507730689,26,8,7,11,25,17,0,8,19,11,0,8,33,4,2,27
155,2,0.478260869565217,0.0869565217391304,0.434782608695652,0.0849236494439914,0.20981460234105,0.104907301170525,0.583168170735742,0.0851376711748661,0.331694158089392,0.0414200808780642,0.113545995263858,0.0567729976319292,0.519139554131954,0.102850834804323,0.378009611063723,0.0812532165963982,0.208538087028405,0.104269043514202,0.572217666898461,0.0972687679200887,0.33051356518145,0.0791147276725509,0.198117436127297,0.0990587180636485,0.577319587628866,0.0824742268041237,0.34020618556701,0.0812716590871592,0.199286150309818,0.099643075154909,0.577903944720126,0.0867441268313896,0.335351928448484,28,15,3,10,25,15,0,10,27,12,3,12,17,14,2,1
155,3,0.478260869565217,0.0869565217391304,0.434782608695652,0.0136906130252772,0.033665992447393,0.0168329962236965,0.495093865788914,0.0702552782412369,0.434650855969849,0.14614973371157,0.372818435457674,0.186409217728837,0.664670087294054,0.0710715071263423,0.264258405579604,0.0240225963466205,0.0661459715866211,0.0330729857933105,0.511333855358528,0.0636924058680804,0.424973738773392,0.0254471829672041,0.0705052878965922,0.0352526439482961,0.513513513513513,0.0630630630630631,0.423423423423423,0.0169971442251119,0.0477649539557659,0.0238824769778829,0.5021433465431,0.0726541738150823,0.425202479641817,26,10,0,16,23,17,0,6,35,25,3,7,27,5,4,18
155,4,0.478260869565217,0.0869565217391304,0.434782608695652,0.0402449051839115,0.111545308731616,0.0557726543658077,0.440549225153992,0.142729176104938,0.41672159874107,0.0302693234246059,0.0840265493535087,0.0420132746767543,0.46436137469599,0.128969796415885,0.406668828888126,0.0483121307789764,0.13379073734982,0.0668953686749101,0.432777812030671,0.153851890414041,0.413370297555288,0.0403350499807049,0.111801242236025,0.0559006211180124,0.44047619047619,0.142857142857143,0.416666666666667,0.0401167485153536,0.111143867444539,0.0555719337222694,0.44058296639505,0.1425284554614,0.41688857814355,22,9,1,12,23,11,3,9,19,11,2,6,20,6,6,8
155,5,0.478260869565217,0.0869565217391304,0.434782608695652,0.177082550587954,0.472487508118116,0.236243754059058,0.242017115506159,0.133113052349946,0.624869832143895,0.208250246668239,0.521456331126036,0.260728165563018,0.2175327040022,0.0987125709913655,0.683754725006435,0.181423333250701,0.471379649437202,0.235689824718601,0.242571044846616,0.116998423530576,0.640430531622808,0.159788253562598,0.413311862587225,0.206655931293612,0.271604938271605,0.111111111111111,0.617283950617284,0.179826553695897,0.476160283943118,0.238080141971559,0.240180727593659,0.128570701575265,0.631248570831077,18,0,5,13,18,12,0,6,21,4,3,14,24,6,1,17
156,1,0.434782608695652,0.130434782608696,0.434782608695652,0.0515105356561223,0.139644168128425,0.0698220840642125,0.487684213755871,0.147355261612689,0.36496052463144,0.114798046068263,0.293125808582885,0.146562904291442,0.568540282498151,0.14324001309764,0.28821970440421,0.0579921766176347,0.157737589424281,0.0788687947121405,0.493695808344653,0.150390377671835,0.355913813983512,0.0551169702022335,0.15527950310559,0.077639751552795,0.479591836734694,0.163265306122449,0.357142857142857,0.0570698477313688,0.156173734954673,0.0780868674773363,0.491497548476679,0.151806710305005,0.356695741218316,24,12,4,8,22,6,0,16,27,12,10,5,25,17,2,6
156,2,0.434782608695652,0.130434782608696,0.434782608695652,0.0354004926367937,0.098161640580384,0.049080820290192,0.483863428985844,0.0973446866142286,0.418791884399927,0.120945054301309,0.330687720832991,0.165343860416495,0.600126469112148,0.0856787475744756,0.314194783313377,0.0522151596920739,0.147510131009037,0.0737550655045184,0.508537674200171,0.0904304165028159,0.401031909297013,0.0649988222230382,0.174682570219315,0.0873412851096576,0.52212389380531,0.0619469026548673,0.415929203539823,0.0490105941922212,0.138596761111632,0.0692983805558158,0.504080989251468,0.0969510767227401,0.398967934025792,24,5,2,17,26,9,1,16,28,18,2,8,35,27,2,6
156,3,0.434782608695652,0.130434782608696,0.434782608695652,0.143974157282266,0.407039620318968,0.203519810159484,0.638302418855136,0.0339286478126211,0.327768933332243,0.116078326476409,0.318365472549594,0.159182736274797,0.593965344970449,0.0161028161690645,0.389931838860486,0.122099094307844,0.339508086698716,0.169754043349358,0.60453665204501,0.0181724214053193,0.37729092654967,0.112061573410252,0.298751614291864,0.149375807145932,0.584158415841584,0.0099009900990099,0.405940594059406,0.125687100713649,0.354977092626399,0.177488546313199,0.612271155008852,0.033369880003263,0.354358964987885,31,10,0,21,25,15,0,10,25,15,0,10,20,19,1,0
156,4,0.434782608695652,0.130434782608696,0.434782608695652,0.0885153786936795,0.250138113130591,0.125069056565295,0.501873090811299,0.188413357058344,0.309713552130357,0.0933260275317824,0.263961459660695,0.131980729830348,0.368131685394648,0.262415512439043,0.369452802166309,0.0873039748194808,0.246085882320914,0.123042941160457,0.487455237438722,0.200805095026083,0.311739667535195,0.0928934879399656,0.261722080136402,0.130861040068201,0.490196078431373,0.205882352941176,0.303921568627451,0.0871701547049513,0.245687873865794,0.122843936932897,0.487261469422196,0.200799858815049,0.311938671762755,33,9,11,13,24,10,5,9,18,12,0,6,27,19,5,3
156,5,0.434782608695652,0.130434782608696,0.434782608695652,0.125138264812118,0.314188019335319,0.15709400966766,0.285663073262555,0.122460308374134,0.591876618363312,0.150481581681162,0.370902181859707,0.185451090929854,0.251652531858722,0.128113768515772,0.620233699625506,0.117824027764277,0.300855280495133,0.150427640247566,0.284354968448086,0.143580929463238,0.572064102088676,0.125101474091192,0.314108251996451,0.157054125998225,0.285714285714286,0.122448979591837,0.591836734693878,0.12510614847248,0.314121252218938,0.157060626109469,0.285709454948162,0.122447310246716,0.591843234805121,30,6,4,20,18,5,1,12,36,15,4,17,14,2,3,9
157,1,0.391304347826087,0.173913043478261,0.434782608695652,0.0686284429909371,0.193170855136585,0.0965854275682924,0.35127215261695,0.270498471046553,0.378229376336496,0.170858314944063,0.43335114423592,0.21667557211796,0.190351131012815,0.390588615596221,0.419060253390964,0.0702268129799717,0.197662339037797,0.0988311695188986,0.350374506441908,0.272744212997159,0.376881280560933,0.078347472504375,0.208874943971313,0.104437471985657,0.371134020618557,0.278350515463918,0.350515463917526,0.0702218858105628,0.1980688572766,0.0990344286383,0.348175116631656,0.272947472116561,0.378877411251783,26,14,5,7,22,3,10,9,27,4,11,12,22,15,1,6
157,2,0.391304347826087,0.173913043478261,0.434782608695652,0.0910443470455957,0.252242420352804,0.126121210176402,0.517425558002489,0.133295476312058,0.349278965685454,0.125987219483537,0.342620281467973,0.171310140733986,0.562614488560073,0.13067018799172,0.306715323448207,0.0893265617175659,0.236753853424508,0.118376926712254,0.509681274538341,0.15292182294206,0.337396902519599,0.0990208809208172,0.277632268203248,0.138816134101624,0.530120481927711,0.120481927710843,0.349397590361446,0.0964335958580156,0.265323607319878,0.132661803659939,0.523966151486026,0.134964471761514,0.34106937675246,19,14,2,3,27,17,4,6,20,9,2,9,17,4,2,11
157,3,0.391304347826087,0.173913043478261,0.434782608695652,0.0980184403963172,0.24842913578088,0.12421456789044,0.506698382745944,0.0496984755878207,0.443603141666235,0.0825280258777068,0.222630652326534,0.111315326163267,0.477342698914763,0.0625977173149938,0.460059583770243,0.100569827963242,0.248091721531198,0.124045860765599,0.51358425925694,0.0498671827126617,0.436548558030399,0.105025440669802,0.265351860152398,0.132675930076199,0.515463917525773,0.0412371134020619,0.443298969072165,0.0994566564713529,0.244710311409212,0.122355155704606,0.512559805793015,0.0515578877736549,0.43588230643333,20,7,1,12,23,19,0,4,31,17,3,11,23,7,0,16
157,4,0.391304347826087,0.173913043478261,0.434782608695652,0.0283201855232092,0.0791832798254738,0.0395916399127368,0.430895987738824,0.148880249312617,0.42022376294856,0.0825478145784778,0.215102872696193,0.107551436348096,0.29821287018945,0.159453084766802,0.542334045043748,0.0239497916715263,0.0600455502701598,0.0300227751350799,0.421327122961167,0.145323603342124,0.433349273696709,0.0240172703802111,0.0622188905547227,0.0311094452773613,0.422413793103448,0.146551724137931,0.431034482758621,0.0217847636558112,0.0578750729768785,0.0289375364884392,0.420241884314526,0.150288505042817,0.429469610642657,28,7,3,18,26,22,0,4,27,10,8,9,35,10,6,19
157,5,0.391304347826087,0.173913043478261,0.434782608695652,0.163357244157891,0.419218457271116,0.209609228635558,0.181695119190529,0.194596541057163,0.623708339752308,0.199568616226295,0.519600025613196,0.259800012806598,0.165908719099113,0.139508659398637,0.69458262150225,0.160490563487999,0.40891431886091,0.204457159430455,0.186847188395632,0.190796535922659,0.622356275681708,0.175512226721369,0.438522674146798,0.219261337073399,0.172043010752688,0.182795698924731,0.645161290322581,0.168444150465051,0.42255753835302,0.21127876917651,0.180025578649577,0.184257575056064,0.635716846294359,18,5,8,5,27,2,3,22,29,7,3,19,19,2,3,14
158,1,0.347826086956522,0.217391304347826,0.434782608695652,0.108406358433995,0.292934503365449,0.146467251682724,0.494293338639246,0.183380324538593,0.322326336822161,0.126425730011046,0.352516974653138,0.176258487326569,0.524084574283091,0.155241033860001,0.320674391856908,0.098952051232142,0.260506609303809,0.130253304651904,0.478079391608426,0.196568377994035,0.325352230397539,0.107743146820028,0.293821510297483,0.146910755148741,0.494736842105263,0.178947368421053,0.326315789473684,0.104482903863327,0.281659831283561,0.14082991564178,0.488656002598302,0.185708980633287,0.325635016768411,27,7,8,12,24,15,3,6,21,15,3,3,23,10,3,10
158,2,0.347826086956522,0.217391304347826,0.434782608695652,0.0540728042575185,0.148061403778942,0.0740307018894709,0.294215748102117,0.291422006237297,0.414362245660586,0.105871738930024,0.295413488170432,0.147706744085216,0.252753007802148,0.365098048433042,0.38214894376481,0.0499936077675079,0.138865625838325,0.0694328129191626,0.278393274037359,0.263655636769093,0.457951089193548,0.0431135174805563,0.117874396135266,0.0589371980676329,0.288888888888889,0.233333333333333,0.477777777777778,0.0541704182914626,0.141363029849523,0.0706815149247617,0.286897365277276,0.288072819272588,0.425029815450136,21,15,5,1,22,5,10,7,24,1,3,20,23,5,3,15
158,3,0.347826086956522,0.217391304347826,0.434782608695652,0.0974073392529165,0.269568333879372,0.134784166939686,0.255792455903779,0.352175471287512,0.392032072808709,0.132050350653751,0.349063481903223,0.174531740951611,0.203028084485041,0.391923045299438,0.405048870215521,0.0979594587309677,0.271814940793539,0.13590747039677,0.256613956498368,0.353298774744596,0.390087268757036,0.0986962809860263,0.274894810659187,0.137447405329593,0.258064516129032,0.354838709677419,0.387096774193548,0.0994528606302379,0.275363559843944,0.137681779921972,0.254103419738985,0.355073084269798,0.390823495991217,25,3,11,11,25,6,12,7,21,4,6,11,22,11,4,7
158,4,0.347826086956522,0.217391304347826,0.434782608695652,0.0404841152623396,0.111578950587187,0.0557894752935933,0.364580976412667,0.256425890185274,0.378993133402059,0.0647665492404013,0.181490099308569,0.0907450496542843,0.40397176467384,0.251990676284792,0.344037559041368,0.0455633446594765,0.127014207942919,0.0635071039714596,0.370137002991097,0.25858749228471,0.371275504724193,0.0440937880360857,0.124467178175618,0.062233589087809,0.382352941176471,0.245098039215686,0.372549019607843,0.0442753050065399,0.124670385685709,0.0623351928428547,0.373875407294511,0.253677176852691,0.372447415852798,23,5,4,14,28,17,5,6,29,13,7,9,22,4,9,9
158,5,0.347826086956522,0.217391304347826,0.434782608695652,0.0661729397075197,0.178447512007551,0.0892237560037757,0.278767778791181,0.197225856509391,0.524006364699428,0.0838421789923868,0.236817199881398,0.118408599940699,0.229417487015823,0.281963943199969,0.488618569784208,0.0648428145189418,0.174575419216986,0.087287709608493,0.279840340163681,0.198089341532174,0.522070318304145,0.0650102564310593,0.168170631665299,0.0840853158326497,0.273584905660377,0.207547169811321,0.518867924528302,0.0673682384847426,0.181356995709468,0.0906784978547339,0.27717326746093,0.197365625988684,0.525461106550386,28,6,3,19,25,12,1,12,26,4,10,12,27,7,8,12
159,1,0.304347826086957,0.260869565217391,0.434782608695652,0.0542559085907963,0.153458380627066,0.0767291903135328,0.342882541470341,0.184140374903858,0.4729770836258,0.077312894978875,0.216689065264878,0.108344532632439,0.371248889735038,0.152525032584952,0.476226077680009,0.0542626402700305,0.153302599654256,0.0766512998271279,0.345849144390152,0.184218265390263,0.469932590219584,0.0456849733475394,0.129215765948801,0.0646078829744006,0.336448598130841,0.196261682242991,0.467289719626168,0.0546665481304739,0.154615074045028,0.0773075370225139,0.343554556067592,0.183562028194877,0.47288341573753,32,13,4,15,28,6,12,10,27,10,1,16,20,7,4,9
159,2,0.304347826086957,0.260869565217391,0.434782608695652,0.0979898677656838,0.273728962632477,0.136864481316238,0.441212307403195,0.211255044735534,0.347532647861272,0.0651843830668838,0.183892946408921,0.0919464732044605,0.396294299291417,0.209161327075369,0.394544373633214,0.10045004600791,0.273468486619377,0.136734243309689,0.441082069396645,0.225866011183262,0.333051919420093,0.0871537394043241,0.232213438735178,0.116106719367589,0.420454545454545,0.238636363636364,0.340909090909091,0.100039943771101,0.272096850709081,0.13604842535454,0.440396251441497,0.226462386815919,0.333141361742584,16,7,0,9,29,10,6,13,14,6,3,5,29,14,12,3
159,3,0.304347826086957,0.260869565217391,0.434782608695652,0.242865959685536,0.681887346778831,0.340943673389415,0.0979055815162803,0.601813238606807,0.300281179876913,0.265752915682365,0.737631853538785,0.368815926769393,0.0573457143220557,0.629685491986784,0.312968793691161,0.259160652624463,0.723893113548909,0.361946556774454,0.0734507724774596,0.622816121991846,0.303733105530695,0.245776052225992,0.672290720311486,0.336145360155743,0.0597014925373134,0.597014925373134,0.343283582089552,0.245121081580067,0.689232881847329,0.344616440923665,0.0995411681811117,0.605486006141056,0.294972825677832,19,1,11,7,19,3,16,0,13,0,10,3,16,0,3,13
159,4,0.304347826086957,0.260869565217391,0.434782608695652,0.0707257174499871,0.183165971357769,0.0915829856788846,0.212764840408072,0.341483582575154,0.445751577016774,0.113371926721887,0.315239900307721,0.15761995015386,0.146727875933096,0.314248178984511,0.539023945082393,0.0746828041291208,0.201731944014237,0.100865972007118,0.203481854079838,0.338428620180115,0.458089525740047,0.0788823951343378,0.217391304347826,0.108695652173913,0.195652173913043,0.33695652173913,0.467391304347826,0.0748414265293612,0.202291934059575,0.101145967029788,0.203201859057169,0.338442154333692,0.458355986609139,33,3,10,20,19,2,11,6,19,4,2,13,21,9,8,4
159,5,0.304347826086957,0.260869565217391,0.434782608695652,0.0753541187850284,0.196820253405771,0.0984101267028852,0.290553919855041,0.176253344746422,0.533192735398537,0.224952321616266,0.632209149238905,0.316104574619452,0.177339764155122,0.0717730525297731,0.750887183315105,0.108425485478644,0.29087269807735,0.145436349038675,0.273704942839873,0.1460760994258,0.580218957734327,0.10422492324505,0.293225480283114,0.146612740141557,0.244186046511628,0.174418604651163,0.581395348837209,0.0798136991471459,0.206620213456865,0.103310106728433,0.292070510635761,0.169836773940154,0.538092715424085,24,3,1,20,24,10,1,13,20,6,12,2,18,2,1,15
160,1,0.260869565217391,0.304347826086957,0.434782608695652,0.0385247314863197,0.0984889569490168,0.0492444784745084,0.265305957705752,0.255103347612448,0.4795906946818,0.0430393479348204,0.115147883418678,0.0575739417093391,0.272553637691406,0.246773884377617,0.480672477930977,0.0301255633209338,0.0799084123077897,0.0399542061538948,0.268037671219453,0.264393619933062,0.467568708847486,0.0385257373904987,0.09849157054126,0.04924578527063,0.26530612244898,0.255102040816327,0.479591836734694,0.0385253764292439,0.0984903195946066,0.0492451597973033,0.265305698650011,0.255102666289653,0.479591635060335,21,3,8,10,29,6,6,17,25,8,5,12,23,9,6,8
160,2,0.260869565217391,0.304347826086957,0.434782608695652,0.109133139711917,0.287568952595094,0.143784476297547,0.237552851326739,0.183880063680061,0.578567084993199,0.0762965123765413,0.198587369725791,0.0992936848628955,0.247791969578796,0.218131736862656,0.534076293558548,0.105988154154295,0.268190138122405,0.134095069061202,0.251823044226689,0.179299278016456,0.568877677756855,0.113052941565946,0.286661753868828,0.143330876934414,0.271186440677966,0.161016949152542,0.567796610169492,0.10236724176556,0.25998043746311,0.129990218731555,0.251060373943323,0.18416679862947,0.564772827427207,32,9,8,15,24,4,5,15,27,1,2,24,35,18,4,13
160,3,0.260869565217391,0.304347826086957,0.434782608695652,0.0634658530866836,0.170749593760563,0.0853747968802814,0.327540912566516,0.218973029206675,0.453486058226809,0.0767825966479343,0.217120674178385,0.108560337089193,0.317233151701266,0.195787488997764,0.48697935930097,0.0616808050178598,0.15224802202567,0.0761240110128352,0.336993576230227,0.229399050974552,0.433607372795221,0.0538842750245183,0.133128126202386,0.0665640631011928,0.327433628318584,0.238938053097345,0.433628318584071,0.061656997953901,0.152117697601243,0.0760588488006214,0.336928414018013,0.229390543173401,0.433681042808586,26,4,10,12,26,9,1,16,39,17,13,9,22,7,3,12
160,4,0.260869565217391,0.304347826086957,0.434782608695652,0.0386686975654518,0.0960442469784041,0.048022123489202,0.212847441728189,0.351015211425721,0.43613734684609,0.0826605938394988,0.230200936884882,0.115100468442441,0.185625482231816,0.419448294529398,0.394926223238786,0.0374451389908678,0.103885718027378,0.0519428590136889,0.208926706203702,0.339244623887666,0.451828669908631,0.0512467819277331,0.144689950106914,0.0723449750534569,0.188524590163934,0.344262295081967,0.467213114754098,0.0343176093393344,0.0934929050928917,0.0467464525464459,0.214123112670945,0.339018146981936,0.446858740347118,38,8,6,24,28,3,6,19,28,8,16,4,28,4,14,10
160,5,0.260869565217391,0.304347826086957,0.434782608695652,0.0626454718071572,0.156279773042789,0.0781398865213945,0.336096130385143,0.3072611474406,0.356642722174258,0.0767062090368634,0.203757194787351,0.101878597393675,0.362748162611067,0.285678130765951,0.351573706622982,0.0633586933786687,0.155874583455083,0.0779372917275418,0.338124239323986,0.305030443707904,0.35684531696811,0.0631930410699388,0.158026755852843,0.0790133779264214,0.336538461538462,0.307692307692308,0.355769230769231,0.0631865471957341,0.157028226419111,0.0785141132095554,0.337078754913047,0.306652749600856,0.356268495486097,23,7,4,12,27,10,9,8,30,13,7,10,24,5,12,7
161,1,0.217391304347826,0.347826086956522,0.434782608695652,0.0801994602337667,0.206238273231032,0.103119136615516,0.206731160002199,0.450945223572038,0.342323616425763,0.0794687727975517,0.222760322505636,0.111380161252818,0.174692510585908,0.45920624820934,0.366101241204752,0.0787697106540542,0.202476712474716,0.101238356237358,0.207022559699527,0.44906444319388,0.343912997106593,0.0792711622126599,0.197204968944099,0.0986024844720497,0.214285714285714,0.446428571428571,0.339285714285714,0.0801673306182743,0.205306421085476,0.102653210542738,0.207741312682181,0.45047929749926,0.34177938981856,34,5,16,13,28,6,12,10,29,12,11,6,21,1,11,9
161,2,0.217391304347826,0.347826086956522,0.434782608695652,0.0775965887304005,0.192536030730884,0.0962680153654422,0.21990516530685,0.441580241362939,0.33851459333021,0.069952574770009,0.197808450153409,0.0989042250767043,0.26496997835956,0.399151638021492,0.335878383618948,0.0713126382346423,0.181777055313922,0.0908885276569611,0.224984607643715,0.431121311317594,0.343894081038691,0.0752517217326768,0.189953566905867,0.0949767834529337,0.223300970873786,0.436893203883495,0.339805825242718,0.0734875633128205,0.185085577504833,0.0925427887524167,0.222705316850581,0.435054863206184,0.342239819943235,24,7,12,5,28,6,8,14,29,9,10,10,22,1,15,6
161,3,0.217391304347826,0.347826086956522,0.434782608695652,0.0411834837467258,0.111466727102858,0.0557333635514288,0.174880062465764,0.334603965287155,0.490515972247081,0.130395806126835,0.356259853029942,0.178129926514971,0.265141665549511,0.478205652269808,0.256652682180681,0.0690935062588963,0.190916220895437,0.0954581104477184,0.151587936604935,0.318171344251694,0.530240719143371,0.0696828738910318,0.195855343356359,0.0979276716781796,0.158878504672897,0.308411214953271,0.532710280373832,0.0535563167210347,0.1452067482437,0.0726033741218499,0.16240858035964,0.330205436822858,0.507385982817502,25,5,14,6,36,0,6,30,21,3,2,16,25,9,11,5
161,4,0.217391304347826,0.347826086956522,0.434782608695652,0.121873004234474,0.305125141229128,0.152562570614564,0.210558131162554,0.20209668952723,0.587345179310216,0.0259102376367175,0.0720607472584801,0.0360303736292401,0.229629835236239,0.311795713327282,0.458574451436479,0.134171774053485,0.338433831719999,0.169216915859999,0.207128821218831,0.188871654225518,0.603999524555651,0.127857573734373,0.338768115942029,0.169384057971014,0.1875,0.208333333333333,0.604166666666667,0.132953136803405,0.333787908922703,0.166893954461351,0.20894173275219,0.189381704090806,0.601676563157004,26,3,2,21,22,2,10,10,28,7,1,20,20,6,7,7
161,5,0.217391304347826,0.347826086956522,0.434782608695652,0.0783450992633691,0.220487724186371,0.110243862093185,0.327635166441012,0.302277557654595,0.370087275904393,0.108959292475214,0.29979804888488,0.14989902444244,0.261423135891926,0.197927062514082,0.540649801593992,0.070479028293117,0.198591176239631,0.0992955881198153,0.316686892467641,0.290679641106593,0.392633466425765,0.0580096573143047,0.153452685421995,0.0767263427109975,0.294117647058824,0.284313725490196,0.42156862745098,0.0746227479803659,0.21106181629673,0.105530908148365,0.322922212496191,0.295562970664949,0.38151481683886,31,6,5,20,24,11,12,1,23,5,9,9,24,8,3,13
162,1,0.173913043478261,0.391304347826087,0.434782608695652,0.0418909320074466,0.117389165344429,0.0586945826722143,0.15152885133574,0.354993957296394,0.493477191367866,0.0288492174872457,0.0810483784207192,0.0405241892103596,0.21443723268862,0.366948527403044,0.418614239908335,0.0413054523673789,0.115085644739227,0.0575428223696137,0.153849576265198,0.353824992669536,0.492325431065266,0.0429810081385224,0.119445771619685,0.0597228858098424,0.153846153846154,0.351648351648352,0.494505494505495,0.0397984311822547,0.110589196029926,0.0552945980149631,0.155362626333578,0.354560166955807,0.490077206710615,28,7,11,10,20,2,13,5,21,5,4,12,22,0,4,18
162,2,0.173913043478261,0.391304347826087,0.434782608695652,0.0681527283732995,0.182113580541247,0.0910567902706234,0.192079287998245,0.300247557555464,0.507673154446292,0.0190348867135878,0.047084855015229,0.0235424275076145,0.15083670042023,0.414846775333701,0.434316524246069,0.0743194313122893,0.197134305514698,0.098567152757349,0.191598295473272,0.292737195068738,0.51566450945799,0.0664317846025864,0.164051994621246,0.082025997310623,0.175257731958763,0.309278350515464,0.515463917525773,0.0743619057020913,0.195140221271312,0.0975701106356561,0.188718771810708,0.293734237190431,0.517546990998861,20,7,5,8,29,5,2,22,23,2,11,10,25,3,12,10
162,3,0.173913043478261,0.391304347826087,0.434782608695652,0.0540972229086795,0.134422300074436,0.0672111500372182,0.171958065178402,0.326048176088728,0.50199375873287,0.0662641922786072,0.167601747534562,0.0838008737672809,0.09011216971098,0.396880207156994,0.513007623132026,0.0598252103739959,0.150457622451333,0.0752288112256665,0.169825539983265,0.320163040095416,0.510011419921319,0.0497457697746996,0.134989648033126,0.0674948240165631,0.19047619047619,0.323809523809524,0.485714285714286,0.0592059384322215,0.14537468996593,0.0726873449829652,0.17356141355115,0.318968632770232,0.507469953678617,21,2,10,9,25,1,12,12,32,3,10,19,27,14,2,11
162,4,0.173913043478261,0.391304347826087,0.434782608695652,0.0918080184422977,0.23974352137867,0.119871760689335,0.277047756184243,0.271432587136752,0.451519656679005,0.112481258544133,0.311430646577459,0.15571532328873,0.223617484075593,0.235589024537357,0.54079349138705,0.0894409636279826,0.228142662184624,0.114071331092312,0.278280807321178,0.277233016733775,0.444486175945047,0.0959473784467779,0.259881422924901,0.129940711462451,0.272727272727273,0.261363636363636,0.465909090909091,0.0914035244085405,0.241441984392278,0.120720992196139,0.274295257978203,0.270583355629948,0.45512138639185,23,3,7,13,20,6,4,10,24,5,4,15,21,10,8,3
162,5,0.173913043478261,0.391304347826087,0.434782608695652,0.0223668377820131,0.0603073413038449,0.0301536706519224,0.204066714130183,0.367952232552482,0.427981053317335,0.0561898432586268,0.146320506383147,0.0731602531915737,0.247073296669835,0.381587406872591,0.371339296457574,0.0252748226442695,0.0671896443211838,0.0335948221605919,0.207507865638853,0.363934995933075,0.428557138428072,0.0235514356136851,0.062888198757764,0.031444099378882,0.205357142857143,0.366071428571429,0.428571428571429,0.0235573238044784,0.061745815958503,0.0308729079792515,0.204785951457512,0.365024973476979,0.430189075065508,32,8,14,10,32,7,6,19,25,1,13,11,23,7,8,8
163,1,0.130434782608696,0.434782608695652,0.434782608695652,0.0282266378708256,0.07926890338958,0.03963445169479,0.106500846014101,0.419082093595457,0.474417060390442,0.0309303454647391,0.085884281508383,0.0429421407541916,0.101751998396625,0.420523252153531,0.477724749449844,0.036829596359565,0.0998282598371571,0.0499141299185786,0.0925911557391771,0.422712105646592,0.484696738614231,0.0236139709711994,0.0662145991224571,0.0331072995612286,0.110091743119266,0.422018348623853,0.467889908256881,0.0320912737506238,0.0895062966326464,0.0447531483163232,0.101528157666727,0.418936085321297,0.479535757011975,32,1,8,23,30,0,22,8,25,9,5,11,22,2,11,9
163,2,0.130434782608696,0.434782608695652,0.434782608695652,0.0922790850644522,0.260932353814251,0.130466176907125,0.0678619240188163,0.565248785602777,0.366889290378406,0.0901022147041969,0.225399460002912,0.112699730001456,0.125579497760649,0.547482338697108,0.326938163542242,0.0812738740554666,0.229862189254304,0.114931094627152,0.0718305861704012,0.549713703322804,0.378455710506794,0.0811425173592771,0.229335881509795,0.114667940754897,0.0769230769230769,0.549450549450549,0.373626373626374,0.081990894845691,0.231888015543171,0.115944007771585,0.0712378081956485,0.550726616467238,0.378035575337114,28,2,9,17,19,0,13,6,25,5,14,6,19,0,14,5
163,3,0.130434782608696,0.434782608695652,0.434782608695652,0.0537468327589271,0.150403258219521,0.0752016291097605,0.177607393330056,0.462811627084053,0.359580979585892,0.0731756432106738,0.201316201163401,0.100658100581701,0.201571817650764,0.464303674235284,0.334124508113952,0.0522326152434599,0.147050085643932,0.0735250428219658,0.173355242090012,0.465387192036302,0.361257565873686,0.06398493237925,0.179910044977511,0.0899550224887556,0.183908045977011,0.471264367816092,0.344827586206897,0.0518251752297098,0.145789948747333,0.0728949743736665,0.173478876095898,0.464633489582117,0.361887634321986,19,7,8,4,22,6,4,12,24,3,13,8,22,0,16,6
163,4,0.130434782608696,0.434782608695652,0.434782608695652,0.0973189944849981,0.275218821268849,0.137609410634424,0.201293169982948,0.501533631955824,0.297173198061228,0.0823600132103284,0.212586843537543,0.106293421768771,0.224825147920433,0.446685665152687,0.328489186926881,0.0984987093299165,0.278307201982606,0.139153600991303,0.194516120625716,0.509854871669934,0.295629007704349,0.0926231604111161,0.257320319432121,0.12866015971606,0.173469387755102,0.520408163265306,0.306122448979592,0.0986002705823328,0.278789469558704,0.139394734779352,0.196993523673132,0.507618602410568,0.2953878739163,23,4,12,7,27,5,7,15,28,2,24,2,20,6,8,6
163,5,0.130434782608696,0.434782608695652,0.434782608695652,0.0647949196248638,0.175198982903053,0.0875994914515263,0.218034274060222,0.367695114326786,0.414270611612992,0.101390732431037,0.286559718685868,0.143279859342934,0.27371464195163,0.367967859264862,0.358317498783508,0.0701151001393624,0.179871474305987,0.0899357371529933,0.220370519761689,0.353650347570821,0.42597913266749,0.0743595283967491,0.183574879227053,0.0917874396135266,0.222222222222222,0.344444444444444,0.433333333333333,0.0708657051194009,0.179975749907555,0.0899878749537776,0.220422657562473,0.351584495869958,0.427992846567569,12,0,6,6,22,7,11,4,22,7,7,8,34,6,7,21
164,1,0.0869565217391304,0.478260869565217,0.434782608695652,0.0427517424315534,0.12091647861782,0.0604582393089101,0.0571375193249183,0.44762163267052,0.495240848004562,0.0545957520697878,0.154061417617024,0.077030708808512,0.0438863192098231,0.444300363286013,0.511813317504164,0.0374789889079501,0.105291144336932,0.0526455721684658,0.0659577109210413,0.446614108214841,0.487428180864118,0.0427498214496208,0.120910973084886,0.0604554865424431,0.0571428571428571,0.447619047619048,0.495238095238095,0.0427494414060359,0.120909939449865,0.0604549697249323,0.0571408468574593,0.447621574721956,0.495237578420584,20,1,8,11,27,4,13,10,36,1,15,20,22,0,11,11
164,2,0.0869565217391304,0.478260869565217,0.434782608695652,0.0207053972492256,0.0509105506813945,0.0254552753406972,0.0616952520784397,0.478066863885211,0.460237884036349,0.0404677219804302,0.100291671845682,0.0501458359228411,0.0368106858162894,0.479448621876643,0.483740692307068,0.0164605332159539,0.0421038888468342,0.021051944423417,0.0659045773157134,0.480182455824094,0.453912966860193,0.0103937296187806,0.0293111871030777,0.0146555935515388,0.0786516853932584,0.471910112359551,0.449438202247191,0.0166403854557485,0.0423190021754176,0.0211595010877088,0.0657970206514216,0.479920963307195,0.454282016041383,17,0,7,10,28,6,13,9,26,1,13,12,18,0,9,9
164,3,0.0869565217391304,0.478260869565217,0.434782608695652,0.137111017005768,0.383058590620307,0.191529295310153,0.156519198952444,0.600227487662057,0.243253313385499,0.106146347446383,0.299934431557497,0.149967215778748,0.156200246529524,0.558984360553573,0.284815392916904,0.129803579437238,0.363701119011665,0.181850559505833,0.156173868434277,0.590894082375904,0.25293204918982,0.144326448359743,0.406150583244963,0.203075291622481,0.170731707317073,0.597560975609756,0.231707317073171,0.135724234673484,0.379305373558969,0.189652686779485,0.156180216544273,0.59868986153956,0.245129921916167,21,4,10,7,20,8,9,3,22,2,14,6,19,0,16,3
164,4,0.0869565217391304,0.478260869565217,0.434782608695652,0.0747005185495314,0.210528359222549,0.105264179611274,0.0420601009690288,0.583525049176492,0.374414849854479,0.0485319120759265,0.120048716731573,0.0600243583657865,0.0269321633733439,0.537097119187587,0.435970717439069,0.0750396729638724,0.211570798244251,0.105785399122126,0.041379270026068,0.584046268687343,0.374574461286589,0.0729729037403607,0.179280730005368,0.0896403650026838,0.0864197530864197,0.567901234567901,0.345679012345679,0.0683974375365651,0.19324435120452,0.0966221756022598,0.0425736114756171,0.574883045167477,0.382543343356906,15,0,11,4,21,7,6,8,21,0,17,4,24,0,12,12
164,5,0.0869565217391304,0.478260869565217,0.434782608695652,0.0931226947098676,0.229072047972849,0.114536023986425,0.0879317383489488,0.363724845578793,0.548343416072259,0.0807061056076137,0.198827226836672,0.0994136134183362,0.085808064712104,0.379995713173908,0.534196222113988,0.0959087948481775,0.235016606589402,0.117508303294701,0.086867473743313,0.360841614266334,0.552290911990353,0.0946934116196788,0.253241800152555,0.126620900076278,0.0614035087719298,0.37719298245614,0.56140350877193,0.0957130757151538,0.23566338446553,0.117831692232765,0.0881813068195571,0.360429177332453,0.55138951584799,25,1,17,7,32,3,14,15,28,1,3,24,29,2,9,18
165,1,0.0434782608695652,0.521739130434783,0.434782608695652,0.136022372628603,0.350512466575457,0.175256233287729,0.0245310608155345,0.365430097201085,0.610038841983381,0.0887440447624204,0.217705433728497,0.108852716864249,0.0431497096448087,0.413214964795291,0.543635325559901,0.134619016123588,0.348830760762056,0.174415380381028,0.0223604758691061,0.368441535054214,0.60919798907668,0.133284791415722,0.34692962796952,0.17346481398476,0.0206185567010309,0.371134020618557,0.608247422680412,0.131982557958552,0.340547835744207,0.170273917872104,0.024554503617821,0.370388969814423,0.605056526567756,26,0,5,21,21,0,4,17,24,2,10,12,26,0,17,9
165,2,0.0434782608695652,0.521739130434783,0.434782608695652,0.0242677776919067,0.06559894397454,0.0327994719872701,0.0183301805083984,0.514087738808679,0.467582080682922,0.0493575197995729,0.139096792954867,0.0695483964774333,0.0138530966869747,0.48181589813994,0.504331005173085,0.018625116413199,0.0526746107939319,0.0263373053969659,0.0171409554725993,0.53458809511655,0.448270949410851,0.0239452776797055,0.0677257525083612,0.0338628762541806,0.00961538461538462,0.538461538461538,0.451923076923077,0.0180481743519235,0.0510280950798032,0.0255140475399016,0.0179642133296637,0.533879769783391,0.448156016886946,30,0,24,6,28,0,15,13,30,1,13,16,16,0,4,12
165,3,0.0434782608695652,0.521739130434783,0.434782608695652,0.0599589393260026,0.166869774366814,0.0834348871834071,0.0720969904721784,0.576555288015577,0.351347721512245,0.0240770559330917,0.0604980072821843,0.0302490036410921,0.0721417902640819,0.523324604681358,0.40453360505456,0.0597243334438682,0.167165549798472,0.0835827748992359,0.0747371361269631,0.574063030076621,0.351199833796416,0.0638790329953286,0.180676328502415,0.0903381642512077,0.0888888888888889,0.566666666666667,0.344444444444444,0.0609688449802126,0.170243605325645,0.0851218026628227,0.0741434015735345,0.576195792393636,0.349660806032829,25,6,15,4,21,2,9,10,25,0,14,11,19,0,13,6
165,4,0.0434782608695652,0.521739130434783,0.434782608695652,0.0879752494913342,0.227288928835511,0.113644464417755,0.0305099744922189,0.635383594852538,0.334106430655243,0.0553853888066253,0.141059576902758,0.0705297884513789,0.0492393647346183,0.586507815021108,0.364252820244273,0.0860743887354132,0.227476260282714,0.113738130141357,0.0241715294354341,0.63547726057614,0.340351209988426,0.0781493073280797,0.209268991877687,0.104634495938844,0.021978021978022,0.626373626373626,0.351648351648352,0.0772046772601101,0.200607495388213,0.100303747694107,0.0306789228821345,0.622042878128889,0.347278198988976,20,0,18,2,22,2,12,8,23,0,19,4,26,0,8,18
165,5,0.0434782608695652,0.521739130434783,0.434782608695652,0.063263322518323,0.158846642663261,0.0794233213316304,0.0394362509670454,0.601162451766413,0.359401297266542,0.0668534818215236,0.166413623914969,0.0832068119574845,0.0462029852812193,0.602221217980613,0.351575796738168,0.054836280046593,0.137679637527616,0.0688398187638082,0.0399830330292243,0.590578949198591,0.369438017772185,0.0541562035281627,0.145200984413454,0.0726004922067268,0.0283018867924528,0.594339622641509,0.377358490566038,0.0548691005360126,0.137825820852113,0.0689129104260565,0.0399116967684251,0.590652040860839,0.369436262370736,28,0,10,18,25,0,20,5,31,2,16,13,22,1,17,4
166,1,0.478260869565217,0.0434782608695652,0.478260869565217,0.109026680593697,0.281214669600465,0.140607334800232,0.61886820436545,0.0279688328765405,0.35316296275801,0.136027273704139,0.34331699298397,0.171658496491985,0.639290844028811,0.0541067828979564,0.306602373073232,0.106899681301323,0.278130882370373,0.139065441185186,0.617326310750404,0.0252964418704572,0.357377247379139,0.10347906041549,0.264530892448513,0.132265446224256,0.610526315789474,0.0315789473684211,0.357894736842105,0.103443554384163,0.267740213215502,0.133870106607751,0.612130976172968,0.0276308707835927,0.360238153043439,19,13,0,6,26,22,0,4,28,10,0,18,22,13,3,6
166,2,0.478260869565217,0.0434782608695652,0.478260869565217,0.00590377018788079,0.016628076172581,0.0083140380862905,0.48175506761311,0.0482981009079636,0.469946831478927,0.0262490283237029,0.0706397709155404,0.0353198854577702,0.442940984107447,0.0512439375647654,0.505815078327787,0.00891720065727926,0.0247572055540781,0.012378602777039,0.482363943183458,0.0517537900283639,0.465882266788178,0.00560113763695,0.0153452685421995,0.00767263427109977,0.480392156862745,0.0490196078431373,0.470588235294118,0.0063928024527367,0.0180447007988078,0.00902235039940386,0.483271824468746,0.0474896563654405,0.469238519165814,25,16,3,6,24,10,0,14,30,15,0,15,23,8,2,13
166,3,0.478260869565217,0.0434782608695652,0.478260869565217,0.0745346524506099,0.209795407440692,0.104897703720346,0.583158573285564,2.19427001227967e-07,0.416841207287435,0.123166004188081,0.335622230845041,0.16781111542252,0.646071984987738,3.34804346419734e-08,0.353927981531828,0.0726891795969668,0.204820040780841,0.102410020390421,0.580670889955638,8.65988625771484e-07,0.419328244055736,0.0752137761921754,0.211619853789919,0.10580992689496,0.584070796460177,0,0.415929203539823,0.0745972088067885,0.209963425894242,0.104981712947121,0.583242582512338,1.02201944684448e-06,0.416756395468215,28,19,0,9,28,10,0,18,27,18,0,9,30,19,0,11
166,4,0.478260869565217,0.0434782608695652,0.478260869565217,0.0876159218004759,0.230168983917421,0.11508449195871,0.363176377606507,0.0612524994513295,0.575571122942163,0.0694687911190778,0.182067991114564,0.091033995557282,0.387226874007935,0.0570034136095611,0.555769712382503,0.0915832841464979,0.236285672193625,0.118142836096812,0.360118033468405,0.0565828472690687,0.583299119262526,0.0995848194488287,0.253819036427732,0.126909518213866,0.351351351351351,0.0540540540540541,0.594594594594595,0.0942145478489926,0.239718622167271,0.119859311083635,0.358401558481582,0.053010687325823,0.588587754192595,26,12,0,14,20,3,0,17,12,6,3,3,16,5,1,10
166,5,0.478260869565217,0.0434782608695652,0.478260869565217,0.107356728437338,0.269720105189018,0.134860052594509,0.343400816970708,0.0505114712589655,0.606087711770326,0.119852789271982,0.303631362920373,0.151815681460187,0.326445188105031,0.0541094917650808,0.619445320129888,0.100996252126644,0.269039489704427,0.134519744852214,0.343741124713004,0.0691605780631389,0.587098297223857,0.107331791763347,0.269653052261748,0.134826526130874,0.343434343434343,0.0505050505050505,0.606060606060606,0.107328173309875,0.269645554310285,0.134822777155142,0.343438092410075,0.0505065454429289,0.606055362146996,22,5,1,16,22,7,0,15,31,15,2,14,24,7,2,15
167,1,0.434782608695652,0.0869565217391304,0.478260869565217,0.0621496193771982,0.154682361770672,0.077341180885336,0.509614215268155,0.00961534085379439,0.48077044387805,0.0596596419224298,0.153899619937159,0.0769498099685797,0.503223400465059,0.0100067117705508,0.486769887764391,0.0570894561061143,0.140583535650816,0.0702917678254078,0.504324851859331,0.0166647539137226,0.479010394226946,0.0621500542219574,0.154682274247492,0.0773411371237458,0.509615384615385,0.00961538461538462,0.480769230769231,0.062149916230654,0.154681997896154,0.0773409989480769,0.509615181430237,0.00961552279105349,0.480769295778709,26,13,0,13,24,12,0,12,32,19,0,13,22,9,1,12
167,2,0.434782608695652,0.0869565217391304,0.478260869565217,0.118795125813919,0.314657999001909,0.157328999500955,0.305087605197529,0.0593225257362993,0.635589869066172,0.118797168337087,0.314663100727656,0.157331550363828,0.305085095815999,0.0593224842549554,0.635592419929045,0.106054185506609,0.265231095670476,0.132615547835238,0.307802989994187,0.0813205926053579,0.610876417400456,0.118797683994815,0.314664701547531,0.157332350773766,0.305084745762712,0.0593220338983051,0.635593220338983,0.118797220582636,0.314662128344484,0.157331064172242,0.305084032294485,0.0593240339680557,0.635591933737459,36,11,3,22,20,8,1,11,31,10,1,20,31,7,2,22
167,3,0.434782608695652,0.0869565217391304,0.478260869565217,0.0699773064188197,0.194140466936257,0.0970702334681286,0.402928692496392,0.0217402044702624,0.575331103033346,0.0581864052771795,0.15775835488894,0.0788791774444699,0.415641866317068,0.0272180866732446,0.557140047009687,0.0751991480487586,0.210752842945361,0.105376421472681,0.39451313980773,0.0218495691543719,0.583637291037898,0.0755348322918745,0.213289581624282,0.106644790812141,0.386792452830189,0.0283018867924528,0.584905660377358,0.0774229742870619,0.217174300895381,0.10858715044769,0.392658605749442,0.0204933742376501,0.586848020012908,23,13,0,10,25,10,0,15,35,9,0,26,23,9,3,11
167,4,0.434782608695652,0.0869565217391304,0.478260869565217,0.0705352911525156,0.19881804160845,0.0994090208042248,0.392235324293473,0.0300947853370846,0.577669890369442,0.0571658911167413,0.140112424602226,0.070056212301113,0.504753582491448,0.0169003094380175,0.478346108070534,0.0811682821032425,0.228612425258661,0.114306212629331,0.386740064665556,0.0206928531398962,0.592567082194548,0.0744600897631114,0.202569169960474,0.101284584980237,0.409090909090909,0.0113636363636364,0.579545454545455,0.078338208266677,0.221553601129781,0.11077680056489,0.380693305832477,0.0302690240374156,0.589037670130108,19,13,0,6,24,12,1,11,21,10,0,11,24,1,0,23
167,5,0.434782608695652,0.0869565217391304,0.478260869565217,0.156142343838406,0.410968115038848,0.205484057519424,0.262020055173254,0.0542350177421044,0.683744927084642,0.113719082599736,0.283662251630278,0.141831125815139,0.292951482880513,0.0922139287672063,0.614834588352281,0.147615002243276,0.390270220515977,0.195135110257989,0.272973323442262,0.0536306967345319,0.673395979823206,0.157065112916402,0.410144927536232,0.205072463768116,0.258333333333333,0.0583333333333333,0.683333333333333,0.156006605982841,0.410763224976821,0.20538161248841,0.262300065088249,0.054057452858123,0.683642482053628,33,9,0,24,30,8,4,18,29,9,3,17,28,5,0,23
168,1,0.391304347826087,0.130434782608696,0.478260869565217,0.0327549195652337,0.0920915766992478,0.0460457883496239,0.40994932411295,0.157835594671456,0.432215081215594,0.0425978193730486,0.119253740220907,0.0596268701104534,0.354051921331717,0.190061652719149,0.455886425949134,0.0358277997130546,0.0990157309510435,0.0495078654755218,0.406721509684075,0.164525486226229,0.428753004089696,0.0309480529044386,0.0869565217391305,0.0434782608695652,0.408695652173913,0.156521739130435,0.434782608695652,0.0321181681128683,0.0900587401670754,0.0450293700835377,0.408658416935667,0.158110083582653,0.43323149948168,34,10,6,18,26,9,7,10,26,10,1,15,29,18,4,7
168,2,0.391304347826087,0.130434782608696,0.478260869565217,0.0687245333049205,0.194374706918232,0.0971873534591159,0.488491701285203,0.081095476830381,0.430412821884416,0.0498462712891765,0.123955062215395,0.0619775311076975,0.453281878933785,0.0703588141900635,0.476359306876152,0.0653557616985074,0.184654673692366,0.092327336846183,0.48363168467227,0.0879873668622563,0.428380948465474,0.0656948545204277,0.185812356979405,0.0929061784897025,0.484210526315789,0.0842105263157895,0.431578947368421,0.0679633114670663,0.192192593586114,0.0960962967930571,0.487400644619144,0.0807606374871684,0.431838717893687,23,12,5,6,22,13,0,9,25,9,1,15,25,12,2,11
168,3,0.391304347826087,0.130434782608696,0.478260869565217,0.0579907687659359,0.163334886297382,0.0816674431486912,0.356967967266559,0.212102225757387,0.430929806976054,0.0940544885270104,0.264322045933537,0.132161022966768,0.312205840168202,0.262595805575464,0.425198354256334,0.0600846149959303,0.169337281143001,0.0846686405715006,0.355187536418037,0.215103423180196,0.429709040401766,0.0673018460323885,0.189580885233059,0.0947904426165296,0.351351351351351,0.225225225225225,0.423423423423423,0.0618170138203371,0.174361962361428,0.0871809811807142,0.353337218043254,0.21761576378941,0.429047018167336,21,8,4,9,34,9,13,12,27,14,1,12,29,8,7,14
168,4,0.391304347826087,0.130434782608696,0.478260869565217,0.0138380361095193,0.0364804532565206,0.0182402266282603,0.388324874907292,0.148675009236956,0.463000115855752,0.0635264189952557,0.161585192773383,0.0807925963866917,0.310511751439395,0.204857925239398,0.484630323321207,0.00813350848324051,0.0206077250793801,0.01030386253969,0.390580029111875,0.140738645148386,0.46868132573974,0.0109265334153932,0.0296924708377519,0.0148462354188759,0.402439024390244,0.134146341463415,0.463414634146341,0.0130567504464677,0.0343363463503508,0.0171681731751755,0.388607405767249,0.147602955783871,0.46378963844888,22,18,0,4,22,3,2,17,22,6,6,10,16,6,3,7
168,5,0.391304347826087,0.130434782608696,0.478260869565217,0.0840422744441739,0.217993641895639,0.108996820947819,0.295764182905315,0.239431603556515,0.46480421353817,0.0804112038151014,0.2091952176654,0.1045976088327,0.300360392118122,0.235032391441396,0.464607216440482,0.0854138409439124,0.225771329732948,0.112885664866474,0.297633752393597,0.24332044747517,0.459045800131233,0.0840413044155694,0.218003674219228,0.109001837109614,0.295774647887324,0.23943661971831,0.464788732394366,0.0840395984597023,0.218003193683777,0.109001596841888,0.295779531094636,0.239436379450584,0.46478408945478,18,6,2,10,16,7,2,7,10,1,4,5,27,7,9,11
169,1,0.347826086956522,0.173913043478261,0.478260869565217,0.00527349527463986,0.0148521612757734,0.00742608063788674,0.355252167594408,0.170795505793381,0.473952326612211,0.021044391336621,0.0558116929390035,0.0279058464695018,0.375731933426024,0.168918212099967,0.45534985447401,0.0103777222646074,0.0286626056277282,0.0143313028138641,0.357731446166303,0.178338987082344,0.463929566751353,0.00312405525284507,0.00860955660783475,0.00430477830391734,0.346534653465347,0.178217821782178,0.475247524752475,0.006201037817894,0.0155487763906807,0.00777438819534032,0.355227320207295,0.174286198422828,0.470486481369877,29,11,10,8,25,6,1,18,23,10,4,9,24,8,3,13
169,2,0.347826086956522,0.173913043478261,0.478260869565217,0.131576535824531,0.359466790000183,0.179733395000092,0.527559481956613,0.125765732487152,0.346674785556235,0.110506426179762,0.281002269634974,0.140501134817487,0.477339447724873,0.184900817527396,0.337759734747731,0.123931166863507,0.338977104515607,0.169488552257804,0.517314639214325,0.127816201551267,0.354869159234407,0.127946840961024,0.343563512361466,0.171781756180733,0.519607843137255,0.137254901960784,0.343137254901961,0.127838511440899,0.347295783929894,0.173647891964947,0.521473978921469,0.130664718239899,0.347861302838632,16,11,1,4,25,11,5,9,34,15,8,11,27,16,0,11
169,3,0.347826086956522,0.173913043478261,0.478260869565217,0.0601955971765788,0.158369589470906,0.079184794735453,0.414484904316474,0.186439020853762,0.399076074829764,0.129507098027481,0.355698658410414,0.177849329205207,0.474636695327134,0.224951764312855,0.30041154036001,0.0559066053674883,0.148143049168087,0.0740715245840434,0.408807197855751,0.187003457163075,0.404189344981174,0.0532505239996523,0.130833665735939,0.0654168328679697,0.412844036697248,0.174311926605505,0.412844036697248,0.0558511102055213,0.147297829469871,0.0736489147349355,0.409366890849287,0.186021154320431,0.404611954830282,30,5,3,22,24,11,6,7,29,14,8,7,26,15,2,9
169,4,0.347826086956522,0.173913043478261,0.478260869565217,0.0426281066502951,0.112517162373157,0.0562585811865785,0.4040846681431,0.164544409777476,0.431370922079424,0.129579965030927,0.357685692951442,0.178842846475721,0.471857887315569,0.228724089594934,0.299418023089496,0.038585135837423,0.101400325862106,0.0507001629310532,0.398526249887575,0.166036918933308,0.435436831179117,0.0332918095171366,0.0933386517750299,0.046669325887515,0.394495412844037,0.155963302752294,0.44954128440367,0.0387508714240341,0.101039622331274,0.050519811165637,0.398345898122159,0.16704489050427,0.434609211373571,35,10,4,21,22,5,1,16,23,15,3,5,29,13,9,7
169,5,0.347826086956522,0.173913043478261,0.478260869565217,0.0573770950451612,0.160208137413609,0.0801040687068042,0.376666511871762,0.0938089747714566,0.529524513356781,0.0555831299780498,0.148045987324308,0.0740229936621538,0.407743343198819,0.0998900498161071,0.492366606985074,0.0620296657205117,0.161031772794387,0.0805158863971933,0.357927552039242,0.0933971570810675,0.548675290879691,0.0318307735831831,0.0893498205025927,0.0446749102512963,0.330275229357798,0.146788990825688,0.522935779816514,0.0595253580036775,0.161973079494694,0.0809865397473469,0.368424944222317,0.092926503730914,0.538648552046769,27,6,13,8,23,12,0,11,27,11,3,13,32,7,0,25
170,1,0.304347826086957,0.217391304347826,0.478260869565217,0.0811644782065401,0.21254358469623,0.106271792348115,0.395050175342843,0.111119511999711,0.493830312657446,0.0940826096112059,0.245392370358346,0.122696185179173,0.410266545256617,0.0946951191686529,0.49503833557473,0.0704170735314731,0.177731095638574,0.0888655478192872,0.387704014224913,0.128525756528539,0.483770229246548,0.081172246816409,0.21256038647343,0.106280193236715,0.395061728395062,0.111111111111111,0.493827160493827,0.081193035540864,0.212659716817754,0.106329858408877,0.395048530740574,0.111061445938949,0.493890023320477,14,3,4,7,27,13,1,13,18,9,2,7,22,7,2,13
170,2,0.304347826086957,0.217391304347826,0.478260869565217,0.0356878809568899,0.088812779416356,0.044406389708178,0.302917009180608,0.261797694056004,0.435285296763388,0.0666336160804846,0.16326936723582,0.0816346836179101,0.222713142469046,0.298974955909994,0.478311901620959,0.0393338867706587,0.100040985267105,0.0500204926335526,0.308282145134618,0.263477477933718,0.428240376931665,0.0369396367364444,0.1021528070916,0.0510764035458,0.320388349514563,0.252427184466019,0.427184466019417,0.0362747141579321,0.0949567699935926,0.0474783849967962,0.311260416152555,0.257957099279024,0.430782484568421,27,10,4,13,22,3,8,11,24,4,8,12,30,16,6,8
170,3,0.304347826086957,0.217391304347826,0.478260869565217,0.124271281908554,0.341931102749248,0.170965551374624,0.354572802024834,0.338131879784572,0.307295318190594,0.0725629105608592,0.202993837398401,0.101496918699201,0.341987295981959,0.281248753152024,0.376763950866017,0.125577700608008,0.346790529701141,0.173395264850571,0.357800911131622,0.337333484153731,0.304865604714647,0.11709079838898,0.318590704647676,0.159295352323838,0.344827586206897,0.336206896551724,0.318965517241379,0.12238301195692,0.336818183694958,0.168409091847479,0.353980913250588,0.336167309031674,0.309851777717738,27,10,7,10,31,9,7,15,31,11,10,10,27,10,15,2
170,4,0.304347826086957,0.217391304347826,0.478260869565217,0.118354603388085,0.317039907202205,0.158519953601103,0.178555210768324,0.375911257948929,0.445533531282748,0.0705559175110607,0.188696304139076,0.0943481520695382,0.209999674017418,0.292690562951583,0.497309763030999,0.1258442094324,0.343240996408078,0.171620498204039,0.177733765659929,0.389011802551865,0.433254431788206,0.136628316195397,0.369565217391304,0.184782608695652,0.16304347826087,0.402173913043478,0.434782608695652,0.130585199926491,0.353028129926907,0.176514064963454,0.16907132622925,0.39390536931128,0.43702330445947,23,6,5,12,31,3,20,8,13,4,3,6,25,2,9,14
170,5,0.304347826086957,0.217391304347826,0.478260869565217,0.0342219757973555,0.0913021642006567,0.0456510821003283,0.267604689392645,0.208483358941809,0.523911951665546,0.055496926113237,0.156526494037884,0.0782632470189419,0.226084579068015,0.261623058891515,0.51229236204047,0.0302824796131258,0.0843571714657103,0.0421785857328552,0.276834512948051,0.202726031753877,0.520439455298073,0.0282594026492493,0.0750572082379863,0.0375286041189932,0.273684210526316,0.210526315789474,0.515789473684211,0.0328888075298602,0.0912565946758211,0.0456282973379105,0.273719948945838,0.202390884151034,0.523889166903128,28,12,1,15,19,2,7,10,24,7,4,13,24,5,8,11
171,1,0.260869565217391,0.260869565217391,0.478260869565217,0.151186962506219,0.389918434010409,0.194959217005204,0.23941248118171,0.455828782222596,0.304758736595694,0.147335083968049,0.384983847655404,0.192491923827702,0.233700262875646,0.453361489045093,0.312938248079261,0.151983940744834,0.393965479015922,0.196982739507961,0.236856565601646,0.457852304725352,0.305291129673001,0.149059444319058,0.365612648221344,0.182806324110672,0.261363636363636,0.443181818181818,0.295454545454545,0.152180235740074,0.393972624489141,0.19698631224457,0.237446581707604,0.457855877461962,0.304697540830434,17,0,9,8,23,8,12,3,29,5,13,11,19,10,5,4
171,2,0.260869565217391,0.260869565217391,0.478260869565217,0.0405111389861851,0.103002313823406,0.0515011569117032,0.209368408305688,0.264884189576307,0.525747402118005,0.0601948863415172,0.154853984619958,0.0774269923099788,0.330225061288756,0.183442572907413,0.486332365803832,0.0456761195407333,0.12110597727174,0.0605529886358701,0.200316576581521,0.271666236130142,0.528017187288337,0.0291257202056054,0.080180688876341,0.0400903444381705,0.220779220779221,0.272727272727273,0.506493506493506,0.0457157276403466,0.122974320828152,0.0614871604140759,0.199382404803315,0.274310300031553,0.526307295165132,19,3,2,14,20,8,3,9,15,6,3,6,23,0,13,10
171,3,0.260869565217391,0.260869565217391,0.478260869565217,0.0203126010059223,0.0569234893840795,0.0284617446920397,0.278469332968816,0.271731542158007,0.449799124873178,0.0673007433422269,0.189251730245364,0.0946258651226821,0.222419155940219,0.204694109371882,0.5728867346879,0.0104364948675336,0.0290549616429807,0.0145274808214904,0.275397046038882,0.251348644393829,0.473254309567289,0.0172305054828711,0.0468883205456096,0.0234441602728048,0.284313725490196,0.254901960784314,0.46078431372549,0.0122335423631505,0.0334719677650694,0.0167359838825347,0.277605549099926,0.256298871096832,0.466095579803242,20,2,13,5,26,3,6,17,23,15,2,6,33,9,5,19
171,4,0.260869565217391,0.260869565217391,0.478260869565217,0.0598329963820098,0.160024335686671,0.0800121678433357,0.180857397374056,0.277031972161047,0.542110630464898,0.0800468336375313,0.219361071275815,0.109680535637907,0.181762479730515,0.23029611506636,0.587941405203125,0.0403930432847568,0.110906106598986,0.0554530532994928,0.205416511917899,0.276716862997844,0.517866625084257,0.0599204965073491,0.160293347302252,0.0801466736511262,0.180722891566265,0.27710843373494,0.542168674698795,0.0596106303974082,0.159303569200438,0.0796517846002192,0.181217780617172,0.276782369217057,0.541999850165771,20,4,10,6,21,3,5,13,22,4,5,13,20,4,3,13
171,5,0.260869565217391,0.260869565217391,0.478260869565217,0.0838244424920836,0.206592534128148,0.103296267064074,0.364165832281465,0.158850640083141,0.476983527635393,0.0475851325911271,0.127592309835448,0.0637961549177238,0.311316368477721,0.274218916874785,0.414464714647494,0.0763187679948857,0.190245635594001,0.0951228177970006,0.352596216933686,0.165746747420391,0.481657035645923,0.0599004781758667,0.150674662668666,0.0753373313343328,0.336206896551724,0.189655172413793,0.474137931034483,0.0773095718385969,0.192117970204287,0.0960589851021434,0.35411695668759,0.164810580115248,0.481072463197162,30,9,0,21,34,9,9,16,30,9,11,10,22,12,2,8
172,1,0.217391304347826,0.304347826086957,0.478260869565217,0.078382462302344,0.21845923677125,0.109229618385625,0.326620922733451,0.233381153227711,0.439997924038838,0.122212185904118,0.340350213662402,0.170175106831201,0.387566411179027,0.245414666880287,0.367018921940685,0.0765269475099602,0.216163270415114,0.108081635207557,0.325472939555383,0.24547682826566,0.429050232178957,0.083178942256575,0.231884057971015,0.115942028985507,0.333333333333333,0.229166666666667,0.4375,0.0793341389054049,0.222927521224227,0.111463760612113,0.328855064959939,0.237537545785989,0.433607389254071,23,11,4,8,22,8,4,10,29,11,10,8,22,2,4,16
172,2,0.217391304347826,0.304347826086957,0.478260869565217,0.135084467683037,0.342664012154779,0.17133200607739,0.376240146112122,0.31683099040005,0.306928863487828,0.13779734789701,0.351192697635269,0.175596348817635,0.378378312212378,0.318957167040039,0.302664520747583,0.135018171886663,0.337705163704217,0.168852581852108,0.37902811470506,0.311563597581831,0.309408287713109,0.135082726822365,0.342660352991821,0.17133017649591,0.376237623762376,0.316831683168317,0.306930693069307,0.135083079556788,0.342660295747897,0.171330147873949,0.376238636352836,0.316830641955895,0.306930721691269,22,7,11,4,29,11,9,9,26,11,4,11,24,9,8,7
172,3,0.217391304347826,0.304347826086957,0.478260869565217,0.0790367927130623,0.215092869767649,0.107546434883825,0.189991277107059,0.411894260970781,0.398114461922159,0.137688399873959,0.378762280518788,0.189381140259394,0.272861586674964,0.438258684019213,0.288879729305823,0.0751007150468174,0.211468433454366,0.105734216727183,0.173206514835311,0.410082042814139,0.41671144235055,0.0714317155358396,0.201649175412294,0.100824587706147,0.172413793103448,0.405172413793103,0.422413793103448,0.0731254421796575,0.203413086508997,0.101706543254498,0.182750057127519,0.406054369341455,0.411195573531026,27,8,15,4,33,3,5,25,25,8,9,8,31,1,18,12
172,4,0.217391304347826,0.304347826086957,0.478260869565217,0.055277619949269,0.155923767366755,0.0779618836833772,0.173422234571892,0.270355012179513,0.556222753248595,0.0998013299026786,0.260691799447002,0.130345899723501,0.199100312577309,0.192292918133973,0.608606769288718,0.0448847097812033,0.126857585033469,0.0634287925167344,0.183544545991677,0.274765791926372,0.541689662081952,0.0502641358817333,0.138215102974828,0.0691075514874142,0.168421052631579,0.284210526315789,0.547368421052632,0.0503352399091107,0.141853940299478,0.0709269701497391,0.176685849786675,0.274126310498369,0.549187839714957,29,8,5,16,26,2,15,9,19,2,4,13,21,4,3,14
172,5,0.217391304347826,0.304347826086957,0.478260869565217,0.142152724650594,0.36910322377831,0.184551611889155,0.194156229860973,0.488899437976111,0.316944332162916,0.145026180978137,0.390388185585138,0.195194092792569,0.260460015377812,0.456473207849539,0.283066776772649,0.131875122418723,0.333484243426768,0.166742121713384,0.206369193064154,0.47108994780034,0.322540859135506,0.130327096133313,0.331063383970665,0.165531691985333,0.204819277108434,0.469879518072289,0.325301204819277,0.133416344911294,0.340608590422849,0.170304295211425,0.202575611789542,0.474652121298381,0.322772266912077,22,1,9,12,10,1,8,1,25,8,9,8,26,7,13,6
173,1,0.173913043478261,0.347826086956522,0.478260869565217,0.018648617104469,0.0493451516895595,0.0246725758447798,0.153508026984942,0.343558527605061,0.502933445409997,0.153275464113306,0.400500964950058,0.200250482475029,0.345905245484355,0.147575604481493,0.506519150034152,0.0594390333425568,0.166813367687164,0.0834066838435819,0.224671320226374,0.26441940311294,0.510909276660686,0.0670850643464184,0.173007246376812,0.0865036231884058,0.260416666666667,0.270833333333333,0.46875,0.0438321055984817,0.123251725425505,0.0616258627127523,0.19893201198729,0.286200224243769,0.51486776376894,16,0,8,8,30,10,3,17,14,0,10,4,36,15,5,16
173,2,0.173913043478261,0.347826086956522,0.478260869565217,0.0890027378703524,0.231940402712676,0.115970201356338,0.289883244834599,0.247468644820087,0.462648110345314,0.0919416394704391,0.258314411684375,0.129157205842187,0.303070249320448,0.296236315277977,0.400693435401575,0.0817753097224695,0.224573374418074,0.112286687209037,0.286199730687298,0.267712411126028,0.446087858186674,0.0806401608303974,0.226086956521739,0.11304347826087,0.28695652173913,0.278260869565217,0.434782608695652,0.0829833112927569,0.228534266659492,0.114267133329746,0.288180176808007,0.267527641485201,0.444292181706792,29,16,4,9,37,5,18,14,29,9,9,11,20,3,1,16
173,3,0.173913043478261,0.347826086956522,0.478260869565217,0.0704786394050494,0.181146656058268,0.0905733280291339,0.164657090057237,0.438399414985656,0.396943494957107,0.108126959653527,0.286173671043468,0.143086835521734,0.149079124014371,0.490912922478256,0.360007953507373,0.0721613878578126,0.178094303524927,0.0890471517624635,0.172561824708879,0.436873238718985,0.390564936572136,0.0730700937774277,0.179822710004221,0.0899113550021106,0.174757281553398,0.436893203883495,0.388349514563107,0.0732622311634344,0.184465779068886,0.0922328895344432,0.168672659414857,0.440058976490965,0.391268364094179,25,2,14,9,28,10,9,9,21,1,7,13,29,5,15,9
173,4,0.173913043478261,0.347826086956522,0.478260869565217,0.0806987857262278,0.222137796028384,0.111068898014192,0.252167878638902,0.380640149810072,0.367191971551026,0.0780784942369663,0.217109794754973,0.108554897377487,0.245690566023719,0.38460346178855,0.369705972187731,0.0801218744783752,0.223898928577157,0.111949464288579,0.245045619764048,0.388642974959313,0.366311405276639,0.0864178474304349,0.237420615534929,0.118710307767465,0.258426966292135,0.382022471910112,0.359550561797753,0.0802927577903781,0.224406556373619,0.11220327818681,0.245121260724131,0.388821147897461,0.366057591378408,30,8,13,9,22,1,12,9,17,10,4,3,20,4,5,11
173,5,0.173913043478261,0.347826086956522,0.478260869565217,0.0507062624749556,0.140076224439898,0.070038112219949,0.222261942376806,0.277787974736573,0.499950082886622,0.0273952990110135,0.0703181283213894,0.0351590641606947,0.205586324788759,0.312667022795827,0.481746652415414,0.0529206430879312,0.149351129277353,0.0746755646386763,0.215559158616853,0.273150522317845,0.511290319065301,0.0454858717827028,0.124223602484472,0.062111801242236,0.19047619047619,0.285714285714286,0.523809523809524,0.0534009917656364,0.150250375802717,0.0751251879013587,0.218157964076112,0.272700899055163,0.509141136868725,21,6,11,4,27,5,8,14,26,3,1,22,31,6,10,15
174,1,0.130434782608696,0.391304347826087,0.478260869565217,0.146785151228757,0.412997372420256,0.206498686210128,0.0455577114641701,0.269682732760485,0.684759555775345,0.068831432217369,0.182628894211268,0.0913144471056341,0.0391203355030615,0.407757069945295,0.553122594551643,0.160127502315345,0.4486928117772,0.2243464058886,0.04495882896609,0.252433895580093,0.702607275453817,0.160959651783964,0.454004576659039,0.227002288329519,0.0315789473684211,0.263157894736842,0.705263157894737,0.159077283788389,0.445631762142298,0.222815881071149,0.04591895398541,0.253004295378223,0.701076750636367,20,1,10,9,30,2,4,24,25,0,2,23,20,0,9,11
174,2,0.130434782608696,0.391304347826087,0.478260869565217,0.0466814784321583,0.130994795062865,0.0654973975314324,0.0905230655981872,0.365718667305163,0.54375826709665,0.116624233968117,0.325932979872653,0.162966489936327,0.0709347196520132,0.287837920846443,0.641227359501544,0.0434662014031519,0.121007453648524,0.0605037268242621,0.0907786501175586,0.370456753492962,0.538764596389479,0.0462677897168249,0.130856901646264,0.0654284508231321,0.0970873786407767,0.359223300970874,0.543689320388349,0.0451528542759399,0.125654716039019,0.0628273580195092,0.0891361308062268,0.369775641609047,0.541088227584727,30,0,14,16,27,2,7,18,21,1,5,15,25,7,11,7
174,3,0.130434782608696,0.391304347826087,0.478260869565217,0.0929944853324469,0.244762897252758,0.122381448626379,0.110945943474137,0.513685796452466,0.375368260073397,0.0446180532136671,0.124652511188626,0.062326255594313,0.170126357307881,0.413939028721215,0.415934613970904,0.0975525725969883,0.244450519896132,0.122225259948066,0.124734209115241,0.513529607774153,0.361736183110606,0.0925872452683772,0.253225035833731,0.126612517916866,0.164835164835165,0.483516483516484,0.351648351648352,0.0957810123148992,0.244372066144665,0.122186033072332,0.119977064744854,0.513490380898419,0.366532554356727,19,4,6,9,30,11,15,4,15,0,10,5,27,0,13,14
174,4,0.130434782608696,0.391304347826087,0.478260869565217,0.0136328129031799,0.0377796490013755,0.0188898245006878,0.13653884478315,0.372414523325399,0.491046631891451,0.0887372320420067,0.22216149142412,0.11108074571206,0.135405940770854,0.497413935375989,0.367180123853157,0.0174005577141703,0.0475212671750866,0.0237606335875433,0.113009798847004,0.41506498141363,0.471925219739366,0.0417601631317397,0.114827201783724,0.0574136008918618,0.0897435897435897,0.448717948717949,0.461538461538462,0.00556242227210255,0.0137721778965656,0.00688608894828277,0.137320871556978,0.384567802699596,0.478111325743426,20,3,9,8,18,0,13,5,17,1,0,16,23,3,13,7
174,5,0.130434782608696,0.391304347826087,0.478260869565217,0.0240356137896804,0.0679814573704847,0.0339907286852423,0.11363656784049,0.425295076511329,0.461068355648181,0.052854190335713,0.135699020917573,0.0678495104587864,0.123670312759669,0.330219307216328,0.546110380024004,0.0272259141711719,0.0768996911560097,0.0384498455780048,0.109454116400307,0.429754193404092,0.460791690195601,0.0346538238768264,0.0965121834687052,0.0482560917343526,0.0989010989010989,0.43956043956044,0.461538461538462,0.0273378164143576,0.0771802758610504,0.0385901379305252,0.109106182149957,0.429894485756612,0.46099933209343,21,4,6,11,18,3,4,11,30,2,12,16,22,0,18,4
175,1,0.0869565217391304,0.434782608695652,0.478260869565217,0.164182942862421,0.425437651384822,0.212718825692411,0.0612016000052611,0.647501434388063,0.291296965606676,0.0790317448437036,0.2226493078747,0.11132465393735,0.0399047179170101,0.546107262633002,0.413988019449988,0.161361627429696,0.422503166927158,0.211251583463579,0.0560698668316175,0.646034192159231,0.297895941009151,0.147063948879516,0.384672070744289,0.192336035372144,0.0593220338983051,0.627118644067797,0.313559322033898,0.159437318806627,0.412838015837826,0.206419007918913,0.0623204408926946,0.641201616614565,0.29647794249274,29,5,23,1,29,0,20,9,42,2,21,19,18,0,10,8
175,2,0.0869565217391304,0.434782608695652,0.478260869565217,0.0337430709494678,0.0938554771627287,0.0469277385813643,0.102921539825756,0.387854870114288,0.509223590059956,0.0767270686556977,0.215219526450677,0.107609763225338,0.194566284964469,0.368908396501539,0.436525318533993,0.0484656171586424,0.127476859268902,0.0637384296344513,0.0969983796239942,0.371044179061201,0.531957441314805,0.0646583070928899,0.182065217391304,0.0910326086956522,0.125,0.34375,0.53125,0.0393274775822288,0.105659670905676,0.052829835452838,0.0983138133581378,0.381952773242814,0.519733413399048,28,0,10,18,22,0,4,18,20,6,11,3,26,6,8,12
175,3,0.0869565217391304,0.434782608695652,0.478260869565217,0.0593505691346122,0.166715585074713,0.0833577925373563,0.137140939883501,0.351424816158296,0.511434243958203,0.0818520494826362,0.20203274383062,0.10101637191531,0.18797289365444,0.335321318029892,0.476705788315668,0.0559316457245881,0.15637333183576,0.0781866659178802,0.136425665253183,0.356595942777772,0.506978391969045,0.0647178823711061,0.179910044977511,0.0899550224887556,0.146551724137931,0.344827586206897,0.508620689655172,0.0600842017593263,0.168305623044984,0.0841528115224919,0.139225826314164,0.35062979717316,0.510144376512675,33,9,12,12,31,0,12,19,22,3,8,11,30,5,8,17
175,4,0.0869565217391304,0.434782608695652,0.478260869565217,0.169188252765075,0.473002943466567,0.236501471733284,0.173786122814974,0.584454479353092,0.241759397831934,0.168842534000424,0.446701544906413,0.223350772453206,0.125505125833991,0.619584777053998,0.254910097112011,0.174418025633097,0.492523626113292,0.246261813056646,0.197888613933191,0.570112329558238,0.231999056508571,0.188373088872441,0.527950310559006,0.263975155279503,0.25,0.535714285714286,0.214285714285714,0.16268909282765,0.459929942960866,0.229964971480433,0.195718452308899,0.555985649606316,0.248295898084785,12,1,10,1,21,0,13,8,27,17,8,2,24,3,14,7
175,5,0.0869565217391304,0.434782608695652,0.478260869565217,0.0424106836531422,0.119719276242687,0.0598596381213438,0.0537683403786692,0.494642246816996,0.451589412804335,0.060995171512469,0.168939813326755,0.0844699066633772,0.0598623270728298,0.519252515359029,0.420885157568141,0.0344638418037872,0.0889632898216215,0.0444816449108108,0.0819688739868372,0.479264253606463,0.4387668724067,0.0423982926560593,0.119682094436653,0.0598410472183263,0.0537634408602151,0.494623655913978,0.451612903225806,0.0424003580693519,0.119688186760087,0.0598440933800438,0.0537635558733506,0.494626702075696,0.451609742050953,22,2,11,9,30,1,11,18,18,1,10,7,23,1,14,8
176,1,0.0434782608695652,0.478260869565217,0.478260869565217,0.104337901170463,0.257272359592058,0.128636179796029,0.0417632568906866,0.606897049361246,0.351339693748067,0.108375232748962,0.304213571872661,0.15210678593633,0.135823702946943,0.53802221342417,0.326154083628887,0.110301957729349,0.271378432104137,0.135689216052069,0.0446812129755077,0.612747133511344,0.342571653513149,0.106077127530607,0.282103134479272,0.141051567239636,0.0697674418604651,0.593023255813954,0.337209302325581,0.0988248000886663,0.245656408158601,0.1228282040793,0.047147788438209,0.597419546075874,0.355432665485917,30,6,15,9,20,0,16,4,19,0,5,14,17,0,15,2
176,2,0.0434782608695652,0.478260869565217,0.478260869565217,0.0475257968734265,0.134379772122709,0.0671898860613547,0.0113636762339811,0.545450755626572,0.443185568139447,0.0465512015271098,0.131650499213304,0.0658252496066519,0.0114594655202579,0.544086119171869,0.444454415307873,0.0415798388573921,0.11696586752548,0.0584829337627399,0.0195409756392387,0.536743803327957,0.443715221032804,0.04752851436291,0.134387351778656,0.067193675889328,0.0113636363636364,0.545454545454545,0.443181818181818,0.0475285095708423,0.13438733742954,0.0671936687147699,0.0113636533928524,0.545454538279987,0.44318180832716,20,0,9,11,20,0,13,7,27,0,16,11,21,1,10,10
176,3,0.0434782608695652,0.478260869565217,0.478260869565217,0.119245055302493,0.300746445236563,0.150373222618281,0.0343975892382366,0.336968318578265,0.628634092183499,0.0397105795324052,0.100311946592297,0.0501559732961484,0.0466775147564337,0.428104896269069,0.525217588974497,0.114094525326525,0.281433878258034,0.140716939129017,0.0414966758922335,0.339525515413532,0.618977808694234,0.121150239533552,0.308784383318545,0.154392191659272,0.0306122448979592,0.336734693877551,0.63265306122449,0.119588456546604,0.301778581834044,0.150889290917022,0.0341880923851573,0.336661747132603,0.62915016048224,23,0,4,19,26,0,7,19,23,2,12,9,26,1,10,15
176,4,0.0434782608695652,0.478260869565217,0.478260869565217,0.101222561523081,0.270845284157577,0.135422642078788,0.178900902948354,0.370368191514876,0.45073090553677,0.0839234797376275,0.219894087944966,0.109947043972483,0.153425304842048,0.384577383510372,0.46199731164758,0.102915563979089,0.280635670402891,0.140317835201445,0.183796096071011,0.374626605708093,0.441577298220897,0.101910545549839,0.27304347826087,0.136521739130435,0.18,0.37,0.45,0.10066690765818,0.269967222026711,0.134983611013355,0.178461871882921,0.371586057352353,0.449952070764727,31,4,12,15,26,4,11,11,26,9,9,8,17,1,5,11
176,5,0.0434782608695652,0.478260869565217,0.478260869565217,0.0535890292066219,0.143783372705618,0.0718916863528087,0.0283017496991327,0.550152555918026,0.421545694382841,0.00634889246252858,0.0179440989919214,0.0089720494959607,0.0386932392442573,0.474073841694565,0.487232919061178,0.0479462208600952,0.124361335533242,0.0621806677666209,0.0358065853427955,0.540441537331838,0.423751877325366,0.0519767702511953,0.140823393612928,0.070411696806464,0.0265486725663717,0.548672566371681,0.424778761061947,0.0515554979984042,0.139089477845501,0.0695447389227506,0.0276690405907501,0.547805608487968,0.424525350921282,18,0,13,5,25,2,13,10,32,1,12,19,38,0,24,14
177,1,0.434782608695652,0.0434782608695652,0.521739130434783,0.0268643441996623,0.0758543942494932,0.0379271971247466,0.417738716520296,0.0225949559201749,0.559666327559529,0.0232608835277537,0.0576375582038804,0.0288187791019402,0.434110450745073,0.0153316397182046,0.550557909536723,0.0234720241498467,0.0638277805570084,0.0319138902785042,0.426733354875943,0.0196136244107699,0.553653020713287,0.0248079407276583,0.0649784997611085,0.0324892498805542,0.43956043956044,0.010989010989011,0.549450549450549,0.0223793981580027,0.0617757504174918,0.0308878752087459,0.425314502973815,0.0220584913826567,0.552627005643529,20,2,1,17,24,12,0,12,23,16,0,7,24,10,0,14
177,2,0.434782608695652,0.0434782608695652,0.521739130434783,0.143063813753115,0.385721802686503,0.192860901343252,0.285395697056735,4.27116523086139e-06,0.714600031778034,0.0933959033773462,0.259500692646552,0.129750346323276,0.348510522830348,4.11592784830984e-10,0.651489476758059,0.139837040093543,0.377625624905146,0.188812812452573,0.289445975064642,2.08204800256011e-06,0.710551942887356,0.139140048529996,0.375876577840112,0.187938288920056,0.290322580645161,0,0.709677419354839,0.141146118190985,0.380912403514336,0.190456201757168,0.287803503674636,1.16413341328295e-06,0.71219533219195,30,10,0,20,20,1,0,19,14,6,0,8,29,10,0,19
177,3,0.434782608695652,0.0434782608695652,0.521739130434783,0.200729817614642,0.518497692690592,0.259248846345296,0.694031455040948,0.0140097974341505,0.291958747524902,0.199265909930676,0.515420744519581,0.25771037225979,0.692492980955442,0.0133620098819968,0.294145009162561,0.194895126008168,0.499800903422376,0.249900451711188,0.68468306040684,0.0192180960354922,0.296098843557668,0.198339646827031,0.51505016722408,0.25752508361204,0.692307692307692,0.010989010989011,0.296703296703297,0.199677979748221,0.515950148664902,0.257975074332451,0.692757683028103,0.0139572465231864,0.293285070448711,25,14,0,11,21,13,0,8,23,17,0,6,22,19,1,2
177,4,0.434782608695652,0.0434782608695652,0.521739130434783,0.0752211862918695,0.2082994273985,0.10414971369925,0.330632894996402,0.0767923034242983,0.592574801579299,0.110991831572669,0.300278341913151,0.150139170956575,0.284643437739077,0.0788936911792246,0.636462871081699,0.0646467018242861,0.182385670919205,0.0911928354596027,0.343589773236049,0.0834449223199534,0.572965304443997,0.0628434253687553,0.171452009844135,0.0857260049220673,0.349056603773585,0.0660377358490566,0.584905660377358,0.0651534689397896,0.182570792031762,0.091285396015881,0.343497212679771,0.0782722664217292,0.5782305208985,21,7,2,12,35,20,3,12,27,5,2,20,23,5,0,18
177,5,0.434782608695652,0.0434782608695652,0.521739130434783,0.0654396147404595,0.176919670459023,0.0884598352295115,0.367001514264325,0.0227995200713806,0.610198965664294,0.101877188557739,0.267882057165463,0.133941028582731,0.321841528067841,0.0224783129146451,0.655680159017514,0.0606747806736711,0.157225709198263,0.0786128545991314,0.365690986524657,0.0339570284414289,0.600351985033914,0.0658262123344889,0.179822710004221,0.0899113550021106,0.368932038834951,0.0194174757281553,0.611650485436893,0.0657398897229378,0.17713167852735,0.0885658392636749,0.366011554430554,0.0236834758709888,0.610304969698457,22,13,0,9,31,13,1,17,25,5,1,19,25,7,0,18
178,1,0.391304347826087,0.0869565217391304,0.521739130434783,0.0080153105615117,0.0223681309478992,0.0111840654739497,0.380120282352137,0.0909500193022578,0.528929698345605,0.0132645824787424,0.0353742325647417,0.0176871162823709,0.405560683508744,0.0903873023388443,0.504052014152412,0.0161607496305483,0.0427738466284736,0.0213869233142367,0.373632034093224,0.108343445053367,0.518024520853408,0.00798638547283252,0.0222781171397773,0.0111390585698886,0.380165289256198,0.0909090909090909,0.528925619834711,0.00798966501042632,0.0222878477277051,0.0111439238638525,0.380160423962234,0.0909123645059765,0.528927211531789,23,9,4,10,29,12,2,15,26,5,3,18,43,20,2,21
178,2,0.391304347826087,0.0869565217391304,0.521739130434783,0.110426682164218,0.310012222937794,0.155006111468897,0.452348143061816,0.180918837972298,0.366733018965886,0.221390088540521,0.548030486527396,0.274015243263698,0.659487774392846,0.0927883384360694,0.247723887171085,0.152462270066605,0.412682986492706,0.206341493246353,0.548646182812361,0.135956179999209,0.31539763718843,0.156437088750177,0.429616874730951,0.214808437365476,0.544554455445545,0.148514851485149,0.306930693069307,0.135425568378259,0.380000777137137,0.190000388568568,0.507161582017958,0.161099676115828,0.331738741866214,35,24,2,9,17,1,9,7,20,7,0,13,29,23,4,2
178,3,0.391304347826087,0.0869565217391304,0.521739130434783,0.0520488031974757,0.144054612654253,0.0720273063271267,0.342150404373568,0.158983828066257,0.498865767560175,0.0483448182236878,0.136584540696486,0.0682922703482431,0.323012077477844,0.123923389377345,0.553064533144811,0.043620849459162,0.119147445372259,0.0595737226861293,0.375388190693531,0.14653024442526,0.478081564881209,0.0304630988927417,0.0805152979066022,0.0402576489533011,0.398148148148148,0.12037037037037,0.481481481481481,0.0479176719035436,0.131824460646275,0.0659122303231374,0.371980486379724,0.152868752062268,0.475150761558008,17,1,4,12,32,12,4,16,33,23,3,7,26,7,2,17
178,4,0.391304347826087,0.0869565217391304,0.521739130434783,0.0384682121742893,0.0969945148570113,0.0484972574285056,0.394205446513094,0.0384592643106248,0.567335289176281,0.0411726168657733,0.106009053897659,0.0530045269488294,0.396933981816851,0.0339519947903011,0.569114023392848,0.0334772436042974,0.0882031670763571,0.0441015835381786,0.398442845805118,0.0428549382009518,0.55870221599393,0.0384569940604519,0.0969899665551839,0.048494983277592,0.394230769230769,0.0384615384615385,0.567307692307692,0.038459104470038,0.0969926377716737,0.0484963188858368,0.394228005730907,0.0384602028532936,0.5673117914158,26,9,3,14,24,11,0,13,30,11,1,18,24,10,0,14
178,5,0.391304347826087,0.0869565217391304,0.521739130434783,0.0545312015265556,0.152905000474948,0.0764525002374742,0.344317999792715,0.163409021976605,0.49227297823068,0.0687532893557316,0.190456362676675,0.0952281813383373,0.326683867031616,0.182184703077468,0.491131429890917,0.0507981784489261,0.142142436959773,0.0710712184798866,0.346694388558093,0.158027740219017,0.49527787122289,0.0623937060933791,0.175601519628535,0.0878007598142676,0.339805825242718,0.174757281553398,0.485436893203884,0.0514002400240274,0.143542469240934,0.0717712346204673,0.345436525219336,0.158727756359598,0.495835718421067,27,13,0,14,24,10,5,9,29,8,4,17,23,4,9,10
179,1,0.347826086956522,0.130434782608696,0.521739130434783,0.0898230977745219,0.225765777177081,0.112882888588541,0.234943198367981,0.13642453279219,0.628632268839829,0.133115583310146,0.365381937411461,0.182690968705731,0.217140480018412,0.0784294208410749,0.704430099140513,0.0959119976295661,0.23639650548399,0.118198252741995,0.229627834214527,0.131909723775081,0.638462442010392,0.0961961750459756,0.246844319775596,0.123422159887798,0.236559139784946,0.118279569892473,0.645161290322581,0.0958270983049856,0.236318265441559,0.11815913272078,0.229666954235742,0.132042062862346,0.638290982901912,20,10,4,6,25,4,1,20,23,1,5,17,25,7,1,17
179,2,0.347826086956522,0.130434782608696,0.521739130434783,0.0176550739805202,0.0484897899378814,0.0242448949689407,0.330537281291937,0.12347869330434,0.545984025403723,0.0700603371143215,0.193051995945818,0.096525997972909,0.280205271942451,0.101529599649858,0.618265128407692,0.0310051840286443,0.0850188412196456,0.0425094206098228,0.317260414051641,0.118491034903754,0.564248551044605,0.0144410190036488,0.0407849172758754,0.0203924586379376,0.327433628318584,0.141592920353982,0.530973451327434,0.0257372924829062,0.0652927204489111,0.0326463602244556,0.317564696428416,0.128049812912346,0.554385490659238,25,11,0,14,30,2,12,16,25,16,1,8,33,8,3,22
179,3,0.347826086956522,0.130434782608696,0.521739130434783,0.0779113552543006,0.220339254428737,0.110169627214368,0.291238327599126,0.076852914751723,0.631908757649151,0.0749943592207882,0.210159114852112,0.105079557426056,0.307734032162471,0.0654472799766906,0.626818687860839,0.0696465426637337,0.19600079219279,0.098000396096395,0.290287555860874,0.0899729176079484,0.619739526531178,0.0794283087646929,0.220889555222389,0.110444777611194,0.310344827586207,0.0574712643678161,0.632183908045977,0.076159328436271,0.215406568899531,0.107703284449766,0.294580126863918,0.0759774582515334,0.629442414884548,26,8,1,17,21,1,2,18,17,5,1,11,23,13,1,9
179,4,0.347826086956522,0.130434782608696,0.521739130434783,0.0122806573788855,0.0343154401793427,0.0171577200896713,0.33066836686685,0.141344157506462,0.527987475626688,0.0718746555351088,0.196102707338856,0.0980513536694279,0.275597000994475,0.104612514901315,0.61979048410421,0.0343735894771205,0.0944433108567782,0.0472216554283891,0.314220164232059,0.116819049904769,0.568960785863172,0.0258279129616597,0.0715659869180454,0.0357829934590227,0.336283185840708,0.106194690265487,0.557522123893805,0.0290137568454179,0.0757865993200249,0.0378932996600124,0.309932787296509,0.135751666846993,0.554315545856497,38,10,3,25,29,1,4,24,24,15,0,9,22,12,5,5
179,5,0.347826086956522,0.130434782608696,0.521739130434783,0.0177521011764173,0.0470885855711942,0.0235442927855971,0.328507063581408,0.126209513198212,0.54528342322038,0.204094459804373,0.556619452327381,0.278309726163691,0.626135813120212,0.0575339384711911,0.316330248408596,0.0404314639427687,0.106800991560487,0.0534004957802435,0.392227894174885,0.0770342868284521,0.530737818996663,0.0623356903408886,0.163996948893974,0.081998474446987,0.429824561403509,0.0614035087719298,0.508771929824561,0.00968031824195061,0.0264674594604634,0.0132337297302317,0.338173741903932,0.126853397931054,0.534972860165014,24,8,0,16,28,0,4,24,29,20,2,7,33,21,1,11
180,1,0.304347826086957,0.173913043478261,0.521739130434783,0.0539750904711825,0.152055364719198,0.0760276823595991,0.272233919087251,0.24994072583786,0.477825355074889,0.066969970481961,0.175063995168411,0.0875319975842053,0.216815828502751,0.249001198465637,0.534182973031612,0.060608794244259,0.17141058864372,0.0857052943218599,0.262539594320835,0.259618337800121,0.477842067879044,0.0472954563210994,0.13365539452496,0.0668276972624799,0.268518518518519,0.240740740740741,0.490740740740741,0.0538766362162574,0.152086401515802,0.0760432007579011,0.262189607664414,0.249956244236162,0.487854148099424,20,7,5,8,32,5,8,19,23,12,5,6,33,5,8,20
180,2,0.304347826086957,0.173913043478261,0.521739130434783,0.0398930319698869,0.100738555932221,0.0503692779661105,0.351541165111249,0.177088982420079,0.471369852468672,0.110131232855315,0.291446036476544,0.145723018238272,0.424821667032979,0.199162220770511,0.37601611219651,0.0425183726780463,0.106470029371685,0.0532350146858424,0.355177787484196,0.176318096766864,0.46850411574894,0.0382518378351697,0.103948025987006,0.0519740129935032,0.35632183908046,0.160919540229885,0.482758620689655,0.0411015959393772,0.103538302800232,0.0517691514001157,0.356116977487072,0.170919033643416,0.472963988869512,15,6,5,4,30,15,5,10,19,7,3,9,23,3,1,19
180,3,0.304347826086957,0.173913043478261,0.521739130434783,0.0492481542393801,0.137191963070939,0.0685959815354695,0.349086819290655,0.197770031810032,0.453143148899313,0.0781990406871473,0.203809339423597,0.101904669711799,0.406252495798755,0.160165730659475,0.43358177354177,0.051122179901669,0.143223011482704,0.0716115057413521,0.34875939681186,0.201112978494709,0.45012762469343,0.0511755322167592,0.139632107023411,0.0698160535117057,0.355769230769231,0.192307692307692,0.451923076923077,0.0489945156538489,0.134504441294174,0.0672522206470867,0.352415126103857,0.193097964108447,0.454486909787696,31,14,3,14,21,4,8,9,27,6,5,16,25,13,4,8
180,4,0.304347826086957,0.173913043478261,0.521739130434783,0.0361321517426925,0.0976097108302324,0.0488048554151163,0.293055057042676,0.136400957107426,0.570543985849899,0.0256948235031439,0.0726668535904675,0.0363334267952337,0.34068125288219,0.155248831062439,0.50406991605537,0.0312040497450228,0.0867380419292474,0.0433690209646237,0.28972625381493,0.145165594785663,0.565108151399406,0.0306540254763309,0.0861513687600644,0.0430756843800322,0.287037037037037,0.148148148148148,0.564814814814815,0.0329568316281956,0.0919274411138764,0.0459637205569382,0.288054121075571,0.144243027932708,0.567702850991721,34,4,8,22,23,8,0,15,21,6,2,13,30,13,6,11
180,5,0.304347826086957,0.173913043478261,0.521739130434783,0.0696076550338991,0.195003947673195,0.0975019738365977,0.401849799923554,0.113420579546698,0.484729620529748,0.0598804124440337,0.16534938492321,0.0826746924616049,0.361564942828874,0.199370619197949,0.439064437973178,0.0694162917793279,0.194344072056829,0.0971720360284145,0.401519862115371,0.113238646451193,0.485241491433436,0.0621254710206549,0.175618073316283,0.0878090366581415,0.392156862745098,0.127450980392157,0.480392156862745,0.0685918624163205,0.191706668937459,0.0958533344687296,0.400201160555686,0.113087962076699,0.486710877367615,23,13,1,9,30,11,0,19,32,11,8,13,17,5,4,8
181,1,0.260869565217391,0.217391304347826,0.521739130434783,0.338646998421679,0.956521739130435,0.478260869565217,7.08012049868145e-33,5.11998362001474e-33,1,0.0892828535512351,0.242105623699755,0.121052811849878,0.23143663875046,0.12577141896488,0.64279194228466,0.0584034924821402,0.157137961018743,0.0785689805093714,0.243644956591029,0.156046932464817,0.600308110944154,0.0736012190236676,0.204046491605682,0.102023245802841,0.227722772277228,0.148514851485149,0.623762376237624,0.0736065908993657,0.204059353693017,0.102029676846509,0.227725208536038,0.14850598418267,0.623768807281291,23,6,2,15,30,7,2,21,23,5,7,11,25,5,4,16
181,2,0.260869565217391,0.217391304347826,0.521739130434783,0.0802653371894824,0.226775582060597,0.113387791030298,0.37425735624769,0.165301012330373,0.460441631421938,0.0452488350636234,0.126923282522771,0.0634616412613857,0.324331206478777,0.178543554728385,0.497125238792839,0.0826044252962775,0.232008786691839,0.116004393345919,0.376873958563311,0.171325277962122,0.451800763474568,0.0756842384542684,0.205533596837945,0.102766798418972,0.363636363636364,0.191919191919192,0.444444444444444,0.0812198656971625,0.227848142789863,0.113924071394931,0.374793636612323,0.173117032180612,0.452089331207065,24,7,4,13,19,6,3,10,31,10,12,9,25,13,0,12
181,3,0.260869565217391,0.217391304347826,0.521739130434783,0.335831293694054,0.948584805670551,0.474292402835276,0.0022985138378935,0.00166995289204834,0.996031533270058,0.039035815064281,0.104685658064346,0.0523428290321731,0.271846787643056,0.165048475315653,0.563104737041291,0.0236448225073348,0.0665188726301706,0.0332594363150853,0.274503641689562,0.184131868032741,0.541364490277697,0.0390363124413572,0.104685521317011,0.0523427606585057,0.271844660194175,0.16504854368932,0.563106796116505,0.0390379903020642,0.104687080058735,0.0523435400293676,0.271840598633753,0.165047764318458,0.563111637047789,28,9,4,15,31,10,5,16,18,5,3,10,26,4,5,17
181,4,0.260869565217391,0.217391304347826,0.521739130434783,0.0236409512624496,0.0633068942761374,0.0316534471380687,0.267375005178553,0.242539311524733,0.490085683296714,0.030861031451065,0.080835656427025,0.0404178282135125,0.301287393430904,0.211444376961463,0.487268229607633,0.0282644907524816,0.0724508882892081,0.036225444144604,0.264349787378868,0.250136526330954,0.485513686290179,0.0349990378821069,0.0926899187768753,0.0463449593884377,0.252747252747253,0.263736263736264,0.483516483516484,0.0269160970335734,0.0665096504467161,0.0332548252233581,0.260282784413844,0.250646129571184,0.489071086014972,15,6,1,8,26,3,13,10,24,8,7,9,26,6,3,17
181,5,0.260869565217391,0.217391304347826,0.521739130434783,0.0838955327417198,0.234114471893969,0.117057235946985,0.219100817630165,0.334448540294811,0.446450642075024,0.0503869525067452,0.141230362354716,0.0706151811773581,0.190254384040033,0.244429093557865,0.565316522402102,0.0838074821199171,0.23556653165668,0.11778326582834,0.213417679111096,0.335174570176166,0.451407750712738,0.0870485020774375,0.245217391304348,0.122608695652174,0.19,0.34,0.47,0.0837182747779246,0.235529450901544,0.117764725450772,0.212557272374289,0.335156029798598,0.452286697827113,33,5,8,20,23,3,4,16,18,6,5,7,26,5,17,4
182,1,0.217391304347826,0.260869565217391,0.521739130434783,0.0201872606714343,0.0562418640424364,0.0281209320212182,0.189270372326608,0.270664104972406,0.540065522700987,0.0916818204123763,0.253482235094337,0.126741117547168,0.177703041353198,0.173816710664851,0.648480247981951,0.0264257069391603,0.0719908088535876,0.0359954044267938,0.181395899921032,0.270165248931311,0.548438851147657,0.025626386086879,0.0691912108461898,0.0345956054230949,0.182795698924731,0.268817204301075,0.548387096774194,0.0250794481930897,0.0689763242606608,0.0344881621303304,0.182903142217496,0.270944749075954,0.546152108706551,26,1,12,13,20,8,7,5,24,6,2,16,23,2,4,17
182,2,0.217391304347826,0.260869565217391,0.521739130434783,0.0806240421973348,0.211914324937629,0.105957162468814,0.111434141879012,0.350319560758408,0.53824629736258,0.101903270852422,0.267968807390667,0.133984403695334,0.10443662225336,0.239839843616524,0.655723534130116,0.0825730051379598,0.217085927372923,0.108542963686461,0.108848340661365,0.352440786227136,0.5387108731115,0.0788422794374773,0.198418972332016,0.0992094861660079,0.118181818181818,0.354545454545455,0.527272727272727,0.0784424157951174,0.196856165923497,0.0984280829617483,0.118963221386078,0.354397862384416,0.526638916229506,20,2,4,14,28,1,4,23,26,0,19,7,36,10,12,14
182,3,0.217391304347826,0.260869565217391,0.521739130434783,0.0710134956438661,0.190691249810239,0.0953456249051193,0.142400298251995,0.240514946408103,0.617084755339902,0.0676610577963736,0.165746907039775,0.0828734535198873,0.134517850827939,0.260881406468119,0.604600742703942,0.0791738506871651,0.216582810630885,0.108291405315443,0.138598561298708,0.231370902951067,0.630030535750225,0.0740213695342925,0.208858187728566,0.104429093864283,0.158878504672897,0.214953271028037,0.626168224299065,0.0720802976487483,0.193398249466453,0.0966991247332263,0.141107651328944,0.240454093503047,0.618438255168009,28,11,8,9,23,4,3,16,30,0,3,27,26,2,9,15
182,4,0.217391304347826,0.260869565217391,0.521739130434783,0.0468738130614445,0.119656603185319,0.0598283015926593,0.157563002755167,0.315505412411465,0.526931584833368,0.116124091031963,0.311266253220778,0.155633126610389,0.0941770075848318,0.228450735369997,0.677372257045171,0.0502219729445021,0.139112142611938,0.0695560713059688,0.147835233041857,0.308090854384497,0.544073912573645,0.0689067060995346,0.194782608695652,0.0973913043478261,0.12,0.306666666666667,0.573333333333333,0.0449168460698248,0.117320551169544,0.0586602755847718,0.158731028763054,0.311306897103959,0.529962074132987,22,2,4,16,19,5,12,2,15,1,5,9,19,1,2,16
182,5,0.217391304347826,0.260869565217391,0.521739130434783,0.0141611103229368,0.0371628499158424,0.0185814249579212,0.198809879389905,0.26369084547494,0.537499275135155,0.0461142194649656,0.127981648430779,0.0639908242153894,0.153400480132437,0.303758216855679,0.542841303011885,0.0287086361960408,0.074185185121322,0.037092592560661,0.184548736833306,0.256619540171251,0.558831722995444,0.0359968016607934,0.0984994228549442,0.0492497114274721,0.168141592920354,0.274336283185841,0.557522123893805,0.0201180583736061,0.053214450203068,0.026607225101534,0.195361519189154,0.25629212527453,0.548346355536317,27,6,15,6,34,2,7,25,29,8,1,20,23,3,8,12
183,1,0.173913043478261,0.304347826086957,0.521739130434783,0.02618524333185,0.0670727070693349,0.0335363535346674,0.177080293945499,0.270811472552289,0.552108233502212,0.0239483200984139,0.0607894123104702,0.0303947061552351,0.176171910106265,0.273953119931721,0.549874969962014,0.0219601618341384,0.0613657543884797,0.0306828771942398,0.193413069213427,0.273664948892717,0.532921981893856,0.026166407292852,0.0670289855072465,0.0335144927536232,0.177083333333333,0.270833333333333,0.552083333333333,0.0261669682072824,0.0670312527494723,0.0335156263747362,0.177084377015874,0.27083219971222,0.552083423271906,25,3,9,13,22,3,6,13,22,5,3,14,27,6,8,13
183,2,0.173913043478261,0.304347826086957,0.521739130434783,0.086299673709824,0.243509496652562,0.121754748326281,0.120335427436871,0.426102574413238,0.453561998149892,0.0883828363715641,0.24239121850107,0.121195609250535,0.139791773207356,0.425543435337491,0.434664791455152,0.0870159478968877,0.243552937368054,0.121776468684027,0.12837184594232,0.426124294770984,0.445503859286697,0.0891194081067157,0.251769464105157,0.125884732052578,0.116279069767442,0.430232558139535,0.453488372093023,0.0881244669932531,0.248226965755532,0.124113482877766,0.121642263935397,0.428461308964722,0.449896427099881,23,3,15,5,19,0,7,12,22,4,5,13,22,3,10,9
183,3,0.173913043478261,0.304347826086957,0.521739130434783,0.0618749172806299,0.168442736040904,0.0842213680204519,0.236586532727556,0.220126458066505,0.543287009205939,0.104501658343124,0.279329570875639,0.13966478543782,0.285592845628944,0.164683040649137,0.549724113721919,0.0682288546252334,0.187803821787504,0.0939019108937521,0.240088677156078,0.210445915193204,0.549465407650717,0.0905155848823128,0.243311036789298,0.121655518394649,0.269230769230769,0.182692307692308,0.548076923076923,0.0642308934971549,0.176395363934883,0.0881976819674417,0.236834429211345,0.216150144119515,0.54701542666914,28,6,4,18,23,12,5,6,29,10,4,15,24,0,6,18
183,4,0.173913043478261,0.304347826086957,0.521739130434783,0.0366092596559673,0.0907950514465635,0.0453975257232818,0.175055940955046,0.258950300363675,0.565993758681279,0.0720363490023773,0.176981938523614,0.088490969261807,0.174445090407264,0.21585685682515,0.609698052767586,0.0478326515131222,0.12445839466594,0.06222919733297,0.182058334892798,0.242118628753987,0.575823036353216,0.0422974929499484,0.10746513535685,0.0537325676784249,0.169811320754717,0.254716981132075,0.575471698113208,0.0488490287178062,0.12539879652936,0.0626993982646799,0.180144412591571,0.241648427822277,0.578207159586152,25,4,8,13,20,1,12,7,30,4,4,22,31,9,3,19
183,5,0.173913043478261,0.304347826086957,0.521739130434783,0.113057667943929,0.310240260386691,0.155120130193346,0.217911771772308,0.415469227986255,0.366619000241437,0.0675351350302855,0.184275964772633,0.0921379823863163,0.149625600592615,0.396485808473273,0.453888590934112,0.115186157808888,0.315660686779642,0.157830343389821,0.217914558028014,0.418176654927024,0.363908787044962,0.108054611267259,0.301210219632452,0.150605109816226,0.22680412371134,0.402061855670103,0.371134020618557,0.114749751547421,0.31417613290882,0.15708806645441,0.217190055942388,0.418158880077239,0.364651063980373,18,4,6,8,26,13,10,3,27,3,9,15,26,2,14,10
184,1,0.130434782608696,0.347826086956522,0.521739130434783,0.0544260878972757,0.141890694494178,0.070945347247089,0.14005466443531,0.409151552376997,0.450793783187694,0.0289881689362317,0.074700374401393,0.0373501872006965,0.134474523652035,0.310475899755825,0.55504957659214,0.0374197499966106,0.0953565846876946,0.0476782923438472,0.134388208675623,0.391550953233441,0.474060838090935,0.0366621873490303,0.090207232832182,0.045103616416091,0.130841121495327,0.392523364485981,0.476635514018692,0.0385868733207698,0.100705956180743,0.0503529780903713,0.137394428154453,0.391219419501135,0.471386152344411,23,0,15,8,21,6,11,4,30,4,5,21,33,4,11,18
184,2,0.130434782608696,0.347826086956522,0.521739130434783,0.132339097067236,0.364969259516661,0.18248462975833,0.185691338563935,0.165341457198191,0.648967204237874,0.132205338006246,0.37245099177072,0.18622549588536,0.237949808416615,0.161600591071162,0.600449600512223,0.128854559469988,0.357153226647877,0.178576613323938,0.188289967812215,0.169249473632583,0.642460558555201,0.149153428025524,0.416082281439925,0.208041140719963,0.204301075268817,0.139784946236559,0.655913978494624,0.133356732836176,0.368467998098226,0.184233999049113,0.187631838191608,0.163592087907409,0.648776073900984,30,8,4,18,20,9,4,7,21,1,3,17,22,1,2,19
184,3,0.130434782608696,0.347826086956522,0.521739130434783,0.0449649514962845,0.120309548371913,0.0601547741859566,0.0825017899092907,0.33560430546997,0.581893904620739,0.036809408782451,0.0978069407221475,0.0489034703610737,0.170337627857867,0.356826712068424,0.472835660073709,0.041925244053964,0.114132553061948,0.0570662765309742,0.0879671836200786,0.333227409414165,0.578805406965757,0.0291173415866079,0.0774008600095557,0.0387004300047779,0.0989010989010989,0.340659340659341,0.56043956043956,0.039022513549287,0.107000390799561,0.0535001953997805,0.0919615596985461,0.332799114466891,0.575239325834563,22,2,1,19,19,0,9,10,19,0,10,9,31,7,11,13
184,4,0.130434782608696,0.347826086956522,0.521739130434783,0.0816650053800942,0.20515356997399,0.102576784986995,0.135763823040887,0.445073831511325,0.419162345447788,0.132001538477137,0.369942888443131,0.184971444221566,0.201108057414375,0.462124256372408,0.336767686213217,0.0911548856753008,0.23308428202045,0.116542141010225,0.119884428781776,0.464368227966747,0.415747343251477,0.0977170386819179,0.250584385226741,0.125292192613371,0.118279569892473,0.473118279569892,0.408602150537634,0.0872353211562912,0.216136286311091,0.108068143155546,0.127936710216407,0.455894230112067,0.416169059671525,21,6,8,7,30,0,22,8,23,2,3,18,19,3,11,5
184,5,0.130434782608696,0.347826086956522,0.521739130434783,0.0233671618985428,0.0598740195001486,0.0299370097500744,0.16037179235877,0.320738672551043,0.518889535090187,0.0233522315779498,0.0598596128114654,0.0299298064057327,0.160364589014428,0.320772135160329,0.518863275825243,0.0322456226302017,0.0910868963932449,0.0455434481966225,0.175978230805318,0.323050363610395,0.500971405584286,0.0233642229783302,0.0598851517637408,0.0299425758818704,0.160377358490566,0.320754716981132,0.518867924528302,0.0233641862946155,0.0598850023673086,0.0299425011836543,0.16037728379235,0.320754721945219,0.518867994262431,30,5,10,15,26,5,7,14,28,5,10,13,22,2,7,13
185,1,0.0869565217391304,0.391304347826087,0.521739130434783,0.0245685769722822,0.0691452319152181,0.0345726159576091,0.101247311223552,0.356731731868478,0.54202095690797,0.115016433333294,0.285954811129981,0.14297740556499,0.0912792656697173,0.52995900946049,0.378761724869792,0.0308015910422449,0.0783705387703016,0.0391852693851508,0.083840932094452,0.355234668085615,0.560924399819933,0.030814611375836,0.0767263427109975,0.0383631713554987,0.0882352941176471,0.352941176470588,0.558823529411765,0.0242343610945895,0.0680990316512662,0.0340495158256331,0.100600563673874,0.357254832000454,0.542144604325672,26,1,5,20,25,0,3,22,26,1,16,9,25,7,12,6
185,2,0.0869565217391304,0.391304347826087,0.521739130434783,0.0308498227183859,0.0784839791082148,0.0392419895541074,0.12308863502797,0.394414224091354,0.482497140880675,0.0370299125542959,0.104060766525724,0.0520303832628622,0.0660843884204115,0.443334731088949,0.490580880490639,0.0309027389938817,0.0791706310813172,0.0395853155406586,0.126541837279789,0.387549801264558,0.485908361455653,0.0635109310560586,0.179028132992327,0.0895140664961637,0.176470588235294,0.352941176470588,0.470588235294118,0.0352901647700568,0.0870086485358753,0.0435043242679377,0.130460846007068,0.390732929818311,0.478806224174621,22,0,6,16,22,1,10,11,24,13,6,5,17,1,8,8
185,3,0.0869565217391304,0.391304347826087,0.521739130434783,0.0482129042734455,0.122195819520657,0.0610979097603287,0.143716357468852,0.330206438065758,0.52607720446539,0.0895625856057651,0.230990025659062,0.115495012829531,0.0996722436099227,0.494083638784826,0.406244117605251,0.0288200579390114,0.0815154332180965,0.0407577166090483,0.127714238348179,0.37092202190792,0.501363739743901,0.020271937183566,0.0552429667519181,0.027621483375959,0.0941176470588235,0.411764705882353,0.494117647058824,0.0370574550926809,0.104201958346973,0.0521009791734867,0.139057500912617,0.360355037586164,0.500587461501219,23,1,15,7,27,2,15,10,15,2,0,13,20,3,5,12
185,4,0.0869565217391304,0.391304347826087,0.521739130434783,0.0296174755025013,0.0827603700445602,0.0413801850222801,0.128336706761411,0.376231416373106,0.495431876865484,0.0566449386590755,0.145046696901582,0.0725233484507909,0.159479870189921,0.325576649765611,0.514943480044468,0.0303870883452237,0.084490817437902,0.042245408718951,0.129201930458081,0.377004896999731,0.493793172542187,0.0299050442237769,0.0835126990959966,0.0417563495479983,0.128712871287129,0.376237623762376,0.495049504950495,0.0293609288031053,0.0821297590266681,0.0410648795133341,0.128021401252465,0.37609665812816,0.495881940619376,26,4,9,13,28,4,8,16,22,5,7,10,25,0,14,11
185,5,0.0869565217391304,0.391304347826087,0.521739130434783,0.055996745103664,0.157718428193742,0.0788592140968711,0.120111460882015,0.437008622780074,0.442879916337911,0.139962438885693,0.395872343954905,0.197936171977452,0.284892693716583,0.292760897482526,0.422346408800891,0.0611644288939516,0.156634192931195,0.0783170964655974,0.09431168424362,0.462266281787195,0.443422033969185,0.0671801707846625,0.18910932883073,0.0945546644153651,0.12621359223301,0.446601941747573,0.427184466019417,0.0657700657339409,0.178999441190351,0.0894997205951755,0.109776896634423,0.45798369352597,0.432239409839607,28,0,26,2,32,0,11,21,19,4,2,13,24,9,7,8
186,1,0.0434782608695652,0.434782608695652,0.521739130434783,0.140723002927953,0.366227943751286,0.183113971875643,0.0675341334274171,0.593840708013443,0.338625158559139,0.177461423307519,0.44036303627632,0.22018151813816,0.0376895125494483,0.654964126833812,0.307346360616739,0.150396149902539,0.383850848638283,0.191925424319141,0.0600559839997319,0.610130309884627,0.329813706115641,0.146638451774261,0.369565217391304,0.184782608695652,0.0543478260869565,0.608695652173913,0.33695652173913,0.146014432721306,0.378474559603888,0.189237279801944,0.0665269294539446,0.600971219913217,0.332501850632839,21,2,5,14,24,3,19,2,20,0,14,6,27,0,18,9
186,2,0.0434782608695652,0.434782608695652,0.521739130434783,0.0239926792500905,0.0678296779200024,0.0339148389600012,0.0256204191916648,0.418725611413551,0.555653969394784,0.0297757500962091,0.0786172269426084,0.0393086134713043,0.0369013246995331,0.474091222166956,0.489007453133511,0.0281180449316714,0.0794584275658711,0.0397292137829356,0.0221545942426554,0.416377061539627,0.561468344217718,0.0251088544583791,0.0699238009861049,0.0349619004930525,0.0206185567010309,0.422680412371134,0.556701030927835,0.0260779460329443,0.0737534319079297,0.0368767159539649,0.0254519335755185,0.415932220035734,0.558615846388748,31,0,20,11,15,0,7,8,29,0,4,25,22,2,10,10
186,3,0.0434782608695652,0.434782608695652,0.521739130434783,0.0744411476959288,0.209543594097463,0.104771797048731,1.88605947295153e-06,0.539554405744384,0.460443708196143,0.0427749813547972,0.11632826569721,0.0581641328486049,5.66877858409091e-08,0.492946741544257,0.507053201767957,0.0723912159774566,0.204014259390161,0.10200712969508,7.40439276228472e-07,0.536789738390733,0.463209521169991,0.0718687690412469,0.202599731062304,0.101299865531152,0,0.536082474226804,0.463917525773196,0.0722865438191501,0.203730419301658,0.101865209650829,3.93487182399061e-06,0.536647818346481,0.463348246781695,31,0,15,16,25,0,11,14,18,0,14,4,23,0,12,11
186,4,0.0434782608695652,0.434782608695652,0.521739130434783,0.072420702348587,0.202719151851343,0.101359575925672,0.144837836795237,0.371382189100702,0.483779974104061,0.132540020487673,0.353708079061556,0.176854039530778,0.0781254324337572,0.576989476662238,0.344885090904004,0.060270040693157,0.158574342392563,0.0792871711962814,0.122765432065847,0.368048894443316,0.509185673490838,0.0440466978850373,0.124581939799331,0.0622909698996656,0.105769230769231,0.403846153846154,0.490384615384615,0.0802933879203443,0.213030715398573,0.106515357699286,0.149993618568852,0.34744559378682,0.502560787644329,31,7,1,23,21,2,13,6,27,1,11,15,25,1,17,7
186,5,0.0434782608695652,0.434782608695652,0.521739130434783,0.0797122011164982,0.219678151710785,0.109839075855392,0.0105265533236024,0.357895240386223,0.631578206290175,0.0586361741344311,0.164361211740339,0.0821806058701695,0.0119828727227361,0.384097390972312,0.603919736304952,0.0713367813706029,0.194422700659199,0.0972113503295993,0.0182364379084956,0.362813081327122,0.618950480764382,0.0797127361357519,0.219679633867277,0.109839816933638,0.0105263157894737,0.357894736842105,0.631578947368421,0.0797123969320549,0.219678565833314,0.109839282916657,0.0105267391133441,0.357894847535216,0.63157841335144,25,0,6,19,22,0,10,12,22,0,10,12,26,1,8,17
187,1,0.391304347826087,0.0434782608695652,0.565217391304348,0.114070501982419,0.297946837244712,0.148973418622356,0.263214377963355,0.0225948121099414,0.714190809926704,0.0410115528115295,0.107621591983586,0.053810795991793,0.337493551834294,0.0516427978375757,0.61086365032813,0.103042824514569,0.268941933918124,0.134470966959062,0.275438577387381,0.024873064349209,0.69968835826341,0.113114247636067,0.289565217391304,0.144782608695652,0.26,0.03,0.71,0.110765122042982,0.288950283405721,0.14447514170286,0.266639985500748,0.0236674814920435,0.709692533007208,27,6,0,21,21,5,0,16,23,4,0,19,29,11,3,15
187,2,0.391304347826087,0.0434782608695652,0.565217391304348,0.12577212018294,0.327058063899295,0.163529031949647,0.248945846133404,0.022307730612601,0.728746423253995,0.0923139916418795,0.241840835633987,0.120920417816994,0.288223733059501,0.025638457819158,0.686137809121341,0.114555478884928,0.286240128904243,0.143120064452122,0.254002989348967,0.0376595548945632,0.708337455756469,0.12519675755921,0.326086956521739,0.16304347826087,0.25,0.0217391304347826,0.728260869565217,0.125200183164133,0.326074023553929,0.163037011776964,0.24997925041437,0.0217663465043175,0.728254403081312,23,8,1,14,21,2,0,19,18,3,1,14,30,10,0,20
187,3,0.391304347826087,0.0434782608695652,0.565217391304348,0.118077139165993,0.305352530787155,0.152676265393578,0.543980613219665,0.0257130287287518,0.430306358051584,0.131338934759347,0.345143162991366,0.172571581495683,0.56387592932177,0.0166833149689686,0.419440755709261,0.113762354145043,0.294971745875466,0.147485872937733,0.53879022076382,0.0254017217493619,0.435808057486818,0.118095124458421,0.300724637681159,0.15036231884058,0.541666666666667,0.03125,0.427083333333333,0.117603980534469,0.303446602168547,0.151723301084274,0.543027648910361,0.0266172398782724,0.430355111211367,19,11,0,8,28,17,0,11,27,11,3,13,22,13,0,9
187,4,0.391304347826087,0.0434782608695652,0.565217391304348,0.116167849627634,0.307505172091462,0.153752586045731,0.51830608991278,0.0702291048286032,0.411464805258617,0.1772776628456,0.435940338939805,0.217970169469902,0.607563886798492,0.0451888913670622,0.347247221834445,0.126926460395062,0.329793819711342,0.164896909855671,0.535171418520372,0.0645081000309512,0.400320481448677,0.134464626371056,0.334318277754327,0.167159138877163,0.553398058252427,0.0485436893203883,0.398058252427184,0.125318449477088,0.328940767208177,0.164470383604088,0.530716373720752,0.0685366185789891,0.400747007700259,30,21,1,8,24,4,3,17,28,21,0,7,21,11,1,9
187,5,0.391304347826087,0.0434782608695652,0.565217391304348,0.0542388965157267,0.147997371661475,0.0739986858307377,0.4457946230882,0.0629866714381896,0.49121870547361,0.174445342525734,0.449473305234345,0.224736652617172,0.591802374129637,0.0677168871831876,0.340480738687175,0.0311868667148125,0.0820525081704947,0.0410262540852473,0.425837668877025,0.0499711939038747,0.5241911372191,0.0362610677567431,0.0897317298797409,0.0448658649398705,0.436170212765957,0.0425531914893617,0.521276595744681,0.033712927036152,0.0949767674970754,0.0474883837485377,0.418720355427088,0.063550637017102,0.51772900755581,30,3,0,27,21,14,1,6,22,12,3,7,21,12,0,9
188,1,0.347826086956522,0.0869565217391304,0.565217391304348,0.0496696797550381,0.139826176028588,0.069913088014294,0.376888928928339,0.127806767781607,0.495304303290054,0.053642804968574,0.147589825696268,0.0737949128481337,0.369490063290768,0.139087458253018,0.491422478456214,0.0521864874496862,0.147466949156141,0.0737334745780702,0.381922399460764,0.126593683812958,0.491483916726278,0.0589829630800898,0.166798418972332,0.083399209486166,0.390909090909091,0.127272727272727,0.481818181818182,0.051979330954776,0.146984514110765,0.0734922570553823,0.38317852095584,0.125096344795194,0.491725134248965,29,10,4,15,28,17,0,11,30,13,4,13,23,3,6,14
188,2,0.347826086956522,0.0869565217391304,0.565217391304348,0.0246651891271658,0.0695773601404808,0.0347886800702404,0.328225361586485,0.121745201809371,0.550029436604144,0.0285733413430825,0.0770094132436459,0.0385047066218229,0.309321380334699,0.11682463829335,0.573853981371951,0.0255128853389326,0.071833961862011,0.0359169809310056,0.326894578146369,0.122873502670136,0.550231919183495,0.0461156596426009,0.130434782608696,0.0652173913043478,0.315217391304348,0.152173913043478,0.532608695652174,0.026861862434893,0.0759701919729511,0.0379850959864756,0.329268098948041,0.124941617725606,0.545790283326353,26,14,0,12,26,5,11,10,17,6,2,9,23,4,1,18
188,3,0.347826086956522,0.0869565217391304,0.565217391304348,0.0735264367869382,0.205951492888767,0.102975746444383,0.386815876603942,0.150942478536094,0.462241644859964,0.0735084127706603,0.20589464052954,0.10294732026477,0.386785073308906,0.150944855651516,0.462270071039578,0.0820059921120123,0.225823696354991,0.112911848177496,0.381354734293118,0.16633972258003,0.452305543126852,0.0735120567818002,0.205906480721903,0.102953240360952,0.386792452830189,0.150943396226415,0.462264150943396,0.0735114419728219,0.205903714200259,0.102951857100129,0.386788643015078,0.150945822780704,0.462265534204218,23,6,5,12,23,12,3,8,34,13,6,15,26,10,2,14
188,4,0.347826086956522,0.0869565217391304,0.565217391304348,0.0737567334679444,0.198216014299038,0.0991080071495191,0.270106753862471,0.0655678476836619,0.664325398453867,0.051278150841202,0.137130788758355,0.0685653943791775,0.279260692577344,0.100787736078801,0.619951571343855,0.0619205607541609,0.16698086208615,0.0834904310430752,0.283206328612323,0.0680858490402537,0.648707822347423,0.0707005790215666,0.187212276214834,0.0936061381074169,0.270588235294118,0.0705882352941176,0.658823529411765,0.0707232348487006,0.190554594475769,0.0952772972378843,0.273837079810995,0.0656682316467733,0.660494688542232,23,7,2,14,22,5,4,13,24,9,0,15,16,2,0,14
188,5,0.347826086956522,0.0869565217391304,0.565217391304348,0.0571038760420568,0.160884345241653,0.0804421726208267,0.267383914335695,0.133347829809798,0.599268255854507,0.0803551600666856,0.206197818272087,0.103098909136044,0.25488353120929,0.190055430875174,0.555061037915536,0.0514691902722092,0.140309326960651,0.0701546634803255,0.277671423476196,0.138837386289004,0.583491190234799,0.0606934344163453,0.166240409207161,0.0831202046035805,0.264705882352941,0.147058823529412,0.588235294117647,0.0549629715510116,0.15242058387579,0.076210291937895,0.271615795018627,0.138305002432821,0.590079202548553,28,11,2,15,19,4,0,15,24,4,4,16,31,8,9,14
189,1,0.304347826086957,0.130434782608696,0.565217391304348,0.156437841459511,0.389803323882269,0.194901661941135,0.311138831389237,0.31854543924755,0.370315729363213,0.186834447297544,0.521632557293942,0.260816278646971,0.398125136317619,0.297473751025004,0.304401112657377,0.142751952643962,0.357766707409198,0.178883353704599,0.312747912992844,0.300918049407407,0.386334037599749,0.139235187109231,0.343297101449275,0.171648550724638,0.302083333333333,0.302083333333333,0.395833333333333,0.144613121923119,0.363877600493784,0.181938800246892,0.31442756511538,0.302293843827164,0.383278591057456,19,4,12,3,28,13,5,10,23,9,9,5,26,3,3,20
189,2,0.304347826086957,0.130434782608696,0.565217391304348,0.046939015367728,0.129824248183279,0.0649121240916394,0.283921679043805,0.0859488055602076,0.630129515395987,0.0456277965902557,0.118241335796029,0.0591206678980147,0.29717953766738,0.0784824031302573,0.624338059202363,0.0340933592250844,0.0933153405081112,0.0466576702540556,0.291546672078002,0.0965782663635948,0.611875061558403,0.046555720725718,0.128824476650564,0.0644122383252819,0.283950617283951,0.0864197530864197,0.62962962962963,0.0469058382841906,0.129651641703514,0.064825820851757,0.284118766074058,0.0858380217698368,0.630043212156105,21,5,1,15,22,9,2,11,18,6,0,12,20,3,4,13
189,3,0.304347826086957,0.130434782608696,0.565217391304348,0.108644563557791,0.272173274175441,0.136086637087721,0.174532489682171,0.124163481925761,0.701304028392068,0.0375331265658637,0.0931071739037751,0.0465535869518875,0.257794239135069,0.13162818773166,0.610577573133271,0.101499806009217,0.254693217782625,0.127346608891313,0.177001217195644,0.136745670501565,0.686253112302791,0.0977971568124758,0.247342995169082,0.123671497584541,0.188888888888889,0.122222222222222,0.688888888888889,0.103359807218929,0.2551226750518,0.1275613375259,0.176786488561056,0.132401589666087,0.690811921772856,12,0,0,12,28,2,5,21,28,7,4,17,22,8,2,12
189,4,0.304347826086957,0.130434782608696,0.565217391304348,0.0213132076639979,0.0581874948054797,0.0290937474027398,0.325717062131549,0.138159293966843,0.536123643901608,0.054661005740141,0.150548112994038,0.0752740564970191,0.357219703748843,0.152836961443828,0.489943334807329,0.0340101871476281,0.0958348553813342,0.0479174276906671,0.32470385518931,0.15799618119701,0.517299963613681,0.0210459976945605,0.0567505720823798,0.0283752860411899,0.326315789473684,0.136842105263158,0.536842105263158,0.0211676537778946,0.0573494694603851,0.0286747347301926,0.326129925872096,0.137327417553749,0.536542656574155,27,13,4,10,26,5,2,19,17,6,2,9,25,7,5,13
189,5,0.304347826086957,0.130434782608696,0.565217391304348,0.0685766751930864,0.171538226445802,0.0857691132229009,0.222260144810181,0.12675335066257,0.650986504527249,0.105262033914305,0.266782884122082,0.133391442061041,0.180422863716704,0.120968302917907,0.698608833365389,0.0855434646594744,0.220364418173833,0.110182209086916,0.205996611517455,0.118603788091281,0.675399600391264,0.0848089493275786,0.23090975520643,0.115454877603215,0.218487394957983,0.100840336134454,0.680672268907563,0.081690522490703,0.206461369488666,0.103230684744333,0.207814987205989,0.123736936745331,0.668448076048681,25,13,4,8,27,7,1,19,36,2,2,32,31,4,5,22
190,1,0.260869565217391,0.173913043478261,0.565217391304348,0.0399715017732373,0.109949162243099,0.0549745811215495,0.24478087123227,0.135027156341833,0.620191972425897,0.0324268501179227,0.0836730083861974,0.0418365041930987,0.256215725207695,0.136730379294859,0.607053895497446,0.0389684364100416,0.108836162590695,0.0544180812953478,0.241197956192285,0.139166571208019,0.619635472599696,0.0345701616235778,0.0964559736938254,0.0482279868469128,0.243697478991597,0.142857142857143,0.613445378151261,0.0404438322442615,0.113128043170021,0.0565640215850105,0.23993186831393,0.138286718796712,0.621781412889358,30,11,3,16,37,7,6,24,23,9,0,14,29,2,8,19
190,2,0.260869565217391,0.173913043478261,0.565217391304348,0.0458594853522925,0.121841780983255,0.0609208904916276,0.272065472538665,0.112992152986633,0.614942374474701,0.0187620025129211,0.0505089842852645,0.0252544921426323,0.286124057360024,0.168333994155446,0.545541948484531,0.0418426059996866,0.117506679757351,0.0587533398786755,0.284143833572669,0.115159703599585,0.600696462827746,0.0390988517594291,0.105401844532279,0.0527009222661396,0.272727272727273,0.121212121212121,0.606060606060606,0.0437779515935086,0.120599689208145,0.0602998446040724,0.27886588212313,0.113613198874188,0.607520919002681,24,8,5,11,16,2,0,14,28,6,6,16,31,11,1,19
190,3,0.260869565217391,0.173913043478261,0.565217391304348,0.0777867502140587,0.219581828715016,0.109790914357508,0.200004677018574,0.12498701731957,0.675008305661856,0.0767757839786118,0.211276034668219,0.105638017334109,0.186319507827725,0.142825083533818,0.670855408638457,0.0613118350319862,0.173080509392933,0.0865402546964666,0.222268475273941,0.125973878725245,0.651757646000814,0.0777813408731666,0.219565217391304,0.109782608695652,0.2,0.125,0.675,0.0777819869116744,0.219568380526225,0.109784190263113,0.200008390751773,0.124990027680767,0.67500158156746,22,3,3,16,25,5,6,14,16,3,1,12,17,5,0,12
190,4,0.260869565217391,0.173913043478261,0.565217391304348,0.000800308447469591,0.00221588349261284,0.00110794174630641,0.261977506963698,0.173158849650054,0.564863643386248,0.0633652275535187,0.176701220825007,0.0883506104125034,0.349220175629895,0.142712919356193,0.508066905013913,0.0219833959049223,0.0586756649967468,0.0293378324983734,0.284447647055558,0.144575210979887,0.570977141964554,0.0387432434935742,0.0964426877470356,0.0482213438735178,0.309090909090909,0.127272727272727,0.563636363636364,0.0107067603297784,0.0285146675239801,0.0142573337619901,0.275126898979381,0.162368677259858,0.562504423760761,33,7,1,25,19,0,5,14,27,16,4,7,31,11,4,16
190,5,0.260869565217391,0.173913043478261,0.565217391304348,0.124813381232541,0.345782144471256,0.172891072235628,0.143616918589816,0.118274617870208,0.738108463539976,0.120523302409586,0.330605926696232,0.165302963348116,0.142232011698555,0.127247633648981,0.730520354652464,0.13223738772951,0.365503875889726,0.182751937944863,0.135122286212684,0.116908384538105,0.747969329249211,0.132945998909957,0.373989996152366,0.186994998076183,0.150442477876106,0.0973451327433628,0.752212389380531,0.133185711396229,0.368572496527509,0.184286248263755,0.135013170614798,0.1154831898171,0.749503639568102,29,0,2,27,33,3,5,25,21,8,3,10,30,6,1,23
191,1,0.217391304347826,0.217391304347826,0.565217391304348,0.0457828920088924,0.115538500159878,0.0577692500799392,0.213827522697206,0.275160554427765,0.511011922875029,0.0755884589781884,0.185338649060377,0.0926693245301884,0.217577078063088,0.309874855162753,0.472548066774159,0.0488871638436874,0.129566469721999,0.0647832348609995,0.228871643870753,0.270694199685899,0.500434156443348,0.0479375272631843,0.126193001060445,0.0630965005302227,0.207317073170732,0.280487804878049,0.51219512195122,0.0454684022838786,0.113240219590597,0.0566201097952987,0.215476055462897,0.274011414143125,0.510512530393978,18,3,9,6,22,3,6,13,19,4,1,14,23,7,7,9
191,2,0.217391304347826,0.217391304347826,0.565217391304348,0.116104244824599,0.310252715720846,0.155126357860423,0.186434491100381,0.093221759734848,0.720343749164771,0.104719753972173,0.271556129799827,0.135778064899913,0.200713385213389,0.0982911585823501,0.700995456204261,0.0986725971711817,0.262330565046486,0.131165282523243,0.193053949413345,0.110563376759064,0.696382673827591,0.116102078848757,0.310243183492999,0.1551215917465,0.186440677966102,0.0932203389830508,0.720338983050847,0.116109746921064,0.310268382219967,0.155134191109984,0.186431580061749,0.0932168375239192,0.720351582414331,46,10,4,32,21,3,4,14,27,2,2,23,24,7,1,16
191,3,0.217391304347826,0.217391304347826,0.565217391304348,0.114364606598056,0.320908374421064,0.160454187210532,0.280019101988544,0.31521769391764,0.404763204093816,0.0879114878761462,0.235820634100433,0.117910317050216,0.242206861224192,0.310486064521676,0.447307074254131,0.120199339182061,0.338123827413193,0.169061913706596,0.286580367246864,0.317264155155385,0.396155477597752,0.116508538367494,0.326696464851686,0.163348232425843,0.280373831775701,0.317757009345794,0.401869158878505,0.117149682640405,0.328865001671827,0.164432500835913,0.282070829992988,0.317144279538577,0.400784890468434,26,10,4,12,32,11,14,7,23,4,9,10,26,5,7,14
191,4,0.217391304347826,0.217391304347826,0.565217391304348,0.0817632747287432,0.211908410307758,0.105954205153879,0.323345509501705,0.124312712406909,0.552341778091385,0.0928873738767333,0.237002365101762,0.118501182550881,0.325735669557505,0.0988901217969451,0.575374208645549,0.081097876550861,0.221387594430024,0.110693797215012,0.328085101562838,0.136054776747597,0.535860121689565,0.0819349876529251,0.209661835748792,0.104830917874396,0.322222222222222,0.122222222222222,0.555555555555556,0.0831874697581878,0.216681718170618,0.108340859085309,0.325732163433135,0.12351034249135,0.550757494075515,24,7,2,15,26,10,2,14,21,9,6,6,19,3,1,15
191,5,0.217391304347826,0.217391304347826,0.565217391304348,0.0400941874545163,0.105445776607918,0.0527228883039591,0.164668416043867,0.225682369751063,0.60964921420507,0.0732497159211328,0.206724883827059,0.10336244191353,0.159757308824177,0.171662857957945,0.668579833217878,0.0344444562374361,0.0882069505289735,0.0441034752644867,0.173287829083339,0.221532334276713,0.605179836639948,0.033430282222674,0.0886128364389235,0.0443064182194618,0.180952380952381,0.20952380952381,0.60952380952381,0.0368520378917946,0.0924046027039935,0.0462023013519968,0.173406677967294,0.215173629376362,0.611419692656345,16,0,7,9,21,3,4,14,33,11,7,15,35,5,4,26
192,1,0.173913043478261,0.260869565217391,0.565217391304348,0.0941122726827811,0.26571531706839,0.132857658534195,0.233463520407364,0.128011906683196,0.63852457290944,0.0788037959904845,0.208395860704888,0.104197930352444,0.191775319613847,0.156671634864947,0.651553045521206,0.0913447510988952,0.257235102640074,0.128617551320037,0.227784412884477,0.132252013897354,0.639963573218169,0.0991918482841426,0.27931488801054,0.13965744400527,0.232323232323232,0.121212121212121,0.646464646464647,0.0907462884437695,0.255753739465234,0.127876869732617,0.228472622336496,0.132992695484774,0.63853468217873,32,6,6,20,26,2,3,21,22,12,3,7,19,3,0,16
192,2,0.173913043478261,0.260869565217391,0.565217391304348,0.047675593053025,0.131693070190494,0.065846535095247,0.108066508383014,0.306347458263184,0.585586033353802,0.0291650001079867,0.0804622060922075,0.0402311030461037,0.133681940432157,0.288858464676273,0.57745959489157,0.0497102073116133,0.13682485562059,0.0684124278102948,0.105500615667966,0.309092264319308,0.585407120012726,0.0594534655383289,0.160326086956522,0.0801630434782609,0.09375,0.322916666666667,0.583333333333333,0.0498945111642203,0.13740376665726,0.0687018833286299,0.105211160149631,0.309157213336219,0.58563162651415,28,0,11,17,27,4,7,16,21,2,12,7,20,3,1,16
192,3,0.173913043478261,0.260869565217391,0.565217391304348,0.0605952852975514,0.171323997233122,0.085661998616561,0.214694800194828,0.305749807117385,0.479555392687787,0.122583272042316,0.343212644984408,0.171606322492204,0.23842206380657,0.367966867381287,0.393611068812144,0.0668648773451154,0.189122380032051,0.0945611900160257,0.221132477789755,0.308211320921923,0.470656201288322,0.0605835674941677,0.169650468883205,0.0848252344416027,0.205882352941176,0.313725490196078,0.480392156862745,0.0642432582491807,0.181589107979403,0.0907945539897013,0.216471998774502,0.309105163910851,0.474422837314646,26,5,13,8,26,8,8,10,23,2,2,19,27,6,9,12
192,4,0.173913043478261,0.260869565217391,0.565217391304348,0.0974058223827129,0.241457462850879,0.120728731425439,0.170996666480395,0.143057210789817,0.685946122729787,0.0796688315577683,0.198993141808226,0.0994965709041129,0.269443512871368,0.161372994313278,0.569183492815353,0.0933911470029538,0.231269628136789,0.115634814068394,0.176464712126756,0.145234751148997,0.678300536724247,0.0973706017283861,0.245143385753932,0.122571692876966,0.180851063829787,0.138297872340426,0.680851063829787,0.0945883640879108,0.23319204340568,0.11659602170284,0.1754266927189,0.144273543514551,0.680299763766549,28,8,4,16,21,1,0,20,22,7,4,11,23,1,5,17
192,5,0.173913043478261,0.260869565217391,0.565217391304348,0.130988537123752,0.369300026483287,0.184650013241644,0.0687321143263061,0.181400481127702,0.749867404545992,0.072106392910038,0.202034831633484,0.101017415816742,0.0728956276615188,0.299311412555351,0.62779295978313,0.126816332606366,0.357462330128974,0.178731165064487,0.0717041241673174,0.184347319463848,0.743948556368835,0.133561101744967,0.369565217391304,0.184782608695652,0.0476190476190476,0.202380952380952,0.75,0.129029527719937,0.363410298181922,0.181705149090961,0.0685567580001064,0.184520701604585,0.746922540395309,25,1,7,17,18,0,2,16,21,1,0,20,20,2,8,10
193,1,0.130434782608696,0.304347826086957,0.565217391304348,0.106816567879041,0.295205866091703,0.147602933045852,0.0844667380346271,0.202712937615173,0.712820324350199,0.0469987509531486,0.131957489845286,0.0659787449226431,0.104404418737592,0.264399445035417,0.631196136226991,0.0940094567054137,0.259006232044124,0.129503116022062,0.091728840937134,0.213550651736456,0.69472050732641,0.0934191836381657,0.260041407867495,0.130020703933747,0.0857142857142857,0.219047619047619,0.695238095238095,0.0944266172322199,0.260441628440644,0.130220814220322,0.0909463137688434,0.213615480706487,0.69543820552467,19,0,0,19,23,2,5,16,29,1,8,20,34,6,10,18
193,2,0.130434782608696,0.304347826086957,0.565217391304348,0.113494886885779,0.317212318513087,0.158606159256544,0.0724553684307983,0.20372108100831,0.723823550560891,0.139863433710958,0.385018646910514,0.192509323455257,0.0735220885648114,0.168751196675584,0.757726714759605,0.112712164714885,0.313672140671024,0.156836070335512,0.076672038827553,0.201274499532587,0.72205346163986,0.111268988522171,0.301144164759725,0.150572082379863,0.0947368421052632,0.189473684210526,0.715789473684211,0.114604625375856,0.318675065172582,0.159337532586291,0.0764563504569165,0.198988725652445,0.724554923890639,25,2,3,20,21,0,7,14,22,0,6,16,27,7,2,18
193,3,0.130434782608696,0.304347826086957,0.565217391304348,0.0112383774323027,0.0299377140566371,0.0149688570283186,0.127576549120219,0.319316683115275,0.553106767764506,0.0593406736408658,0.151811855408237,0.0759059277041186,0.137392731913889,0.373295804485882,0.489311463600229,0.0127986921599149,0.0360573533504166,0.0180286766752084,0.120029439414162,0.322376502762165,0.557594057823673,0.0272309546239027,0.0713043478260869,0.0356521739130435,0.1,0.34,0.56,0.0128402737667094,0.0361430803164142,0.0180715401582072,0.119858388357771,0.322419366245164,0.557722245397066,30,2,6,22,17,3,8,6,31,1,18,12,22,4,2,16
193,4,0.130434782608696,0.304347826086957,0.565217391304348,0.0894154768229043,0.252595639536359,0.126297819768179,0.0618695285189293,0.246615260408544,0.691515211072527,0.110625403759771,0.312433552083908,0.156216776041954,0.0596890773740429,0.218876755279655,0.721434167346302,0.0851083633988339,0.24067784279762,0.12033892139881,0.0682508050763433,0.246192882220499,0.685556312703158,0.0979019278945402,0.27550581145071,0.137752905725355,0.0495049504950495,0.247524752475248,0.702970297029703,0.0923303366523806,0.260999187614414,0.130499593807207,0.0613471983701289,0.242935816518316,0.695716985111555,23,2,12,9,25,1,4,20,26,0,3,23,27,2,6,19
193,5,0.130434782608696,0.304347826086957,0.565217391304348,0.0374974281730037,0.105400725928405,0.0527003629642026,0.151677177195737,0.335805794464118,0.512517028340145,0.125838593025331,0.318652459727797,0.159326229863898,0.141436470233099,0.452672368326451,0.405891161440449,0.0349016951134098,0.0970476553513569,0.0485238276756784,0.146869111029568,0.336437325341763,0.516693563628669,0.0428335835527196,0.113526570048309,0.0567632850241546,0.12037037037037,0.361111111111111,0.518518518518518,0.0362001926871137,0.102282179516492,0.0511410897582459,0.153974901515144,0.331948796938754,0.514076301546102,21,2,12,7,33,6,14,13,27,3,12,12,27,2,1,24
194,1,0.0869565217391304,0.347826086956522,0.565217391304348,0.0298628284809226,0.0795929258075763,0.0397964629037882,0.126752984642919,0.340169748437588,0.533077266919493,0.0658232522984535,0.171177682979128,0.0855888414895642,0.161452101359804,0.358919348825413,0.479628549814784,0.0285828915216121,0.0808268546550371,0.0404134273275185,0.127369949066649,0.326885411211384,0.545744639721967,0.0193364839708495,0.0546583850931676,0.0273291925465838,0.114285714285714,0.333333333333333,0.552380952380952,0.0251313787003689,0.0708326801825738,0.035416340091287,0.122372861830417,0.327540818935294,0.550086319234289,36,3,5,28,27,1,15,11,20,2,8,10,22,6,7,9
194,2,0.0869565217391304,0.347826086956522,0.565217391304348,0.0141632668051667,0.0371682178924027,0.0185841089462013,0.0683724127929291,0.363588872524197,0.568038714682874,0.02392518869587,0.0625947897331691,0.0312973948665846,0.0914707327844793,0.374609270777757,0.533919996437763,0.0117122356055839,0.0328404283454364,0.0164202141727183,0.0806297943841608,0.36424630112924,0.555123904486599,0.0125951378099459,0.0343781597573307,0.0171890798786653,0.0697674418604651,0.36046511627907,0.569767441860465,0.0134086271016158,0.0364360248220714,0.0182180124110357,0.0687385093280948,0.361491949421435,0.56976954125047,23,4,7,12,20,1,11,8,18,1,6,11,25,0,7,18
194,3,0.0869565217391304,0.347826086956522,0.565217391304348,0.0481870248340666,0.127790989858049,0.0638954949290247,0.0755272620202991,0.411721581885546,0.512751156094154,0.0330589252975929,0.0929578901315319,0.0464789450657659,0.11456858640116,0.301347141890756,0.584084271708084,0.0319906698999774,0.089377125406518,0.044688562703259,0.0707199170007185,0.392514649659781,0.536765433339501,0.0300878350826427,0.0832951945080091,0.0416475972540046,0.0736842105263158,0.389473684210526,0.536842105263158,0.0360118369269544,0.0966416144106304,0.0483208072053152,0.0767282138707981,0.396146894161837,0.527124891967365,22,2,5,15,26,0,7,19,28,5,9,14,19,0,16,3
194,4,0.0869565217391304,0.347826086956522,0.565217391304348,0.138940685070795,0.392669155029956,0.196334577514978,0.1919297789012,0.151491509441544,0.656578711657256,0.123038247063794,0.347309795942743,0.173654897971372,0.183302251489275,0.17417118898515,0.642526559525575,0.142817870906031,0.399603675554235,0.199801837777118,0.212447196211955,0.148024249179404,0.639528554608641,0.138924021286751,0.39262187088274,0.19631093544137,0.191919191919192,0.151515151515152,0.656565656565657,0.138934694300256,0.39265186680401,0.196325933402005,0.191929027766108,0.151500153554516,0.656570818679376,19,5,0,14,27,4,4,19,23,4,3,16,30,6,8,16
194,5,0.0869565217391304,0.347826086956522,0.565217391304348,0.0606595729272839,0.170849064867507,0.0854245324337536,0.122859777349713,0.262401554522768,0.614738668127519,0.0550026003342207,0.154533125081742,0.0772665625408709,0.164223084280001,0.316960546678633,0.518816369041366,0.0576297817307317,0.161217790931476,0.0806088954657381,0.116847416171472,0.267217191490784,0.615935392337745,0.0644291183533548,0.179523141654979,0.0897615708274895,0.118279569892473,0.258064516129032,0.623655913978495,0.0588024588934718,0.163839906283242,0.0819199531416209,0.115529621551305,0.265906133814901,0.618564244633794,31,0,7,24,16,2,1,13,25,3,8,14,21,6,8,7
195,1,0.0434782608695652,0.391304347826087,0.565217391304348,0.050056694205119,0.124706787375837,0.0623533936879187,0.105831654557484,0.389154357199278,0.505013988243238,0.154897943321028,0.410025428000042,0.205012714000021,0.0791460093309048,0.186291633826066,0.734562356843029,0.0201038280750144,0.0561427580437669,0.0280713790218835,0.0715496398914487,0.373364287077427,0.555086073031125,0.00752548885381506,0.0193236714975845,0.0096618357487922,0.0444444444444444,0.4,0.555555555555556,0.042313467193072,0.118257462517566,0.0591287312587829,0.102606992128348,0.369707987821928,0.527685020049723,24,1,2,21,24,2,4,18,17,1,14,2,25,0,16,9
195,2,0.0434782608695652,0.391304347826087,0.565217391304348,0.0420133126687129,0.103660203123495,0.0518301015617474,0.0427208747492427,0.443134449387834,0.514144675862923,0.135791142446644,0.349698742806712,0.174849371403356,0.0248258409465816,0.566153719229443,0.409020439823975,0.0702801537436662,0.179359265140528,0.0896796325702638,0.0357480476798166,0.480983980396351,0.483267971923833,0.0808867053676313,0.217391304347826,0.108695652173913,0.02,0.5,0.48,0.0677401684924014,0.169373901726542,0.0846869508632712,0.0399186210679937,0.475991298689358,0.484090080242648,28,1,14,13,31,0,20,11,16,0,1,15,25,1,15,9
195,3,0.0434782608695652,0.391304347826087,0.565217391304348,0.0493457831765623,0.129602186324152,0.0648010931620758,0.0335081226600312,0.456105440988163,0.510386436351806,0.0988367575920558,0.258761948966191,0.129380974483095,0.024596938194943,0.520685322309182,0.454717739495875,0.0477895048333982,0.126348276442147,0.0631741382210735,0.0326884596889901,0.454478486047161,0.512833054263849,0.055210381806037,0.153171120861587,0.0765855604307938,0.018348623853211,0.467889908256881,0.513761467889908,0.0476647425741306,0.125684858484816,0.0628424292424079,0.0331760742130173,0.454146777068495,0.512677148718488,24,0,16,8,27,1,4,22,31,0,16,15,27,1,15,11
195,4,0.0434782608695652,0.391304347826087,0.565217391304348,0.109290863256548,0.307294767062612,0.153647383531306,0.134831245031267,0.237656964294781,0.627511790673952,0.13064435005293,0.342680429436508,0.171340214718254,0.0692833749825923,0.219964133107833,0.710752491909575,0.0974268293488735,0.275498151216986,0.137749075608493,0.114974771636303,0.253555272217594,0.631469956146103,0.0999997381770578,0.277345537757437,0.138672768878719,0.136842105263158,0.252631578947368,0.610526315789474,0.0960849363843391,0.270432891446164,0.135216445723082,0.12274225931604,0.256087902103005,0.621169838580955,22,1,4,17,21,1,4,16,33,1,15,17,19,10,1,8
195,5,0.0434782608695652,0.391304347826087,0.565217391304348,0.129588649649666,0.321463526899873,0.160731763449937,0.0393606731631587,0.552036111276024,0.408603215560818,0.18074109947055,0.45764631587647,0.228823157938235,0.0277124590534257,0.620127505764322,0.352160035182252,0.125141503018354,0.308089356888121,0.154044678444061,0.0450468298157595,0.543780457323953,0.411172712860287,0.128916281700414,0.326086956521739,0.16304347826087,0.0326086956521739,0.554347826086957,0.41304347826087,0.127129592847359,0.314813174478023,0.157406587239011,0.0400097649611489,0.548710935065098,0.411279299973753,25,2,7,16,24,1,18,5,19,0,12,7,24,0,14,10
196,1,0.347826086956522,0.0434782608695652,0.608695652173913,0.0503612153841037,0.124976928304625,0.0624884641523125,0.285337622804209,0.0451290492738539,0.669533327921937,0.0412266426812705,0.116526084816543,0.0582630424082713,0.378833112666843,0.0707342775675156,0.550432609765642,0.0378471580043753,0.0993829207173839,0.049691460358692,0.29813462659783,0.0510995860061344,0.650765787396036,0.0417746808616877,0.107416879795396,0.0537084398976982,0.294117647058824,0.0490196078431373,0.656862745098039,0.0404666636284209,0.10360964067934,0.0518048203396702,0.296021266616852,0.0483207151988836,0.655658018184265,32,12,4,16,19,2,0,17,27,11,1,15,24,5,0,19
196,2,0.347826086956522,0.0434782608695652,0.608695652173913,0.0125726230723859,0.0353499933786671,0.0176749966893336,0.340662549604373,0.0329668015323807,0.626370648863247,0.00583460199874278,0.0150145269420229,0.00750726347101149,0.347038027190841,0.0367590571642344,0.616202915644925,0.00234380131032023,0.00649264281605467,0.00324632140802739,0.344579765548494,0.0456812102076738,0.609739024243832,0.0125745634293052,0.0353559483994266,0.0176779741997133,0.340659340659341,0.032967032967033,0.626373626373626,0.0125749755867806,0.035357268189405,0.0176786340947025,0.34065842744629,0.0329672862850941,0.626374286268616,31,8,2,21,23,10,1,12,20,9,0,11,17,4,0,13
196,3,0.347826086956522,0.0434782608695652,0.608695652173913,0.219948945456583,0.566170541268173,0.283085270634086,0.0946440541414896,0.0135750230505109,0.891780922807999,0.250825064108624,0.643252786836504,0.321626393418252,0.0574475921532734,0.0122303622545614,0.930322045592165,0.207357833293432,0.531699353017172,0.265849676508586,0.107715108425465,0.0177395628920359,0.874545328682499,0.216441232738732,0.560386473429952,0.280193236714976,0.101010101010101,0.0101010101010101,0.888888888888889,0.217571392969584,0.560196661431225,0.280098330715612,0.0974834022703645,0.0137226148401099,0.888793982889525,27,1,1,25,24,1,0,23,28,7,0,21,20,1,0,19
196,4,0.347826086956522,0.0434782608695652,0.608695652173913,0.04489783162678,0.124031907804734,0.0620159539023669,0.409842040858889,0.0242702425354554,0.565887716605656,0.097706557689288,0.260822660082928,0.130411330041464,0.478237416997986,0.0178266205599484,0.503935962442066,0.038142983773931,0.107132522550506,0.0535662612752528,0.401392348231775,0.0222017223278779,0.576405929440348,0.0457448162829537,0.129347826086957,0.0646739130434782,0.4125,0.0125,0.575,0.0379857252626888,0.106132975020908,0.0530664875104538,0.400892574466976,0.024179235321985,0.574928190211039,19,9,0,10,16,11,0,5,21,2,0,19,24,11,1,12
196,5,0.347826086956522,0.0434782608695652,0.608695652173913,0.0752543496265033,0.199082995235281,0.0995414976176405,0.447367584574162,0.0263179919037331,0.526314423522105,0.0752549919083405,0.199086016412969,0.0995430082064845,0.447369095163006,0.0263160015994895,0.526314903237504,0.0769468214037652,0.190401733455049,0.0952008667275245,0.44107535619767,0.0454298583559416,0.513494785446389,0.0752543874251961,0.19908466819222,0.0995423340961099,0.447368421052632,0.0263157894736842,0.526315789473684,0.075252678534762,0.19908007049611,0.0995400352480552,0.447366122204577,0.0263162863805724,0.526317591414851,32,16,1,15,26,12,0,14,22,11,1,10,34,12,1,21
197,1,0.304347826086957,0.0869565217391304,0.608695652173913,0.290578806605267,0.782608695652174,0.391304347826087,3.47832925881998e-85,2.46529836128798e-95,1,0.0575706851603759,0.160003704401972,0.080001852200986,0.224345973885971,0.140047650972554,0.635606375141475,0.0550253886209657,0.135195895957017,0.0675979479785087,0.236749878108448,0.154140794306555,0.609109327584997,0.0576208982000176,0.160097521332791,0.0800487606663958,0.224299065420561,0.14018691588785,0.635514018691589,0.0576208767531769,0.160096747568135,0.0800483737840676,0.224299452302889,0.140188340803581,0.63551220689353,19,6,2,11,26,5,3,18,33,7,3,23,29,6,7,16
197,2,0.304347826086957,0.0869565217391304,0.608695652173913,0.0574927770340549,0.162605337965036,0.0813026689825179,0.345731368793598,0.126875648015007,0.527392983191395,0.134982035285298,0.381155509503821,0.190577754751911,0.409140088119573,0.172742014458425,0.418117897422002,0.0637745857373144,0.180272568476475,0.0901362842382375,0.346698547233564,0.13474208483076,0.518559367935676,0.0611996774091722,0.172946859903382,0.0864734299516908,0.344444444444444,0.133333333333333,0.522222222222222,0.0611250496384936,0.172847263547362,0.0864236317736812,0.345939628625753,0.131788350974015,0.522272020400232,22,3,3,16,21,11,2,8,20,7,0,13,27,10,7,10
197,3,0.304347826086957,0.0869565217391304,0.608695652173913,0.112320934610045,0.308468202930237,0.154234101465119,0.348557886886575,0.19698056240463,0.454461550708795,0.131496748964085,0.344584802882318,0.172292401441159,0.329883889153722,0.233712860113524,0.436403250732754,0.114945082974174,0.316930149610544,0.158465074805272,0.352192894650432,0.197576527980927,0.450230577368641,0.111952930745523,0.306500215238915,0.153250107619458,0.346534653465347,0.198019801980198,0.455445544554455,0.111646406067992,0.306201725238635,0.153100862619317,0.347469611286371,0.196935599159034,0.455594789554596,20,8,5,7,26,9,8,9,29,7,6,16,26,11,1,14
197,4,0.304347826086957,0.0869565217391304,0.608695652173913,0.0682985764215652,0.192131469499711,0.0960657347498552,0.247621612575678,0.0476170005005533,0.704761386923768,0.0626443930281473,0.175209226756936,0.0876046133784679,0.249119507280437,0.0545802271671817,0.696300265552381,0.0548571119583199,0.155027301568354,0.0775136507841772,0.262819799656882,0.0509708973850282,0.68620930295809,0.0682991363120333,0.192132505175983,0.0960662525879917,0.247619047619048,0.0476190476190476,0.704761904761905,0.0682979252175182,0.192129359425895,0.0960646797129474,0.24762107036378,0.0476185977493598,0.70476033188686,27,5,3,19,29,8,2,19,28,7,0,21,21,6,0,15
197,5,0.304347826086957,0.0869565217391304,0.608695652173913,0.0384119952232753,0.105884917566455,0.0529424587832273,0.288414343562633,0.0499475454802262,0.66163811095714,0.0374488017112508,0.105633194413609,0.0528165972068045,0.357164423293761,0.0571682203201221,0.585667356386117,0.0296043264099398,0.0828666314439951,0.0414333157219975,0.288835442862287,0.0610355892418021,0.650128967895911,0.033008499803505,0.0838135149292823,0.0419067574646411,0.301204819277108,0.0481927710843374,0.650602409638554,0.031605258220699,0.086867203737542,0.043433601868771,0.291767774701749,0.0561029712555666,0.652129254042684,17,6,0,11,14,0,0,14,27,10,2,15,25,9,2,14
198,1,0.260869565217391,0.130434782608696,0.608695652173913,0.0360776192609445,0.0973073280708453,0.0486536640354227,0.298500819404166,0.081781118573273,0.619718062022561,0.0936210578389503,0.2599150820461,0.12995754102305,0.390827106240441,0.0873793297009867,0.521793564058572,0.0291561518582411,0.0763478716540449,0.0381739358270224,0.299043501044414,0.097850231416056,0.60310626753953,0.0475168518943845,0.127536231884058,0.063768115942029,0.311111111111111,0.0666666666666667,0.622222222222222,0.0372935772582133,0.0983998332676593,0.0491999166338297,0.301923778591575,0.081234865974866,0.616841355433559,18,9,2,7,22,2,1,19,20,4,1,15,30,13,2,15
198,2,0.260869565217391,0.130434782608696,0.608695652173913,0.0678763082087631,0.169303720625363,0.0846518603126816,0.345521425530073,0.1273049840635,0.527173590406428,0.0678114389449151,0.169173525688818,0.0845867628444088,0.3454563280618,0.12727446318396,0.52726920875424,0.0735792492361115,0.194178138816274,0.0970890694081372,0.341835440552612,0.146557976681613,0.511606582765776,0.0678093164079284,0.169169960474308,0.0845849802371542,0.345454545454545,0.127272727272727,0.527272727272727,0.0678094198348729,0.169168557219991,0.0845842786099953,0.345453843827387,0.127274484386544,0.52727167178607,32,13,3,16,25,8,3,14,26,11,3,12,27,6,5,16
198,3,0.260869565217391,0.130434782608696,0.608695652173913,0.104041860773058,0.292571997979935,0.146285998989967,0.201414811202055,0.0436035376340645,0.75498165116388,0.0705451441013918,0.19257070617954,0.0962853530897698,0.235349313823515,0.0596696809128024,0.704981005263683,0.102637867322278,0.288689876462822,0.144344938231411,0.20193347845964,0.0450259311350364,0.753040590405324,0.106002281972356,0.296627387240959,0.148313693620479,0.205607476635514,0.0373831775700935,0.757009345794392,0.105520584410496,0.296785639197464,0.148392819598732,0.200332178814757,0.0425793494125982,0.757088471772645,24,4,2,18,26,7,2,17,29,1,0,28,28,10,0,18
198,4,0.260869565217391,0.130434782608696,0.608695652173913,0.0673501692674199,0.183645257005042,0.0918226285025208,0.352692193719912,0.0626026649576687,0.584705141322419,0.0335760283343794,0.0922734324272131,0.0461367162136065,0.293662998174057,0.0842980663950891,0.622038935430854,0.065248869358905,0.181849560720614,0.0909247803603072,0.351794345577698,0.0713475744023959,0.576858080019906,0.0682865618530225,0.185157421289355,0.0925787106446777,0.353448275862069,0.0603448275862069,0.586206896551724,0.0661511199386228,0.180557866040232,0.0902789330201159,0.351148498237507,0.064052865833587,0.584798635928906,27,7,2,18,27,8,0,19,28,17,1,10,34,9,4,21
198,5,0.260869565217391,0.130434782608696,0.608695652173913,0.10403924123519,0.287990613783908,0.143995306891954,0.215049369058366,0.0322596718757675,0.752690959065867,0.0859964319040092,0.228174142232018,0.114087071116009,0.240311432267271,0.036905844442807,0.722782723289922,0.0819594837785675,0.228092094129036,0.114046047064518,0.221767474517779,0.05549082624379,0.722741699238431,0.104037815955075,0.287985039738195,0.143992519869098,0.21505376344086,0.032258064516129,0.752688172043011,0.104034426436623,0.287975305950758,0.143987652975379,0.215056068540019,0.0322606263106886,0.752683305149292,23,6,1,16,20,2,0,18,23,3,1,19,27,9,1,17
199,1,0.217391304347826,0.173913043478261,0.608695652173913,0.0644172672333096,0.172257191560696,0.0861285957803481,0.303519900128174,0.156554293985087,0.539925805886739,0.0599912538678441,0.168731525854717,0.0843657629273583,0.251812784828579,0.0895472805509026,0.658639934620518,0.0614803028555321,0.168777093632522,0.0843885468162609,0.301779851164087,0.14984806496794,0.548372083867973,0.0470278662905249,0.1175983436853,0.0587991718426501,0.276190476190476,0.171428571428571,0.552380952380952,0.0684228161442377,0.181652539160092,0.090826269580046,0.308217573927872,0.15740430661125,0.534378119460878,25,5,3,17,29,11,1,17,27,9,13,5,24,4,1,19
199,2,0.217391304347826,0.173913043478261,0.608695652173913,0.0852957106675523,0.229226269552666,0.114613134776333,0.332004439124159,0.0840348720463756,0.583960688829465,0.100707581841244,0.281940464146639,0.140970232073319,0.358361536421145,0.0858617436681618,0.555776719910693,0.0819451075218585,0.228817967766195,0.114408983883098,0.331800288230924,0.100726083789795,0.567473627979282,0.0838171056173008,0.224791859389454,0.112395929694727,0.329787234042553,0.0851063829787234,0.585106382978723,0.0841209821364032,0.225432110195644,0.112716055097822,0.330107359445648,0.0846031169586056,0.585289523595746,27,6,1,20,19,8,1,10,22,10,1,11,26,7,5,14
199,3,0.217391304347826,0.173913043478261,0.608695652173913,0.0407846255057337,0.107680619077745,0.0538403095388726,0.172554835280153,0.164909203007061,0.662535961712786,0.11144412573244,0.285946365600849,0.142973182800425,0.0884704767261822,0.15986068829948,0.751668834974338,0.0573883309351126,0.154764159572578,0.0773820797862887,0.157507315456528,0.15641495258327,0.686077731960202,0.0501730842868278,0.14109926168991,0.0705496308449548,0.188679245283019,0.132075471698113,0.679245283018868,0.0501079618964622,0.131356080199255,0.0656780400996276,0.16150867228449,0.164117635441969,0.674373692273541,26,3,5,18,26,2,4,20,31,1,4,26,23,14,1,8
199,4,0.217391304347826,0.173913043478261,0.608695652173913,0.152057337200168,0.393233994725423,0.196616997362711,0.0436608728109532,0.151026477652422,0.805312649536625,0.1245141933766,0.310995717197721,0.155497858598861,0.0618934457489655,0.180100890430408,0.758005663820626,0.151617280597228,0.395326937461941,0.197663468730971,0.0465973263369513,0.147043552758165,0.806359120904884,0.159119840924243,0.41051567239636,0.20525783619818,0.0348837209302326,0.151162790697674,0.813953488372093,0.157487953049396,0.411585663715138,0.205792831857569,0.0407340193856242,0.144777496582894,0.814488484031482,19,0,6,13,24,0,4,20,17,2,3,12,26,1,0,25
199,5,0.217391304347826,0.173913043478261,0.608695652173913,0.111977523273046,0.315095636576735,0.157547818288367,0.374939122636194,0.109012212290317,0.516048665073489,0.0920859228509664,0.260331296100939,0.130165648050469,0.347556952398295,0.112352126844227,0.540090920757477,0.109312216720223,0.303909830836774,0.151954915418387,0.369346219766213,0.122553035811192,0.508100744422595,0.110637076161198,0.312692138779095,0.156346069389548,0.373737373737374,0.101010101010101,0.525252525252525,0.109420997891776,0.308502507884847,0.154251253942424,0.37164255829025,0.107480646250229,0.520876795459521,22,7,4,11,21,8,1,12,31,7,2,22,25,15,3,7
200,1,0.173913043478261,0.217391304347826,0.608695652173913,0.069883395930352,0.194076153959764,0.0970380769798817,0.238656823943729,0.120353227367944,0.640989948688327,0.0656780945732581,0.161132068804486,0.0805660344022431,0.254224222461847,0.136825269945583,0.60895050759257,0.0603643600376351,0.156012048147535,0.0780060240737676,0.242950687197287,0.139385280274058,0.617664032528654,0.0700936719144638,0.19302436693741,0.0965121834687052,0.241758241758242,0.120879120879121,0.637362637362637,0.0690652185498573,0.190344075428832,0.0951720377144158,0.240517975237464,0.12221926663341,0.637262758129126,16,1,1,14,22,5,2,15,27,6,6,15,26,10,2,14
200,2,0.173913043478261,0.217391304347826,0.608695652173913,0.147859092021805,0.392758513120333,0.196379256560167,0.137931592594127,0.413770560907993,0.448297846497881,0.147876998848182,0.392803461701441,0.196401730850721,0.137930987681891,0.413793035198547,0.448275977119562,0.146407052932778,0.370960530806826,0.185480265403413,0.160861938139809,0.402871569751239,0.436266492108952,0.147877066870381,0.3928035982009,0.19640179910045,0.137931034482759,0.413793103448276,0.448275862068966,0.147880209891216,0.392818954736,0.196409477368,0.137920221789535,0.413800781715826,0.448278996494639,23,4,11,8,23,4,6,13,20,2,8,10,21,2,11,8
200,3,0.173913043478261,0.217391304347826,0.608695652173913,0.0709965648339467,0.173909631072378,0.0869548155361892,0.173917317374599,0.130436488811637,0.695646193813764,0.0444944016524494,0.110000140311332,0.0550000701556659,0.172886993362426,0.163417284307995,0.663695722329579,0.0631336660834931,0.171846320801763,0.0859231604008815,0.195858021437704,0.131468143946945,0.672673834615351,0.0709997026893675,0.173913043478261,0.0869565217391304,0.173913043478261,0.130434782608696,0.695652173913043,0.0709979217309563,0.173912812279927,0.0869564061399634,0.173917174866506,0.130434898207863,0.695647926925632,20,3,4,13,22,5,4,13,25,3,4,18,25,5,0,20
200,4,0.173913043478261,0.217391304347826,0.608695652173913,0.0189547227641701,0.0476277692552831,0.0238138846276415,0.172664264552466,0.241205188975468,0.586130546472067,0.00944487668471927,0.0257869659871351,0.0128934829935675,0.177338673324465,0.22685915749519,0.595802169180346,0.0289399304997918,0.0737756437320186,0.0368878218660093,0.170823148778325,0.254279126213835,0.57489772500784,0.0164010699155742,0.0456741326306544,0.0228370663153272,0.181818181818182,0.232323232323232,0.585858585858586,0.0198822293626417,0.0490013224408679,0.0245006612204339,0.173610213295505,0.24189196556826,0.584497821136235,24,4,5,15,20,0,5,15,25,9,7,9,30,5,6,19
200,5,0.173913043478261,0.217391304347826,0.608695652173913,0.1490596349572,0.419123953703122,0.209561976851561,0.258920424395298,0.34194590028235,0.399133675322352,0.193618658859155,0.546791828600201,0.273395914300101,0.297447295958431,0.367252966167756,0.335299737873812,0.156524275870206,0.4418606453462,0.2209303226731,0.272456887869581,0.339777782629606,0.387765329500813,0.153487462229527,0.433886149708651,0.216943074854325,0.288659793814433,0.319587628865979,0.391752577319588,0.156935635732998,0.442458624274936,0.221229312137468,0.269152907425888,0.343380752537668,0.387466340036445,32,9,13,10,17,0,6,11,25,7,4,14,23,12,8,3
201,1,0.130434782608696,0.260869565217391,0.608695652173913,0.0701061683645751,0.174553214020546,0.0872766070102728,0.133337258323986,0.173592958207118,0.693069783468896,0.0918780827337825,0.256005089057593,0.128002544528797,0.175099959717434,0.132867020688595,0.692033019593972,0.0612518111218007,0.161463638739685,0.0807318193698427,0.143607741838077,0.180137745847549,0.676254512314374,0.070614371157638,0.181739130434783,0.0908695652173913,0.14,0.17,0.69,0.0713943502200617,0.181176186600983,0.0905880933004916,0.13711435167406,0.1702814719169,0.69260417640904,32,8,3,21,25,1,5,19,22,4,2,16,21,1,7,13
201,2,0.130434782608696,0.260869565217391,0.608695652173913,0.110604655599739,0.311454774356021,0.15572738717801,0.065291954656036,0.170285005992041,0.764423039351923,0.0731577273392394,0.206570634358089,0.103285317179044,0.0840062438472852,0.204012786799757,0.711980969352957,0.0966816391865579,0.27154014824531,0.135770074122655,0.0765452542285929,0.178989019474839,0.744465726296568,0.109423253331097,0.307361170899699,0.153680585449849,0.0693069306930693,0.168316831683168,0.762376237623762,0.108761409374731,0.305885537118267,0.152942768559134,0.06810370995466,0.170257869312293,0.761638420733047,23,0,1,22,26,1,4,21,31,5,6,20,21,1,6,14
201,3,0.130434782608696,0.260869565217391,0.608695652173913,0.0654167867687442,0.172696567161862,0.086348283580931,0.0585027822628481,0.347217848798322,0.59427936893883,0.151460067294984,0.407523243693011,0.203761621846505,0.0857477569628926,0.464631187063897,0.449621055973211,0.0698948694175409,0.191581180502462,0.0957905902512309,0.061419324821935,0.356660155468622,0.581920519709443,0.0705694930759334,0.192546583850932,0.0962732919254659,0.0595238095238095,0.357142857142857,0.583333333333333,0.0698606848885405,0.1916605750684,0.0958302875342001,0.0617064234970525,0.356699852751591,0.581593723751356,20,0,2,18,25,4,11,10,16,0,5,11,23,1,12,10
201,4,0.130434782608696,0.260869565217391,0.608695652173913,0.0267051690627956,0.0752193812846816,0.0376096906423408,0.0928250919663549,0.28265475604694,0.624520151986706,0.073403808174825,0.193471232953954,0.096735616476977,0.114683595293659,0.179885136055451,0.70543126865089,0.026287395111794,0.072483205309259,0.0362416026546295,0.0941931799540661,0.271817473793987,0.633989346251947,0.0373653450636337,0.102974828375286,0.051487414187643,0.0789473684210526,0.276315789473684,0.644736842105263,0.0280371016784023,0.0764357735937456,0.0382178867968728,0.0922168958118229,0.270831735831197,0.636951368356981,22,0,6,16,15,1,10,4,21,4,3,14,18,1,2,15
201,5,0.130434782608696,0.260869565217391,0.608695652173913,0.035519174572862,0.0920126021767205,0.0460063010883602,0.170901691013987,0.26640895790046,0.562689351085553,0.0447288729425432,0.122923970745896,0.0614619853729482,0.174120557330267,0.278645775868768,0.547233666800965,0.0437382837224524,0.110621225128871,0.0553106125644356,0.182071504566156,0.264543455824366,0.553385039609477,0.0360716163541434,0.0935817805383023,0.0467908902691512,0.171428571428571,0.266666666666667,0.561904761904762,0.035877195179461,0.0911620223901728,0.0455810111950864,0.172526538547674,0.264358820473499,0.563114640978827,26,4,6,16,29,6,10,13,21,1,9,11,29,7,3,19
202,1,0.0869565217391304,0.304347826086957,0.608695652173913,0.11995822009944,0.336973878882962,0.168486939441481,0.0198616753558597,0.202955733028746,0.777182591615394,0.164664238743327,0.45125476366439,0.225627381832195,0.024049550881968,0.141627415111924,0.834323034006108,0.120755868702248,0.338779576571865,0.169389788285932,0.021057756383422,0.200856803156733,0.778085440459846,0.125299393476274,0.351236146632566,0.175618073316283,0.0196078431372549,0.196078431372549,0.784313725490196,0.124689248968148,0.34958639027867,0.174793195139335,0.0197246808527921,0.19678647183396,0.783488847313248,28,0,3,25,26,0,4,22,26,2,3,21,22,0,10,12
202,2,0.0869565217391304,0.304347826086957,0.608695652173913,0.0160218289078226,0.0427360430344058,0.021368021517203,0.0911133397889499,0.282979804569754,0.625906855641296,0.0440716205485757,0.112182489816985,0.0560912449084927,0.138534904127734,0.308860688606846,0.55260440726542,0.0153235235272242,0.0433382385951443,0.0216691192975721,0.0975619273245009,0.282678706789384,0.619759365886115,0.0153179803928476,0.0426579163248564,0.0213289581624282,0.0943396226415094,0.283018867924528,0.622641509433962,0.0162899526520957,0.0453837432265981,0.0226918716132991,0.0948596304915343,0.281655954473657,0.623484415034808,33,6,8,19,24,1,2,21,25,0,10,15,24,3,10,11
202,3,0.0869565217391304,0.304347826086957,0.608695652173913,0.0423450231449851,0.107525640328118,0.0537628201640589,0.0909945333496259,0.250585005922898,0.658420460727477,0.11023219026869,0.288465088957404,0.144232544478702,0.0660694744797518,0.181002328867633,0.752928196652615,0.0539335509580897,0.137550274264778,0.0687751371323888,0.0811298926312088,0.241399318062489,0.677470789306302,0.0629524858360642,0.158695652173913,0.0793478260869565,0.0916666666666667,0.225,0.683333333333333,0.053548769729107,0.136401521454981,0.0682007607274903,0.0813640049641409,0.241739582134456,0.676896412901403,21,7,7,7,37,3,6,28,34,0,10,24,28,1,4,23
202,4,0.0869565217391304,0.304347826086957,0.608695652173913,0.0523464882207793,0.137344075445967,0.0686720377229837,0.0765651404777799,0.246067169625323,0.677367689896897,0.0203435634628729,0.0542051742088242,0.0271025871044122,0.0921484976913335,0.326258437239166,0.581593065069501,0.0409915299601662,0.101265672363971,0.0506328361819858,0.0860879096404746,0.254583602003627,0.659328488355899,0.0397627086429222,0.109139307897072,0.0545696539485359,0.0714285714285714,0.26530612244898,0.663265306122449,0.0416061163866077,0.106089566645419,0.0530447833227092,0.0824861504579821,0.255773414045396,0.661740435496622,27,2,9,16,27,1,6,20,15,0,0,15,29,4,11,14
202,5,0.0869565217391304,0.304347826086957,0.608695652173913,0.118531341445251,0.321419626260889,0.160709813130444,0.0478785497730172,0.182715984922625,0.769405465304357,0.112861236110774,0.312539567865683,0.156269783932842,0.0369517541390376,0.198082809754208,0.764965436106755,0.106843169767792,0.290633003060055,0.145316501530028,0.0501525618797952,0.195835284416264,0.754012153703941,0.120913147905575,0.321070234113712,0.160535117056856,0.0576923076923077,0.173076923076923,0.769230769230769,0.119536764540743,0.323642693261975,0.161821346630988,0.0484008474934504,0.181082153701649,0.770516998804901,22,0,5,17,30,0,4,26,25,1,5,19,27,5,4,18
203,1,0.0434782608695652,0.347826086956522,0.608695652173913,0.135098037084395,0.359147672613398,0.179573836306699,0.076766086803162,0.168252250649822,0.754981662547015,0.141608450610999,0.384224168581925,0.192112084290963,0.0905532839494092,0.155714002665559,0.753732713385032,0.139250213682753,0.36721909986849,0.183609549934245,0.073626058163869,0.164216537022277,0.762157404813854,0.124929613262028,0.318293683347006,0.159146841673503,0.0566037735849057,0.188679245283019,0.754716981132076,0.138139161976857,0.367741584177851,0.183870792088926,0.0782534349940106,0.163955294867596,0.757791270138393,28,1,11,16,28,3,3,22,21,0,6,15,29,2,0,27
203,2,0.0434782608695652,0.347826086956522,0.608695652173913,0.0219495400687376,0.059684456950037,0.0298422284750185,0.0359567759185317,0.325505343432537,0.638537880648932,0.0178724075225114,0.0504128660724601,0.02520643303623,0.0292591154642089,0.373032519992752,0.597708364543039,0.0347403511091093,0.0941377449187863,0.0470688724593932,0.0321392716110677,0.312096203755626,0.655764524633306,0.0343785502071528,0.0914855072463768,0.0457427536231884,0.0520833333333333,0.302083333333333,0.645833333333333,0.0191371394855778,0.0517792042259238,0.0258896021129619,0.0373629208723538,0.328051824840771,0.634585254286875,26,5,14,7,21,0,8,13,24,0,3,21,25,0,4,21
203,3,0.0434782608695652,0.347826086956522,0.608695652173913,0.072998538339137,0.205682121517117,0.102841060758559,0.10270693225785,0.391438476326795,0.505854591415354,0.0614916224413105,0.173233730015343,0.0866168650076714,0.0934925466285167,0.26120922194885,0.645298231422633,0.0516232280602615,0.138655839040913,0.0693279195204566,0.0979580273069511,0.362674240039592,0.539367732653456,0.0414081158053667,0.116267708842208,0.0581338544211041,0.0786516853932584,0.370786516853933,0.550561797752809,0.0580599421535526,0.155727855437202,0.0778639277186011,0.104978828905579,0.364189446639109,0.530831724455312,20,2,5,13,21,1,7,13,17,0,15,2,31,4,6,21
203,4,0.0434782608695652,0.347826086956522,0.608695652173913,0.0197327656200242,0.0530404965302608,0.0265202482651304,0.0169580126044349,0.368608204341484,0.614433783054082,0.0206297214412728,0.056165219696709,0.0280826098483546,0.0153956510212106,0.355018787775073,0.629585561203716,0.0175281854799652,0.0464784652132267,0.0232392326066133,0.0202390282629519,0.366916277549793,0.612844694187255,0.0178696736507891,0.0495733441690369,0.0247866720845185,0.0186915887850467,0.364485981308411,0.616822429906542,0.0186853795149268,0.0522398595066338,0.0261199297533169,0.0173583311162483,0.364354057555005,0.618287611328747,26,0,10,16,22,0,12,10,29,0,11,18,30,2,6,22
203,5,0.0434782608695652,0.347826086956522,0.608695652173913,0.0353563014903651,0.0941307781553387,0.0470653890776693,0.0345653797988323,0.309673578949585,0.655761041251582,0.0573962740305979,0.158597996356054,0.0792989981780268,0.0188370952944438,0.293168254353616,0.68799465035194,0.0355526425517245,0.100556017646233,0.0502780088231166,0.0180618394379908,0.32296449956498,0.65897366099703,0.0256629175821229,0.0673486786018755,0.0336743393009378,0.00980392156862745,0.352941176470588,0.637254901960784,0.0336519340067956,0.0909125077407966,0.0454562538703983,0.0329556954392299,0.312892398516459,0.654151906044311,28,0,18,10,17,0,9,8,37,1,9,27,20,0,0,20
204,1,0.304347826086957,0.0434782608695652,0.652173913043478,0.0201815759877437,0.0541104906668691,0.0270552453334346,0.331403071420391,0.022079533516442,0.646517395063167,0.0124385561063884,0.0340714319192695,0.0170357159596347,0.316662367267233,0.0264425449099305,0.656895087822837,0.0207501524253542,0.0579364528743215,0.0289682264371608,0.333316052524117,0.0330542746597355,0.633629672816147,0.0255845811117661,0.0705496308449549,0.0352748154224774,0.339622641509434,0.0188679245283019,0.641509433962264,0.0230790461243866,0.0640509964001711,0.0320254982000855,0.336373324287042,0.0220121500728639,0.641614525640094,27,8,1,18,24,10,0,14,35,16,0,19,20,2,1,17
204,2,0.304347826086957,0.0434782608695652,0.652173913043478,0.0521845384833763,0.144949577720158,0.0724747888600789,0.256052537153741,0.0192987609427016,0.724648701903557,0.0801005409626648,0.212171957881855,0.106085978940927,0.21690325528836,0.0248368527272345,0.758259891984406,0.0410837890048706,0.114793400166798,0.0573967000833993,0.26783726168905,0.0225921251840729,0.709570613126878,0.0515444364219934,0.142460684551341,0.0712303422756707,0.25531914893617,0.0212765957446809,0.723404255319149,0.0517477550161733,0.143740562871069,0.0718702814355345,0.25646520828808,0.019490597232907,0.724044194479013,24,10,0,14,22,4,0,18,25,5,2,18,23,5,0,18
204,3,0.304347826086957,0.0434782608695652,0.652173913043478,0.0899153304605433,0.228482714128988,0.114241357064494,0.418589183151451,0.0347190776594244,0.546691739189125,0.0353096868151847,0.0920023936034481,0.046001196801724,0.350349022888681,0.0373025961709926,0.612348380940327,0.0931627726294164,0.229525362402916,0.114762681201458,0.419110507288415,0.0421424246254739,0.538747068086112,0.0929826592900063,0.239789196310935,0.119894598155468,0.424242424242424,0.0303030303030303,0.545454545454545,0.0917418774021345,0.23232162223257,0.116160811116285,0.420508637203241,0.0354464074833636,0.544044955313395,23,9,0,14,29,11,2,16,22,5,1,16,25,17,0,8
204,4,0.304347826086957,0.0434782608695652,0.652173913043478,0.0184147846228235,0.0459009033270778,0.0229504516635389,0.303531587795622,0.0213440474973612,0.675124364707017,0.0303819251612756,0.0854597535933758,0.0427298767966878,0.286882924414456,0.0182132857453773,0.694903789840166,0.0149572692244266,0.0416975220418837,0.0208487610209418,0.311677577880326,0.0226294998486234,0.665692922271051,0.0135087276411611,0.0352748154224774,0.0176374077112387,0.30188679245283,0.0283018867924528,0.669811320754717,0.0175451459824635,0.0440605724492824,0.0220302862246412,0.305476205928913,0.021447974644924,0.673075819426163,27,5,3,19,30,13,0,17,25,7,0,18,24,7,0,17
204,5,0.304347826086957,0.0434782608695652,0.652173913043478,0.0428188161739448,0.118491885591259,0.0592459427956298,0.344815852786605,0.062256176965546,0.592927970247848,0.076352356958371,0.19410193080049,0.0970509654002448,0.401398791487201,0.0359449262689037,0.562656282243895,0.0494828655412394,0.136943142374889,0.0684715711874446,0.351096162483796,0.0652014956601699,0.583702341856034,0.051899474156488,0.139299282397636,0.0696496411988181,0.359223300970874,0.058252427184466,0.58252427184466,0.0474051444381976,0.128382697162587,0.0641913485812933,0.353190877912481,0.058826557625334,0.587982564462185,29,9,1,19,20,2,4,14,22,10,0,12,32,16,1,15
205,1,0.260869565217391,0.0869565217391304,0.652173913043478,0.114533401739848,0.307454031519312,0.153727015759656,0.381924176731038,0.11962892598514,0.498446897283822,0.154280776362026,0.431374248100512,0.215687124050256,0.397228654968683,0.166284556038094,0.436486788993223,0.117259433498179,0.316880232473614,0.158440116236807,0.382483128635794,0.123783074557535,0.493733796806672,0.114670554113399,0.312894834633965,0.156447417316983,0.376068376068376,0.128205128205128,0.495726495726496,0.115499421631187,0.311822352404759,0.155911176202379,0.381002794873095,0.122734468285806,0.496262736841099,31,10,7,14,27,7,0,20,33,13,6,14,26,14,2,10
205,2,0.260869565217391,0.0869565217391304,0.652173913043478,0.0577050095670046,0.15492357212611,0.0774617860630549,0.32183907260848,0.103448800411097,0.574712126980423,0.0577048687782393,0.154923047167843,0.0774615235839214,0.321839079090211,0.103448531450232,0.574712389459557,0.0737662191128838,0.206494826687335,0.103247413343667,0.325422361249903,0.125651139050287,0.548926499699811,0.0577047311596671,0.154922538730635,0.0774612693653174,0.32183908045977,0.103448275862069,0.574712643678161,0.0576533761556629,0.154791793885157,0.0773958969425783,0.32177728688788,0.10344469701122,0.5747780161009,22,6,2,14,16,5,3,8,26,8,3,15,23,9,1,13
205,3,0.260869565217391,0.0869565217391304,0.652173913043478,0.0350129855450905,0.095512693831753,0.0477563469158765,0.273418032937363,0.122164400935035,0.604417566127602,0.0677055814460834,0.182895353800409,0.0914476769002044,0.331171044534656,0.10810271932207,0.560726236143274,0.0383247467188077,0.103790155709202,0.0518950778546008,0.273276240529699,0.126444924281424,0.600278835188877,0.0291861013854941,0.0821256038647343,0.0410628019323671,0.277777777777778,0.111111111111111,0.611111111111111,0.0335893500666884,0.0919024281343588,0.0459512140671794,0.273417751612683,0.120359549411018,0.606222698976299,29,2,2,25,35,13,3,19,24,9,6,9,20,6,1,13
205,4,0.260869565217391,0.0869565217391304,0.652173913043478,0.045065785414872,0.121484332724076,0.0607421663620379,0.200127398855353,0.134036268595734,0.665836332548912,0.0372383569953397,0.0989361987565809,0.0494680993782904,0.269959983438964,0.127334202895849,0.602705813665188,0.0483165904442996,0.119976354242935,0.0599881771214675,0.200881388095924,0.145284394418401,0.653834217485675,0.0351345797698122,0.0903665814151747,0.0451832907075874,0.215686274509804,0.127450980392157,0.656862745098039,0.0441931785658335,0.114588275816783,0.0572941379083915,0.203575427309,0.137227463348984,0.659197109342016,21,0,2,19,23,7,2,14,29,10,2,17,29,5,7,17
205,5,0.260869565217391,0.0869565217391304,0.652173913043478,0.0188144528676159,0.0493595454481679,0.0246797727240839,0.236189792493307,0.0906849582361797,0.673125249270513,0.043275990614284,0.118847103084855,0.0594235515424278,0.201446013674964,0.129350891371015,0.669203094954021,0.0274314190108947,0.0756095282008922,0.0378047641004461,0.223064801116945,0.098320735450219,0.678614463432836,0.0319798975433147,0.0842391304347826,0.0421195652173913,0.21875,0.09375,0.6875,0.0321503945429129,0.0848859310067969,0.0424429655033985,0.218426599713993,0.0940564672743847,0.687516933011622,30,3,1,26,20,5,2,13,31,5,6,20,15,8,0,7
206,1,0.217391304347826,0.130434782608696,0.652173913043478,0.100729250355426,0.284733526537969,0.142366763268984,0.28429083806439,0.205902012161116,0.509807149774494,0.0929930410874814,0.262194065131826,0.131097032565913,0.273899102995775,0.20502401652666,0.521076880477565,0.111351812869275,0.313688334074529,0.156844167037264,0.283616265513164,0.221053988480622,0.495329746006214,0.100730930028435,0.284739982949702,0.142369991474851,0.284313725490196,0.205882352941176,0.509803921568627,0.100732720390351,0.284744369848715,0.142372184924358,0.284306313134954,0.205891958745925,0.509801728119121,20,3,6,11,27,10,4,13,34,7,6,21,21,9,5,7
206,2,0.217391304347826,0.130434782608696,0.652173913043478,0.0563394025052923,0.156765360059475,0.0783826800297376,0.295773984377564,0.078861640806654,0.625364374815782,0.0668205852736027,0.188919021032546,0.0944595105162728,0.311850814864099,0.0808520336765693,0.607297151459332,0.0653455136992499,0.184710922608881,0.0923554613044405,0.309746765652267,0.0870687803148477,0.603184454032886,0.0546549134142253,0.151884057971014,0.0759420289855073,0.293333333333333,0.08,0.626666666666667,0.0555488712707531,0.154095449970877,0.0770477249854386,0.294439029333265,0.0786349378506893,0.626926032816046,16,4,4,8,14,5,1,8,25,7,0,18,20,6,1,13
206,3,0.217391304347826,0.130434782608696,0.652173913043478,0.071679889708777,0.194168337252601,0.0970841686263008,0.143590399108143,0.107151519222078,0.749258081669779,0.0185115914677581,0.0458360323744867,0.0229180161872434,0.21789166615029,0.107516766421452,0.674591567428257,0.0724100759687675,0.195272406067377,0.0976362030336885,0.141829838316073,0.108360045606761,0.749810116077167,0.0707997344236188,0.195652173913043,0.0978260869565217,0.15,0.1,0.75,0.0737530757412165,0.19961351458754,0.09980675729377,0.141253736732892,0.106765592929859,0.751980670337248,24,8,3,13,22,3,2,17,27,4,0,23,27,0,5,22
206,4,0.217391304347826,0.130434782608696,0.652173913043478,0.11230806287468,0.282409245552176,0.141204622776088,0.350966565166492,0.138064144566117,0.51096929026739,0.130164176378627,0.361980791238801,0.180990395619401,0.398381699967227,0.0690244045274906,0.532593895505283,0.111942784861967,0.278107389366001,0.139053694683001,0.352453128001475,0.134426653638047,0.513120218360478,0.120456984036421,0.329347826086957,0.164673913043478,0.3375,0.175,0.4875,0.11310524450819,0.282572509133701,0.14128625456685,0.35297933293797,0.136133008585402,0.510887658476628,19,2,11,6,17,7,0,10,25,10,2,13,19,8,1,10
206,5,0.217391304347826,0.130434782608696,0.652173913043478,0.0558013926651236,0.152292076800846,0.0761460384004229,0.141245265947403,0.186452961657511,0.672301772395086,0.0653763817885587,0.18421632701445,0.0921081635072248,0.178277799309433,0.22254294611592,0.599179254574646,0.0565026166193677,0.142325984828849,0.0711629924144247,0.146228311933401,0.197491505744737,0.656280182321862,0.0519845369724592,0.141204627044276,0.070602313522138,0.146788990825688,0.18348623853211,0.669724770642202,0.0539347255772319,0.145587240235882,0.0727936201179409,0.144597684229885,0.186560976520961,0.668841339249154,23,3,6,14,33,5,3,25,20,0,3,17,33,8,8,17
207,1,0.173913043478261,0.173913043478261,0.652173913043478,0.0891641450137501,0.251141989767473,0.125570994883737,0.10116205222118,0.121093039851606,0.777744907927215,0.0617115468297999,0.170025976582146,0.0850129882910727,0.11431659952132,0.148496499144129,0.737186901334551,0.072092391929081,0.203853450819671,0.101926725409835,0.120906045163619,0.124993316383068,0.754100638453314,0.0891974533724847,0.251207729468599,0.1256038647343,0.101010101010101,0.121212121212121,0.777777777777778,0.0891189266823846,0.251044258777807,0.125522129388904,0.101332563588041,0.120971393979577,0.777696042432382,26,5,4,17,25,2,0,23,21,1,4,16,27,2,4,21
207,2,0.173913043478261,0.173913043478261,0.652173913043478,0.0242532771294618,0.0632940603217058,0.0316470301608529,0.142266013317408,0.201189998599839,0.656543988082753,0.0429612231672829,0.121131134205139,0.0605655671025694,0.23447861058083,0.139463833976386,0.626057555442784,0.0202176561565231,0.0560239153977978,0.0280119576988989,0.145901085779362,0.192881692989906,0.661217221230732,0.00887496283617093,0.0217391304347826,0.0108695652173913,0.16304347826087,0.184782608695652,0.652173913043478,0.0204808388845074,0.0556303659731524,0.0278151829865762,0.146097860491685,0.19481590756718,0.659086231941135,22,1,2,19,20,0,9,11,28,6,3,19,22,8,3,11
207,3,0.173913043478261,0.173913043478261,0.652173913043478,0.0845949497508831,0.211492737755331,0.105746368877666,0.169493314921575,0.279659412355927,0.550847272722499,0.0803556865883258,0.199119275324509,0.0995596376622543,0.17624327367005,0.271142450948726,0.552614275381224,0.0899877751734691,0.227535148374503,0.113767574187251,0.181406509468785,0.280187151674988,0.538406338856227,0.0845955756966649,0.211495946941783,0.105747973470892,0.169491525423729,0.279661016949153,0.550847457627119,0.084595721896918,0.211496035008479,0.105748017504239,0.169491814216418,0.2796610609825,0.550847124801082,29,5,11,13,34,6,7,21,29,7,5,17,26,2,10,14
207,4,0.173913043478261,0.173913043478261,0.652173913043478,0.0578061180745899,0.161990528163102,0.0809952640815509,0.143014699304302,0.254908307559812,0.602076993135886,0.0121003859832699,0.0331330418183525,0.0165665209091762,0.190479564387437,0.169343514319895,0.640176921292668,0.0445580821142297,0.125538503925453,0.0627692519627262,0.147339839176349,0.236682295440987,0.615977865382664,0.0470919656928064,0.132943143812709,0.0664715719063545,0.144230769230769,0.240384615384615,0.615384615384615,0.0474191576632791,0.132595018452032,0.0662975092260162,0.149501849912943,0.240210552704277,0.61028759738278,20,0,3,17,36,6,5,25,21,2,13,6,27,7,4,16
207,5,0.173913043478261,0.173913043478261,0.652173913043478,0.0269706472756026,0.0762763512762827,0.0381381756381414,0.155327061178888,0.154360850139492,0.69031208868162,0.0712439671559858,0.182296530489398,0.0911482652446988,0.26506130872296,0.165521562608393,0.569417128668648,0.0371391041990624,0.10438636397303,0.0521931819865151,0.14272986161733,0.152903043352677,0.704367095029993,0.0263875761068127,0.0706521739130435,0.0353260869565217,0.145833333333333,0.166666666666667,0.6875,0.0241762759420658,0.067564922582499,0.0337824612912495,0.152461389664849,0.161582236000423,0.685956374334728,27,5,11,11,21,2,0,19,21,7,2,12,27,0,3,24
208,1,0.130434782608696,0.217391304347826,0.652173913043478,0.032971142901906,0.0878298627074539,0.043914931353727,0.138818247418647,0.173476372994099,0.687705379587254,0.0570042253004232,0.157527085144222,0.078763542572111,0.0761717874391503,0.19289075694526,0.730937455615589,0.0359658150819737,0.0997288853375735,0.0498644426687868,0.114189493976042,0.183772150311693,0.702038355712265,0.0243626430796849,0.0682011935208866,0.0341005967604433,0.117647058823529,0.196078431372549,0.686274509803922,0.0326949287363653,0.0887194349436727,0.0443597174718363,0.11955090311223,0.183915466372455,0.696533630515315,25,3,2,20,26,1,10,15,35,1,8,26,16,7,0,9
208,2,0.130434782608696,0.217391304347826,0.652173913043478,0.0696435751892693,0.191371506867141,0.0956857534335706,0.198489507091149,0.245022333298943,0.556488159609908,0.0850094825537726,0.226983780585054,0.113491890292527,0.108034307534364,0.330883194640353,0.561082497825282,0.065573448413348,0.184685367932726,0.092342683966363,0.183984284500915,0.25618448642197,0.559831229077115,0.0840345100815446,0.23768115942029,0.118840579710145,0.19047619047619,0.276190476190476,0.533333333333333,0.0690909993882439,0.191606480946968,0.0958032404734841,0.19496931091301,0.248660016516996,0.556370672569994,33,3,9,21,20,1,7,12,24,12,0,12,28,4,13,11
208,3,0.130434782608696,0.217391304347826,0.652173913043478,0.0406385294616252,0.111921939351198,0.0559609696755992,0.0744738129330965,0.23403545291988,0.691490734147024,0.0397048514244371,0.103417585615225,0.0517087928076126,0.0856235035566404,0.269100097155439,0.645276399287921,0.0203822795284847,0.0576285554698521,0.028814277734926,0.10162050487377,0.231120927808204,0.667258567318027,0.0406416855810217,0.111933395004625,0.0559666975023127,0.074468085106383,0.234042553191489,0.691489361702128,0.0406360575571596,0.11191481527277,0.0559574076363849,0.0744773749723107,0.234033776047507,0.691488848980182,23,1,8,14,21,1,1,19,31,3,9,19,19,2,4,13
208,4,0.130434782608696,0.217391304347826,0.652173913043478,0.0353945907158907,0.09392047520143,0.0469602376007151,0.0834745450079806,0.225864170192315,0.690661284799704,0.092176218380529,0.249047559978866,0.124523779989433,0.0347804680949369,0.188521838872152,0.776697693032911,0.0419533322936722,0.105354501563801,0.0526772507819003,0.0777575318267954,0.220087730742902,0.702154737430303,0.0350600715756495,0.099160945842868,0.049580472921434,0.105263157894737,0.192982456140351,0.701754385964912,0.0390033388535945,0.101379890284824,0.0506899451424122,0.0797448374662835,0.223900466379347,0.696354696154369,28,1,4,23,31,1,6,24,26,10,6,10,29,0,6,23
208,5,0.130434782608696,0.217391304347826,0.652173913043478,0.0577919855686622,0.161955493863083,0.0809777469315415,0.099528381181554,0.167319958843426,0.73315165997502,0.0527113211748328,0.149069160073515,0.0745345800367575,0.092084739593227,0.181206767326537,0.726708493080236,0.0457631060226101,0.12072919760124,0.06036459880062,0.120463352016656,0.166998136139246,0.712538511844098,0.0568855550644007,0.160768452982811,0.0803842264914054,0.0930232558139535,0.174418604651163,0.732558139534884,0.0568457374379472,0.15956389316607,0.0797819465830353,0.0991046239315901,0.168939516441896,0.731955859626514,16,2,0,14,21,3,7,11,20,2,2,16,29,1,6,22
209,1,0.0869565217391304,0.260869565217391,0.652173913043478,0.0699014276893709,0.195859191398986,0.0979295956994929,0.0496818951507005,0.358799160916884,0.591518943932415,0.120832721608312,0.323534449861071,0.161767224930536,0.0537629881227481,0.422636790147927,0.523600221729325,0.0689578450400435,0.188544854223425,0.0942724271117126,0.0614376323400727,0.355141992329104,0.583420375330823,0.0724139246848197,0.203924586379377,0.101962293189688,0.0442477876106195,0.36283185840708,0.592920353982301,0.0699645865626847,0.196204659529806,0.0981023297649032,0.0490639737223456,0.358971894982294,0.59196413129536,31,2,15,14,32,0,13,19,29,2,4,23,21,1,9,11
209,2,0.0869565217391304,0.260869565217391,0.652173913043478,0.0960872412079508,0.271709110870469,0.135854555435235,0.157489890409389,0.326190751982368,0.516319357608244,0.0382935163522271,0.0982754944319286,0.0491377472159643,0.0821031608262932,0.310007312433356,0.607889526740351,0.0770133623222839,0.211700313066803,0.105850156533401,0.117669098218192,0.336007145271731,0.546323756510077,0.0867562912086046,0.224347826086956,0.112173913043478,0.1,0.36,0.54,0.09618483671755,0.27199378930888,0.13599689465444,0.152522335753561,0.331300645857401,0.516177018389038,26,1,10,15,22,6,1,15,27,1,5,21,25,2,20,3
209,3,0.0869565217391304,0.260869565217391,0.652173913043478,0.255993038571482,0.695652090284964,0.347826045142482,1.37944293471076e-08,2.80196106463064e-08,0.99999995818596,0.0285157224333443,0.0798632600974315,0.0399316300487157,0.102041934107695,0.285715782897543,0.612242282994763,0.0480632425377357,0.135830931729502,0.0679154658647511,0.123308006359169,0.292433546462104,0.584258447178727,0.0285138698728069,0.0798580301685892,0.0399290150842946,0.102040816326531,0.285714285714286,0.612244897959184,0.0285136440163087,0.0798574802323114,0.0399287401161557,0.10204097097966,0.285713856093017,0.612245172927323,13,2,3,8,23,1,6,16,33,3,9,21,29,4,10,15
209,4,0.0869565217391304,0.260869565217391,0.652173913043478,0.0396020842452433,0.106325478020898,0.0531627390104488,0.0337937827286816,0.272193805224207,0.694012412047111,0.0669769210720398,0.18942069442127,0.0947103472106349,0.0384504646183702,0.214665275127517,0.746884260254113,0.0320750361799519,0.0902782797841795,0.0451391398920898,0.0418173818470407,0.279558999048607,0.678623619104353,0.0405410299909702,0.112057373375168,0.056028686687584,0.0309278350515464,0.278350515463918,0.690721649484536,0.0392255803309731,0.107248158759326,0.0536240793796631,0.0333324423594674,0.275380677646844,0.691286879993689,27,0,13,14,23,2,3,18,23,1,5,17,24,0,6,18
209,5,0.0869565217391304,0.260869565217391,0.652173913043478,0.115544547276878,0.305404312816147,0.152702156408073,0.060977580469825,0.134146350078623,0.804876069451552,0.079838759318648,0.208638366092545,0.104319183046272,0.0722064513400375,0.171300452570212,0.756493096089751,0.100669815422542,0.252090870240607,0.126045435120304,0.0812576981483616,0.140522953687857,0.778219348163782,0.115545570082771,0.305408271474019,0.15270413573701,0.0609756097560976,0.134146341463415,0.804878048780488,0.115538685210515,0.30539558853832,0.15269779426916,0.06096950889477,0.134158783792591,0.804871707312638,19,2,4,13,19,2,0,17,21,1,4,16,23,0,3,20
210,1,0.0434782608695652,0.304347826086957,0.652173913043478,0.0483130657339575,0.13476860114835,0.0673843005741748,1.14721936290146e-06,0.280440639162984,0.719558213617653,0.030776356394525,0.0869561893501288,0.0434780946750644,1.66194500813845e-07,0.324349740167127,0.675650093638372,0.0431620219331843,0.117686206768842,0.0588431033844209,1.20868435222438e-06,0.288981774887749,0.711017016427899,0.0459185671015995,0.127024722932651,0.0635123614663257,0,0.284313725490196,0.715686274509804,0.0462898309963041,0.128246888490172,0.0641234442450861,3.36197146612382e-06,0.28369928073997,0.716297357288564,27,0,11,16,26,0,9,17,28,0,7,21,21,0,2,19
210,2,0.0434782608695652,0.304347826086957,0.652173913043478,0.127501816182346,0.331382625761228,0.165691312880614,0.0222350501730671,0.159899723902841,0.817865225924092,0.100815961870209,0.265118221099752,0.132559110549876,0.0226613156098097,0.192605660796836,0.784733023593354,0.116057816033868,0.293593141438428,0.146796570719214,0.0336582745799692,0.167371241657338,0.798970483762692,0.126103201050737,0.330267558528428,0.165133779264214,0.0192307692307692,0.163461538461538,0.817307692307692,0.126681146204564,0.329299554513434,0.164649777256717,0.0223089716785293,0.160867338021275,0.816823690300195,24,1,7,16,23,0,1,22,32,0,7,25,25,1,2,22
210,3,0.0434782608695652,0.304347826086957,0.652173913043478,0.0867012242506059,0.217620963690455,0.108810481845228,0.0380205705525518,0.413158307932184,0.548821121515264,0.0130314456878765,0.036304824781684,0.018152412390842,0.0497985083626979,0.316179990984666,0.634021500652636,0.0886411314103331,0.222202005585304,0.111101002792652,0.0382099695520165,0.415448828879608,0.546341201568375,0.0899002136243884,0.228911185432924,0.114455592716462,0.0341880341880342,0.418803418803419,0.547008547008547,0.0882288436956138,0.222593754337996,0.111296877168998,0.0366790509291225,0.415644703255955,0.547676245814923,31,0,21,10,25,3,6,16,35,1,11,23,26,0,11,15
210,4,0.0434782608695652,0.304347826086957,0.652173913043478,0.152732436064986,0.379410134309389,0.189705067154695,0.0488892707490673,0.488641883362149,0.462468845888784,0.116238005098177,0.308725264221047,0.154362632110524,0.0717101734581959,0.430478545608849,0.497811280932955,0.147000192144464,0.366982482002518,0.183491241001259,0.0505964148322695,0.480720913125511,0.468682672042219,0.145874161182026,0.360951599671862,0.180475799835931,0.0471698113207547,0.481132075471698,0.471698113207547,0.146770364690683,0.364177879659639,0.18208893982982,0.0482381816409958,0.481676845145346,0.470084973213658,24,3,12,9,24,0,18,6,29,0,11,18,29,2,10,17
210,5,0.0434782608695652,0.304347826086957,0.652173913043478,0.0881169373600549,0.2399563241106,0.1199781620553,0.0126580407546744,0.215189884146547,0.772152075098778,0.088115302325148,0.239951079292524,0.119975539646262,0.0126600328789603,0.215190514431299,0.77214945268974,0.0652244049407502,0.177095234584072,0.0885476172920359,0.0215835519315294,0.237694917732957,0.740721530335514,0.0881168391209672,0.239955971381398,0.119977985690699,0.0126582278481013,0.215189873417722,0.772151898734177,0.0881167355803276,0.239955669623142,0.119977834811571,0.0126582995548987,0.215189952590052,0.772151747855049,21,0,6,15,18,1,4,13,17,0,3,14,23,0,4,19
211,1,0.260869565217391,0.0434782608695652,0.695652173913043,0.0495215889783275,0.135990690699934,0.0679953453499669,0.2123441115535,0.0240083691834896,0.76364751926301,0.0530282858683694,0.147919546069577,0.0739597730347886,0.213144324695211,0.0172437283569569,0.769611946947832,0.0368317535203264,0.103374571107248,0.0516872855536238,0.229441525862011,0.0232190146713222,0.747339459466667,0.0491528422118536,0.132505175983437,0.0662525879917184,0.20952380952381,0.0285714285714286,0.761904761904762,0.048863177755554,0.134103422518971,0.0670517112594855,0.212870761600551,0.0244253532269203,0.762703885172529,26,7,0,19,29,6,3,20,20,3,0,17,30,6,0,24
211,2,0.260869565217391,0.0434782608695652,0.695652173913043,0.0363597646064117,0.0902497014533361,0.0451248507266681,0.262081121546364,0.0873915552672606,0.650527323186375,0.111703439455908,0.311764530833383,0.155882265416691,0.360992381266719,0.0992377102369287,0.539769908496352,0.0388015311579786,0.0985817977381616,0.0492908988690808,0.257108169431842,0.092769159738646,0.650122670829512,0.0335141324539345,0.0828931328728159,0.041446566436408,0.261682242990654,0.0841121495327103,0.654205607476635,0.0363627674879337,0.0934383481595373,0.0467191740797687,0.256120872004792,0.0901974349493339,0.653681693045874,26,12,1,13,34,3,4,27,26,9,4,13,21,4,0,17
211,3,0.260869565217391,0.0434782608695652,0.695652173913043,0.0653385087838893,0.163330597584405,0.0816652987922026,0.179204266425189,0.0468707536816087,0.773924979893203,0.119136998287303,0.296113045787849,0.148056522893924,0.117200180410852,0.0390911227821804,0.843708696806968,0.0615131313949286,0.159485323957236,0.0797426619786182,0.181126903238773,0.0532393129422402,0.765633783818987,0.0648117879923785,0.166217776067718,0.0831088880338592,0.185840707964602,0.0353982300884956,0.778761061946903,0.0665659607841356,0.165408418699013,0.0827042093495066,0.178165355867885,0.0458874455256895,0.775947198606426,31,7,0,24,26,10,2,14,22,1,1,20,34,3,1,30
211,4,0.260869565217391,0.0434782608695652,0.695652173913043,0.0611074788212237,0.152265244924304,0.0761326224621522,0.184736942755239,0.0461319500626448,0.769131107182116,0.0487597666295435,0.136771924450507,0.0683859622252533,0.192483602992138,0.085338861596256,0.722177535411606,0.0564326189502069,0.144617806014895,0.0723089030074473,0.188560662209944,0.0503833084175916,0.761056029372464,0.0587751179432321,0.149190110826939,0.0745950554134697,0.186274509803922,0.0490196078431373,0.764705882352941,0.0593071513918845,0.149935805647014,0.0749679028235071,0.185901662393884,0.0483912517641071,0.765707085842009,24,1,1,22,30,6,4,20,24,3,0,21,24,9,0,15
211,5,0.260869565217391,0.0434782608695652,0.695652173913043,0.0225146009525481,0.0559696414855402,0.0279848207427701,0.233724275310521,0.0426387300336655,0.723636994655814,0.0135655081338112,0.0368252573828768,0.0184126286914385,0.246997862903222,0.0618908895610037,0.691111247535774,0.0192865063867983,0.0501698136383419,0.0250849068191709,0.23578465839822,0.0467463096989552,0.717469031902825,0.028399881075747,0.0695652173913044,0.0347826086956522,0.226086956521739,0.0434782608695652,0.730434782608696,0.0274563076385869,0.0684876473765704,0.0342438236882853,0.227895409111905,0.0422085932867668,0.729895997601329,25,8,3,14,37,5,2,30,30,5,0,25,23,8,0,15
212,1,0.217391304347826,0.0869565217391304,0.695652173913043,0.0819240643379961,0.228144747667515,0.114072373833758,0.142806652471505,0.0474687997816941,0.809724547746801,0.0165593404845163,0.0453951980868504,0.0226975990434252,0.240088903391251,0.0706145384464017,0.689296558162347,0.0749054732226916,0.209093570301911,0.104546785150956,0.150328653372313,0.0494723875636883,0.800198959063999,0.0769005964107456,0.21583850931677,0.107919254658385,0.151785714285714,0.0446428571428571,0.803571428571429,0.0761475565806348,0.212613830467981,0.10630691523399,0.149344714425089,0.0486961964278773,0.801959089147034,28,6,3,19,33,9,2,22,26,1,0,25,25,1,0,24
212,2,0.217391304347826,0.0869565217391304,0.695652173913043,0.124986743329978,0.346864823167116,0.173432411583558,0.101121283716263,0.0297941307871355,0.869084585496602,0.0548029837974378,0.153012228426827,0.0765061142134132,0.189869575939211,0.0379721359343326,0.772158288126457,0.117177598604377,0.323284032147444,0.161642016073722,0.104951023679395,0.0377547863338393,0.857294189986766,0.125285796193883,0.350631136044881,0.17531556802244,0.10752688172043,0.021505376344086,0.870967741935484,0.125416934104162,0.347972309138407,0.173986154569203,0.10055321820416,0.0298084533135933,0.869638328482247,21,3,1,17,24,6,1,17,20,0,0,20,28,1,0,27
212,3,0.217391304347826,0.0869565217391304,0.695652173913043,0.031777127006639,0.0898767549541468,0.0449383774770734,0.195214303032268,0.131894899216204,0.672890797751529,0.0419912714674643,0.118317879074757,0.0591589395373784,0.158232364810448,0.112056569246966,0.729711065942586,0.0217644431643547,0.0572346588235654,0.0286173294117827,0.19326822053611,0.115573851150913,0.691157928312977,0.0228700965393636,0.0643812709030101,0.032190635451505,0.230769230769231,0.105769230769231,0.663461538461538,0.0309922334179429,0.0874821685809127,0.0437410842904564,0.193109132635318,0.130697606029587,0.676193261335095,33,3,4,26,23,6,2,15,22,0,5,17,26,15,0,11
212,4,0.217391304347826,0.0869565217391304,0.695652173913043,0.122297475022428,0.344408666536615,0.172204333268308,0.0451869710795186,0.15912099494842,0.795692033972061,0.13897642591265,0.369897100195964,0.184948550097982,0.0673219270619926,0.271905071837112,0.660773001100895,0.1163189359803,0.328997866164601,0.1644989330823,0.0528923712655257,0.168739016683355,0.778368612051119,0.126772896035508,0.357859531772575,0.178929765886288,0.0384615384615385,0.166666666666667,0.794871794871795,0.121209520389675,0.341955593805016,0.170977796902508,0.0464135074453183,0.161835685301329,0.791750807253353,24,1,1,22,22,2,8,12,15,0,1,14,17,0,3,14
212,5,0.217391304347826,0.0869565217391304,0.695652173913043,0.0324856345267152,0.0879062090071984,0.0439531045035991,0.227789077334231,0.0430034172355313,0.729207505430238,0.0491564776240477,0.13687817193368,0.0684390859668399,0.285830390314666,0.0633014272800249,0.650868182405309,0.0263559634792416,0.0742523068986284,0.0371261534493142,0.233092255302683,0.0498303682898162,0.717077376407501,0.0319991335736516,0.0869565217391305,0.0434782608695652,0.228260869565217,0.0434782608695652,0.728260869565217,0.0318372637529102,0.0865601511562427,0.0432800755781213,0.228282233412316,0.0436764461610091,0.728041320426675,20,7,1,12,26,7,0,19,21,1,0,20,25,6,3,16
213,1,0.173913043478261,0.130434782608696,0.695652173913043,0.124181801352357,0.32744758833958,0.16372379416979,0.147074496869872,0.294158576778486,0.558766926351643,0.0963085656766871,0.254318679217454,0.127159339608727,0.152593123989717,0.257594122217423,0.58981275379286,0.131444322745496,0.325812461359521,0.16290623067976,0.170000788188535,0.293341013288456,0.536658198523009,0.124144146324233,0.327365728900256,0.163682864450128,0.147058823529412,0.294117647058824,0.558823529411765,0.12380338729808,0.325316445972223,0.162658222986111,0.148687808241377,0.293093005594807,0.558219186163815,30,5,8,17,15,2,9,4,26,3,7,16,31,5,6,20
213,2,0.173913043478261,0.130434782608696,0.695652173913043,0.0636375332842574,0.174999927050728,0.0874999635253643,0.261413007003625,0.104917210205514,0.633669782790861,0.0395948103258972,0.111895518146341,0.0559477590731705,0.19988449994928,0.160411085210847,0.639704414839873,0.0632463181841423,0.173114180484348,0.0865570902421742,0.260470133720435,0.106676681703372,0.632853184576193,0.0601887338454472,0.161607875307629,0.0808039376538146,0.254716981132075,0.113207547169811,0.632075471698113,0.0599779148157371,0.165540496042299,0.0827702480211494,0.25668329149941,0.105107053478791,0.638209655021798,26,6,5,15,32,9,1,22,28,3,6,19,20,9,0,11
213,3,0.173913043478261,0.130434782608696,0.695652173913043,0.0637690557369257,0.166520667231484,0.0832603336157418,0.162291647705126,0.0587958447660882,0.778912507528785,0.061823939746812,0.172986510344146,0.0864932551720729,0.206092291246554,0.0439415274366227,0.749966181316823,0.0542432093824943,0.134080955750488,0.0670404778752441,0.172683196158949,0.0646241520527632,0.762692651788288,0.0537896904428755,0.147157190635452,0.0735785953177258,0.153846153846154,0.0769230769230769,0.769230769230769,0.0594097571592409,0.15443199828289,0.0772159991414448,0.163985106250938,0.0631467206945742,0.772868173054488,16,2,0,14,25,7,1,17,22,3,0,19,28,2,6,20
213,4,0.173913043478261,0.130434782608696,0.695652173913043,0.0228687495312741,0.0598035516688326,0.0299017758344163,0.203814819312677,0.126155464826545,0.670029715860777,0.0519335267889529,0.128161381079787,0.0640806905398934,0.237993734018154,0.129473137955991,0.632533128025855,0.0355757787366223,0.100208583067137,0.0501042915335685,0.202917913181148,0.151534204439377,0.645547882379475,0.0231142232526917,0.0612648221343874,0.0306324110671937,0.204545454545455,0.125,0.670454545454545,0.0225773298336463,0.0588818900322138,0.0294409450161069,0.203353988494368,0.126416029637465,0.670229981868167,23,1,3,19,25,8,4,13,25,4,3,18,15,5,1,9
213,5,0.173913043478261,0.130434782608696,0.695652173913043,0.0653505770696097,0.178786170865286,0.0893930854326431,0.149531620565195,0.0654231200891189,0.785045259345687,0.0695426976308816,0.193409282718027,0.0967046413590134,0.141066832736091,0.0665763519918517,0.792356815272057,0.0396703036614574,0.108440883467481,0.0542204417337404,0.159281094227961,0.0908462901252549,0.749872615646784,0.0653519603511571,0.178789110117838,0.0893945550589191,0.149532710280374,0.0654205607476635,0.785046728971963,0.0653468383903405,0.178768046415523,0.0893840232077615,0.149548014626764,0.0654157882524315,0.785036197120805,26,2,2,22,31,8,2,21,26,4,1,21,24,2,2,20
214,1,0.130434782608696,0.173913043478261,0.695652173913043,0.0418859830091508,0.118401703853193,0.0592008519265965,0.189635634535292,0.146072648008504,0.664291717456204,0.0638735533214543,0.165979408763168,0.0829897043815842,0.14103824528953,0.0909233390966767,0.768038415613793,0.033971664769095,0.0950714399785554,0.0475357199892777,0.177970502597973,0.144113806808153,0.677915690593874,0.0373699790997293,0.0962732919254658,0.0481366459627329,0.178571428571429,0.130952380952381,0.69047619047619,0.033215537995064,0.0915068826575846,0.0457534413287923,0.176188223937488,0.141823565279778,0.681988210782734,19,3,1,15,23,1,6,16,16,8,3,5,26,3,1,22
214,2,0.130434782608696,0.173913043478261,0.695652173913043,0.0698766432594718,0.196247906513591,0.0981239532567953,0.0712295689348122,0.134994303895349,0.793776127169839,0.089621722576109,0.252467996701843,0.126233998350922,0.0574784246371434,0.120635403098892,0.821886172263965,0.0545197129628109,0.15128484147943,0.0756424207397148,0.0796804059290011,0.149024999418241,0.771294594652758,0.0682285859573494,0.192854068015497,0.0964270340077487,0.0792079207920792,0.128712871287129,0.792079207920792,0.0691323104192111,0.19467511039085,0.0973375551954252,0.0738309702107817,0.13317930068075,0.792989729108469,23,1,3,19,21,0,5,16,30,6,3,21,27,1,2,24
214,3,0.130434782608696,0.173913043478261,0.695652173913043,0.0778815185162134,0.198807210420971,0.0994036052104855,0.221215641227379,0.0745094382677754,0.704274920504846,0.0864372039058747,0.216014148163078,0.108007074081539,0.238441856690235,0.0703318976825571,0.691226245627208,0.0789008973679017,0.193331225657914,0.096665612828957,0.227036076470906,0.0772474306493039,0.69571649287979,0.0724670595272522,0.188534051558292,0.0942670257791458,0.212389380530973,0.079646017699115,0.707964601769911,0.0776978801876115,0.20256219908963,0.101281099544815,0.217981226689704,0.0726319439334459,0.70938682937685,26,4,6,16,23,8,1,14,35,7,0,28,29,5,2,22
214,4,0.130434782608696,0.173913043478261,0.695652173913043,0.210123276981432,0.592869969058167,0.296434984529084,0.000173132138818379,0.00773970941905447,0.992087158442127,0.0422359712272984,0.116137545805187,0.0580687729025935,0.113517702312648,0.231981816380854,0.654500481306498,0.045635755422969,0.124185287769826,0.0620926438849129,0.146239354616397,0.220201115355473,0.633559530028131,0.0323003144835596,0.0839920948616601,0.04199604743083,0.125,0.215909090909091,0.659090909090909,0.0322931857515314,0.0839836866950382,0.0419918433475191,0.124988413603178,0.21590488682578,0.659106699571042,17,4,1,12,21,2,4,15,29,2,9,18,21,3,5,13
214,5,0.130434782608696,0.173913043478261,0.695652173913043,0.0703045237165732,0.180847210379676,0.0904236051898378,0.0494211951298417,0.164503025767277,0.786075779102881,0.0757449610336109,0.202962561227865,0.101481280613933,0.0289535019947631,0.194953331149407,0.77609316685583,0.0641673769931035,0.159879722602596,0.0799398613012979,0.0532708694257937,0.171137095359865,0.775592035214341,0.063950989425647,0.168695652173913,0.0843478260869566,0.06,0.16,0.78,0.0690954556179505,0.177564989289536,0.0887824946447682,0.0506949219603685,0.16487040948182,0.784434668557812,27,1,6,20,27,5,1,21,21,0,3,18,25,0,6,19
215,1,0.0869565217391304,0.217391304347826,0.695652173913043,0.0434746367506095,0.122764481059359,0.0613822405296795,0.025574281209451,0.245044090930595,0.729381627859954,0.13204496968389,0.37024429781383,0.185122148906915,0.0156358219597193,0.103589855220323,0.880774322819958,0.0493520828264926,0.139045188072235,0.0695225940361175,0.0174339277030129,0.246823548182028,0.73574252411496,0.057155858134351,0.154865424430642,0.0774327122153209,0.00952380952380952,0.276190476190476,0.714285714285714,0.0437518114948488,0.121219703208318,0.0606098516041588,0.0263466701349716,0.2584742601189,0.715179069746128,31,0,18,13,22,0,2,20,27,1,1,25,25,0,8,17
215,2,0.0869565217391304,0.217391304347826,0.695652173913043,0.0223120953899242,0.0615796510119521,0.030789825505976,0.108329258930597,0.18660147884185,0.705069262227553,0.083864227210171,0.235234303641257,0.117617151820629,0.158973697368611,0.262991280538974,0.578035022092415,0.0248790848764718,0.0702663646821017,0.0351331823410509,0.102880578167593,0.182258122006775,0.714861299825631,0.0186281503844609,0.0518038852913968,0.0259019426456984,0.0957446808510638,0.191489361702128,0.712765957446808,0.0244358052748004,0.0687237383291528,0.0343618691645764,0.107316973545675,0.18302943518325,0.709653591271075,21,4,8,9,24,1,0,23,23,0,5,18,26,4,5,17
215,3,0.0869565217391304,0.217391304347826,0.695652173913043,0.0390972148605712,0.106220981448939,0.0531104907244694,0.0470841766162481,0.204153158746239,0.748762664637513,0.0517048298604617,0.143500106108567,0.0717500530542833,0.0632893435637494,0.169308429468924,0.767402226967327,0.0318224777282058,0.0856322853087019,0.042816142654351,0.0535447601754097,0.207986923257196,0.738468316567394,0.0396004017327104,0.108695652173913,0.0543478260869565,0.0480769230769231,0.201923076923077,0.75,0.0399275419447231,0.110194598713023,0.0550972993565116,0.048706067944949,0.200544458785496,0.750749473269555,31,3,3,25,28,2,6,20,23,0,3,20,22,0,9,13
215,4,0.0869565217391304,0.217391304347826,0.695652173913043,0.0815119490607706,0.225019982784918,0.112509991392459,0.0524368230774497,0.329901295740285,0.617661881182265,0.088156316459483,0.22963950693429,0.114819753467145,0.0716135245887265,0.332211057814971,0.596175417596302,0.081240988671767,0.223595343775403,0.111797671887701,0.0539947252929272,0.329188976235528,0.616816298471545,0.0744868717886422,0.203148425787106,0.101574212893553,0.0603448275862069,0.318965517241379,0.620689655172414,0.078505762055078,0.217305501329655,0.108652750664827,0.0523954403204923,0.326044055012653,0.621560504666854,28,5,10,13,24,0,11,13,34,2,10,22,30,0,6,24
215,5,0.0869565217391304,0.217391304347826,0.695652173913043,0.0923203056445469,0.253236508351497,0.126618254175749,0.051223136410418,0.12650643550079,0.822270428088792,0.108850954439562,0.304841933609923,0.152420966804962,0.0294190692177377,0.122507790064257,0.848073140718005,0.0797362089688544,0.220526984750907,0.110263492375453,0.0522763333884854,0.141808000323018,0.805915666288497,0.0955054125438804,0.254528985507246,0.127264492753623,0.0625,0.114583333333333,0.822916666666667,0.0933976245682342,0.256725639402396,0.128362819701198,0.0497364601717963,0.126248546213962,0.824014993614242,22,5,2,15,24,0,3,21,24,0,4,20,26,1,2,23
216,1,0.0434782608695652,0.260869565217391,0.695652173913043,0.0402762697328215,0.102547438317804,0.0512737191589018,0.0393244445590984,0.312143284376293,0.648532271064609,0.135402501406519,0.332785054184579,0.16639252709229,0.0446019877387278,0.426138365440518,0.529259646820754,0.0392750201124927,0.101793701220685,0.0508968506103424,0.0496673051951614,0.305577371502138,0.644755323302701,0.0366058167287742,0.10090237899918,0.0504511894995898,0.0283018867924528,0.311320754716981,0.660377358490566,0.0344363948720663,0.0885124847726682,0.0442562423863341,0.0389523183784465,0.305125807603725,0.655921874017828,23,1,11,11,26,0,5,21,32,1,5,26,25,1,12,12
216,2,0.0434782608695652,0.260869565217391,0.695652173913043,0.0859102725687516,0.210502132182731,0.105251066091366,0.0435440924869766,0.155618499126026,0.800837408386998,0.104427640713688,0.268442081427816,0.134221040713908,0.029717833200414,0.140408952172635,0.829873214626951,0.0783426693203802,0.19388628361033,0.0969431418051652,0.0454968319005422,0.163926423412226,0.790576744687232,0.0920935663790976,0.230476994512453,0.115238497256226,0.0485436893203883,0.145631067961165,0.805825242718447,0.0897808098709483,0.222006018060051,0.111003009030025,0.041358773189205,0.151986043867726,0.806655182943069,20,0,5,15,30,0,5,25,31,1,2,28,22,4,3,15
216,3,0.0434782608695652,0.260869565217391,0.695652173913043,0.00619038150874641,0.017425878146604,0.00871293907330205,0.0521911999428673,0.257251170449608,0.690557629607524,0.0383630586722891,0.108305227751635,0.0541526138758174,0.0734193913365453,0.285081048626229,0.641499560037226,0.0148531359669501,0.0374738296644143,0.0187369148322072,0.0610698253023032,0.26201491561686,0.676915259080836,0.00304076179339614,0.00812677773262901,0.00406338886631452,0.0467289719626168,0.261682242990654,0.691588785046729,0.00605975751009974,0.0165192933102173,0.00825964665510874,0.051737907524674,0.258718294257448,0.689543798217878,29,0,5,24,28,1,13,14,26,3,7,16,24,1,3,20
216,4,0.0434782608695652,0.260869565217391,0.695652173913043,0.0720079634652074,0.202141297380704,0.101070648690352,0.104796125898345,0.300622348878963,0.594581525222692,0.103521845851529,0.292758464940869,0.146379232470435,0.114432015126369,0.336295043431023,0.549272941442609,0.0759659302573432,0.214499746155981,0.10724987307799,0.102519135310855,0.309078563854092,0.588402300835053,0.0737400599310757,0.206838328408611,0.103419164204306,0.106796116504854,0.300970873786408,0.592233009708738,0.0707992319800732,0.199721055401425,0.0998605277007126,0.0997095666142219,0.304498787173447,0.595791646212331,31,0,9,22,19,3,5,11,23,6,4,13,30,2,13,15
216,5,0.0434782608695652,0.260869565217391,0.695652173913043,0.121423844010871,0.303965570710812,0.151982785355406,0.0367078878193848,0.412852350572798,0.550439761607818,0.113329868025344,0.279316984603385,0.139658492301693,0.0417453995418243,0.400528057519084,0.557726542939092,0.123016609722635,0.31217772891229,0.156088864456145,0.0549882719603797,0.405448418582722,0.539563309456899,0.121413017505081,0.303948942959713,0.151974471479856,0.036697247706422,0.412844036697248,0.55045871559633,0.121412456152272,0.303945114416139,0.15197255720807,0.0366998803344734,0.412842122425461,0.550457997240066,27,0,15,12,27,1,12,14,25,1,11,13,30,2,7,21
217,1,0.217391304347826,0.0434782608695652,0.739130434782609,0.0510459263745098,0.143359434805174,0.0716797174025871,0.145711586945239,0.0867372491668259,0.767551163887935,0.0627088449347866,0.163768373822493,0.0818841869112463,0.13550711743658,0.113913299244198,0.750579583319222,0.048064020865513,0.127285488025096,0.0636427440125479,0.153748560335278,0.0959739165044363,0.750277523160286,0.0395696500087957,0.109201213346815,0.0546006066734075,0.162790697674419,0.0813953488372093,0.755813953488372,0.0475794162585036,0.130889845878143,0.0654449229390714,0.151946381408755,0.0897440905824217,0.758309528008824,17,0,2,15,17,2,0,15,25,9,1,15,27,3,4,20
217,2,0.217391304347826,0.0434782608695652,0.739130434782609,0.0190107480098446,0.046718415661604,0.0233592078308021,0.217238771481862,0.0668374687003673,0.715923759817771,0.0330771793308472,0.0931095713349061,0.0465547856674531,0.198068483212864,0.0900330465370183,0.711898470250118,0.0276259576154154,0.0773191003188849,0.0386595501594424,0.178731754188384,0.0579223745452123,0.763345871266404,0.0201268955856257,0.0558352402745996,0.0279176201372998,0.189473684210526,0.0526315789473684,0.757894736842105,0.0235749059773949,0.0665236939453741,0.033261846972687,0.184129457375139,0.0620843906080952,0.753786152016766,30,4,3,23,15,4,2,9,17,9,0,8,33,1,0,32
217,3,0.217391304347826,0.0434782608695652,0.739130434782609,0.00479775995296493,0.0134410784146781,0.00672053920733909,0.224111843555165,0.0393095882591133,0.736578568185722,0.0171555541717176,0.0471669194534463,0.0235834597267232,0.240974764074549,0.0366195705252656,0.722405665400185,0.0124352362282131,0.0348812010866776,0.0174406005433387,0.228066531624006,0.0502436341367241,0.72168983423927,0.0151048878070995,0.041407867494824,0.020703933747412,0.238095238095238,0.0285714285714286,0.733333333333333,0.00780684779178378,0.0216712932774706,0.0108356466387353,0.228226950986561,0.0398939805975426,0.731879068415896,27,5,1,21,25,1,1,23,22,6,0,16,31,13,1,17
217,4,0.217391304347826,0.0434782608695652,0.739130434782609,0.0600531339377738,0.150488634498155,0.0752443172490774,0.142146987098749,0.0469934131037383,0.810859599797513,0.116629133440703,0.295818644267289,0.147909322133644,0.0694819822141818,0.0542217166783925,0.876296301107426,0.0648288907602104,0.16560581396103,0.0828029069805149,0.134588397367311,0.0507925237674451,0.814619078865244,0.063327459384407,0.158102766798419,0.0790513833992096,0.141414141414141,0.0404040404040404,0.818181818181818,0.0680843854898596,0.171224368078265,0.0856121840391324,0.131779120308694,0.0481249401665148,0.820095939524791,19,5,0,14,32,1,2,29,26,1,2,23,22,7,0,15
217,5,0.217391304347826,0.0434782608695652,0.739130434782609,0.0800512809116288,0.200048021185653,0.100024010592827,0.121458613711543,0.0393869409130216,0.839154445375435,0.0631042561827564,0.158715510059448,0.0793577550297237,0.138033549318102,0.0478020714201264,0.814164379261771,0.0696902039360485,0.181720566445941,0.0908602832229705,0.126531021124856,0.0558419015102304,0.817627077364914,0.0755487872247162,0.191463901076984,0.0957319505384923,0.128440366972477,0.036697247706422,0.834862385321101,0.0769950610414221,0.191235297574681,0.0956176487873405,0.12446809125782,0.0407838251722309,0.834748083569949,21,2,1,18,37,9,1,27,32,3,2,27,19,0,0,19
218,1,0.173913043478261,0.0869565217391304,0.739130434782609,0.0740591135309549,0.208286047398519,0.104143023699259,0.112208182960182,0.0445183585579499,0.843273458481868,0.0398457723263258,0.112698024433269,0.0563490122166345,0.146084911559628,0.0584356414411288,0.795479446999243,0.0548021026094995,0.154586891361556,0.077293445680778,0.13034716250587,0.0532289570307436,0.816423880463387,0.0749275206583239,0.210628019323672,0.105314009661836,0.111111111111111,0.0444444444444444,0.844444444444444,0.074921698726723,0.210611395257931,0.105305697628966,0.111115050736537,0.044448816851889,0.844436132411574,23,2,2,19,24,4,2,18,14,3,0,11,29,1,0,28
218,2,0.173913043478261,0.0869565217391304,0.739130434782609,0.0403640954981608,0.113907778321272,0.0569538891606359,0.199061145889677,0.11876230848835,0.682176545621973,0.0355158653736167,0.100231242469945,0.0501156212349726,0.196075440303235,0.114909746149129,0.689014813547636,0.0447161998863095,0.124583959852813,0.0622919799264066,0.214497768846416,0.108663776297382,0.676838454856202,0.0594884727228184,0.152173913043478,0.0760869565217391,0.25,0.08,0.67,0.0490867723148369,0.138655555195072,0.0693277775975358,0.211660966075953,0.118536376738974,0.669802657185073,23,6,3,14,27,3,2,22,30,16,1,13,20,0,2,18
218,3,0.173913043478261,0.0869565217391304,0.739130434782609,0.00958516187322621,0.0270737327041768,0.0135368663520883,0.160376177126173,0.0943397144032652,0.745284108470562,0.0292024071740878,0.0808317989207037,0.0404158994603518,0.186766594507668,0.114518870170075,0.698714535322257,0.0133086751040872,0.0348992851726294,0.0174496425863147,0.176529368250454,0.101789839553252,0.721680792196294,0.00958434901193431,0.0270713699753897,0.0135356849876948,0.160377358490566,0.0943396226415094,0.745283018867924,0.00958163915233697,0.0270636663025485,0.0135318331512742,0.160381210326987,0.094337931566519,0.745280858106494,24,4,4,16,25,2,0,23,22,3,3,16,35,8,3,24
218,4,0.173913043478261,0.0869565217391304,0.739130434782609,0.0500334689146412,0.138398367801605,0.0691991839008025,0.152105117879267,0.156155705639933,0.6917391764808,0.0488565756255249,0.136962483364379,0.0684812416821896,0.147621455661887,0.15543776342132,0.696940780916793,0.053982210247231,0.142839579737457,0.0714197898687284,0.161559705355516,0.158376311607859,0.680063983036625,0.0520353280923316,0.146841673502871,0.0734208367514356,0.141509433962264,0.160377358490566,0.69811320754717,0.0480313601294695,0.133995380387507,0.0669976901937534,0.150109530524048,0.153954211932884,0.695936257543068,22,4,8,10,24,5,1,18,32,4,6,22,28,2,2,24
218,5,0.173913043478261,0.0869565217391304,0.739130434782609,0.135652626362436,0.367923228193404,0.183961614096702,0.357874657574963,0.0421036890026666,0.600021653422371,0.136309510819094,0.368992047795381,0.184496023897691,0.358409067375952,0.0430958736786808,0.598495058945368,0.142000964742374,0.37176513064716,0.18588256532358,0.359795608801841,0.0598344225513943,0.580369968646765,0.135668931314611,0.367963386727689,0.183981693363844,0.357894736842105,0.0421052631578947,0.6,0.135670752354259,0.367968148552389,0.183984074276195,0.357897117754456,0.0421049648288035,0.599997917416741,25,9,0,16,34,12,1,21,20,9,1,10,16,4,2,10
219,1,0.130434782608696,0.130434782608696,0.739130434782609,0.0650131601620639,0.183229206389725,0.0916146031948624,0.18296070404008,0.169523464372173,0.647515831587746,0.136625794082413,0.380890196639774,0.190445098319887,0.253904629115839,0.197410034421439,0.548685336462722,0.0642029997582732,0.181593224570382,0.090796612285191,0.175694650711806,0.175971526790776,0.648333822497418,0.0517377684096624,0.144927536231884,0.072463768115942,0.175438596491228,0.157894736842105,0.666666666666667,0.0542861286729368,0.153436071795081,0.0767180358975404,0.171290373300197,0.166297227814735,0.662412398885068,20,7,3,10,33,2,3,28,37,4,6,27,24,7,6,11
219,2,0.130434782608696,0.130434782608696,0.739130434782609,0.184462431153848,0.521738543772164,0.260869271886082,1.82344501921541e-07,1.10986807133525e-07,0.999999706668691,0.0838059583963727,0.236712395662857,0.118356197831429,0.194999515006244,0.184226248042575,0.62077423695118,0.0708137897621077,0.200092123220052,0.100046061610026,0.176587619884941,0.184328006942476,0.639084373172582,0.0579739721221269,0.163975155279503,0.0819875776397515,0.171428571428571,0.171428571428571,0.657142857142857,0.0581320702381883,0.164402586982915,0.0822012934914574,0.170432299028965,0.172638559679884,0.656929141291151,29,4,8,17,24,1,3,20,28,8,5,15,24,5,2,17
219,3,0.130434782608696,0.130434782608696,0.739130434782609,0.135613860414392,0.334921600168872,0.167460800084436,0.127663255033006,0.297895582693132,0.574441162273863,0.110550068497028,0.276485851458109,0.138242925729054,0.136321392888199,0.262791098058247,0.600887509053554,0.144781584885684,0.371641786362393,0.185820893181197,0.148877063342854,0.297813395055735,0.553309541601412,0.135593420377226,0.334875115633672,0.167437557816836,0.127659574468085,0.297872340425532,0.574468085106383,0.135590213148549,0.334862273555922,0.167431136777961,0.12766468772153,0.297865919386657,0.574469392891813,22,3,5,14,35,6,9,20,15,1,3,11,22,2,11,9
219,4,0.130434782608696,0.130434782608696,0.739130434782609,0.0404327336174303,0.114166336666642,0.0570831683333212,0.156087969046613,0.161864764504099,0.682047266449287,0.0967450161234757,0.273107973017085,0.136553986508542,0.191352849747972,0.206070701977962,0.602576448274066,0.0520539909139025,0.146974551124012,0.0734872755620061,0.170939032434606,0.163417808344791,0.665643159220603,0.0404340195979479,0.113554987212276,0.056777493606138,0.152941176470588,0.164705882352941,0.682352941176471,0.0421419830685747,0.119116544583133,0.0595582722915666,0.158335287161866,0.162092550347092,0.679572162491042,21,1,0,20,23,4,4,15,24,6,6,12,17,2,4,11
219,5,0.130434782608696,0.130434782608696,0.739130434782609,0.118122502336268,0.3296187587774,0.1648093793887,0.0716476644746518,0.0244125213540394,0.903939814171309,0.101018946947881,0.276840013225095,0.138420006612548,0.0918379756517893,0.0306115829530544,0.877550441395156,0.106896307786596,0.297714554205416,0.148857277102708,0.0788395454199445,0.0331727426947389,0.887987711885317,0.117702438479272,0.328190743338008,0.164095371669004,0.0725806451612903,0.0241935483870968,0.903225806451613,0.117679680600268,0.328368840021971,0.164184420010985,0.071908819833385,0.0247763253730211,0.903314854793594,40,5,1,34,27,3,0,24,27,0,0,27,30,1,2,27
220,1,0.0869565217391304,0.173913043478261,0.739130434782609,0.0780811519339288,0.220843973753921,0.110421986876961,0.0312576332277506,0.284335030355221,0.684407336417028,0.0989286818079699,0.273848605727537,0.136924302863769,0.0433766449288923,0.31083734634203,0.645786008729078,0.0845228174819656,0.237819034868178,0.118909517434089,0.0380637235564093,0.29282256091235,0.669113715531241,0.0818918204760114,0.231613165379927,0.115806582689963,0.0280373831775701,0.289719626168224,0.682242990654206,0.0809374024391612,0.228909888181173,0.114454944090586,0.0308883599688065,0.288367987568847,0.680743652462346,20,0,4,16,25,2,6,17,31,0,6,25,31,1,15,15
220,2,0.0869565217391304,0.173913043478261,0.739130434782609,0.0733606137854347,0.188782042207949,0.0943910211039743,0.0968636851344607,0.258396901186905,0.644739413678634,0.0362884784647875,0.0937343471495722,0.0468671735747862,0.0816304343585348,0.220780217053047,0.697589348588418,0.0693555993578805,0.185157369765067,0.0925786848825337,0.105188974251154,0.248259275848771,0.646551749900075,0.0694811022956905,0.175935288169868,0.0879676440849342,0.0930232558139535,0.255813953488372,0.651162790697674,0.0668240702327412,0.176796072784066,0.088398036392033,0.102215517211761,0.247052084397663,0.650732398390576,22,1,4,17,15,0,5,10,21,2,11,8,28,5,2,21
220,3,0.0869565217391304,0.173913043478261,0.739130434782609,0.0177292761784764,0.0434789891817316,0.0217394945908658,0.108696016329996,0.152224949177887,0.739079034492117,0.0405407163990066,0.10132273061272,0.0506613653063599,0.13761788704549,0.171828738568478,0.690553374386032,0.0227046917060615,0.0565913447826805,0.0282956723913402,0.114248585989061,0.174916651619671,0.710834762391268,0.0177499256723419,0.0434782608695652,0.0217391304347826,0.108695652173913,0.152173913043478,0.739130434782609,0.0177339114005349,0.0434671014306763,0.0217335507153381,0.108661977843131,0.152179492762923,0.739158529393946,26,0,3,23,22,3,3,16,20,4,5,11,24,3,3,18
220,4,0.0869565217391304,0.173913043478261,0.739130434782609,0.0237626876423009,0.0643901030377706,0.0321950515188853,0.0625159162575119,0.206108094997146,0.731375988745342,0.033060556724869,0.0903223048333972,0.0451611524166985,0.0417953693224319,0.18601252476603,0.772192105911538,0.0316006348251332,0.0888020357369294,0.0444010178684648,0.0691505993850372,0.218314061346726,0.712535339268237,0.0193719204403511,0.0521739130434783,0.0260869565217391,0.0666666666666667,0.2,0.733333333333333,0.0237277178555711,0.0636523825586462,0.0318261912793231,0.0618332657621384,0.205739234757584,0.732427499480278,28,0,6,22,27,1,4,22,25,5,7,13,25,1,4,20
220,5,0.0869565217391304,0.173913043478261,0.739130434782609,0.101624193542594,0.257115277841381,0.12855763892069,0.215514160659821,0.16527517275288,0.619210666587299,0.0835740759880426,0.225836181243559,0.112918090621779,0.19987461236091,0.147687553592286,0.652437834046804,0.106376673362363,0.274090808078522,0.137045404039261,0.224001925778392,0.159129646229449,0.61686842799216,0.129230999532152,0.331350114416476,0.165675057208238,0.252631578947368,0.157894736842105,0.589473684210526,0.106897131933145,0.2666502500335,0.13332512501675,0.22028164675588,0.168965985527084,0.610752367717036,28,13,4,11,21,8,0,13,24,0,8,16,22,3,3,16
221,1,0.0434782608695652,0.217391304347826,0.739130434782609,0.10132823426683,0.279980666740469,0.139990333370235,4.10280576524742e-09,0.120879227744351,0.879120768152843,0.101320542617585,0.279960890952533,0.139980445476267,1.08547582872518e-08,0.120889108886367,0.879110880258875,0.0800171800364643,0.224434945667001,0.112217472833501,9.43400377329163e-07,0.148651148983513,0.851347907616109,0.101328319885024,0.279980888676541,0.13999044433827,0,0.120879120879121,0.879120879120879,0.101327930920657,0.279979699623147,0.139989849811573,4.21763162642438e-07,0.120879293642655,0.879120284594182,17,0,2,15,24,0,4,20,26,0,2,24,24,0,3,21
221,2,0.0434782608695652,0.217391304347826,0.739130434782609,0.0431067757924983,0.121722079592603,0.0608610397963015,0.0100077483691484,0.190000777051941,0.79999147457891,0.0215435992881582,0.0606570639741188,0.0303285319870594,0.0131497288825058,0.23507054868431,0.751779722433184,0.0295608343998023,0.0826846572389798,0.0413423286194899,0.0174337090009909,0.202093527596911,0.780472763402099,0.0431129581235161,0.121739130434783,0.0608695652173914,0.01,0.19,0.8,0.0431118080989715,0.121735911892941,0.0608679559464708,0.0100011019096497,0.190000507361271,0.799998390729079,23,1,6,16,26,0,2,24,26,0,4,22,25,0,7,18
221,3,0.0434782608695652,0.217391304347826,0.739130434782609,0.0384554637947715,0.104162883476741,0.0520814417383706,0.030997651111503,0.269472746086197,0.6995296028023,0.200039694046055,0.512965842232764,0.256482921116382,0.0186108888092408,0.473874225464208,0.507514885726551,0.0423511934019064,0.118976015613789,0.0594880078068943,0.0197607044456603,0.27687931215472,0.703359983399619,0.0621247398531965,0.173913043478261,0.0869565217391305,0.0108695652173913,0.304347826086957,0.684782608695652,0.0421511545205637,0.113620122028356,0.0568100610141781,0.0307110840131112,0.274201365362004,0.695087550624885,24,1,12,11,26,0,5,21,22,0,11,11,20,0,0,20
221,4,0.0434782608695652,0.217391304347826,0.739130434782609,0.128266577895584,0.347219696699719,0.173609848349859,0.0847509116055358,0.0437814559979667,0.871467632396498,0.136283248151301,0.381676222366437,0.190838111183219,0.115545719513218,0.0265531931646075,0.857901087322175,0.134853071339727,0.352066163779241,0.17603308188962,0.0679551147285248,0.0413582224582058,0.890686662813269,0.108308201799357,0.282883874518437,0.141441937259218,0.0632911392405063,0.0759493670886076,0.860759493670886,0.127094144039134,0.343314064443685,0.171657032221843,0.0831572413365363,0.0457342721259835,0.87110848653748,22,0,6,16,17,3,0,14,19,2,0,17,21,0,0,21
221,5,0.0434782608695652,0.217391304347826,0.739130434782609,0.0334293300672506,0.094547372703445,0.0472736863517226,0.0194182189732422,0.194177659892427,0.786404121134331,0.0301871602887003,0.0852452783458645,0.0426226391729323,0.0200741102115508,0.198172815832908,0.781753073955541,0.013834083737641,0.0391277907217959,0.019563895360898,0.033580952793094,0.207724717063399,0.758694330143507,0.0334318988391682,0.0945546644153652,0.0472773322076826,0.0194174757281553,0.194174757281553,0.786407766990291,0.0334346757648699,0.0945626123470941,0.0472813061735471,0.0194194210476519,0.194168837996192,0.786411740956156,31,0,8,23,24,1,6,17,22,0,3,19,26,1,3,22
222,1,0.173913043478261,0.0434782608695652,0.782608695652174,0.0344395716553238,0.0865013072059186,0.0432506536029593,0.130662389875302,0.0457086948925094,0.823628915232189,0.0328447463256215,0.0857416349911941,0.0428708174955971,0.131042225982664,0.0494302656881224,0.819527508329214,0.0268896509215637,0.0679458521812733,0.0339729260906367,0.139940117387624,0.0456674197801626,0.814392462832213,0.0416136398558716,0.107826086956522,0.0539130434782609,0.12,0.05,0.83,0.0382408854865476,0.0955770970337917,0.0477885485168958,0.128093009092075,0.0415097467388548,0.83039724416907,22,2,1,19,27,6,0,21,32,2,0,30,19,2,4,13
222,2,0.173913043478261,0.0434782608695652,0.782608695652174,0.029049137123435,0.0776375649301475,0.0388187824650736,0.142858689928432,0.0357138319543205,0.821427478117248,0.0256300241594449,0.0675331423732126,0.0337665711866063,0.145618745206607,0.0380059879546128,0.81637526683878,0.00932387386228531,0.0252949876230347,0.0126474938115174,0.161265549666744,0.053031963025081,0.785702487308175,0.0290501349904809,0.077639751552795,0.0388198757763975,0.142857142857143,0.0357142857142857,0.821428571428571,0.0290498702869329,0.077639074052097,0.0388195370260485,0.142857455786498,0.0357143115352798,0.821428232678222,22,3,1,18,30,6,1,23,30,4,0,26,30,3,2,25
222,3,0.173913043478261,0.0434782608695652,0.782608695652174,0.0186654251406976,0.0522861381589432,0.0261430690794716,0.147769974398789,0.0533871860666913,0.798842839534519,0.117835249331669,0.320635394781507,0.160317697390754,0.293459655566347,0.0842493461722329,0.62229099826142,0.0215779987274771,0.0554999687695326,0.0277499843847663,0.146163059093495,0.0463592174694816,0.807477723437024,0.0172618776656836,0.0484189723320157,0.0242094861660078,0.159090909090909,0.0340909090909091,0.806818181818182,0.019455680702764,0.0523109621400489,0.0261554810700244,0.147757562408236,0.0491598284138647,0.803082609177899,18,7,2,9,19,1,1,17,20,0,0,20,31,6,0,25
222,4,0.173913043478261,0.0434782608695652,0.782608695652174,0.0480201433491659,0.134719964275729,0.0673599821378645,0.1327580369778,0.0172732852321614,0.849968677790038,0.0294349218680963,0.0830351773154414,0.0415175886577207,0.150539041297693,0.0253346743924122,0.824126284309895,0.042565461303825,0.119476886920521,0.0597384434602607,0.137623812112619,0.0200290487749467,0.842347139112435,0.0447193799327038,0.125691699604743,0.0628458498023715,0.136363636363636,0.0181818181818182,0.845454545454545,0.0456353991046751,0.128092136937991,0.0640460684689954,0.135000864709568,0.0183443711692632,0.846654764121169,29,4,0,25,32,4,2,26,27,7,0,20,22,0,0,22
222,5,0.173913043478261,0.0434782608695652,0.782608695652174,0.205895041522392,0.555568140516289,0.277784070258145,0.388410368887678,0.106765005718293,0.504824625394029,0.209698795058665,0.559453464598075,0.279726732299038,0.399070567701829,0.0980474689450344,0.502881963353136,0.210858384553619,0.574744552938812,0.287372276469406,0.386554011438201,0.118209569379031,0.495236419182768,0.205863722711028,0.55550865344027,0.277754326720135,0.388349514563107,0.106796116504854,0.504854368932039,0.20586800347908,0.55551954977461,0.277759774887305,0.388354712767031,0.1067963664681,0.504848920764869,27,12,1,14,22,9,1,12,22,10,3,9,32,9,6,17
223,1,0.130434782608696,0.0869565217391304,0.782608695652174,0.040395422645299,0.109355666103607,0.0546778330518035,0.0757569495568922,0.0999623930335459,0.824280657409562,0.0631625966714819,0.17193445591593,0.0859672279579651,0.108463003755277,0.172923749697096,0.718613246547627,0.0409035753251818,0.106993046761611,0.0534965233808053,0.0769382592278903,0.0946457907699132,0.828415950002196,0.0317394666351475,0.080689385037211,0.0403446925186056,0.0900900900900901,0.0900900900900901,0.81981981981982,0.0390310478185207,0.105321780436538,0.0526608902182692,0.0777738923904265,0.0989601730065843,0.823265934602989,30,6,0,24,30,4,6,20,34,0,2,32,17,0,2,15
223,2,0.130434782608696,0.0869565217391304,0.782608695652174,0.085894876432277,0.241626494698294,0.120813247349147,0.0809832556789977,0.207769769088277,0.711246975232725,0.168716424830872,0.47016833860895,0.235084169304475,0.0482398763217188,0.322040691043605,0.629719432634676,0.0810430943156294,0.228869486064553,0.114434743032277,0.0787393577357815,0.201391264771407,0.719869377492812,0.0900710354685221,0.239130434782609,0.119565217391304,0.108695652173913,0.206521739130435,0.684782608695652,0.0881277498884298,0.245146707591792,0.122573353795896,0.0886821824745989,0.209529875535026,0.701787941990375,19,0,6,13,24,1,9,14,21,0,0,21,28,9,4,15
223,3,0.130434782608696,0.0869565217391304,0.782608695652174,0.089580077745663,0.221347779281071,0.110673889640536,0.241108672249231,0.0850082752290333,0.673883052521735,0.112489226534149,0.301800403510657,0.150900201755328,0.249503525854362,0.118787980248793,0.631708493896845,0.0993979830491305,0.247855599206456,0.123927799603228,0.249856179009791,0.0914629249412628,0.658680896048946,0.0896034778068734,0.219899665551839,0.10994983277592,0.240384615384615,0.0865384615384615,0.673076923076923,0.0899616242418701,0.222118019798733,0.111059009899366,0.241493792508062,0.0851770213892841,0.673329186102654,32,9,4,19,23,8,0,15,23,5,4,14,26,3,1,22
223,4,0.130434782608696,0.0869565217391304,0.782608695652174,0.204336390936577,0.571023238109504,0.285511619054752,0.311821894599611,0.191081028802967,0.497097076597422,0.272153386956258,0.748295196233019,0.37414759811651,0.239333264811954,0.352205637652382,0.408461097535664,0.188968346952379,0.530550205658605,0.265275102829303,0.291097217413812,0.191569189763317,0.517333592822871,0.201388988653022,0.565217391304348,0.282608695652174,0.302325581395349,0.197674418604651,0.5,0.20049711475434,0.563540001915735,0.281770000957868,0.298758614283129,0.200402691022565,0.500838694694306,25,5,11,9,19,14,2,3,19,6,0,13,23,1,4,18
223,5,0.130434782608696,0.0869565217391304,0.782608695652174,0.0479429198997021,0.117839691455816,0.0589198457279079,0.130840890106789,0.0280366760112225,0.841122433881989,0.0383451028499626,0.106803784854815,0.0534018924274074,0.148968796550119,0.033554629311723,0.817476574138158,0.0349118973027322,0.0984615289187259,0.049230764459363,0.151808293006422,0.0377257572797675,0.81046594971381,0.0479422490291722,0.117838277123121,0.0589191385615603,0.130841121495327,0.0280373831775701,0.841121495327103,0.047948029695876,0.117854103277645,0.0589270516388227,0.13084280522404,0.0280294701003078,0.841127724675652,29,4,0,25,24,4,1,19,26,4,2,20,28,2,0,26
224,1,0.0869565217391304,0.130434782608696,0.782608695652174,0.0176367394939181,0.0459895548912791,0.0229947774456395,0.0670918139932527,0.127304712908934,0.805603473097813,0.674921208836819,1.73329401375391,0.866647006876954,1.37568694960599e-07,0.99708178948565,0.00291807294565547,0.0246304057343124,0.0651672588554136,0.0325836294277068,0.0600009529984961,0.124806721921623,0.815192325079881,0.0281234115283412,0.0747826086956521,0.037391304347826,0.08,0.1,0.82,0.0268610971224584,0.0727989995349593,0.0363994997674796,0.0593448049811845,0.121646999599162,0.819008195419654,28,2,1,25,28,0,3,25,18,6,2,10,26,0,4,22
224,2,0.0869565217391304,0.130434782608696,0.782608695652174,0.0270805887472275,0.0690554792829931,0.0345277396414965,0.121484261380627,0.0988212149938657,0.779694523625507,0.0432905474510246,0.117882979070198,0.0589414895350988,0.102090849365288,0.174241944517637,0.723667206117075,0.0339761718786248,0.094890686261949,0.0474453431309745,0.134401864870105,0.10013374158894,0.765464393540955,0.0162913990795278,0.0458671763019589,0.0229335881509795,0.10989010989011,0.120879120879121,0.769230769230769,0.0271152627149452,0.0739464127273654,0.0369732063636828,0.123929728102813,0.103139506624318,0.772930765272869,16,1,0,15,25,2,5,18,26,2,6,18,24,5,0,19
224,3,0.0869565217391304,0.130434782608696,0.782608695652174,0.0138842798207962,0.0362907885646129,0.0181453942823064,0.0713862605184177,0.127859649547102,0.80075408993448,0.0169076093961693,0.0428488858608287,0.0214244429304143,0.0854391802123026,0.15185922553911,0.762701594248587,0.00634918414548288,0.0172838876174573,0.00864194380872871,0.0783145779304017,0.132644874512928,0.789040547556671,0.0234809445594487,0.0652173913043477,0.0326086956521738,0.0652173913043478,0.119565217391304,0.815217391304348,0.0220348476339234,0.0615314567888616,0.0307657283944308,0.0672836420821045,0.119341933871291,0.813374424046605,22,1,3,18,16,2,5,9,22,3,1,18,32,0,2,30
224,4,0.0869565217391304,0.130434782608696,0.782608695652174,0.0482578665431115,0.135716620162569,0.0678583100812845,0.0467289669316176,0.102804027334924,0.850467005733458,0.038765066889176,0.108265321045035,0.0541326605225173,0.0523843993845045,0.110874244440804,0.836741356174691,0.0215226916214047,0.0567307986324155,0.0283653993162077,0.063213881015874,0.125812024015744,0.810974094968382,0.0482580534157804,0.135717188134904,0.0678585940674522,0.0467289719626168,0.102803738317757,0.850467289719626,0.0482591706724125,0.135721893208629,0.0678609466043145,0.0467339680609501,0.102796389682561,0.850469642256488,25,2,3,20,26,1,2,23,26,0,2,24,30,2,4,24
224,5,0.0869565217391304,0.130434782608696,0.782608695652174,0.0249794192942781,0.0680759633259435,0.0340379816629718,0.0617510215384183,0.164472764271667,0.773776214189914,0.0469063275913808,0.129201262697221,0.0646006313486106,0.0416034602163236,0.195035413957306,0.76336112582637,0.0258932921812834,0.0653897259316135,0.0326948629658068,0.0542616587733237,0.161064312036695,0.784674029189982,0.0190788979244328,0.0539452495974236,0.0269726247987118,0.0740740740740741,0.157407407407407,0.768518518518518,0.0270976050597079,0.0746597508721173,0.0373298754360586,0.0607895443048562,0.167764658044754,0.771445797650389,27,0,7,20,32,1,5,26,26,7,5,14,23,0,0,23
225,1,0.0434782608695652,0.173913043478261,0.782608695652174,0.0868427563018525,0.244822763298102,0.122411381649051,0.0960765876822575,0.243726098314619,0.660197314003123,0.0926429657263516,0.260222359678847,0.130111179839424,0.0952150930222863,0.252287391164963,0.65249751581275,0.0715111556081143,0.197480336952974,0.0987401684764869,0.0739128648778767,0.242218607946436,0.683868527175687,0.0887501943050321,0.225011205737338,0.112505602868669,0.0515463917525773,0.278350515463918,0.670103092783505,0.0906535418314358,0.255183254466538,0.127591627233269,0.0964398940903093,0.248543037490786,0.655017068418905,27,1,18,8,21,2,6,13,26,0,1,25,23,2,2,19
225,2,0.0434782608695652,0.173913043478261,0.782608695652174,0.0286751384218507,0.0707131134524096,0.0353565567262049,0.0439568076179464,0.208791053456084,0.747252138925969,0.0641684556546783,0.167645096482829,0.0838225482414144,0.0552777207573763,0.245936131831864,0.69878614741076,0.050087694832209,0.138520999507164,0.0692604997535818,0.0652475955059925,0.221404208595415,0.713348195898592,0.0286749471344934,0.0707118967988534,0.0353559483994267,0.043956043956044,0.208791208791209,0.747252747252747,0.0286697736079442,0.0707049037911189,0.0353524518955595,0.0439618434247402,0.208781912818645,0.747256243756614,20,1,6,13,27,2,5,20,27,0,3,24,17,1,5,11
225,3,0.0434782608695652,0.173913043478261,0.782608695652174,0.0586255575135075,0.165751234346445,0.0828756171732227,1.322745025774e-06,0.134514364429578,0.865484312825397,0.0315005656513879,0.0869564999776523,0.0434782499888262,1.08807390577122e-08,0.20405810613411,0.795941882985151,0.0712477446281155,0.200914764711524,0.100457382355762,2.15583040762846e-06,0.116931766161656,0.883066078007936,0.0617952388440511,0.174782608695652,0.087391304347826,0,0.13,0.87,0.0632319843694937,0.178824529333742,0.0894122646668711,1.34223271626255e-06,0.127977697448239,0.872020960319045,21,0,0,21,30,0,1,29,29,0,5,24,20,0,7,13
225,4,0.0434782608695652,0.173913043478261,0.782608695652174,0.0570018380181244,0.154646260942581,0.0773231304712905,0.101879745729074,0.192834689090043,0.705285565180883,0.130374840337485,0.336733228976904,0.168366614488452,0.211844875358017,0.154813611608892,0.633341513033091,0.0547422424477823,0.142372657446316,0.0711863287231579,0.10542383716073,0.183153795910254,0.711422366929016,0.0705942410817345,0.179710144927536,0.0898550724637681,0.133333333333333,0.166666666666667,0.7,0.0563326239102245,0.149805308195661,0.0749026540978304,0.104429398167539,0.187864560278117,0.707706041554344,24,0,2,22,23,6,2,15,19,0,7,12,24,6,4,14
225,5,0.0434782608695652,0.173913043478261,0.782608695652174,0.0462405056915376,0.120987460720247,0.0604937303601237,0.0522156399969301,0.113419313118137,0.834365046884933,0.198335731364509,0.553703648599913,0.276851824299956,0.22089640353001,0.273346725117773,0.505756871352218,0.0867792975217368,0.223543873255724,0.111771936627862,0.0314813043284241,0.07413806339154,0.894380632280036,0.0703232986765295,0.185035389282103,0.0925176946410516,0.0581395348837209,0.0813953488372093,0.86046511627907,0.0574251730984774,0.142473859977041,0.0712369299885207,0.0453261674964681,0.10267611348974,0.851997719013792,31,0,2,29,22,0,0,22,17,5,5,7,16,0,0,16
226,1,0.130434782608696,0.0434782608695652,0.826086956521739,0.0450584424167619,0.119076863447696,0.0595384317238481,0.189973214332544,0.0333756718265818,0.776651113840874,0.0625431722039787,0.172423598180554,0.0862117990902769,0.216646581698973,0.0174930171885604,0.765860401112467,0.0393318520834388,0.103141953954504,0.0515709769772517,0.182005759585947,0.0357431915638582,0.782251048850194,0.0430246941694044,0.121561668145519,0.0607808340727596,0.163265306122449,0.0714285714285714,0.76530612244898,0.0453348420528103,0.117972612940158,0.0589863064700788,0.189421089078774,0.0357413387578924,0.774837572163333,21,2,0,19,28,2,7,19,29,6,0,23,20,6,0,14
226,2,0.130434782608696,0.0434782608695652,0.826086956521739,0.0859772452272046,0.219328100706504,0.109664050353252,0.23074732108913,0.052829772742383,0.716422906168487,0.399283418633213,1.04037122961091,0.520185614805453,0.580780230479941,0.113318427803773,0.305901341716286,0.0495762888810367,0.133908564849589,0.0669542824247946,0.19738906503349,0.02801654853243,0.77459438643408,0.0895169885483204,0.225111743193824,0.112555871596912,0.242990654205607,0.0373831775700935,0.719626168224299,0.0870700938308894,0.22212388060996,0.11106194030498,0.232017201395833,0.0529577823874076,0.715025016216759,25,1,0,24,28,0,0,28,27,17,4,6,27,8,0,19
226,3,0.130434782608696,0.0434782608695652,0.826086956521739,0.00840540421436226,0.0213290095346366,0.0106645047673183,0.131219784882551,0.0328137561022469,0.835966459015202,0.00652034459957778,0.0179776310333636,0.00898881551668185,0.13671054862723,0.0461913103677126,0.817098141005057,0.0307024429170307,0.0858862102332582,0.0429431051166291,0.103406495954089,0.0275634424075429,0.869030061638368,0.0176012334555924,0.0472773322076825,0.0236386661038413,0.106796116504854,0.0485436893203883,0.844660194174757,0.0147370404252332,0.041421456734437,0.0207107283672184,0.122096802527558,0.031105512583484,0.846797684888958,22,8,0,14,27,1,0,26,30,1,0,29,24,1,5,18
226,4,0.130434782608696,0.0434782608695652,0.826086956521739,0.0326874227928311,0.0922925672423056,0.0461462836211528,0.104996943307311,0.0227698165497976,0.872233240142892,0.0135698890101718,0.0343245977426464,0.0171622988713232,0.13157923555256,0.026315961998242,0.842104802449198,0.0195172494602218,0.0526185525016318,0.0263092762508159,0.110051657289726,0.0375521099377189,0.852396232772555,0.0317378033099921,0.0897615708274895,0.0448807854137447,0.10752688172043,0.021505376344086,0.870967741935484,0.0317204923187188,0.0894238298856755,0.0447119149428378,0.104929548074016,0.0242715804614067,0.870798871464577,24,3,0,21,23,1,1,21,28,6,1,21,18,0,0,18
226,5,0.130434782608696,0.0434782608695652,0.826086956521739,0.0611104756313433,0.15748263646306,0.07874131823153,0.0602162880712321,0.0349554371754988,0.904828274753269,0.108604461746071,0.303039504906591,0.151519752453296,0.0764399501242456,0.194998013322861,0.728562036552894,0.0759909129728634,0.196345350946654,0.0981726754733271,0.0434865560591301,0.0322538119458038,0.924259631995066,0.0706493896405648,0.192493496841323,0.0962467484206615,0.0341880341880342,0.0683760683760684,0.897435897435897,0.0579586169664361,0.14777781679898,0.07388890839949,0.0627637302789606,0.0372604047998102,0.899975864921229,40,0,0,40,33,2,8,23,16,0,0,16,28,2,0,26
227,1,0.0869565217391304,0.0869565217391304,0.826086956521739,0.0761355375335874,0.208282964079118,0.104141482039559,0.16270940586813,0.11534511964969,0.72194547448218,0.0807224470991146,0.204147359005147,0.102073679502574,0.182264042116634,0.0937226808642011,0.724013277019165,0.0635450316180698,0.168173701837441,0.0840868509187205,0.156459147695626,0.101540746701355,0.742000105603019,0.066044334065756,0.174901185770751,0.0874505928853755,0.159090909090909,0.102272727272727,0.738636363636364,0.0720277100922557,0.19489343368615,0.0974467168430748,0.161372088397412,0.109987671923923,0.728640239678664,26,5,1,20,21,7,6,8,24,0,0,24,17,2,2,13
227,2,0.0869565217391304,0.0869565217391304,0.826086956521739,0.0679571126318076,0.18997504919263,0.094987524596315,0.12179005638623,0.147110511688346,0.731099431925424,0.126431049200849,0.322579009754186,0.161289504877093,0.100769492700463,0.234433055654891,0.664797451644646,0.0696855727424529,0.191793444467903,0.0958967222339514,0.115233010264667,0.154576755447545,0.730190234287788,0.0792638474333357,0.22007514761138,0.11003757380569,0.123456790123457,0.160493827160494,0.716049382716049,0.0737337374412044,0.204018877000987,0.102009438500493,0.119238209766222,0.156684272212532,0.724077518021246,18,7,1,10,18,1,0,17,27,2,8,17,18,0,4,14
227,3,0.0869565217391304,0.0869565217391304,0.826086956521739,0.0184042086652698,0.0492574471792186,0.0246287235896092,0.0623277981495212,0.0919810395265401,0.845691162323939,0.0245192146575679,0.0691604445759454,0.0345802222879728,0.0674428996278595,0.0718899215624287,0.860667178809712,0.0179488463807935,0.0506538115373157,0.0253269057686579,0.0616296159704726,0.0981528302061877,0.84021755382334,0.0153216532362371,0.04170363797693,0.020851818988465,0.0714285714285714,0.0816326530612245,0.846938775510204,0.0203457423361166,0.053708052679421,0.0268540263397105,0.06010249539942,0.0914353619769802,0.8484621426236,23,0,1,22,29,2,1,26,21,5,1,15,25,0,5,20
227,4,0.0869565217391304,0.0869565217391304,0.826086956521739,0.0309066544490498,0.082085550780327,0.0410427753901635,0.120495200821206,0.0459137463489669,0.833591052829827,0.0466064085485138,0.116155584665258,0.0580777923326289,0.145034314071759,0.0309275624937402,0.8240381234345,0.0328271405593249,0.0822313281875374,0.0411156640937687,0.128072185832899,0.0477289719507054,0.824198842216395,0.0232520597072362,0.0628019323671498,0.0314009661835749,0.111111111111111,0.0555555555555556,0.833333333333333,0.0310456915980754,0.0835141134241365,0.0417570567120683,0.119582969539179,0.0451994650270622,0.835217565433759,29,4,0,25,28,2,0,26,25,5,1,19,26,1,5,20
227,5,0.0869565217391304,0.0869565217391304,0.826086956521739,0.0685368260923143,0.192811516206282,0.0964057581031412,0.0300707773983151,0.0474365079768046,0.92249271462488,0.0251115860420205,0.0633546499214124,0.0316773249607062,0.0572146962079078,0.0850210223096468,0.857764281482445,0.0574766338523019,0.161832483801883,0.0809162419009414,0.039807623109001,0.0531891784683186,0.907003198422681,0.0685143107696801,0.192486281131279,0.0962431405656395,0.029126213592233,0.0485436893203883,0.922330097087379,0.0682689192502715,0.192080731552084,0.0960403657760421,0.0303833212781611,0.0474893564240575,0.922127322297781,33,0,2,31,26,1,0,25,19,0,0,19,25,2,3,20
228,1,0.0434782608695652,0.130434782608696,0.826086956521739,0.0199017629940089,0.0516038484076643,0.0258019242038321,0.0208399589903112,0.156236706812528,0.822923334197161,0.0432497596093725,0.119004366043747,0.0595021830218734,0.0259921692007148,0.189936965630569,0.784070865168716,0.0273925583432811,0.0732242093816673,0.0366121046908337,0.0361354982432824,0.167046887299529,0.796817614457188,0.0199103735930684,0.0516304347826087,0.0258152173913044,0.0208333333333333,0.15625,0.822916666666667,0.0199083965555968,0.0516256594387535,0.0258128297193767,0.0208358434148078,0.156247612328072,0.82291654425712,29,1,8,20,21,0,1,20,23,1,3,19,23,0,3,20
228,2,0.0434782608695652,0.130434782608696,0.826086956521739,0.0308605214237319,0.0855643326820621,0.042782166341031,0.0862604272105962,0.11651513545766,0.797224437331743,0.13056798438214,0.365649070768171,0.182824535384085,0.112454179379594,0.244283399482752,0.643262421137654,0.01990723845429,0.0554719909399876,0.0277359954699938,0.0615275419937032,0.102698787138702,0.835773670867595,0.0153718865475336,0.0434782608695652,0.0217391304347826,0.0543478260869565,0.141304347826087,0.804347826086957,0.0287501306246181,0.0812580072917453,0.0406290036458726,0.0841072645154378,0.111468636620343,0.804424098864219,24,3,4,17,21,2,9,10,31,0,0,31,16,0,0,16
228,3,0.0434782608695652,0.130434782608696,0.826086956521739,0.0657106641541301,0.185732507589154,0.0928662537945772,3.67942037310393e-09,0.223301036403273,0.776698959917307,0.06653965852555,0.18802610565978,0.0940130528298903,6.93939205340452e-11,0.224447835438586,0.77555216449202,0.078364676515367,0.220042557281195,0.110021278640598,1.1584201987956e-06,0.240456061249293,0.759542780330508,0.0657106167564901,0.185732376530182,0.0928661882650908,0,0.223300970873786,0.776699029126214,0.0657105984552773,0.185732325530115,0.0928661627650575,3.33904898881073e-09,0.223300945373753,0.776699051287198,29,0,8,21,27,0,7,20,26,0,5,21,21,0,3,18
228,4,0.0434782608695652,0.130434782608696,0.826086956521739,0.0404289077903203,0.103806870137839,0.0519034350689194,0.0953816959384846,0.125250105034524,0.779368199026992,0.0218925869915323,0.056590907678659,0.0282954538393295,0.0685096230639207,0.13369887425367,0.79779150268241,0.0509733232678292,0.127248011084632,0.0636240055423158,0.104640033086384,0.132897015934193,0.762462950979423,0.0419409750394841,0.11371237458194,0.0568561872909699,0.0865384615384615,0.144230769230769,0.769230769230769,0.0436939666262151,0.108895128589993,0.0544475642949966,0.0960070056935002,0.132353602079757,0.771639392226742,24,1,3,20,26,5,0,21,33,2,10,21,21,1,2,18
228,5,0.0434782608695652,0.130434782608696,0.826086956521739,0.0193596101259255,0.0499512041855959,0.0249756020927979,0.0212767462480999,0.127660695137363,0.851062558614537,0.0193603084056789,0.0499539567021642,0.0249769783510821,0.0212766245891111,0.127659440538068,0.851063934872821,0.0170188962629091,0.0469128314111,0.02345641570555,0.0364203492277185,0.153891198314246,0.809688452458036,0.0193602678413102,0.0499537465309898,0.0249768732654949,0.0212765957446809,0.127659574468085,0.851063829787234,0.019358217315875,0.0499471959818859,0.024973597990943,0.0212780474891805,0.127661397998137,0.851060554512682,18,1,2,15,24,0,3,21,27,0,4,23,25,1,3,21
229,1,0.0869565217391304,0.0434782608695652,0.869565217391304,0.0417369567028179,0.112622302135974,0.0563111510679869,0.143267672807117,1.0982354013874e-06,0.856731228957481,0.0307459671462888,0.0869561597016646,0.0434780798508323,0.108232773371163,1.81018732959798e-07,0.891767045610105,0.0464282779385407,0.12869881196215,0.0643494059810751,0.151305927720205,1.21516082693039e-06,0.848692857118968,0.0469618891188975,0.130434782608696,0.0652173913043478,0.152173913043478,0,0.847826086956522,0.046801212649372,0.129914005359049,0.0649570026795245,0.151913524418655,1.07277424950367e-06,0.848085402807096,14,1,0,13,18,2,0,16,30,10,0,20,30,1,0,29
229,2,0.0869565217391304,0.0434782608695652,0.869565217391304,0.0168955320635755,0.0438794560324864,0.0219397280162432,0.0677906369588955,0.040704417633557,0.891504945407548,0.024857228289756,0.0702422281925979,0.0351211140962989,0.0518354076428315,0.0597337486285078,0.888430843728661,0.011640520228088,0.0309319571676301,0.015465978583815,0.0714905431553154,0.0463270719701574,0.882182384874527,0.0162254550465136,0.0430477830391735,0.0215238915195868,0.0693069306930693,0.0396039603960396,0.891089108910891,0.0176403618859121,0.0443922829118521,0.0221961414559261,0.0659957926702179,0.0422428484825517,0.89176135884723,22,0,0,22,29,1,3,25,22,5,0,17,28,1,1,26
229,3,0.0869565217391304,0.0434782608695652,0.869565217391304,0.0135511483027261,0.0367547574571458,0.0183773787285729,0.0824746777922826,0.0618556395981381,0.855669682609579,0.0135509322542371,0.0367532875388891,0.0183766437694446,0.0824762642408185,0.0618549046390098,0.855668831120172,0.046857402019112,0.129317912464208,0.0646589562321042,0.106722611769075,0.0883711270717251,0.8049062611592,0.0135510680930802,0.0367548184670552,0.0183774092335276,0.0824742268041237,0.0618556701030928,0.855670103092783,0.0135520592135469,0.0367570220957227,0.0183785110478613,0.0824747296658228,0.0618567719174266,0.855668498416751,28,3,1,24,22,2,2,18,20,2,1,17,27,1,2,24
229,4,0.0869565217391304,0.0434782608695652,0.869565217391304,0.0526390946486241,0.148719308138595,0.0743596540692977,0.0467282831244947,0.00934684541490334,0.943924871460602,0.0437613496385657,0.12377543861742,0.06188771930871,0.0558852558136008,0.0126618074863849,0.931452936700014,0.0383929912472362,0.108591673494123,0.0542958367470616,0.0597434165735454,0.0163955292880888,0.923861054138366,0.0526393168840469,0.148720032507111,0.0743600162535555,0.0467289719626168,0.00934579439252336,0.94392523364486,0.0526408836994106,0.14871479648049,0.0743573982402452,0.0466430259448214,0.00943435842362919,0.94392261563155,26,0,0,26,32,1,1,30,22,3,0,19,27,1,0,26
229,5,0.0869565217391304,0.0434782608695652,0.869565217391304,0.00910048337784659,0.0225081576111618,0.0112540788055809,0.0867366515813354,0.0547323396751462,0.858531008743519,0.0320169004449256,0.090545315190623,0.0452726575953115,0.108950412334562,0.0667570278694447,0.824292559795993,0.0291084701902937,0.0782336341514575,0.0391168170757287,0.0954081520930745,0.07414344759135,0.830448400315576,0.00887496283617091,0.0217391304347825,0.0108695652173913,0.0869565217391304,0.0543478260869565,0.858695652173913,0.00887653911990811,0.0217441438536641,0.010872071926832,0.0869553693194743,0.0543503327963972,0.858694297884128,22,4,2,16,17,1,1,15,26,0,2,24,27,3,0,24
230,1,0.0434782608695652,0.0869565217391304,0.869565217391304,0.00989891370753785,0.0271264207134766,0.0135632103567382,0.0472578279905354,0.0967401649748986,0.856002007034566,0.0747743797010803,0.211259778577572,0.105629889288786,0.0919854617714553,0.144079210126026,0.763935328102518,0.000773332330202262,0.00207173952944385,0.00103586976472188,0.0432641264353693,0.0879923915038523,0.868743482060778,0.00274517527187674,0.00774860094705124,0.00387430047352561,0.0396039603960396,0.0891089108910891,0.871287128712871,0.00061357504257472,0.00171731111952457,0.000858655559762236,0.042619605309803,0.0872774776058013,0.870102917084396,19,3,3,13,32,1,1,30,28,0,0,28,22,0,5,17
230,2,0.0434782608695652,0.0869565217391304,0.869565217391304,0.0602031414858331,0.170267264048633,0.0851336320243165,2.65945585821391e-06,0.045298491128521,0.954698849415621,0.0564405064997336,0.159419483935222,0.0797097419676112,8.9829479155096e-06,0.166666263706742,0.833324753345343,0.0697649426461448,0.196879040451078,0.0984395202255388,1.44855320227968e-07,0.0319951175278366,0.968004737616843,0.0627728936952468,0.177536231884058,0.088768115942029,0,0.0416666666666667,0.958333333333333,0.0640287535742056,0.181053679275063,0.0905268396375317,1.01162775506618e-06,0.039906931343409,0.960092057028836,25,0,0,25,15,0,3,12,14,0,0,14,18,0,0,18
230,3,0.0434782608695652,0.0869565217391304,0.869565217391304,0.147724558803491,0.383577341122106,0.191788670561053,0.211112733408443,0.111110719761306,0.677776546830251,0.163368065299551,0.442923768345263,0.221461884172631,0.211215014357952,0.140681652423375,0.648103333218673,0.164561265051828,0.429432543392694,0.214716271696347,0.228575106089598,0.116575948215444,0.654848945694957,0.147723433777838,0.383574879227053,0.191787439613527,0.211111111111111,0.111111111111111,0.677777777777778,0.14770374965246,0.383507999106832,0.191753999553416,0.211100638431508,0.111088143730604,0.677811217837888,22,4,4,14,26,6,0,20,20,6,3,11,22,3,3,16
230,4,0.0434782608695652,0.0869565217391304,0.869565217391304,0.0162856318346,0.0407619047586673,0.0203809523793336,0.0629582629600359,0.0665755693597968,0.870466167680167,0.0723462176261175,0.193474587988662,0.0967372939943312,0.062995828680692,0.164176247922335,0.772827923396973,0.0155422371541883,0.0406139577981484,0.0203069788990742,0.0609160937781906,0.0666495428400562,0.872434363381753,0.01326445016486,0.0365002683843264,0.0182501341921632,0.0617283950617284,0.0740740740740741,0.864197530864197,0.0156192994206302,0.0402159439578363,0.0201079719789182,0.0635862328484834,0.0689844634616564,0.86742930368986,20,0,1,19,19,0,0,19,20,4,0,16,22,1,5,16
230,5,0.0434782608695652,0.0869565217391304,0.869565217391304,0.013313057851815,0.0329733210247389,0.0164866605123695,0.0431088612017885,0.1034431822515,0.853447956546712,0.0101748173617199,0.0286998366141721,0.0143499183070861,0.0497311322010969,0.0950535687146848,0.855215299084218,0.0298541110716077,0.0835672039238401,0.04178360196192,0.0591260293249105,0.113092355245705,0.827781615429384,0.0133150822101436,0.032983508245877,0.0164917541229385,0.0431034482758621,0.103448275862069,0.853448275862069,0.0133004527333203,0.0329472973338587,0.0164736486669293,0.0431038305141369,0.10343017040606,0.853465999079803,24,1,1,22,31,2,1,28,28,2,5,21,33,0,5,28
231,1,0.0434782608695652,0.0434782608695652,0.91304347826087,0.0425491858117622,0.119996267652792,0.0599981338263963,0.0174563503372734,0.103476394695961,0.879067254966765,0.0796230497470292,0.214930825071882,0.107465412535941,0.0188682932758139,0.150943673405506,0.83018803331868,0.047170136276888,0.130856876385218,0.0654284381926089,0.0220277996420734,0.108906699062174,0.869065501295752,0.0408922338274205,0.11557512383049,0.0577875619152449,0.0126582278481013,0.10126582278481,0.886075949367089,0.0394209221228889,0.111486930786817,0.0557434653934084,0.0148901477022154,0.0992217262629736,0.885888126034811,27,0,0,27,20,0,3,17,14,1,1,12,18,0,4,14
231,2,0.0434782608695652,0.0434782608695652,0.91304347826087,0.127242273456714,0.345156566100501,0.17257828305025,0.0856261926670401,0.173908612122341,0.740465195210619,0.352438206094083,0.883205120405185,0.441602560202593,0.0641310516208046,0.464428030320919,0.471440918058277,0.0784497393419896,0.202185988016101,0.10109299400805,0.0544432302867808,0.1336062854604,0.811950484252819,0.116117942514031,0.308229813664596,0.154114906832298,0.0714285714285714,0.169642857142857,0.758928571428571,0.109830392143021,0.297016047801991,0.148508023900996,0.0783229124446295,0.157141633195497,0.764535454359874,21,1,12,8,26,7,0,19,32,0,1,31,33,0,6,27
231,3,0.0434782608695652,0.0434782608695652,0.91304347826087,0.0481908171134591,0.135609032875444,0.0678045164377218,0.0833339167804446,0.0714271213964078,0.845238961823148,0.073870359093832,0.208247210044604,0.104123605022302,0.102885203736576,0.088194923024857,0.808919873238568,0.0732147541007498,0.20157367625621,0.100786838128105,0.114417002324718,0.0733263575425172,0.812256640132765,0.0481913430272223,0.135610766045549,0.0678053830227743,0.0833333333333333,0.0714285714285714,0.845238095238095,0.0481912789921733,0.135610594975276,0.067805297487638,0.0833332436775912,0.0714285755491773,0.845238180773232,25,2,3,20,21,1,0,20,25,3,3,19,13,1,0,12
231,4,0.0434782608695652,0.0434782608695652,0.91304347826087,0.0137057240995474,0.0359867894532791,0.0179933947266396,0.0614716555962048,0.0407224464003461,0.897805898003449,0.0196074321772673,0.0509521055054447,0.0254760527527224,0.0656981197156858,0.046734454776167,0.887567425508147,0.0217648510810469,0.0610997536483597,0.0305498768241799,0.0620077166638186,0.0554986818994917,0.88249360143669,0.0160182067000626,0.0438845997561966,0.0219422998780983,0.0654205607476635,0.0373831775700935,0.897196261682243,0.014014333764456,0.0369712362944609,0.0184856181472304,0.0619638790167956,0.0404252633906956,0.897610857592509,28,4,0,24,29,3,1,25,28,0,1,27,22,0,2,20
231,5,0.0434782608695652,0.0434782608695652,0.91304347826087,0.0395361101549189,0.111535649928306,0.0557678249641532,0.0121132159067428,0.0190754808682345,0.968811303225023,0.0296555261029078,0.0821645023562557,0.0410822511781279,0.0156322176722545,0.0302420528887482,0.954125729438997,0.0362497322094511,0.102283897058396,0.0511419485291981,0.0148347545281579,0.0209798186817745,0.964185426790068,0.0385229731939022,0.107246376811594,0.0536231884057972,0.00833333333333333,0.025,0.966666666666667,0.0383057719656457,0.10805164629025,0.0540258231451252,0.0130148313728623,0.0199158672211431,0.967069301405995,31,0,0,31,18,0,0,18,37,1,0,36,34,0,3,31
