"experiment","folder","file","distribution_code","distribution","rmse_best","l1_best","linf_best","rmse_i","rmse_ii","rmse_iii","rmse_iv","rmse_v","l1_i","l1_ii","l1_iii","l1_iv","l1_v","linf_i","linf_ii","linf_iii","linf_iv","linf_v","rmse_friedman_chisq","rmse_friedman_df","rmse_friedman_p","rmse_kendall_w","rmse_anova_f","rmse_anova_p","l1_friedman_chisq","l1_friedman_df","l1_friedman_p","l1_kendall_w","l1_anova_f","l1_anova_p","linf_friedman_chisq","linf_friedman_df","linf_friedman_p","linf_kendall_w","linf_anova_f","linf_anova_p"
1,"ex1","faces_ex1.lst",1,"Poisson","(iii)","(iii)","(iii)",0.07009,0.07655,0.06537,0.07226,0.07008,0.4966,0.5382,0.4637,0.5151,0.4966,0.1444,0.1595,0.1327,0.1483,0.1444,38947,4,"<2.2e-16",0.223,8691.2,"<",38566,4,"<2.2e-16",0.22,10309,"<",26486,4,"<2.2e-16",0.151,5581.4,"<"
2,"ex2","faces_ex2.lst",1,"Poisson","(iii)","(iii)","(iii)",0.04866,0.05426,0.04708,0.05083,0.0486,0.347,0.3837,0.3363,0.3651,0.3466,0.09834,0.11104,0.09449,0.10193,0.09818,28311,4,"<2.2e-16",0.162,8554.7,"<",27409,4,"<2.2e-16",0.157,9097.1,"<",17297,4,"<2.2e-16",0.099,5351.1,"<"
3,"ex3","faces_ex3.lst",1,"Poisson","(iii)","(iii)","(iii)",0.03594,0.03823,0.03362,0.0359,0.03405,0.2537,0.2711,0.2406,0.2586,0.2435,0.07339,0.07746,0.06698,0.07109,0.06802,21771,4,"<2.2e-16",0.124,1199.8,"<",21003,4,"<2.2e-16",0.12,1695.1,"<",12793,4,"<2.2e-16",0.073,794.08,"<"
4,"ex4","faces_ex4.lst",1,"Poisson","(iii)","(iii)","(iii)",0.0706,0.07665,0.06585,0.0728,0.07053,0.5003,0.5392,0.4672,0.5189,0.5,0.1456,0.1597,0.1338,0.1496,0.1454,37901,4,"<2.2e-16",0.217,7843.1,"<",37997,4,"<2.2e-16",0.217,9412.9,"<",25819,4,"<2.2e-16",0.148,4979.9,"<"
5,"ex5","faces_ex5.lst",1,"Poisson","(iii)","(iii)","(iii)",0.04906,0.05433,0.0476,0.05136,0.04899,0.3495,0.3845,0.3395,0.3687,0.3491,0.09924,0.11115,0.09574,0.10309,0.09909,25923,4,"<2.2e-16",0.148,7779.1,"<",25600,4,"<2.2e-16",0.146,8449.6,"<",15274,4,"<2.2e-16",0.087,4709.8,"<"
6,"ex6","faces_ex6.lst",1,"Poisson","(iii)","(iii)","(iii)",0.03594,0.03834,0.03402,0.03633,0.03436,0.2537,0.2714,0.2429,0.2613,0.2451,0.07339,0.0779,0.06805,0.07215,0.06886,19765,4,"<2.2e-16",0.113,1227.2,"<",19658,4,"<2.2e-16",0.112,1776.6,"<",11290,4,"<2.2e-16",0.065,784.67,"<"
7,"ex7","faces_ex7.lst",1,"Poisson","(iii)","(iii)","(iii)",0.07401,0.07988,0.07007,0.07732,0.07398,0.521,0.5599,0.4937,0.5472,0.5209,0.1544,0.1678,0.1445,0.1613,0.1543,32150,4,"<2.2e-16",0.184,5412.1,"<",33262,4,"<2.2e-16",0.19,7134.4,"<",20483,4,"<2.2e-16",0.117,3236.3,"<"
8,"ex8","faces_ex8.lst",1,"Poisson","(iii)","(iii)","(iii)",0.05143,0.05617,0.05079,0.05501,0.05138,0.365,0.3962,0.3602,0.3931,0.3646,0.105,0.1157,0.1035,0.1116,0.1048,20024,4,"<2.2e-16",0.114,5058.9,"<",21271,4,"<2.2e-16",0.122,6124.6,"<",10570,4,"<2.2e-16",0.06,2786.9,"<"
9,"ex9","faces_ex9.lst",1,"Poisson","(v)","(v)","(v)",0.03684,0.03931,0.03615,0.0388,0.03584,0.2604,0.2782,0.2571,0.2784,0.255,0.07506,0.08004,0.07297,0.07754,0.07223,16701,4,"<2.2e-16",0.095,1214.1,"<",17335,4,"<2.2e-16",0.099,1947.4,"<",8335.8,4,"<2.2e-16",0.048,638.38,"<"
10,"ex10","faces_ex10.lst",1,"Poisson","(iii)","(iii)","(iii)",0.06047,0.06346,0.05754,0.06102,0.06034,0.4319,0.4509,0.4109,0.437,0.4311,0.1225,0.1293,0.1156,0.1234,0.1221,31378,4,"<2.2e-16",0.179,3581.8,"<",29118,4,"<2.2e-16",0.166,4621.5,"<",20425,4,"<2.2e-16",0.117,2275.3,"<"
11,"ex11","faces_ex11.lst",1,"Poisson","(iii)","(iii)","(iii)",0.04232,0.04579,0.0414,0.04313,0.04228,0.303,0.3259,0.2965,0.3098,0.3027,0.08467,0.09245,0.08264,0.08596,0.08461,19449,4,"<2.2e-16",0.111,4304.9,"<",17459,4,"<2.2e-16",0.1,4795.8,"<",11056,4,"<2.2e-16",0.063,2727.8,"<"
12,"ex12","faces_ex12.lst",1,"Poisson","(iii)","(iii)","(iii)",0.0389,0.0334,0.0295,0.0304,0.0297,0.2628,0.2369,0.2115,0.2188,0.2129,0.0854,0.0677,0.0586,0.0603,0.0591,13434,4,"<2.2e-16",0.077,1385.5,"<",12548,4,"<2.2e-16",0.072,1381.6,"<",7854.9,4,"<2.2e-16",0.045,1391.8,"<"
13,"ex13","faces_ex13.lst",1,"Poisson","(iii)","(iii)","(iii)",0.06078,0.06372,0.05788,0.06134,0.06061,0.4338,0.4527,0.4131,0.4392,0.4329,0.1233,0.1299,0.1165,0.1242,0.1229,30614,4,"<2.2e-16",0.175,3432.5,"<",28516,4,"<2.2e-16",0.163,4393.2,"<",19994,4,"<2.2e-16",0.114,2145.5,"<"
14,"ex14","faces_ex14.lst",1,"Poisson","(iii)","(iii)","(iii)",0.04256,0.04595,0.04171,0.04342,0.04254,0.3049,0.3272,0.2988,0.3121,0.3047,0.08511,0.09274,0.08322,0.0865,0.08508,18063,4,"<2.2e-16",0.103,4166.4,"<",16195,4,"<2.2e-16",0.093,4588.7,"<",10589,4,"<2.2e-16",0.06,2643.3,"<"
15,"ex15","faces_ex15.lst",1,"Poisson","(iii)","(iii)","(iii)",0.0386,0.0337,0.0297,0.0307,0.0299,0.2612,0.2383,0.2129,0.2205,0.2141,0.0842,0.0682,0.059,0.0607,0.0594,13207,4,"<2.2e-16",0.075,1298.6,"<",12523,4,"<2.2e-16",0.072,1297.9,"<",7610.3,4,"<2.2e-16",0.043,1302.2,"<"
16,"ex16","faces_ex16.lst",1,"Poisson","(iii)","(iii)","(iii)",0.06364,0.06672,0.06108,0.06474,0.06352,0.4524,0.4727,0.4344,0.4617,0.4518,0.13,0.1368,0.124,0.1322,0.1297,27867,4,"<2.2e-16",0.159,2822,"<",25944,4,"<2.2e-16",0.148,3597,"<",17698,4,"<2.2e-16",0.101,1711.7,"<"
17,"ex17","faces_ex17.lst",1,"Poisson","(iii)","(iii)","(iii)",0.04435,0.04742,0.04389,0.04577,0.04432,0.3168,0.3372,0.3134,0.3282,0.3166,0.08922,0.09592,0.0882,0.0918,0.08916,13401,4,"<2.2e-16",0.077,2630,"<",12812,4,"<2.2e-16",0.073,3075.1,"<",6998.7,4,"<2.2e-16",0.04,1520.4,"<"
18,"ex18","faces_ex18.lst",1,"Poisson","(v)","(v)","(v)",0.0378,0.0345,0.0313,0.0323,0.0311,0.259,0.2446,0.2237,0.2325,0.2225,0.0813,0.07,0.0623,0.0641,0.062,9828.7,4,"<2.2e-16",0.056,903.12,"<",9738.3,4,"<2.2e-16",0.056,890.33,"<",5004.8,4,"<2.2e-16",0.029,917.55,"<"
19,"ex19","faces_ex19.lst",1,"Poisson","(iii)","(iii)","(iii)",0.05433,0.05589,0.05251,0.05423,0.05405,0.3892,0.3992,0.3764,0.3893,0.3876,0.109,0.1126,0.1048,0.1085,0.1083,27724,4,"<2.2e-16",0.158,1278.6,"<",24164,4,"<2.2e-16",0.138,1778,"<",17205,4,"<2.2e-16",0.098,823.87,"<"
20,"ex20","faces_ex20.lst",1,"Poisson","(iii)","(iii)","(iii)",0.03798,0.04042,0.03746,0.03821,0.03795,0.2725,0.2885,0.2687,0.2745,0.2723,0.07556,0.08103,0.07445,0.0759,0.07549,12239,4,"<2.2e-16",0.07,1828.2,"<",10385,4,"<2.2e-16",0.059,2260.1,"<",7129.6,4,"<2.2e-16",0.041,1160.6,"<"
21,"ex21","faces_ex21.lst",1,"Poisson","(iii)","(iii)","(iii)",0.0449,0.031,0.0267,0.027,0.0267,0.29,0.218,0.191,0.194,0.192,0.1047,0.0635,0.0528,0.0534,0.053,8796.7,4,"<2.2e-16",0.05,2852.7,"<",7967.8,4,"<2.2e-16",0.046,2815.9,"<",5054.9,4,"<2.2e-16",0.029,2887.2,"<"
22,"ex22","faces_ex22.lst",1,"Poisson","(iii)","(iii)","(iii)",0.05452,0.05609,0.05273,0.05445,0.05422,0.3899,0.4002,0.3773,0.3904,0.3883,0.1097,0.1131,0.1055,0.1092,0.1088,27590,4,"<2.2e-16",0.158,1269.5,"<",24023,4,"<2.2e-16",0.137,1779.9,"<",16548,4,"<2.2e-16",0.095,802.8,"<"
23,"ex23","faces_ex23.lst",1,"Poisson","(iii)","(iii)","(iii)",0.03809,0.04042,0.03759,0.03837,0.03809,0.2734,0.2889,0.2697,0.2757,0.2734,0.07579,0.0809,0.07474,0.07623,0.07581,12305,4,"<2.2e-16",0.07,1880.2,"<",10455,4,"<2.2e-16",0.06,2309.1,"<",6692.1,4,"<2.2e-16",0.038,1158.9,"<"
24,"ex24","faces_ex24.lst",1,"Poisson","(iii)","(iii)","(iii)",0.0443,0.0308,0.0268,0.0272,0.0269,0.287,0.218,0.192,0.195,0.193,0.1029,0.0628,0.0531,0.0537,0.0532,8431.7,4,"<2.2e-16",0.048,2767.2,"<",7542.6,4,"<2.2e-16",0.043,2726.8,"<",4726.6,4,"<2.2e-16",0.027,2804.8,"<"
25,"ex25","faces_ex25.lst",1,"Poisson","(iii)","(iii)","(iii)",0.05631,0.05797,0.05465,0.05645,0.05606,0.4024,0.4133,0.3907,0.4044,0.4011,0.1136,0.1173,0.1098,0.1137,0.1129,26490,4,"<2.2e-16",0.151,1148.5,"<",22952,4,"<2.2e-16",0.131,1583.3,"<",15435,4,"<2.2e-16",0.088,705.39,"<"
26,"ex26","faces_ex26.lst",1,"Poisson","(iii)","(iii)","(iii)",0.03943,0.04172,0.03908,0.03989,0.03938,0.2828,0.2978,0.2802,0.2865,0.2825,0.07868,0.08374,0.07792,0.07945,0.07854,9777.1,4,"<2.2e-16",0.056,1736.6,"<",8431.8,4,"<2.2e-16",0.048,2006.7,"<",5126.6,4,"<2.2e-16",0.029,1091.2,"<"
27,"ex27","faces_ex27.lst",1,"Poisson","(iii)","(iii)","(v)",0.0431,0.0315,0.0278,0.0282,0.0278,0.282,0.222,0.199,0.203,0.199,0.0989,0.0642,0.0553,0.056,0.0552,6440.4,4,"<2.2e-16",0.037,2354.7,"<",5975.1,4,"<2.2e-16",0.034,2307.1,"<",3386.6,4,"<2.2e-16",0.019,2396.2,"<"
28,"ex28","faces_ex28.lst",1,"Poisson","(iii)","(iii)","(iii)",0.0759,0.08432,0.07208,0.0788,0.07596,0.5339,0.5889,0.5074,0.5585,0.5343,0.1577,0.1771,0.1481,0.163,0.1578,34366,4,"<2.2e-16",0.196,8879.9,"<",35492,4,"<2.2e-16",0.203,10450,"<",22577,4,"<2.2e-16",0.129,5471.2,"<"
29,"ex29","faces_ex29.lst",1,"Poisson","(iii)","(iii)","(iii)",0.05277,0.05976,0.05226,0.05554,0.05277,0.3738,0.4194,0.3702,0.3966,0.3739,0.1073,0.1232,0.1061,0.1121,0.1073,22447,4,"<2.2e-16",0.128,8505.7,"<",22891,4,"<2.2e-16",0.131,9075.5,"<",13921,4,"<2.2e-16",0.08,5258.3,"<"
30,"ex30","faces_ex30.lst",1,"Poisson","(v)","(v)","(v)",0.03775,0.04195,0.03758,0.03934,0.03722,0.2672,0.2954,0.2665,0.2813,0.2643,0.07645,0.08558,0.07586,0.07867,0.07495,17721,4,"<2.2e-16",0.101,2802.6,"<",18038,4,"<2.2e-16",0.103,3669.8,"<",10921,4,"<2.2e-16",0.062,1693.7,"<"
31,"ex31","faces_ex31.lst",1,"Poisson","(iii)","(iii)","(iii)",0.07628,0.0847,0.07256,0.0793,0.07633,0.5365,0.5918,0.5108,0.5619,0.5368,0.1586,0.1778,0.1492,0.1641,0.1587,33524,4,"<2.2e-16",0.192,8275.5,"<",34434,4,"<2.2e-16",0.197,9978.3,"<",21770,4,"<2.2e-16",0.124,4981.3,"<"
32,"ex32","faces_ex32.lst",1,"Poisson","(iii)","(iii)","(iii)",0.05322,0.06001,0.05281,0.05613,0.05323,0.3766,0.4209,0.3735,0.4002,0.3766,0.1085,0.124,0.1075,0.1137,0.1085,21270,4,"<2.2e-16",0.122,8318.8,"<",21984,4,"<2.2e-16",0.126,8841,"<",12744,4,"<2.2e-16",0.073,5138,"<"
33,"ex33","faces_ex33.lst",1,"Poisson","(v)","(v)","(v)",0.03794,0.04204,0.03784,0.03962,0.03742,0.2686,0.2964,0.2685,0.2835,0.2657,0.07679,0.08555,0.07637,0.07919,0.07531,17302,4,"<2.2e-16",0.099,2699.8,"<",17357,4,"<2.2e-16",0.099,3564.1,"<",10505,4,"<2.2e-16",0.06,1581.1,"<"
34,"ex34","faces_ex34.lst",1,"Poisson","(iii)","(iii)","(iii)",0.07969,0.08823,0.07675,0.08372,0.07975,0.5578,0.6141,0.5375,0.5902,0.5583,0.1673,0.1869,0.1597,0.1753,0.1673,28269,4,"<2.2e-16",0.162,6557.3,"<",31023,4,"<2.2e-16",0.177,8347.3,"<",17579,4,"<2.2e-16",0.1,3809.7,"<"
35,"ex35","faces_ex35.lst",1,"Poisson","(i)","(i)","(i)",0.0553,0.06173,0.05577,0.05929,0.05532,0.3904,0.4324,0.3927,0.4219,0.3904,0.1132,0.1278,0.1146,0.1208,0.1133,17984,4,"<2.2e-16",0.103,5937,"<",19717,4,"<2.2e-16",0.113,6868.7,"<",10077,4,"<2.2e-16",0.058,3374.6,"<"
36,"ex36","faces_ex36.lst",1,"Poisson","(v)","(v)","(v)",0.03919,0.04307,0.04004,0.0421,0.03892,0.2771,0.3031,0.2829,0.3008,0.2757,0.0794,0.08794,0.08141,0.08443,0.07863,16951,4,"<2.2e-16",0.097,2736.2,"<",17775,4,"<2.2e-16",0.102,3754.8,"<",9518.3,4,"<2.2e-16",0.054,1502.3,"<"
37,"ex37","faces_ex37.lst",1,"Poisson","(iii)","(iii)","(iii)",0.06776,0.07286,0.06549,0.06904,0.06771,0.4784,0.5118,0.4624,0.4896,0.4782,0.1393,0.1507,0.1339,0.1416,0.1392,26594,4,"<2.2e-16",0.152,4460.2,"<",25431,4,"<2.2e-16",0.145,5351.1,"<",16867,4,"<2.2e-16",0.096,2767.8,"<"
38,"ex38","faces_ex38.lst",1,"Poisson","(iii)","(iii)","(iii)",0.04732,0.05223,0.04725,0.04872,0.04736,0.3358,0.3683,0.3351,0.3471,0.3361,0.0958,0.10659,0.09574,0.09837,0.0959,15524,4,"<2.2e-16",0.089,5663.8,"<",14653,4,"<2.2e-16",0.084,6126.1,"<",8860.8,4,"<2.2e-16",0.051,3386.8,"<"
39,"ex39","faces_ex39.lst",1,"Poisson","(v)","(v)","(v)",0.03738,0.03755,0.0338,0.03447,0.03341,0.2586,0.2645,0.2399,0.2459,0.2373,0.0786,0.0764,0.0681,0.069,0.0672,12953,4,"<2.2e-16",0.074,746.48,"<",13026,4,"<2.2e-16",0.074,873.18,"<",7976.5,4,"<2.2e-16",0.046,636.75,"<"
40,"ex40","faces_ex40.lst",1,"Poisson","(iii)","(iii)","(iii)",0.06804,0.07319,0.06584,0.06937,0.06801,0.4803,0.5142,0.4646,0.4917,0.4802,0.1399,0.1513,0.1348,0.1423,0.1398,26189,4,"<2.2e-16",0.15,4480.5,"<",25590,4,"<2.2e-16",0.146,5449.4,"<",16545,4,"<2.2e-16",0.095,2700.1,"<"
41,"ex41","faces_ex41.lst",1,"Poisson","(iii)","(iii)","(i)",0.04758,0.05235,0.04754,0.04905,0.04762,0.3374,0.369,0.3369,0.3493,0.3376,0.09632,0.1069,0.09636,0.09907,0.09644,14848,4,"<2.2e-16",0.085,5592.9,"<",14597,4,"<2.2e-16",0.083,5891.7,"<",8777,4,"<2.2e-16",0.05,3405.6,"<"
42,"ex42","faces_ex42.lst",1,"Poisson","(v)","(v)","(v)",0.03745,0.03771,0.03404,0.03474,0.03362,0.2595,0.2659,0.2417,0.2479,0.2389,0.0786,0.0766,0.0686,0.0696,0.0676,13009,4,"<2.2e-16",0.074,721.33,"<",12694,4,"<2.2e-16",0.073,850.55,"<",7622.4,4,"<2.2e-16",0.044,606.36,"<"
43,"ex43","faces_ex43.lst",1,"Poisson","(iii)","(iii)","(iii)",0.07056,0.07584,0.06876,0.07243,0.07055,0.4967,0.5318,0.4841,0.5123,0.4967,0.146,0.1576,0.1417,0.1497,0.146,23838,4,"<2.2e-16",0.136,3705.4,"<",23244,4,"<2.2e-16",0.133,4612.8,"<",14848,4,"<2.2e-16",0.085,2150.8,"<"
44,"ex44","faces_ex44.lst",1,"Poisson","(i)","(i)","(i)",0.04924,0.05393,0.04968,0.05125,0.04927,0.3485,0.3796,0.3512,0.3645,0.3487,0.1001,0.1105,0.1013,0.1039,0.1002,13360,4,"<2.2e-16",0.076,4165.2,"<",13492,4,"<2.2e-16",0.077,4634.2,"<",7289.8,4,"<2.2e-16",0.042,2472.2,"<"
45,"ex45","faces_ex45.lst",1,"Poisson","(v)","(v)","(v)",0.0372,0.03846,0.03545,0.03625,0.03465,0.2595,0.2709,0.2512,0.2586,0.2457,0.0771,0.0783,0.0717,0.0726,0.0698,13285,4,"<2.2e-16",0.076,599.46,"<",13189,4,"<2.2e-16",0.075,784.71,"<",7773.2,4,"<2.2e-16",0.044,442.43,"<"
46,"ex46","faces_ex46.lst",1,"Poisson","(iii)","(iii)","(iii)",0.06255,0.06587,0.06132,0.06322,0.06249,0.4422,0.4637,0.4334,0.448,0.4418,0.128,0.1353,0.1251,0.1292,0.1278,23220,4,"<2.2e-16",0.133,2178.6,"<",21314,4,"<2.2e-16",0.122,2700.9,"<",13957,4,"<2.2e-16",0.08,1323.9,"<"
47,"ex47","faces_ex47.lst",1,"Poisson","(i)","(i)","(i)",0.04382,0.0476,0.04397,0.0447,0.04388,0.3109,0.3359,0.3117,0.3177,0.3112,0.08847,0.09674,0.08894,0.0902,0.08862,11286,4,"<2.2e-16",0.064,3712.3,"<",10149,4,"<2.2e-16",0.058,4093.4,"<",6247.9,4,"<2.2e-16",0.036,2243.9,"<"
48,"ex48","faces_ex48.lst",1,"Poisson","(v)","(v)","(v)",0.0414,0.0351,0.0314,0.0317,0.0311,0.2763,0.2464,0.2229,0.2255,0.2204,0.0922,0.0719,0.0634,0.0638,0.0626,9418,4,"<2.2e-16",0.054,1515.3,"<",9058.8,4,"<2.2e-16",0.052,1486.7,"<",5548.4,4,"<2.2e-16",0.032,1536.7,"<"
49,"ex49","faces_ex49.lst",1,"Poisson","(iii)","(iii)","(iii)",0.06254,0.06592,0.06133,0.06321,0.06248,0.4424,0.4646,0.4338,0.4481,0.442,0.128,0.1352,0.1252,0.1292,0.1278,22640,4,"<2.2e-16",0.129,2307.3,"<",20498,4,"<2.2e-16",0.117,2834.6,"<",13774,4,"<2.2e-16",0.079,1358.1,"<"
50,"ex50","faces_ex50.lst",1,"Poisson","(i)","(i)","(i)",0.04399,0.04784,0.04416,0.04489,0.04407,0.3118,0.3373,0.3127,0.3188,0.3122,0.08904,0.09756,0.08951,0.09078,0.08925,11416,4,"<2.2e-16",0.065,3543.4,"<",10452,4,"<2.2e-16",0.06,4018.1,"<",6310.6,4,"<2.2e-16",0.036,2193.1,"<"
51,"ex51","faces_ex51.lst",1,"Poisson","(v)","(v)","(v)",0.041,0.035,0.0315,0.0317,0.0311,0.2741,0.2457,0.2231,0.2258,0.2205,0.091,0.0716,0.0635,0.0638,0.0626,9969.3,4,"<2.2e-16",0.057,1457.2,"<",9435.4,4,"<2.2e-16",0.054,1425.5,"<",5801.7,4,"<2.2e-16",0.033,1479.5,"<"
52,"ex52","faces_ex52.lst",1,"Poisson","(iii)","(iii)","(iii)",0.06424,0.06774,0.06318,0.06508,0.06414,0.4537,0.4766,0.4462,0.4609,0.4531,0.1319,0.1394,0.1294,0.1334,0.1315,20897,4,"<2.2e-16",0.119,2012,"<",19259,4,"<2.2e-16",0.11,2494.6,"<",12236,4,"<2.2e-16",0.07,1171.6,"<"
53,"ex53","faces_ex53.lst",1,"Poisson","(i)","(i)","(i)",0.04508,0.04889,0.04545,0.04616,0.04513,0.3196,0.3448,0.322,0.3281,0.3199,0.09123,0.09962,0.09219,0.09336,0.09137,10437,4,"<2.2e-16",0.06,3203.3,"<",9860.5,4,"<2.2e-16",0.056,3556.7,"<",5595.9,4,"<2.2e-16",0.032,1929.6,"<"
54,"ex54","faces_ex54.lst",1,"Poisson","(v)","(v)","(v)",0.0398,0.0356,0.0324,0.0327,0.0319,0.2686,0.2504,0.23,0.2328,0.226,0.0867,0.0728,0.0654,0.0657,0.0641,9987.2,4,"<2.2e-16",0.057,1097.7,"<",9702.5,4,"<2.2e-16",0.055,1072.5,"<",5688.2,4,"<2.2e-16",0.032,1113.1,"<"
55,"ex55","faces_ex55.lst",1,"Poisson","(iii)","(iii)","(iii)",0.09244,0.10689,0.09242,0.09937,0.09278,0.6389,0.7323,0.6368,0.6924,0.6408,0.1968,0.2309,0.1965,0.2109,0.1976,25250,4,"<2.2e-16",0.144,9091.1,"<",31291,4,"<2.2e-16",0.179,11738,"<",14087,4,"<2.2e-16",0.08,5108.8,"<"
56,"ex56","faces_ex56.lst",1,"Poisson","(i)","(i)","(i)",0.06457,0.07446,0.06823,0.07071,0.06477,0.4533,0.5164,0.4745,0.4992,0.4544,0.1325,0.1554,0.1422,0.145,0.1331,25873,4,"<2.2e-16",0.148,8163.8,"<",26367,4,"<2.2e-16",0.151,8897.3,"<",17179,4,"<2.2e-16",0.098,4931.1,"<"
57,"ex57","faces_ex57.lst",1,"Poisson","(i)","(i)","(i)",0.04649,0.05211,0.04959,0.05064,0.04659,0.3271,0.364,0.3462,0.3591,0.3278,0.09442,0.10669,0.10203,0.10219,0.09463,21771,4,"<2.2e-16",0.124,5879.3,"<",21190,4,"<2.2e-16",0.121,6353.9,"<",14494,4,"<2.2e-16",0.083,3474.2,"<"
58,"ex58","faces_ex58.lst",1,"Poisson","(i)","(iii)","(iii)",0.09255,0.10697,0.09256,0.09958,0.09287,0.6395,0.7327,0.6379,0.694,0.6415,0.1971,0.231,0.1967,0.2113,0.1978,25397,4,"<2.2e-16",0.145,9055.4,"<",31998,4,"<2.2e-16",0.183,11784,"<",14057,4,"<2.2e-16",0.08,5039.2,"<"
59,"ex59","faces_ex59.lst",1,"Poisson","(i)","(i)","(i)",0.06482,0.07469,0.06859,0.07106,0.06501,0.455,0.5179,0.4767,0.5018,0.456,0.1331,0.1559,0.143,0.1456,0.1336,26126,4,"<2.2e-16",0.149,8180.7,"<",26341,4,"<2.2e-16",0.15,8914.8,"<",17170,4,"<2.2e-16",0.098,4946.8,"<"
60,"ex60","faces_ex60.lst",1,"Poisson","(i)","(i)","(i)",0.04654,0.05222,0.0498,0.05085,0.04664,0.3274,0.3645,0.3474,0.3605,0.328,0.09456,0.10698,0.10253,0.10274,0.09478,22295,4,"<2.2e-16",0.127,5470.2,"<",21410,4,"<2.2e-16",0.122,6106.6,"<",14603,4,"<2.2e-16",0.083,3244,"<"
61,"ex61","faces_ex61.lst",1,"Poisson","(i)","(i)","(i)",0.0949,0.11,0.09577,0.10276,0.0952,0.6548,0.7523,0.6586,0.7151,0.6568,0.2031,0.2388,0.2049,0.219,0.2037,23986,4,"<2.2e-16",0.137,8712.4,"<",31527,4,"<2.2e-16",0.18,11552,"<",12588,4,"<2.2e-16",0.072,4757.5,"<"
62,"ex62","faces_ex62.lst",1,"Poisson","(i)","(i)","(i)",0.06633,0.07607,0.07105,0.07347,0.06649,0.4647,0.5274,0.4925,0.5186,0.4656,0.1366,0.1588,0.1489,0.151,0.137,27366,4,"<2.2e-16",0.156,7695.5,"<",28132,4,"<2.2e-16",0.161,8819.6,"<",18219,4,"<2.2e-16",0.104,4513.2,"<"
63,"ex63","faces_ex63.lst",1,"Poisson","(i)","(i)","(i)",0.04761,0.05311,0.05164,0.05252,0.04772,0.3347,0.3706,0.3596,0.3724,0.3353,0.09684,0.10906,0.1068,0.10606,0.09707,23008,4,"<2.2e-16",0.131,5822.7,"<",23133,4,"<2.2e-16",0.132,6570.6,"<",15149,4,"<2.2e-16",0.087,3479.7,"<"
64,"ex64","faces_ex64.lst",1,"Poisson","(i)","(i)","(i)",0.08648,0.09821,0.08813,0.0924,0.08684,0.5981,0.674,0.6081,0.6422,0.6002,0.1827,0.2102,0.1867,0.1954,0.1836,21764,4,"<2.2e-16",0.124,6501.7,"<",25368,4,"<2.2e-16",0.145,8233.4,"<",11595,4,"<2.2e-16",0.066,3742.1,"<"
65,"ex65","faces_ex65.lst",1,"Poisson","(i)","(i)","(i)",0.06051,0.06907,0.06438,0.06577,0.06075,0.424,0.4787,0.4477,0.4624,0.4253,0.1241,0.1436,0.1339,0.1351,0.1247,25759,4,"<2.2e-16",0.147,7194.5,"<",24778,4,"<2.2e-16",0.142,7708.4,"<",16883,4,"<2.2e-16",0.096,4413.3,"<"
66,"ex66","faces_ex66.lst",1,"Poisson","(i)","(i)","(i)",0.04382,0.04903,0.04664,0.04712,0.04389,0.3077,0.3418,0.3259,0.3325,0.3081,0.08933,0.1006,0.09584,0.09553,0.08947,19078,4,"<2.2e-16",0.109,4392.1,"<",18178,4,"<2.2e-16",0.104,4875.5,"<",12151,4,"<2.2e-16",0.069,2592.9,"<"
67,"ex67","faces_ex67.lst",1,"Poisson","(i)","(i)","(i)",0.08636,0.09809,0.088,0.09227,0.08668,0.5975,0.6732,0.6075,0.6416,0.5994,0.1824,0.2099,0.1864,0.1951,0.1832,21616,4,"<2.2e-16",0.123,6470.5,"<",25037,4,"<2.2e-16",0.143,8180.3,"<",11847,4,"<2.2e-16",0.068,3733.2,"<"
68,"ex68","faces_ex68.lst",1,"Poisson","(i)","(i)","(i)",0.06069,0.0692,0.0646,0.06595,0.06091,0.4256,0.4805,0.4495,0.4636,0.4268,0.1244,0.1437,0.1343,0.1355,0.125,24966,4,"<2.2e-16",0.143,6936.5,"<",23894,4,"<2.2e-16",0.137,7448.4,"<",16566,4,"<2.2e-16",0.095,4255.6,"<"
69,"ex69","faces_ex69.lst",1,"Poisson","(i)","(i)","(i)",0.04391,0.04915,0.04681,0.04735,0.04397,0.308,0.3423,0.3267,0.334,0.3084,0.08961,0.10101,0.0963,0.09611,0.08969,19345,4,"<2.2e-16",0.111,4477.7,"<",18878,4,"<2.2e-16",0.108,5022.3,"<",12424,4,"<2.2e-16",0.071,2662,"<"
70,"ex70","faces_ex70.lst",1,"Poisson","(i)","(i)","(i)",0.0885,0.10045,0.0906,0.09476,0.08884,0.6116,0.6889,0.6248,0.6587,0.6137,0.1875,0.2156,0.1927,0.2009,0.1884,19988,4,"<2.2e-16",0.114,6343.3,"<",24745,4,"<2.2e-16",0.141,8110.1,"<",10509,4,"<2.2e-16",0.06,3589.8,"<"
71,"ex71","faces_ex71.lst",1,"Poisson","(i)","(i)","(i)",0.06185,0.07052,0.06632,0.06754,0.06207,0.4338,0.4887,0.4612,0.4754,0.4351,0.127,0.1469,0.1381,0.1387,0.1275,26488,4,"<2.2e-16",0.151,6984.7,"<",25471,4,"<2.2e-16",0.146,7444.7,"<",17451,4,"<2.2e-16",0.1,4283.7,"<"
72,"ex72","faces_ex72.lst",1,"Poisson","(i)","(i)","(i)",0.04458,0.04979,0.04796,0.04826,0.0447,0.3131,0.3472,0.3349,0.341,0.3138,0.09088,0.10225,0.09883,0.09787,0.09115,19474,4,"<2.2e-16",0.111,4687.6,"<",18939,4,"<2.2e-16",0.108,5148,"<",12783,4,"<2.2e-16",0.073,2822.6,"<"
73,"ex73","faces_ex73.lst",1,"Poisson","(i)","(i)","(i)",0.08328,0.09316,0.08607,0.08859,0.08362,0.5751,0.6383,0.5933,0.6132,0.5769,0.176,0.199,0.1829,0.1881,0.1769,19378,4,"<2.2e-16",0.111,4763.3,"<",21091,4,"<2.2e-16",0.12,5939.1,"<",10536,4,"<2.2e-16",0.06,2777.1,"<"
74,"ex74","faces_ex74.lst",1,"Poisson","(i)","(i)","(i)",0.05809,0.06584,0.06212,0.06305,0.05832,0.4061,0.4556,0.4322,0.4417,0.4073,0.1194,0.137,0.1291,0.1299,0.12,25219,4,"<2.2e-16",0.144,6498.7,"<",24253,4,"<2.2e-16",0.139,6946.2,"<",16382,4,"<2.2e-16",0.094,4058.4,"<"
75,"ex75","faces_ex75.lst",1,"Poisson","(v)","(v)","(v)",0.04233,0.04705,0.04479,0.04516,0.0422,0.2963,0.3274,0.313,0.3178,0.2957,0.08661,0.09674,0.0919,0.09182,0.08617,17481,4,"<2.2e-16",0.1,3127.3,"<",16859,4,"<2.2e-16",0.096,3662.9,"<",10845,4,"<2.2e-16",0.062,1835.7,"<"
76,"ex76","faces_ex76.lst",1,"Poisson","(i)","(i)","(i)",0.08281,0.09277,0.08564,0.08816,0.08318,0.5719,0.6365,0.5908,0.6109,0.5739,0.1747,0.1979,0.1817,0.1868,0.1757,19940,4,"<2.2e-16",0.114,4947,"<",22031,4,"<2.2e-16",0.126,6241.9,"<",10472,4,"<2.2e-16",0.06,2888,"<"
77,"ex77","faces_ex77.lst",1,"Poisson","(i)","(i)","(i)",0.05834,0.06599,0.0624,0.06331,0.05861,0.4079,0.4572,0.4341,0.4435,0.4094,0.1198,0.1371,0.1295,0.1303,0.1204,24909,4,"<2.2e-16",0.142,6288.3,"<",23843,4,"<2.2e-16",0.136,6786.3,"<",16346,4,"<2.2e-16",0.093,3894.3,"<"
78,"ex78","faces_ex78.lst",1,"Poisson","(v)","(v)","(v)",0.04239,0.04724,0.04486,0.04523,0.04228,0.2968,0.3285,0.3135,0.3181,0.2962,0.08685,0.09732,0.09207,0.092,0.08644,17899,4,"<2.2e-16",0.102,3107.2,"<",16733,4,"<2.2e-16",0.096,3677.4,"<",11317,4,"<2.2e-16",0.065,1813.4,"<"
79,"ex79","faces_ex79.lst",1,"Poisson","(i)","(i)","(i)",0.08401,0.09427,0.08698,0.08943,0.08435,0.58,0.6461,0.6,0.6197,0.582,0.1776,0.2016,0.1847,0.1896,0.1785,19190,4,"<2.2e-16",0.11,4969.4,"<",21676,4,"<2.2e-16",0.124,6217.1,"<",9966.8,4,"<2.2e-16",0.057,2931.3,"<"
80,"ex80","faces_ex80.lst",1,"Poisson","(i)","(i)","(i)",0.05879,0.06664,0.06311,0.06391,0.05904,0.4113,0.4615,0.4393,0.4482,0.4126,0.1207,0.1386,0.1311,0.1315,0.1214,25360,4,"<2.2e-16",0.145,6502.2,"<",24548,4,"<2.2e-16",0.14,6978.3,"<",16139,4,"<2.2e-16",0.092,4053.7,"<"
81,"ex81","faces_ex81.lst",1,"Poisson","(v)","(i)","(v)",0.04276,0.04768,0.04551,0.04578,0.04274,0.2994,0.3318,0.3181,0.3223,0.2994,0.08753,0.09813,0.09344,0.09304,0.08735,17637,4,"<2.2e-16",0.101,3525.3,"<",16729,4,"<2.2e-16",0.096,4067.3,"<",10982,4,"<2.2e-16",0.063,2061.7,"<"
82,"ex82","faces_ex82.lst",1,"Poisson","(iii)","(iii)","(iii)",0.05257,0.05946,0.05,0.05356,0.05253,0.3741,0.42,0.3562,0.3831,0.3739,0.1067,0.1218,0.1007,0.1081,0.1066,34453,4,"<2.2e-16",0.197,7069.2,"<",31287,4,"<2.2e-16",0.179,8419.1,"<",21582,4,"<2.2e-16",0.123,4501.6,"<"
83,"ex83","faces_ex83.lst",1,"Poisson","(iii)","(iii)","(iii)",0.03679,0.04222,0.03602,0.0378,0.03671,0.2627,0.3,0.2573,0.2713,0.2622,0.07382,0.08534,0.07202,0.07535,0.0736,26470,4,"<2.2e-16",0.151,9865.4,"<",25583,4,"<2.2e-16",0.146,10927,"<",15914,4,"<2.2e-16",0.091,6019.4,"<"
84,"ex84","faces_ex84.lst",1,"Poisson","(iii)","(iii)","(iii)",0.0676,0.0296,0.0257,0.0267,0.0258,0.414,0.211,0.184,0.192,0.184,0.1704,0.0598,0.0512,0.0529,0.0514,16759,4,"<2.2e-16",0.096,8193.7,"<",16131,4,"<2.2e-16",0.092,8110,"<",10552,4,"<2.2e-16",0.06,8253.1,"<"
85,"ex85","faces_ex85.lst",1,"Poisson","(iii)","(iii)","(iii)",0.0529,0.05971,0.05043,0.05396,0.05287,0.3763,0.4222,0.3591,0.3856,0.3761,0.1075,0.1223,0.1018,0.1093,0.1075,33309,4,"<2.2e-16",0.19,7332.7,"<",30795,4,"<2.2e-16",0.176,8627.9,"<",20961,4,"<2.2e-16",0.12,4582.6,"<"
86,"ex86","faces_ex86.lst",1,"Poisson","(iii)","(iii)","(iii)",0.0371,0.04237,0.0364,0.03816,0.03703,0.2647,0.3009,0.2597,0.2738,0.2643,0.07455,0.08572,0.07294,0.07618,0.07438,23751,4,"<2.2e-16",0.136,9008.7,"<",23520,4,"<2.2e-16",0.134,9868,"<",13932,4,"<2.2e-16",0.08,5447.9,"<"
87,"ex87","faces_ex87.lst",1,"Poisson","(iii)","(iii)","(iii)",0.0657,0.0299,0.026,0.027,0.0261,0.403,0.212,0.186,0.194,0.186,0.1648,0.0604,0.0519,0.0536,0.0521,15359,4,"<2.2e-16",0.088,7609.7,"<",15087,4,"<2.2e-16",0.086,7521.2,"<",9469.4,4,"<2.2e-16",0.054,7683.2,"<"
88,"ex88","faces_ex88.lst",1,"Poisson","(iii)","(iii)","(iii)",0.05624,0.06239,0.05419,0.05784,0.0562,0.3979,0.4396,0.3838,0.4113,0.3977,0.1153,0.1286,0.1105,0.1183,0.1152,25547,4,"<2.2e-16",0.146,4575.4,"<",24177,4,"<2.2e-16",0.138,5605.6,"<",15362,4,"<2.2e-16",0.088,2757.7,"<"
89,"ex89","faces_ex89.lst",1,"Poisson","(iii)","(iii)","(iii)",0.03915,0.04383,0.03899,0.0409,0.0391,0.2784,0.3107,0.2773,0.2926,0.2781,0.0791,0.089,0.07873,0.08216,0.07895,15850,4,"<2.2e-16",0.091,5286.1,"<",16312,4,"<2.2e-16",0.093,6037.3,"<",8258.6,4,"<2.2e-16",0.047,3078.1,"<"
90,"ex90","faces_ex90.lst",1,"Poisson","(v)","(v)","(v)",0.0515,0.0306,0.0278,0.029,0.0275,0.327,0.217,0.198,0.208,0.196,0.1234,0.0618,0.0559,0.0577,0.0551,9998.2,4,"<2.2e-16",0.057,4048.1,"<",10180,4,"<2.2e-16",0.058,3934.1,"<",4996.6,4,"<2.2e-16",0.029,4137.2,"<"
91,"ex91","faces_ex91.lst",1,"Poisson","(iii)","(iii)","(iii)",0.0452,0.04895,0.04384,0.0455,0.04518,0.3228,0.3475,0.313,0.3256,0.3227,0.0909,0.09909,0.08791,0.09136,0.09085,25742,4,"<2.2e-16",0.147,3283.7,"<",21551,4,"<2.2e-16",0.123,4029.2,"<",15497,4,"<2.2e-16",0.089,2087.3,"<"
92,"ex92","faces_ex92.lst",1,"Poisson","(iii)","(iii)","(iii)",0.03172,0.03509,0.03134,0.03205,0.03165,0.2269,0.25,0.2242,0.2299,0.2265,0.06336,0.07046,0.06252,0.06378,0.06317,17394,4,"<2.2e-16",0.099,4870.5,"<",15943,4,"<2.2e-16",0.091,5934.8,"<",9782.9,4,"<2.2e-16",0.056,2898.7,"<"
93,"ex93","faces_ex93.lst",1,"Poisson","(iii)","(iii)","(iii)",0.13746,0.02623,0.02236,0.02271,0.02237,0.7933,0.185,0.1601,0.163,0.1601,0.37118,0.05336,0.04447,0.04506,0.04449,25253,4,"<2.2e-16",0.144,36748,"<",24590,4,"<2.2e-16",0.14,36955,"<",22500,4,"<2.2e-16",0.129,36574,"<"
94,"ex94","faces_ex94.lst",1,"Poisson","(iii)","(iii)","(iii)",0.04532,0.04919,0.04398,0.04565,0.04528,0.3236,0.3492,0.314,0.3267,0.3234,0.09117,0.09964,0.08823,0.09163,0.09104,24887,4,"<2.2e-16",0.142,3450.8,"<",21374,4,"<2.2e-16",0.122,4223.5,"<",14723,4,"<2.2e-16",0.084,2152.4,"<"
95,"ex95","faces_ex95.lst",1,"Poisson","(iii)","(iii)","(iii)",0.03197,0.03524,0.03158,0.03231,0.03188,0.2285,0.251,0.2258,0.2316,0.228,0.06386,0.07077,0.06298,0.06432,0.0636,16620,4,"<2.2e-16",0.095,4936.1,"<",15033,4,"<2.2e-16",0.086,5862.9,"<",9437.7,4,"<2.2e-16",0.054,2976.1,"<"
96,"ex96","faces_ex96.lst",1,"Poisson","(v)","(v)","(v)",0.13528,0.02646,0.02253,0.0229,0.02252,0.7815,0.1865,0.1612,0.1642,0.1611,0.36479,0.0539,0.04482,0.04541,0.0448,23604,4,"<2.2e-16",0.135,35295,"<",23387,4,"<2.2e-16",0.134,35485,"<",21125,4,"<2.2e-16",0.121,35135,"<"
97,"ex97","faces_ex97.lst",1,"Poisson","(iii)","(iii)","(iii)",0.04773,0.05161,0.04659,0.04829,0.04769,0.3401,0.3654,0.3319,0.3448,0.3399,0.09648,0.10508,0.09394,0.09747,0.09637,20957,4,"<2.2e-16",0.12,2739.8,"<",18162,4,"<2.2e-16",0.104,3267.8,"<",12237,4,"<2.2e-16",0.07,1741,"<"
98,"ex98","faces_ex98.lst",1,"Poisson","(iii)","(iii)","(iii)",0.03354,0.03659,0.03341,0.03417,0.03347,0.2393,0.2603,0.2384,0.2446,0.2389,0.06724,0.07367,0.06693,0.0683,0.06705,11095,4,"<2.2e-16",0.063,3350.9,"<",10952,4,"<2.2e-16",0.063,3861,"<",5944,4,"<2.2e-16",0.034,2014.9,"<"
99,"ex99","faces_ex99.lst",1,"Poisson","(v)","(v)","(v)",0.11242,0.02704,0.02371,0.02411,0.02353,0.6564,0.1907,0.1696,0.173,0.1682,0.29934,0.05507,0.04728,0.04787,0.04689,13120,4,"<2.2e-16",0.075,23312,"<",12961,4,"<2.2e-16",0.074,23347,"<",11621,4,"<2.2e-16",0.066,23287,"<"
100,"ex100","faces_ex100.lst",1,"Poisson","(iii)","(iii)","(iii)",0.04076,0.04315,0.04004,0.04083,0.04073,0.2908,0.3063,0.2856,0.2916,0.2906,0.08186,0.0872,0.08029,0.0819,0.08177,20301,4,"<2.2e-16",0.116,1533.2,"<",16654,4,"<2.2e-16",0.095,1950.7,"<",11865,4,"<2.2e-16",0.068,988.71,"<"
101,"ex101","faces_ex101.lst",1,"Poisson","(iii)","(iii)","(iii)",0.02868,0.03094,0.02841,0.02871,0.02855,0.2048,0.2202,0.2031,0.2055,0.2041,0.0573,0.06211,0.05666,0.05722,0.05693,11462,4,"<2.2e-16",0.065,2437.7,"<",10155,4,"<2.2e-16",0.058,3129,"<",6612.2,4,"<2.2e-16",0.038,1488,"<"
102,"ex102","faces_ex102.lst",1,"Poisson","(v)","(v)","(v)",0.17339,0.02488,0.02024,0.02037,0.02022,0.9902,0.1731,0.1447,0.1458,0.1446,0.47439,0.05166,0.04035,0.04055,0.0403,37657,4,"<2.2e-16",0.215,67431,"<",37326,4,"<2.2e-16",0.213,68254,"<",35912,4,"<2.2e-16",0.205,66855,"<"
103,"ex103","faces_ex103.lst",1,"Poisson","(iii)","(iii)","(iii)",0.04092,0.04333,0.04022,0.04099,0.04087,0.2921,0.3077,0.2869,0.2929,0.2918,0.0822,0.08765,0.0807,0.08228,0.08208,19157,4,"<2.2e-16",0.109,1439.4,"<",16015,4,"<2.2e-16",0.091,1855.4,"<",10795,4,"<2.2e-16",0.062,931.87,"<"
104,"ex104","faces_ex104.lst",1,"Poisson","(iii)","(iii)","(iii)",0.02885,0.03106,0.02857,0.02887,0.0287,0.206,0.2213,0.2042,0.2067,0.2052,0.05766,0.06228,0.05698,0.05751,0.05725,10576,4,"<2.2e-16",0.06,2153.5,"<",9707.3,4,"<2.2e-16",0.055,2852.1,"<",6037.8,4,"<2.2e-16",0.034,1276.9,"<"
105,"ex105","faces_ex105.lst",1,"Poisson","(v)","(v)","(v)",0.17305,0.02486,0.02025,0.02038,0.02023,0.9882,0.1732,0.1449,0.1459,0.1447,0.4735,0.05156,0.04032,0.04051,0.04028,38026,4,"<2.2e-16",0.217,66824,"<",37744,4,"<2.2e-16",0.216,67652,"<",36229,4,"<2.2e-16",0.207,66292,"<"
106,"ex106","faces_ex106.lst",1,"Poisson","(iii)","(iii)","(iii)",0.04214,0.0447,0.0415,0.04229,0.04211,0.3006,0.3174,0.296,0.302,0.3004,0.08474,0.0904,0.08333,0.08495,0.08464,18153,4,"<2.2e-16",0.104,1573.1,"<",14745,4,"<2.2e-16",0.084,1963.1,"<",10383,4,"<2.2e-16",0.059,1008.2,"<"
107,"ex107","faces_ex107.lst",1,"Poisson","(iii)","(iii)","(iii)",0.02973,0.03203,0.02957,0.02988,0.02961,0.2124,0.2282,0.2114,0.2139,0.2118,0.05944,0.06422,0.05903,0.05956,0.05911,9530.4,4,"<2.2e-16",0.054,2298.9,"<",8466.2,4,"<2.2e-16",0.048,2769.1,"<",5351.1,4,"<2.2e-16",0.031,1407.6,"<"
108,"ex108","faces_ex108.lst",1,"Poisson","(v)","(v)","(v)",0.1625,0.02499,0.02096,0.0211,0.02086,0.93,0.1748,0.15,0.1513,0.1493,0.44325,0.0515,0.04166,0.04185,0.04146,30493,4,"<2.2e-16",0.174,55895,"<",30285,4,"<2.2e-16",0.173,56426,"<",29643,4,"<2.2e-16",0.169,55508,"<"
109,"ex109","faces_ex109.lst",1,"Poisson","(iii)","(iii)","(iii)",0.06075,0.07085,0.05903,0.0624,0.06078,0.4264,0.4948,0.4148,0.4412,0.4266,0.1254,0.1471,0.1213,0.1282,0.1255,28398,4,"<2.2e-16",0.162,9044.4,"<",27904,4,"<2.2e-16",0.159,10888,"<",17411,4,"<2.2e-16",0.099,5365.5,"<"
110,"ex110","faces_ex110.lst",1,"Poisson","(i)","(i)","(i)",0.04256,0.05017,0.04286,0.04421,0.04257,0.3001,0.352,0.3021,0.3138,0.3002,0.08657,0.1029,0.08732,0.0895,0.0866,21979,4,"<2.2e-16",0.126,11090,"<",22672,4,"<2.2e-16",0.13,12073,"<",13474,4,"<2.2e-16",0.077,6781.5,"<"
111,"ex111","faces_ex111.lst",1,"Poisson","(v)","(v)","(v)",0.0402,0.0348,0.0307,0.0313,0.0301,0.2674,0.2443,0.2164,0.2224,0.2124,0.0897,0.0711,0.0623,0.0629,0.0609,17306,4,"<2.2e-16",0.099,1470.4,"<",17105,4,"<2.2e-16",0.098,1465,"<",10528,4,"<2.2e-16",0.06,1478.4,"<"
112,"ex112","faces_ex112.lst",1,"Poisson","(iii)","(iii)","(iii)",0.06119,0.071,0.05951,0.06295,0.06122,0.4296,0.4961,0.4183,0.4452,0.4299,0.1262,0.1474,0.1223,0.1293,0.1263,27516,4,"<2.2e-16",0.157,8754.7,"<",27437,4,"<2.2e-16",0.157,10428,"<",16736,4,"<2.2e-16",0.096,5237.7,"<"
113,"ex113","faces_ex113.lst",1,"Poisson","(i)","(i)","(i)",0.04293,0.05047,0.0433,0.04464,0.04294,0.3027,0.3541,0.305,0.3168,0.3027,0.08736,0.10352,0.08831,0.09041,0.0874,20743,4,"<2.2e-16",0.119,10338,"<",21821,4,"<2.2e-16",0.125,11402,"<",12570,4,"<2.2e-16",0.072,6293.4,"<"
114,"ex114","faces_ex114.lst",1,"Poisson","(v)","(v)","(v)",0.0394,0.0349,0.031,0.0315,0.0303,0.2637,0.2449,0.2185,0.2242,0.2141,0.0873,0.0711,0.0628,0.0633,0.0614,16345,4,"<2.2e-16",0.093,1324.1,"<",16413,4,"<2.2e-16",0.094,1320.1,"<",9922.2,4,"<2.2e-16",0.057,1330.1,"<"
115,"ex115","faces_ex115.lst",1,"Poisson","(iii)","(iii)","(iii)",0.06384,0.07361,0.06267,0.06607,0.06386,0.4463,0.5127,0.4387,0.4656,0.4465,0.1326,0.1538,0.1297,0.1366,0.1326,21839,4,"<2.2e-16",0.125,7100.9,"<",22700,4,"<2.2e-16",0.13,8631.9,"<",12589,4,"<2.2e-16",0.072,4215.2,"<"
116,"ex116","faces_ex116.lst",1,"Poisson","(v)","(i)","(v)",0.04458,0.05184,0.04551,0.04682,0.04457,0.3136,0.3632,0.3199,0.3319,0.3136,0.09107,0.10654,0.09332,0.09514,0.09101,18202,4,"<2.2e-16",0.104,7917.9,"<",19301,4,"<2.2e-16",0.11,8880.1,"<",10693,4,"<2.2e-16",0.061,4701.1,"<"
117,"ex117","faces_ex117.lst",1,"Poisson","(v)","(v)","(v)",0.03693,0.03556,0.03259,0.03321,0.03148,0.2517,0.2497,0.2298,0.2363,0.2222,0.0793,0.0726,0.0664,0.0667,0.0638,14776,4,"<2.2e-16",0.084,716.24,"<",14929,4,"<2.2e-16",0.085,758.11,"<",8623.1,4,"<2.2e-16",0.049,691.01,"<"
118,"ex118","faces_ex118.lst",1,"Poisson","(iii)","(iii)","(iii)",0.05471,0.06166,0.054,0.05575,0.05474,0.3841,0.4306,0.379,0.3928,0.3843,0.1126,0.1274,0.111,0.1145,0.1126,20161,4,"<2.2e-16",0.115,5700.2,"<",19215,4,"<2.2e-16",0.11,6852,"<",11581,4,"<2.2e-16",0.066,3352.4,"<"
119,"ex119","faces_ex119.lst",1,"Poisson","(v)","(v)","(v)",0.0384,0.04423,0.03886,0.03947,0.03839,0.2707,0.3101,0.2738,0.2792,0.2706,0.078,0.09048,0.07911,0.08003,0.07799,18133,4,"<2.2e-16",0.104,7774.8,"<",18291,4,"<2.2e-16",0.105,8792.6,"<",11254,4,"<2.2e-16",0.064,4734.7,"<"
120,"ex120","faces_ex120.lst",1,"Poisson","(v)","(v)","(v)",0.0687,0.0314,0.0278,0.028,0.0273,0.419,0.22,0.196,0.198,0.193,0.173,0.0643,0.0564,0.0565,0.0553,11588,4,"<2.2e-16",0.066,8035.3,"<",11324,4,"<2.2e-16",0.065,7941.9,"<",7692.1,4,"<2.2e-16",0.044,8113.5,"<"
121,"ex121","faces_ex121.lst",1,"Poisson","(iii)","(iii)","(iii)",0.05491,0.06227,0.05426,0.056,0.05496,0.3859,0.4343,0.3812,0.3948,0.3862,0.1129,0.129,0.1114,0.1149,0.113,19502,4,"<2.2e-16",0.111,5690.1,"<",18513,4,"<2.2e-16",0.106,6778.3,"<",11862,4,"<2.2e-16",0.068,3505.9,"<"
122,"ex122","faces_ex122.lst",1,"Poisson","(v)","(i)","(v)",0.03861,0.0444,0.0391,0.03968,0.0386,0.272,0.3111,0.2754,0.2805,0.272,0.07864,0.09103,0.07973,0.08057,0.07858,18085,4,"<2.2e-16",0.103,7760.4,"<",17753,4,"<2.2e-16",0.101,8625.8,"<",11231,4,"<2.2e-16",0.064,4792.7,"<"
123,"ex123","faces_ex123.lst",1,"Poisson","(v)","(v)","(v)",0.0667,0.0317,0.0279,0.0281,0.0274,0.408,0.222,0.197,0.199,0.193,0.1674,0.0651,0.0567,0.0569,0.0556,11693,4,"<2.2e-16",0.067,7447.9,"<",11577,4,"<2.2e-16",0.066,7346.5,"<",7543.9,4,"<2.2e-16",0.043,7533.7,"<"
124,"ex124","faces_ex124.lst",1,"Poisson","(iii)","(iii)","(iii)",0.05669,0.06407,0.05625,0.05796,0.05672,0.398,0.4474,0.395,0.4085,0.3982,0.1168,0.1327,0.1158,0.1193,0.1169,16973,4,"<2.2e-16",0.097,5369.4,"<",16616,4,"<2.2e-16",0.095,6422.2,"<",9851.1,4,"<2.2e-16",0.056,3217.3,"<"
125,"ex125","faces_ex125.lst",1,"Poisson","(v)","(v)","(v)",0.03983,0.04564,0.04056,0.0411,0.03981,0.2803,0.3196,0.2854,0.2906,0.2802,0.08123,0.09373,0.08293,0.08359,0.08116,16890,4,"<2.2e-16",0.096,6814.8,"<",16737,4,"<2.2e-16",0.096,7573.2,"<",10084,4,"<2.2e-16",0.058,4158.2,"<"
126,"ex126","faces_ex126.lst",1,"Poisson","(v)","(v)","(v)",0.0568,0.0322,0.029,0.0292,0.0283,0.355,0.226,0.204,0.207,0.199,0.1385,0.0659,0.0589,0.059,0.0573,11093,4,"<2.2e-16",0.063,5006.8,"<",10632,4,"<2.2e-16",0.061,4904,"<",6702.8,4,"<2.2e-16",0.038,5088.8,"<"
127,"ex127","faces_ex127.lst",1,"Poisson","(iii)","(iii)","(iii)",0.0513,0.0567,0.05117,0.05211,0.05133,0.3595,0.3951,0.3584,0.3657,0.3597,0.1057,0.1173,0.1055,0.1074,0.1058,15468,4,"<2.2e-16",0.088,3939.5,"<",14073,4,"<2.2e-16",0.08,4675.7,"<",8414.9,4,"<2.2e-16",0.048,2371.6,"<"
128,"ex128","faces_ex128.lst",1,"Poisson","(v)","(v)","(v)",0.03614,0.04084,0.03661,0.03692,0.03611,0.2539,0.2854,0.2573,0.2601,0.2538,0.07381,0.0839,0.07483,0.07528,0.07371,15687,4,"<2.2e-16",0.09,5537.8,"<",15335,4,"<2.2e-16",0.088,6438.4,"<",9403.3,4,"<2.2e-16",0.054,3351.7,"<"
129,"ex129","faces_ex129.lst",1,"Poisson","(v)","(v)","(v)",0.09946,0.02987,0.02605,0.02617,0.02564,0.5855,0.2077,0.1834,0.1846,0.1803,0.262,0.0618,0.0531,0.0532,0.0522,11999,4,"<2.2e-16",0.069,17565,"<",11888,4,"<2.2e-16",0.068,17550,"<",9287,4,"<2.2e-16",0.053,17595,"<"
130,"ex130","faces_ex130.lst",1,"Poisson","(iii)","(iii)","(iii)",0.05144,0.05691,0.05128,0.05221,0.05147,0.361,0.397,0.3597,0.367,0.3611,0.1059,0.1177,0.1055,0.1074,0.1059,15743,4,"<2.2e-16",0.09,3838.5,"<",14267,4,"<2.2e-16",0.082,4613.6,"<",8770.9,4,"<2.2e-16",0.05,2346.4,"<"
131,"ex131","faces_ex131.lst",1,"Poisson","(v)","(v)","(v)",0.03612,0.04083,0.03657,0.03687,0.03605,0.2539,0.2856,0.2571,0.2597,0.2536,0.07373,0.08377,0.07474,0.07517,0.07351,15636,4,"<2.2e-16",0.089,5585.1,"<",14959,4,"<2.2e-16",0.085,6475.5,"<",9653.3,4,"<2.2e-16",0.055,3403.3,"<"
132,"ex132","faces_ex132.lst",1,"Poisson","(v)","(v)","(v)",0.09664,0.02989,0.02612,0.02625,0.02567,0.5702,0.2079,0.1838,0.1851,0.1806,0.2539,0.0618,0.0531,0.0533,0.0522,11545,4,"<2.2e-16",0.066,16626,"<",11287,4,"<2.2e-16",0.064,16606,"<",9035.4,4,"<2.2e-16",0.052,16653,"<"
133,"ex133","faces_ex133.lst",1,"Poisson","(iii)","(iii)","(i)",0.05237,0.05818,0.05236,0.05328,0.05242,0.3675,0.4057,0.3674,0.3745,0.3678,0.1078,0.1204,0.1078,0.1096,0.1079,14745,4,"<2.2e-16",0.084,4207.5,"<",13618,4,"<2.2e-16",0.078,4939.8,"<",8194.4,4,"<2.2e-16",0.047,2578.5,"<"
134,"ex134","faces_ex134.lst",1,"Poisson","(v)","(v)","(v)",0.03698,0.0419,0.03756,0.03783,0.03694,0.2598,0.293,0.264,0.2666,0.2596,0.07556,0.08612,0.07685,0.07718,0.07543,15788,4,"<2.2e-16",0.09,5758.9,"<",15071,4,"<2.2e-16",0.086,6577.7,"<",9494.3,4,"<2.2e-16",0.054,3524.2,"<"
135,"ex135","faces_ex135.lst",1,"Poisson","(v)","(v)","(v)",0.0879,0.0302,0.0268,0.0269,0.0263,0.5232,0.2105,0.1889,0.1901,0.185,0.2286,0.0621,0.0545,0.0545,0.0534,9766.7,4,"<2.2e-16",0.056,13669,"<",9535.7,4,"<2.2e-16",0.054,13615,"<",7118.4,4,"<2.2e-16",0.041,13722,"<"
136,"ex136","faces_ex136.lst",1,"Poisson","(i)","(i)","(i)",0.08159,0.09948,0.08399,0.08775,0.08174,0.5578,0.6784,0.5741,0.6074,0.5589,0.1734,0.2142,0.1796,0.1861,0.1738,23137,4,"<2.2e-16",0.132,10301,"<",28911,4,"<2.2e-16",0.165,13662,"<",12317,4,"<2.2e-16",0.07,5966.5,"<"
137,"ex137","faces_ex137.lst",1,"Poisson","(i)","(i)","(i)",0.0566,0.06873,0.06153,0.06232,0.05674,0.3937,0.4749,0.425,0.4368,0.3945,0.1167,0.1433,0.129,0.1283,0.117,33287,4,"<2.2e-16",0.19,10733,"<",33566,4,"<2.2e-16",0.192,12128,"<",22720,4,"<2.2e-16",0.13,6577.4,"<"
138,"ex138","faces_ex138.lst",1,"Poisson","(i)","(i)","(i)",0.04141,0.04698,0.04472,0.04486,0.04145,0.2892,0.3266,0.3105,0.3159,0.2895,0.08502,0.09674,0.09262,0.09114,0.0851,18907,4,"<2.2e-16",0.108,5400.5,"<",18975,4,"<2.2e-16",0.108,5870.9,"<",11565,4,"<2.2e-16",0.066,3116,"<"
139,"ex139","faces_ex139.lst",1,"Poisson","(i)","(i)","(i)",0.08169,0.0995,0.08408,0.08778,0.08182,0.5585,0.6785,0.5748,0.6076,0.5594,0.1738,0.2145,0.1799,0.1863,0.1741,23007,4,"<2.2e-16",0.131,10109,"<",28825,4,"<2.2e-16",0.165,13438,"<",12291,4,"<2.2e-16",0.07,5886.8,"<"
140,"ex140","faces_ex140.lst",1,"Poisson","(i)","(i)","(i)",0.05707,0.06875,0.0621,0.06275,0.05719,0.3966,0.4746,0.4287,0.4398,0.3974,0.1178,0.1436,0.1304,0.1292,0.1181,31801,4,"<2.2e-16",0.182,9808.9,"<",32196,4,"<2.2e-16",0.184,11108,"<",21713,4,"<2.2e-16",0.124,6068.5,"<"
141,"ex141","faces_ex141.lst",1,"Poisson","(i)","(i)","(i)",0.04134,0.04693,0.04468,0.04477,0.04139,0.2886,0.3262,0.3099,0.315,0.2889,0.08494,0.09675,0.09268,0.09102,0.08503,18632,4,"<2.2e-16",0.106,5512.5,"<",18493,4,"<2.2e-16",0.106,5938.6,"<",11708,4,"<2.2e-16",0.067,3201.2,"<"
142,"ex142","faces_ex142.lst",1,"Poisson","(i)","(i)","(i)",0.08361,0.10178,0.08661,0.09019,0.08374,0.5709,0.6934,0.5914,0.6248,0.5719,0.1782,0.2199,0.1859,0.1914,0.1785,22482,4,"<2.2e-16",0.128,9796.4,"<",29056,4,"<2.2e-16",0.166,13176,"<",11708,4,"<2.2e-16",0.067,5696.8,"<"
143,"ex143","faces_ex143.lst",1,"Poisson","(i)","(i)","(i)",0.05813,0.07009,0.06387,0.06419,0.05827,0.4043,0.4839,0.4409,0.451,0.4051,0.1199,0.1463,0.1342,0.1319,0.1202,32464,4,"<2.2e-16",0.185,9870.4,"<",32858,4,"<2.2e-16",0.188,11049,"<",22353,4,"<2.2e-16",0.128,6165.8,"<"
144,"ex144","faces_ex144.lst",1,"Poisson","(i)","(i)","(i)",0.04219,0.04775,0.04619,0.046,0.04222,0.2945,0.3316,0.3204,0.3243,0.2948,0.08661,0.09848,0.09599,0.09341,0.08665,19355,4,"<2.2e-16",0.111,5499.3,"<",19381,4,"<2.2e-16",0.111,5978.8,"<",12525,4,"<2.2e-16",0.072,3302.3,"<"
145,"ex145","faces_ex145.lst",1,"Poisson","(i)","(i)","(i)",0.07738,0.09345,0.08107,0.08355,0.07755,0.5285,0.6339,0.5538,0.5752,0.5296,0.1645,0.2014,0.1734,0.1778,0.1649,23883,4,"<2.2e-16",0.136,8972.8,"<",27082,4,"<2.2e-16",0.155,11296,"<",13170,4,"<2.2e-16",0.075,5426.6,"<"
146,"ex146","faces_ex146.lst",1,"Poisson","(i)","(i)","(i)",0.05412,0.06528,0.05906,0.05968,0.05425,0.3753,0.4487,0.4078,0.4165,0.376,0.1119,0.1367,0.1237,0.1232,0.1123,32947,4,"<2.2e-16",0.188,10285,"<",32392,4,"<2.2e-16",0.185,11295,"<",22167,4,"<2.2e-16",0.127,6467.1,"<"
147,"ex147","faces_ex147.lst",1,"Poisson","(v)","(v)","(v)",0.03957,0.04488,0.0424,0.0427,0.03945,0.2754,0.3108,0.2941,0.2993,0.2748,0.08171,0.09286,0.08779,0.08719,0.08131,18581,4,"<2.2e-16",0.106,4410.4,"<",18132,4,"<2.2e-16",0.104,5038.6,"<",11491,4,"<2.2e-16",0.066,2485.6,"<"
148,"ex148","faces_ex148.lst",1,"Poisson","(i)","(i)","(i)",0.07729,0.09354,0.08096,0.08338,0.07749,0.5281,0.6355,0.5534,0.5743,0.5295,0.1643,0.2013,0.1731,0.1773,0.1648,24160,4,"<2.2e-16",0.138,9089.7,"<",27696,4,"<2.2e-16",0.158,11561,"<",13196,4,"<2.2e-16",0.075,5412.5,"<"
149,"ex149","faces_ex149.lst",1,"Poisson","(i)","(i)","(i)",0.0541,0.06509,0.05914,0.05976,0.05426,0.375,0.4477,0.4082,0.4168,0.3759,0.112,0.136,0.124,0.1236,0.1123,33200,4,"<2.2e-16",0.19,9981,"<",32674,4,"<2.2e-16",0.187,11095,"<",22082,4,"<2.2e-16",0.126,6120.1,"<"
150,"ex150","faces_ex150.lst",1,"Poisson","(v)","(v)","(v)",0.03972,0.04503,0.04247,0.04274,0.03957,0.2763,0.3116,0.2947,0.2994,0.2756,0.08205,0.09326,0.08801,0.08732,0.08158,17901,4,"<2.2e-16",0.102,4269.5,"<",17344,4,"<2.2e-16",0.099,4867.5,"<",11466,4,"<2.2e-16",0.066,2416.4,"<"
151,"ex151","faces_ex151.lst",1,"Poisson","(i)","(i)","(i)",0.07852,0.09523,0.08241,0.08465,0.07871,0.5368,0.6472,0.5641,0.5842,0.538,0.1667,0.2052,0.1761,0.1798,0.1672,23301,4,"<2.2e-16",0.133,9017.8,"<",26763,4,"<2.2e-16",0.153,11437,"<",12987,4,"<2.2e-16",0.074,5481.5,"<"
152,"ex152","faces_ex152.lst",1,"Poisson","(i)","(i)","(i)",0.05475,0.06591,0.06007,0.06046,0.05488,0.3798,0.4531,0.4148,0.4222,0.3806,0.1131,0.1378,0.1259,0.1249,0.1134,31952,4,"<2.2e-16",0.183,9824.8,"<",31352,4,"<2.2e-16",0.179,10785,"<",21758,4,"<2.2e-16",0.124,6194.4,"<"
153,"ex153","faces_ex153.lst",1,"Poisson","(v)","(v)","(v)",0.04021,0.04554,0.04339,0.04347,0.04017,0.2798,0.3151,0.301,0.3048,0.2797,0.08306,0.09431,0.09003,0.0888,0.08289,18458,4,"<2.2e-16",0.105,4705.5,"<",17974,4,"<2.2e-16",0.103,5230.3,"<",11238,4,"<2.2e-16",0.064,2680.2,"<"
154,"ex154","faces_ex154.lst",1,"Poisson","(i)","(i)","(i)",0.07491,0.09025,0.07951,0.08102,0.07514,0.5111,0.6105,0.5433,0.556,0.5125,0.1594,0.1949,0.1701,0.1727,0.16,25625,4,"<2.2e-16",0.146,8253.4,"<",27664,4,"<2.2e-16",0.158,10325,"<",13878,4,"<2.2e-16",0.079,5087.3,"<"
155,"ex155","faces_ex155.lst",1,"Poisson","(i)","(i)","(i)",0.05231,0.06288,0.05733,0.05787,0.05245,0.3621,0.4312,0.3961,0.4025,0.3629,0.1084,0.1318,0.1199,0.1199,0.1087,32947,4,"<2.2e-16",0.188,9803.9,"<",31677,4,"<2.2e-16",0.181,10716,"<",22023,4,"<2.2e-16",0.126,6146.5,"<"
156,"ex156","faces_ex156.lst",1,"Poisson","(v)","(v)","(v)",0.03888,0.04365,0.0411,0.04149,0.03836,0.2695,0.3013,0.2854,0.2902,0.2668,0.08095,0.09076,0.08499,0.08495,0.07939,18376,4,"<2.2e-16",0.105,2754.7,"<",17904,4,"<2.2e-16",0.102,3413.8,"<",11066,4,"<2.2e-16",0.063,1499.4,"<"
157,"ex157","faces_ex157.lst",1,"Poisson","(i)","(i)","(i)",0.075,0.09031,0.07964,0.08114,0.07521,0.5121,0.6111,0.5444,0.5571,0.5134,0.1593,0.1947,0.1702,0.1729,0.1599,25260,4,"<2.2e-16",0.144,8238.4,"<",27626,4,"<2.2e-16",0.158,10287,"<",13785,4,"<2.2e-16",0.079,5084.6,"<"
158,"ex158","faces_ex158.lst",1,"Poisson","(i)","(i)","(i)",0.05233,0.06302,0.05735,0.05789,0.05247,0.362,0.4313,0.396,0.4026,0.3628,0.1086,0.1324,0.12,0.1199,0.1089,32825,4,"<2.2e-16",0.188,9630.7,"<",31818,4,"<2.2e-16",0.182,10545,"<",21593,4,"<2.2e-16",0.123,6093.8,"<"
159,"ex159","faces_ex159.lst",1,"Poisson","(v)","(v)","(v)",0.03912,0.044,0.04137,0.04173,0.03858,0.2708,0.3033,0.2869,0.2914,0.268,0.08158,0.09156,0.08568,0.08557,0.07999,18524,4,"<2.2e-16",0.106,2869.6,"<",17757,4,"<2.2e-16",0.101,3528.6,"<",10995,4,"<2.2e-16",0.063,1545.9,"<"
160,"ex160","faces_ex160.lst",1,"Poisson","(i)","(i)","(i)",0.07554,0.09109,0.08024,0.08167,0.07576,0.5162,0.6167,0.5491,0.5615,0.5175,0.1605,0.1965,0.1715,0.1739,0.161,24720,4,"<2.2e-16",0.141,8347.1,"<",27522,4,"<2.2e-16",0.157,10360,"<",13397,4,"<2.2e-16",0.077,5155.3,"<"
161,"ex161","faces_ex161.lst",1,"Poisson","(i)","(i)","(i)",0.05279,0.06342,0.05799,0.05845,0.05295,0.3657,0.4352,0.4011,0.407,0.3667,0.1092,0.1327,0.121,0.1209,0.1096,31982,4,"<2.2e-16",0.183,9640.7,"<",31594,4,"<2.2e-16",0.181,10575,"<",21707,4,"<2.2e-16",0.124,6105.2,"<"
162,"ex162","faces_ex162.lst",1,"Poisson","(v)","(v)","(v)",0.03929,0.0442,0.04181,0.0421,0.03892,0.2723,0.3051,0.2904,0.2943,0.2704,0.08164,0.09189,0.08637,0.08618,0.08057,17973,4,"<2.2e-16",0.103,3233.4,"<",17648,4,"<2.2e-16",0.101,3943.3,"<",11130,4,"<2.2e-16",0.064,1769.7,"<"
163,"ex163","faces_ex163.lst",1,"Poisson","(iii)","(iii)","(iii)",0.0428,0.04745,0.0389,0.04043,0.04,0.3001,0.3344,0.2768,0.2886,0.2849,0.08851,0.09692,0.07827,0.0813,0.08067,28979,4,"<2.2e-16",0.166,2106.7,"<",27102,4,"<2.2e-16",0.155,2907.6,"<",17365,4,"<2.2e-16",0.099,1350.1,"<"
164,"ex164","faces_ex164.lst",1,"Poisson","(iii)","(iii)","(iii)",0.02838,0.03373,0.02786,0.02854,0.02805,0.2018,0.2391,0.1986,0.2041,0.2,0.05712,0.06821,0.0558,0.057,0.05623,25758,4,"<2.2e-16",0.147,5555,"<",25255,4,"<2.2e-16",0.144,7521.7,"<",15728,4,"<2.2e-16",0.09,3350.5,"<"
165,"ex165","faces_ex165.lst",1,"Poisson","(iii)","(iii)","(v)",0.0649,0.024,0.0198,0.0202,0.0198,0.392,0.169,0.141,0.144,0.141,0.1676,0.0489,0.0396,0.0402,0.0395,16576,4,"<2.2e-16",0.095,8609.8,"<",16365,4,"<2.2e-16",0.093,8610.7,"<",11128,4,"<2.2e-16",0.064,8640.7,"<"
166,"ex166","faces_ex166.lst",1,"Poisson","(iii)","(iii)","(iii)",0.04331,0.04806,0.03925,0.04078,0.04033,0.3033,0.3381,0.2792,0.2909,0.2871,0.0898,0.0985,0.0791,0.0821,0.0814,27851,4,"<2.2e-16",0.159,2022.1,"<",25563,4,"<2.2e-16",0.146,2770,"<",17059,4,"<2.2e-16",0.097,1322,"<"
167,"ex167","faces_ex167.lst",1,"Poisson","(iii)","(iii)","(iii)",0.0286,0.03397,0.02813,0.02881,0.02828,0.2034,0.2405,0.2005,0.2061,0.2017,0.05753,0.06874,0.05633,0.05751,0.05664,23628,4,"<2.2e-16",0.135,4918.4,"<",23520,4,"<2.2e-16",0.134,6795,"<",14234,4,"<2.2e-16",0.081,2956.4,"<"
168,"ex168","faces_ex168.lst",1,"Poisson","(iii)","(v)","(v)",0.0647,0.0239,0.02,0.0204,0.02,0.391,0.169,0.143,0.146,0.142,0.167,0.0487,0.0401,0.0406,0.0399,15321,4,"<2.2e-16",0.088,8584.1,"<",15306,4,"<2.2e-16",0.087,8585.5,"<",10184,4,"<2.2e-16",0.058,8609.5,"<"
169,"ex169","faces_ex169.lst",1,"Poisson","(iii)","(iii)","(iii)",0.04498,0.05006,0.04196,0.04346,0.04277,0.3161,0.3522,0.2982,0.3096,0.3042,0.09283,0.10271,0.08484,0.08795,0.08659,20047,4,"<2.2e-16",0.115,2015.8,"<",18566,4,"<2.2e-16",0.106,2721,"<",12104,4,"<2.2e-16",0.069,1283.3,"<"
170,"ex170","faces_ex170.lst",1,"Poisson","(v)","(v)","(v)",0.03028,0.03504,0.03012,0.03081,0.03001,0.2153,0.2481,0.2146,0.2203,0.2138,0.06099,0.07098,0.06049,0.06167,0.06022,15409,4,"<2.2e-16",0.088,3965.3,"<",15319,4,"<2.2e-16",0.088,5150.5,"<",9303.6,4,"<2.2e-16",0.053,2448.2,"<"
171,"ex171","faces_ex171.lst",1,"Poisson","(v)","(v)","(v)",0.0567,0.0245,0.0215,0.0219,0.0212,0.348,0.173,0.153,0.157,0.151,0.1432,0.0498,0.0432,0.0436,0.0425,9039.4,4,"<2.2e-16",0.052,6459.1,"<",8961.7,4,"<2.2e-16",0.051,6421.8,"<",5373.5,4,"<2.2e-16",0.031,6502,"<"
172,"ex172","faces_ex172.lst",1,"Poisson","(iii)","(iii)","(iii)",0.03984,0.03944,0.03416,0.03483,0.03466,0.2748,0.2782,0.2428,0.248,0.2465,0.0842,0.0803,0.0687,0.0701,0.0698,18807,4,"<2.2e-16",0.107,1026.8,"<",16807,4,"<2.2e-16",0.096,1226.3,"<",10942,4,"<2.2e-16",0.063,854.05,"<"
173,"ex173","faces_ex173.lst",1,"Poisson","(iii)","(iii)","(iii)",0.02494,0.02836,0.02444,0.0247,0.02448,0.1768,0.2007,0.174,0.1762,0.1743,0.05037,0.05743,0.04902,0.04947,0.0491,17502,4,"<2.2e-16",0.1,2225,"<",16842,4,"<2.2e-16",0.096,3200.5,"<",10527,4,"<2.2e-16",0.06,1370,"<"
174,"ex174","faces_ex174.lst",1,"Poisson","(v)","(v)","(v)",0.0762,0.0217,0.0174,0.0175,0.0173,0.452,0.151,0.124,0.125,0.123,0.2014,0.0452,0.0348,0.035,0.0347,14267,4,"<2.2e-16",0.082,12010,"<",14146,4,"<2.2e-16",0.081,12073,"<",10113,4,"<2.2e-16",0.058,11993,"<"
175,"ex175","faces_ex175.lst",1,"Poisson","(iii)","(iii)","(iii)",0.0402,0.03972,0.03447,0.03514,0.03496,0.2772,0.2802,0.2451,0.2503,0.2487,0.085,0.0809,0.0694,0.0707,0.0704,18019,4,"<2.2e-16",0.103,1018.7,"<",16369,4,"<2.2e-16",0.094,1217.1,"<",10594,4,"<2.2e-16",0.061,847.34,"<"
176,"ex176","faces_ex176.lst",1,"Poisson","(iii)","(iii)","(iii)",0.02499,0.02857,0.02457,0.02482,0.0246,0.1771,0.2018,0.1747,0.1769,0.175,0.05049,0.05797,0.04934,0.04976,0.0494,17171,4,"<2.2e-16",0.098,2335,"<",17176,4,"<2.2e-16",0.098,3324.9,"<",10622,4,"<2.2e-16",0.061,1461.6,"<"
177,"ex177","faces_ex177.lst",1,"Poisson","(v)","(v)","(v)",0.076,0.0218,0.0174,0.0175,0.0173,0.451,0.152,0.124,0.125,0.123,0.2008,0.0454,0.0349,0.035,0.0347,13717,4,"<2.2e-16",0.078,11900,"<",13453,4,"<2.2e-16",0.077,11968,"<",9769.4,4,"<2.2e-16",0.056,11885,"<"
178,"ex178","faces_ex178.lst",1,"Poisson","(iii)","(iii)","(iii)",0.04142,0.04157,0.03615,0.03682,0.03654,0.2867,0.293,0.2572,0.2623,0.2601,0.0872,0.0849,0.0728,0.0742,0.0737,14838,4,"<2.2e-16",0.085,992.95,"<",13404,4,"<2.2e-16",0.077,1194,"<",8626.1,4,"<2.2e-16",0.049,808.06,"<"
179,"ex179","faces_ex179.lst",1,"Poisson","(v)","(v)","(v)",0.02621,0.02956,0.02585,0.0261,0.02577,0.1859,0.2092,0.1841,0.1862,0.1835,0.05295,0.05986,0.05187,0.05227,0.05169,13559,4,"<2.2e-16",0.077,2246.2,"<",13341,4,"<2.2e-16",0.076,3114.1,"<",8349.6,4,"<2.2e-16",0.048,1389.3,"<"
180,"ex180","faces_ex180.lst",1,"Poisson","(v)","(v)","(v)",0.0734,0.0221,0.0184,0.0185,0.0182,0.437,0.154,0.131,0.132,0.13,0.193,0.0458,0.0368,0.0369,0.0365,9630.3,4,"<2.2e-16",0.055,11059,"<",9454.8,4,"<2.2e-16",0.054,11094,"<",6913.3,4,"<2.2e-16",0.039,11059,"<"
181,"ex181","faces_ex181.lst",1,"Poisson","(iii)","(iii)","(iii)",0.0388,0.0351,0.0314,0.0317,0.0316,0.2637,0.2471,0.2229,0.2253,0.2246,0.0837,0.0716,0.0634,0.064,0.0639,13693,4,"<2.2e-16",0.078,1073.5,"<",11488,4,"<2.2e-16",0.066,1118.9,"<",7804.4,4,"<2.2e-16",0.045,1027,"<"
182,"ex182","faces_ex182.lst",1,"Poisson","(iii)","(iii)","(iii)",0.02269,0.02535,0.02232,0.02243,0.02233,0.1606,0.1788,0.1586,0.1595,0.1586,0.04593,0.05152,0.04486,0.04503,0.04489,13085,4,"<2.2e-16",0.075,1459.4,"<",12478,4,"<2.2e-16",0.071,2063.5,"<",8287.1,4,"<2.2e-16",0.047,935.05,"<"
183,"ex183","faces_ex183.lst",1,"Poisson","(iii)","(iii)","(iii)",0.0828,0.0208,0.0158,0.0159,0.0159,0.487,0.143,0.113,0.113,0.113,0.221,0.0442,0.0318,0.0319,0.032,12473,4,"<2.2e-16",0.071,13956,"<",12178,4,"<2.2e-16",0.07,14058,"<",9450.3,4,"<2.2e-16",0.054,13926,"<"
184,"ex184","faces_ex184.lst",1,"Poisson","(iii)","(iii)","(iii)",0.039,0.0352,0.0315,0.0318,0.0318,0.265,0.2477,0.2237,0.2261,0.2253,0.0842,0.0717,0.0636,0.0642,0.0641,12890,4,"<2.2e-16",0.074,1075.3,"<",11053,4,"<2.2e-16",0.063,1119.6,"<",7392.5,4,"<2.2e-16",0.042,1028.5,"<"
185,"ex185","faces_ex185.lst",1,"Poisson","(v)","(iii)","(iii)",0.02288,0.02542,0.02244,0.02255,0.02243,0.1617,0.1793,0.1593,0.1602,0.1593,0.04642,0.05167,0.04517,0.04536,0.04517,13052,4,"<2.2e-16",0.075,1399.4,"<",12601,4,"<2.2e-16",0.072,1970,"<",7979.2,4,"<2.2e-16",0.046,886.86,"<"
186,"ex186","faces_ex186.lst",1,"Poisson","(iii)","(iii)","(iii)",0.0823,0.0208,0.016,0.016,0.016,0.484,0.143,0.113,0.114,0.113,0.2196,0.0441,0.0321,0.0321,0.0321,12058,4,"<2.2e-16",0.069,13866,"<",11907,4,"<2.2e-16",0.068,13968,"<",9178.4,4,"<2.2e-16",0.052,13829,"<"
187,"ex187","faces_ex187.lst",1,"Poisson","(iii)","(iii)","(iii)",0.0395,0.0364,0.0326,0.0329,0.0328,0.2699,0.2565,0.2314,0.2338,0.2328,0.0848,0.0741,0.0657,0.0663,0.0661,11988,4,"<2.2e-16",0.068,1029.2,"<",10559,4,"<2.2e-16",0.06,1087.4,"<",7051,4,"<2.2e-16",0.04,971.2,"<"
188,"ex188","faces_ex188.lst",1,"Poisson","(v)","(v)","(v)",0.02355,0.02617,0.02315,0.02326,0.0231,0.1665,0.1847,0.1645,0.1655,0.1642,0.0477,0.05313,0.04654,0.04671,0.04645,11933,4,"<2.2e-16",0.068,1384,"<",11480,4,"<2.2e-16",0.066,1961.9,"<",7207.1,4,"<2.2e-16",0.041,877.29,"<"
189,"ex189","faces_ex189.lst",1,"Poisson","(v)","(v)","(v)",0.0804,0.021,0.0164,0.0165,0.0163,0.475,0.144,0.117,0.117,0.116,0.214,0.0444,0.0329,0.033,0.0328,10419,4,"<2.2e-16",0.06,13268,"<",10329,4,"<2.2e-16",0.059,13372,"<",8141,4,"<2.2e-16",0.047,13230,"<"
190,"ex190","faces_ex190.lst",1,"Poisson","(iii)","(iii)","(iii)",0.05147,0.06296,0.05022,0.0517,0.05054,0.3586,0.4354,0.3511,0.3631,0.3536,0.1071,0.1318,0.1038,0.1066,0.1045,22304,4,"<2.2e-16",0.127,5607.3,"<",23102,4,"<2.2e-16",0.132,7451.3,"<",13323,4,"<2.2e-16",0.076,3413.8,"<"
191,"ex191","faces_ex191.lst",1,"Poisson","(v)","(v)","(v)",0.0357,0.0446,0.03618,0.03657,0.03547,0.2497,0.311,0.2534,0.2574,0.2485,0.07323,0.09202,0.07426,0.07461,0.07262,28540,4,"<2.2e-16",0.163,9099,"<",29605,4,"<2.2e-16",0.169,11797,"<",18597,4,"<2.2e-16",0.106,5492.5,"<"
192,"ex192","faces_ex192.lst",1,"Poisson","(v)","(v)","(v)",0.0363,0.0303,0.0259,0.026,0.0253,0.238,0.212,0.182,0.184,0.178,0.0828,0.0623,0.053,0.0529,0.0517,18723,4,"<2.2e-16",0.107,1664.9,"<",19339,4,"<2.2e-16",0.11,1689.8,"<",11550,4,"<2.2e-16",0.066,1655.6,"<"
193,"ex193","faces_ex193.lst",1,"Poisson","(iii)","(iii)","(iii)",0.05194,0.06334,0.05064,0.05213,0.05092,0.3614,0.4378,0.3537,0.3656,0.356,0.1082,0.1328,0.1047,0.1076,0.1053,22131,4,"<2.2e-16",0.126,5350.9,"<",22634,4,"<2.2e-16",0.129,7168.5,"<",13017,4,"<2.2e-16",0.074,3260,"<"
194,"ex194","faces_ex194.lst",1,"Poisson","(v)","(v)","(v)",0.03596,0.04496,0.03652,0.03692,0.03573,0.2519,0.3134,0.2561,0.2602,0.2507,0.07368,0.09281,0.07489,0.07523,0.07302,28056,4,"<2.2e-16",0.16,9297.6,"<",28756,4,"<2.2e-16",0.164,11720,"<",18209,4,"<2.2e-16",0.104,5705.3,"<"
195,"ex195","faces_ex195.lst",1,"Poisson","(v)","(v)","(v)",0.0356,0.0303,0.0261,0.0262,0.0255,0.235,0.212,0.183,0.185,0.178,0.0809,0.0623,0.0533,0.0532,0.052,17881,4,"<2.2e-16",0.102,1527.5,"<",18170,4,"<2.2e-16",0.104,1553.9,"<",11174,4,"<2.2e-16",0.064,1518.5,"<"
196,"ex196","faces_ex196.lst",1,"Poisson","(v)","(iii)","(v)",0.05374,0.06504,0.05285,0.05419,0.05282,0.3747,0.4502,0.3696,0.3807,0.3698,0.1118,0.1362,0.1093,0.1117,0.1091,18140,4,"<2.2e-16",0.104,5260.3,"<",18692,4,"<2.2e-16",0.107,6895.8,"<",10668,4,"<2.2e-16",0.061,3228.5,"<"
197,"ex197","faces_ex197.lst",1,"Poisson","(v)","(v)","(v)",0.03734,0.04607,0.03826,0.03851,0.03715,0.2613,0.3209,0.268,0.2714,0.2603,0.07655,0.09514,0.07863,0.07854,0.07601,25453,4,"<2.2e-16",0.145,8372.2,"<",26308,4,"<2.2e-16",0.15,10379,"<",16406,4,"<2.2e-16",0.094,5168.1,"<"
198,"ex198","faces_ex198.lst",1,"Poisson","(v)","(v)","(v)",0.0336,0.0309,0.0273,0.0273,0.0264,0.225,0.216,0.1916,0.1927,0.1851,0.0743,0.0635,0.0558,0.0552,0.0538,15676,4,"<2.2e-16",0.09,1069.1,"<",15911,4,"<2.2e-16",0.091,1106.9,"<",9765.2,4,"<2.2e-16",0.056,1036.4,"<"
199,"ex199","faces_ex199.lst",1,"Poisson","(v)","(v)","(v)",0.04851,0.05671,0.04687,0.04767,0.04668,0.3346,0.3909,0.3259,0.3324,0.3248,0.10205,0.11893,0.09736,0.09886,0.09684,16649,4,"<2.2e-16",0.095,3179.8,"<",17322,4,"<2.2e-16",0.099,4338.9,"<",9651.6,4,"<2.2e-16",0.055,1938.7,"<"
200,"ex200","faces_ex200.lst",1,"Poisson","(v)","(v)","(v)",0.03324,0.0404,0.03356,0.03379,0.03281,0.2313,0.2803,0.2344,0.2368,0.2291,0.06867,0.0837,0.06913,0.06934,0.06746,25593,4,"<2.2e-16",0.146,5982.6,"<",26594,4,"<2.2e-16",0.152,7907,"<",16500,4,"<2.2e-16",0.094,3676.3,"<"
201,"ex201","faces_ex201.lst",1,"Poisson","(v)","(v)","(v)",0.0445,0.0281,0.0239,0.024,0.0234,0.281,0.194,0.167,0.168,0.164,0.108,0.0582,0.0491,0.049,0.0481,15064,4,"<2.2e-16",0.086,3401.1,"<",15157,4,"<2.2e-16",0.087,3370.6,"<",9612.5,4,"<2.2e-16",0.055,3450.2,"<"
202,"ex202","faces_ex202.lst",1,"Poisson","(v)","(v)","(v)",0.0486,0.05702,0.04708,0.04788,0.04684,0.3354,0.3934,0.3275,0.334,0.326,0.1022,0.11941,0.0978,0.09929,0.09719,16640,4,"<2.2e-16",0.095,3320.5,"<",17244,4,"<2.2e-16",0.099,4578.8,"<",9343.8,4,"<2.2e-16",0.053,1989.3,"<"
203,"ex203","faces_ex203.lst",1,"Poisson","(v)","(v)","(v)",0.03327,0.04045,0.03367,0.03391,0.0329,0.2317,0.2806,0.2352,0.2377,0.2297,0.0687,0.08387,0.0694,0.0696,0.06765,25900,4,"<2.2e-16",0.148,6476.3,"<",26509,4,"<2.2e-16",0.151,8472.4,"<",16341,4,"<2.2e-16",0.093,3946.9,"<"
204,"ex204","faces_ex204.lst",1,"Poisson","(v)","(v)","(v)",0.0441,0.0282,0.024,0.0241,0.0235,0.278,0.195,0.168,0.169,0.164,0.1068,0.0584,0.0493,0.0492,0.0483,15588,4,"<2.2e-16",0.089,3313.8,"<",16020,4,"<2.2e-16",0.092,3277.4,"<",9916.7,4,"<2.2e-16",0.057,3367.6,"<"
205,"ex205","faces_ex205.lst",1,"Poisson","(v)","(v)","(v)",0.04955,0.05852,0.04826,0.04898,0.04791,0.3431,0.4036,0.3365,0.3424,0.3342,0.10381,0.12271,0.10006,0.10136,0.09918,16166,4,"<2.2e-16",0.092,3594.8,"<",16537,4,"<2.2e-16",0.094,4806.4,"<",9606.3,4,"<2.2e-16",0.055,2208.3,"<"
206,"ex206","faces_ex206.lst",1,"Poisson","(v)","(v)","(v)",0.03415,0.04152,0.03471,0.03487,0.03383,0.2381,0.2883,0.2428,0.2448,0.2364,0.07032,0.0859,0.07137,0.07137,0.06941,25597,4,"<2.2e-16",0.146,6886.2,"<",25740,4,"<2.2e-16",0.147,8666.6,"<",16160,4,"<2.2e-16",0.092,4274.9,"<"
207,"ex207","faces_ex207.lst",1,"Poisson","(v)","(v)","(v)",0.0417,0.0287,0.0247,0.0247,0.0241,0.266,0.199,0.173,0.174,0.169,0.0994,0.0595,0.0507,0.0505,0.0495,13959,4,"<2.2e-16",0.08,2732.9,"<",14197,4,"<2.2e-16",0.081,2695.1,"<",8837.4,4,"<2.2e-16",0.05,2782.1,"<"
208,"ex208","faces_ex208.lst",1,"Poisson","(v)","(v)","(v)",0.04695,0.05335,0.04491,0.04537,0.04442,0.3217,0.3667,0.3115,0.3152,0.308,0.09956,0.11209,0.09354,0.09438,0.0924,15096,4,"<2.2e-16",0.086,2261.3,"<",15610,4,"<2.2e-16",0.089,3104.4,"<",8864.7,4,"<2.2e-16",0.051,1404.7,"<"
209,"ex209","faces_ex209.lst",1,"Poisson","(v)","(v)","(v)",0.03175,0.03798,0.03204,0.03222,0.03127,0.2199,0.2624,0.2229,0.2246,0.2173,0.06598,0.07899,0.06627,0.06645,0.06462,24487,4,"<2.2e-16",0.14,5179.6,"<",25380,4,"<2.2e-16",0.145,6868.3,"<",15368,4,"<2.2e-16",0.088,3159.2,"<"
210,"ex210","faces_ex210.lst",1,"Poisson","(v)","(v)","(v)",0.0485,0.0269,0.0228,0.0229,0.0223,0.301,0.185,0.159,0.16,0.155,0.1205,0.0562,0.0469,0.047,0.0461,13969,4,"<2.2e-16",0.08,4358.2,"<",13944,4,"<2.2e-16",0.08,4328.5,"<",8651.6,4,"<2.2e-16",0.049,4411.9,"<"
211,"ex211","faces_ex211.lst",1,"Poisson","(v)","(v)","(v)",0.04716,0.05349,0.04507,0.04553,0.04457,0.3231,0.3679,0.3127,0.3164,0.3092,0.09997,0.11231,0.09379,0.0946,0.09264,15262,4,"<2.2e-16",0.087,2245.9,"<",15488,4,"<2.2e-16",0.088,3065.4,"<",8681.8,4,"<2.2e-16",0.05,1403.6,"<"
212,"ex212","faces_ex212.lst",1,"Poisson","(v)","(v)","(v)",0.03187,0.03816,0.03218,0.03236,0.03142,0.2209,0.2636,0.2241,0.2258,0.2185,0.06613,0.07939,0.0665,0.06666,0.06484,24342,4,"<2.2e-16",0.139,5204.7,"<",24783,4,"<2.2e-16",0.142,6896.5,"<",15313,4,"<2.2e-16",0.087,3240.7,"<"
213,"ex213","faces_ex213.lst",1,"Poisson","(v)","(v)","(v)",0.0483,0.0269,0.0229,0.023,0.0224,0.3,0.186,0.16,0.161,0.156,0.1198,0.0562,0.0471,0.0472,0.0463,13818,4,"<2.2e-16",0.079,4336.5,"<",14080,4,"<2.2e-16",0.08,4308.6,"<",8817.8,4,"<2.2e-16",0.05,4384.9,"<"
214,"ex214","faces_ex214.lst",1,"Poisson","(v)","(v)","(v)",0.04765,0.05446,0.04588,0.0463,0.04535,0.3274,0.3746,0.3187,0.3222,0.315,0.10079,0.11439,0.09551,0.09625,0.09427,14240,4,"<2.2e-16",0.081,2432.6,"<",14639,4,"<2.2e-16",0.084,3299.9,"<",8399.8,4,"<2.2e-16",0.048,1498.6,"<"
215,"ex215","faces_ex215.lst",1,"Poisson","(v)","(v)","(v)",0.0324,0.03884,0.03273,0.03286,0.03191,0.2248,0.2686,0.2281,0.2295,0.2222,0.06717,0.08074,0.0676,0.06768,0.06579,23923,4,"<2.2e-16",0.137,4917.5,"<",24084,4,"<2.2e-16",0.138,6506.4,"<",15297,4,"<2.2e-16",0.087,3024.1,"<"
216,"ex216","faces_ex216.lst",1,"Poisson","(v)","(v)","(v)",0.0473,0.0272,0.0232,0.0233,0.0228,0.295,0.188,0.162,0.163,0.159,0.1164,0.0568,0.0478,0.0478,0.0469,13865,4,"<2.2e-16",0.079,4076.4,"<",14002,4,"<2.2e-16",0.08,4044,"<",8759.8,4,"<2.2e-16",0.05,4126.7,"<"
217,"ex217","faces_ex217.lst",1,"Poisson","(i)","(i)","(v)",0.07442,0.09787,0.07896,0.0808,0.07443,0.507,0.659,0.5364,0.5548,0.5071,0.1588,0.2135,0.1701,0.1722,0.1587,32135,4,"<2.2e-16",0.184,10943,"<",34710,4,"<2.2e-16",0.198,14381,"<",20802,4,"<2.2e-16",0.119,6899.4,"<"
218,"ex218","faces_ex218.lst",1,"Poisson","(i)","(i)","(i)",0.05177,0.06677,0.0576,0.05771,0.05183,0.357,0.4576,0.3951,0.4013,0.3573,0.1077,0.1402,0.1217,0.1196,0.1078,40095,4,"<2.2e-16",0.229,12902,"<",40530,4,"<2.2e-16",0.232,15060,"<",27328,4,"<2.2e-16",0.156,7924.5,"<"
219,"ex219","faces_ex219.lst",1,"Poisson","(i)","(i)","(i)",0.03829,0.04414,0.04153,0.04153,0.03834,0.2653,0.3043,0.2864,0.2903,0.2656,0.07962,0.09175,0.08673,0.08505,0.07972,17386,4,"<2.2e-16",0.099,5921.9,"<",17384,4,"<2.2e-16",0.099,6303.1,"<",10244,4,"<2.2e-16",0.059,3302.2,"<"
220,"ex220","faces_ex220.lst",1,"Poisson","(i)","(i)","(i)",0.07433,0.09808,0.07891,0.08071,0.07435,0.5069,0.6598,0.5365,0.5549,0.5069,0.1583,0.2141,0.1698,0.1717,0.1583,33057,4,"<2.2e-16",0.189,11055,"<",35257,4,"<2.2e-16",0.201,14453,"<",21750,4,"<2.2e-16",0.124,7044.8,"<"
221,"ex221","faces_ex221.lst",1,"Poisson","(i)","(i)","(i)",0.05196,0.06693,0.0578,0.05788,0.05201,0.3587,0.4587,0.3968,0.4027,0.3589,0.108,0.1406,0.122,0.12,0.1081,38764,4,"<2.2e-16",0.221,12167,"<",39330,4,"<2.2e-16",0.225,14178,"<",26748,4,"<2.2e-16",0.153,7565.3,"<"
222,"ex222","faces_ex222.lst",1,"Poisson","(i)","(i)","(i)",0.03832,0.04434,0.04159,0.04155,0.03837,0.2658,0.3059,0.287,0.2907,0.266,0.07964,0.09218,0.0868,0.08502,0.07978,17905,4,"<2.2e-16",0.102,6203.5,"<",17989,4,"<2.2e-16",0.103,6570,"<",10574,4,"<2.2e-16",0.06,3482.6,"<"
223,"ex223","faces_ex223.lst",1,"Poisson","(v)","(i)","(i)",0.07575,0.09977,0.08065,0.08217,0.07574,0.5165,0.6718,0.5486,0.5656,0.5165,0.1612,0.218,0.1737,0.1748,0.1612,32338,4,"<2.2e-16",0.185,11067,"<",34751,4,"<2.2e-16",0.199,14458,"<",21531,4,"<2.2e-16",0.123,7090.5,"<"
224,"ex224","faces_ex224.lst",1,"Poisson","(i)","(i)","(i)",0.05287,0.068,0.05911,0.05876,0.05293,0.3649,0.4658,0.4061,0.4098,0.3653,0.1098,0.1429,0.1249,0.1215,0.11,38589,4,"<2.2e-16",0.22,12265,"<",38689,4,"<2.2e-16",0.221,14141,"<",26686,4,"<2.2e-16",0.152,7735.4,"<"
225,"ex225","faces_ex225.lst",1,"Poisson","(i)","(i)","(i)",0.03882,0.04471,0.04254,0.04218,0.03886,0.2694,0.3089,0.2937,0.2952,0.2697,0.08052,0.09277,0.0888,0.08627,0.08062,17472,4,"<2.2e-16",0.1,5854.3,"<",17455,4,"<2.2e-16",0.1,6224.2,"<",10852,4,"<2.2e-16",0.062,3349.1,"<"
226,"ex226","faces_ex226.lst",1,"Poisson","(v)","(v)","(v)",0.07169,0.09419,0.077,0.07837,0.07163,0.4868,0.6308,0.5228,0.5358,0.4866,0.1532,0.2059,0.1657,0.1675,0.153,35666,4,"<2.2e-16",0.204,10338,"<",36677,4,"<2.2e-16",0.21,13383,"<",22870,4,"<2.2e-16",0.131,6617.2,"<"
227,"ex227","faces_ex227.lst",1,"Poisson","(i)","(i)","(i)",0.05,0.0649,0.0557,0.05608,0.05002,0.3437,0.4422,0.3822,0.3888,0.3438,0.1044,0.1371,0.1175,0.1165,0.1045,40717,4,"<2.2e-16",0.233,12475,"<",40783,4,"<2.2e-16",0.233,14512,"<",27599,4,"<2.2e-16",0.158,7821.8,"<"
228,"ex228","faces_ex228.lst",1,"Poisson","(i)","(i)","(i)",0.037,0.04291,0.03988,0.04027,0.03705,0.2563,0.2952,0.2752,0.2807,0.2566,0.07716,0.08947,0.08307,0.08267,0.07723,17984,4,"<2.2e-16",0.103,6208.3,"<",17952,4,"<2.2e-16",0.103,6470.1,"<",10540,4,"<2.2e-16",0.06,3463.9,"<"
229,"ex229","faces_ex229.lst",1,"Poisson","(v)","(i)","(v)",0.07159,0.09428,0.07693,0.0783,0.07156,0.4865,0.6321,0.523,0.536,0.4865,0.1528,0.2058,0.1654,0.167,0.1527,36045,4,"<2.2e-16",0.206,10468,"<",37296,4,"<2.2e-16",0.213,13593,"<",23322,4,"<2.2e-16",0.133,6648.8,"<"
230,"ex230","faces_ex230.lst",1,"Poisson","(i)","(i)","(i)",0.05016,0.06493,0.05591,0.05624,0.05017,0.3446,0.4423,0.3833,0.3895,0.3447,0.1048,0.1371,0.1181,0.1171,0.1048,41097,4,"<2.2e-16",0.235,12711,"<",41079,4,"<2.2e-16",0.235,14687,"<",27766,4,"<2.2e-16",0.159,7943.9,"<"
231,"ex231","faces_ex231.lst",1,"Poisson","(i)","(i)","(i)",0.03708,0.04297,0.03997,0.0403,0.03711,0.2567,0.2956,0.2759,0.2809,0.2569,0.07736,0.08968,0.08331,0.08282,0.07745,17857,4,"<2.2e-16",0.102,6105,"<",17395,4,"<2.2e-16",0.099,6416.1,"<",10360,4,"<2.2e-16",0.059,3429.1,"<"
232,"ex232","faces_ex232.lst",1,"Poisson","(v)","(i)","(i)",0.07254,0.0959,0.07798,0.07919,0.07253,0.493,0.6424,0.5301,0.5422,0.493,0.1549,0.2101,0.1678,0.1691,0.1549,35549,4,"<2.2e-16",0.203,10715,"<",37192,4,"<2.2e-16",0.212,13834,"<",23527,4,"<2.2e-16",0.134,6931.2,"<"
233,"ex233","faces_ex233.lst",1,"Poisson","(i)","(i)","(i)",0.05062,0.0657,0.05654,0.0567,0.05065,0.3483,0.4482,0.3883,0.3935,0.3486,0.1055,0.1386,0.1192,0.1177,0.1056,40448,4,"<2.2e-16",0.231,12630,"<",40861,4,"<2.2e-16",0.233,14638,"<",27656,4,"<2.2e-16",0.158,7902.8,"<"
234,"ex234","faces_ex234.lst",1,"Poisson","(i)","(i)","(i)",0.03755,0.04357,0.04063,0.04081,0.03761,0.26,0.2996,0.2805,0.2846,0.2603,0.07832,0.09092,0.08467,0.08382,0.07843,18192,4,"<2.2e-16",0.104,6415.4,"<",17711,4,"<2.2e-16",0.101,6638.4,"<",11034,4,"<2.2e-16",0.063,3618.8,"<"
235,"ex235","faces_ex235.lst",1,"Poisson","(v)","(v)","(v)",0.07038,0.09289,0.07636,0.07728,0.07031,0.4761,0.6206,0.5185,0.527,0.4757,0.1511,0.2034,0.1644,0.1656,0.1509,37101,4,"<2.2e-16",0.212,9992,"<",39363,4,"<2.2e-16",0.225,13069,"<",22163,4,"<2.2e-16",0.127,6330.4,"<"
236,"ex236","faces_ex236.lst",1,"Poisson","(i)","(i)","(v)",0.04894,0.06346,0.05475,0.0552,0.04894,0.3355,0.4315,0.3761,0.3819,0.3356,0.1024,0.1341,0.1151,0.1149,0.1023,41764,4,"<2.2e-16",0.239,12443,"<",42302,4,"<2.2e-16",0.242,14494,"<",28146,4,"<2.2e-16",0.161,7791.8,"<"
237,"ex237","faces_ex237.lst",1,"Poisson","(i)","(i)","(i)",0.03642,0.04222,0.03931,0.03977,0.03647,0.2515,0.2894,0.2713,0.2765,0.2517,0.07634,0.08844,0.0818,0.0819,0.07644,19470,4,"<2.2e-16",0.111,6283.2,"<",19398,4,"<2.2e-16",0.111,6608.9,"<",11099,4,"<2.2e-16",0.063,3448.7,"<"
238,"ex238","faces_ex238.lst",1,"Poisson","(v)","(v)","(v)",0.07017,0.09288,0.07614,0.07705,0.07013,0.4753,0.6205,0.5177,0.5261,0.4751,0.1503,0.2032,0.1636,0.1648,0.1501,37074,4,"<2.2e-16",0.212,10131,"<",38720,4,"<2.2e-16",0.221,13068,"<",22425,4,"<2.2e-16",0.128,6486.3,"<"
239,"ex239","faces_ex239.lst",1,"Poisson","(v)","(v)","(v)",0.04919,0.06372,0.05482,0.05523,0.04914,0.3368,0.4328,0.3763,0.3818,0.3366,0.1031,0.1348,0.1154,0.115,0.103,41434,4,"<2.2e-16",0.237,12519,"<",42132,4,"<2.2e-16",0.241,14589,"<",27692,4,"<2.2e-16",0.158,7831.3,"<"
240,"ex240","faces_ex240.lst",1,"Poisson","(i)","(i)","(i)",0.03648,0.04236,0.03934,0.03977,0.03653,0.2521,0.2904,0.2717,0.2766,0.2523,0.07639,0.08871,0.08181,0.08183,0.07651,18857,4,"<2.2e-16",0.108,6397.2,"<",18663,4,"<2.2e-16",0.107,6544.7,"<",10988,4,"<2.2e-16",0.063,3590.9,"<"
241,"ex241","faces_ex241.lst",1,"Poisson","(v)","(v)","(v)",0.07082,0.09316,0.07689,0.07775,0.07077,0.4793,0.6228,0.5223,0.5304,0.4791,0.1519,0.204,0.1656,0.1667,0.1517,35906,4,"<2.2e-16",0.205,9794.8,"<",37858,4,"<2.2e-16",0.216,12756,"<",21941,4,"<2.2e-16",0.125,6260.9,"<"
242,"ex242","faces_ex242.lst",1,"Poisson","(v)","(i)","(v)",0.04928,0.06397,0.05502,0.05539,0.04927,0.338,0.435,0.3781,0.3833,0.338,0.1032,0.1351,0.1157,0.1153,0.1031,41006,4,"<2.2e-16",0.234,12559,"<",41520,4,"<2.2e-16",0.237,14573,"<",28028,4,"<2.2e-16",0.16,7795.5,"<"
243,"ex243","faces_ex243.lst",1,"Poisson","(i)","(i)","(i)",0.03667,0.04255,0.03954,0.03991,0.03672,0.2532,0.2919,0.2731,0.2779,0.2535,0.0768,0.08908,0.08226,0.0821,0.0769,18342,4,"<2.2e-16",0.105,6403.5,"<",18432,4,"<2.2e-16",0.105,6659.7,"<",10506,4,"<2.2e-16",0.06,3574.5,"<"
244,"ex244","faces_ex244.lst",2,"Lognormal","(iii)","(iii)","(iii)",0.08389,0.08834,0.07706,0.08555,0.08347,0.5945,0.6186,0.5527,0.604,0.591,0.1755,0.1881,0.1576,0.1802,0.1748,44859,4,"<2.2e-16",0.256,6231.3,"<",43105,4,"<2.2e-16",0.246,7053,"<",32279,4,"<2.2e-16",0.184,4401.7,"<"
245,"ex245","faces_ex245.lst",2,"Lognormal","(iii)","(iii)","(iii)",0.05505,0.06066,0.05224,0.05702,0.05444,0.3915,0.4283,0.3728,0.408,0.3874,0.1119,0.1251,0.1052,0.1155,0.1106,32359,4,"<2.2e-16",0.185,6657.1,"<",30736,4,"<2.2e-16",0.176,7585.9,"<",20865,4,"<2.2e-16",0.119,4236.3,"<"
246,"ex246","faces_ex246.lst",2,"Lognormal","(iii)","(iii)","(iii)",0.03941,0.04314,0.03636,0.03901,0.03696,0.2782,0.3041,0.2597,0.2798,0.2637,0.08055,0.08845,0.07277,0.07794,0.0742,24358,4,"<2.2e-16",0.139,2008.6,"<",23506,4,"<2.2e-16",0.134,2651.1,"<",15175,4,"<2.2e-16",0.087,1365.5,"<"
247,"ex247","faces_ex247.lst",2,"Lognormal","(iii)","(iii)","(iii)",0.08434,0.08879,0.07746,0.086,0.08383,0.5971,0.6211,0.5553,0.6069,0.5933,0.1767,0.1893,0.1586,0.1813,0.1757,45513,4,"<2.2e-16",0.26,6089.1,"<",43190,4,"<2.2e-16",0.247,6973,"<",32912,4,"<2.2e-16",0.188,4306.3,"<"
248,"ex248","faces_ex248.lst",2,"Lognormal","(iii)","(iii)","(iii)",0.0554,0.06101,0.05262,0.05742,0.05471,0.3936,0.4302,0.3752,0.4105,0.389,0.1127,0.1261,0.1061,0.1165,0.1112,30797,4,"<2.2e-16",0.176,5973.9,"<",29645,4,"<2.2e-16",0.169,7034.7,"<",19875,4,"<2.2e-16",0.114,3838.2,"<"
249,"ex249","faces_ex249.lst",2,"Lognormal","(iii)","(iii)","(iii)",0.03974,0.04327,0.03682,0.0395,0.03732,0.281,0.3054,0.2631,0.2835,0.2664,0.08103,0.08853,0.07373,0.07884,0.07493,22745,4,"<2.2e-16",0.13,1960.3,"<",22194,4,"<2.2e-16",0.127,2580,"<",13988,4,"<2.2e-16",0.08,1313.7,"<"
250,"ex250","faces_ex250.lst",2,"Lognormal","(iii)","(iii)","(iii)",0.08812,0.0929,0.08212,0.09089,0.08777,0.6218,0.6471,0.5844,0.6373,0.6186,0.186,0.1998,0.1706,0.194,0.1855,41410,4,"<2.2e-16",0.237,4906.9,"<",40961,4,"<2.2e-16",0.234,5830.8,"<",29570,4,"<2.2e-16",0.169,3353,"<"
251,"ex251","faces_ex251.lst",2,"Lognormal","(iii)","(iii)","(iii)",0.05791,0.06334,0.05586,0.06102,0.05723,0.4099,0.4456,0.3964,0.4344,0.4055,0.1185,0.1316,0.1138,0.1251,0.1172,25596,4,"<2.2e-16",0.146,4498.1,"<",25829,4,"<2.2e-16",0.148,5605.7,"<",15952,4,"<2.2e-16",0.091,2779.4,"<"
252,"ex252","faces_ex252.lst",2,"Lognormal","(v)","(v)","(v)",0.04082,0.04454,0.03902,0.042,0.03891,0.2886,0.314,0.2778,0.3007,0.2771,0.08313,0.09138,0.0787,0.08439,0.07844,17388,4,"<2.2e-16",0.099,1761.2,"<",17743,4,"<2.2e-16",0.101,2361.6,"<",10030,4,"<2.2e-16",0.057,1140.3,"<"
253,"ex253","faces_ex253.lst",2,"Lognormal","(iii)","(iii)","(iii)",0.0735,0.07522,0.06874,0.07332,0.07258,0.523,0.533,0.4935,0.5224,0.5175,0.1517,0.1563,0.1395,0.1511,0.1493,39417,4,"<2.2e-16",0.225,2303.7,"<",36039,4,"<2.2e-16",0.206,2878.6,"<",26186,4,"<2.2e-16",0.15,1669.4,"<"
254,"ex254","faces_ex254.lst",2,"Lognormal","(iii)","(iii)","(iii)",0.0481,0.05162,0.04643,0.04875,0.04778,0.3435,0.366,0.3318,0.349,0.3412,0.09683,0.10517,0.09309,0.09809,0.09625,22995,4,"<2.2e-16",0.131,2865.4,"<",20203,4,"<2.2e-16",0.115,3493.4,"<",14655,4,"<2.2e-16",0.084,1885.1,"<"
255,"ex255","faces_ex255.lst",2,"Lognormal","(iii)","(iii)","(iii)",0.039,0.0376,0.0322,0.0334,0.0325,0.2683,0.2648,0.23,0.2393,0.2324,0.0829,0.0773,0.0642,0.0665,0.065,16747,4,"<2.2e-16",0.096,1050.4,"<",15288,4,"<2.2e-16",0.087,1170.4,"<",10087,4,"<2.2e-16",0.058,937.39,"<"
256,"ex256","faces_ex256.lst",2,"Lognormal","(iii)","(iii)","(iii)",0.07432,0.07608,0.06952,0.07412,0.07331,0.5287,0.5388,0.4991,0.5281,0.5228,0.1534,0.1581,0.1409,0.1528,0.1507,39266,4,"<2.2e-16",0.224,2286,"<",35606,4,"<2.2e-16",0.203,2829,"<",26890,4,"<2.2e-16",0.154,1679.7,"<"
257,"ex257","faces_ex257.lst",2,"Lognormal","(iii)","(iii)","(iii)",0.04833,0.0516,0.04659,0.04894,0.04793,0.3451,0.3665,0.3332,0.3509,0.3424,0.09742,0.10494,0.09341,0.09835,0.09651,23259,4,"<2.2e-16",0.133,2810.1,"<",20223,4,"<2.2e-16",0.116,3428.4,"<",14452,4,"<2.2e-16",0.083,1819.9,"<"
258,"ex258","faces_ex258.lst",2,"Lognormal","(iii)","(iii)","(iii)",0.0391,0.0379,0.0325,0.0337,0.0328,0.2695,0.2668,0.2324,0.2415,0.2343,0.083,0.0776,0.0649,0.0671,0.0655,16861,4,"<2.2e-16",0.096,1039.1,"<",15348,4,"<2.2e-16",0.088,1164.3,"<",10053,4,"<2.2e-16",0.057,921.17,"<"
259,"ex259","faces_ex259.lst",2,"Lognormal","(iii)","(iii)","(iii)",0.07699,0.07901,0.07256,0.07734,0.07614,0.5457,0.5577,0.5179,0.5479,0.5404,0.1602,0.1655,0.1489,0.1613,0.1581,37252,4,"<2.2e-16",0.213,2259.8,"<",34911,4,"<2.2e-16",0.199,2874.9,"<",25554,4,"<2.2e-16",0.146,1560.5,"<"
260,"ex260","faces_ex260.lst",2,"Lognormal","(iii)","(iii)","(iii)",0.05045,0.05384,0.04904,0.05154,0.04998,0.359,0.3811,0.3492,0.3681,0.3558,0.1022,0.1102,0.0991,0.1043,0.1013,19571,4,"<2.2e-16",0.112,2263.1,"<",18306,4,"<2.2e-16",0.105,2816.3,"<",11781,4,"<2.2e-16",0.067,1431.6,"<"
261,"ex261","faces_ex261.lst",2,"Lognormal","(iii)","(v)","(v)",0.0388,0.0392,0.034,0.0353,0.034,0.2701,0.2754,0.2431,0.2533,0.2428,0.0813,0.0805,0.0682,0.0706,0.0681,12811,4,"<2.2e-16",0.073,851.61,"<",12201,4,"<2.2e-16",0.07,978.72,"<",7270,4,"<2.2e-16",0.042,716.27,"<"
262,"ex262","faces_ex262.lst",2,"Lognormal","(iii)","(iii)","(iii)",0.06684,0.06732,0.06346,0.06579,0.0656,0.4766,0.4802,0.4562,0.4711,0.4697,0.137,0.138,0.128,0.134,0.133,35192,4,"<2.2e-16",0.201,895.24,"<",30842,4,"<2.2e-16",0.176,1123.7,"<",22795,4,"<2.2e-16",0.13,686.67,"<"
263,"ex263","faces_ex263.lst",2,"Lognormal","(iii)","(iii)","(iii)",0.04365,0.04602,0.04257,0.04368,0.04337,0.3122,0.3275,0.3047,0.3131,0.3104,0.08752,0.09296,0.08505,0.08739,0.08685,17278,4,"<2.2e-16",0.099,1235.1,"<",14041,4,"<2.2e-16",0.08,1604.8,"<",10386,4,"<2.2e-16",0.059,807.92,"<"
264,"ex264","faces_ex264.lst",2,"Lognormal","(iii)","(iii)","(iii)",0.0415,0.0347,0.0294,0.0299,0.0296,0.277,0.243,0.21,0.214,0.212,0.0927,0.0716,0.0586,0.0595,0.0589,12133,4,"<2.2e-16",0.069,1641.3,"<",10723,4,"<2.2e-16",0.061,1662,"<",7189.2,4,"<2.2e-16",0.041,1617.5,"<"
265,"ex265","faces_ex265.lst",2,"Lognormal","(iii)","(iii)","(iii)",0.06703,0.06741,0.06367,0.06605,0.06577,0.4782,0.481,0.4577,0.473,0.4712,0.137,0.138,0.128,0.134,0.134,35072,4,"<2.2e-16",0.2,904.2,"<",30604,4,"<2.2e-16",0.175,1152.8,"<",23075,4,"<2.2e-16",0.132,681.04,"<"
266,"ex266","faces_ex266.lst",2,"Lognormal","(iii)","(iii)","(iii)",0.04379,0.04605,0.04269,0.0438,0.04343,0.3131,0.3277,0.3055,0.3139,0.3108,0.08783,0.09307,0.0853,0.08764,0.08696,16864,4,"<2.2e-16",0.096,1185.9,"<",13845,4,"<2.2e-16",0.079,1531.3,"<",10295,4,"<2.2e-16",0.059,798.52,"<"
267,"ex267","faces_ex267.lst",2,"Lognormal","(iii)","(iii)","(iii)",0.0416,0.0349,0.0296,0.0302,0.0298,0.278,0.244,0.212,0.216,0.213,0.0928,0.072,0.0591,0.0601,0.0594,12042,4,"<2.2e-16",0.069,1606.9,"<",10388,4,"<2.2e-16",0.059,1625.9,"<",7168.5,4,"<2.2e-16",0.041,1589.3,"<"
268,"ex268","faces_ex268.lst",2,"Lognormal","(iii)","(iii)","(iii)",0.06909,0.07,0.06606,0.06851,0.06811,0.4922,0.4979,0.4735,0.4893,0.4866,0.142,0.144,0.134,0.14,0.139,34502,4,"<2.2e-16",0.197,901.46,"<",30486,4,"<2.2e-16",0.174,1141.2,"<",22983,4,"<2.2e-16",0.131,675.01,"<"
269,"ex269","faces_ex269.lst",2,"Lognormal","(iii)","(iii)","(iii)",0.04525,0.04742,0.04419,0.04539,0.04484,0.3228,0.3368,0.3156,0.3247,0.3202,0.09122,0.0962,0.08876,0.09122,0.0902,15327,4,"<2.2e-16",0.088,1089.4,"<",12889,4,"<2.2e-16",0.074,1384.6,"<",9357.6,4,"<2.2e-16",0.053,721.23,"<"
270,"ex270","faces_ex270.lst",2,"Lognormal","(iii)","(iii)","(iii)",0.0403,0.0354,0.0306,0.0311,0.0306,0.272,0.248,0.219,0.223,0.219,0.0884,0.0728,0.0611,0.0621,0.0611,9967.8,4,"<2.2e-16",0.057,1297.2,"<",8928.5,4,"<2.2e-16",0.051,1321.9,"<",5481.1,4,"<2.2e-16",0.031,1266.4,"<"
271,"ex271","faces_ex271.lst",2,"Lognormal","(iii)","(iii)","(iii)",0.09054,0.09708,0.08444,0.09319,0.09049,0.638,0.6746,0.6009,0.6538,0.6369,0.1907,0.2086,0.1747,0.1978,0.1909,45509,4,"<2.2e-16",0.26,6844.3,"<",43674,4,"<2.2e-16",0.25,7750.8,"<",33005,4,"<2.2e-16",0.189,4753.7,"<"
272,"ex272","faces_ex272.lst",2,"Lognormal","(iii)","(iii)","(iii)",0.06007,0.0686,0.05905,0.06384,0.06044,0.4236,0.4792,0.4165,0.4524,0.4258,0.1232,0.1432,0.1209,0.1311,0.1243,30804,4,"<2.2e-16",0.176,7493.5,"<",30768,4,"<2.2e-16",0.176,8803.6,"<",19629,4,"<2.2e-16",0.112,4638,"<"
273,"ex273","faces_ex273.lst",2,"Lognormal","(v)","(i)","(i)",0.04188,0.04866,0.04216,0.04482,0.04187,0.296,0.3408,0.2978,0.3181,0.296,0.08499,0.10025,0.08569,0.09085,0.08499,21511,4,"<2.2e-16",0.123,3623.8,"<",21706,4,"<2.2e-16",0.124,4663.6,"<",13687,4,"<2.2e-16",0.078,2255.3,"<"
274,"ex274","faces_ex274.lst",2,"Lognormal","(iii)","(iii)","(iii)",0.09082,0.09761,0.08493,0.0937,0.09087,0.6397,0.6779,0.604,0.6571,0.6393,0.1913,0.2099,0.1759,0.1992,0.1918,45435,4,"<2.2e-16",0.26,7031.8,"<",43531,4,"<2.2e-16",0.249,7990.5,"<",33039,4,"<2.2e-16",0.189,4808,"<"
275,"ex275","faces_ex275.lst",2,"Lognormal","(iii)","(iii)","(iii)",0.06043,0.069,0.05956,0.06439,0.06084,0.4262,0.482,0.4199,0.456,0.4284,0.1239,0.144,0.122,0.1325,0.1252,29903,4,"<2.2e-16",0.171,7553,"<",29571,4,"<2.2e-16",0.169,8793.4,"<",19379,4,"<2.2e-16",0.111,4680.2,"<"
276,"ex276","faces_ex276.lst",2,"Lognormal","(v)","(v)","(i)",0.04209,0.04867,0.04243,0.04508,0.04205,0.2973,0.341,0.2996,0.3201,0.2971,0.08536,0.10023,0.08631,0.09131,0.08537,20750,4,"<2.2e-16",0.119,3785.2,"<",21085,4,"<2.2e-16",0.12,4784,"<",12984,4,"<2.2e-16",0.074,2380.1,"<"
277,"ex277","faces_ex277.lst",2,"Lognormal","(iii)","(iii)","(iii)",0.09447,0.1016,0.08953,0.09841,0.09469,0.6635,0.7031,0.6326,0.686,0.6637,0.2003,0.2202,0.1878,0.2115,0.2014,40866,4,"<2.2e-16",0.233,5611.9,"<",40551,4,"<2.2e-16",0.232,6568.3,"<",29808,4,"<2.2e-16",0.17,3796.3,"<"
278,"ex278","faces_ex278.lst",2,"Lognormal","(iii)","(iii)","(i)",0.06255,0.0709,0.06254,0.0675,0.06293,0.4402,0.4945,0.4399,0.4772,0.4427,0.1287,0.1486,0.1289,0.1396,0.1298,25377,4,"<2.2e-16",0.145,5918.4,"<",26633,4,"<2.2e-16",0.152,7121.4,"<",16157,4,"<2.2e-16",0.092,3663.6,"<"
279,"ex279","faces_ex279.lst",2,"Lognormal","(i)","(i)","(i)",0.04335,0.04984,0.04458,0.04736,0.04341,0.3059,0.349,0.314,0.336,0.3065,0.08811,0.10285,0.09113,0.09624,0.08827,19564,4,"<2.2e-16",0.112,3331.5,"<",20228,4,"<2.2e-16",0.116,4292.1,"<",11792,4,"<2.2e-16",0.067,2074.3,"<"
280,"ex280","faces_ex280.lst",2,"Lognormal","(iii)","(iii)","(iii)",0.08149,0.08524,0.07735,0.08213,0.08096,0.5747,0.5969,0.5493,0.5792,0.5717,0.1702,0.1798,0.1594,0.1717,0.1687,39560,4,"<2.2e-16",0.226,3031.3,"<",35875,4,"<2.2e-16",0.205,3679.5,"<",28107,4,"<2.2e-16",0.161,2140.9,"<"
281,"ex281","faces_ex281.lst",2,"Lognormal","(iii)","(iii)","(i)",0.05432,0.06061,0.0542,0.05659,0.05487,0.3844,0.4249,0.3828,0.4008,0.3876,0.1106,0.1253,0.1106,0.1156,0.1121,23668,4,"<2.2e-16",0.135,4374.6,"<",21839,4,"<2.2e-16",0.125,5196.5,"<",15539,4,"<2.2e-16",0.089,2807.6,"<"
282,"ex282","faces_ex282.lst",2,"Lognormal","(v)","(v)","(v)",0.03924,0.04371,0.03873,0.03995,0.03823,0.2751,0.3057,0.2734,0.2829,0.2701,0.08062,0.09007,0.07868,0.081,0.07747,17660,4,"<2.2e-16",0.101,1132.7,"<",17141,4,"<2.2e-16",0.098,1541.7,"<",11232,4,"<2.2e-16",0.064,730.2,"<"
283,"ex283","faces_ex283.lst",2,"Lognormal","(iii)","(iii)","(iii)",0.08184,0.08542,0.07775,0.08258,0.08136,0.5773,0.5985,0.552,0.5821,0.5743,0.1709,0.1801,0.1603,0.1728,0.1696,38993,4,"<2.2e-16",0.223,3004.5,"<",35890,4,"<2.2e-16",0.205,3696.4,"<",27362,4,"<2.2e-16",0.156,2084,"<"
284,"ex284","faces_ex284.lst",2,"Lognormal","(iii)","(iii)","(i)",0.05464,0.06091,0.0546,0.05702,0.05522,0.3864,0.4268,0.3854,0.4035,0.3897,0.1113,0.126,0.1115,0.1166,0.113,23321,4,"<2.2e-16",0.133,4639.6,"<",21575,4,"<2.2e-16",0.123,5416.8,"<",15178,4,"<2.2e-16",0.087,2990.4,"<"
285,"ex285","faces_ex285.lst",2,"Lognormal","(v)","(v)","(v)",0.0395,0.04398,0.03905,0.04027,0.03848,0.2769,0.3078,0.2754,0.2849,0.2718,0.08131,0.0906,0.0795,0.08179,0.07813,17389,4,"<2.2e-16",0.099,1119.2,"<",16967,4,"<2.2e-16",0.097,1547.9,"<",10769,4,"<2.2e-16",0.062,702.66,"<"
286,"ex286","faces_ex286.lst",2,"Lognormal","(iii)","(iii)","(iii)",0.08449,0.08849,0.08103,0.08593,0.08425,0.5954,0.6187,0.5734,0.6039,0.5935,0.1771,0.1875,0.1683,0.1811,0.1766,36805,4,"<2.2e-16",0.21,2767,"<",33785,4,"<2.2e-16",0.193,3435.3,"<",25929,4,"<2.2e-16",0.148,1860.9,"<"
287,"ex287","faces_ex287.lst",2,"Lognormal","(i)","(i)","(i)",0.05626,0.06257,0.05669,0.05915,0.0568,0.3971,0.4383,0.3992,0.4181,0.4002,0.1148,0.1296,0.1162,0.1213,0.1164,21383,4,"<2.2e-16",0.122,4085.2,"<",20409,4,"<2.2e-16",0.117,4911,"<",13391,4,"<2.2e-16",0.077,2546.2,"<"
288,"ex288","faces_ex288.lst",2,"Lognormal","(v)","(v)","(v)",0.04013,0.04511,0.04054,0.04174,0.03954,0.2819,0.3149,0.2854,0.2951,0.2788,0.08231,0.09321,0.08285,0.08498,0.08048,16459,4,"<2.2e-16",0.094,1267,"<",16391,4,"<2.2e-16",0.094,1697.7,"<",10076,4,"<2.2e-16",0.058,803.72,"<"
289,"ex289","faces_ex289.lst",2,"Lognormal","(iii)","(iii)","(iii)",0.07581,0.07794,0.07307,0.07563,0.07507,0.5345,0.548,0.5177,0.5339,0.5304,0.1578,0.1628,0.1506,0.1572,0.1557,35360,4,"<2.2e-16",0.202,1339,"<",30760,4,"<2.2e-16",0.176,1719,"<",24617,4,"<2.2e-16",0.141,931.68,"<"
290,"ex290","faces_ex290.lst",2,"Lognormal","(i)","(i)","(i)",0.05075,0.05565,0.05116,0.05234,0.05138,0.3591,0.3906,0.3609,0.3699,0.3626,0.1033,0.1146,0.1045,0.107,0.105,18839,4,"<2.2e-16",0.108,2710.5,"<",16211,4,"<2.2e-16",0.093,3347.8,"<",12310,4,"<2.2e-16",0.07,1720.6,"<"
291,"ex291","faces_ex291.lst",2,"Lognormal","(v)","(v)","(v)",0.03943,0.04092,0.03657,0.0371,0.03602,0.2718,0.2853,0.2577,0.2618,0.254,0.0834,0.0847,0.0745,0.0755,0.0732,14772,4,"<2.2e-16",0.084,559.39,"<",13958,4,"<2.2e-16",0.08,674.84,"<",9434.7,4,"<2.2e-16",0.054,462.27,"<"
292,"ex292","faces_ex292.lst",2,"Lognormal","(iii)","(iii)","(iii)",0.0763,0.07832,0.07359,0.07615,0.07562,0.538,0.5505,0.5215,0.5377,0.5342,0.1586,0.1634,0.1516,0.1581,0.1568,35484,4,"<2.2e-16",0.203,1249.9,"<",30655,4,"<2.2e-16",0.175,1577.9,"<",24856,4,"<2.2e-16",0.142,885.32,"<"
293,"ex293","faces_ex293.lst",2,"Lognormal","(i)","(i)","(i)",0.05096,0.05584,0.05135,0.05253,0.05153,0.3603,0.3916,0.3621,0.371,0.3636,0.1037,0.1149,0.1049,0.1073,0.1052,18737,4,"<2.2e-16",0.107,2740,"<",16118,4,"<2.2e-16",0.092,3333.5,"<",12137,4,"<2.2e-16",0.069,1746.7,"<"
294,"ex294","faces_ex294.lst",2,"Lognormal","(v)","(v)","(v)",0.03936,0.04123,0.03679,0.03732,0.03618,0.2713,0.2871,0.2589,0.2631,0.2549,0.0832,0.0855,0.075,0.076,0.0736,15789,4,"<2.2e-16",0.09,563.86,"<",14755,4,"<2.2e-16",0.084,694.47,"<",10047,4,"<2.2e-16",0.057,453.83,"<"
295,"ex295","faces_ex295.lst",2,"Lognormal","(iii)","(iii)","(iii)",0.0775,0.08007,0.07504,0.07759,0.07686,0.5476,0.5632,0.5322,0.5485,0.5438,0.1609,0.1672,0.1546,0.1611,0.1592,33628,4,"<2.2e-16",0.192,1371,"<",29676,4,"<2.2e-16",0.17,1720.1,"<",23228,4,"<2.2e-16",0.133,942.15,"<"
296,"ex296","faces_ex296.lst",2,"Lognormal","(i)","(i)","(i)",0.05193,0.057,0.05264,0.05384,0.05255,0.3673,0.3998,0.3711,0.3804,0.3707,0.1058,0.1175,0.1077,0.1102,0.1075,17590,4,"<2.2e-16",0.1,2703.1,"<",15581,4,"<2.2e-16",0.089,3276.3,"<",11409,4,"<2.2e-16",0.065,1724.3,"<"
297,"ex297","faces_ex297.lst",2,"Lognormal","(v)","(v)","(v)",0.03934,0.04188,0.03769,0.03821,0.03685,0.2725,0.2919,0.2653,0.2696,0.2597,0.0826,0.0867,0.077,0.0779,0.075,15472,4,"<2.2e-16",0.088,555.99,"<",14720,4,"<2.2e-16",0.084,715.18,"<",9786.9,4,"<2.2e-16",0.056,411.84,"<"
298,"ex298","faces_ex298.lst",2,"Lognormal","(iii)","(iii)","(i)",0.1067,0.1198,0.1061,0.115,0.1093,0.7438,0.816,0.7369,0.7893,0.7565,0.2274,0.2638,0.2274,0.2514,0.2355,39848,4,"<2.2e-16",0.228,7370.8,"<",39882,4,"<2.2e-16",0.228,8403.8,"<",29678,4,"<2.2e-16",0.17,4953.2,"<"
299,"ex299","faces_ex299.lst",2,"Lognormal","(i)","(i)","(i)",0.07172,0.08621,0.07887,0.08353,0.07532,0.5011,0.5934,0.543,0.5788,0.5225,0.148,0.1831,0.1672,0.1771,0.1575,31489,4,"<2.2e-16",0.18,8438.8,"<",33710,4,"<2.2e-16",0.193,10210,"<",21549,4,"<2.2e-16",0.123,5450.9,"<"
300,"ex300","faces_ex300.lst",2,"Lognormal","(i)","(i)","(i)",0.05065,0.05926,0.05885,0.0613,0.05362,0.3564,0.4123,0.4061,0.4265,0.3742,0.1028,0.1225,0.1234,0.1277,0.1101,31051,4,"<2.2e-16",0.177,7407.2,"<",30804,4,"<2.2e-16",0.176,8338.3,"<",22034,4,"<2.2e-16",0.126,5050.8,"<"
301,"ex301","faces_ex301.lst",2,"Lognormal","(iii)","(iii)","(iii)",0.1077,0.1207,0.107,0.116,0.1102,0.7505,0.822,0.7429,0.7957,0.7623,0.23,0.2664,0.2297,0.2539,0.2376,39996,4,"<2.2e-16",0.229,7159.9,"<",40197,4,"<2.2e-16",0.23,8185.4,"<",29738,4,"<2.2e-16",0.17,4856.8,"<"
302,"ex302","faces_ex302.lst",2,"Lognormal","(i)","(i)","(i)",0.07205,0.08636,0.07921,0.08387,0.07558,0.5041,0.5947,0.5461,0.5818,0.5249,0.1485,0.1833,0.1677,0.1776,0.1579,31337,4,"<2.2e-16",0.179,8194.1,"<",33465,4,"<2.2e-16",0.191,9869.2,"<",21796,4,"<2.2e-16",0.125,5321.1,"<"
303,"ex303","faces_ex303.lst",2,"Lognormal","(i)","(i)","(i)",0.05072,0.05938,0.05907,0.06151,0.0537,0.3569,0.413,0.4075,0.4274,0.3747,0.1031,0.1227,0.1239,0.1283,0.1104,31262,4,"<2.2e-16",0.179,7382.3,"<",30837,4,"<2.2e-16",0.176,8291.8,"<",21893,4,"<2.2e-16",0.125,5022,"<"
304,"ex304","faces_ex304.lst",2,"Lognormal","(i)","(iii)","(i)",0.1095,0.1232,0.1103,0.119,0.1122,0.7629,0.8378,0.7626,0.8143,0.7763,0.2343,0.2728,0.2385,0.262,0.2426,36529,4,"<2.2e-16",0.209,6764.8,"<",38591,4,"<2.2e-16",0.22,7903.6,"<",27222,4,"<2.2e-16",0.156,4538.6,"<"
305,"ex305","faces_ex305.lst",2,"Lognormal","(i)","(i)","(i)",0.0733,0.08785,0.0816,0.08605,0.0768,0.5126,0.6046,0.5608,0.5964,0.5331,0.1513,0.187,0.1737,0.1829,0.1606,31875,4,"<2.2e-16",0.182,8278.2,"<",34058,4,"<2.2e-16",0.195,9984.7,"<",22450,4,"<2.2e-16",0.128,5437.5,"<"
306,"ex306","faces_ex306.lst",2,"Lognormal","(i)","(i)","(i)",0.05191,0.06047,0.06109,0.0632,0.05471,0.3651,0.4209,0.4213,0.4403,0.3821,0.1055,0.125,0.1285,0.1315,0.1124,32463,4,"<2.2e-16",0.185,7777.7,"<",32447,4,"<2.2e-16",0.185,8824.9,"<",22733,4,"<2.2e-16",0.13,5266.4,"<"
307,"ex307","faces_ex307.lst",2,"Lognormal","(i)","(i)","(i)",0.1015,0.111,0.1023,0.1074,0.1034,0.7046,0.7591,0.7065,0.7381,0.7141,0.2168,0.242,0.2202,0.2336,0.2226,33705,4,"<2.2e-16",0.193,4138.7,"<",32146,4,"<2.2e-16",0.184,5003.6,"<",25250,4,"<2.2e-16",0.144,2738.2,"<"
308,"ex308","faces_ex308.lst",2,"Lognormal","(i)","(i)","(i)",0.06763,0.08022,0.07593,0.07818,0.07163,0.4728,0.5525,0.5217,0.5399,0.496,0.1393,0.1695,0.1613,0.1658,0.1499,30623,4,"<2.2e-16",0.175,6978.8,"<",30718,4,"<2.2e-16",0.175,8213.7,"<",21621,4,"<2.2e-16",0.124,4703.6,"<"
309,"ex309","faces_ex309.lst",2,"Lognormal","(i)","(i)","(i)",0.04776,0.05578,0.05715,0.05821,0.05147,0.3355,0.3871,0.3931,0.4026,0.3576,0.09724,0.11528,0.12026,0.12188,0.10625,33089,4,"<2.2e-16",0.189,6982.8,"<",32091,4,"<2.2e-16",0.183,7828.5,"<",23163,4,"<2.2e-16",0.132,4884.3,"<"
310,"ex310","faces_ex310.lst",2,"Lognormal","(i)","(i)","(i)",0.1013,0.1112,0.1023,0.1074,0.1033,0.7042,0.7609,0.7066,0.738,0.7136,0.2163,0.2426,0.2201,0.2334,0.2222,33815,4,"<2.2e-16",0.193,4327.8,"<",32245,4,"<2.2e-16",0.184,5241.8,"<",25501,4,"<2.2e-16",0.146,2880.6,"<"
311,"ex311","faces_ex311.lst",2,"Lognormal","(i)","(i)","(i)",0.06806,0.08075,0.07639,0.07862,0.072,0.4753,0.5558,0.5242,0.5425,0.4979,0.1404,0.1707,0.1625,0.167,0.1508,30188,4,"<2.2e-16",0.172,6736.5,"<",30895,4,"<2.2e-16",0.177,8018.1,"<",21153,4,"<2.2e-16",0.121,4532.3,"<"
312,"ex312","faces_ex312.lst",2,"Lognormal","(i)","(i)","(i)",0.04794,0.05578,0.05722,0.05824,0.05156,0.3369,0.3878,0.3937,0.403,0.3584,0.09754,0.11516,0.12035,0.12179,0.10636,32168,4,"<2.2e-16",0.184,7147,"<",30963,4,"<2.2e-16",0.177,7912.4,"<",22641,4,"<2.2e-16",0.129,5002.8,"<"
313,"ex313","faces_ex313.lst",2,"Lognormal","(i)","(i)","(i)",0.103,0.1132,0.1049,0.1099,0.1052,0.7158,0.7741,0.7229,0.7538,0.7267,0.2201,0.2476,0.2268,0.2398,0.2268,31799,4,"<2.2e-16",0.182,4175,"<",31205,4,"<2.2e-16",0.178,5057,"<",23611,4,"<2.2e-16",0.135,2763.1,"<"
314,"ex314","faces_ex314.lst",2,"Lognormal","(i)","(i)","(i)",0.06904,0.08201,0.07811,0.08017,0.07299,0.4818,0.564,0.5359,0.5534,0.5048,0.1427,0.1738,0.1665,0.1703,0.153,31479,4,"<2.2e-16",0.18,7301.7,"<",32091,4,"<2.2e-16",0.183,8602.6,"<",21861,4,"<2.2e-16",0.125,4886.5,"<"
315,"ex315","faces_ex315.lst",2,"Lognormal","(i)","(i)","(i)",0.04861,0.05661,0.05846,0.05924,0.05208,0.3416,0.3932,0.4023,0.4105,0.3624,0.09888,0.11704,0.12309,0.12384,0.10733,33228,4,"<2.2e-16",0.19,7488.6,"<",32493,4,"<2.2e-16",0.186,8366.7,"<",23979,4,"<2.2e-16",0.137,5258.3,"<"
316,"ex316","faces_ex316.lst",2,"Lognormal","(i)","(i)","(i)",0.09755,0.10526,0.09952,0.10229,0.09918,0.6746,0.7197,0.6838,0.7012,0.6825,0.2087,0.2288,0.215,0.2221,0.2137,28944,4,"<2.2e-16",0.165,2634.4,"<",25728,4,"<2.2e-16",0.147,3239.3,"<",21744,4,"<2.2e-16",0.124,1764.6,"<"
317,"ex317","faces_ex317.lst",2,"Lognormal","(i)","(i)","(i)",0.06551,0.07667,0.07465,0.07568,0.06989,0.4569,0.5274,0.5112,0.5203,0.4819,0.1353,0.1618,0.1592,0.1611,0.1469,30042,4,"<2.2e-16",0.172,6314.6,"<",29058,4,"<2.2e-16",0.166,7378.3,"<",21174,4,"<2.2e-16",0.121,4371.7,"<"
318,"ex318","faces_ex318.lst",2,"Lognormal","(i)","(i)","(i)",0.04588,0.05343,0.05592,0.05628,0.05012,0.3218,0.3702,0.3836,0.3876,0.3469,0.09365,0.1107,0.11807,0.11832,0.10399,35047,4,"<2.2e-16",0.2,7157,"<",33409,4,"<2.2e-16",0.191,7954.3,"<",24711,4,"<2.2e-16",0.141,5081.6,"<"
319,"ex319","faces_ex319.lst",2,"Lognormal","(i)","(i)","(i)",0.09773,0.1058,0.09986,0.10261,0.09938,0.6761,0.7236,0.6861,0.7037,0.6841,0.209,0.23,0.2157,0.2227,0.214,29469,4,"<2.2e-16",0.168,2900.3,"<",26153,4,"<2.2e-16",0.149,3589,"<",22032,4,"<2.2e-16",0.126,1923.9,"<"
320,"ex320","faces_ex320.lst",2,"Lognormal","(i)","(i)","(i)",0.06547,0.07647,0.07439,0.07539,0.06969,0.4566,0.5261,0.5098,0.5186,0.4808,0.1352,0.1613,0.1585,0.1603,0.1464,29712,4,"<2.2e-16",0.17,6303.3,"<",28989,4,"<2.2e-16",0.166,7261,"<",20955,4,"<2.2e-16",0.12,4386.1,"<"
321,"ex321","faces_ex321.lst",2,"Lognormal","(i)","(i)","(i)",0.04605,0.05374,0.05611,0.05641,0.0502,0.3229,0.3723,0.385,0.3887,0.3477,0.09393,0.11136,0.11843,0.11855,0.10399,34780,4,"<2.2e-16",0.199,6645.6,"<",33464,4,"<2.2e-16",0.191,7578.8,"<",24880,4,"<2.2e-16",0.142,4699.3,"<"
322,"ex322","faces_ex322.lst",2,"Lognormal","(i)","(i)","(i)",0.09881,0.10711,0.10136,0.10404,0.10052,0.6838,0.7319,0.6956,0.7129,0.6918,0.2113,0.2331,0.2194,0.2262,0.2165,28281,4,"<2.2e-16",0.162,2823.5,"<",25729,4,"<2.2e-16",0.147,3433.6,"<",21125,4,"<2.2e-16",0.121,1901.4,"<"
323,"ex323","faces_ex323.lst",2,"Lognormal","(i)","(i)","(i)",0.06606,0.07764,0.07553,0.07643,0.07031,0.4612,0.5342,0.518,0.5264,0.4857,0.1364,0.1639,0.1608,0.1623,0.1474,30489,4,"<2.2e-16",0.174,6672.7,"<",30275,4,"<2.2e-16",0.173,7743,"<",21554,4,"<2.2e-16",0.123,4593.2,"<"
324,"ex324","faces_ex324.lst",2,"Lognormal","(i)","(i)","(i)",0.04661,0.05422,0.05681,0.05697,0.05066,0.3267,0.3759,0.3902,0.393,0.351,0.09519,0.11228,0.11987,0.11955,0.105,33745,4,"<2.2e-16",0.193,7011.7,"<",32542,4,"<2.2e-16",0.186,7945.7,"<",23976,4,"<2.2e-16",0.137,4905.1,"<"
325,"ex325","faces_ex325.lst",2,"Lognormal","(iii)","(iii)","(iii)",0.06492,0.06909,0.0591,0.06469,0.0634,0.4581,0.4849,0.4206,0.4593,0.4494,0.1349,0.1448,0.1201,0.1334,0.1308,41717,4,"<2.2e-16",0.238,3072.3,"<",38459,4,"<2.2e-16",0.22,4045.3,"<",27716,4,"<2.2e-16",0.158,2194.1,"<"
326,"ex326","faces_ex326.lst",2,"Lognormal","(iii)","(iii)","(iii)",0.04287,0.04835,0.04064,0.04325,0.0418,0.3046,0.3412,0.2893,0.3092,0.2974,0.08685,0.09913,0.08183,0.08714,0.08457,30347,4,"<2.2e-16",0.173,4848.8,"<",28936,4,"<2.2e-16",0.165,5969.4,"<",18666,4,"<2.2e-16",0.107,3094.2,"<"
327,"ex327","faces_ex327.lst",2,"Lognormal","(iii)","(iii)","(iii)",0.0465,0.0346,0.0283,0.0296,0.0285,0.302,0.244,0.201,0.212,0.203,0.1073,0.071,0.0568,0.0593,0.0573,23387,4,"<2.2e-16",0.134,2827.7,"<",22821,4,"<2.2e-16",0.13,2905.7,"<",14727,4,"<2.2e-16",0.084,2753.6,"<"
328,"ex328","faces_ex328.lst",2,"Lognormal","(iii)","(iii)","(iii)",0.06512,0.06919,0.05948,0.06504,0.06365,0.4598,0.4858,0.4235,0.4619,0.4512,0.1353,0.1448,0.121,0.1342,0.1313,41199,4,"<2.2e-16",0.235,3213.8,"<",37434,4,"<2.2e-16",0.214,4147.7,"<",27703,4,"<2.2e-16",0.158,2284.2,"<"
329,"ex329","faces_ex329.lst",2,"Lognormal","(iii)","(iii)","(iii)",0.04303,0.04838,0.04081,0.04346,0.0419,0.3056,0.3415,0.2907,0.3107,0.2982,0.08718,0.09916,0.08213,0.08758,0.08469,29676,4,"<2.2e-16",0.17,4350.6,"<",28213,4,"<2.2e-16",0.161,5497.1,"<",18224,4,"<2.2e-16",0.104,2776.3,"<"
330,"ex330","faces_ex330.lst",2,"Lognormal","(iii)","(iii)","(iii)",0.0459,0.0347,0.0285,0.0299,0.0287,0.3,0.244,0.203,0.214,0.204,0.1055,0.071,0.0571,0.0596,0.0575,22500,4,"<2.2e-16",0.129,2717.6,"<",21872,4,"<2.2e-16",0.125,2785.1,"<",14314,4,"<2.2e-16",0.082,2644.1,"<"
331,"ex331","faces_ex331.lst",2,"Lognormal","(iii)","(iii)","(iii)",0.06805,0.0728,0.06321,0.06892,0.06684,0.4792,0.5096,0.4479,0.4871,0.4723,0.1419,0.1534,0.1299,0.1436,0.1388,36126,4,"<2.2e-16",0.206,2920.8,"<",34483,4,"<2.2e-16",0.197,3801.4,"<",23823,4,"<2.2e-16",0.136,2010.9,"<"
332,"ex332","faces_ex332.lst",2,"Lognormal","(iii)","(iii)","(iii)",0.0453,0.05031,0.04357,0.04633,0.04413,0.3207,0.3547,0.3094,0.3304,0.3132,0.09231,0.10347,0.08832,0.09394,0.08966,21513,4,"<2.2e-16",0.123,3595.2,"<",21203,4,"<2.2e-16",0.121,4388.6,"<",13030,4,"<2.2e-16",0.074,2265.2,"<"
333,"ex333","faces_ex333.lst",2,"Lognormal","(v)","(v)","(v)",0.0415,0.0357,0.0304,0.0319,0.0301,0.2781,0.2514,0.2163,0.2279,0.2145,0.0921,0.0733,0.0612,0.0638,0.0607,16211,4,"<2.2e-16",0.093,1684.5,"<",16291,4,"<2.2e-16",0.093,1751.8,"<",9463.9,4,"<2.2e-16",0.054,1598.2,"<"
334,"ex334","faces_ex334.lst",2,"Lognormal","(iii)","(iii)","(iii)",0.05694,0.05809,0.05231,0.0551,0.05471,0.4026,0.4113,0.3735,0.3933,0.3902,0.117,0.119,0.105,0.112,0.111,33798,4,"<2.2e-16",0.193,1149.1,"<",30082,4,"<2.2e-16",0.172,1520.1,"<",20523,4,"<2.2e-16",0.117,859.17,"<"
335,"ex335","faces_ex335.lst",2,"Lognormal","(iii)","(iii)","(iii)",0.03715,0.04064,0.03588,0.03707,0.03651,0.2643,0.2878,0.2558,0.2649,0.2603,0.07499,0.08265,0.072,0.07438,0.07341,22369,4,"<2.2e-16",0.128,2120.8,"<",20132,4,"<2.2e-16",0.115,2802,"<",13552,4,"<2.2e-16",0.077,1355.3,"<"
336,"ex336","faces_ex336.lst",2,"Lognormal","(iii)","(iii)","(iii)",0.0705,0.0303,0.025,0.0255,0.025,0.428,0.212,0.178,0.182,0.179,0.1786,0.0625,0.05,0.051,0.0502,17379,4,"<2.2e-16",0.099,8313.7,"<",16871,4,"<2.2e-16",0.096,8293.1,"<",11593,4,"<2.2e-16",0.066,8322.7,"<"
337,"ex337","faces_ex337.lst",2,"Lognormal","(iii)","(iii)","(iii)",0.05767,0.05861,0.05287,0.0557,0.05528,0.407,0.4145,0.3772,0.3971,0.3938,0.119,0.121,0.107,0.113,0.112,32948,4,"<2.2e-16",0.188,1110.1,"<",29674,4,"<2.2e-16",0.17,1466.9,"<",20594,4,"<2.2e-16",0.118,840.11,"<"
338,"ex338","faces_ex338.lst",2,"Lognormal","(iii)","(iii)","(iii)",0.03721,0.04084,0.03607,0.03723,0.03667,0.2649,0.2889,0.2571,0.266,0.2613,0.07501,0.08313,0.07241,0.07471,0.07374,21456,4,"<2.2e-16",0.123,2102.9,"<",19536,4,"<2.2e-16",0.112,2730.3,"<",12851,4,"<2.2e-16",0.073,1374.9,"<"
339,"ex339","faces_ex339.lst",2,"Lognormal","(iii)","(iii)","(iii)",0.069,0.0305,0.0252,0.0258,0.0252,0.419,0.213,0.179,0.184,0.18,0.1741,0.063,0.0505,0.0516,0.0506,16638,4,"<2.2e-16",0.095,7888,"<",15981,4,"<2.2e-16",0.091,7879.4,"<",10804,4,"<2.2e-16",0.062,7899.5,"<"
340,"ex340","faces_ex340.lst",2,"Lognormal","(iii)","(iii)","(iii)",0.05967,0.06126,0.05542,0.05833,0.05763,0.4212,0.4326,0.3946,0.4151,0.4099,0.124,0.127,0.113,0.119,0.118,30987,4,"<2.2e-16",0.177,1105.4,"<",27545,4,"<2.2e-16",0.157,1468.7,"<",19691,4,"<2.2e-16",0.113,810.61,"<"
341,"ex341","faces_ex341.lst",2,"Lognormal","(iii)","(iii)","(iii)",0.03889,0.04223,0.03778,0.03902,0.03813,0.2769,0.2991,0.2693,0.2789,0.2718,0.07848,0.0859,0.07595,0.07837,0.07672,17519,4,"<2.2e-16",0.1,1879,"<",16084,4,"<2.2e-16",0.092,2383.3,"<",10240,4,"<2.2e-16",0.059,1211.7,"<"
342,"ex342","faces_ex342.lst",2,"Lognormal","(v)","(v)","(v)",0.0608,0.0316,0.0265,0.027,0.0263,0.377,0.221,0.189,0.193,0.187,0.1501,0.0654,0.053,0.054,0.0527,12955,4,"<2.2e-16",0.074,5801.5,"<",12440,4,"<2.2e-16",0.071,5763.5,"<",8126.2,4,"<2.2e-16",0.046,5816.8,"<"
343,"ex343","faces_ex343.lst",2,"Lognormal","(iii)","(iii)","(iii)",0.05229,0.05195,0.04812,0.04951,0.04942,0.3684,0.3681,0.3436,0.3535,0.3527,0.108,0.1062,0.0968,0.1,0.0999,28522,4,"<2.2e-16",0.163,630.47,"<",24691,4,"<2.2e-16",0.141,753.54,"<",17772,4,"<2.2e-16",0.102,533.33,"<"
344,"ex344","faces_ex344.lst",2,"Lognormal","(iii)","(iii)","(iii)",0.03391,0.03641,0.03297,0.03349,0.03333,0.2406,0.2575,0.2348,0.2388,0.2373,0.06865,0.07404,0.06627,0.06731,0.06704,16831,4,"<2.2e-16",0.096,974.26,"<",14459,4,"<2.2e-16",0.083,1309.5,"<",9968.6,4,"<2.2e-16",0.057,639.64,"<"
345,"ex345","faces_ex345.lst",2,"Lognormal","(iii)","(iii)","(iii)",0.0904,0.0286,0.023,0.0232,0.023,0.533,0.198,0.164,0.165,0.164,0.2366,0.06,0.0461,0.0466,0.0462,13290,4,"<2.2e-16",0.076,13670,"<",12780,4,"<2.2e-16",0.073,13636,"<",9280.8,4,"<2.2e-16",0.053,13713,"<"
346,"ex346","faces_ex346.lst",2,"Lognormal","(iii)","(iii)","(iii)",0.05282,0.05233,0.04847,0.04987,0.0498,0.3718,0.3707,0.3459,0.3559,0.3552,0.1092,0.107,0.0977,0.1008,0.1008,29065,4,"<2.2e-16",0.166,655.44,"<",24447,4,"<2.2e-16",0.14,781.48,"<",17672,4,"<2.2e-16",0.101,557.39,"<"
347,"ex347","faces_ex347.lst",2,"Lognormal","(iii)","(iii)","(iii)",0.03424,0.03654,0.03311,0.03365,0.03347,0.2428,0.2583,0.2359,0.2399,0.2384,0.06936,0.07428,0.06648,0.06754,0.06726,16877,4,"<2.2e-16",0.096,868.96,"<",14067,4,"<2.2e-16",0.08,1163.1,"<",10336,4,"<2.2e-16",0.059,586.65,"<"
348,"ex348","faces_ex348.lst",2,"Lognormal","(iii)","(iii)","(iii)",0.0893,0.0285,0.0231,0.0233,0.0231,0.527,0.198,0.164,0.166,0.164,0.2336,0.0597,0.0464,0.0468,0.0464,13558,4,"<2.2e-16",0.077,13367,"<",13153,4,"<2.2e-16",0.075,13314,"<",9264.9,4,"<2.2e-16",0.053,13422,"<"
349,"ex349","faces_ex349.lst",2,"Lognormal","(iii)","(iii)","(iii)",0.0544,0.05408,0.05011,0.05154,0.0514,0.3827,0.3829,0.3575,0.3677,0.3663,0.113,0.111,0.101,0.104,0.104,27583,4,"<2.2e-16",0.158,633.48,"<",23679,4,"<2.2e-16",0.135,750.6,"<",16961,4,"<2.2e-16",0.097,537.56,"<"
350,"ex350","faces_ex350.lst",2,"Lognormal","(iii)","(iii)","(iii)",0.03491,0.03735,0.03404,0.0346,0.03429,0.2479,0.2644,0.2426,0.2469,0.2444,0.07053,0.07586,0.06834,0.06943,0.06887,15302,4,"<2.2e-16",0.087,989.98,"<",13047,4,"<2.2e-16",0.075,1303,"<",9113.8,4,"<2.2e-16",0.052,659.38,"<"
351,"ex351","faces_ex351.lst",2,"Lognormal","(v)","(iii)","(v)",0.0839,0.029,0.0238,0.024,0.0237,0.498,0.202,0.169,0.171,0.169,0.2179,0.0606,0.0478,0.0482,0.0476,11901,4,"<2.2e-16",0.068,11714,"<",11458,4,"<2.2e-16",0.065,11666,"<",8337.2,4,"<2.2e-16",0.048,11767,"<"
352,"ex352","faces_ex352.lst",2,"Lognormal","(iii)","(iii)","(iii)",0.07263,0.0804,0.06879,0.07449,0.07259,0.5093,0.5586,0.484,0.5232,0.5091,0.1519,0.1706,0.1422,0.1559,0.1517,41950,4,"<2.2e-16",0.24,5197.6,"<",38924,4,"<2.2e-16",0.222,6582.8,"<",28552,4,"<2.2e-16",0.163,3490.1,"<"
353,"ex353","faces_ex353.lst",2,"Lognormal","(i)","(i)","(i)",0.04871,0.05879,0.04915,0.05174,0.04939,0.343,0.4093,0.345,0.3649,0.3468,0.09967,0.12251,0.10095,0.10626,0.10151,29843,4,"<2.2e-16",0.171,7151.1,"<",29871,4,"<2.2e-16",0.171,8794.4,"<",19446,4,"<2.2e-16",0.111,4507.1,"<"
354,"ex354","faces_ex354.lst",2,"Lognormal","(v)","(v)","(v)",0.0386,0.04171,0.03569,0.03697,0.0349,0.2649,0.2906,0.2504,0.2606,0.2451,0.082,0.0862,0.073,0.0753,0.0712,20782,4,"<2.2e-16",0.119,996.43,"<",20956,4,"<2.2e-16",0.12,1373.4,"<",13252,4,"<2.2e-16",0.076,688.57,"<"
355,"ex355","faces_ex355.lst",2,"Lognormal","(iii)","(iii)","(iii)",0.07313,0.08102,0.06913,0.07487,0.07291,0.5116,0.5619,0.4857,0.5253,0.5105,0.1534,0.1723,0.1433,0.157,0.1528,41906,4,"<2.2e-16",0.239,4828.5,"<",39148,4,"<2.2e-16",0.224,6173.3,"<",28415,4,"<2.2e-16",0.162,3256.1,"<"
356,"ex356","faces_ex356.lst",2,"Lognormal","(i)","(i)","(i)",0.04891,0.05908,0.04952,0.0521,0.04959,0.3446,0.4115,0.3476,0.3674,0.3482,0.1,0.1231,0.1017,0.1069,0.1018,29177,4,"<2.2e-16",0.167,7075.5,"<",29380,4,"<2.2e-16",0.168,8683,"<",18766,4,"<2.2e-16",0.107,4482.6,"<"
357,"ex357","faces_ex357.lst",2,"Lognormal","(v)","(v)","(v)",0.0381,0.04164,0.036,0.0373,0.03511,0.2627,0.2904,0.2524,0.2627,0.2464,0.0803,0.0861,0.0739,0.0762,0.0718,20406,4,"<2.2e-16",0.117,1022.6,"<",20707,4,"<2.2e-16",0.118,1453.3,"<",12894,4,"<2.2e-16",0.074,652.99,"<"
358,"ex358","faces_ex358.lst",2,"Lognormal","(iii)","(iii)","(iii)",0.07586,0.08435,0.07271,0.07856,0.07581,0.5302,0.5835,0.5096,0.5497,0.5301,0.1596,0.1805,0.1518,0.1659,0.1594,37426,4,"<2.2e-16",0.214,4352.1,"<",35824,4,"<2.2e-16",0.205,5553.8,"<",24919,4,"<2.2e-16",0.142,2938.1,"<"
359,"ex359","faces_ex359.lst",2,"Lognormal","(i)","(i)","(i)",0.05082,0.06057,0.05199,0.05456,0.05141,0.357,0.4214,0.364,0.3841,0.3602,0.1043,0.1264,0.1074,0.1124,0.106,24561,4,"<2.2e-16",0.14,5777.6,"<",25545,4,"<2.2e-16",0.146,7089.4,"<",15141,4,"<2.2e-16",0.087,3624.4,"<"
360,"ex360","faces_ex360.lst",2,"Lognormal","(v)","(v)","(v)",0.03815,0.04238,0.03762,0.03885,0.03619,0.2645,0.2957,0.2635,0.2739,0.2539,0.0796,0.0876,0.0774,0.0794,0.0741,18657,4,"<2.2e-16",0.107,1081.3,"<",18956,4,"<2.2e-16",0.108,1575.3,"<",11525,4,"<2.2e-16",0.066,636.51,"<"
361,"ex361","faces_ex361.lst",2,"Lognormal","(iii)","(iii)","(iii)",0.06648,0.07105,0.06357,0.06655,0.06566,0.4652,0.4949,0.4465,0.4676,0.4608,0.1388,0.1492,0.1313,0.1382,0.1363,34911,4,"<2.2e-16",0.199,2206.9,"<",31314,4,"<2.2e-16",0.179,2950,"<",22774,4,"<2.2e-16",0.13,1486,"<"
362,"ex362","faces_ex362.lst",2,"Lognormal","(i)","(i)","(i)",0.0445,0.05244,0.0458,0.047,0.04555,0.3129,0.3648,0.3205,0.3297,0.319,0.09105,0.10894,0.0944,0.09682,0.09373,25250,4,"<2.2e-16",0.144,4639.1,"<",24217,4,"<2.2e-16",0.138,5862,"<",16351,4,"<2.2e-16",0.093,2897.9,"<"
363,"ex363","faces_ex363.lst",2,"Lognormal","(v)","(v)","(v)",0.0455,0.0377,0.0333,0.0338,0.0324,0.297,0.262,0.233,0.237,0.227,0.1043,0.0782,0.0686,0.0696,0.0665,17206,4,"<2.2e-16",0.098,1555.5,"<",16777,4,"<2.2e-16",0.096,1496.5,"<",10666,4,"<2.2e-16",0.061,1637.7,"<"
364,"ex364","faces_ex364.lst",2,"Lognormal","(iii)","(iii)","(iii)",0.06661,0.0714,0.0639,0.06689,0.06594,0.4662,0.4975,0.4488,0.4698,0.4627,0.1389,0.1498,0.132,0.139,0.1369,34686,4,"<2.2e-16",0.198,2337.1,"<",30818,4,"<2.2e-16",0.176,3109.3,"<",23530,4,"<2.2e-16",0.134,1546.2,"<"
365,"ex365","faces_ex365.lst",2,"Lognormal","(i)","(i)","(i)",0.04468,0.0524,0.04596,0.04715,0.04566,0.3138,0.3648,0.3215,0.3308,0.3197,0.09153,0.10875,0.09473,0.09713,0.09397,24846,4,"<2.2e-16",0.142,4543.2,"<",23873,4,"<2.2e-16",0.136,5736.2,"<",15905,4,"<2.2e-16",0.091,2823.3,"<"
366,"ex366","faces_ex366.lst",2,"Lognormal","(v)","(v)","(v)",0.0455,0.0379,0.0334,0.034,0.0325,0.297,0.263,0.234,0.238,0.227,0.1041,0.0786,0.0688,0.0698,0.0667,17480,4,"<2.2e-16",0.1,1545.1,"<",17255,4,"<2.2e-16",0.099,1485.6,"<",10936,4,"<2.2e-16",0.062,1621.7,"<"
367,"ex367","faces_ex367.lst",2,"Lognormal","(iii)","(iii)","(iii)",0.06868,0.07402,0.0664,0.06948,0.06819,0.4806,0.5147,0.4656,0.4873,0.4778,0.1435,0.1561,0.1378,0.145,0.1421,32726,4,"<2.2e-16",0.187,2428.3,"<",29645,4,"<2.2e-16",0.169,3166.9,"<",21379,4,"<2.2e-16",0.122,1626.1,"<"
368,"ex368","faces_ex368.lst",2,"Lognormal","(i)","(i)","(i)",0.04589,0.05407,0.04763,0.04876,0.04697,0.3225,0.3762,0.3333,0.3424,0.3289,0.09398,0.11242,0.09835,0.10047,0.09673,23272,4,"<2.2e-16",0.133,4745.7,"<",22797,4,"<2.2e-16",0.13,5822.8,"<",14817,4,"<2.2e-16",0.085,3008.5,"<"
369,"ex369","faces_ex369.lst",2,"Lognormal","(v)","(v)","(v)",0.0428,0.0387,0.0345,0.035,0.0332,0.2836,0.269,0.2412,0.2454,0.2326,0.0956,0.0804,0.0709,0.0716,0.0681,17350,4,"<2.2e-16",0.099,1030.6,"<",17279,4,"<2.2e-16",0.099,1012,"<",10577,4,"<2.2e-16",0.06,1064,"<"
370,"ex370","faces_ex370.lst",2,"Lognormal","(iii)","(iii)","(iii)",0.0626,0.06553,0.06021,0.06173,0.06123,0.4364,0.4565,0.422,0.4329,0.4292,0.1309,0.137,0.1245,0.128,0.1269,30328,4,"<2.2e-16",0.173,1132.8,"<",25918,4,"<2.2e-16",0.148,1521.9,"<",19622,4,"<2.2e-16",0.112,764.59,"<"
371,"ex371","faces_ex371.lst",2,"Lognormal","(i)","(i)","(i)",0.04199,0.0486,0.0436,0.04414,0.04316,0.2944,0.3376,0.3044,0.3085,0.3016,0.0862,0.10102,0.09009,0.0912,0.08896,23416,4,"<2.2e-16",0.134,3089.1,"<",21586,4,"<2.2e-16",0.123,4009.4,"<",15604,4,"<2.2e-16",0.089,1937.5,"<"
372,"ex372","faces_ex372.lst",2,"Lognormal","(v)","(v)","(v)",0.0565,0.0357,0.0319,0.0321,0.031,0.353,0.247,0.222,0.224,0.216,0.1371,0.0746,0.0659,0.0663,0.0639,13782,4,"<2.2e-16",0.079,3615.2,"<",13398,4,"<2.2e-16",0.077,3445.4,"<",8046,4,"<2.2e-16",0.046,3796.7,"<"
373,"ex373","faces_ex373.lst",2,"Lognormal","(iii)","(iii)","(iii)",0.06278,0.0661,0.0606,0.06213,0.06162,0.4377,0.4597,0.4245,0.4353,0.4316,0.1314,0.1385,0.1255,0.1291,0.1279,29839,4,"<2.2e-16",0.17,1196.2,"<",25563,4,"<2.2e-16",0.146,1579.8,"<",19899,4,"<2.2e-16",0.114,815.4,"<"
374,"ex374","faces_ex374.lst",2,"Lognormal","(i)","(i)","(i)",0.04225,0.04902,0.04373,0.04426,0.04326,0.2961,0.3404,0.3054,0.3096,0.3023,0.08684,0.10191,0.0903,0.09135,0.08912,23155,4,"<2.2e-16",0.132,3032.2,"<",21702,4,"<2.2e-16",0.124,3927.9,"<",15351,4,"<2.2e-16",0.088,1902.4,"<"
375,"ex375","faces_ex375.lst",2,"Lognormal","(v)","(v)","(v)",0.057,0.0356,0.0319,0.0322,0.031,0.356,0.246,0.222,0.224,0.216,0.1387,0.0743,0.066,0.0664,0.0639,13829,4,"<2.2e-16",0.079,3724.8,"<",13097,4,"<2.2e-16",0.075,3551.8,"<",8096.5,4,"<2.2e-16",0.046,3916.4,"<"
376,"ex376","faces_ex376.lst",2,"Lognormal","(iii)","(iii)","(iii)",0.06396,0.06766,0.06208,0.06361,0.06299,0.4463,0.4708,0.4349,0.4458,0.4412,0.1338,0.142,0.1288,0.1323,0.1309,28978,4,"<2.2e-16",0.166,1302.4,"<",24604,4,"<2.2e-16",0.141,1733.5,"<",18967,4,"<2.2e-16",0.108,875.43,"<"
377,"ex377","faces_ex377.lst",2,"Lognormal","(i)","(i)","(i)",0.04269,0.0496,0.04453,0.04503,0.04384,0.2993,0.3446,0.3109,0.3149,0.3064,0.08767,0.10301,0.09207,0.09298,0.09039,22882,4,"<2.2e-16",0.131,3433.7,"<",21434,4,"<2.2e-16",0.122,4392.1,"<",14671,4,"<2.2e-16",0.084,2129.1,"<"
378,"ex378","faces_ex378.lst",2,"Lognormal","(v)","(v)","(v)",0.0533,0.0364,0.0325,0.0327,0.0315,0.337,0.252,0.227,0.228,0.22,0.1277,0.076,0.0672,0.0674,0.0648,14535,4,"<2.2e-16",0.083,2955.4,"<",13923,4,"<2.2e-16",0.08,2806.2,"<",8778.9,4,"<2.2e-16",0.05,3117.4,"<"
379,"ex379","faces_ex379.lst",2,"Lognormal","(i)","(i)","(i)",0.09231,0.10967,0.09579,0.10157,0.09595,0.636,0.7421,0.6539,0.6936,0.6564,0.1973,0.2415,0.2075,0.2215,0.2074,37496,4,"<2.2e-16",0.214,7824.5,"<",37717,4,"<2.2e-16",0.215,9861.2,"<",25729,4,"<2.2e-16",0.147,5145.8,"<"
380,"ex380","faces_ex380.lst",2,"Lognormal","(i)","(i)","(i)",0.0623,0.07943,0.07302,0.07509,0.06709,0.4338,0.5442,0.4982,0.5161,0.4618,0.1286,0.1687,0.1561,0.1598,0.1409,37652,4,"<2.2e-16",0.215,8802.5,"<",38885,4,"<2.2e-16",0.222,10653,"<",26647,4,"<2.2e-16",0.152,5861.3,"<"
381,"ex381","faces_ex381.lst",2,"Lognormal","(i)","(i)","(i)",0.04469,0.05335,0.05524,0.05608,0.0485,0.3124,0.3691,0.3776,0.3863,0.3352,0.09161,0.11074,0.11706,0.11787,0.10065,34885,4,"<2.2e-16",0.199,7964.3,"<",34434,4,"<2.2e-16",0.197,8927.6,"<",24465,4,"<2.2e-16",0.14,5525.1,"<"
382,"ex382","faces_ex382.lst",2,"Lognormal","(i)","(i)","(i)",0.09271,0.10977,0.0963,0.10213,0.09634,0.6388,0.7433,0.6573,0.6975,0.6591,0.1981,0.2413,0.2085,0.2227,0.208,36356,4,"<2.2e-16",0.208,7378.4,"<",37391,4,"<2.2e-16",0.214,9416.4,"<",25142,4,"<2.2e-16",0.144,4840.7,"<"
383,"ex383","faces_ex383.lst",2,"Lognormal","(i)","(i)","(i)",0.06263,0.07982,0.07356,0.07548,0.0674,0.4358,0.5461,0.5014,0.5183,0.4636,0.1296,0.1699,0.1576,0.1609,0.1417,37139,4,"<2.2e-16",0.212,8693,"<",38578,4,"<2.2e-16",0.22,10557,"<",25932,4,"<2.2e-16",0.148,5784.4,"<"
384,"ex384","faces_ex384.lst",2,"Lognormal","(i)","(i)","(i)",0.045,0.05371,0.05569,0.05642,0.04883,0.3145,0.3714,0.3805,0.3885,0.3374,0.09224,0.11145,0.11806,0.11859,0.10141,34119,4,"<2.2e-16",0.195,7731.1,"<",33997,4,"<2.2e-16",0.194,8750.3,"<",24115,4,"<2.2e-16",0.138,5354.7,"<"
385,"ex385","faces_ex385.lst",2,"Lognormal","(i)","(i)","(i)",0.09419,0.11232,0.09877,0.10433,0.09796,0.6496,0.7593,0.6738,0.7127,0.6709,0.2013,0.248,0.2143,0.2277,0.2115,35227,4,"<2.2e-16",0.201,7674.1,"<",36436,4,"<2.2e-16",0.208,9611.6,"<",24029,4,"<2.2e-16",0.137,5140.3,"<"
386,"ex386","faces_ex386.lst",2,"Lognormal","(i)","(i)","(i)",0.06382,0.08124,0.0754,0.07701,0.06839,0.4438,0.5556,0.5138,0.5295,0.4706,0.1321,0.1732,0.1618,0.1641,0.1438,37317,4,"<2.2e-16",0.213,8873.8,"<",38964,4,"<2.2e-16",0.223,10729,"<",26281,4,"<2.2e-16",0.15,5945.7,"<"
387,"ex387","faces_ex387.lst",2,"Lognormal","(i)","(i)","(i)",0.04568,0.05443,0.05703,0.0574,0.04931,0.3191,0.3767,0.39,0.3962,0.3411,0.09355,0.11285,0.12102,0.12049,0.10215,35831,4,"<2.2e-16",0.205,8498.5,"<",35742,4,"<2.2e-16",0.204,9664.8,"<",25847,4,"<2.2e-16",0.148,5932.4,"<"
388,"ex388","faces_ex388.lst",2,"Lognormal","(i)","(i)","(i)",0.08816,0.10274,0.09303,0.09603,0.09151,0.6052,0.6947,0.6321,0.6537,0.6238,0.1885,0.225,0.202,0.209,0.1976,32252,4,"<2.2e-16",0.184,5575.6,"<",30994,4,"<2.2e-16",0.177,7079.3,"<",22573,4,"<2.2e-16",0.129,3735.5,"<"
389,"ex389","faces_ex389.lst",2,"Lognormal","(i)","(i)","(i)",0.05913,0.07489,0.07115,0.07182,0.06466,0.4106,0.5118,0.4836,0.4906,0.4431,0.1224,0.159,0.1529,0.1536,0.1365,39418,4,"<2.2e-16",0.225,8484.3,"<",39717,4,"<2.2e-16",0.227,10144,"<",28060,4,"<2.2e-16",0.16,5781.5,"<"
390,"ex390","faces_ex390.lst",2,"Lognormal","(i)","(i)","(i)",0.04266,0.05067,0.05408,0.05417,0.04718,0.2972,0.3497,0.3684,0.3711,0.3245,0.08788,0.10535,0.1151,0.1145,0.09845,36945,4,"<2.2e-16",0.211,8065.9,"<",36479,4,"<2.2e-16",0.208,9072.1,"<",26146,4,"<2.2e-16",0.149,5660.1,"<"
391,"ex391","faces_ex391.lst",2,"Lognormal","(i)","(i)","(i)",0.08838,0.10295,0.09332,0.09637,0.09173,0.6068,0.6959,0.6339,0.6558,0.6253,0.1892,0.2257,0.203,0.2102,0.1984,32221,4,"<2.2e-16",0.184,5575.4,"<",31147,4,"<2.2e-16",0.178,7098.9,"<",22211,4,"<2.2e-16",0.127,3713.3,"<"
392,"ex392","faces_ex392.lst",2,"Lognormal","(i)","(i)","(i)",0.05939,0.07509,0.07135,0.07196,0.06485,0.4124,0.5134,0.4851,0.4918,0.4444,0.1229,0.1593,0.1532,0.1538,0.1368,38870,4,"<2.2e-16",0.222,8325.3,"<",39059,4,"<2.2e-16",0.223,10005,"<",27379,4,"<2.2e-16",0.156,5611.8,"<"
393,"ex393","faces_ex393.lst",2,"Lognormal","(i)","(i)","(i)",0.0427,0.05069,0.05415,0.05419,0.04722,0.2977,0.35,0.3693,0.3715,0.3249,0.08778,0.10521,0.11504,0.11433,0.09836,36693,4,"<2.2e-16",0.21,8182.2,"<",35998,4,"<2.2e-16",0.206,9205.7,"<",26211,4,"<2.2e-16",0.15,5722.8,"<"
394,"ex394","faces_ex394.lst",2,"Lognormal","(i)","(i)","(i)",0.0895,0.10459,0.09498,0.09784,0.09292,0.615,0.7075,0.6454,0.6664,0.6341,0.1915,0.2293,0.2068,0.2133,0.2009,31163,4,"<2.2e-16",0.178,5757.4,"<",30525,4,"<2.2e-16",0.174,7251.7,"<",21088,4,"<2.2e-16",0.12,3834.3,"<"
395,"ex395","faces_ex395.lst",2,"Lognormal","(i)","(i)","(i)",0.06007,0.07597,0.07246,0.07289,0.06537,0.4179,0.52,0.4935,0.4996,0.4489,0.124,0.161,0.1555,0.1554,0.1376,39572,4,"<2.2e-16",0.226,8607.9,"<",39869,4,"<2.2e-16",0.228,10280,"<",28344,4,"<2.2e-16",0.162,5869.2,"<"
396,"ex396","faces_ex396.lst",2,"Lognormal","(i)","(i)","(i)",0.04339,0.05146,0.05527,0.05508,0.04784,0.3026,0.3554,0.3769,0.3779,0.3293,0.0892,0.10691,0.1176,0.11623,0.09969,37179,4,"<2.2e-16",0.212,8532.6,"<",36395,4,"<2.2e-16",0.208,9547.8,"<",26732,4,"<2.2e-16",0.153,6009.1,"<"
397,"ex397","faces_ex397.lst",2,"Lognormal","(i)","(i)","(i)",0.0856,0.0987,0.09137,0.0929,0.08881,0.5859,0.6663,0.6189,0.6302,0.6036,0.1832,0.2158,0.199,0.2025,0.192,29562,4,"<2.2e-16",0.169,4724.8,"<",26788,4,"<2.2e-16",0.153,5954.4,"<",20499,4,"<2.2e-16",0.117,3213.5,"<"
398,"ex398","faces_ex398.lst",2,"Lognormal","(i)","(i)","(i)",0.0574,0.07205,0.07013,0.07019,0.06349,0.3977,0.4918,0.4757,0.478,0.4331,0.1191,0.1527,0.1509,0.1504,0.1344,40794,4,"<2.2e-16",0.233,8156,"<",40613,4,"<2.2e-16",0.232,9761,"<",28786,4,"<2.2e-16",0.164,5571.5,"<"
399,"ex399","faces_ex399.lst",2,"Lognormal","(i)","(i)","(i)",0.04158,0.04888,0.05336,0.05315,0.04645,0.2888,0.3368,0.3632,0.3632,0.3184,0.08605,0.1018,0.11346,0.1124,0.09718,39428,4,"<2.2e-16",0.225,7459.5,"<",38597,4,"<2.2e-16",0.221,8676.3,"<",27463,4,"<2.2e-16",0.157,5071.3,"<"
400,"ex400","faces_ex400.lst",2,"Lognormal","(i)","(i)","(i)",0.08611,0.09891,0.09168,0.09317,0.08912,0.5892,0.6681,0.6213,0.6324,0.606,0.1846,0.2163,0.1997,0.2032,0.1927,29024,4,"<2.2e-16",0.166,4680,"<",26322,4,"<2.2e-16",0.15,5912.5,"<",20465,4,"<2.2e-16",0.117,3140,"<"
401,"ex401","faces_ex401.lst",2,"Lognormal","(i)","(i)","(i)",0.05759,0.0723,0.07044,0.07049,0.06362,0.3992,0.4937,0.4779,0.4801,0.4345,0.1194,0.1534,0.1517,0.1512,0.1347,40785,4,"<2.2e-16",0.233,8169.2,"<",41050,4,"<2.2e-16",0.235,9791.1,"<",29142,4,"<2.2e-16",0.166,5612.1,"<"
402,"ex402","faces_ex402.lst",2,"Lognormal","(i)","(i)","(i)",0.04152,0.04882,0.05352,0.05332,0.04644,0.2886,0.3365,0.3641,0.3641,0.3185,0.08575,0.10149,0.11395,0.11292,0.09707,39610,4,"<2.2e-16",0.226,7912.8,"<",38514,4,"<2.2e-16",0.22,9097.9,"<",28417,4,"<2.2e-16",0.162,5495.4,"<"
403,"ex403","faces_ex403.lst",2,"Lognormal","(i)","(i)","(i)",0.0866,0.10005,0.09261,0.09407,0.08979,0.5925,0.675,0.6271,0.6383,0.6103,0.1857,0.2193,0.2021,0.2053,0.1944,29437,4,"<2.2e-16",0.168,4964.6,"<",26801,4,"<2.2e-16",0.153,6199.4,"<",20977,4,"<2.2e-16",0.12,3383.5,"<"
404,"ex404","faces_ex404.lst",2,"Lognormal","(i)","(i)","(i)",0.05805,0.07297,0.07086,0.0708,0.06389,0.4023,0.4983,0.4814,0.4829,0.4367,0.1204,0.1548,0.1524,0.1516,0.1351,40442,4,"<2.2e-16",0.231,8350.6,"<",40328,4,"<2.2e-16",0.23,10014,"<",28555,4,"<2.2e-16",0.163,5707.6,"<"
405,"ex405","faces_ex405.lst",2,"Lognormal","(i)","(i)","(i)",0.04189,0.04937,0.05381,0.05347,0.04669,0.2914,0.3405,0.3668,0.3659,0.3204,0.08639,0.10265,0.11442,0.11307,0.09748,38897,4,"<2.2e-16",0.222,8345.8,"<",37644,4,"<2.2e-16",0.215,9516,"<",27506,4,"<2.2e-16",0.157,5815.5,"<"
406,"ex406","faces_ex406.lst",2,"Lognormal","(iii)","(iii)","(iii)",0.05331,0.0553,0.04623,0.04932,0.04866,0.3708,0.3872,0.3279,0.3507,0.345,0.1123,0.1153,0.0938,0.1005,0.0994,36299,4,"<2.2e-16",0.207,1510.3,"<",33564,4,"<2.2e-16",0.192,1934.5,"<",22306,4,"<2.2e-16",0.127,1165.9,"<"
407,"ex407","faces_ex407.lst",2,"Lognormal","(iii)","(iii)","(iii)",0.03358,0.0394,0.03184,0.0331,0.03233,0.2377,0.2767,0.2262,0.2359,0.2297,0.06817,0.08104,0.06409,0.06657,0.06522,29196,4,"<2.2e-16",0.167,3163.4,"<",28477,4,"<2.2e-16",0.163,4237.8,"<",18340,4,"<2.2e-16",0.105,2061.4,"<"
408,"ex408","faces_ex408.lst",2,"Lognormal","(iii)","(iii)","(iii)",0.0644,0.0291,0.0225,0.0231,0.0225,0.391,0.202,0.16,0.164,0.16,0.1631,0.0603,0.0454,0.0465,0.0454,23499,4,"<2.2e-16",0.134,7338.3,"<",23782,4,"<2.2e-16",0.136,7377.2,"<",15540,4,"<2.2e-16",0.089,7312.3,"<"
409,"ex409","faces_ex409.lst",2,"Lognormal","(iii)","(iii)","(iii)",0.05303,0.05587,0.04659,0.04969,0.04894,0.3699,0.3912,0.3307,0.3534,0.3472,0.1112,0.1166,0.0945,0.1013,0.1,36168,4,"<2.2e-16",0.207,1582.5,"<",33050,4,"<2.2e-16",0.189,2039.5,"<",22076,4,"<2.2e-16",0.126,1201.6,"<"
410,"ex410","faces_ex410.lst",2,"Lognormal","(iii)","(iii)","(iii)",0.03406,0.03973,0.03222,0.0335,0.03268,0.2409,0.2789,0.2287,0.2387,0.232,0.06931,0.08179,0.06498,0.06749,0.06606,27657,4,"<2.2e-16",0.158,2986.1,"<",27482,4,"<2.2e-16",0.157,4018.5,"<",17328,4,"<2.2e-16",0.099,1939.8,"<"
411,"ex411","faces_ex411.lst",2,"Lognormal","(iii)","(iii)","(v)",0.0635,0.0294,0.0227,0.0233,0.0227,0.387,0.204,0.161,0.166,0.161,0.1605,0.0611,0.0458,0.0469,0.0457,22383,4,"<2.2e-16",0.128,7089.4,"<",22603,4,"<2.2e-16",0.129,7132.7,"<",15074,4,"<2.2e-16",0.086,7055.5,"<"
412,"ex412","faces_ex412.lst",2,"Lognormal","(iii)","(iii)","(iii)",0.05549,0.05872,0.04933,0.05248,0.0514,0.3862,0.4098,0.3489,0.3719,0.3634,0.117,0.123,0.101,0.108,0.106,30818,4,"<2.2e-16",0.176,1525.1,"<",28738,4,"<2.2e-16",0.164,1952.7,"<",19011,4,"<2.2e-16",0.109,1148.2,"<"
413,"ex413","faces_ex413.lst",2,"Lognormal","(iii)","(iii)","(iii)",0.03595,0.04125,0.03425,0.03552,0.03437,0.2539,0.2896,0.2429,0.2528,0.2436,0.07325,0.08491,0.06932,0.07171,0.06957,20358,4,"<2.2e-16",0.116,2680.1,"<",20149,4,"<2.2e-16",0.115,3524.6,"<",12772,4,"<2.2e-16",0.073,1736.2,"<"
414,"ex414","faces_ex414.lst",2,"Lognormal","(v)","(v)","(v)",0.0539,0.0298,0.0241,0.0247,0.0238,0.336,0.208,0.171,0.176,0.169,0.1323,0.0617,0.0488,0.0497,0.0481,17381,4,"<2.2e-16",0.099,4906.7,"<",17418,4,"<2.2e-16",0.1,4947.5,"<",10768,4,"<2.2e-16",0.062,4858.9,"<"
415,"ex415","faces_ex415.lst",2,"Lognormal","(iii)","(iii)","(iii)",0.0499,0.0473,0.0411,0.0425,0.0425,0.3426,0.3313,0.2916,0.3024,0.3017,0.1069,0.0979,0.0829,0.086,0.0862,28896,4,"<2.2e-16",0.165,1159.4,"<",25502,4,"<2.2e-16",0.146,1281.2,"<",17374,4,"<2.2e-16",0.099,1056.4,"<"
416,"ex416","faces_ex416.lst",2,"Lognormal","(iii)","(iii)","(iii)",0.02992,0.03381,0.02846,0.02899,0.0287,0.2104,0.2368,0.2017,0.2058,0.2034,0.0614,0.0697,0.0575,0.0585,0.058,23122,4,"<2.2e-16",0.132,1398,"<",21536,4,"<2.2e-16",0.123,1896.4,"<",14096,4,"<2.2e-16",0.081,937.77,"<"
417,"ex417","faces_ex417.lst",2,"Lognormal","(iii)","(iii)","(v)",0.0953,0.0268,0.0201,0.0204,0.0201,0.557,0.183,0.142,0.144,0.142,0.2532,0.0569,0.0408,0.0412,0.0406,17659,4,"<2.2e-16",0.101,15755,"<",17927,4,"<2.2e-16",0.102,15797,"<",12703,4,"<2.2e-16",0.073,15773,"<"
418,"ex418","faces_ex418.lst",2,"Lognormal","(iii)","(iii)","(iii)",0.0501,0.0474,0.0413,0.0427,0.0427,0.3437,0.3324,0.293,0.3037,0.303,0.1075,0.0984,0.0834,0.0866,0.0868,28360,4,"<2.2e-16",0.162,1142.7,"<",24764,4,"<2.2e-16",0.141,1256.5,"<",16686,4,"<2.2e-16",0.095,1043.4,"<"
419,"ex419","faces_ex419.lst",2,"Lognormal","(iii)","(iii)","(iii)",0.02989,0.03403,0.02864,0.02917,0.02887,0.2105,0.2383,0.2029,0.2071,0.2045,0.0611,0.0702,0.0579,0.0589,0.0584,22721,4,"<2.2e-16",0.13,1502.8,"<",20992,4,"<2.2e-16",0.12,2017.9,"<",14199,4,"<2.2e-16",0.081,1006,"<"
420,"ex420","faces_ex420.lst",2,"Lognormal","(v)","(iii)","(v)",0.0956,0.0266,0.0203,0.0205,0.0202,0.558,0.183,0.143,0.145,0.143,0.2539,0.0564,0.041,0.0414,0.0409,17983,4,"<2.2e-16",0.103,15826,"<",18235,4,"<2.2e-16",0.104,15872,"<",12858,4,"<2.2e-16",0.073,15839,"<"
421,"ex421","faces_ex421.lst",2,"Lognormal","(iii)","(iii)","(iii)",0.0511,0.0495,0.0434,0.0449,0.0446,0.3525,0.3472,0.3078,0.319,0.3167,0.1089,0.1025,0.0879,0.0912,0.0909,25987,4,"<2.2e-16",0.148,1059.9,"<",22929,4,"<2.2e-16",0.131,1193.8,"<",15420,4,"<2.2e-16",0.088,937.34,"<"
422,"ex422","faces_ex422.lst",2,"Lognormal","(iii)","(iii)","(iii)",0.03116,0.03492,0.02992,0.03045,0.02998,0.2198,0.2454,0.2123,0.2165,0.2126,0.0636,0.0717,0.0604,0.0614,0.0606,18557,4,"<2.2e-16",0.106,1533.2,"<",17767,4,"<2.2e-16",0.102,2034,"<",11653,4,"<2.2e-16",0.067,1014.9,"<"
423,"ex423","faces_ex423.lst",2,"Lognormal","(v)","(v)","(v)",0.0854,0.0272,0.0211,0.0214,0.021,0.504,0.187,0.15,0.151,0.148,0.2244,0.0574,0.0428,0.0432,0.0424,15908,4,"<2.2e-16",0.091,12699,"<",15848,4,"<2.2e-16",0.091,12719,"<",10705,4,"<2.2e-16",0.061,12713,"<"
424,"ex424","faces_ex424.lst",2,"Lognormal","(iii)","(iii)","(iii)",0.0485,0.0425,0.0379,0.0386,0.0389,0.3289,0.2977,0.2689,0.2742,0.2755,0.1059,0.0878,0.0765,0.078,0.0789,24145,4,"<2.2e-16",0.138,1326.2,"<",20698,4,"<2.2e-16",0.118,1371,"<",14124,4,"<2.2e-16",0.081,1281.9,"<"
425,"ex425","faces_ex425.lst",2,"Lognormal","(iii)","(iii)","(iii)",0.02762,0.03069,0.02635,0.02657,0.02661,0.1933,0.2142,0.1863,0.1881,0.1879,0.057,0.0635,0.0534,0.0538,0.054,19758,4,"<2.2e-16",0.113,857.21,"<",18112,4,"<2.2e-16",0.103,1133.3,"<",12111,4,"<2.2e-16",0.069,596.85,"<"
426,"ex426","faces_ex426.lst",2,"Lognormal","(iii)","(iii)","(iii)",0.11397,0.02571,0.01876,0.01885,0.0188,0.6577,0.1741,0.1323,0.133,0.1324,0.3071,0.0556,0.0381,0.0382,0.0382,14482,4,"<2.2e-16",0.083,22294,"<",14667,4,"<2.2e-16",0.084,22338,"<",11713,4,"<2.2e-16",0.067,22349,"<"
427,"ex427","faces_ex427.lst",2,"Lognormal","(iii)","(iii)","(iii)",0.0489,0.0425,0.0381,0.0388,0.039,0.3314,0.2981,0.2704,0.2756,0.2767,0.1068,0.0878,0.0769,0.0784,0.0792,23211,4,"<2.2e-16",0.133,1365.9,"<",19658,4,"<2.2e-16",0.112,1408.7,"<",13505,4,"<2.2e-16",0.077,1322.9,"<"
428,"ex428","faces_ex428.lst",2,"Lognormal","(iii)","(iii)","(iii)",0.02759,0.03038,0.02639,0.02662,0.02658,0.1934,0.2126,0.1868,0.1885,0.1879,0.0569,0.0626,0.0535,0.0539,0.0539,18856,4,"<2.2e-16",0.108,831.62,"<",16906,4,"<2.2e-16",0.097,1105.9,"<",11659,4,"<2.2e-16",0.067,566.55,"<"
429,"ex429","faces_ex429.lst",2,"Lognormal","(iii)","(iii)","(iii)",0.1139,0.02553,0.01884,0.01893,0.01886,0.6575,0.1732,0.1329,0.1336,0.1329,0.3068,0.0551,0.0382,0.0384,0.0384,15015,4,"<2.2e-16",0.086,22323,"<",14901,4,"<2.2e-16",0.085,22375,"<",11753,4,"<2.2e-16",0.067,22367,"<"
430,"ex430","faces_ex430.lst",2,"Lognormal","(iii)","(iii)","(iii)",0.0493,0.0439,0.0392,0.04,0.04,0.3346,0.3076,0.2783,0.2837,0.2838,0.1072,0.0908,0.0794,0.081,0.0813,22729,4,"<2.2e-16",0.13,1271.3,"<",19235,4,"<2.2e-16",0.11,1315.8,"<",13501,4,"<2.2e-16",0.077,1226,"<"
431,"ex431","faces_ex431.lst",2,"Lognormal","(iii)","(iii)","(iii)",0.02807,0.0312,0.02718,0.02739,0.02729,0.1974,0.2184,0.1924,0.1941,0.1931,0.0575,0.0643,0.055,0.0554,0.0553,17756,4,"<2.2e-16",0.101,959.61,"<",16260,4,"<2.2e-16",0.093,1280.8,"<",11315,4,"<2.2e-16",0.065,655.62,"<"
432,"ex432","faces_ex432.lst",2,"Lognormal","(v)","(v)","(v)",0.10849,0.02625,0.01929,0.01937,0.01922,0.6277,0.1781,0.1362,0.1368,0.1355,0.2913,0.0566,0.0391,0.0393,0.039,14615,4,"<2.2e-16",0.084,20060,"<",14734,4,"<2.2e-16",0.084,20083,"<",11389,4,"<2.2e-16",0.065,20112,"<"
433,"ex433","faces_ex433.lst",2,"Lognormal","(iii)","(iii)","(iii)",0.06113,0.07138,0.05857,0.06184,0.06045,0.4246,0.4905,0.4084,0.4324,0.4215,0.1284,0.1523,0.1217,0.129,0.1262,38488,4,"<2.2e-16",0.22,3586.9,"<",36728,4,"<2.2e-16",0.21,4686.3,"<",24678,4,"<2.2e-16",0.141,2488.7,"<"
434,"ex434","faces_ex434.lst",2,"Lognormal","(i)","(i)","(i)",0.0411,0.05281,0.04264,0.04383,0.04202,0.2872,0.3646,0.2968,0.3061,0.2926,0.08469,0.11092,0.0884,0.0907,0.08692,32055,4,"<2.2e-16",0.183,5622.8,"<",32782,4,"<2.2e-16",0.187,7450.5,"<",21502,4,"<2.2e-16",0.123,3567,"<"
435,"ex435","faces_ex435.lst",2,"Lognormal","(v)","(v)","(v)",0.0377,0.0367,0.0314,0.032,0.0303,0.25,0.254,0.218,0.223,0.211,0.0841,0.0761,0.0651,0.0661,0.0626,20823,4,"<2.2e-16",0.119,863.39,"<",21229,4,"<2.2e-16",0.121,985.37,"<",13146,4,"<2.2e-16",0.075,806.62,"<"
436,"ex436","faces_ex436.lst",2,"Lognormal","(iii)","(iii)","(iii)",0.06115,0.07161,0.05867,0.06188,0.06048,0.425,0.4922,0.4093,0.4327,0.4218,0.1283,0.153,0.1219,0.1291,0.1262,37226,4,"<2.2e-16",0.213,3593.8,"<",35603,4,"<2.2e-16",0.203,4682.3,"<",23665,4,"<2.2e-16",0.135,2514.1,"<"
437,"ex437","faces_ex437.lst",2,"Lognormal","(i)","(i)","(i)",0.04134,0.05298,0.04308,0.04426,0.04241,0.289,0.3662,0.3001,0.3095,0.2955,0.08511,0.11106,0.08923,0.09151,0.08765,31504,4,"<2.2e-16",0.18,6009.2,"<",32467,4,"<2.2e-16",0.185,7909.5,"<",20880,4,"<2.2e-16",0.119,3783.9,"<"
438,"ex438","faces_ex438.lst",2,"Lognormal","(v)","(v)","(v)",0.0373,0.0368,0.0316,0.0322,0.0305,0.249,0.255,0.22,0.224,0.212,0.0828,0.0764,0.0655,0.0663,0.0628,20349,4,"<2.2e-16",0.116,820.01,"<",21137,4,"<2.2e-16",0.121,968.89,"<",12828,4,"<2.2e-16",0.073,741.67,"<"
439,"ex439","faces_ex439.lst",2,"Lognormal","(iii)","(iii)","(iii)",0.06335,0.07419,0.06127,0.06446,0.06265,0.4401,0.5093,0.4272,0.4506,0.4368,0.1331,0.1589,0.1276,0.1348,0.1309,33168,4,"<2.2e-16",0.189,3570.5,"<",32063,4,"<2.2e-16",0.183,4583.2,"<",21444,4,"<2.2e-16",0.123,2521.8,"<"
440,"ex440","faces_ex440.lst",2,"Lognormal","(i)","(i)","(i)",0.04274,0.05473,0.04472,0.04579,0.04356,0.2986,0.3774,0.3114,0.3203,0.3036,0.08811,0.11528,0.09288,0.09476,0.09015,28702,4,"<2.2e-16",0.164,5310.6,"<",29900,4,"<2.2e-16",0.171,6889.8,"<",18503,4,"<2.2e-16",0.106,3448.2,"<"
441,"ex441","faces_ex441.lst",2,"Lognormal","(v)","(v)","(v)",0.0356,0.0376,0.0328,0.0332,0.0313,0.2409,0.2608,0.2282,0.232,0.2177,0.0773,0.0783,0.068,0.0685,0.0645,19827,4,"<2.2e-16",0.113,695.98,"<",20512,4,"<2.2e-16",0.117,941.56,"<",12333,4,"<2.2e-16",0.07,516.82,"<"
442,"ex442","faces_ex442.lst",2,"Lognormal","(iii)","(iii)","(iii)",0.05714,0.06426,0.05478,0.0564,0.05558,0.3941,0.4407,0.3805,0.3923,0.3861,0.1209,0.137,0.1142,0.1179,0.1161,32342,4,"<2.2e-16",0.185,2043.6,"<",29752,4,"<2.2e-16",0.17,2657.4,"<",21188,4,"<2.2e-16",0.121,1450.7,"<"
443,"ex443","faces_ex443.lst",2,"Lognormal","(i)","(i)","(i)",0.03836,0.04789,0.04036,0.04084,0.03949,0.2663,0.3301,0.2797,0.2836,0.2739,0.07972,0.10044,0.08406,0.08497,0.08202,30677,4,"<2.2e-16",0.175,3713.5,"<",31111,4,"<2.2e-16",0.178,5090.5,"<",19996,4,"<2.2e-16",0.114,2261.3,"<"
444,"ex444","faces_ex444.lst",2,"Lognormal","(v)","(v)","(v)",0.0503,0.0339,0.0299,0.0301,0.0288,0.315,0.233,0.207,0.209,0.199,0.1221,0.0709,0.0623,0.0626,0.0597,17147,4,"<2.2e-16",0.098,2788.4,"<",17319,4,"<2.2e-16",0.099,2634,"<",10289,4,"<2.2e-16",0.059,2982,"<"
445,"ex445","faces_ex445.lst",2,"Lognormal","(iii)","(iii)","(iii)",0.05742,0.06431,0.05502,0.05659,0.05577,0.3964,0.4419,0.3825,0.3942,0.3879,0.1213,0.1366,0.1146,0.1181,0.1163,32256,4,"<2.2e-16",0.184,1970.7,"<",29278,4,"<2.2e-16",0.167,2591.2,"<",20458,4,"<2.2e-16",0.117,1372,"<"
446,"ex446","faces_ex446.lst",2,"Lognormal","(i)","(i)","(i)",0.03835,0.04805,0.04054,0.04103,0.03966,0.2665,0.3313,0.2813,0.2851,0.2752,0.07952,0.10082,0.0843,0.08524,0.08222,31324,4,"<2.2e-16",0.179,3820.1,"<",31435,4,"<2.2e-16",0.18,5182.5,"<",20728,4,"<2.2e-16",0.118,2381.2,"<"
447,"ex447","faces_ex447.lst",2,"Lognormal","(v)","(v)","(v)",0.0492,0.0341,0.0298,0.03,0.0287,0.309,0.235,0.207,0.208,0.199,0.1187,0.0714,0.062,0.0623,0.0594,16985,4,"<2.2e-16",0.097,2571.2,"<",17059,4,"<2.2e-16",0.097,2426,"<",10290,4,"<2.2e-16",0.059,2751.2,"<"
448,"ex448","faces_ex448.lst",2,"Lognormal","(iii)","(iii)","(iii)",0.05871,0.0663,0.05669,0.05826,0.05728,0.4055,0.4551,0.3941,0.4058,0.3983,0.124,0.1414,0.1183,0.1218,0.1197,29703,4,"<2.2e-16",0.17,2080.3,"<",27622,4,"<2.2e-16",0.158,2708.9,"<",19062,4,"<2.2e-16",0.109,1468.3,"<"
449,"ex449","faces_ex449.lst",2,"Lognormal","(i)","(i)","(i)",0.03935,0.0491,0.04156,0.04194,0.04042,0.2737,0.3386,0.2884,0.2918,0.2807,0.08147,0.10307,0.0865,0.08711,0.0838,28747,4,"<2.2e-16",0.164,3764,"<",29101,4,"<2.2e-16",0.166,5090,"<",19006,4,"<2.2e-16",0.109,2374.9,"<"
450,"ex450","faces_ex450.lst",2,"Lognormal","(v)","(v)","(v)",0.0451,0.0347,0.0307,0.0308,0.0293,0.288,0.239,0.212,0.214,0.203,0.1064,0.0726,0.0638,0.0639,0.0608,17840,4,"<2.2e-16",0.102,1810.6,"<",17952,4,"<2.2e-16",0.103,1711.2,"<",10863,4,"<2.2e-16",0.062,1944.5,"<"
451,"ex451","faces_ex451.lst",2,"Lognormal","(iii)","(iii)","(iii)",0.05521,0.06033,0.05271,0.05348,0.05294,0.3789,0.4135,0.3654,0.3711,0.3671,0.118,0.128,0.11,0.112,0.111,28330,4,"<2.2e-16",0.162,1333.6,"<",25132,4,"<2.2e-16",0.144,1732.4,"<",18152,4,"<2.2e-16",0.104,954.09,"<"
452,"ex452","faces_ex452.lst",2,"Lognormal","(i)","(i)","(i)",0.03695,0.04506,0.03907,0.03926,0.03814,0.2551,0.31,0.2699,0.2714,0.2635,0.07739,0.09468,0.08174,0.08207,0.07955,29984,4,"<2.2e-16",0.171,2474.1,"<",30063,4,"<2.2e-16",0.172,3500.9,"<",19772,4,"<2.2e-16",0.113,1470.9,"<"
453,"ex453","faces_ex453.lst",2,"Lognormal","(v)","(v)","(v)",0.0602,0.0324,0.0289,0.029,0.0278,0.367,0.222,0.199,0.2,0.192,0.1514,0.0683,0.0603,0.0604,0.0579,13905,4,"<2.2e-16",0.079,4763.3,"<",13929,4,"<2.2e-16",0.08,4533.4,"<",7760.8,4,"<2.2e-16",0.044,5032.6,"<"
454,"ex454","faces_ex454.lst",2,"Lognormal","(iii)","(iii)","(iii)",0.05581,0.06054,0.05298,0.05375,0.05327,0.3825,0.415,0.3672,0.373,0.3692,0.119,0.129,0.111,0.112,0.111,27758,4,"<2.2e-16",0.159,1264.8,"<",24662,4,"<2.2e-16",0.141,1632.4,"<",18211,4,"<2.2e-16",0.104,910.9,"<"
455,"ex455","faces_ex455.lst",2,"Lognormal","(i)","(i)","(i)",0.03705,0.04498,0.03898,0.03917,0.03804,0.256,0.3097,0.2697,0.2713,0.2633,0.07756,0.09443,0.0814,0.08172,0.07919,29580,4,"<2.2e-16",0.169,2416.6,"<",29359,4,"<2.2e-16",0.168,3421.5,"<",19721,4,"<2.2e-16",0.113,1437.8,"<"
456,"ex456","faces_ex456.lst",2,"Lognormal","(v)","(v)","(v)",0.0596,0.0324,0.0289,0.029,0.0278,0.363,0.222,0.2,0.2,0.192,0.1494,0.0681,0.0604,0.0605,0.0579,14103,4,"<2.2e-16",0.081,4636.2,"<",14065,4,"<2.2e-16",0.08,4418.1,"<",7972.3,4,"<2.2e-16",0.046,4903.1,"<"
457,"ex457","faces_ex457.lst",2,"Lognormal","(iii)","(iii)","(iii)",0.05632,0.06163,0.05375,0.05451,0.05394,0.3869,0.4226,0.3731,0.3788,0.3744,0.12,0.131,0.112,0.114,0.113,26868,4,"<2.2e-16",0.154,1376.2,"<",24114,4,"<2.2e-16",0.138,1762.9,"<",17667,4,"<2.2e-16",0.101,997.49,"<"
458,"ex458","faces_ex458.lst",2,"Lognormal","(i)","(i)","(i)",0.03739,0.04565,0.0396,0.03975,0.03855,0.2587,0.3141,0.274,0.2753,0.2668,0.07812,0.0958,0.08268,0.0829,0.08026,29584,4,"<2.2e-16",0.169,2747.2,"<",29617,4,"<2.2e-16",0.169,3827.2,"<",19187,4,"<2.2e-16",0.11,1636.5,"<"
459,"ex459","faces_ex459.lst",2,"Lognormal","(v)","(v)","(v)",0.0566,0.0329,0.0294,0.0294,0.0282,0.348,0.226,0.203,0.203,0.195,0.1406,0.0691,0.0613,0.0612,0.0586,14856,4,"<2.2e-16",0.085,3989.7,"<",14848,4,"<2.2e-16",0.085,3769.1,"<",8564.8,4,"<2.2e-16",0.049,4242.3,"<"
460,"ex460","faces_ex460.lst",2,"Lognormal","(i)","(i)","(i)",0.08174,0.106,0.08951,0.09251,0.08659,0.5585,0.7093,0.6044,0.6274,0.5871,0.1746,0.2351,0.1952,0.2019,0.1873,38820,4,"<2.2e-16",0.222,8449.9,"<",41328,4,"<2.2e-16",0.236,10985,"<",25439,4,"<2.2e-16",0.145,5806.7,"<"
461,"ex461","faces_ex461.lst",2,"Lognormal","(i)","(i)","(i)",0.05584,0.07613,0.06975,0.07005,0.0618,0.3858,0.5173,0.4719,0.477,0.4215,0.116,0.1629,0.1506,0.1503,0.1307,44652,4,"<2.2e-16",0.255,8655,"<",46311,4,"<2.2e-16",0.265,10952,"<",32016,4,"<2.2e-16",0.183,5801.9,"<"
462,"ex462","faces_ex462.lst",2,"Lognormal","(i)","(i)","(i)",0.04071,0.04927,0.05331,0.05309,0.0456,0.2831,0.3399,0.362,0.3629,0.3124,0.08407,0.10243,0.1138,0.11233,0.09541,37724,4,"<2.2e-16",0.216,9373.7,"<",37351,4,"<2.2e-16",0.213,10348,"<",26577,4,"<2.2e-16",0.152,6567.9,"<"
463,"ex463","faces_ex463.lst",2,"Lognormal","(i)","(i)","(i)",0.08217,0.10597,0.08986,0.09281,0.08691,0.5609,0.7088,0.6063,0.6293,0.5889,0.1759,0.2353,0.1963,0.2028,0.1883,37478,4,"<2.2e-16",0.214,8227.2,"<",40070,4,"<2.2e-16",0.229,10809,"<",24887,4,"<2.2e-16",0.142,5627.5,"<"
464,"ex464","faces_ex464.lst",2,"Lognormal","(i)","(i)","(i)",0.05625,0.07656,0.07032,0.07053,0.06224,0.3888,0.5198,0.475,0.4797,0.424,0.1168,0.164,0.1522,0.1516,0.1318,44457,4,"<2.2e-16",0.254,8409.2,"<",45879,4,"<2.2e-16",0.262,10679,"<",31989,4,"<2.2e-16",0.183,5653.2,"<"
465,"ex465","faces_ex465.lst",2,"Lognormal","(i)","(i)","(i)",0.04088,0.04929,0.05346,0.05319,0.04568,0.2839,0.3396,0.3629,0.3634,0.3127,0.08459,0.10263,0.11427,0.11268,0.09572,37435,4,"<2.2e-16",0.214,9124.6,"<",37457,4,"<2.2e-16",0.214,10196,"<",25962,4,"<2.2e-16",0.148,6356.9,"<"
466,"ex466","faces_ex466.lst",2,"Lognormal","(i)","(i)","(i)",0.08367,0.10771,0.09205,0.09478,0.08844,0.5711,0.7203,0.6212,0.643,0.5995,0.179,0.2393,0.2012,0.207,0.1914,36221,4,"<2.2e-16",0.207,8220.1,"<",39107,4,"<2.2e-16",0.223,10674,"<",23821,4,"<2.2e-16",0.136,5663.2,"<"
467,"ex467","faces_ex467.lst",2,"Lognormal","(i)","(i)","(i)",0.05714,0.07733,0.07141,0.07122,0.06275,0.3949,0.5256,0.4832,0.4857,0.428,0.1187,0.1656,0.1543,0.1526,0.1327,43913,4,"<2.2e-16",0.251,8508,"<",45377,4,"<2.2e-16",0.259,10747,"<",31178,4,"<2.2e-16",0.178,5684.9,"<"
468,"ex468","faces_ex468.lst",2,"Lognormal","(i)","(i)","(i)",0.04147,0.05012,0.05439,0.05372,0.04601,0.2883,0.3454,0.3699,0.3679,0.3157,0.08567,0.10446,0.11617,0.1135,0.09619,37666,4,"<2.2e-16",0.215,9092.6,"<",37865,4,"<2.2e-16",0.216,10313,"<",26528,4,"<2.2e-16",0.152,6298.4,"<"
469,"ex469","faces_ex469.lst",2,"Lognormal","(i)","(i)","(i)",0.07921,0.10117,0.08825,0.08954,0.08421,0.5384,0.6743,0.5925,0.6034,0.5674,0.17,0.2247,0.1938,0.1964,0.1832,37190,4,"<2.2e-16",0.212,7198.7,"<",38515,4,"<2.2e-16",0.22,9371.6,"<",24943,4,"<2.2e-16",0.143,5007.3,"<"
470,"ex470","faces_ex470.lst",2,"Lognormal","(i)","(i)","(i)",0.05391,0.07231,0.06873,0.06834,0.06057,0.3713,0.4904,0.4634,0.4629,0.411,0.1125,0.1547,0.1491,0.1474,0.1288,46656,4,"<2.2e-16",0.267,8489.2,"<",47593,4,"<2.2e-16",0.272,10617,"<",33684,4,"<2.2e-16",0.192,5760.7,"<"
471,"ex471","faces_ex471.lst",2,"Lognormal","(i)","(i)","(i)",0.0393,0.0474,0.05266,0.05217,0.04491,0.2722,0.3256,0.3566,0.355,0.3062,0.08164,0.09914,0.11287,0.11096,0.09449,40987,4,"<2.2e-16",0.234,9563.1,"<",40524,4,"<2.2e-16",0.232,10791,"<",28752,4,"<2.2e-16",0.164,6619.3,"<"
472,"ex472","faces_ex472.lst",2,"Lognormal","(i)","(i)","(i)",0.07919,0.10148,0.08805,0.08933,0.08411,0.5389,0.677,0.5925,0.6033,0.5677,0.1696,0.2251,0.1928,0.1954,0.1825,38267,4,"<2.2e-16",0.219,7368.9,"<",38867,4,"<2.2e-16",0.222,9555.9,"<",25927,4,"<2.2e-16",0.148,5127.9,"<"
473,"ex473","faces_ex473.lst",2,"Lognormal","(i)","(i)","(i)",0.05384,0.07273,0.06852,0.06814,0.06033,0.3712,0.4937,0.4629,0.4627,0.4101,0.112,0.1554,0.1482,0.1465,0.1278,46649,4,"<2.2e-16",0.267,8314.4,"<",48084,4,"<2.2e-16",0.275,10507,"<",33639,4,"<2.2e-16",0.192,5599,"<"
474,"ex474","faces_ex474.lst",2,"Lognormal","(i)","(i)","(i)",0.03932,0.04739,0.05259,0.05212,0.04486,0.2724,0.3258,0.3564,0.3548,0.306,0.08167,0.09893,0.11251,0.11069,0.09434,41101,4,"<2.2e-16",0.235,9904.1,"<",40889,4,"<2.2e-16",0.234,11135,"<",28554,4,"<2.2e-16",0.163,6847.7,"<"
475,"ex475","faces_ex475.lst",2,"Lognormal","(i)","(i)","(i)",0.08028,0.10271,0.08937,0.09051,0.08505,0.5468,0.6855,0.6016,0.6119,0.5748,0.1721,0.228,0.1959,0.198,0.1845,36642,4,"<2.2e-16",0.209,7369,"<",37550,4,"<2.2e-16",0.215,9532,"<",24699,4,"<2.2e-16",0.141,5095.5,"<"
476,"ex476","faces_ex476.lst",2,"Lognormal","(i)","(i)","(i)",0.05473,0.07359,0.06966,0.06902,0.06117,0.3771,0.499,0.4699,0.4681,0.4151,0.114,0.1574,0.151,0.1486,0.1299,46294,4,"<2.2e-16",0.264,8429.6,"<",47169,4,"<2.2e-16",0.269,10589,"<",33672,4,"<2.2e-16",0.192,5704.4,"<"
477,"ex477","faces_ex477.lst",2,"Lognormal","(i)","(i)","(i)",0.03976,0.04799,0.0533,0.05259,0.0452,0.2757,0.3299,0.3615,0.3585,0.3086,0.0825,0.10024,0.11404,0.11164,0.09501,41208,4,"<2.2e-16",0.235,10106,"<",41128,4,"<2.2e-16",0.235,11435,"<",28772,4,"<2.2e-16",0.164,6933.8,"<"
478,"ex478","faces_ex478.lst",2,"Lognormal","(i)","(i)","(i)",0.07757,0.0989,0.08694,0.0874,0.08238,0.5265,0.6581,0.5835,0.5882,0.5545,0.1667,0.2198,0.1911,0.1919,0.1793,38425,4,"<2.2e-16",0.22,6636.5,"<",38159,4,"<2.2e-16",0.218,8584.3,"<",25939,4,"<2.2e-16",0.148,4662.9,"<"
479,"ex479","faces_ex479.lst",2,"Lognormal","(i)","(i)","(i)",0.05247,0.07026,0.06771,0.06722,0.05954,0.3608,0.4762,0.4563,0.4546,0.4029,0.1096,0.15,0.1468,0.1451,0.1268,48490,4,"<2.2e-16",0.277,8337.3,"<",49296,4,"<2.2e-16",0.282,10508,"<",34682,4,"<2.2e-16",0.198,5610.7,"<"
480,"ex480","faces_ex480.lst",2,"Lognormal","(i)","(i)","(i)",0.03853,0.04604,0.05208,0.05158,0.04449,0.2663,0.3157,0.3527,0.3506,0.3025,0.08032,0.09641,0.11148,0.10975,0.09388,43640,4,"<2.2e-16",0.249,10368,"<",43575,4,"<2.2e-16",0.249,11837,"<",30402,4,"<2.2e-16",0.174,7030,"<"
481,"ex481","faces_ex481.lst",2,"Lognormal","(i)","(i)","(i)",0.07798,0.09952,0.08754,0.08802,0.08295,0.5287,0.6615,0.5869,0.5919,0.5574,0.1677,0.2213,0.1925,0.1932,0.1807,37445,4,"<2.2e-16",0.214,6791.4,"<",38177,4,"<2.2e-16",0.218,8782.4,"<",25159,4,"<2.2e-16",0.144,4769.9,"<"
482,"ex482","faces_ex482.lst",2,"Lognormal","(i)","(i)","(i)",0.0525,0.07043,0.06777,0.06726,0.05957,0.361,0.4772,0.4569,0.455,0.4033,0.1096,0.1506,0.1469,0.1452,0.1268,48343,4,"<2.2e-16",0.276,8139.3,"<",49164,4,"<2.2e-16",0.281,10259,"<",34874,4,"<2.2e-16",0.199,5536.5,"<"
483,"ex483","faces_ex483.lst",2,"Lognormal","(i)","(i)","(i)",0.03866,0.04616,0.05229,0.05179,0.04462,0.2671,0.3164,0.3539,0.3517,0.3032,0.08079,0.0967,0.11206,0.11036,0.09424,43738,4,"<2.2e-16",0.25,9902.9,"<",43467,4,"<2.2e-16",0.248,11365,"<",30593,4,"<2.2e-16",0.175,6706.8,"<"
484,"ex484","faces_ex484.lst",2,"Lognormal","(i)","(i)","(i)",0.07816,0.10001,0.0878,0.0882,0.08306,0.5302,0.6651,0.5894,0.5938,0.5587,0.168,0.2223,0.1929,0.1934,0.1808,38373,4,"<2.2e-16",0.219,6997,"<",38601,4,"<2.2e-16",0.221,9048.4,"<",25646,4,"<2.2e-16",0.147,4879.9,"<"
485,"ex485","faces_ex485.lst",2,"Lognormal","(i)","(i)","(i)",0.05299,0.07128,0.06827,0.06768,0.05997,0.3643,0.4826,0.4604,0.4581,0.4061,0.1107,0.1526,0.148,0.146,0.1277,47991,4,"<2.2e-16",0.274,8310.8,"<",48557,4,"<2.2e-16",0.277,10433,"<",34516,4,"<2.2e-16",0.197,5621.3,"<"
486,"ex486","faces_ex486.lst",2,"Lognormal","(i)","(i)","(i)",0.03868,0.0464,0.05221,0.05167,0.04447,0.2676,0.3184,0.354,0.3514,0.3029,0.08055,0.09705,0.11162,0.10986,0.09361,42619,4,"<2.2e-16",0.243,9812.7,"<",42780,4,"<2.2e-16",0.244,11356,"<",29727,4,"<2.2e-16",0.17,6646.7,"<"
487,"ex487","faces_ex487.lst",3,"Negative binomial","(iii)","(iii)","(iii)",0.0705,0.07673,0.06565,0.07266,0.07049,0.4999,0.5398,0.4661,0.5177,0.4997,0.1453,0.1599,0.1333,0.1493,0.1453,39916,4,"<2.2e-16",0.228,8546.6,"<",39069,4,"<2.2e-16",0.223,10176,"<",26903,4,"<2.2e-16",0.154,5418,"<"
488,"ex488","faces_ex488.lst",3,"Negative binomial","(iii)","(iii)","(iii)",0.04892,0.05455,0.04727,0.05112,0.04881,0.3488,0.3857,0.3376,0.3672,0.348,0.09888,0.1118,0.09485,0.10248,0.09864,28656,4,"<2.2e-16",0.164,8713.3,"<",27771,4,"<2.2e-16",0.159,9232.5,"<",17527,4,"<2.2e-16",0.1,5475.7,"<"
489,"ex489","faces_ex489.lst",3,"Negative binomial","(iii)","(iii)","(iii)",0.03594,0.03843,0.03367,0.03596,0.03409,0.2537,0.2725,0.2408,0.2589,0.2437,0.07339,0.07789,0.06711,0.0713,0.06814,21041,4,"<2.2e-16",0.12,1265.8,"<",20914,4,"<2.2e-16",0.119,1801.4,"<",12418,4,"<2.2e-16",0.071,823.76,"<"
490,"ex490","faces_ex490.lst",3,"Negative binomial","(iii)","(iii)","(iii)",0.07094,0.07712,0.06616,0.07314,0.07086,0.503,0.5426,0.4697,0.5214,0.5025,0.1462,0.1607,0.1344,0.1503,0.1461,38423,4,"<2.2e-16",0.22,8337.6,"<",38023,4,"<2.2e-16",0.217,9918.5,"<",25751,4,"<2.2e-16",0.147,5250.7,"<"
491,"ex491","faces_ex491.lst",3,"Negative binomial","(iii)","(iii)","(iii)",0.04932,0.05474,0.04776,0.05163,0.04919,0.3515,0.3873,0.3408,0.3707,0.3506,0.09973,0.112,0.09597,0.10369,0.09945,26835,4,"<2.2e-16",0.153,8146.5,"<",26291,4,"<2.2e-16",0.15,8748.7,"<",15867,4,"<2.2e-16",0.091,4970.8,"<"
492,"ex492","faces_ex492.lst",3,"Negative binomial","(iii)","(iii)","(iii)",0.03625,0.03864,0.03405,0.03642,0.03439,0.2557,0.2737,0.2433,0.2621,0.2456,0.07406,0.07844,0.06799,0.07226,0.06882,20244,4,"<2.2e-16",0.116,1194.6,"<",20025,4,"<2.2e-16",0.114,1697.4,"<",11823,4,"<2.2e-16",0.068,776.87,"<"
493,"ex493","faces_ex493.lst",3,"Negative binomial","(iii)","(iii)","(iii)",0.07451,0.08067,0.07052,0.07792,0.07451,0.5249,0.5651,0.4969,0.5513,0.5248,0.1555,0.1698,0.1455,0.1627,0.1555,33316,4,"<2.2e-16",0.19,5919.7,"<",34318,4,"<2.2e-16",0.196,7642.4,"<",21380,4,"<2.2e-16",0.122,3545.2,"<"
494,"ex494","faces_ex494.lst",3,"Negative binomial","(iii)","(iii)","(iii)",0.05157,0.05615,0.0508,0.05503,0.05146,0.3658,0.3964,0.3604,0.393,0.3651,0.1052,0.1155,0.1033,0.1117,0.1049,19847,4,"<2.2e-16",0.113,5054.6,"<",20668,4,"<2.2e-16",0.118,6062,"<",10739,4,"<2.2e-16",0.061,2798.3,"<"
495,"ex495","faces_ex495.lst",3,"Negative binomial","(v)","(v)","(v)",0.03702,0.03949,0.03625,0.03888,0.03595,0.2618,0.2795,0.2579,0.2791,0.256,0.07534,0.08031,0.07301,0.07756,0.07228,15685,4,"<2.2e-16",0.09,1235.8,"<",16644,4,"<2.2e-16",0.095,1936.3,"<",7901.1,4,"<2.2e-16",0.045,669.85,"<"
496,"ex496","faces_ex496.lst",3,"Negative binomial","(iii)","(iii)","(iii)",0.06102,0.06382,0.05805,0.06155,0.06091,0.4361,0.4539,0.4147,0.4409,0.4354,0.1235,0.1299,0.1166,0.1243,0.1232,32232,4,"<2.2e-16",0.184,3636.8,"<",29335,4,"<2.2e-16",0.168,4689.3,"<",20294,4,"<2.2e-16",0.116,2290,"<"
497,"ex497","faces_ex497.lst",3,"Negative binomial","(iii)","(iii)","(iii)",0.04246,0.04591,0.0415,0.04323,0.04239,0.3042,0.3268,0.2973,0.3105,0.3037,0.08492,0.09266,0.08279,0.08615,0.08479,18933,4,"<2.2e-16",0.108,4124.1,"<",17016,4,"<2.2e-16",0.097,4657.6,"<",11078,4,"<2.2e-16",0.063,2594,"<"
498,"ex498","faces_ex498.lst",3,"Negative binomial","(iii)","(iii)","(iii)",0.0397,0.0337,0.0296,0.0305,0.0298,0.2675,0.2385,0.2121,0.2195,0.2136,0.0876,0.0685,0.0588,0.0605,0.0593,13243,4,"<2.2e-16",0.076,1485.4,"<",12303,4,"<2.2e-16",0.07,1483.2,"<",7668,4,"<2.2e-16",0.044,1489.2,"<"
499,"ex499","faces_ex499.lst",3,"Negative binomial","(iii)","(iii)","(iii)",0.06126,0.06427,0.05829,0.06183,0.06111,0.437,0.4564,0.416,0.4423,0.4361,0.1244,0.1313,0.1174,0.1253,0.124,32192,4,"<2.2e-16",0.184,3571,"<",28868,4,"<2.2e-16",0.165,4569.6,"<",20617,4,"<2.2e-16",0.118,2282.9,"<"
500,"ex500","faces_ex500.lst",3,"Negative binomial","(iii)","(iii)","(iii)",0.04271,0.04611,0.0418,0.04355,0.04265,0.3059,0.3284,0.2994,0.3129,0.3055,0.08549,0.09313,0.08346,0.08692,0.08538,17915,4,"<2.2e-16",0.102,3816.8,"<",16101,4,"<2.2e-16",0.092,4353.4,"<",10476,4,"<2.2e-16",0.06,2392.1,"<"
501,"ex501","faces_ex501.lst",3,"Negative binomial","(iii)","(iii)","(iii)",0.0394,0.0337,0.0298,0.0308,0.03,0.2656,0.2388,0.2137,0.2213,0.2148,0.0865,0.0683,0.0594,0.0611,0.0597,12778,4,"<2.2e-16",0.073,1394.1,"<",12246,4,"<2.2e-16",0.07,1388.3,"<",7073.3,4,"<2.2e-16",0.04,1403.3,"<"
502,"ex502","faces_ex502.lst",3,"Negative binomial","(iii)","(iii)","(iii)",0.06426,0.06732,0.06167,0.06536,0.06415,0.457,0.4766,0.4384,0.4659,0.4563,0.1312,0.1382,0.1252,0.1335,0.131,28203,4,"<2.2e-16",0.161,2717.3,"<",26706,4,"<2.2e-16",0.153,3562.7,"<",17628,4,"<2.2e-16",0.101,1664.7,"<"
503,"ex503","faces_ex503.lst",3,"Negative binomial","(iii)","(iii)","(iii)",0.04465,0.04768,0.04411,0.04602,0.04457,0.3189,0.3392,0.3149,0.3298,0.3184,0.08984,0.09653,0.08869,0.09234,0.08968,14072,4,"<2.2e-16",0.08,2634.9,"<",13394,4,"<2.2e-16",0.077,3107,"<",7484.9,4,"<2.2e-16",0.043,1517.8,"<"
504,"ex504","faces_ex504.lst",3,"Negative binomial","(v)","(v)","(v)",0.0382,0.0347,0.0315,0.0325,0.0313,0.2613,0.246,0.2252,0.2339,0.224,0.0821,0.0705,0.0628,0.0645,0.0624,9615.7,4,"<2.2e-16",0.055,922.49,"<",9286.2,4,"<2.2e-16",0.053,906.95,"<",4830.3,4,"<2.2e-16",0.028,933.56,"<"
505,"ex505","faces_ex505.lst",3,"Negative binomial","(iii)","(iii)","(iii)",0.05477,0.05619,0.05292,0.05465,0.05451,0.3918,0.4011,0.3789,0.3918,0.3903,0.1102,0.1133,0.1059,0.1097,0.1095,27935,4,"<2.2e-16",0.16,1282.2,"<",23883,4,"<2.2e-16",0.136,1761.4,"<",17213,4,"<2.2e-16",0.098,815.92,"<"
506,"ex506","faces_ex506.lst",3,"Negative binomial","(iii)","(iii)","(iii)",0.03807,0.04045,0.03755,0.03833,0.03805,0.2732,0.2891,0.2694,0.2754,0.2731,0.07569,0.081,0.07461,0.07611,0.07567,12939,4,"<2.2e-16",0.074,2255,"<",10850,4,"<2.2e-16",0.062,2716.7,"<",7282.9,4,"<2.2e-16",0.042,1436.8,"<"
507,"ex507","faces_ex507.lst",3,"Negative binomial","(iii)","(iii)","(iii)",0.0458,0.0311,0.0268,0.0272,0.0269,0.296,0.219,0.192,0.195,0.193,0.1074,0.0638,0.0532,0.0539,0.0534,8823.6,4,"<2.2e-16",0.05,2992.2,"<",7907.7,4,"<2.2e-16",0.045,2955.4,"<",5341.9,4,"<2.2e-16",0.031,3030.6,"<"
508,"ex508","faces_ex508.lst",3,"Negative binomial","(iii)","(iii)","(iii)",0.05503,0.05655,0.05315,0.05491,0.05469,0.3941,0.4041,0.381,0.3943,0.3922,0.1107,0.114,0.1062,0.11,0.1097,28050,4,"<2.2e-16",0.16,1224.1,"<",24078,4,"<2.2e-16",0.138,1703.1,"<",17083,4,"<2.2e-16",0.098,779.25,"<"
509,"ex509","faces_ex509.lst",3,"Negative binomial","(iii)","(iii)","(iii)",0.03836,0.0408,0.03786,0.03864,0.03836,0.2753,0.2911,0.2716,0.2776,0.2752,0.07636,0.08191,0.07529,0.07678,0.07636,12112,4,"<2.2e-16",0.069,1803.4,"<",10094,4,"<2.2e-16",0.058,2159.1,"<",7019,4,"<2.2e-16",0.04,1196.9,"<"
510,"ex510","faces_ex510.lst",3,"Negative binomial","(iii)","(iii)","(iii)",0.0451,0.0313,0.0269,0.0272,0.027,0.292,0.22,0.193,0.196,0.193,0.1052,0.0642,0.0533,0.0539,0.0534,8725.7,4,"<2.2e-16",0.05,2805.3,"<",7712.5,4,"<2.2e-16",0.044,2772.6,"<",5062,4,"<2.2e-16",0.029,2837.7,"<"
511,"ex511","faces_ex511.lst",3,"Negative binomial","(iii)","(iii)","(iii)",0.05689,0.05857,0.05519,0.05703,0.05663,0.4063,0.4174,0.3943,0.4081,0.4048,0.115,0.1186,0.111,0.115,0.1142,26968,4,"<2.2e-16",0.154,1266.3,"<",23430,4,"<2.2e-16",0.134,1721.9,"<",16194,4,"<2.2e-16",0.093,783.99,"<"
512,"ex512","faces_ex512.lst",3,"Negative binomial","(iii)","(iii)","(iii)",0.03974,0.04198,0.03938,0.04022,0.0397,0.2848,0.2996,0.2821,0.2887,0.2845,0.07932,0.08432,0.07855,0.08014,0.07922,10191,4,"<2.2e-16",0.058,1744.3,"<",8794.8,4,"<2.2e-16",0.05,2040.9,"<",5635.2,4,"<2.2e-16",0.032,1098.9,"<"
513,"ex513","faces_ex513.lst",3,"Negative binomial","(v)","(iii)","(v)",0.0438,0.0316,0.0279,0.0283,0.0278,0.286,0.223,0.2,0.203,0.2,0.1009,0.0643,0.0553,0.056,0.0552,6773.8,4,"<2.2e-16",0.039,2455.3,"<",6223,4,"<2.2e-16",0.036,2405.5,"<",3764.3,4,"<2.2e-16",0.022,2497.7,"<"
514,"ex514","faces_ex514.lst",3,"Negative binomial","(iii)","(iii)","(iii)",0.07643,0.08516,0.0726,0.07942,0.07661,0.5376,0.5936,0.5109,0.5623,0.5386,0.1589,0.1793,0.1493,0.1646,0.1593,35876,4,"<2.2e-16",0.205,9020.4,"<",36152,4,"<2.2e-16",0.207,10612,"<",23277,4,"<2.2e-16",0.133,5607.7,"<"
515,"ex515","faces_ex515.lst",3,"Negative binomial","(iii)","(iii)","(iii)",0.05324,0.06036,0.05275,0.05605,0.05327,0.3772,0.4237,0.3735,0.3999,0.3773,0.1083,0.1244,0.1072,0.1133,0.1084,22510,4,"<2.2e-16",0.129,8578.6,"<",22836,4,"<2.2e-16",0.13,9170.3,"<",13523,4,"<2.2e-16",0.077,5242,"<"
516,"ex516","faces_ex516.lst",3,"Negative binomial","(v)","(v)","(v)",0.03792,0.04223,0.03781,0.03962,0.03744,0.2683,0.2976,0.2681,0.2833,0.2658,0.07682,0.08606,0.07641,0.07929,0.07548,17709,4,"<2.2e-16",0.101,3000.3,"<",18150,4,"<2.2e-16",0.104,3903.8,"<",10442,4,"<2.2e-16",0.06,1752.2,"<"
517,"ex517","faces_ex517.lst",3,"Negative binomial","(iii)","(iii)","(iii)",0.07687,0.08542,0.07308,0.07999,0.07702,0.5406,0.5962,0.5143,0.5661,0.5415,0.1601,0.1799,0.1505,0.166,0.1604,34730,4,"<2.2e-16",0.198,8559.8,"<",35688,4,"<2.2e-16",0.204,10241,"<",22664,4,"<2.2e-16",0.129,5264.4,"<"
518,"ex518","faces_ex518.lst",3,"Negative binomial","(iii)","(iii)","(iii)",0.05343,0.06044,0.05304,0.05639,0.05348,0.3784,0.4244,0.3754,0.4022,0.3786,0.1088,0.1247,0.1079,0.1142,0.1089,21917,4,"<2.2e-16",0.125,8330.2,"<",22453,4,"<2.2e-16",0.128,8932.5,"<",13260,4,"<2.2e-16",0.076,5082.2,"<"
519,"ex519","faces_ex519.lst",3,"Negative binomial","(v)","(v)","(v)",0.03821,0.04229,0.0381,0.03994,0.03764,0.2701,0.298,0.27,0.2857,0.267,0.07749,0.08618,0.07698,0.07984,0.07587,16848,4,"<2.2e-16",0.096,2509.8,"<",17559,4,"<2.2e-16",0.1,3450.2,"<",9689.6,4,"<2.2e-16",0.055,1459.3,"<"
520,"ex520","faces_ex520.lst",3,"Negative binomial","(iii)","(iii)","(iii)",0.08012,0.08861,0.07714,0.08427,0.08033,0.5602,0.6161,0.5394,0.5928,0.5615,0.1684,0.1881,0.1608,0.1769,0.1689,29544,4,"<2.2e-16",0.169,6566.4,"<",32545,4,"<2.2e-16",0.186,8506.2,"<",18274,4,"<2.2e-16",0.104,3813.6,"<"
521,"ex521","faces_ex521.lst",3,"Negative binomial","(i)","(i)","(i)",0.05556,0.06207,0.056,0.05964,0.05557,0.3923,0.435,0.3945,0.4243,0.3923,0.1138,0.1284,0.115,0.1216,0.1138,18010,4,"<2.2e-16",0.103,5980.7,"<",19559,4,"<2.2e-16",0.112,6916,"<",9970.7,4,"<2.2e-16",0.057,3350.8,"<"
522,"ex522","faces_ex522.lst",3,"Negative binomial","(v)","(v)","(v)",0.03935,0.04331,0.04019,0.04222,0.03906,0.278,0.3048,0.2837,0.3015,0.2765,0.07977,0.08841,0.08178,0.08471,0.07894,16934,4,"<2.2e-16",0.097,2722.6,"<",17928,4,"<2.2e-16",0.102,3716.3,"<",9508.8,4,"<2.2e-16",0.054,1500,"<"
523,"ex523","faces_ex523.lst",3,"Negative binomial","(iii)","(iii)","(iii)",0.06838,0.07347,0.06611,0.06975,0.06844,0.4829,0.516,0.4666,0.4942,0.4831,0.1405,0.1521,0.1352,0.1432,0.1407,28130,4,"<2.2e-16",0.161,4471.8,"<",26950,4,"<2.2e-16",0.154,5456,"<",17596,4,"<2.2e-16",0.101,2746.9,"<"
524,"ex524","faces_ex524.lst",3,"Negative binomial","(iii)","(iii)","(i)",0.04767,0.05282,0.04765,0.04917,0.04776,0.3381,0.3721,0.3376,0.35,0.3386,0.09642,0.10793,0.0965,0.09927,0.09668,15533,4,"<2.2e-16",0.089,5501.1,"<",15249,4,"<2.2e-16",0.087,6026.6,"<",9317.4,4,"<2.2e-16",0.053,3398.4,"<"
525,"ex525","faces_ex525.lst",3,"Negative binomial","(v)","(v)","(v)",0.03798,0.03772,0.034,0.03473,0.0336,0.2624,0.2659,0.2414,0.2478,0.2387,0.0801,0.0767,0.0685,0.0696,0.0675,13320,4,"<2.2e-16",0.076,746.65,"<",12988,4,"<2.2e-16",0.074,855.25,"<",7848.6,4,"<2.2e-16",0.045,652.98,"<"
526,"ex526","faces_ex526.lst",3,"Negative binomial","(iii)","(iii)","(iii)",0.0687,0.07395,0.06643,0.07005,0.06868,0.4853,0.5191,0.4691,0.4966,0.4852,0.1412,0.1532,0.1359,0.1438,0.1412,27841,4,"<2.2e-16",0.159,4581,"<",26475,4,"<2.2e-16",0.151,5500.7,"<",17807,4,"<2.2e-16",0.102,2833.8,"<"
527,"ex527","faces_ex527.lst",3,"Negative binomial","(i)","(iii)","(i)",0.04786,0.05286,0.04788,0.04943,0.04795,0.3396,0.3727,0.3394,0.352,0.3401,0.09688,0.10796,0.09706,0.09984,0.09713,15878,4,"<2.2e-16",0.091,5245.2,"<",15132,4,"<2.2e-16",0.086,5755.3,"<",9023.3,4,"<2.2e-16",0.052,3176.6,"<"
528,"ex528","faces_ex528.lst",3,"Negative binomial","(v)","(v)","(v)",0.0378,0.03786,0.03421,0.03493,0.03378,0.2613,0.2666,0.2427,0.249,0.2397,0.0795,0.0771,0.069,0.07,0.068,13027,4,"<2.2e-16",0.074,713.29,"<",13048,4,"<2.2e-16",0.075,830.45,"<",7615.3,4,"<2.2e-16",0.044,613.9,"<"
529,"ex529","faces_ex529.lst",3,"Negative binomial","(iii)","(iii)","(iii)",0.07096,0.07623,0.06913,0.07284,0.07099,0.4999,0.5344,0.4869,0.5151,0.5001,0.1467,0.1586,0.1423,0.1505,0.1467,24103,4,"<2.2e-16",0.138,3784.9,"<",23765,4,"<2.2e-16",0.136,4627.1,"<",15056,4,"<2.2e-16",0.086,2255.7,"<"
530,"ex530","faces_ex530.lst",3,"Negative binomial","(i)","(i)","(i)",0.04934,0.05426,0.04984,0.05145,0.04942,0.3493,0.3818,0.3522,0.3659,0.3497,0.1002,0.1111,0.1015,0.1042,0.1004,13823,4,"<2.2e-16",0.079,4519.7,"<",13871,4,"<2.2e-16",0.079,4977.5,"<",7618,4,"<2.2e-16",0.044,2690.1,"<"
531,"ex531","faces_ex531.lst",3,"Negative binomial","(v)","(v)","(v)",0.03765,0.03884,0.03571,0.0365,0.03487,0.2623,0.2733,0.253,0.2603,0.2473,0.0783,0.0792,0.0722,0.0733,0.0703,12879,4,"<2.2e-16",0.074,581.33,"<",12783,4,"<2.2e-16",0.073,749.81,"<",7518,4,"<2.2e-16",0.043,440.76,"<"
532,"ex532","faces_ex532.lst",3,"Negative binomial","(iii)","(iii)","(iii)",0.06322,0.06655,0.06191,0.06382,0.06312,0.4465,0.4682,0.4372,0.4517,0.4459,0.1297,0.1371,0.1266,0.1307,0.1294,23818,4,"<2.2e-16",0.136,2187.9,"<",21580,4,"<2.2e-16",0.123,2762.6,"<",14701,4,"<2.2e-16",0.084,1328.4,"<"
533,"ex533","faces_ex533.lst",3,"Negative binomial","(i)","(i)","(i)",0.04406,0.04805,0.04425,0.04497,0.04418,0.3126,0.3388,0.3137,0.3195,0.3133,0.08903,0.09791,0.08957,0.09085,0.08935,11241,4,"<2.2e-16",0.064,3569.9,"<",10335,4,"<2.2e-16",0.059,4049.2,"<",6582.8,4,"<2.2e-16",0.038,2228.6,"<"
534,"ex534","faces_ex534.lst",3,"Negative binomial","(v)","(v)","(v)",0.0417,0.0351,0.0315,0.0318,0.0312,0.2782,0.2466,0.2235,0.2262,0.2211,0.093,0.0719,0.0635,0.0639,0.0627,9922.7,4,"<2.2e-16",0.057,1540.8,"<",9434.9,4,"<2.2e-16",0.054,1507.6,"<",6109.2,4,"<2.2e-16",0.035,1567.9,"<"
535,"ex535","faces_ex535.lst",3,"Negative binomial","(iii)","(iii)","(iii)",0.06326,0.06669,0.06197,0.06388,0.06318,0.4466,0.4691,0.4376,0.452,0.4462,0.1297,0.1373,0.1267,0.1308,0.1294,23713,4,"<2.2e-16",0.135,2235.5,"<",21206,4,"<2.2e-16",0.121,2798.1,"<",14659,4,"<2.2e-16",0.084,1366.2,"<"
536,"ex536","faces_ex536.lst",3,"Negative binomial","(i)","(i)","(i)",0.04404,0.04788,0.04427,0.04502,0.04415,0.3124,0.3379,0.3136,0.3199,0.313,0.08908,0.09742,0.08974,0.09102,0.08937,11708,4,"<2.2e-16",0.067,3809.6,"<",10748,4,"<2.2e-16",0.061,4234.1,"<",6498.4,4,"<2.2e-16",0.037,2254.5,"<"
537,"ex537","faces_ex537.lst",3,"Negative binomial","(v)","(v)","(v)",0.0416,0.0354,0.0317,0.032,0.0313,0.2775,0.248,0.2249,0.2276,0.2221,0.0924,0.0724,0.0639,0.0643,0.063,10154,4,"<2.2e-16",0.058,1488.3,"<",9626.5,4,"<2.2e-16",0.055,1456.7,"<",6138.6,4,"<2.2e-16",0.035,1510,"<"
538,"ex538","faces_ex538.lst",3,"Negative binomial","(iii)","(iii)","(iii)",0.06485,0.06839,0.06378,0.06574,0.06475,0.458,0.4811,0.4505,0.4654,0.4574,0.1331,0.1409,0.1306,0.1348,0.1328,22134,4,"<2.2e-16",0.126,2079.4,"<",20317,4,"<2.2e-16",0.116,2589.6,"<",13261,4,"<2.2e-16",0.076,1247.2,"<"
539,"ex539","faces_ex539.lst",3,"Negative binomial","(i)","(i)","(i)",0.04535,0.04917,0.04576,0.04653,0.04545,0.3215,0.3468,0.3242,0.3305,0.3221,0.09178,0.10023,0.09281,0.09406,0.09203,10775,4,"<2.2e-16",0.062,3384.3,"<",10047,4,"<2.2e-16",0.057,3707.7,"<",6095.8,4,"<2.2e-16",0.035,2071.9,"<"
540,"ex540","faces_ex540.lst",3,"Negative binomial","(v)","(v)","(v)",0.0399,0.036,0.0326,0.0329,0.032,0.2698,0.2526,0.2314,0.2344,0.2273,0.087,0.0735,0.0658,0.0662,0.0645,10213,4,"<2.2e-16",0.058,1075,"<",9788.2,4,"<2.2e-16",0.056,1049.5,"<",5864.2,4,"<2.2e-16",0.034,1094,"<"
541,"ex541","faces_ex541.lst",3,"Negative binomial","(i)","(iii)","(i)",0.09281,0.10764,0.09311,0.10021,0.09345,0.6424,0.7375,0.6419,0.6976,0.6463,0.1971,0.2326,0.1979,0.2128,0.1986,26731,4,"<2.2e-16",0.153,9149.5,"<",32425,4,"<2.2e-16",0.185,11859,"<",15122,4,"<2.2e-16",0.086,5214.3,"<"
542,"ex542","faces_ex542.lst",3,"Negative binomial","(i)","(i)","(i)",0.06494,0.07522,0.06888,0.07153,0.06534,0.4555,0.5213,0.4783,0.5043,0.4577,0.1335,0.1572,0.1439,0.1471,0.1345,25815,4,"<2.2e-16",0.147,8132.2,"<",26831,4,"<2.2e-16",0.153,9155.1,"<",16716,4,"<2.2e-16",0.096,4854.7,"<"
543,"ex543","faces_ex543.lst",3,"Negative binomial","(i)","(i)","(i)",0.04671,0.05249,0.04998,0.05109,0.04692,0.3285,0.3664,0.3488,0.3621,0.3298,0.09497,0.1076,0.10297,0.10328,0.0955,21720,4,"<2.2e-16",0.124,5596,"<",21545,4,"<2.2e-16",0.123,6264.6,"<",13984,4,"<2.2e-16",0.08,3256.2,"<"
544,"ex544","faces_ex544.lst",3,"Negative binomial","(i)","(i)","(i)",0.09322,0.10814,0.0937,0.10074,0.09392,0.645,0.7401,0.6454,0.7009,0.6491,0.1983,0.2339,0.1995,0.2144,0.2,26727,4,"<2.2e-16",0.153,9184.1,"<",32793,4,"<2.2e-16",0.187,11894,"<",15177,4,"<2.2e-16",0.087,5155.4,"<"
545,"ex545","faces_ex545.lst",3,"Negative binomial","(i)","(i)","(i)",0.0653,0.07546,0.06933,0.07194,0.06567,0.4582,0.5234,0.4817,0.5072,0.4602,0.1341,0.1574,0.1446,0.1479,0.135,26184,4,"<2.2e-16",0.15,8018.8,"<",26664,4,"<2.2e-16",0.152,8934.1,"<",17202,4,"<2.2e-16",0.098,4777.3,"<"
546,"ex546","faces_ex546.lst",3,"Negative binomial","(i)","(i)","(i)",0.04679,0.05241,0.05022,0.05126,0.04701,0.3293,0.3661,0.3506,0.3632,0.3306,0.0951,0.10742,0.10346,0.10367,0.09563,21740,4,"<2.2e-16",0.124,5584,"<",21408,4,"<2.2e-16",0.122,6186.6,"<",14245,4,"<2.2e-16",0.081,3287.4,"<"
547,"ex547","faces_ex547.lst",3,"Negative binomial","(i)","(i)","(i)",0.09574,0.1108,0.09699,0.1041,0.09637,0.6621,0.7576,0.6673,0.7233,0.666,0.2043,0.2406,0.2074,0.2223,0.2057,24232,4,"<2.2e-16",0.138,8266.5,"<",31066,4,"<2.2e-16",0.177,10906,"<",13382,4,"<2.2e-16",0.076,4621.1,"<"
548,"ex548","faces_ex548.lst",3,"Negative binomial","(i)","(i)","(i)",0.06632,0.07674,0.07126,0.07377,0.06668,0.4649,0.5311,0.4942,0.5206,0.4669,0.1363,0.1608,0.1493,0.1517,0.1373,27819,4,"<2.2e-16",0.159,7949.4,"<",28741,4,"<2.2e-16",0.164,9006.3,"<",18398,4,"<2.2e-16",0.105,4833.8,"<"
549,"ex549","faces_ex549.lst",3,"Negative binomial","(i)","(i)","(i)",0.04774,0.05341,0.05198,0.05291,0.0479,0.336,0.3731,0.3622,0.3754,0.337,0.09691,0.10945,0.10743,0.10698,0.09727,23308,4,"<2.2e-16",0.133,5760.7,"<",23097,4,"<2.2e-16",0.132,6559.8,"<",15696,4,"<2.2e-16",0.09,3461.7,"<"
550,"ex550","faces_ex550.lst",3,"Negative binomial","(i)","(i)","(i)",0.08704,0.09876,0.08904,0.09322,0.08774,0.6021,0.6771,0.6134,0.6465,0.606,0.1842,0.2119,0.1895,0.1981,0.186,21768,4,"<2.2e-16",0.124,6199.1,"<",24954,4,"<2.2e-16",0.143,7900.7,"<",12341,4,"<2.2e-16",0.071,3567.1,"<"
551,"ex551","faces_ex551.lst",3,"Negative binomial","(i)","(i)","(i)",0.06092,0.06975,0.06508,0.06651,0.06136,0.4268,0.4834,0.452,0.4668,0.4291,0.125,0.1451,0.1355,0.137,0.1262,25093,4,"<2.2e-16",0.143,7022.4,"<",24530,4,"<2.2e-16",0.14,7649.6,"<",16551,4,"<2.2e-16",0.095,4300.4,"<"
552,"ex552","faces_ex552.lst",3,"Negative binomial","(i)","(i)","(i)",0.04391,0.04924,0.04707,0.04766,0.04414,0.3082,0.3432,0.3282,0.3358,0.3096,0.08949,0.10121,0.09695,0.09687,0.09002,19679,4,"<2.2e-16",0.112,4532.6,"<",18985,4,"<2.2e-16",0.108,5101.1,"<",12934,4,"<2.2e-16",0.074,2743.8,"<"
553,"ex553","faces_ex553.lst",3,"Negative binomial","(i)","(i)","(i)",0.08703,0.09883,0.08914,0.09335,0.08771,0.6027,0.6782,0.6145,0.6479,0.6064,0.1838,0.2117,0.1894,0.1981,0.1856,22434,4,"<2.2e-16",0.128,6303.4,"<",25266,4,"<2.2e-16",0.144,7945.3,"<",12344,4,"<2.2e-16",0.071,3634.3,"<"
554,"ex554","faces_ex554.lst",3,"Negative binomial","(i)","(i)","(i)",0.06106,0.07003,0.06538,0.06676,0.06153,0.428,0.4851,0.4544,0.4687,0.4306,0.1253,0.1458,0.1361,0.1374,0.1265,25910,4,"<2.2e-16",0.148,7110,"<",25170,4,"<2.2e-16",0.144,7646.4,"<",17346,4,"<2.2e-16",0.099,4412.6,"<"
555,"ex555","faces_ex555.lst",3,"Negative binomial","(i)","(i)","(i)",0.04384,0.04918,0.04706,0.04761,0.04407,0.308,0.3429,0.3287,0.3359,0.3094,0.08921,0.1009,0.09674,0.09661,0.0897,20084,4,"<2.2e-16",0.115,4637.9,"<",19376,4,"<2.2e-16",0.111,5165,"<",13269,4,"<2.2e-16",0.076,2793.8,"<"
556,"ex556","faces_ex556.lst",3,"Negative binomial","(i)","(i)","(i)",0.08875,0.10126,0.09131,0.09544,0.08945,0.614,0.6933,0.629,0.6623,0.618,0.1879,0.218,0.1945,0.2027,0.1897,21965,4,"<2.2e-16",0.125,6439.7,"<",25897,4,"<2.2e-16",0.148,8133.5,"<",11735,4,"<2.2e-16",0.067,3780,"<"
557,"ex557","faces_ex557.lst",3,"Negative binomial","(i)","(i)","(i)",0.06201,0.07095,0.06691,0.06813,0.06246,0.4344,0.4914,0.4642,0.4785,0.4368,0.1273,0.1479,0.1397,0.1403,0.1285,26271,4,"<2.2e-16",0.15,7012.1,"<",25804,4,"<2.2e-16",0.147,7651.3,"<",17469,4,"<2.2e-16",0.1,4375.4,"<"
558,"ex558","faces_ex558.lst",3,"Negative binomial","(i)","(i)","(i)",0.04468,0.05006,0.04838,0.04878,0.04492,0.3139,0.3489,0.3378,0.3444,0.3154,0.09089,0.10274,0.09956,0.09889,0.09143,20723,4,"<2.2e-16",0.118,4968.3,"<",20124,4,"<2.2e-16",0.115,5444.4,"<",13522,4,"<2.2e-16",0.077,3023.1,"<"
559,"ex559","faces_ex559.lst",3,"Negative binomial","(i)","(i)","(i)",0.08332,0.09341,0.08647,0.08894,0.08401,0.5756,0.6396,0.5952,0.6146,0.5793,0.1759,0.2,0.184,0.1891,0.1778,20549,4,"<2.2e-16",0.117,4904.1,"<",21912,4,"<2.2e-16",0.125,6077.4,"<",11602,4,"<2.2e-16",0.066,2961.2,"<"
560,"ex560","faces_ex560.lst",3,"Negative binomial","(i)","(i)","(i)",0.05832,0.06624,0.06274,0.06364,0.05881,0.408,0.4589,0.4361,0.4452,0.4108,0.1197,0.1377,0.1305,0.1314,0.121,25027,4,"<2.2e-16",0.143,6254.4,"<",23992,4,"<2.2e-16",0.137,6807.9,"<",16369,4,"<2.2e-16",0.094,3892,"<"
561,"ex561","faces_ex561.lst",3,"Negative binomial","(v)","(i)","(v)",0.04261,0.0474,0.04533,0.04574,0.04257,0.2981,0.3296,0.3164,0.3212,0.2981,0.08739,0.09771,0.09324,0.0932,0.08707,18314,4,"<2.2e-16",0.105,2896.3,"<",17452,4,"<2.2e-16",0.1,3505.8,"<",11497,4,"<2.2e-16",0.066,1668.6,"<"
562,"ex562","faces_ex562.lst",3,"Negative binomial","(i)","(i)","(i)",0.0836,0.09351,0.08661,0.08907,0.08424,0.5783,0.641,0.597,0.6164,0.5817,0.1764,0.1999,0.1841,0.1891,0.1782,20393,4,"<2.2e-16",0.117,4795.4,"<",22025,4,"<2.2e-16",0.126,5880,"<",11310,4,"<2.2e-16",0.065,2858.4,"<"
563,"ex563","faces_ex563.lst",3,"Negative binomial","(i)","(i)","(i)",0.05844,0.06639,0.06298,0.06386,0.05899,0.409,0.46,0.4378,0.447,0.412,0.12,0.1379,0.131,0.1318,0.1214,25480,4,"<2.2e-16",0.146,6412.5,"<",24542,4,"<2.2e-16",0.14,6932.1,"<",16523,4,"<2.2e-16",0.094,3974.9,"<"
564,"ex564","faces_ex564.lst",3,"Negative binomial","(i)","(i)","(i)",0.0425,0.04747,0.04546,0.04583,0.0426,0.2977,0.3303,0.3175,0.3221,0.2985,0.08696,0.09772,0.09341,0.09328,0.08706,19075,4,"<2.2e-16",0.109,3331.4,"<",18277,4,"<2.2e-16",0.104,3941.7,"<",12078,4,"<2.2e-16",0.069,1935.1,"<"
565,"ex565","faces_ex565.lst",3,"Negative binomial","(i)","(i)","(i)",0.08455,0.09504,0.08775,0.09013,0.08517,0.5842,0.6511,0.6045,0.6238,0.5875,0.1785,0.2034,0.1866,0.1914,0.1802,19956,4,"<2.2e-16",0.114,5180,"<",22134,4,"<2.2e-16",0.126,6374.4,"<",11175,4,"<2.2e-16",0.064,3087.3,"<"
566,"ex566","faces_ex566.lst",3,"Negative binomial","(i)","(i)","(i)",0.05929,0.06734,0.06399,0.06477,0.05977,0.4147,0.4659,0.4446,0.4533,0.4173,0.1218,0.1403,0.1332,0.1337,0.1231,25077,4,"<2.2e-16",0.143,6498.6,"<",24191,4,"<2.2e-16",0.138,6955.5,"<",16473,4,"<2.2e-16",0.094,4082,"<"
567,"ex567","faces_ex567.lst",3,"Negative binomial","(i)","(i)","(i)",0.04294,0.04796,0.04609,0.04639,0.04307,0.3007,0.3336,0.3218,0.3261,0.3015,0.08792,0.09879,0.09475,0.09449,0.08812,18904,4,"<2.2e-16",0.108,3673.9,"<",18213,4,"<2.2e-16",0.104,4220.9,"<",11772,4,"<2.2e-16",0.067,2145.6,"<"
568,"ex568","faces_ex568.lst",3,"Negative binomial","(iii)","(iii)","(iii)",0.05292,0.05937,0.05031,0.05392,0.05289,0.3765,0.4199,0.3583,0.3856,0.3763,0.1074,0.1214,0.1014,0.109,0.1074,34386,4,"<2.2e-16",0.196,8025.1,"<",31798,4,"<2.2e-16",0.182,9290.5,"<",21790,4,"<2.2e-16",0.124,4989.1,"<"
569,"ex569","faces_ex569.lst",3,"Negative binomial","(iii)","(iii)","(iii)",0.03707,0.04255,0.03623,0.03803,0.03693,0.2644,0.3019,0.2585,0.2727,0.2635,0.0745,0.0862,0.07257,0.07592,0.07416,25462,4,"<2.2e-16",0.145,8450.6,"<",24924,4,"<2.2e-16",0.142,9753.8,"<",15346,4,"<2.2e-16",0.088,5228.1,"<"
570,"ex570","faces_ex570.lst",3,"Negative binomial","(iii)","(iii)","(iii)",0.0672,0.0301,0.0258,0.0268,0.0259,0.411,0.213,0.184,0.193,0.185,0.169,0.0609,0.0515,0.0532,0.0518,17232,4,"<2.2e-16",0.098,7862.6,"<",16868,4,"<2.2e-16",0.096,7790.6,"<",10878,4,"<2.2e-16",0.062,7922.2,"<"
571,"ex571","faces_ex571.lst",3,"Negative binomial","(iii)","(iii)","(iii)",0.05335,0.05985,0.05078,0.05443,0.05331,0.3794,0.4233,0.3614,0.389,0.3792,0.1084,0.1226,0.1024,0.1101,0.1082,34253,4,"<2.2e-16",0.196,7317.2,"<",31388,4,"<2.2e-16",0.179,8681.8,"<",21500,4,"<2.2e-16",0.123,4516.9,"<"
572,"ex572","faces_ex572.lst",3,"Negative binomial","(iii)","(iii)","(iii)",0.03731,0.04286,0.03657,0.03838,0.03721,0.266,0.3038,0.2609,0.2751,0.2654,0.07503,0.08704,0.07332,0.07672,0.0748,24651,4,"<2.2e-16",0.141,7866.9,"<",23799,4,"<2.2e-16",0.136,9068.6,"<",14718,4,"<2.2e-16",0.084,4840.1,"<"
573,"ex573","faces_ex573.lst",3,"Negative binomial","(iii)","(iii)","(iii)",0.064,0.0302,0.0261,0.0271,0.0262,0.394,0.214,0.187,0.195,0.187,0.1597,0.0609,0.0521,0.0538,0.0522,16107,4,"<2.2e-16",0.092,7071.3,"<",15571,4,"<2.2e-16",0.089,6979.9,"<",9898.7,4,"<2.2e-16",0.057,7143.6,"<"
574,"ex574","faces_ex574.lst",3,"Negative binomial","(iii)","(iii)","(iii)",0.05648,0.06273,0.05431,0.05803,0.05641,0.3996,0.442,0.3849,0.4126,0.3994,0.1159,0.1296,0.1107,0.1187,0.1156,26814,4,"<2.2e-16",0.153,5008.5,"<",25511,4,"<2.2e-16",0.146,6045.2,"<",16450,4,"<2.2e-16",0.094,3104.6,"<"
575,"ex575","faces_ex575.lst",3,"Negative binomial","(iii)","(iii)","(iii)",0.03949,0.0442,0.03921,0.04117,0.03935,0.2807,0.3131,0.2788,0.2943,0.2798,0.07983,0.08984,0.0792,0.08282,0.07951,15937,4,"<2.2e-16",0.091,4939.8,"<",16548,4,"<2.2e-16",0.095,5675,"<",8518.9,4,"<2.2e-16",0.049,2911.3,"<"
576,"ex576","faces_ex576.lst",3,"Negative binomial","(v)","(v)","(v)",0.0511,0.0308,0.0279,0.029,0.0275,0.325,0.218,0.199,0.209,0.196,0.122,0.0622,0.0559,0.0577,0.0551,10091,4,"<2.2e-16",0.058,3910.7,"<",10788,4,"<2.2e-16",0.062,3806.2,"<",5180.2,4,"<2.2e-16",0.03,3984.7,"<"
577,"ex577","faces_ex577.lst",3,"Negative binomial","(iii)","(iii)","(iii)",0.04542,0.04915,0.04404,0.04572,0.04537,0.3245,0.349,0.3145,0.3273,0.3242,0.09136,0.09956,0.08833,0.09179,0.09123,24963,4,"<2.2e-16",0.143,3166.7,"<",21486,4,"<2.2e-16",0.123,3945.6,"<",14828,4,"<2.2e-16",0.085,1988.1,"<"
578,"ex578","faces_ex578.lst",3,"Negative binomial","(iii)","(iii)","(iii)",0.03202,0.03547,0.03154,0.03227,0.03186,0.2286,0.2524,0.2254,0.2312,0.2277,0.06409,0.07138,0.06298,0.06433,0.06368,17456,4,"<2.2e-16",0.1,4105.8,"<",16503,4,"<2.2e-16",0.094,5157.1,"<",10236,4,"<2.2e-16",0.058,2469.9,"<"
579,"ex579","faces_ex579.lst",3,"Negative binomial","(iii)","(iii)","(iii)",0.13023,0.02649,0.02243,0.02279,0.02244,0.7533,0.1866,0.1605,0.1634,0.1605,0.35051,0.05398,0.04467,0.04527,0.04468,23420,4,"<2.2e-16",0.134,31917,"<",22916,4,"<2.2e-16",0.131,32055,"<",20392,4,"<2.2e-16",0.117,31825,"<"
580,"ex580","faces_ex580.lst",3,"Negative binomial","(iii)","(iii)","(iii)",0.04593,0.04989,0.04455,0.04626,0.04589,0.3279,0.3538,0.3179,0.3309,0.3277,0.09245,0.10116,0.08941,0.09295,0.09235,25431,4,"<2.2e-16",0.145,3275.5,"<",21775,4,"<2.2e-16",0.124,4057.8,"<",15254,4,"<2.2e-16",0.087,2065.7,"<"
581,"ex581","faces_ex581.lst",3,"Negative binomial","(iii)","(iii)","(iii)",0.03223,0.03559,0.03181,0.03255,0.03211,0.2303,0.2534,0.2274,0.2332,0.2295,0.06443,0.07151,0.0635,0.06484,0.0641,16123,4,"<2.2e-16",0.092,4201.2,"<",15316,4,"<2.2e-16",0.088,5148.5,"<",9133.7,4,"<2.2e-16",0.052,2521.7,"<"
582,"ex582","faces_ex582.lst",3,"Negative binomial","(v)","(iii)","(v)",0.1275,0.02647,0.02259,0.02296,0.02258,0.7384,0.1867,0.1615,0.1646,0.1615,0.34264,0.05391,0.04499,0.0456,0.04498,21854,4,"<2.2e-16",0.125,30482,"<",21619,4,"<2.2e-16",0.124,30610,"<",18797,4,"<2.2e-16",0.107,30376,"<"
583,"ex583","faces_ex583.lst",3,"Negative binomial","(iii)","(iii)","(iii)",0.04802,0.05184,0.04679,0.04853,0.04797,0.3419,0.3676,0.3332,0.3465,0.3417,0.09707,0.10536,0.09432,0.09791,0.09695,22364,4,"<2.2e-16",0.128,2875.9,"<",19347,4,"<2.2e-16",0.111,3593.3,"<",13088,4,"<2.2e-16",0.075,1749,"<"
584,"ex584","faces_ex584.lst",3,"Negative binomial","(iii)","(iii)","(iii)",0.03369,0.03694,0.03351,0.03431,0.03359,0.2404,0.2627,0.2392,0.2456,0.2398,0.06752,0.07444,0.06715,0.06858,0.06728,12237,4,"<2.2e-16",0.07,3499.1,"<",11584,4,"<2.2e-16",0.066,4035,"<",6588.3,4,"<2.2e-16",0.038,2108.1,"<"
585,"ex585","faces_ex585.lst",3,"Negative binomial","(v)","(v)","(v)",0.10697,0.02719,0.0239,0.02431,0.02371,0.6263,0.1916,0.1708,0.1743,0.1694,0.28372,0.05542,0.04769,0.04828,0.04726,12975,4,"<2.2e-16",0.074,20749,"<",12348,4,"<2.2e-16",0.071,20747,"<",10922,4,"<2.2e-16",0.062,20745,"<"
586,"ex586","faces_ex586.lst",3,"Negative binomial","(iii)","(iii)","(iii)",0.04107,0.04338,0.04027,0.04108,0.04097,0.2933,0.3084,0.2876,0.2937,0.2927,0.08242,0.0876,0.08062,0.0823,0.08212,21133,4,"<2.2e-16",0.121,1417.2,"<",17361,4,"<2.2e-16",0.099,1839.1,"<",12088,4,"<2.2e-16",0.069,931.48,"<"
587,"ex587","faces_ex587.lst",3,"Negative binomial","(iii)","(iii)","(iii)",0.02879,0.03118,0.02849,0.02879,0.02865,0.2057,0.222,0.2037,0.2061,0.2049,0.05751,0.0626,0.05678,0.05735,0.05709,12139,4,"<2.2e-16",0.069,2044.4,"<",10947,4,"<2.2e-16",0.063,2704.3,"<",6833.4,4,"<2.2e-16",0.039,1248.4,"<"
588,"ex588","faces_ex588.lst",3,"Negative binomial","(v)","(v)","(v)",0.16617,0.02486,0.02032,0.02045,0.02031,0.9498,0.1731,0.1453,0.1464,0.1451,0.45389,0.05158,0.04051,0.04071,0.04048,34437,4,"<2.2e-16",0.197,59061,"<",34061,4,"<2.2e-16",0.195,59679,"<",32716,4,"<2.2e-16",0.187,58672,"<"
589,"ex589","faces_ex589.lst",3,"Negative binomial","(iii)","(iii)","(iii)",0.04125,0.04367,0.04048,0.04129,0.04119,0.2944,0.3101,0.2889,0.2951,0.2941,0.08287,0.08834,0.08121,0.08285,0.08271,20605,4,"<2.2e-16",0.118,1485.4,"<",16753,4,"<2.2e-16",0.096,1928.4,"<",11542,4,"<2.2e-16",0.066,958.59,"<"
590,"ex590","faces_ex590.lst",3,"Negative binomial","(iii)","(iii)","(iii)",0.02899,0.03139,0.02873,0.02904,0.02886,0.207,0.2234,0.2053,0.2078,0.2063,0.05794,0.06306,0.05732,0.05788,0.05758,11160,4,"<2.2e-16",0.064,1997.1,"<",10277,4,"<2.2e-16",0.059,2592.4,"<",6301.6,4,"<2.2e-16",0.036,1234.5,"<"
591,"ex591","faces_ex591.lst",3,"Negative binomial","(v)","(v)","(v)",0.16572,0.02479,0.02039,0.02052,0.02037,0.9471,0.1729,0.1458,0.1469,0.1456,0.45259,0.05133,0.0406,0.04081,0.04057,33924,4,"<2.2e-16",0.194,58623,"<",33688,4,"<2.2e-16",0.192,59206,"<",31816,4,"<2.2e-16",0.182,58230,"<"
592,"ex592","faces_ex592.lst",3,"Negative binomial","(iii)","(iii)","(iii)",0.04248,0.04511,0.04184,0.04265,0.04246,0.3033,0.3203,0.2986,0.3049,0.3032,0.08532,0.09122,0.08392,0.08557,0.08525,18645,4,"<2.2e-16",0.107,1574.7,"<",15355,4,"<2.2e-16",0.088,1956.5,"<",10577,4,"<2.2e-16",0.06,1026.4,"<"
593,"ex593","faces_ex593.lst",3,"Negative binomial","(iii)","(iii)","(iii)",0.03001,0.03233,0.02985,0.03016,0.0299,0.2143,0.2301,0.2133,0.2158,0.2137,0.06006,0.0649,0.05966,0.0602,0.05978,9263.7,4,"<2.2e-16",0.053,2068.8,"<",8364.8,4,"<2.2e-16",0.048,2581.1,"<",4901.7,4,"<2.2e-16",0.028,1217.9,"<"
594,"ex594","faces_ex594.lst",3,"Negative binomial","(v)","(v)","(v)",0.15448,0.02523,0.02115,0.02129,0.02105,0.8858,0.1761,0.1511,0.1524,0.1504,0.42022,0.05213,0.04215,0.04237,0.04195,27422,4,"<2.2e-16",0.157,48291,"<",27477,4,"<2.2e-16",0.157,48707,"<",26558,4,"<2.2e-16",0.152,48005,"<"
595,"ex595","faces_ex595.lst",3,"Negative binomial","(iii)","(iii)","(iii)",0.06145,0.07123,0.05968,0.06321,0.06155,0.4309,0.4969,0.419,0.4462,0.4316,0.1271,0.1484,0.1229,0.1302,0.1274,29121,4,"<2.2e-16",0.166,8668.4,"<",29306,4,"<2.2e-16",0.167,10491,"<",17984,4,"<2.2e-16",0.103,5204.6,"<"
596,"ex596","faces_ex596.lst",3,"Negative binomial","(i)","(i)","(i)",0.04277,0.05057,0.04308,0.04446,0.0428,0.3017,0.3546,0.3036,0.3155,0.3019,0.08702,0.10372,0.08781,0.09008,0.08711,21525,4,"<2.2e-16",0.123,10102,"<",22555,4,"<2.2e-16",0.129,11443,"<",13145,4,"<2.2e-16",0.075,6037.5,"<"
597,"ex597","faces_ex597.lst",3,"Negative binomial","(v)","(v)","(v)",0.0401,0.035,0.0308,0.0315,0.0302,0.2672,0.2458,0.2176,0.2237,0.2135,0.0893,0.0715,0.0626,0.0634,0.0612,16577,4,"<2.2e-16",0.095,1419.1,"<",16908,4,"<2.2e-16",0.097,1418.5,"<",10212,4,"<2.2e-16",0.058,1421.1,"<"
598,"ex598","faces_ex598.lst",3,"Negative binomial","(iii)","(iii)","(iii)",0.06152,0.07142,0.05983,0.06334,0.06162,0.4319,0.4986,0.4205,0.4478,0.4326,0.1271,0.1488,0.1231,0.1303,0.1273,28850,4,"<2.2e-16",0.165,8891.2,"<",28602,4,"<2.2e-16",0.163,10695,"<",17678,4,"<2.2e-16",0.101,5392.7,"<"
599,"ex599","faces_ex599.lst",3,"Negative binomial","(i)","(i)","(i)",0.04312,0.05086,0.04352,0.04484,0.04317,0.304,0.3566,0.3066,0.3181,0.3043,0.08783,0.10442,0.08882,0.09094,0.08793,21495,4,"<2.2e-16",0.123,10391,"<",21810,4,"<2.2e-16",0.125,11357,"<",13515,4,"<2.2e-16",0.077,6302.4,"<"
600,"ex600","faces_ex600.lst",3,"Negative binomial","(v)","(v)","(v)",0.0395,0.035,0.0312,0.0318,0.0305,0.2644,0.246,0.2198,0.226,0.2152,0.0876,0.0714,0.0633,0.064,0.0618,15813,4,"<2.2e-16",0.09,1283.4,"<",16028,4,"<2.2e-16",0.092,1282.2,"<",9555.3,4,"<2.2e-16",0.055,1289.3,"<"
601,"ex601","faces_ex601.lst",3,"Negative binomial","(iii)","(iii)","(iii)",0.06438,0.07408,0.06325,0.06675,0.06446,0.4503,0.5163,0.443,0.4706,0.4511,0.1338,0.1548,0.1311,0.1383,0.134,22338,4,"<2.2e-16",0.128,7025.1,"<",23673,4,"<2.2e-16",0.135,8559.3,"<",12961,4,"<2.2e-16",0.074,4099.4,"<"
602,"ex602","faces_ex602.lst",3,"Negative binomial","(i)","(i)","(i)",0.04496,0.05232,0.04595,0.0473,0.04497,0.3164,0.3664,0.323,0.3354,0.3165,0.09181,0.10771,0.09423,0.09612,0.09185,18222,4,"<2.2e-16",0.104,7522.6,"<",19485,4,"<2.2e-16",0.111,8460.7,"<",10718,4,"<2.2e-16",0.061,4558,"<"
603,"ex603","faces_ex603.lst",3,"Negative binomial","(v)","(v)","(v)",0.03673,0.03592,0.03283,0.03345,0.0317,0.2511,0.2522,0.2315,0.2381,0.2238,0.0786,0.0733,0.0669,0.0673,0.0642,14461,4,"<2.2e-16",0.083,683.46,"<",14762,4,"<2.2e-16",0.084,755.19,"<",8450.4,4,"<2.2e-16",0.048,628.28,"<"
604,"ex604","faces_ex604.lst",3,"Negative binomial","(iii)","(iii)","(iii)",0.05514,0.06233,0.05451,0.05632,0.05529,0.3872,0.435,0.3826,0.3965,0.3882,0.1134,0.1291,0.1121,0.1158,0.1138,21458,4,"<2.2e-16",0.123,5851.6,"<",20466,4,"<2.2e-16",0.117,7075,"<",12823,4,"<2.2e-16",0.073,3561.6,"<"
605,"ex605","faces_ex605.lst",3,"Negative binomial","(i)","(i)","(i)",0.0386,0.04473,0.03915,0.03979,0.03869,0.2721,0.3133,0.2758,0.2812,0.2726,0.07849,0.09173,0.0798,0.0808,0.0787,18672,4,"<2.2e-16",0.107,7397.5,"<",18847,4,"<2.2e-16",0.108,8501.5,"<",11760,4,"<2.2e-16",0.067,4527.2,"<"
606,"ex606","faces_ex606.lst",3,"Negative binomial","(v)","(v)","(v)",0.0668,0.0317,0.0279,0.0282,0.0274,0.408,0.222,0.197,0.199,0.193,0.1678,0.0649,0.0568,0.057,0.0556,12121,4,"<2.2e-16",0.069,7373.5,"<",12122,4,"<2.2e-16",0.069,7258.1,"<",7480.8,4,"<2.2e-16",0.043,7460.2,"<"
607,"ex607","faces_ex607.lst",3,"Negative binomial","(iii)","(iii)","(iii)",0.05557,0.06273,0.05493,0.05671,0.05567,0.3899,0.4378,0.3853,0.3992,0.3906,0.1144,0.13,0.1131,0.1167,0.1147,20958,4,"<2.2e-16",0.12,5719.3,"<",20283,4,"<2.2e-16",0.116,6952.7,"<",12555,4,"<2.2e-16",0.072,3457.4,"<"
608,"ex608","faces_ex608.lst",3,"Negative binomial","(i)","(i)","(i)",0.03892,0.04484,0.03949,0.04007,0.03899,0.2742,0.314,0.2781,0.2833,0.2747,0.0792,0.09192,0.08056,0.08145,0.07934,17605,4,"<2.2e-16",0.101,7626.7,"<",17663,4,"<2.2e-16",0.101,8509.3,"<",10972,4,"<2.2e-16",0.063,4628.5,"<"
609,"ex609","faces_ex609.lst",3,"Negative binomial","(v)","(v)","(v)",0.0648,0.0319,0.0282,0.0284,0.0276,0.398,0.223,0.198,0.201,0.195,0.162,0.0653,0.0572,0.0574,0.056,11339,4,"<2.2e-16",0.065,6857.9,"<",11193,4,"<2.2e-16",0.064,6751.5,"<",7187.6,4,"<2.2e-16",0.041,6949.6,"<"
610,"ex610","faces_ex610.lst",3,"Negative binomial","(iii)","(iii)","(iii)",0.05717,0.06455,0.0568,0.05856,0.0573,0.4008,0.4501,0.3981,0.412,0.4016,0.118,0.134,0.1173,0.1208,0.1183,18630,4,"<2.2e-16",0.106,5360.2,"<",18093,4,"<2.2e-16",0.103,6491.3,"<",10428,4,"<2.2e-16",0.06,3192.1,"<"
611,"ex611","faces_ex611.lst",3,"Negative binomial","(i)","(i)","(i)",0.04004,0.046,0.0409,0.04149,0.04013,0.282,0.3222,0.2879,0.2933,0.2826,0.08159,0.0944,0.08363,0.08442,0.0818,17042,4,"<2.2e-16",0.097,6541.2,"<",17152,4,"<2.2e-16",0.098,7404.2,"<",10293,4,"<2.2e-16",0.059,3958.1,"<"
612,"ex612","faces_ex612.lst",3,"Negative binomial","(v)","(v)","(v)",0.0553,0.0325,0.0293,0.0295,0.0285,0.347,0.228,0.206,0.209,0.201,0.1344,0.0666,0.0596,0.0596,0.0579,10563,4,"<2.2e-16",0.06,4540.5,"<",10579,4,"<2.2e-16",0.06,4425.2,"<",6030.6,4,"<2.2e-16",0.034,4634.3,"<"
613,"ex613","faces_ex613.lst",3,"Negative binomial","(iii)","(iii)","(iii)",0.05169,0.05731,0.05159,0.05254,0.0518,0.3621,0.3991,0.3612,0.3686,0.3628,0.1066,0.119,0.1064,0.1083,0.1069,17491,4,"<2.2e-16",0.1,4124.1,"<",15945,4,"<2.2e-16",0.091,4915.9,"<",10263,4,"<2.2e-16",0.059,2570.2,"<"
614,"ex614","faces_ex614.lst",3,"Negative binomial","(i)","(i)","(i)",0.03627,0.04103,0.03687,0.03719,0.03632,0.2546,0.2868,0.2588,0.2616,0.255,0.07416,0.08429,0.0755,0.07597,0.07425,16222,4,"<2.2e-16",0.093,5317.6,"<",15857,4,"<2.2e-16",0.091,6294.9,"<",9639.5,4,"<2.2e-16",0.055,3189,"<"
615,"ex615","faces_ex615.lst",3,"Negative binomial","(v)","(v)","(v)",0.0944,0.03,0.0263,0.0264,0.0259,0.5579,0.2084,0.185,0.1863,0.1817,0.2475,0.0619,0.0537,0.0538,0.0527,10894,4,"<2.2e-16",0.062,15615,"<",10654,4,"<2.2e-16",0.061,15568,"<",8278.4,4,"<2.2e-16",0.047,15654,"<"
616,"ex616","faces_ex616.lst",3,"Negative binomial","(iii)","(iii)","(iii)",0.05175,0.05751,0.05167,0.05261,0.05187,0.3628,0.4005,0.3621,0.3694,0.3636,0.1065,0.1191,0.1064,0.1083,0.1068,17552,4,"<2.2e-16",0.1,4306.6,"<",16083,4,"<2.2e-16",0.092,5137.2,"<",10184,4,"<2.2e-16",0.058,2644.5,"<"
617,"ex617","faces_ex617.lst",3,"Negative binomial","(i)","(i)","(i)",0.03639,0.04123,0.03695,0.03727,0.03641,0.2556,0.2883,0.2597,0.2625,0.2558,0.07434,0.08469,0.07557,0.07602,0.07435,16284,4,"<2.2e-16",0.093,5707.5,"<",15605,4,"<2.2e-16",0.089,6585.2,"<",9788,4,"<2.2e-16",0.056,3462.9,"<"
618,"ex618","faces_ex618.lst",3,"Negative binomial","(v)","(v)","(v)",0.0943,0.0301,0.0264,0.0265,0.0259,0.5566,0.2094,0.1856,0.1868,0.1822,0.2472,0.0621,0.0538,0.0539,0.0528,10972,4,"<2.2e-16",0.063,15464,"<",10943,4,"<2.2e-16",0.063,15404,"<",8016.6,4,"<2.2e-16",0.046,15531,"<"
619,"ex619","faces_ex619.lst",3,"Negative binomial","(i)","(i)","(i)",0.05298,0.05882,0.05301,0.05394,0.0531,0.3716,0.4101,0.3716,0.3789,0.3723,0.1091,0.1218,0.1093,0.1111,0.1094,15623,4,"<2.2e-16",0.089,4155.4,"<",14408,4,"<2.2e-16",0.082,4912,"<",8905.5,4,"<2.2e-16",0.051,2554.2,"<"
620,"ex620","faces_ex620.lst",3,"Negative binomial","(i)","(i)","(v)",0.03727,0.04226,0.03793,0.0382,0.03727,0.2618,0.2953,0.2665,0.2691,0.2619,0.07615,0.08694,0.07761,0.07792,0.07611,15921,4,"<2.2e-16",0.091,5024.1,"<",15476,4,"<2.2e-16",0.088,5853.8,"<",9710,4,"<2.2e-16",0.055,3105.2,"<"
621,"ex621","faces_ex621.lst",3,"Negative binomial","(v)","(v)","(v)",0.0851,0.0305,0.0269,0.027,0.0264,0.507,0.2123,0.1896,0.1908,0.1856,0.2205,0.063,0.0548,0.0549,0.0537,9607.8,4,"<2.2e-16",0.055,12414,"<",9427.4,4,"<2.2e-16",0.054,12341,"<",6675.4,4,"<2.2e-16",0.038,12484,"<"
622,"ex622","faces_ex622.lst",3,"Negative binomial","(i)","(i)","(i)",0.08164,0.09998,0.08453,0.08823,0.08212,0.5586,0.681,0.5772,0.6097,0.5618,0.1736,0.2159,0.1812,0.1877,0.1748,23973,4,"<2.2e-16",0.137,10451,"<",29878,4,"<2.2e-16",0.171,13818,"<",13128,4,"<2.2e-16",0.075,6133.2,"<"
623,"ex623","faces_ex623.lst",3,"Negative binomial","(i)","(i)","(i)",0.05687,0.06921,0.06225,0.06315,0.05725,0.3954,0.4775,0.4293,0.4418,0.3977,0.1173,0.1445,0.1308,0.1304,0.1182,33150,4,"<2.2e-16",0.189,10193,"<",33548,4,"<2.2e-16",0.192,11606,"<",22336,4,"<2.2e-16",0.128,6286.3,"<"
624,"ex624","faces_ex624.lst",3,"Negative binomial","(i)","(i)","(i)",0.04144,0.04729,0.04513,0.04537,0.04165,0.2894,0.3283,0.3127,0.3187,0.2907,0.08508,0.09753,0.09372,0.09244,0.08553,20234,4,"<2.2e-16",0.116,5855.4,"<",20097,4,"<2.2e-16",0.115,6341,"<",13116,4,"<2.2e-16",0.075,3448.7,"<"
625,"ex625","faces_ex625.lst",3,"Negative binomial","(i)","(i)","(i)",0.08183,0.1005,0.08477,0.08845,0.08229,0.5604,0.6846,0.5798,0.6124,0.5636,0.1737,0.217,0.1813,0.1877,0.1748,24749,4,"<2.2e-16",0.141,10711,"<",30627,4,"<2.2e-16",0.175,14034,"<",13530,4,"<2.2e-16",0.077,6369.2,"<"
626,"ex626","faces_ex626.lst",3,"Negative binomial","(i)","(i)","(i)",0.05704,0.06932,0.06251,0.06325,0.05738,0.3968,0.4786,0.4314,0.4431,0.3989,0.1176,0.1447,0.1312,0.1303,0.1184,32263,4,"<2.2e-16",0.184,10191,"<",32774,4,"<2.2e-16",0.187,11570,"<",21856,4,"<2.2e-16",0.125,6288.6,"<"
627,"ex627","faces_ex627.lst",3,"Negative binomial","(i)","(i)","(i)",0.04154,0.04729,0.04527,0.04545,0.04171,0.29,0.3283,0.3137,0.3193,0.2911,0.08527,0.09743,0.09396,0.09262,0.08563,19979,4,"<2.2e-16",0.114,5498.2,"<",19622,4,"<2.2e-16",0.112,6033.2,"<",12815,4,"<2.2e-16",0.073,3203.4,"<"
628,"ex628","faces_ex628.lst",3,"Negative binomial","(i)","(i)","(i)",0.08382,0.10239,0.08738,0.09093,0.08424,0.5726,0.6974,0.5965,0.629,0.5756,0.1786,0.2216,0.1877,0.1936,0.1797,23302,4,"<2.2e-16",0.133,9876.6,"<",30083,4,"<2.2e-16",0.172,13237,"<",12303,4,"<2.2e-16",0.07,5786.9,"<"
629,"ex629","faces_ex629.lst",3,"Negative binomial","(i)","(i)","(i)",0.05824,0.07047,0.06441,0.06488,0.05859,0.4049,0.4863,0.444,0.4548,0.4071,0.1201,0.1472,0.1355,0.1338,0.1209,32567,4,"<2.2e-16",0.186,9639.5,"<",32981,4,"<2.2e-16",0.188,10980,"<",22212,4,"<2.2e-16",0.127,6019.2,"<"
630,"ex630","faces_ex630.lst",3,"Negative binomial","(i)","(i)","(i)",0.04226,0.04803,0.04673,0.04655,0.04245,0.2949,0.3333,0.3236,0.3275,0.2961,0.08675,0.09914,0.09737,0.09486,0.08716,20917,4,"<2.2e-16",0.12,5676.1,"<",20733,4,"<2.2e-16",0.118,6225.7,"<",13604,4,"<2.2e-16",0.078,3453.9,"<"
631,"ex631","faces_ex631.lst",3,"Negative binomial","(i)","(i)","(i)",0.07743,0.09392,0.08175,0.08412,0.07803,0.5296,0.6379,0.5581,0.5787,0.5334,0.1642,0.2023,0.1751,0.1793,0.1658,25362,4,"<2.2e-16",0.145,9113.2,"<",29461,4,"<2.2e-16",0.168,11679,"<",14094,4,"<2.2e-16",0.081,5492.1,"<"
632,"ex632","faces_ex632.lst",3,"Negative binomial","(i)","(i)","(i)",0.05425,0.0655,0.05969,0.06024,0.05466,0.376,0.4504,0.4115,0.4195,0.3785,0.1123,0.137,0.1253,0.1249,0.1133,32446,4,"<2.2e-16",0.185,9717.1,"<",32400,4,"<2.2e-16",0.185,10958,"<",21668,4,"<2.2e-16",0.124,5950.6,"<"
633,"ex633","faces_ex633.lst",3,"Negative binomial","(v)","(i)","(v)",0.03994,0.04532,0.043,0.04329,0.03993,0.2779,0.3138,0.2982,0.3031,0.2781,0.08258,0.0938,0.08912,0.08853,0.08238,18498,4,"<2.2e-16",0.106,4018.7,"<",18167,4,"<2.2e-16",0.104,4696,"<",11342,4,"<2.2e-16",0.065,2216.9,"<"
634,"ex634","faces_ex634.lst",3,"Negative binomial","(i)","(i)","(i)",0.07778,0.0942,0.08202,0.08431,0.07836,0.5319,0.6401,0.5601,0.58,0.5356,0.1652,0.2029,0.1758,0.1798,0.1667,24706,4,"<2.2e-16",0.141,8927.8,"<",28914,4,"<2.2e-16",0.165,11542,"<",13601,4,"<2.2e-16",0.078,5309.6,"<"
635,"ex635","faces_ex635.lst",3,"Negative binomial","(i)","(i)","(i)",0.05423,0.06572,0.05975,0.06033,0.05467,0.3764,0.452,0.4122,0.4201,0.379,0.1119,0.1374,0.1252,0.1249,0.113,33246,4,"<2.2e-16",0.19,10279,"<",33021,4,"<2.2e-16",0.189,11315,"<",22369,4,"<2.2e-16",0.128,6450.5,"<"
636,"ex636","faces_ex636.lst",3,"Negative binomial","(i)","(i)","(v)",0.03998,0.04533,0.04313,0.04341,0.04,0.2781,0.3134,0.2989,0.3037,0.2784,0.08266,0.09392,0.08946,0.08886,0.08255,18441,4,"<2.2e-16",0.105,4094.3,"<",18259,4,"<2.2e-16",0.104,4690.8,"<",11583,4,"<2.2e-16",0.066,2302.6,"<"
637,"ex637","faces_ex637.lst",3,"Negative binomial","(i)","(i)","(i)",0.07895,0.09605,0.08353,0.08571,0.07956,0.5397,0.652,0.5705,0.5902,0.5436,0.1677,0.2075,0.1792,0.1828,0.1693,24772,4,"<2.2e-16",0.142,9134.3,"<",28685,4,"<2.2e-16",0.164,11710,"<",13405,4,"<2.2e-16",0.077,5557.2,"<"
638,"ex638","faces_ex638.lst",3,"Negative binomial","(i)","(i)","(i)",0.05496,0.06652,0.06075,0.06114,0.05538,0.3815,0.4576,0.4196,0.4268,0.384,0.1135,0.1392,0.1274,0.1265,0.1146,32718,4,"<2.2e-16",0.187,9604.4,"<",32860,4,"<2.2e-16",0.188,10796,"<",22117,4,"<2.2e-16",0.126,6009.1,"<"
639,"ex639","faces_ex639.lst",3,"Negative binomial","(i)","(i)","(i)",0.04025,0.04576,0.04389,0.04396,0.04042,0.2804,0.3167,0.3046,0.3082,0.2815,0.08291,0.09472,0.09097,0.08976,0.08328,18806,4,"<2.2e-16",0.107,4962.4,"<",18618,4,"<2.2e-16",0.106,5515.2,"<",11804,4,"<2.2e-16",0.067,2880.5,"<"
640,"ex640","faces_ex640.lst",3,"Negative binomial","(i)","(i)","(i)",0.0754,0.09074,0.08046,0.08185,0.07604,0.5141,0.6134,0.5483,0.5604,0.5179,0.1605,0.196,0.1728,0.1752,0.1622,25636,4,"<2.2e-16",0.146,8121.2,"<",28118,4,"<2.2e-16",0.161,10230,"<",13991,4,"<2.2e-16",0.08,4963,"<"
641,"ex641","faces_ex641.lst",3,"Negative binomial","(i)","(i)","(i)",0.05251,0.06337,0.05814,0.05861,0.05301,0.3635,0.4344,0.401,0.4068,0.3665,0.1089,0.1329,0.1219,0.1218,0.1101,33204,4,"<2.2e-16",0.19,9148.6,"<",32531,4,"<2.2e-16",0.186,10276,"<",22085,4,"<2.2e-16",0.126,5727.6,"<"
642,"ex642","faces_ex642.lst",3,"Negative binomial","(v)","(v)","(v)",0.03918,0.04398,0.04193,0.04229,0.03887,0.2716,0.3036,0.2907,0.2952,0.2701,0.08156,0.09136,0.08689,0.08683,0.0805,19220,4,"<2.2e-16",0.11,2897.6,"<",18687,4,"<2.2e-16",0.107,3585,"<",11766,4,"<2.2e-16",0.067,1538.8,"<"
643,"ex643","faces_ex643.lst",3,"Negative binomial","(i)","(i)","(i)",0.07532,0.0908,0.08053,0.08192,0.076,0.5142,0.6143,0.5493,0.5614,0.5183,0.1602,0.196,0.1727,0.1751,0.1619,25846,4,"<2.2e-16",0.148,8226.8,"<",28491,4,"<2.2e-16",0.163,10307,"<",14023,4,"<2.2e-16",0.08,5069,"<"
644,"ex644","faces_ex644.lst",3,"Negative binomial","(i)","(i)","(i)",0.0526,0.06365,0.05825,0.05877,0.05305,0.3639,0.4357,0.4019,0.4081,0.3666,0.109,0.1337,0.122,0.122,0.1101,34072,4,"<2.2e-16",0.195,9835.5,"<",33537,4,"<2.2e-16",0.192,10851,"<",22501,4,"<2.2e-16",0.129,6276.6,"<"
645,"ex645","faces_ex645.lst",3,"Negative binomial","(v)","(v)","(v)",0.03909,0.04404,0.0419,0.04227,0.03881,0.2708,0.3038,0.2905,0.2951,0.2695,0.08137,0.09149,0.08685,0.08675,0.08038,19908,4,"<2.2e-16",0.114,2946.5,"<",19428,4,"<2.2e-16",0.111,3738.2,"<",11923,4,"<2.2e-16",0.068,1551,"<"
646,"ex646","faces_ex646.lst",3,"Negative binomial","(i)","(i)","(i)",0.07593,0.09159,0.08115,0.08247,0.07655,0.5186,0.6204,0.554,0.5657,0.5223,0.1614,0.1976,0.174,0.1761,0.163,26002,4,"<2.2e-16",0.149,8515.6,"<",28485,4,"<2.2e-16",0.163,10628,"<",14229,4,"<2.2e-16",0.081,5228.8,"<"
647,"ex647","faces_ex647.lst",3,"Negative binomial","(i)","(i)","(i)",0.05313,0.06408,0.0589,0.05927,0.0536,0.3676,0.4391,0.4062,0.4114,0.3704,0.1101,0.1344,0.1234,0.1231,0.1112,32444,4,"<2.2e-16",0.185,9552.7,"<",32323,4,"<2.2e-16",0.185,10620,"<",21357,4,"<2.2e-16",0.122,5934.8,"<"
648,"ex648","faces_ex648.lst",3,"Negative binomial","(v)","(v)","(v)",0.03934,0.04438,0.04238,0.04265,0.03924,0.273,0.3065,0.2942,0.2982,0.2728,0.08166,0.0921,0.0877,0.08735,0.08117,19110,4,"<2.2e-16",0.109,3489.4,"<",18549,4,"<2.2e-16",0.106,4224.1,"<",11264,4,"<2.2e-16",0.064,1877.4,"<"
649,"ex649","faces_ex649.lst",3,"Negative binomial","(iii)","(iii)","(iii)",0.04421,0.04754,0.03919,0.0408,0.04034,0.3084,0.3352,0.279,0.2913,0.2874,0.0923,0.0971,0.0789,0.0821,0.0814,29615,4,"<2.2e-16",0.169,1734.7,"<",27317,4,"<2.2e-16",0.156,2357.2,"<",17552,4,"<2.2e-16",0.1,1178.3,"<"
650,"ex650","faces_ex650.lst",3,"Negative binomial","(iii)","(iii)","(iii)",0.02871,0.03413,0.02806,0.02876,0.02826,0.2039,0.2415,0.1999,0.2056,0.2014,0.05792,0.06915,0.05626,0.05751,0.0567,25608,4,"<2.2e-16",0.146,4852.7,"<",25514,4,"<2.2e-16",0.146,6676.3,"<",15598,4,"<2.2e-16",0.089,2908.8,"<"
651,"ex651","faces_ex651.lst",3,"Negative binomial","(iii)","(v)","(v)",0.0674,0.0243,0.02,0.0204,0.02,0.406,0.171,0.143,0.146,0.142,0.1744,0.0495,0.0401,0.0406,0.04,17160,4,"<2.2e-16",0.098,9176.4,"<",16698,4,"<2.2e-16",0.095,9191.7,"<",11235,4,"<2.2e-16",0.064,9192,"<"
652,"ex652","faces_ex652.lst",3,"Negative binomial","(iii)","(iii)","(iii)",0.04438,0.04772,0.03942,0.04099,0.04053,0.3097,0.3366,0.2806,0.2927,0.2888,0.0925,0.0975,0.0793,0.0824,0.0817,27882,4,"<2.2e-16",0.159,1738.7,"<",26225,4,"<2.2e-16",0.15,2363.6,"<",17378,4,"<2.2e-16",0.099,1184.2,"<"
653,"ex653","faces_ex653.lst",3,"Negative binomial","(iii)","(iii)","(iii)",0.02892,0.0342,0.02828,0.02898,0.02845,0.2054,0.2422,0.2015,0.2073,0.2028,0.05828,0.06926,0.05666,0.05788,0.05702,24352,4,"<2.2e-16",0.139,4807.8,"<",24163,4,"<2.2e-16",0.138,6600.4,"<",15118,4,"<2.2e-16",0.086,2913.2,"<"
654,"ex654","faces_ex654.lst",3,"Negative binomial","(iii)","(v)","(v)",0.0665,0.0244,0.0201,0.0205,0.0201,0.401,0.171,0.144,0.147,0.143,0.1718,0.0498,0.0402,0.0408,0.0401,16347,4,"<2.2e-16",0.093,8933.8,"<",15888,4,"<2.2e-16",0.091,8939,"<",10973,4,"<2.2e-16",0.063,8958,"<"
655,"ex655","faces_ex655.lst",3,"Negative binomial","(iii)","(iii)","(iii)",0.04643,0.05034,0.04221,0.04378,0.04305,0.3247,0.3544,0.3001,0.3121,0.3063,0.0967,0.1033,0.0854,0.0886,0.0872,21372,4,"<2.2e-16",0.122,1657.7,"<",19987,4,"<2.2e-16",0.114,2219.5,"<",12636,4,"<2.2e-16",0.072,1104.5,"<"
656,"ex656","faces_ex656.lst",3,"Negative binomial","(v)","(v)","(v)",0.03062,0.03547,0.03034,0.03102,0.03024,0.2174,0.2511,0.2159,0.2216,0.2152,0.06175,0.07194,0.061,0.06213,0.06077,15651,4,"<2.2e-16",0.089,3861.7,"<",15910,4,"<2.2e-16",0.091,5038.3,"<",9726.2,4,"<2.2e-16",0.056,2379.6,"<"
657,"ex657","faces_ex657.lst",3,"Negative binomial","(v)","(v)","(v)",0.0574,0.025,0.0216,0.022,0.0213,0.352,0.176,0.154,0.157,0.152,0.1451,0.0509,0.0433,0.0437,0.0426,9417.1,4,"<2.2e-16",0.054,6487,"<",9462.4,4,"<2.2e-16",0.054,6452.5,"<",5676.6,4,"<2.2e-16",0.032,6541.8,"<"
658,"ex658","faces_ex658.lst",3,"Negative binomial","(iii)","(iii)","(iii)",0.0422,0.0398,0.0344,0.0352,0.035,0.2882,0.2802,0.2447,0.2502,0.2485,0.0908,0.0811,0.0694,0.0709,0.0705,19632,4,"<2.2e-16",0.112,1194.3,"<",17672,4,"<2.2e-16",0.101,1327.6,"<",11495,4,"<2.2e-16",0.066,1079.2,"<"
659,"ex659","faces_ex659.lst",3,"Negative binomial","(iii)","(iii)","(iii)",0.02517,0.02873,0.0247,0.02496,0.02474,0.1784,0.203,0.1757,0.1779,0.1761,0.05087,0.05827,0.04959,0.05001,0.04969,18049,4,"<2.2e-16",0.103,2536.4,"<",17617,4,"<2.2e-16",0.101,3556.6,"<",11108,4,"<2.2e-16",0.063,1560.1,"<"
660,"ex660","faces_ex660.lst",3,"Negative binomial","(iii)","(iii)","(v)",0.0803,0.0217,0.0174,0.0176,0.0174,0.474,0.151,0.124,0.125,0.124,0.2129,0.0451,0.035,0.0351,0.0348,14487,4,"<2.2e-16",0.083,13176,"<",14104,4,"<2.2e-16",0.081,13250,"<",10468,4,"<2.2e-16",0.06,13151,"<"
661,"ex661","faces_ex661.lst",3,"Negative binomial","(iii)","(iii)","(iii)",0.0424,0.04,0.0348,0.0355,0.0353,0.2901,0.2817,0.2477,0.2531,0.2514,0.0909,0.0815,0.0701,0.0715,0.0712,19925,4,"<2.2e-16",0.114,1183.9,"<",17388,4,"<2.2e-16",0.099,1300.7,"<",11747,4,"<2.2e-16",0.067,1074.7,"<"
662,"ex662","faces_ex662.lst",3,"Negative binomial","(iii)","(iii)","(iii)",0.02535,0.02879,0.02477,0.02503,0.02479,0.1795,0.2035,0.1763,0.1784,0.1765,0.05133,0.05835,0.04974,0.0502,0.04979,17463,4,"<2.2e-16",0.1,2266.5,"<",16705,4,"<2.2e-16",0.095,3202.6,"<",10732,4,"<2.2e-16",0.061,1381.9,"<"
663,"ex663","faces_ex663.lst",3,"Negative binomial","(v)","(v)","(v)",0.0796,0.0219,0.0176,0.0177,0.0175,0.47,0.152,0.125,0.126,0.124,0.2109,0.0454,0.0352,0.0353,0.0351,14015,4,"<2.2e-16",0.08,12841,"<",13660,4,"<2.2e-16",0.078,12909,"<",9909.9,4,"<2.2e-16",0.057,12830,"<"
664,"ex664","faces_ex664.lst",3,"Negative binomial","(iii)","(iii)","(iii)",0.04312,0.04193,0.03647,0.03717,0.03689,0.2966,0.2953,0.2594,0.2647,0.2626,0.0918,0.0857,0.0735,0.0749,0.0744,16591,4,"<2.2e-16",0.095,1079.5,"<",14902,4,"<2.2e-16",0.085,1226.5,"<",10131,4,"<2.2e-16",0.058,942.65,"<"
665,"ex665","faces_ex665.lst",3,"Negative binomial","(v)","(v)","(v)",0.02641,0.02994,0.02603,0.02629,0.02595,0.1874,0.2117,0.1854,0.1876,0.1848,0.05333,0.0607,0.05221,0.05263,0.05203,13552,4,"<2.2e-16",0.077,2122.4,"<",13135,4,"<2.2e-16",0.075,2922.8,"<",8442.1,4,"<2.2e-16",0.048,1324.2,"<"
666,"ex666","faces_ex666.lst",3,"Negative binomial","(v)","(v)","(v)",0.0765,0.0225,0.0185,0.0186,0.0183,0.455,0.157,0.132,0.133,0.13,0.2014,0.0466,0.0371,0.0372,0.0367,10738,4,"<2.2e-16",0.061,11807,"<",10348,4,"<2.2e-16",0.059,11860,"<",7746.2,4,"<2.2e-16",0.044,11803,"<"
667,"ex667","faces_ex667.lst",3,"Negative binomial","(iii)","(iii)","(iii)",0.0415,0.0354,0.0317,0.032,0.032,0.2791,0.2486,0.225,0.2275,0.2268,0.0909,0.0723,0.064,0.0647,0.0645,14420,4,"<2.2e-16",0.082,1407.4,"<",12196,4,"<2.2e-16",0.07,1437.7,"<",8681.5,4,"<2.2e-16",0.05,1369,"<"
668,"ex668","faces_ex668.lst",3,"Negative binomial","(iii)","(iii)","(iii)",0.02292,0.02548,0.0225,0.02262,0.02252,0.162,0.1798,0.1598,0.1607,0.1598,0.04651,0.05178,0.0453,0.04548,0.04534,12706,4,"<2.2e-16",0.073,1337.2,"<",12524,4,"<2.2e-16",0.072,1923.2,"<",7627.2,4,"<2.2e-16",0.044,828.87,"<"
669,"ex669","faces_ex669.lst",3,"Negative binomial","(iii)","(iii)","(iii)",0.0859,0.0209,0.016,0.016,0.016,0.504,0.144,0.113,0.114,0.113,0.2297,0.0445,0.0321,0.0321,0.0322,12249,4,"<2.2e-16",0.07,14854,"<",12082,4,"<2.2e-16",0.069,14958,"<",9435.6,4,"<2.2e-16",0.054,14815,"<"
670,"ex670","faces_ex670.lst",3,"Negative binomial","(iii)","(iii)","(iii)",0.0423,0.0356,0.0319,0.0322,0.0321,0.2839,0.2508,0.2263,0.2288,0.2282,0.0933,0.0728,0.0644,0.065,0.0649,14541,4,"<2.2e-16",0.083,1506.2,"<",12643,4,"<2.2e-16",0.072,1529.1,"<",8491.5,4,"<2.2e-16",0.049,1476.1,"<"
671,"ex671","faces_ex671.lst",3,"Negative binomial","(v)","(v)","(v)",0.023,0.02569,0.02261,0.02272,0.02259,0.1627,0.1811,0.1606,0.1615,0.1605,0.04667,0.05229,0.04552,0.04571,0.0455,13209,4,"<2.2e-16",0.075,1571,"<",12481,4,"<2.2e-16",0.071,2153.5,"<",8037.5,4,"<2.2e-16",0.046,987.17,"<"
672,"ex672","faces_ex672.lst",3,"Negative binomial","(iii)","(iii)","(iii)",0.0851,0.0213,0.016,0.0161,0.016,0.5,0.145,0.114,0.114,0.114,0.2275,0.0454,0.0322,0.0323,0.0323,12084,4,"<2.2e-16",0.069,14509,"<",11997,4,"<2.2e-16",0.069,14628,"<",9273.7,4,"<2.2e-16",0.053,14474,"<"
673,"ex673","faces_ex673.lst",3,"Negative binomial","(iii)","(iii)","(iii)",0.0421,0.0368,0.0328,0.0331,0.033,0.2844,0.2589,0.2331,0.2356,0.2347,0.0917,0.075,0.0662,0.0668,0.0666,13404,4,"<2.2e-16",0.077,1337.9,"<",11938,4,"<2.2e-16",0.068,1374.4,"<",7847.6,4,"<2.2e-16",0.045,1293.8,"<"
674,"ex674","faces_ex674.lst",3,"Negative binomial","(v)","(v)","(v)",0.02363,0.02627,0.0233,0.02341,0.02324,0.1673,0.1855,0.1657,0.1666,0.1653,0.04778,0.05328,0.04679,0.04697,0.04665,12164,4,"<2.2e-16",0.069,1604.4,"<",11343,4,"<2.2e-16",0.065,2205.7,"<",7645.2,4,"<2.2e-16",0.044,1019.2,"<"
675,"ex675","faces_ex675.lst",3,"Negative binomial","(iii)","(v)","(v)",0.0843,0.0214,0.0165,0.0166,0.0165,0.495,0.147,0.118,0.118,0.117,0.2251,0.0453,0.0332,0.0333,0.0331,10847,4,"<2.2e-16",0.062,14226,"<",10428,4,"<2.2e-16",0.06,14312,"<",8666,4,"<2.2e-16",0.05,14205,"<"
676,"ex676","faces_ex676.lst",3,"Negative binomial","(iii)","(iii)","(iii)",0.05215,0.06353,0.05076,0.05232,0.05111,0.3629,0.4391,0.3547,0.3671,0.3574,0.1087,0.1334,0.1049,0.108,0.1057,24280,4,"<2.2e-16",0.139,5235.5,"<",24795,4,"<2.2e-16",0.142,7016.9,"<",14629,4,"<2.2e-16",0.084,3218.8,"<"
677,"ex677","faces_ex677.lst",3,"Negative binomial","(v)","(v)","(v)",0.03613,0.0451,0.03665,0.0371,0.0359,0.2526,0.3142,0.2566,0.2611,0.2515,0.07415,0.09307,0.07529,0.07576,0.0735,28116,4,"<2.2e-16",0.161,8718.8,"<",29488,4,"<2.2e-16",0.168,11376,"<",18358,4,"<2.2e-16",0.105,5247.3,"<"
678,"ex678","faces_ex678.lst",3,"Negative binomial","(v)","(v)","(v)",0.0362,0.0305,0.0262,0.0263,0.0256,0.238,0.213,0.184,0.185,0.179,0.0825,0.0627,0.0537,0.0536,0.0523,18048,4,"<2.2e-16",0.103,1584.1,"<",18433,4,"<2.2e-16",0.105,1605.1,"<",11126,4,"<2.2e-16",0.064,1577.9,"<"
679,"ex679","faces_ex679.lst",3,"Negative binomial","(iii)","(iii)","(iii)",0.05234,0.06363,0.05088,0.05242,0.05119,0.364,0.4398,0.3554,0.3676,0.3578,0.1092,0.1335,0.1053,0.1083,0.1059,23631,4,"<2.2e-16",0.135,5064.4,"<",24225,4,"<2.2e-16",0.138,6812.2,"<",14612,4,"<2.2e-16",0.083,3093.9,"<"
680,"ex680","faces_ex680.lst",3,"Negative binomial","(v)","(v)","(v)",0.03615,0.04535,0.03679,0.03722,0.03601,0.2529,0.3157,0.2577,0.2619,0.2522,0.07421,0.09383,0.07561,0.07605,0.07376,27630,4,"<2.2e-16",0.158,8156.5,"<",28626,4,"<2.2e-16",0.164,10623,"<",17546,4,"<2.2e-16",0.1,4971.6,"<"
681,"ex681","faces_ex681.lst",3,"Negative binomial","(v)","(v)","(v)",0.0355,0.0306,0.0263,0.0264,0.0256,0.234,0.213,0.184,0.186,0.18,0.0806,0.063,0.0538,0.0537,0.0524,17672,4,"<2.2e-16",0.101,1466.7,"<",18032,4,"<2.2e-16",0.103,1499.9,"<",10774,4,"<2.2e-16",0.062,1453.9,"<"
682,"ex682","faces_ex682.lst",3,"Negative binomial","(iii)","(iii)","(v)",0.05438,0.06559,0.05325,0.05464,0.05326,0.3782,0.4529,0.3719,0.3833,0.3722,0.1135,0.138,0.1105,0.1131,0.1103,19305,4,"<2.2e-16",0.11,4859,"<",19813,4,"<2.2e-16",0.113,6382,"<",11596,4,"<2.2e-16",0.066,3021.1,"<"
683,"ex683","faces_ex683.lst",3,"Negative binomial","(v)","(v)","(v)",0.03761,0.0468,0.03864,0.03893,0.03749,0.2633,0.326,0.2708,0.2744,0.2627,0.07711,0.09673,0.07941,0.07939,0.07676,25812,4,"<2.2e-16",0.147,8191.5,"<",26548,4,"<2.2e-16",0.152,10194,"<",16488,4,"<2.2e-16",0.094,5049.3,"<"
684,"ex684","faces_ex684.lst",3,"Negative binomial","(v)","(v)","(v)",0.0333,0.0313,0.0275,0.0275,0.0266,0.2236,0.218,0.193,0.1942,0.1863,0.0735,0.0642,0.0563,0.0558,0.0543,15435,4,"<2.2e-16",0.088,995.96,"<",15894,4,"<2.2e-16",0.091,1054.5,"<",9558.9,4,"<2.2e-16",0.055,947.98,"<"
685,"ex685","faces_ex685.lst",3,"Negative binomial","(v)","(v)","(v)",0.04922,0.05691,0.04722,0.04803,0.04705,0.3391,0.3926,0.3285,0.3351,0.3276,0.10384,0.11925,0.09805,0.09958,0.09761,19498,4,"<2.2e-16",0.111,2930.5,"<",19758,4,"<2.2e-16",0.113,4050.7,"<",11504,4,"<2.2e-16",0.066,1771.8,"<"
686,"ex686","faces_ex686.lst",3,"Negative binomial","(v)","(v)","(v)",0.03336,0.04087,0.03386,0.0341,0.03309,0.2323,0.2833,0.2363,0.2387,0.2309,0.0689,0.08476,0.06981,0.07006,0.06804,25714,4,"<2.2e-16",0.147,5942,"<",26216,4,"<2.2e-16",0.15,7874,"<",16618,4,"<2.2e-16",0.095,3613.8,"<"
687,"ex687","faces_ex687.lst",3,"Negative binomial","(v)","(v)","(v)",0.045,0.0283,0.0242,0.0243,0.0237,0.284,0.196,0.169,0.17,0.165,0.1094,0.0587,0.0499,0.0499,0.0488,14410,4,"<2.2e-16",0.082,3423.3,"<",14823,4,"<2.2e-16",0.085,3385.7,"<",8900.6,4,"<2.2e-16",0.051,3483.6,"<"
688,"ex688","faces_ex688.lst",3,"Negative binomial","(v)","(v)","(v)",0.04922,0.05735,0.04737,0.04818,0.04717,0.3397,0.3954,0.3299,0.3364,0.3287,0.1035,0.12029,0.09819,0.09975,0.09763,19487,4,"<2.2e-16",0.111,3028.2,"<",19449,4,"<2.2e-16",0.111,4129.8,"<",11698,4,"<2.2e-16",0.067,1872.7,"<"
689,"ex689","faces_ex689.lst",3,"Negative binomial","(v)","(v)","(v)",0.03366,0.04097,0.03409,0.03432,0.03329,0.2343,0.2843,0.238,0.2403,0.2324,0.06954,0.08499,0.07027,0.07045,0.06845,25821,4,"<2.2e-16",0.148,5848.5,"<",26151,4,"<2.2e-16",0.149,7812.9,"<",16544,4,"<2.2e-16",0.095,3565.1,"<"
690,"ex690","faces_ex690.lst",3,"Negative binomial","(v)","(v)","(v)",0.0456,0.0284,0.0243,0.0244,0.0238,0.287,0.197,0.17,0.171,0.166,0.111,0.0589,0.0499,0.0499,0.0488,14818,4,"<2.2e-16",0.085,3532.8,"<",15023,4,"<2.2e-16",0.086,3493.3,"<",9221.6,4,"<2.2e-16",0.053,3595.2,"<"
691,"ex691","faces_ex691.lst",3,"Negative binomial","(v)","(v)","(v)",0.05061,0.05881,0.04897,0.04972,0.04861,0.3494,0.4055,0.341,0.3472,0.3386,0.1065,0.1233,0.1017,0.103,0.1008,17449,4,"<2.2e-16",0.1,3074.8,"<",17950,4,"<2.2e-16",0.103,4178.6,"<",10238,4,"<2.2e-16",0.058,1868.5,"<"
692,"ex692","faces_ex692.lst",3,"Negative binomial","(v)","(v)","(v)",0.03429,0.04193,0.03501,0.03516,0.03409,0.239,0.2908,0.2445,0.2464,0.238,0.07065,0.08697,0.07214,0.07213,0.07004,24755,4,"<2.2e-16",0.141,6228.9,"<",25005,4,"<2.2e-16",0.143,8120.4,"<",16144,4,"<2.2e-16",0.092,3840.9,"<"
693,"ex693","faces_ex693.lst",3,"Negative binomial","(v)","(v)","(v)",0.0419,0.0289,0.025,0.025,0.0243,0.267,0.201,0.175,0.176,0.17,0.1001,0.0599,0.0512,0.0511,0.0499,14129,4,"<2.2e-16",0.081,2716.7,"<",14355,4,"<2.2e-16",0.082,2672.6,"<",8692.2,4,"<2.2e-16",0.05,2775.2,"<"
694,"ex694","faces_ex694.lst",3,"Negative binomial","(v)","(v)","(v)",0.04801,0.05405,0.04547,0.04591,0.045,0.328,0.371,0.3152,0.3189,0.3119,0.1022,0.1138,0.0948,0.0956,0.0937,16813,4,"<2.2e-16",0.096,1987.4,"<",17009,4,"<2.2e-16",0.097,2696.5,"<",9716.7,4,"<2.2e-16",0.056,1272,"<"
695,"ex695","faces_ex695.lst",3,"Negative binomial","(v)","(v)","(v)",0.03196,0.03848,0.03245,0.03262,0.03166,0.2215,0.2658,0.2257,0.2273,0.2201,0.06634,0.0801,0.06713,0.06734,0.06539,24475,4,"<2.2e-16",0.14,4907.2,"<",24505,4,"<2.2e-16",0.14,6484.9,"<",15554,4,"<2.2e-16",0.089,2995.1,"<"
696,"ex696","faces_ex696.lst",3,"Negative binomial","(v)","(v)","(v)",0.0502,0.0272,0.0231,0.0232,0.0226,0.31,0.187,0.161,0.162,0.157,0.1252,0.0569,0.0476,0.0476,0.0467,12783,4,"<2.2e-16",0.073,4626.7,"<",13169,4,"<2.2e-16",0.075,4588.6,"<",7804.5,4,"<2.2e-16",0.045,4696.7,"<"
697,"ex697","faces_ex697.lst",3,"Negative binomial","(v)","(v)","(v)",0.04841,0.05373,0.04556,0.04601,0.04508,0.3303,0.3692,0.3157,0.3193,0.3125,0.1034,0.1129,0.095,0.0958,0.0938,16435,4,"<2.2e-16",0.094,1853.6,"<",16503,4,"<2.2e-16",0.094,2538,"<",9513.6,4,"<2.2e-16",0.054,1182.8,"<"
698,"ex698","faces_ex698.lst",3,"Negative binomial","(v)","(v)","(v)",0.03207,0.03841,0.03248,0.03266,0.03168,0.2222,0.2655,0.226,0.2277,0.2202,0.06662,0.07992,0.06714,0.06732,0.0654,24210,4,"<2.2e-16",0.138,4570.9,"<",24573,4,"<2.2e-16",0.14,6113.6,"<",14907,4,"<2.2e-16",0.085,2807.7,"<"
699,"ex699","faces_ex699.lst",3,"Negative binomial","(v)","(v)","(v)",0.0497,0.0271,0.0231,0.0232,0.0226,0.308,0.187,0.161,0.162,0.157,0.1236,0.0566,0.0476,0.0477,0.0467,13032,4,"<2.2e-16",0.074,4546.8,"<",13556,4,"<2.2e-16",0.077,4507,"<",8033.3,4,"<2.2e-16",0.046,4613.9,"<"
700,"ex700","faces_ex700.lst",3,"Negative binomial","(v)","(v)","(v)",0.04856,0.05486,0.04625,0.04668,0.04571,0.3326,0.3771,0.321,0.3245,0.3173,0.10319,0.11539,0.09632,0.0971,0.09506,16658,4,"<2.2e-16",0.095,2162.5,"<",16611,4,"<2.2e-16",0.095,2926.3,"<",9881.5,4,"<2.2e-16",0.056,1368,"<"
701,"ex701","faces_ex701.lst",3,"Negative binomial","(v)","(v)","(v)",0.03255,0.03906,0.03308,0.03321,0.0322,0.2257,0.2701,0.2303,0.2317,0.224,0.06751,0.08125,0.06838,0.06847,0.06642,24028,4,"<2.2e-16",0.137,4830,"<",24125,4,"<2.2e-16",0.138,6399,"<",15578,4,"<2.2e-16",0.089,2974.4,"<"
702,"ex702","faces_ex702.lst",3,"Negative binomial","(v)","(v)","(v)",0.049,0.0274,0.0235,0.0236,0.023,0.305,0.189,0.164,0.165,0.16,0.1214,0.057,0.0485,0.0485,0.0474,12891,4,"<2.2e-16",0.074,4354.3,"<",12948,4,"<2.2e-16",0.074,4310.2,"<",7980.9,4,"<2.2e-16",0.046,4417.3,"<"
703,"ex703","faces_ex703.lst",3,"Negative binomial","(i)","(i)","(i)",0.07437,0.09833,0.0795,0.08123,0.07473,0.5071,0.661,0.5396,0.5569,0.5093,0.1584,0.2151,0.1715,0.1736,0.1593,32529,4,"<2.2e-16",0.186,10833,"<",35134,4,"<2.2e-16",0.201,14226,"<",20691,4,"<2.2e-16",0.118,6907.1,"<"
704,"ex704","faces_ex704.lst",3,"Negative binomial","(i)","(i)","(i)",0.05189,0.06719,0.05824,0.05834,0.05225,0.3581,0.4602,0.3991,0.4051,0.3603,0.1078,0.1413,0.1232,0.1212,0.1087,39171,4,"<2.2e-16",0.224,11956,"<",39347,4,"<2.2e-16",0.225,14020,"<",26729,4,"<2.2e-16",0.153,7473.9,"<"
705,"ex705","faces_ex705.lst",3,"Negative binomial","(i)","(i)","(i)",0.03828,0.04434,0.042,0.04196,0.03851,0.2657,0.3058,0.2894,0.2929,0.267,0.07948,0.09214,0.08782,0.08616,0.08001,18640,4,"<2.2e-16",0.106,6058.6,"<",18305,4,"<2.2e-16",0.105,6390.6,"<",11467,4,"<2.2e-16",0.066,3451.8,"<"
706,"ex706","faces_ex706.lst",3,"Negative binomial","(i)","(i)","(i)",0.07459,0.09828,0.07977,0.08145,0.07496,0.5087,0.6617,0.5416,0.5586,0.5109,0.1587,0.2145,0.172,0.1739,0.1597,32470,4,"<2.2e-16",0.186,11006,"<",35455,4,"<2.2e-16",0.203,14464,"<",20746,4,"<2.2e-16",0.119,6959.7,"<"
707,"ex707","faces_ex707.lst",3,"Negative binomial","(i)","(i)","(i)",0.0521,0.06748,0.05856,0.05863,0.05246,0.3596,0.4622,0.4014,0.4071,0.3618,0.1082,0.1418,0.1238,0.1217,0.1091,39598,4,"<2.2e-16",0.226,11839,"<",40194,4,"<2.2e-16",0.23,14054,"<",26884,4,"<2.2e-16",0.154,7362.5,"<"
708,"ex708","faces_ex708.lst",3,"Negative binomial","(i)","(i)","(i)",0.0383,0.04439,0.04205,0.042,0.03855,0.266,0.3066,0.29,0.2932,0.2675,0.0794,0.09208,0.08777,0.08616,0.07997,18512,4,"<2.2e-16",0.106,6051.2,"<",18335,4,"<2.2e-16",0.105,6420.3,"<",11217,4,"<2.2e-16",0.064,3444.8,"<"
709,"ex709","faces_ex709.lst",3,"Negative binomial","(i)","(i)","(i)",0.07629,0.1002,0.08175,0.08316,0.07656,0.5196,0.6739,0.5549,0.5708,0.5213,0.1628,0.2193,0.1767,0.1777,0.1635,32438,4,"<2.2e-16",0.185,10795,"<",35553,4,"<2.2e-16",0.203,14201,"<",20959,4,"<2.2e-16",0.12,6860.4,"<"
710,"ex710","faces_ex710.lst",3,"Negative binomial","(i)","(i)","(i)",0.05309,0.06856,0.05987,0.05948,0.05342,0.3669,0.4696,0.4111,0.4139,0.3689,0.1102,0.1442,0.1264,0.1232,0.111,38307,4,"<2.2e-16",0.219,11419,"<",38646,4,"<2.2e-16",0.221,13384,"<",26183,4,"<2.2e-16",0.15,7187.9,"<"
711,"ex711","faces_ex711.lst",3,"Negative binomial","(i)","(i)","(i)",0.03895,0.04497,0.04315,0.0428,0.03918,0.2703,0.3106,0.2978,0.2992,0.2717,0.08077,0.09327,0.09013,0.08769,0.08127,18838,4,"<2.2e-16",0.108,5836.2,"<",19037,4,"<2.2e-16",0.109,6341,"<",11400,4,"<2.2e-16",0.065,3332,"<"
712,"ex712","faces_ex712.lst",3,"Negative binomial","(i)","(i)","(i)",0.07178,0.09472,0.0778,0.079,0.07223,0.4873,0.635,0.5271,0.5389,0.49,0.1533,0.207,0.168,0.1694,0.1545,35987,4,"<2.2e-16",0.206,10190,"<",38078,4,"<2.2e-16",0.218,13479,"<",22747,4,"<2.2e-16",0.13,6447.1,"<"
713,"ex713","faces_ex713.lst",3,"Negative binomial","(i)","(i)","(i)",0.05001,0.06518,0.05647,0.05676,0.05043,0.3437,0.4438,0.3867,0.3926,0.3463,0.1044,0.1378,0.1194,0.1184,0.1054,41240,4,"<2.2e-16",0.236,11819,"<",41662,4,"<2.2e-16",0.238,13983,"<",28084,4,"<2.2e-16",0.16,7380.9,"<"
714,"ex714","faces_ex714.lst",3,"Negative binomial","(i)","(i)","(i)",0.03717,0.04317,0.04059,0.0409,0.03745,0.2572,0.2966,0.2797,0.2848,0.2589,0.07754,0.09012,0.08468,0.08412,0.07819,18821,4,"<2.2e-16",0.108,6133,"<",18388,4,"<2.2e-16",0.105,6480.7,"<",11129,4,"<2.2e-16",0.064,3380.5,"<"
715,"ex715","faces_ex715.lst",3,"Negative binomial","(i)","(i)","(i)",0.07206,0.09508,0.07817,0.07932,0.07252,0.4891,0.637,0.5296,0.5412,0.4919,0.1541,0.2082,0.169,0.1702,0.1553,35763,4,"<2.2e-16",0.204,10115,"<",38387,4,"<2.2e-16",0.219,13345,"<",22504,4,"<2.2e-16",0.129,6444.8,"<"
716,"ex716","faces_ex716.lst",3,"Negative binomial","(i)","(i)","(i)",0.05018,0.06491,0.05648,0.05672,0.05049,0.3449,0.4429,0.387,0.3926,0.3467,0.1048,0.1367,0.1193,0.1182,0.1054,39965,4,"<2.2e-16",0.228,11654,"<",40938,4,"<2.2e-16",0.234,13883,"<",26925,4,"<2.2e-16",0.154,7155.5,"<"
717,"ex717","faces_ex717.lst",3,"Negative binomial","(i)","(i)","(i)",0.03722,0.0432,0.04062,0.04094,0.03747,0.2576,0.297,0.2799,0.2849,0.2591,0.0777,0.09025,0.08478,0.08428,0.07827,18569,4,"<2.2e-16",0.106,6164.2,"<",18201,4,"<2.2e-16",0.104,6508.2,"<",11056,4,"<2.2e-16",0.063,3419.7,"<"
718,"ex718","faces_ex718.lst",3,"Negative binomial","(i)","(i)","(i)",0.07297,0.09565,0.07903,0.08003,0.07335,0.4954,0.6418,0.5358,0.5466,0.4977,0.1561,0.2091,0.1709,0.1718,0.1572,34329,4,"<2.2e-16",0.196,10026,"<",37233,4,"<2.2e-16",0.213,13290,"<",21733,4,"<2.2e-16",0.124,6288.1,"<"
719,"ex719","faces_ex719.lst",3,"Negative binomial","(i)","(i)","(i)",0.05076,0.06585,0.05731,0.05743,0.05116,0.3496,0.4493,0.3934,0.3981,0.3521,0.1057,0.1388,0.1208,0.1193,0.1066,39717,4,"<2.2e-16",0.227,11863,"<",40458,4,"<2.2e-16",0.231,13781,"<",27212,4,"<2.2e-16",0.155,7440,"<"
720,"ex720","faces_ex720.lst",3,"Negative binomial","(i)","(i)","(i)",0.03754,0.0436,0.04116,0.04126,0.03783,0.2601,0.3,0.2841,0.2877,0.2619,0.07823,0.09095,0.08579,0.0848,0.07882,19077,4,"<2.2e-16",0.109,6175.4,"<",18749,4,"<2.2e-16",0.107,6501.3,"<",11292,4,"<2.2e-16",0.065,3504.7,"<"
721,"ex721","faces_ex721.lst",3,"Negative binomial","(i)","(i)","(i)",0.07048,0.09285,0.07709,0.07785,0.07095,0.4765,0.6203,0.5222,0.5296,0.4794,0.1513,0.2034,0.1666,0.1674,0.1524,36586,4,"<2.2e-16",0.209,9856.6,"<",39413,4,"<2.2e-16",0.225,12972,"<",21579,4,"<2.2e-16",0.123,6232.3,"<"
722,"ex722","faces_ex722.lst",3,"Negative binomial","(i)","(i)","(i)",0.04918,0.06399,0.05556,0.05591,0.04956,0.3373,0.4347,0.381,0.386,0.3395,0.1029,0.1354,0.117,0.1166,0.1037,41710,4,"<2.2e-16",0.238,11835,"<",42363,4,"<2.2e-16",0.242,13875,"<",28358,4,"<2.2e-16",0.162,7410.8,"<"
723,"ex723","faces_ex723.lst",3,"Negative binomial","(i)","(i)","(i)",0.03653,0.04243,0.0399,0.04029,0.03683,0.2522,0.291,0.2751,0.2797,0.2541,0.07654,0.08882,0.08318,0.08315,0.0772,19179,4,"<2.2e-16",0.11,6145,"<",19229,4,"<2.2e-16",0.11,6561.1,"<",11063,4,"<2.2e-16",0.063,3311.5,"<"
724,"ex724","faces_ex724.lst",3,"Negative binomial","(i)","(i)","(i)",0.07035,0.09304,0.07707,0.07784,0.07086,0.4764,0.6215,0.5223,0.5299,0.4794,0.1506,0.2039,0.1664,0.1673,0.1519,37166,4,"<2.2e-16",0.212,9850.7,"<",39961,4,"<2.2e-16",0.228,12900,"<",22512,4,"<2.2e-16",0.129,6314.9,"<"
725,"ex725","faces_ex725.lst",3,"Negative binomial","(i)","(i)","(i)",0.04917,0.06396,0.05557,0.0559,0.04953,0.3373,0.4349,0.381,0.3858,0.3394,0.1029,0.1352,0.1172,0.1168,0.1037,41340,4,"<2.2e-16",0.236,11738,"<",42142,4,"<2.2e-16",0.241,13921,"<",27970,4,"<2.2e-16",0.16,7265.6,"<"
726,"ex726","faces_ex726.lst",3,"Negative binomial","(i)","(i)","(i)",0.03655,0.04246,0.03987,0.04029,0.03686,0.2525,0.291,0.275,0.2798,0.2543,0.07665,0.08897,0.08304,0.08307,0.07731,19559,4,"<2.2e-16",0.112,6244.1,"<",19208,4,"<2.2e-16",0.11,6545.7,"<",11040,4,"<2.2e-16",0.063,3368.5,"<"
727,"ex727","faces_ex727.lst",3,"Negative binomial","(i)","(i)","(i)",0.07098,0.09334,0.07749,0.07818,0.0714,0.4809,0.624,0.5257,0.5328,0.4834,0.152,0.2045,0.1672,0.1678,0.153,35756,4,"<2.2e-16",0.204,9875,"<",38183,4,"<2.2e-16",0.218,12818,"<",21340,4,"<2.2e-16",0.122,6351.2,"<"
728,"ex728","faces_ex728.lst",3,"Negative binomial","(i)","(i)","(i)",0.04939,0.06414,0.05575,0.05603,0.0497,0.3389,0.4368,0.3828,0.3872,0.3407,0.1032,0.1354,0.1173,0.1168,0.1039,40774,4,"<2.2e-16",0.233,11711,"<",41587,4,"<2.2e-16",0.238,13929,"<",27263,4,"<2.2e-16",0.156,7259.3,"<"
729,"ex729","faces_ex729.lst",3,"Negative binomial","(i)","(i)","(i)",0.03674,0.04263,0.0402,0.04055,0.03707,0.2537,0.2924,0.2773,0.2818,0.2557,0.07696,0.08935,0.08378,0.08364,0.0777,19318,4,"<2.2e-16",0.11,6101.6,"<",19622,4,"<2.2e-16",0.112,6514.2,"<",10933,4,"<2.2e-16",0.062,3350.9,"<"
