"experiment","folder","file","distribution_code","distribution","rmse_best","l1_best","linf_best","rmse_i","rmse_ii","rmse_iii","rmse_iv","rmse_v","l1_i","l1_ii","l1_iii","l1_iv","l1_v","linf_i","linf_ii","linf_iii","linf_iv","linf_v","rmse_friedman_chisq","rmse_friedman_df","rmse_friedman_p","rmse_kendall_w","rmse_anova_f","rmse_anova_p","l1_friedman_chisq","l1_friedman_df","l1_friedman_p","l1_kendall_w","l1_anova_f","l1_anova_p","linf_friedman_chisq","linf_friedman_df","linf_friedman_p","linf_kendall_w","linf_anova_f","linf_anova_p"
1,"ex1","faces_ex1.lst",1,"Poisson","(iii)","(iii)","(iii)",0.0928,0.1165,0.0898,0.0942,0.0934,0.25,0.315,0.242,0.254,0.252,0.125,0.157,0.121,0.127,0.126,87.792,4,"<2.2e-16",0.067,38.299,"<",85.845,4,"<2.2e-16",0.065,38.459,"<",85.845,4,"<2.2e-16",0.065,38.459,"<"
2,"ex2","faces_ex2.lst",1,"Poisson","(iii)","(iii)","(iii)",0.0701,0.0774,0.0635,0.0659,0.0652,0.19,0.208,0.172,0.179,0.177,0.0952,0.1042,0.086,0.0895,0.0884,39.11,4,"=6.61e-08",0.03,18.345,"1.116e-14",35.973,4,"=2.93e-07",0.027,16.79,"1.969e-13",35.973,4,"=2.93e-07",0.027,16.79,"1.969e-13"
3,"ex3","faces_ex3.lst",1,"Poisson","(iii)","(iii)","(iii)",0.0463,0.0609,0.046,0.0474,0.0465,0.125,0.164,0.124,0.128,0.126,0.0624,0.0819,0.0619,0.064,0.0628,58.805,4,"=5.171e-12",0.045,67.182,"<",53.278,4,"=7.455e-11",0.04,66.166,"<",53.278,4,"=7.455e-11",0.04,66.166,"<"
4,"ex4","faces_ex4.lst",1,"Poisson","(iii)","(iii)","(iii)",0.0968,0.1117,0.0937,0.0969,0.097,0.261,0.303,0.253,0.263,0.262,0.131,0.151,0.127,0.131,0.131,36.623,4,"=2.154e-07",0.028,14.405,"1.623e-11",47.571,4,"=1.16e-09",0.036,14.453,"1.487e-11",47.571,4,"=1.16e-09",0.036,14.453,"1.487e-11"
5,"ex5","faces_ex5.lst",1,"Poisson","(iii)","(iii)","(iii)",0.0686,0.0809,0.0637,0.0662,0.0653,0.185,0.218,0.172,0.179,0.176,0.0926,0.1088,0.086,0.0893,0.088,51.193,4,"=2.035e-10",0.039,24.127,"<",59.421,4,"=3.839e-12",0.045,22.468,"<",59.421,4,"=3.839e-12",0.045,22.468,"<"
6,"ex6","faces_ex6.lst",1,"Poisson","(iii)","(iii)","(iii)",0.0507,0.0646,0.0447,0.0465,0.0456,0.137,0.173,0.121,0.126,0.123,0.0685,0.0867,0.0604,0.0628,0.0615,70.739,4,"=1.584e-14",0.054,25.948,"<",66.752,4,"=1.1e-13",0.051,24.305,"<",66.752,4,"=1.1e-13",0.051,24.305,"<"
7,"ex7","faces_ex7.lst",1,"Poisson","(iii)","(iii)","(iii)",0.105,0.114,0.102,0.104,0.105,0.284,0.306,0.274,0.281,0.284,0.142,0.153,0.137,0.14,0.142,30.645,4,"=3.617e-06",0.023,8.3926,"1.1e-06",33.743,4,"=8.413e-07",0.026,7.9456,"2.503e-06",33.743,4,"=8.413e-07",0.026,7.9456,"2.503e-06"
8,"ex8","faces_ex8.lst",1,"Poisson","(iii)","(iii)","(iii)",0.0782,0.0841,0.0706,0.0726,0.0718,0.211,0.227,0.19,0.196,0.193,0.1054,0.1133,0.0951,0.0978,0.0966,55.886,4,"=2.119e-11",0.042,11.526,"3.366e-09",50.046,4,"=3.532e-10",0.038,11.243,"5.682e-09",50.046,4,"=3.532e-10",0.038,11.243,"5.682e-09"
9,"ex9","faces_ex9.lst",1,"Poisson","(iii)","(iii)","(iii)",0.0585,0.0612,0.05,0.0506,0.051,0.158,0.165,0.135,0.136,0.137,0.0791,0.0823,0.0673,0.0682,0.0686,18.555,4,"=0.0009609",0.014,10.478,"2.342e-08",17.006,4,"=0.001928",0.013,10.131,"4.449e-08",17.006,4,"=0.001928",0.013,10.131,"4.449e-08"
10,"ex10","faces_ex10.lst",1,"Poisson","(iii)","(iii)","(iii)",0.0841,0.0946,0.0813,0.0833,0.0852,0.227,0.256,0.219,0.225,0.229,0.114,0.128,0.11,0.112,0.115,73.624,4,"=3.893e-15",0.056,16.297,"4.895e-13",68.514,4,"=4.673e-14",0.052,17.296,"7.726e-14",68.514,4,"=4.673e-14",0.052,17.296,"7.726e-14"
11,"ex11","faces_ex11.lst",1,"Poisson","(iii)","(iii)","(iii)",0.0649,0.0694,0.0557,0.0565,0.0565,0.176,0.187,0.15,0.153,0.153,0.0881,0.0937,0.0752,0.0763,0.0764,62.47,4,"=8.772e-13",0.047,17.927,"2.413e-14",58.941,4,"=4.843e-12",0.045,17.565,"4.704e-14",58.941,4,"=4.843e-12",0.045,17.565,"4.704e-14"
12,"ex12","faces_ex12.lst",1,"Poisson","(iii)","(iii)","(iii)",0.0447,0.0498,0.0393,0.0398,0.0408,0.122,0.134,0.106,0.108,0.111,0.0608,0.0671,0.0532,0.0539,0.0555,64.71,4,"=2.961e-13",0.049,10.243,"3.613e-08",58.087,4,"=7.316e-12",0.044,9.1623,"2.663e-07",58.087,4,"=7.316e-12",0.044,9.1623,"2.663e-07"
13,"ex13","faces_ex13.lst",1,"Poisson","(iii)","(iii)","(iii)",0.0815,0.1003,0.079,0.0808,0.081,0.219,0.27,0.213,0.218,0.218,0.11,0.135,0.106,0.109,0.109,37.913,4,"=1.168e-07",0.029,34.402,"<",42.083,4,"=1.603e-08",0.032,32.984,"<",42.083,4,"=1.603e-08",0.032,32.984,"<"
14,"ex14","faces_ex14.lst",1,"Poisson","(iii)","(iii)","(iii)",0.0602,0.0694,0.055,0.0557,0.0554,0.163,0.187,0.148,0.15,0.149,0.0813,0.0936,0.074,0.0751,0.0747,50.713,4,"=2.563e-10",0.038,24.498,"<",39.915,4,"=4.507e-08",0.03,23.562,"<",39.915,4,"=4.507e-08",0.03,23.562,"<"
15,"ex15","faces_ex15.lst",1,"Poisson","(iii)","(iii)","(iii)",0.0525,0.0505,0.0413,0.0417,0.0413,0.142,0.136,0.111,0.112,0.111,0.0708,0.0682,0.0556,0.0561,0.0556,29.736,4,"=5.54e-06",0.023,10.581,"1.934e-08",29.268,4,"=6.897e-06",0.022,10.385,"2.78e-08",29.268,4,"=6.897e-06",0.022,10.385,"2.78e-08"
16,"ex16","faces_ex16.lst",1,"Poisson","(iii)","(iii)","(iii)",0.0853,0.0983,0.0836,0.0858,0.0853,0.23,0.265,0.226,0.231,0.23,0.115,0.132,0.113,0.116,0.115,46.742,4,"=1.726e-09",0.035,16.465,"3.59e-13",45.234,4,"=3.555e-09",0.034,16.382,"4.186e-13",45.234,4,"=3.555e-09",0.034,16.382,"4.186e-13"
17,"ex17","faces_ex17.lst",1,"Poisson","(iii)","(iii)","(iii)",0.0728,0.076,0.0633,0.0642,0.0638,0.197,0.205,0.171,0.173,0.172,0.0986,0.1024,0.0853,0.0865,0.086,25.721,4,"=3.602e-05",0.019,14.307,"1.947e-11",27.372,4,"=1.672e-05",0.021,14.045,"3.162e-11",27.372,4,"=1.672e-05",0.021,14.045,"3.162e-11"
18,"ex18","faces_ex18.lst",1,"Poisson","(iv)","(iii)","(iv)",0.0534,0.0543,0.043,0.0428,0.0446,0.144,0.146,0.116,0.116,0.12,0.0721,0.073,0.058,0.0578,0.0601,50.17,4,"=3.328e-10",0.038,9.1108,"2.928e-07",42.558,4,"=1.278e-08",0.032,8.7364,"5.841e-07",42.558,4,"=1.278e-08",0.032,8.7364,"5.841e-07"
19,"ex19","faces_ex19.lst",1,"Poisson","(iii)","(iii)","(iii)",0.0723,0.0859,0.0717,0.0728,0.0724,0.195,0.23,0.193,0.196,0.195,0.0973,0.1151,0.0963,0.0979,0.0975,61.445,4,"=1.441e-12",0.047,20.691,"<",54.339,4,"=4.468e-11",0.041,21.13,"<",54.339,4,"=4.468e-11",0.041,21.13,"<"
20,"ex20","faces_ex20.lst",1,"Poisson","(iii)","(iii)","(iii)",0.0624,0.0602,0.0514,0.0517,0.0516,0.169,0.161,0.139,0.139,0.139,0.0846,0.0805,0.0693,0.0696,0.0695,33.142,4,"=1.117e-06",0.025,13.781,"5.157e-11",30.364,4,"=4.127e-06",0.023,13.533,"8.169e-11",30.364,4,"=4.127e-06",0.023,13.533,"8.169e-11"
21,"ex21","faces_ex21.lst",1,"Poisson","(v)","(iv)","(iii)",0.0478,0.0487,0.0369,0.0369,0.0368,0.1304,0.1327,0.0999,0.0997,0.0997,0.0652,0.0663,0.0499,0.0499,0.0499,16.211,4,"=0.002749",0.012,7.7254,"3.751e-06",14.432,4,"=0.006038",0.011,7.6451,"4.346e-06",14.432,4,"=0.006038",0.011,7.6451,"4.346e-06"
22,"ex22","faces_ex22.lst",1,"Poisson","(iii)","(iii)","(iii)",0.0744,0.0832,0.0734,0.0741,0.0744,0.2,0.224,0.197,0.199,0.2,0.0999,0.1118,0.0985,0.0994,0.0999,46.844,4,"=1.644e-09",0.035,15.767,"1.305e-12",48.744,4,"=6.602e-10",0.037,15.561,"1.911e-12",48.744,4,"=6.602e-10",0.037,15.561,"1.911e-12"
23,"ex23","faces_ex23.lst",1,"Poisson","(iii)","(iii)","(iii)",0.0657,0.0621,0.0518,0.0522,0.0522,0.179,0.168,0.14,0.141,0.141,0.0894,0.0838,0.0701,0.0706,0.0704,39.709,4,"=4.971e-08",0.03,19.204,"2.292e-15",32.478,4,"=1.528e-06",0.025,18.841,"4.471e-15",32.478,4,"=1.528e-06",0.025,18.841,"4.471e-15"
24,"ex24","faces_ex24.lst",1,"Poisson","(iii)","(iii)","(iii)",0.0438,0.0442,0.0382,0.0383,0.0384,0.119,0.119,0.103,0.103,0.103,0.0593,0.0594,0.0515,0.0516,0.0517,25.944,4,"=3.247e-05",0.02,6.5135,"3.442e-05",22.272,4,"=0.000177",0.017,6.2271,"5.795e-05",22.272,4,"=0.000177",0.017,6.2271,"5.795e-05"
25,"ex25","faces_ex25.lst",1,"Poisson","(iii)","(iii)","(iii)",0.077,0.0878,0.0755,0.0765,0.0769,0.207,0.237,0.204,0.206,0.207,0.104,0.118,0.102,0.103,0.104,44.992,4,"=3.992e-09",0.034,22.829,"<",46.155,4,"=2.286e-09",0.035,23.048,"<",46.155,4,"=2.286e-09",0.035,23.048,"<"
26,"ex26","faces_ex26.lst",1,"Poisson","(iii)","(iii)","(iii)",0.0645,0.0604,0.0534,0.0537,0.0537,0.176,0.163,0.145,0.145,0.145,0.088,0.0815,0.0723,0.0727,0.0726,29.096,4,"=7.475e-06",0.022,13.336,"1.177e-10",29.079,4,"=7.535e-06",0.022,13.362,"1.121e-10",29.079,4,"=7.535e-06",0.022,13.362,"1.121e-10"
27,"ex27","faces_ex27.lst",1,"Poisson","(iii)","(iii)","(iii)",0.044,0.0447,0.0352,0.0353,0.0355,0.1188,0.121,0.0945,0.0947,0.0952,0.0594,0.0605,0.0473,0.0473,0.0476,25.971,4,"=3.207e-05",0.02,7.4713,"5.978e-06",25.428,4,"=4.126e-05",0.019,7.7675,"3.472e-06",25.428,4,"=4.126e-05",0.019,7.7675,"3.472e-06"
28,"ex28","faces_ex28.lst",1,"Poisson","(iii)","(iii)","(iii)",0.11,0.137,0.108,0.11,0.11,0.296,0.369,0.292,0.298,0.298,0.148,0.185,0.146,0.149,0.149,53.028,4,"=8.408e-11",0.04,49.98,"<",52.528,4,"=1.069e-10",0.04,49.074,"<",52.528,4,"=1.069e-10",0.04,49.074,"<"
29,"ex29","faces_ex29.lst",1,"Poisson","(iii)","(iii)","(iii)",0.0795,0.096,0.0769,0.078,0.0778,0.215,0.258,0.207,0.21,0.21,0.107,0.129,0.103,0.105,0.105,39.292,4,"=6.063e-08",0.03,34.13,"<",39.595,4,"=5.248e-08",0.03,31.905,"<",39.595,4,"=5.248e-08",0.03,31.905,"<"
30,"ex30","faces_ex30.lst",1,"Poisson","(v)","(iii)","(v)",0.0579,0.0727,0.0554,0.0558,0.0553,0.157,0.197,0.15,0.151,0.15,0.0786,0.0983,0.075,0.0753,0.0749,57.857,4,"=8.177e-12",0.044,26.056,"<",60.521,4,"=2.254e-12",0.046,25.351,"<",60.521,4,"=2.254e-12",0.046,25.351,"<"
31,"ex31","faces_ex31.lst",1,"Poisson","(iii)","(iii)","(iii)",0.109,0.13,0.107,0.11,0.109,0.294,0.352,0.287,0.297,0.293,0.147,0.176,0.143,0.148,0.146,52.434,4,"=1.119e-10",0.04,27.881,"<",52.187,4,"=1.261e-10",0.04,28.762,"<",52.187,4,"=1.261e-10",0.04,28.762,"<"
32,"ex32","faces_ex32.lst",1,"Poisson","(iii)","(iii)","(i)",0.0772,0.0961,0.0767,0.0788,0.0773,0.209,0.259,0.207,0.213,0.209,0.104,0.13,0.104,0.107,0.104,50.844,4,"=2.407e-10",0.039,39.743,"<",42.041,4,"=1.636e-08",0.032,39.154,"<",42.041,4,"=1.636e-08",0.032,39.154,"<"
33,"ex33","faces_ex33.lst",1,"Poisson","(iii)","(i)","(iii)",0.0545,0.0736,0.0544,0.0549,0.0546,0.147,0.198,0.147,0.148,0.147,0.0735,0.0992,0.0733,0.0741,0.0736,121.42,4,"<2.2e-16",0.092,74.163,"<",118.29,4,"<2.2e-16",0.09,73.708,"<",118.29,4,"<2.2e-16",0.09,73.708,"<"
34,"ex34","faces_ex34.lst",1,"Poisson","(iii)","(iii)","(iii)",0.115,0.139,0.113,0.114,0.115,0.309,0.374,0.305,0.307,0.31,0.155,0.187,0.153,0.154,0.155,26.669,4,"=2.319e-05",0.02,31.232,"<",26.16,4,"=2.938e-05",0.02,31.889,"<",26.16,4,"=2.938e-05",0.02,31.889,"<"
35,"ex35","faces_ex35.lst",1,"Poisson","(i)","(i)","(i)",0.0873,0.1063,0.0881,0.0876,0.0873,0.233,0.285,0.236,0.235,0.234,0.117,0.142,0.118,0.118,0.117,47.239,4,"=1.36e-09",0.036,32.404,"<",45.333,4,"=3.389e-09",0.034,32.695,"<",45.333,4,"=3.389e-09",0.034,32.695,"<"
36,"ex36","faces_ex36.lst",1,"Poisson","(v)","(v)","(v)",0.0579,0.0745,0.0569,0.0573,0.0562,0.156,0.2,0.153,0.155,0.151,0.0779,0.1002,0.0767,0.0773,0.0756,70.795,4,"=1.542e-14",0.054,34.68,"<",64.812,4,"=2.819e-13",0.049,33.135,"<",64.812,4,"=2.819e-13",0.049,33.135,"<"
37,"ex37","faces_ex37.lst",1,"Poisson","(i)","(i)","(i)",0.102,0.128,0.102,0.104,0.102,0.276,0.343,0.276,0.281,0.277,0.138,0.171,0.138,0.141,0.139,78.349,4,"=3.896e-16",0.059,50.809,"<",66.339,4,"=1.343e-13",0.05,46.617,"<",66.339,4,"=1.343e-13",0.05,46.617,"<"
38,"ex38","faces_ex38.lst",1,"Poisson","(v)","(v)","(v)",0.0765,0.0886,0.0746,0.0751,0.0744,0.207,0.238,0.201,0.203,0.2,0.103,0.119,0.101,0.101,0.1,29.835,4,"=5.288e-06",0.023,21.72,"<",24.684,4,"=5.824e-05",0.019,20.473,"<",24.684,4,"=5.824e-05",0.019,20.473,"<"
39,"ex39","faces_ex39.lst",1,"Poisson","(iii)","(iii)","(iii)",0.0574,0.0666,0.0512,0.052,0.0513,0.155,0.179,0.138,0.14,0.138,0.0774,0.0896,0.0689,0.07,0.0692,69.016,4,"=3.662e-14",0.052,20.381,"2.628e-16",68.305,4,"=5.172e-14",0.052,19.78,"7.925e-16",68.305,4,"=5.172e-14",0.052,19.78,"7.925e-16"
40,"ex40","faces_ex40.lst",1,"Poisson","(iii)","(iii)","(iii)",0.102,0.121,0.101,0.103,0.102,0.276,0.324,0.271,0.278,0.275,0.138,0.162,0.136,0.139,0.138,51.04,4,"=2.19e-10",0.039,35.657,"<",53.765,4,"=5.894e-11",0.041,33.748,"<",53.765,4,"=5.894e-11",0.041,33.748,"<"
41,"ex41","faces_ex41.lst",1,"Poisson","(iii)","(iii)","(iii)",0.0719,0.0885,0.069,0.0699,0.0694,0.194,0.239,0.185,0.188,0.187,0.097,0.1196,0.0926,0.094,0.0936,69.67,4,"=2.664e-14",0.053,28.877,"<",86.407,4,"<2.2e-16",0.065,29.114,"<",86.407,4,"<2.2e-16",0.065,29.114,"<"
42,"ex42","faces_ex42.lst",1,"Poisson","(iii)","(iii)","(iii)",0.0505,0.0627,0.0489,0.0493,0.0493,0.136,0.168,0.131,0.132,0.132,0.0681,0.0841,0.0656,0.0661,0.0662,88.752,4,"<2.2e-16",0.067,31.189,"<",81.481,4,"<2.2e-16",0.062,30.134,"<",81.481,4,"<2.2e-16",0.062,30.134,"<"
43,"ex43","faces_ex43.lst",1,"Poisson","(i)","(iii)","(iii)",0.104,0.125,0.104,0.105,0.105,0.281,0.337,0.28,0.283,0.282,0.141,0.168,0.14,0.141,0.141,28.796,4,"=8.598e-06",0.022,31.22,"<",35.117,4,"=4.394e-07",0.027,30.624,"<",35.117,4,"=4.394e-07",0.027,30.624,"<"
44,"ex44","faces_ex44.lst",1,"Poisson","(v)","(v)","(v)",0.0816,0.0933,0.0784,0.0781,0.0774,0.219,0.25,0.211,0.21,0.208,0.11,0.125,0.105,0.105,0.104,35.886,4,"=3.054e-07",0.027,21.675,"<",33.459,4,"=9.618e-07",0.025,20.758,"<",33.459,4,"=9.618e-07",0.025,20.758,"<"
45,"ex45","faces_ex45.lst",1,"Poisson","(iv)","(iv)","(iv)",0.0554,0.0698,0.0535,0.0527,0.053,0.149,0.188,0.144,0.142,0.143,0.0745,0.0938,0.0721,0.0711,0.0713,58.398,4,"=6.297e-12",0.044,27.983,"<",56.599,4,"=1.502e-11",0.043,28.212,"<",56.599,4,"=1.502e-11",0.043,28.212,"<"
46,"ex46","faces_ex46.lst",1,"Poisson","(iii)","(iii)","(iii)",0.0976,0.1094,0.0958,0.0961,0.0972,0.264,0.295,0.259,0.26,0.263,0.132,0.148,0.129,0.13,0.131,38.405,4,"=9.245e-08",0.029,18.3,"1.213e-14",35.328,4,"=3.977e-07",0.027,17.966,"2.244e-14",35.328,4,"=3.977e-07",0.027,17.966,"2.244e-14"
47,"ex47","faces_ex47.lst",1,"Poisson","(iii)","(iii)","(iii)",0.0681,0.0829,0.0649,0.0654,0.0653,0.184,0.223,0.175,0.176,0.176,0.0918,0.1114,0.0873,0.0881,0.088,85.636,4,"<2.2e-16",0.065,41.675,"<",77.384,4,"=6.236e-16",0.059,40.429,"<",77.384,4,"=6.236e-16",0.059,40.429,"<"
48,"ex48","faces_ex48.lst",1,"Poisson","(iv)","(iii)","(iv)",0.0525,0.0633,0.0487,0.0485,0.049,0.142,0.17,0.131,0.131,0.132,0.0708,0.0848,0.0655,0.0653,0.0658,41.641,4,"=1.98e-08",0.032,24.7,"<",41.576,4,"=2.042e-08",0.031,24.048,"<",41.576,4,"=2.042e-08",0.031,24.048,"<"
49,"ex49","faces_ex49.lst",1,"Poisson","(iii)","(iii)","(iii)",0.097,0.1145,0.0967,0.0978,0.0975,0.262,0.308,0.261,0.264,0.263,0.131,0.154,0.13,0.132,0.132,57.382,4,"=1.029e-11",0.043,32.072,"<",61.302,4,"=1.545e-12",0.046,31.304,"<",61.302,4,"=1.545e-12",0.046,31.304,"<"
50,"ex50","faces_ex50.lst",1,"Poisson","(iii)","(iii)","(iii)",0.0757,0.0856,0.068,0.0681,0.0682,0.205,0.229,0.183,0.183,0.184,0.1023,0.1147,0.0915,0.0916,0.0918,56.405,4,"=1.649e-11",0.043,26.616,"<",54.434,4,"=4.269e-11",0.041,24.947,"<",54.434,4,"=4.269e-11",0.041,24.947,"<"
51,"ex51","faces_ex51.lst",1,"Poisson","(iii)","(iii)","(iii)",0.0516,0.0578,0.0464,0.0464,0.0467,0.139,0.156,0.125,0.125,0.126,0.0697,0.078,0.0626,0.0626,0.063,28.206,4,"=1.133e-05",0.021,11.638,"2.733e-09",28.633,4,"=9.282e-06",0.022,11.218,"5.952e-09",28.633,4,"=9.282e-06",0.022,11.218,"5.952e-09"
52,"ex52","faces_ex52.lst",1,"Poisson","(iii)","(iii)","(iii)",0.0946,0.1041,0.0937,0.0949,0.0944,0.255,0.281,0.253,0.257,0.255,0.128,0.141,0.127,0.128,0.127,47.156,4,"=1.415e-09",0.036,9.831,"7.745e-08",39.072,4,"=6.733e-08",0.03,9.579,"1.234e-07",39.072,4,"=6.733e-08",0.03,9.579,"1.234e-07"
53,"ex53","faces_ex53.lst",1,"Poisson","(iii)","(iii)","(iii)",0.0744,0.0854,0.0706,0.0706,0.0709,0.2,0.23,0.19,0.19,0.19,0.1001,0.115,0.0949,0.0952,0.0951,46.036,4,"=2.42e-09",0.035,23.662,"<",48.259,4,"=8.333e-10",0.037,23.458,"<",48.259,4,"=8.333e-10",0.037,23.458,"<"
54,"ex54","faces_ex54.lst",1,"Poisson","(iii)","(iii)","(iv)",0.0519,0.0643,0.0503,0.0503,0.0508,0.14,0.173,0.135,0.135,0.137,0.0699,0.0867,0.0675,0.0674,0.0683,93.377,4,"<2.2e-16",0.071,40.465,"<",100.11,4,"<2.2e-16",0.076,40.596,"<",100.11,4,"<2.2e-16",0.076,40.596,"<"
55,"ex55","faces_ex55.lst",1,"Poisson","(i)","(i)","(i)",0.15,0.176,0.152,0.153,0.151,0.404,0.473,0.408,0.414,0.407,0.202,0.236,0.204,0.207,0.203,16.01,4,"=0.003006",0.012,18.467,"8.907e-15",19.37,4,"=0.0006648",0.015,18.462,"8.989e-15",19.37,4,"=0.0006648",0.015,18.462,"8.989e-15"
56,"ex56","faces_ex56.lst",1,"Poisson","(i)","(i)","(i)",0.108,0.136,0.109,0.109,0.109,0.291,0.365,0.293,0.295,0.293,0.146,0.182,0.147,0.147,0.146,55.423,4,"=2.649e-11",0.042,37.296,"<",49.232,4,"=5.224e-10",0.037,35.973,"<",49.232,4,"=5.224e-10",0.037,35.973,"<"
57,"ex57","faces_ex57.lst",1,"Poisson","(iii)","(iii)","(i)",0.0859,0.1128,0.0857,0.0863,0.0858,0.232,0.304,0.231,0.233,0.232,0.116,0.152,0.116,0.117,0.116,86.526,4,"<2.2e-16",0.066,63.736,"<",82.659,4,"<2.2e-16",0.063,61.726,"<",82.659,4,"<2.2e-16",0.063,61.726,"<"
58,"ex58","faces_ex58.lst",1,"Poisson","(iii)","(i)","(iii)",0.154,0.182,0.153,0.155,0.154,0.413,0.49,0.413,0.418,0.414,0.207,0.245,0.206,0.209,0.207,15.389,4,"=0.003959",0.012,21.992,"<",24.703,4,"=5.772e-05",0.019,22.808,"<",24.703,4,"=5.772e-05",0.019,22.808,"<"
59,"ex59","faces_ex59.lst",1,"Poisson","(i)","(i)","(i)",0.113,0.148,0.118,0.116,0.114,0.304,0.398,0.318,0.311,0.308,0.152,0.199,0.159,0.156,0.154,78.095,4,"=4.411e-16",0.059,40.236,"<",77.675,4,"=5.412e-16",0.059,40.716,"<",77.675,4,"=5.412e-16",0.059,40.716,"<"
60,"ex60","faces_ex60.lst",1,"Poisson","(iii)","(iii)","(iii)",0.0798,0.1084,0.0792,0.0809,0.0794,0.215,0.292,0.212,0.218,0.214,0.107,0.146,0.106,0.109,0.107,94.208,4,"<2.2e-16",0.071,71.607,"<",93.641,4,"<2.2e-16",0.071,71.322,"<",93.641,4,"<2.2e-16",0.071,71.322,"<"
61,"ex61","faces_ex61.lst",1,"Poisson","(iii)","(iii)","(iii)",0.155,0.188,0.154,0.155,0.156,0.419,0.505,0.416,0.418,0.42,0.21,0.252,0.208,0.209,0.21,29.321,4,"=6.726e-06",0.022,29.846,"<",28.701,4,"=8.992e-06",0.022,28.557,"<",28.701,4,"=8.992e-06",0.022,28.557,"<"
62,"ex62","faces_ex62.lst",1,"Poisson","(i)","(i)","(i)",0.111,0.141,0.114,0.111,0.111,0.299,0.38,0.307,0.3,0.3,0.15,0.19,0.153,0.15,0.15,59.789,4,"=3.213e-12",0.045,37.453,"<",63.867,4,"=4.458e-13",0.048,37.248,"<",63.867,4,"=4.458e-13",0.048,37.248,"<"
63,"ex63","faces_ex63.lst",1,"Poisson","(i)","(i)","(i)",0.0852,0.1097,0.0876,0.0873,0.0858,0.23,0.295,0.237,0.236,0.231,0.115,0.147,0.118,0.118,0.116,29.423,4,"=6.413e-06",0.022,38.987,"<",29.612,4,"=5.87e-06",0.022,37.279,"<",29.612,4,"=5.87e-06",0.022,37.279,"<"
64,"ex64","faces_ex64.lst",1,"Poisson","(iii)","(iii)","(iii)",0.151,0.172,0.148,0.148,0.15,0.405,0.463,0.398,0.398,0.404,0.202,0.231,0.199,0.199,0.202,17.851,4,"=0.00132",0.014,16.322,"4.673e-13",16.847,4,"=0.00207",0.013,17.279,"7.981e-14",16.847,4,"=0.00207",0.013,17.279,"7.981e-14"
65,"ex65","faces_ex65.lst",1,"Poisson","(iv)","(iv)","(i)",0.108,0.133,0.108,0.107,0.108,0.289,0.356,0.29,0.288,0.288,0.144,0.178,0.145,0.144,0.144,43.246,4,"=9.2e-09",0.033,35.925,"<",46.366,4,"=2.067e-09",0.035,34.734,"<",46.366,4,"=2.067e-09",0.035,34.734,"<"
66,"ex66","faces_ex66.lst",1,"Poisson","(i)","(i)","(i)",0.0814,0.1055,0.0826,0.0831,0.0827,0.22,0.284,0.222,0.224,0.223,0.11,0.142,0.111,0.112,0.112,94.805,4,"<2.2e-16",0.072,59.522,"<",101.28,4,"<2.2e-16",0.077,58.7,"<",101.28,4,"<2.2e-16",0.077,58.7,"<"
67,"ex67","faces_ex67.lst",1,"Poisson","(i)","(i)","(i)",0.15,0.173,0.151,0.151,0.151,0.403,0.467,0.407,0.407,0.406,0.201,0.233,0.204,0.203,0.203,11.862,4,"=0.01841",0.009,16.13,"6.666e-13",14.71,4,"=0.005341",0.011,16.026,"8.088e-13",14.71,4,"=0.005341",0.011,16.026,"8.088e-13"
68,"ex68","faces_ex68.lst",1,"Poisson","(v)","(v)","(v)",0.107,0.138,0.108,0.107,0.106,0.288,0.372,0.288,0.288,0.287,0.144,0.186,0.144,0.144,0.143,93.583,4,"<2.2e-16",0.071,58.082,"<",96.8,4,"<2.2e-16",0.073,58.541,"<",96.8,4,"<2.2e-16",0.073,58.541,"<"
69,"ex69","faces_ex69.lst",1,"Poisson","(i)","(iii)","(i)",0.0825,0.1022,0.0828,0.0834,0.083,0.223,0.275,0.222,0.224,0.224,0.111,0.138,0.111,0.112,0.112,50.16,4,"=3.344e-10",0.038,41.536,"<",58.793,4,"=5.202e-12",0.045,42.699,"<",58.793,4,"=5.202e-12",0.045,42.699,"<"
70,"ex70","faces_ex70.lst",1,"Poisson","(iii)","(v)","(v)",0.153,0.178,0.152,0.154,0.152,0.41,0.48,0.41,0.414,0.409,0.205,0.24,0.205,0.207,0.204,16.444,4,"=0.002478",0.012,22.047,"<",17.724,4,"=0.001397",0.013,22.456,"<",17.724,4,"=0.001397",0.013,22.456,"<"
71,"ex71","faces_ex71.lst",1,"Poisson","(i)","(i)","(i)",0.104,0.127,0.106,0.106,0.105,0.281,0.341,0.287,0.287,0.283,0.14,0.17,0.143,0.143,0.141,33.275,4,"=1.049e-06",0.025,29.759,"<",30.061,4,"=4.757e-06",0.023,28.139,"<",30.061,4,"=4.757e-06",0.023,28.139,"<"
72,"ex72","faces_ex72.lst",1,"Poisson","(iii)","(iii)","(iii)",0.081,0.1014,0.0792,0.0816,0.081,0.219,0.273,0.213,0.22,0.219,0.109,0.136,0.107,0.11,0.109,52.502,4,"=1.083e-10",0.04,41.192,"<",49.544,4,"=4.495e-10",0.038,40.595,"<",49.544,4,"=4.495e-10",0.038,40.595,"<"
73,"ex73","faces_ex73.lst",1,"Poisson","(i)","(i)","(i)",0.143,0.169,0.147,0.147,0.144,0.385,0.453,0.395,0.397,0.388,0.192,0.227,0.197,0.198,0.194,23.765,4,"=8.903e-05",0.018,17.146,"1.02e-13",23.886,4,"=8.419e-05",0.018,17.082,"1.148e-13",23.886,4,"=8.419e-05",0.018,17.082,"1.148e-13"
74,"ex74","faces_ex74.lst",1,"Poisson","(i)","(i)","(v)",0.108,0.13,0.111,0.112,0.108,0.291,0.349,0.301,0.301,0.291,0.146,0.174,0.15,0.151,0.145,38.999,4,"=6.97e-08",0.03,28.021,"<",44.407,4,"=5.28e-09",0.034,27.318,"<",44.407,4,"=5.28e-09",0.034,27.318,"<"
75,"ex75","faces_ex75.lst",1,"Poisson","(iii)","(iii)","(iii)",0.0767,0.103,0.076,0.0765,0.0772,0.208,0.278,0.205,0.207,0.209,0.104,0.139,0.102,0.103,0.104,67.823,4,"=6.537e-14",0.051,55.324,"<",70.681,4,"=1.63e-14",0.054,55.733,"<",70.681,4,"=1.63e-14",0.054,55.733,"<"
76,"ex76","faces_ex76.lst",1,"Poisson","(i)","(i)","(i)",0.14,0.166,0.142,0.143,0.14,0.377,0.448,0.383,0.383,0.377,0.189,0.224,0.192,0.192,0.189,22.44,4,"=0.0001638",0.017,22.971,"<",20.538,4,"=0.0003909",0.016,23.681,"<",20.538,4,"=0.0003909",0.016,23.681,"<"
77,"ex77","faces_ex77.lst",1,"Poisson","(i)","(i)","(i)",0.0987,0.1289,0.1006,0.1007,0.0991,0.266,0.347,0.27,0.271,0.267,0.133,0.174,0.135,0.135,0.134,82.771,4,"<2.2e-16",0.063,61.473,"<",85.738,4,"<2.2e-16",0.065,61.425,"<",85.738,4,"<2.2e-16",0.065,61.425,"<"
78,"ex78","faces_ex78.lst",1,"Poisson","(iii)","(iii)","(iii)",0.0771,0.1015,0.0758,0.077,0.0776,0.208,0.273,0.204,0.208,0.21,0.104,0.136,0.102,0.104,0.105,75.872,4,"=1.303e-15",0.057,64.083,"<",78,4,"=4.619e-16",0.059,62.321,"<",78,4,"=4.619e-16",0.059,62.321,"<"
79,"ex79","faces_ex79.lst",1,"Poisson","(i)","(i)","(i)",0.136,0.161,0.138,0.139,0.136,0.364,0.432,0.371,0.373,0.364,0.182,0.216,0.186,0.186,0.182,22.405,4,"=0.0001665",0.017,23.619,"<",20.395,4,"=0.0004172",0.015,24.111,"<",20.395,4,"=0.0004172",0.015,24.111,"<"
80,"ex80","faces_ex80.lst",1,"Poisson","(v)","(v)","(v)",0.0978,0.1308,0.1004,0.1004,0.0971,0.263,0.35,0.27,0.271,0.261,0.132,0.175,0.135,0.135,0.131,75.949,4,"=1.255e-15",0.058,61.424,"<",83.362,4,"<2.2e-16",0.063,58.261,"<",83.362,4,"<2.2e-16",0.063,58.261,"<"
81,"ex81","faces_ex81.lst",1,"Poisson","(iii)","(iii)","(iii)",0.0788,0.1001,0.0783,0.0792,0.0793,0.213,0.269,0.209,0.212,0.214,0.106,0.134,0.105,0.106,0.107,73.804,4,"=3.568e-15",0.056,47.707,"<",77.144,4,"=7.01e-16",0.058,47.425,"<",77.144,4,"=7.01e-16",0.058,47.425,"<"
82,"ex82","faces_ex82.lst",1,"Poisson","(iii)","(iii)","(iii)",0.0808,0.0902,0.0743,0.0762,0.0763,0.216,0.242,0.199,0.204,0.205,0.1081,0.1212,0.0995,0.1022,0.1023,65.035,4,"=2.53e-13",0.049,18.67,"6.131e-15",62.994,4,"=6.806e-13",0.048,19.755,"8.308e-16",62.994,4,"=6.806e-13",0.048,19.755,"8.308e-16"
83,"ex83","faces_ex83.lst",1,"Poisson","(iii)","(iii)","(iii)",0.0755,0.0648,0.05,0.0504,0.0504,0.205,0.175,0.135,0.136,0.136,0.1026,0.0875,0.0674,0.0679,0.068,73.804,4,"=3.568e-15",0.056,26.569,"<",67.091,4,"=9.328e-14",0.051,26.773,"<",67.091,4,"=9.328e-14",0.051,26.773,"<"
84,"ex84","faces_ex84.lst",1,"Poisson","(iii)","(iv)","(iii)",0.0378,0.0502,0.036,0.036,0.0362,0.1022,0.1359,0.0972,0.0971,0.0977,0.0511,0.0679,0.0486,0.0486,0.0489,87.101,4,"<2.2e-16",0.066,53.942,"<",89.244,4,"<2.2e-16",0.068,53.085,"<",89.244,4,"<2.2e-16",0.068,53.085,"<"
85,"ex85","faces_ex85.lst",1,"Poisson","(iii)","(iii)","(iii)",0.075,0.0909,0.0685,0.0703,0.0701,0.202,0.244,0.185,0.19,0.19,0.1012,0.122,0.0926,0.0952,0.0948,47.304,4,"=1.318e-09",0.036,18.105,"1.736e-14",42.674,4,"=1.209e-08",0.032,17.828,"2.896e-14",42.674,4,"=1.209e-08",0.032,17.828,"2.896e-14"
86,"ex86","faces_ex86.lst",1,"Poisson","(iii)","(iii)","(iii)",0.0752,0.0637,0.0506,0.0517,0.0511,0.205,0.171,0.136,0.139,0.137,0.1023,0.0857,0.0679,0.0696,0.0687,45.392,4,"=3.296e-09",0.034,26.761,"<",47.319,4,"=1.309e-09",0.036,26.86,"<",47.319,4,"=1.309e-09",0.036,26.86,"<"
87,"ex87","faces_ex87.lst",1,"Poisson","(iii)","(iii)","(iii)",0.0432,0.0521,0.0366,0.0374,0.0373,0.1168,0.1406,0.0992,0.1014,0.1013,0.0584,0.0703,0.0496,0.0507,0.0506,87.835,4,"<2.2e-16",0.067,15.589,"1.812e-12",83.491,4,"<2.2e-16",0.063,15.244,"3.436e-12",83.491,4,"<2.2e-16",0.063,15.244,"3.436e-12"
88,"ex88","faces_ex88.lst",1,"Poisson","(iii)","(iii)","(iii)",0.0817,0.0876,0.0752,0.0774,0.0767,0.221,0.237,0.204,0.21,0.207,0.11,0.119,0.102,0.105,0.104,55.828,4,"=2.179e-11",0.042,7.2009,"9.809e-06",33.77,4,"=8.308e-07",0.026,7.1334,"1.11e-05",33.77,4,"=8.308e-07",0.026,7.1334,"1.11e-05"
89,"ex89","faces_ex89.lst",1,"Poisson","(iii)","(iii)","(iii)",0.0716,0.0747,0.0564,0.0566,0.0566,0.194,0.201,0.152,0.152,0.152,0.0969,0.1006,0.0759,0.076,0.0761,59.006,4,"=4.692e-12",0.045,15.429,"2.44e-12",43.27,4,"=9.094e-09",0.033,15.101,"4.476e-12",43.27,4,"=9.094e-09",0.033,15.101,"4.476e-12"
90,"ex90","faces_ex90.lst",1,"Poisson","(iii)","(iii)","(iii)",0.0444,0.0537,0.0372,0.0375,0.0374,0.12,0.144,0.101,0.101,0.101,0.0602,0.0722,0.0503,0.0505,0.0505,24.133,4,"=7.511e-05",0.018,13.209,"1.487e-10",23.678,4,"=9.268e-05",0.018,12.74,"3.548e-10",23.678,4,"=9.268e-05",0.018,12.74,"3.548e-10"
91,"ex91","faces_ex91.lst",1,"Poisson","(iii)","(iii)","(iii)",0.072,0.0753,0.0659,0.0664,0.0664,0.193,0.202,0.177,0.178,0.178,0.0966,0.1012,0.0884,0.0892,0.0891,24.514,4,"=6.3e-05",0.019,6.7154,"2.382e-05",29.515,4,"=6.143e-06",0.022,6.9307,"1.608e-05",29.515,4,"=6.143e-06",0.022,6.9307,"1.608e-05"
92,"ex92","faces_ex92.lst",1,"Poisson","(iii)","(iii)","(iii)",0.071,0.0587,0.0418,0.042,0.0419,0.194,0.159,0.113,0.113,0.113,0.0969,0.0793,0.0564,0.0566,0.0565,67.333,4,"=8.292e-14",0.051,26.715,"<",63.013,4,"=6.742e-13",0.048,26.918,"<",63.013,4,"=6.742e-13",0.048,26.918,"<"
93,"ex93","faces_ex93.lst",1,"Poisson","(iii)","(iii)","(iii)",0.0401,0.0483,0.0314,0.0317,0.0315,0.1084,0.1305,0.0845,0.0855,0.085,0.0542,0.0653,0.0423,0.0427,0.0425,48.441,4,"=7.636e-10",0.037,10.501,"2.242e-08",43.336,4,"=8.814e-09",0.033,10.384,"2.787e-08",43.336,4,"=8.814e-09",0.033,10.384,"2.787e-08"
94,"ex94","faces_ex94.lst",1,"Poisson","(iii)","(iii)","(iii)",0.0639,0.0758,0.0633,0.0636,0.064,0.172,0.204,0.17,0.171,0.172,0.0861,0.102,0.0852,0.0856,0.0862,51.808,4,"=1.513e-10",0.039,31.895,"<",40.104,4,"=4.119e-08",0.03,32.449,"<",40.104,4,"=4.119e-08",0.03,32.449,"<"
95,"ex95","faces_ex95.lst",1,"Poisson","(iii)","(iii)","(iii)",0.0738,0.0595,0.0452,0.0455,0.0455,0.202,0.161,0.122,0.124,0.123,0.1011,0.0803,0.0612,0.0619,0.0617,71.001,4,"=1.395e-14",0.054,27.473,"<",68.65,4,"=4.375e-14",0.052,27.982,"<",68.65,4,"=4.375e-14",0.052,27.982,"<"
96,"ex96","faces_ex96.lst",1,"Poisson","(v)","(v)","(v)",0.0401,0.0459,0.031,0.0309,0.0308,0.1087,0.1236,0.0832,0.083,0.0828,0.0544,0.0618,0.0416,0.0415,0.0414,80.131,4,"<2.2e-16",0.061,11.49,"3.593e-09",82.747,4,"<2.2e-16",0.063,11.284,"5.264e-09",82.747,4,"<2.2e-16",0.063,11.284,"5.264e-09"
97,"ex97","faces_ex97.lst",1,"Poisson","(iii)","(iii)","(iii)",0.0702,0.0782,0.0666,0.0674,0.0674,0.189,0.21,0.179,0.181,0.181,0.0943,0.1051,0.0897,0.0907,0.0906,36.359,4,"=2.441e-07",0.028,14.644,"1.043e-11",41.297,4,"=2.333e-08",0.031,15.024,"5.163e-12",41.297,4,"=2.333e-08",0.031,15.024,"5.163e-12"
98,"ex98","faces_ex98.lst",1,"Poisson","(iii)","(iii)","(iii)",0.0722,0.0585,0.0453,0.0458,0.0456,0.198,0.158,0.123,0.124,0.124,0.0988,0.0789,0.0614,0.0621,0.0618,63.794,4,"=4.618e-13",0.048,25.486,"<",64.904,4,"=2.696e-13",0.049,25.744,"<",64.904,4,"=2.696e-13",0.049,25.744,"<"
99,"ex99","faces_ex99.lst",1,"Poisson","(v)","(v)","(v)",0.0425,0.0448,0.0343,0.0342,0.0341,0.1151,0.1208,0.0923,0.0922,0.0917,0.0576,0.0604,0.0462,0.0461,0.0459,47.067,4,"=1.477e-09",0.036,10.41,"2.655e-08",40.739,4,"=3.043e-08",0.031,10.186,"4.016e-08",40.739,4,"=3.043e-08",0.031,10.186,"4.016e-08"
100,"ex100","faces_ex100.lst",1,"Poisson","(iii)","(iii)","(iii)",0.0675,0.0702,0.059,0.0592,0.0593,0.182,0.189,0.159,0.16,0.16,0.0912,0.0944,0.0796,0.08,0.08,25.583,4,"=3.84e-05",0.019,10.198,"3.926e-08",27.944,4,"=1.28e-05",0.021,9.925,"6.509e-08",27.944,4,"=1.28e-05",0.021,9.925,"6.509e-08"
101,"ex101","faces_ex101.lst",1,"Poisson","(iii)","(iii)","(iii)",0.0888,0.0554,0.0402,0.0402,0.0402,0.243,0.15,0.108,0.108,0.108,0.1217,0.0752,0.0539,0.054,0.054,85.181,4,"<2.2e-16",0.065,49.143,"<",79.469,4,"=2.257e-16",0.06,49.507,"<",79.469,4,"=2.257e-16",0.06,49.507,"<"
102,"ex102","faces_ex102.lst",1,"Poisson","(v)","(v)","(v)",0.0429,0.0386,0.0289,0.0289,0.0288,0.1172,0.1039,0.0777,0.0778,0.0776,0.0586,0.0519,0.0389,0.0389,0.0388,68.359,4,"=5.039e-14",0.052,10.938,"9.989e-09",69.27,4,"=3.236e-14",0.052,10.877,"1.12e-08",69.27,4,"=3.236e-14",0.052,10.877,"1.12e-08"
103,"ex103","faces_ex103.lst",1,"Poisson","(iii)","(iii)","(iii)",0.0659,0.0751,0.0604,0.0604,0.0607,0.178,0.203,0.163,0.163,0.164,0.0892,0.1017,0.0817,0.0817,0.0822,18.698,4,"=0.0009008",0.014,11.215,"5.979e-09",13.309,4,"=0.00986",0.01,11.351,"4.648e-09",13.309,4,"=0.00986",0.01,11.351,"4.648e-09"
104,"ex104","faces_ex104.lst",1,"Poisson","(iv)","(iv)","(iv)",0.0746,0.0558,0.041,0.0409,0.041,0.205,0.15,0.111,0.11,0.111,0.1023,0.0751,0.0553,0.0552,0.0554,58.284,4,"=6.653e-12",0.044,31.489,"<",52.962,4,"=8.677e-11",0.04,31.93,"<",52.962,4,"=8.677e-11",0.04,31.93,"<"
105,"ex105","faces_ex105.lst",1,"Poisson","(iv)","(iv)","(iv)",0.0474,0.0397,0.0297,0.0296,0.0312,0.1303,0.1066,0.0801,0.0799,0.0844,0.0652,0.0533,0.0401,0.0399,0.0422,33.486,4,"=9.498e-07",0.025,9.8417,"7.593e-08",27.508,4,"=1.569e-05",0.021,9.8197,"7.908e-08",27.508,4,"=1.569e-05",0.021,9.8197,"7.908e-08"
106,"ex106","faces_ex106.lst",1,"Poisson","(iii)","(iii)","(iii)",0.0604,0.076,0.0587,0.0589,0.0589,0.163,0.205,0.158,0.159,0.159,0.0817,0.1024,0.0792,0.0795,0.0796,14.07,4,"=0.007074",0.011,17.696,"3.693e-14",16.274,4,"=0.002673",0.012,17.728,"3.482e-14",16.274,4,"=0.002673",0.012,17.728,"3.482e-14"
107,"ex107","faces_ex107.lst",1,"Poisson","(iv)","(iii)","(iv)",0.0793,0.0549,0.0435,0.0434,0.0437,0.217,0.149,0.117,0.117,0.118,0.1083,0.0743,0.0587,0.0586,0.059,55.731,4,"=2.283e-11",0.042,39.132,"<",51.898,4,"=1.449e-10",0.039,39.254,"<",51.898,4,"=1.449e-10",0.039,39.254,"<"
108,"ex108","faces_ex108.lst",1,"Poisson","(iii)","(iii)","(iii)",0.046,0.0457,0.0306,0.0307,0.032,0.1257,0.1231,0.0824,0.0827,0.0862,0.0628,0.0616,0.0412,0.0414,0.0431,78.264,4,"=4.061e-16",0.059,9.3192,"1.993e-07",73.2,4,"=4.786e-15",0.055,9.4426,"1.587e-07",73.2,4,"=4.786e-15",0.055,9.4426,"1.587e-07"
109,"ex109","faces_ex109.lst",1,"Poisson","(iii)","(iii)","(i)",0.0927,0.127,0.0925,0.0934,0.0928,0.25,0.344,0.249,0.251,0.251,0.125,0.172,0.125,0.126,0.125,54.89,4,"=3.427e-11",0.042,49.123,"<",52.085,4,"=1.324e-10",0.039,48.07,"<",52.085,4,"=1.324e-10",0.039,48.07,"<"
110,"ex110","faces_ex110.lst",1,"Poisson","(iv)","(iii)","(v)",0.0722,0.0889,0.0655,0.0654,0.0654,0.195,0.238,0.176,0.177,0.176,0.0975,0.1189,0.0882,0.0884,0.0881,82.65,4,"<2.2e-16",0.063,32.014,"<",71.28,4,"=1.218e-14",0.054,30.187,"<",71.28,4,"=1.218e-14",0.054,30.187,"<"
111,"ex111","faces_ex111.lst",1,"Poisson","(v)","(v)","(v)",0.053,0.0751,0.0489,0.0494,0.0487,0.143,0.203,0.132,0.133,0.131,0.0714,0.1015,0.0658,0.0667,0.0654,182.48,4,"<2.2e-16",0.138,42.73,"<",177.41,4,"<2.2e-16",0.134,42.738,"<",177.41,4,"<2.2e-16",0.134,42.738,"<"
112,"ex112","faces_ex112.lst",1,"Poisson","(iii)","(iii)","(iii)",0.0951,0.1248,0.0927,0.0945,0.0943,0.255,0.334,0.248,0.253,0.253,0.128,0.167,0.124,0.127,0.126,67.365,4,"=8.166e-14",0.051,45.997,"<",69.253,4,"=3.263e-14",0.052,45.654,"<",69.253,4,"=3.263e-14",0.052,45.654,"<"
113,"ex113","faces_ex113.lst",1,"Poisson","(iv)","(iv)","(iv)",0.0751,0.0874,0.0656,0.065,0.0651,0.202,0.234,0.176,0.174,0.175,0.1012,0.117,0.0879,0.0872,0.0874,35.023,4,"=4.595e-07",0.027,23.511,"<",37.888,4,"=1.182e-07",0.029,22.846,"<",37.888,4,"=1.182e-07",0.029,22.846,"<"
114,"ex114","faces_ex114.lst",1,"Poisson","(i)","(i)","(iv)",0.0487,0.0645,0.0488,0.0487,0.0488,0.131,0.173,0.131,0.131,0.132,0.0657,0.0865,0.0656,0.0653,0.0659,53.697,4,"=6.09e-11",0.041,37.282,"<",52.921,4,"=8.851e-11",0.04,35.401,"<",52.921,4,"=8.851e-11",0.04,35.401,"<"
115,"ex115","faces_ex115.lst",1,"Poisson","(iii)","(iii)","(iii)",0.0976,0.1291,0.0936,0.0955,0.0943,0.263,0.348,0.251,0.257,0.254,0.131,0.174,0.126,0.129,0.127,55.515,4,"=2.534e-11",0.042,37.918,"<",56.075,4,"=1.934e-11",0.042,37.641,"<",56.075,4,"=1.934e-11",0.042,37.641,"<"
116,"ex116","faces_ex116.lst",1,"Poisson","(v)","(v)","(v)",0.0714,0.091,0.0683,0.0673,0.067,0.191,0.244,0.182,0.18,0.179,0.0955,0.1222,0.0912,0.09,0.0895,61.481,4,"=1.416e-12",0.047,38.931,"<",69.038,4,"=3.624e-14",0.052,39.531,"<",69.038,4,"=3.624e-14",0.052,39.531,"<"
117,"ex117","faces_ex117.lst",1,"Poisson","(iii)","(iii)","(iv)",0.0516,0.071,0.0509,0.0509,0.0515,0.138,0.191,0.136,0.136,0.138,0.0692,0.0953,0.0681,0.068,0.0691,98.846,4,"<2.2e-16",0.075,60.831,"<",92.752,4,"<2.2e-16",0.07,62.35,"<",92.752,4,"<2.2e-16",0.07,62.35,"<"
118,"ex118","faces_ex118.lst",1,"Poisson","(v)","(v)","(v)",0.0885,0.1053,0.0857,0.0859,0.0855,0.237,0.283,0.23,0.23,0.229,0.118,0.141,0.115,0.115,0.114,34.335,4,"=6.363e-07",0.026,23.259,"<",35.224,4,"=4.178e-07",0.027,24.01,"<",35.224,4,"=4.178e-07",0.027,24.01,"<"
119,"ex119","faces_ex119.lst",1,"Poisson","(v)","(v)","(v)",0.079,0.0828,0.0662,0.066,0.0654,0.213,0.223,0.178,0.178,0.177,0.1066,0.1116,0.0892,0.089,0.0883,43.135,4,"=9.704e-09",0.033,16.2,"5.864e-13",36.381,4,"=2.416e-07",0.028,16.487,"3.448e-13",36.381,4,"=2.416e-07",0.028,16.487,"3.448e-13"
120,"ex120","faces_ex120.lst",1,"Poisson","(iii)","(iii)","(iii)",0.0471,0.0641,0.0442,0.0445,0.0446,0.127,0.172,0.119,0.12,0.12,0.0634,0.0861,0.0595,0.0599,0.0601,109.18,4,"<2.2e-16",0.083,44.512,"<",104.77,4,"<2.2e-16",0.079,44.005,"<",104.77,4,"<2.2e-16",0.079,44.005,"<"
121,"ex121","faces_ex121.lst",1,"Poisson","(iii)","(i)","(iii)",0.087,0.1045,0.0869,0.0876,0.0869,0.233,0.279,0.233,0.234,0.233,0.117,0.139,0.116,0.117,0.116,35.564,4,"=3.558e-07",0.027,27.895,"<",30.315,4,"=4.222e-06",0.023,27.677,"<",30.315,4,"=4.222e-06",0.023,27.677,"<"
122,"ex122","faces_ex122.lst",1,"Poisson","(iv)","(iv)","(iv)",0.0733,0.0799,0.062,0.0617,0.0617,0.199,0.215,0.166,0.165,0.166,0.0995,0.1074,0.0832,0.0827,0.0829,69.44,4,"=2.98e-14",0.053,24.152,"<",76.817,4,"=8.222e-16",0.058,23.459,"<",76.817,4,"=8.222e-16",0.058,23.459,"<"
123,"ex123","faces_ex123.lst",1,"Poisson","(iii)","(iii)","(iii)",0.043,0.058,0.0427,0.0435,0.0434,0.116,0.157,0.115,0.117,0.117,0.0581,0.0784,0.0576,0.0586,0.0586,64.504,4,"=3.273e-13",0.049,59.64,"<",71.353,4,"=1.176e-14",0.054,59.142,"<",71.353,4,"=1.176e-14",0.054,59.142,"<"
124,"ex124","faces_ex124.lst",1,"Poisson","(iii)","(iii)","(iii)",0.0891,0.1115,0.0867,0.0872,0.0885,0.24,0.3,0.233,0.234,0.238,0.12,0.15,0.117,0.117,0.119,62.914,4,"=7.075e-13",0.048,35.455,"<",62.846,4,"=7.311e-13",0.048,33.934,"<",62.846,4,"=7.311e-13",0.048,33.934,"<"
125,"ex125","faces_ex125.lst",1,"Poisson","(iv)","(iii)","(iv)",0.0763,0.0856,0.0643,0.0642,0.0646,0.206,0.231,0.173,0.173,0.174,0.1028,0.1154,0.0865,0.0864,0.0868,90.553,4,"<2.2e-16",0.069,29.47,"<",69.835,4,"=2.459e-14",0.053,29.451,"<",69.835,4,"=2.459e-14",0.053,29.451,"<"
126,"ex126","faces_ex126.lst",1,"Poisson","(iii)","(i)","(i)",0.046,0.0648,0.0459,0.0466,0.0462,0.124,0.175,0.124,0.126,0.124,0.0619,0.0874,0.062,0.0628,0.0621,91.091,4,"<2.2e-16",0.069,60.412,"<",93.714,4,"<2.2e-16",0.071,59.005,"<",93.714,4,"<2.2e-16",0.071,59.005,"<"
127,"ex127","faces_ex127.lst",1,"Poisson","(iii)","(iii)","(iii)",0.0852,0.1025,0.0836,0.0838,0.0841,0.229,0.276,0.225,0.226,0.226,0.115,0.138,0.112,0.113,0.113,42.519,4,"=1.302e-08",0.032,22.324,"<",34.007,4,"=7.426e-07",0.026,22.664,"<",34.007,4,"=7.426e-07",0.026,22.664,"<"
128,"ex128","faces_ex128.lst",1,"Poisson","(v)","(iii)","(v)",0.0648,0.0734,0.0561,0.0563,0.0558,0.176,0.198,0.151,0.151,0.151,0.0878,0.0992,0.0755,0.0756,0.0753,68.781,4,"=4.105e-14",0.052,25.379,"<",72.521,4,"=6.66e-15",0.055,25.273,"<",72.521,4,"=6.66e-15",0.055,25.273,"<"
129,"ex129","faces_ex129.lst",1,"Poisson","(i)","(i)","(i)",0.0429,0.0618,0.0432,0.0432,0.0432,0.116,0.167,0.116,0.117,0.116,0.0578,0.0835,0.0582,0.0583,0.0582,92.17,4,"<2.2e-16",0.07,67.058,"<",102.88,4,"<2.2e-16",0.078,66.513,"<",102.88,4,"<2.2e-16",0.078,66.513,"<"
130,"ex130","faces_ex130.lst",1,"Poisson","(i)","(i)","(i)",0.0825,0.1038,0.0829,0.0828,0.0831,0.221,0.279,0.221,0.221,0.222,0.11,0.139,0.111,0.111,0.111,52.977,4,"=8.617e-11",0.04,31.17,"<",45.874,4,"=2.616e-09",0.035,31.75,"<",45.874,4,"=2.616e-09",0.035,31.75,"<"
131,"ex131","faces_ex131.lst",1,"Poisson","(v)","(iv)","(v)",0.0695,0.0777,0.0585,0.0585,0.0583,0.188,0.208,0.158,0.157,0.157,0.0939,0.1041,0.0788,0.0787,0.0785,69.29,4,"=3.206e-14",0.052,21.481,"<",65.622,4,"=1.903e-13",0.05,20.717,"<",65.622,4,"=1.903e-13",0.05,20.717,"<"
132,"ex132","faces_ex132.lst",1,"Poisson","(iii)","(iii)","(iii)",0.0482,0.0583,0.0434,0.0436,0.0434,0.131,0.157,0.117,0.117,0.117,0.0653,0.0783,0.0585,0.0587,0.0587,79.663,4,"<2.2e-16",0.06,17.579,"4.582e-14",71.488,4,"=1.101e-14",0.054,16.735,"2.178e-13",71.488,4,"=1.101e-14",0.054,16.735,"2.178e-13"
133,"ex133","faces_ex133.lst",1,"Poisson","(iii)","(iii)","(iii)",0.091,0.1119,0.0851,0.0853,0.0858,0.244,0.3,0.229,0.229,0.23,0.122,0.15,0.114,0.115,0.115,44.899,4,"=4.172e-09",0.034,25.856,"<",43.362,4,"=8.702e-09",0.033,26.114,"<",43.362,4,"=8.702e-09",0.033,26.114,"<"
134,"ex134","faces_ex134.lst",1,"Poisson","(v)","(iii)","(v)",0.0805,0.0761,0.0588,0.0588,0.0587,0.218,0.205,0.158,0.158,0.158,0.1089,0.1023,0.0792,0.0792,0.0788,41.515,4,"=2.102e-08",0.031,18.197,"1.466e-14",37.51,4,"=1.414e-07",0.028,18.36,"1.085e-14",37.51,4,"=1.414e-07",0.028,18.36,"1.085e-14"
135,"ex135","faces_ex135.lst",1,"Poisson","(iii)","(iii)","(iii)",0.046,0.057,0.0426,0.0431,0.0431,0.125,0.154,0.115,0.116,0.117,0.0624,0.077,0.0574,0.0581,0.0583,67.261,4,"=8.59e-14",0.051,28.477,"<",77.067,4,"=7.28e-16",0.058,28.011,"<",77.067,4,"=7.28e-16",0.058,28.011,"<"
136,"ex136","faces_ex136.lst",1,"Poisson","(iv)","(iv)","(iv)",0.144,0.182,0.145,0.141,0.145,0.386,0.488,0.388,0.38,0.389,0.193,0.244,0.194,0.19,0.194,25.956,4,"=3.229e-05",0.02,33.697,"<",27.944,4,"=1.28e-05",0.021,34.535,"<",27.944,4,"=1.28e-05",0.021,34.535,"<"
137,"ex137","faces_ex137.lst",1,"Poisson","(v)","(v)","(v)",0.0959,0.1288,0.0958,0.0961,0.0948,0.258,0.345,0.258,0.259,0.255,0.129,0.173,0.129,0.129,0.127,53.947,4,"=5.4e-11",0.041,59.924,"<",57.707,4,"=8.793e-12",0.044,58.178,"<",57.707,4,"=8.793e-12",0.044,58.178,"<"
138,"ex138","faces_ex138.lst",1,"Poisson","(iii)","(iii)","(iii)",0.075,0.1104,0.0721,0.0737,0.0748,0.203,0.298,0.194,0.199,0.203,0.1016,0.1489,0.0968,0.0994,0.1013,135.86,4,"<2.2e-16",0.103,80.685,"<",138.67,4,"<2.2e-16",0.105,81.403,"<",138.67,4,"<2.2e-16",0.105,81.403,"<"
139,"ex139","faces_ex139.lst",1,"Poisson","(i)","(i)","(i)",0.15,0.191,0.152,0.152,0.152,0.401,0.513,0.405,0.408,0.409,0.201,0.257,0.202,0.204,0.204,29.983,4,"=4.934e-06",0.023,35.179,"<",25.648,4,"=3.725e-05",0.019,35.093,"<",25.648,4,"=3.725e-05",0.019,35.093,"<"
140,"ex140","faces_ex140.lst",1,"Poisson","(v)","(v)","(v)",0.108,0.141,0.109,0.108,0.106,0.29,0.378,0.292,0.29,0.287,0.145,0.189,0.146,0.145,0.143,99.425,4,"<2.2e-16",0.075,51.903,"<",96.192,4,"<2.2e-16",0.073,50.312,"<",96.192,4,"<2.2e-16",0.073,50.312,"<"
141,"ex141","faces_ex141.lst",1,"Poisson","(i)","(i)","(iii)",0.0759,0.1066,0.0763,0.0763,0.0763,0.205,0.286,0.205,0.205,0.206,0.103,0.143,0.102,0.103,0.103,90.587,4,"<2.2e-16",0.069,65.262,"<",86.281,4,"<2.2e-16",0.065,64.9,"<",86.281,4,"<2.2e-16",0.065,64.9,"<"
142,"ex142","faces_ex142.lst",1,"Poisson","(i)","(i)","(i)",0.144,0.19,0.148,0.148,0.148,0.388,0.511,0.399,0.4,0.398,0.194,0.255,0.199,0.2,0.199,44.213,4,"=5.793e-09",0.033,42.102,"<",44.09,4,"=6.146e-09",0.033,42.1,"<",44.09,4,"=6.146e-09",0.033,42.1,"<"
143,"ex143","faces_ex143.lst",1,"Poisson","(i)","(i)","(i)",0.102,0.137,0.106,0.104,0.103,0.275,0.369,0.284,0.28,0.276,0.138,0.184,0.142,0.14,0.138,104.37,4,"<2.2e-16",0.079,70.169,"<",97.404,4,"<2.2e-16",0.074,71.865,"<",97.404,4,"<2.2e-16",0.074,71.865,"<"
144,"ex144","faces_ex144.lst",1,"Poisson","(iii)","(iii)","(iii)",0.0805,0.1076,0.0792,0.0799,0.0806,0.217,0.289,0.213,0.215,0.217,0.109,0.144,0.106,0.108,0.109,83.156,4,"<2.2e-16",0.063,50.515,"<",73.552,4,"=4.034e-15",0.056,49.782,"<",73.552,4,"=4.034e-15",0.056,49.782,"<"
145,"ex145","faces_ex145.lst",1,"Poisson","(i)","(i)","(i)",0.143,0.174,0.146,0.145,0.144,0.386,0.467,0.393,0.389,0.387,0.193,0.233,0.197,0.195,0.193,10.032,4,"=0.0399",0.008,27.246,"<",12.502,4,"=0.01398",0.009,26.808,"<",12.502,4,"=0.01398",0.009,26.808,"<"
146,"ex146","faces_ex146.lst",1,"Poisson","(v)","(v)","(v)",0.102,0.128,0.102,0.102,0.1,0.276,0.344,0.274,0.274,0.27,0.138,0.172,0.137,0.137,0.135,86.148,4,"<2.2e-16",0.065,34.548,"<",81.835,4,"<2.2e-16",0.062,33.244,"<",81.835,4,"<2.2e-16",0.062,33.244,"<"
147,"ex147","faces_ex147.lst",1,"Poisson","(iii)","(iii)","(iii)",0.0751,0.1053,0.0738,0.0745,0.0754,0.203,0.284,0.199,0.201,0.204,0.1017,0.1418,0.0996,0.1003,0.1022,98.698,4,"<2.2e-16",0.075,75.916,"<",98.924,4,"<2.2e-16",0.075,73.39,"<",98.924,4,"<2.2e-16",0.075,73.39,"<"
148,"ex148","faces_ex148.lst",1,"Poisson","(iv)","(iv)","(iv)",0.133,0.173,0.133,0.131,0.133,0.357,0.466,0.358,0.353,0.357,0.179,0.233,0.179,0.176,0.179,23.92,4,"=8.288e-05",0.018,37.656,"<",23.503,4,"=0.0001004",0.018,37.978,"<",23.503,4,"=0.0001004",0.018,37.978,"<"
149,"ex149","faces_ex149.lst",1,"Poisson","(v)","(i)","(v)",0.102,0.131,0.104,0.102,0.101,0.273,0.351,0.279,0.276,0.273,0.137,0.176,0.139,0.138,0.136,71.326,4,"=1.191e-14",0.054,47.728,"<",60.143,4,"=2.707e-12",0.046,47.028,"<",60.143,4,"=2.707e-12",0.046,47.028,"<"
150,"ex150","faces_ex150.lst",1,"Poisson","(iii)","(iii)","(iii)",0.0763,0.1011,0.074,0.0752,0.0764,0.207,0.271,0.199,0.203,0.207,0.1033,0.1355,0.0993,0.1015,0.1035,64.987,4,"=2.59e-13",0.049,58.501,"<",68.856,4,"=3.958e-14",0.052,55.63,"<",68.856,4,"=3.958e-14",0.052,55.63,"<"
151,"ex151","faces_ex151.lst",1,"Poisson","(v)","(v)","(v)",0.144,0.173,0.145,0.144,0.143,0.388,0.466,0.39,0.389,0.386,0.194,0.233,0.195,0.194,0.193,16.512,4,"=0.002404",0.013,25.526,"<",11.922,4,"=0.01794",0.009,25.219,"<",11.922,4,"=0.01794",0.009,25.219,"<"
152,"ex152","faces_ex152.lst",1,"Poisson","(v)","(v)","(iv)",0.0984,0.128,0.0974,0.0962,0.096,0.265,0.343,0.261,0.259,0.257,0.132,0.171,0.13,0.129,0.129,89.462,4,"<2.2e-16",0.068,48.511,"<",93.556,4,"<2.2e-16",0.071,48.082,"<",93.556,4,"<2.2e-16",0.071,48.082,"<"
153,"ex153","faces_ex153.lst",1,"Poisson","(i)","(i)","(i)",0.0774,0.1035,0.0776,0.0787,0.0776,0.209,0.278,0.209,0.212,0.209,0.104,0.139,0.104,0.106,0.105,103.52,4,"<2.2e-16",0.078,68.619,"<",103.39,4,"<2.2e-16",0.078,66.442,"<",103.39,4,"<2.2e-16",0.078,66.442,"<"
154,"ex154","faces_ex154.lst",1,"Poisson","(i)","(i)","(i)",0.139,0.181,0.142,0.142,0.14,0.373,0.487,0.381,0.381,0.374,0.187,0.243,0.191,0.19,0.187,40.64,4,"=3.191e-08",0.031,42.75,"<",38.936,4,"=7.183e-08",0.029,44.042,"<",38.936,4,"=7.183e-08",0.029,44.042,"<"
155,"ex155","faces_ex155.lst",1,"Poisson","(v)","(v)","(v)",0.0933,0.1269,0.0959,0.0953,0.0923,0.251,0.341,0.258,0.257,0.248,0.125,0.17,0.129,0.128,0.124,80.507,4,"<2.2e-16",0.061,47.65,"<",78.085,4,"=4.432e-16",0.059,45.905,"<",78.085,4,"=4.432e-16",0.059,45.905,"<"
156,"ex156","faces_ex156.lst",1,"Poisson","(iii)","(iii)","(iii)",0.0757,0.1016,0.0735,0.0751,0.0756,0.205,0.273,0.198,0.202,0.205,0.1025,0.1364,0.0988,0.1011,0.1025,81.287,4,"<2.2e-16",0.062,72.38,"<",78.718,4,"=3.256e-16",0.06,71.579,"<",78.718,4,"=3.256e-16",0.06,71.579,"<"
157,"ex157","faces_ex157.lst",1,"Poisson","(v)","(v)","(v)",0.135,0.167,0.135,0.135,0.134,0.362,0.448,0.362,0.362,0.36,0.181,0.224,0.181,0.181,0.18,19.92,4,"=0.0005179",0.015,23.494,"<",13.423,4,"=0.009384",0.01,23.614,"<",13.423,4,"=0.009384",0.01,23.614,"<"
158,"ex158","faces_ex158.lst",1,"Poisson","(v)","(v)","(v)",0.103,0.131,0.103,0.103,0.102,0.276,0.352,0.275,0.276,0.274,0.138,0.176,0.138,0.138,0.137,69.83,4,"=2.465e-14",0.053,53.02,"<",80.172,4,"<2.2e-16",0.061,53.032,"<",80.172,4,"<2.2e-16",0.061,53.032,"<"
159,"ex159","faces_ex159.lst",1,"Poisson","(iii)","(iii)","(iii)",0.0726,0.0969,0.0719,0.0725,0.073,0.196,0.262,0.193,0.196,0.198,0.0982,0.1311,0.0967,0.0978,0.0988,70.504,4,"=1.776e-14",0.053,46.55,"<",71.813,4,"=9.398e-15",0.054,46.241,"<",71.813,4,"=9.398e-15",0.054,46.241,"<"
160,"ex160","faces_ex160.lst",1,"Poisson","(i)","(i)","(i)",0.122,0.162,0.127,0.127,0.124,0.33,0.438,0.343,0.344,0.334,0.165,0.219,0.172,0.172,0.167,25.232,4,"=4.519e-05",0.019,34.601,"<",29.331,4,"=6.696e-06",0.022,34.775,"<",29.331,4,"=6.696e-06",0.022,34.775,"<"
161,"ex161","faces_ex161.lst",1,"Poisson","(i)","(i)","(i)",0.1,0.141,0.102,0.103,0.101,0.271,0.378,0.276,0.277,0.271,0.135,0.189,0.138,0.138,0.136,109.59,4,"<2.2e-16",0.083,73.569,"<",111.88,4,"<2.2e-16",0.085,70.883,"<",111.88,4,"<2.2e-16",0.085,70.883,"<"
162,"ex162","faces_ex162.lst",1,"Poisson","(iii)","(iii)","(iii)",0.0734,0.1025,0.0714,0.0734,0.0741,0.199,0.277,0.192,0.198,0.201,0.0995,0.1385,0.096,0.0989,0.1003,94.744,4,"<2.2e-16",0.072,52.57,"<",88.841,4,"<2.2e-16",0.067,53.127,"<",88.841,4,"<2.2e-16",0.067,53.127,"<"
163,"ex163","faces_ex163.lst",1,"Poisson","(iii)","(iii)","(iii)",0.0739,0.0812,0.0568,0.0571,0.0574,0.198,0.219,0.153,0.154,0.154,0.0991,0.1097,0.0764,0.077,0.0772,69.753,4,"=2.56e-14",0.053,17.621,"4.242e-14",66.432,4,"=1.285e-13",0.05,18.043,"1.946e-14",66.432,4,"=1.285e-13",0.05,18.043,"1.946e-14"
164,"ex164","faces_ex164.lst",1,"Poisson","(iii)","(iii)","(iii)",0.0857,0.0652,0.0403,0.0405,0.0403,0.234,0.176,0.108,0.109,0.108,0.1171,0.0881,0.0542,0.0545,0.0542,81.699,4,"<2.2e-16",0.062,40.205,"<",83.762,4,"<2.2e-16",0.063,40.525,"<",83.762,4,"<2.2e-16",0.063,40.525,"<"
165,"ex165","faces_ex165.lst",1,"Poisson","(iii)","(iii)","(iii)",0.0431,0.0462,0.0272,0.0273,0.0283,0.118,0.1243,0.0734,0.0739,0.0767,0.059,0.0621,0.0367,0.0369,0.0384,124.89,4,"<2.2e-16",0.095,13.735,"5.612e-11",125.97,4,"<2.2e-16",0.095,13.347,"1.154e-10",125.97,4,"<2.2e-16",0.095,13.347,"1.154e-10"
166,"ex166","faces_ex166.lst",1,"Poisson","(iii)","(iii)","(iii)",0.0671,0.079,0.0558,0.0564,0.0562,0.182,0.213,0.151,0.153,0.152,0.091,0.1064,0.0754,0.0763,0.0759,38.497,4,"=8.849e-08",0.029,17.394,"6.449e-14",41.079,4,"=2.589e-08",0.031,16.451,"3.685e-13",41.079,4,"=2.589e-08",0.031,16.451,"3.685e-13"
167,"ex167","faces_ex167.lst",1,"Poisson","(iii)","(iii)","(iii)",0.0991,0.0659,0.0409,0.0411,0.041,0.271,0.178,0.11,0.11,0.11,0.1353,0.0892,0.055,0.0552,0.0552,95.91,4,"<2.2e-16",0.073,49.405,"<",107.44,4,"<2.2e-16",0.081,50.074,"<",107.44,4,"<2.2e-16",0.081,50.074,"<"
168,"ex168","faces_ex168.lst",1,"Poisson","(iv)","(iv)","(iv)",0.0424,0.0493,0.0288,0.0286,0.0287,0.1153,0.134,0.078,0.0772,0.0776,0.0577,0.067,0.039,0.0386,0.0388,111.6,4,"<2.2e-16",0.085,15.526,"2.037e-12",116.99,4,"<2.2e-16",0.089,15.3,"3.095e-12",116.99,4,"<2.2e-16",0.089,15.3,"3.095e-12"
169,"ex169","faces_ex169.lst",1,"Poisson","(iii)","(iii)","(iii)",0.0769,0.0778,0.0613,0.0614,0.0616,0.207,0.21,0.164,0.165,0.166,0.1036,0.1048,0.0822,0.0825,0.0828,50.029,4,"=3.561e-10",0.038,16.904,"1.596e-13",45.806,4,"=2.703e-09",0.035,17.173,"9.707e-14",45.806,4,"=2.703e-09",0.035,17.173,"9.707e-14"
170,"ex170","faces_ex170.lst",1,"Poisson","(iv)","(iii)","(iv)",0.0892,0.0601,0.0459,0.0458,0.0476,0.244,0.162,0.123,0.123,0.128,0.1219,0.0811,0.0617,0.0616,0.0642,53.35,4,"=7.198e-11",0.04,38.383,"<",52.977,4,"=8.617e-11",0.04,38.601,"<",52.977,4,"=8.617e-11",0.04,38.601,"<"
171,"ex171","faces_ex171.lst",1,"Poisson","(iii)","(iii)","(iii)",0.0449,0.0452,0.0312,0.0312,0.0312,0.1215,0.1217,0.0841,0.0843,0.0843,0.0608,0.0609,0.0421,0.0422,0.0421,84.783,4,"<2.2e-16",0.064,10.13,"4.457e-08",76.543,4,"=9.397e-16",0.058,10.092,"4.777e-08",76.543,4,"=9.397e-16",0.058,10.092,"4.777e-08"
172,"ex172","faces_ex172.lst",1,"Poisson","(iii)","(iii)","(iii)",0.0795,0.072,0.0515,0.052,0.0517,0.216,0.195,0.139,0.14,0.139,0.1079,0.0973,0.0693,0.0701,0.0697,55.893,4,"=2.111e-11",0.042,19.203,"2.296e-15",47.442,4,"=1.233e-09",0.036,19.256,"2.082e-15",47.442,4,"=1.233e-09",0.036,19.256,"2.082e-15"
173,"ex173","faces_ex173.lst",1,"Poisson","(iii)","(iii)","(iii)",0.097,0.0555,0.0352,0.0354,0.0353,0.2657,0.1497,0.095,0.0955,0.0954,0.1329,0.0749,0.0475,0.0478,0.0477,85.127,4,"<2.2e-16",0.064,55.688,"<",81.503,4,"<2.2e-16",0.062,56.747,"<",81.503,4,"<2.2e-16",0.062,56.747,"<"
174,"ex174","faces_ex174.lst",1,"Poisson","(iii)","(iii)","(iii)",0.0537,0.0529,0.025,0.025,0.0263,0.1473,0.1428,0.0672,0.0673,0.071,0.0737,0.0714,0.0336,0.0337,0.0355,113.21,4,"<2.2e-16",0.086,18.881,"4.152e-15",111.91,4,"<2.2e-16",0.085,18.821,"4.638e-15",111.91,4,"<2.2e-16",0.085,18.821,"4.638e-15"
175,"ex175","faces_ex175.lst",1,"Poisson","(iv)","(iii)","(iii)",0.0827,0.0667,0.0497,0.0496,0.0501,0.223,0.18,0.134,0.134,0.135,0.1116,0.0899,0.0668,0.0668,0.0674,22.257,4,"=0.0001781",0.017,20.903,"<",26.213,4,"=2.866e-05",0.02,20.853,"<",26.213,4,"=2.866e-05",0.02,20.853,"<"
176,"ex176","faces_ex176.lst",1,"Poisson","(iii)","(iii)","(iii)",0.087,0.0567,0.036,0.0361,0.0371,0.2374,0.1521,0.0972,0.0976,0.0999,0.1187,0.0761,0.0486,0.0488,0.0499,86.318,4,"<2.2e-16",0.065,41.653,"<",81.156,4,"<2.2e-16",0.061,42.848,"<",81.156,4,"<2.2e-16",0.061,42.848,"<"
177,"ex177","faces_ex177.lst",1,"Poisson","(iv)","(iv)","(iv)",0.042,0.041,0.0261,0.0259,0.0259,0.1146,0.1105,0.0701,0.0696,0.0696,0.0573,0.0552,0.035,0.0348,0.0348,52.208,4,"=1.248e-10",0.04,12.082,"1.201e-09",51.605,4,"=1.668e-10",0.039,11.948,"1.54e-09",51.605,4,"=1.668e-10",0.039,11.948,"1.54e-09"
178,"ex178","faces_ex178.lst",1,"Poisson","(iii)","(iii)","(iii)",0.0696,0.0745,0.0521,0.0524,0.0523,0.187,0.2,0.139,0.14,0.14,0.0934,0.1,0.0697,0.07,0.0699,24.834,4,"=5.433e-05",0.019,17.531,"5.007e-14",20.958,4,"=0.0003229",0.016,17.662,"3.933e-14",20.958,4,"=0.0003229",0.016,17.662,"3.933e-14"
179,"ex179","faces_ex179.lst",1,"Poisson","(iii)","(iii)","(iii)",0.0989,0.0652,0.0422,0.0423,0.0447,0.271,0.175,0.113,0.114,0.12,0.1355,0.0873,0.0567,0.0569,0.0602,61.146,4,"=1.666e-12",0.046,45.918,"<",55.779,4,"=2.231e-11",0.042,46.831,"<",55.779,4,"=2.231e-11",0.042,46.831,"<"
180,"ex180","faces_ex180.lst",1,"Poisson","(iii)","(iii)","(iii)",0.0389,0.0457,0.0266,0.0267,0.0268,0.1062,0.1231,0.0716,0.0718,0.0721,0.0531,0.0616,0.0358,0.0359,0.0361,96.979,4,"<2.2e-16",0.073,11.742,"2.253e-09",102.02,4,"<2.2e-16",0.077,11.534,"3.313e-09",102.02,4,"<2.2e-16",0.077,11.534,"3.313e-09"
181,"ex181","faces_ex181.lst",1,"Poisson","(iii)","(iii)","(iii)",0.0722,0.0758,0.046,0.046,0.0464,0.196,0.206,0.124,0.124,0.125,0.0978,0.1028,0.0621,0.0621,0.0627,65.823,4,"=1.726e-13",0.05,22.301,"<",71.852,4,"=9.222e-15",0.054,22.413,"<",71.852,4,"=9.222e-15",0.054,22.413,"<"
182,"ex182","faces_ex182.lst",1,"Poisson","(iii)","(iii)","(iii)",0.1023,0.0503,0.0329,0.0329,0.0344,0.2794,0.1351,0.0888,0.0888,0.0931,0.1397,0.0676,0.0444,0.0444,0.0466,54.587,4,"=3.966e-11",0.041,64.376,"<",48.087,4,"=9.051e-10",0.036,66.239,"<",48.087,4,"=9.051e-10",0.036,66.239,"<"
183,"ex183","faces_ex183.lst",1,"Poisson","(iii)","(iii)","(iii)",0.0419,0.0392,0.0229,0.0229,0.0267,0.1136,0.1057,0.0613,0.0613,0.0719,0.0568,0.0528,0.0307,0.0307,0.036,96.742,4,"<2.2e-16",0.073,11.535,"3.308e-09",92.705,4,"<2.2e-16",0.07,11.391,"4.321e-09",92.705,4,"<2.2e-16",0.07,11.391,"4.321e-09"
184,"ex184","faces_ex184.lst",1,"Poisson","(iii)","(iii)","(iii)",0.0913,0.0701,0.0457,0.0458,0.0458,0.247,0.189,0.123,0.123,0.123,0.1236,0.0944,0.0615,0.0616,0.0615,56.848,4,"=1.331e-11",0.043,31.067,"<",54.977,4,"=3.285e-11",0.042,31.231,"<",54.977,4,"=3.285e-11",0.042,31.231,"<"
185,"ex185","faces_ex185.lst",1,"Poisson","(iii)","(iii)","(iii)",0.0996,0.0606,0.0348,0.0348,0.0349,0.2722,0.1645,0.0935,0.0936,0.094,0.1361,0.0822,0.0467,0.0468,0.047,79.008,4,"=2.825e-16",0.06,53.279,"<",81.43,4,"<2.2e-16",0.062,53.298,"<",81.43,4,"<2.2e-16",0.062,53.298,"<"
186,"ex186","faces_ex186.lst",1,"Poisson","(iii)","(iv)","(iv)",0.0544,0.0455,0.025,0.025,0.0282,0.1493,0.1227,0.0677,0.0676,0.0762,0.0746,0.0613,0.0339,0.0338,0.0381,56.095,4,"=1.916e-11",0.042,14.145,"2.631e-11",60.999,4,"=1.789e-12",0.046,14.482,"1.407e-11",60.999,4,"=1.789e-12",0.046,14.482,"1.407e-11"
187,"ex187","faces_ex187.lst",1,"Poisson","(v)","(v)","(v)",0.0731,0.074,0.0482,0.0484,0.0481,0.196,0.2,0.13,0.13,0.129,0.0981,0.1,0.0648,0.0651,0.0647,71.639,4,"=1.023e-14",0.054,18.707,"5.726e-15",64.194,4,"=3.804e-13",0.049,18.705,"5.743e-15",64.194,4,"=3.804e-13",0.049,18.705,"5.743e-15"
188,"ex188","faces_ex188.lst",1,"Poisson","(iii)","(iii)","(iii)",0.1031,0.0617,0.0366,0.0366,0.0377,0.2822,0.1657,0.0978,0.0979,0.1009,0.1411,0.0829,0.0489,0.0489,0.0504,61.769,4,"=1.232e-12",0.047,53.192,"<",59.298,4,"=4.074e-12",0.045,54.237,"<",59.298,4,"=4.074e-12",0.045,54.237,"<"
189,"ex189","faces_ex189.lst",1,"Poisson","(iii)","(iii)","(iii)",0.0516,0.0426,0.0239,0.0239,0.0261,0.1403,0.1147,0.0641,0.0643,0.0701,0.0702,0.0573,0.032,0.0322,0.035,77.27,4,"=6.592e-16",0.059,14.489,"1.389e-11",79.275,4,"=2.481e-16",0.06,14.551,"1.239e-11",79.275,4,"=2.481e-16",0.06,14.551,"1.239e-11"
190,"ex190","faces_ex190.lst",1,"Poisson","(iii)","(iii)","(iii)",0.0925,0.1124,0.081,0.0815,0.0825,0.248,0.302,0.217,0.219,0.221,0.124,0.151,0.109,0.109,0.111,49.293,4,"=5.073e-10",0.037,26.552,"<",58.617,4,"=5.664e-12",0.044,26.805,"<",58.617,4,"=5.664e-12",0.044,26.805,"<"
191,"ex191","faces_ex191.lst",1,"Poisson","(v)","(v)","(v)",0.0781,0.0829,0.0582,0.058,0.0576,0.212,0.222,0.157,0.156,0.155,0.1058,0.1111,0.0784,0.0779,0.0775,49.093,4,"=5.583e-10",0.037,24.847,"<",49.377,4,"=4.872e-10",0.037,24.672,"<",49.377,4,"=4.872e-10",0.037,24.672,"<"
192,"ex192","faces_ex192.lst",1,"Poisson","(i)","(i)","(i)",0.0414,0.0606,0.0416,0.042,0.0416,0.112,0.163,0.112,0.113,0.112,0.0558,0.0814,0.0562,0.0566,0.0562,99.91,4,"<2.2e-16",0.076,46.772,"<",95.925,4,"<2.2e-16",0.073,46.452,"<",95.925,4,"<2.2e-16",0.073,46.452,"<"
193,"ex193","faces_ex193.lst",1,"Poisson","(iii)","(iii)","(iii)",0.0873,0.1107,0.0812,0.0814,0.0812,0.235,0.298,0.219,0.219,0.219,0.118,0.149,0.109,0.11,0.109,46.364,4,"=2.069e-09",0.035,36.677,"<",48.759,4,"=6.556e-10",0.037,37.213,"<",48.759,4,"=6.556e-10",0.037,37.213,"<"
194,"ex194","faces_ex194.lst",1,"Poisson","(v)","(iii)","(v)",0.0814,0.0854,0.0594,0.0596,0.0591,0.22,0.229,0.159,0.16,0.159,0.1101,0.1145,0.0797,0.0799,0.0794,86.276,4,"<2.2e-16",0.065,25.598,"<",89.011,4,"<2.2e-16",0.067,25.419,"<",89.011,4,"<2.2e-16",0.067,25.419,"<"
195,"ex195","faces_ex195.lst",1,"Poisson","(iii)","(iii)","(iii)",0.0433,0.064,0.042,0.0426,0.0434,0.116,0.172,0.112,0.114,0.116,0.058,0.0859,0.0562,0.0571,0.0582,124.45,4,"<2.2e-16",0.094,59.922,"<",124.3,4,"<2.2e-16",0.094,59.174,"<",124.3,4,"<2.2e-16",0.094,59.174,"<"
196,"ex196","faces_ex196.lst",1,"Poisson","(v)","(v)","(v)",0.0926,0.1198,0.0863,0.0865,0.0855,0.25,0.322,0.233,0.234,0.231,0.125,0.161,0.116,0.117,0.115,35.025,4,"=4.59e-07",0.027,28.968,"<",29.898,4,"=5.134e-06",0.023,27.645,"<",29.898,4,"=5.134e-06",0.023,27.645,"<"
197,"ex197","faces_ex197.lst",1,"Poisson","(iii)","(iii)","(iii)",0.0718,0.0888,0.0589,0.0591,0.0595,0.194,0.238,0.158,0.159,0.16,0.097,0.1191,0.0791,0.0793,0.08,88.41,4,"<2.2e-16",0.067,27.605,"<",86.965,4,"<2.2e-16",0.066,27.653,"<",86.965,4,"<2.2e-16",0.066,27.653,"<"
198,"ex198","faces_ex198.lst",1,"Poisson","(iii)","(iii)","(iii)",0.0449,0.0632,0.0444,0.0446,0.0451,0.121,0.17,0.119,0.12,0.122,0.0606,0.0849,0.0596,0.0599,0.0609,128.52,4,"<2.2e-16",0.097,75.276,"<",125.37,4,"<2.2e-16",0.095,73.19,"<",125.37,4,"<2.2e-16",0.095,73.19,"<"
199,"ex199","faces_ex199.lst",1,"Poisson","(v)","(v)","(iii)",0.0899,0.1078,0.0804,0.0808,0.08,0.242,0.29,0.216,0.218,0.215,0.121,0.145,0.108,0.109,0.108,66.553,4,"=1.211e-13",0.05,26.519,"<",68.114,4,"=5.676e-14",0.052,26.985,"<",68.114,4,"=5.676e-14",0.052,26.985,"<"
200,"ex200","faces_ex200.lst",1,"Poisson","(iv)","(iii)","(iii)",0.0795,0.0853,0.0563,0.0562,0.0565,0.216,0.23,0.151,0.151,0.152,0.108,0.1149,0.0754,0.0754,0.0758,87.535,4,"<2.2e-16",0.066,25.496,"<",90.657,4,"<2.2e-16",0.069,25.566,"<",90.657,4,"<2.2e-16",0.069,25.566,"<"
201,"ex201","faces_ex201.lst",1,"Poisson","(iii)","(iii)","(iii)",0.044,0.0576,0.0398,0.0407,0.041,0.12,0.155,0.107,0.11,0.111,0.0598,0.0777,0.0536,0.055,0.0554,93.547,4,"<2.2e-16",0.071,34.203,"<",101.74,4,"<2.2e-16",0.077,33.158,"<",101.74,4,"<2.2e-16",0.077,33.158,"<"
202,"ex202","faces_ex202.lst",1,"Poisson","(iv)","(iv)","(iv)",0.0833,0.1087,0.0741,0.0736,0.074,0.224,0.293,0.199,0.198,0.199,0.1121,0.1464,0.0994,0.0989,0.0995,46.17,4,"=2.271e-09",0.035,34.039,"<",46.383,4,"=2.05e-09",0.035,34.28,"<",46.383,4,"=2.05e-09",0.035,34.28,"<"
203,"ex203","faces_ex203.lst",1,"Poisson","(iii)","(iii)","(iii)",0.0775,0.0767,0.0574,0.0578,0.0574,0.211,0.206,0.154,0.155,0.155,0.1053,0.1028,0.0772,0.0776,0.0774,79.77,4,"<2.2e-16",0.06,24.784,"<",82.371,4,"<2.2e-16",0.062,24.177,"<",82.371,4,"<2.2e-16",0.062,24.177,"<"
204,"ex204","faces_ex204.lst",1,"Poisson","(iii)","(iii)","(iii)",0.0404,0.0634,0.0391,0.0399,0.0403,0.109,0.171,0.106,0.108,0.109,0.0544,0.0854,0.053,0.054,0.0543,98.223,4,"<2.2e-16",0.074,37.09,"<",96.051,4,"<2.2e-16",0.073,37.89,"<",96.051,4,"<2.2e-16",0.073,37.89,"<"
205,"ex205","faces_ex205.lst",1,"Poisson","(iv)","(iv)","(iii)",0.0916,0.1051,0.0803,0.0799,0.08,0.247,0.282,0.217,0.216,0.216,0.123,0.141,0.108,0.108,0.108,28.31,4,"=1.079e-05",0.021,20.137,"4.109e-16",28.189,4,"=1.142e-05",0.021,19.523,"1.272e-15",28.189,4,"=1.142e-05",0.021,19.523,"1.272e-15"
206,"ex206","faces_ex206.lst",1,"Poisson","(v)","(v)","(v)",0.0737,0.0777,0.0559,0.0552,0.0551,0.2,0.209,0.15,0.149,0.148,0.1001,0.1043,0.0752,0.0744,0.0742,71.166,4,"=1.288e-14",0.054,25.558,"<",58.044,4,"=7.472e-12",0.044,24.541,"<",58.044,4,"=7.472e-12",0.044,24.541,"<"
207,"ex207","faces_ex207.lst",1,"Poisson","(iii)","(iii)","(iii)",0.0418,0.0652,0.0414,0.042,0.0419,0.112,0.175,0.111,0.113,0.113,0.0562,0.0876,0.0557,0.0566,0.0564,112.94,4,"<2.2e-16",0.086,39.276,"<",109.4,4,"<2.2e-16",0.083,38.842,"<",109.4,4,"<2.2e-16",0.083,38.842,"<"
208,"ex208","faces_ex208.lst",1,"Poisson","(iv)","(iv)","(iii)",0.0894,0.1089,0.0795,0.0793,0.0793,0.241,0.293,0.214,0.213,0.213,0.12,0.146,0.107,0.107,0.107,46.485,4,"=1.952e-09",0.035,26.126,"<",48.735,4,"=6.633e-10",0.037,25.728,"<",48.735,4,"=6.633e-10",0.037,25.728,"<"
209,"ex209","faces_ex209.lst",1,"Poisson","(iii)","(iii)","(iii)",0.0802,0.0765,0.0531,0.0535,0.0532,0.217,0.205,0.142,0.143,0.143,0.1084,0.1025,0.0711,0.0717,0.0713,76.216,4,"=1.102e-15",0.058,26.773,"<",81.503,4,"<2.2e-16",0.062,26.848,"<",81.503,4,"<2.2e-16",0.062,26.848,"<"
210,"ex210","faces_ex210.lst",1,"Poisson","(iii)","(iii)","(iii)",0.0431,0.0576,0.04,0.0402,0.0406,0.116,0.155,0.107,0.108,0.109,0.058,0.0773,0.0535,0.0538,0.0545,56.562,4,"=1.528e-11",0.043,23.7,"<",66.015,4,"=1.573e-13",0.05,23.734,"<",66.015,4,"=1.573e-13",0.05,23.734,"<"
211,"ex211","faces_ex211.lst",1,"Poisson","(iv)","(iii)","(iv)",0.1005,0.1046,0.076,0.0759,0.0762,0.269,0.282,0.203,0.203,0.204,0.135,0.141,0.102,0.101,0.102,31.673,4,"=2.232e-06",0.024,20.665,"<",30.977,4,"=3.095e-06",0.023,21.14,"<",30.977,4,"=3.095e-06",0.023,21.14,"<"
212,"ex212","faces_ex212.lst",1,"Poisson","(iv)","(iii)","(iv)",0.0864,0.0786,0.0586,0.0583,0.0588,0.235,0.211,0.157,0.157,0.158,0.1173,0.1053,0.0786,0.0783,0.0791,48.638,4,"=6.949e-10",0.037,29.17,"<",55.838,4,"=2.169e-11",0.042,29.089,"<",55.838,4,"=2.169e-11",0.042,29.089,"<"
213,"ex213","faces_ex213.lst",1,"Poisson","(iii)","(iii)","(iii)",0.0403,0.0565,0.0382,0.0386,0.0389,0.109,0.152,0.103,0.104,0.105,0.0543,0.0761,0.0513,0.0518,0.0525,68.684,4,"=4.304e-14",0.052,27.651,"<",74.07,4,"=3.133e-15",0.056,27.98,"<",74.07,4,"=3.133e-15",0.056,27.98,"<"
214,"ex214","faces_ex214.lst",1,"Poisson","(iv)","(iv)","(iii)",0.0938,0.1019,0.0827,0.0825,0.0825,0.253,0.274,0.223,0.222,0.222,0.127,0.137,0.111,0.111,0.111,17.784,4,"=0.00136",0.013,12.404,"6.616e-10",17.956,4,"=0.001259",0.014,12.244,"8.899e-10",17.956,4,"=0.001259",0.014,12.244,"8.899e-10"
215,"ex215","faces_ex215.lst",1,"Poisson","(iii)","(iii)","(iii)",0.0795,0.0783,0.0533,0.0537,0.0539,0.216,0.21,0.144,0.144,0.145,0.1079,0.105,0.0718,0.0722,0.0725,62.041,4,"=1.08e-12",0.047,25.026,"<",62.184,4,"=1.008e-12",0.047,25.474,"<",62.184,4,"=1.008e-12",0.047,25.474,"<"
216,"ex216","faces_ex216.lst",1,"Poisson","(iii)","(iii)","(iii)",0.0424,0.0628,0.0391,0.0393,0.0396,0.114,0.169,0.105,0.106,0.107,0.057,0.0845,0.0525,0.0528,0.0533,160.99,4,"<2.2e-16",0.122,47.932,"<",156.84,4,"<2.2e-16",0.119,48.619,"<",156.84,4,"<2.2e-16",0.119,48.619,"<"
217,"ex217","faces_ex217.lst",1,"Poisson","(iv)","(iv)","(iv)",0.139,0.19,0.138,0.137,0.139,0.378,0.511,0.373,0.371,0.375,0.189,0.255,0.187,0.186,0.188,35.343,4,"=3.949e-07",0.027,58.306,"<",39.75,4,"=4.875e-08",0.03,55.598,"<",39.75,4,"=4.875e-08",0.03,55.598,"<"
218,"ex218","faces_ex218.lst",1,"Poisson","(v)","(v)","(v)",0.101,0.13,0.104,0.102,0.1,0.274,0.351,0.28,0.275,0.27,0.137,0.175,0.14,0.138,0.135,68.463,4,"=4.79e-14",0.052,40.623,"<",69.566,4,"=2.803e-14",0.053,40.49,"<",69.566,4,"=2.803e-14",0.053,40.49,"<"
219,"ex219","faces_ex219.lst",1,"Poisson","(iv)","(iv)","(iv)",0.0728,0.1003,0.0715,0.0709,0.0801,0.197,0.27,0.192,0.19,0.217,0.0985,0.1352,0.0958,0.0952,0.1086,77.537,4,"=5.789e-16",0.059,33.532,"<",75.181,4,"=1.825e-15",0.057,33.726,"<",75.181,4,"=1.825e-15",0.057,33.726,"<"
220,"ex220","faces_ex220.lst",1,"Poisson","(iv)","(iv)","(iv)",0.134,0.176,0.132,0.13,0.135,0.36,0.474,0.354,0.35,0.363,0.18,0.237,0.177,0.175,0.181,23.404,4,"=0.0001052",0.018,29.25,"<",24.958,4,"=5.131e-05",0.019,29.176,"<",24.958,4,"=5.131e-05",0.019,29.176,"<"
221,"ex221","faces_ex221.lst",1,"Poisson","(i)","(v)","(i)",0.0959,0.1282,0.0983,0.0968,0.0959,0.259,0.344,0.264,0.261,0.258,0.129,0.172,0.132,0.131,0.129,75.959,4,"=1.249e-15",0.058,59.724,"<",77.023,4,"=7.437e-16",0.058,58.095,"<",77.023,4,"=7.437e-16",0.058,58.095,"<"
222,"ex222","faces_ex222.lst",1,"Poisson","(iii)","(iii)","(iii)",0.0722,0.101,0.0712,0.0726,0.074,0.195,0.271,0.191,0.195,0.2,0.0973,0.1353,0.0954,0.0975,0.0999,98.819,4,"<2.2e-16",0.075,64.542,"<",97.91,4,"<2.2e-16",0.074,61.411,"<",97.91,4,"<2.2e-16",0.074,61.411,"<"
223,"ex223","faces_ex223.lst",1,"Poisson","(i)","(i)","(i)",0.131,0.175,0.133,0.132,0.137,0.353,0.47,0.357,0.355,0.368,0.177,0.235,0.179,0.178,0.184,39.893,4,"=4.554e-08",0.03,32.539,"<",29.947,4,"=5.018e-06",0.023,32.739,"<",29.947,4,"=5.018e-06",0.023,32.739,"<"
224,"ex224","faces_ex224.lst",1,"Poisson","(v)","(iv)","(iv)",0.0992,0.1429,0.1022,0.0986,0.0982,0.267,0.383,0.275,0.264,0.264,0.133,0.192,0.137,0.132,0.132,93.394,4,"<2.2e-16",0.071,53.013,"<",102.97,4,"<2.2e-16",0.078,53.011,"<",102.97,4,"<2.2e-16",0.078,53.011,"<"
225,"ex225","faces_ex225.lst",1,"Poisson","(iii)","(iii)","(iii)",0.0749,0.1056,0.0725,0.0738,0.0852,0.203,0.284,0.195,0.199,0.23,0.1013,0.1419,0.0976,0.0993,0.1152,81.787,4,"<2.2e-16",0.062,33.869,"<",82.759,4,"<2.2e-16",0.063,32.595,"<",82.759,4,"<2.2e-16",0.063,32.595,"<"
226,"ex226","faces_ex226.lst",1,"Poisson","(i)","(iv)","(iv)",0.135,0.176,0.135,0.135,0.135,0.361,0.474,0.362,0.36,0.361,0.181,0.237,0.181,0.18,0.18,14.766,4,"=0.005212",0.011,28.702,"<",14.817,4,"=0.005096",0.011,29.445,"<",14.817,4,"=0.005096",0.011,29.445,"<"
227,"ex227","faces_ex227.lst",1,"Poisson","(v)","(v)","(v)",0.106,0.142,0.107,0.106,0.105,0.285,0.379,0.284,0.284,0.282,0.143,0.19,0.142,0.142,0.141,56.579,4,"=1.516e-11",0.043,45.398,"<",53.067,4,"=8.252e-11",0.04,45.077,"<",53.067,4,"=8.252e-11",0.04,45.077,"<"
228,"ex228","faces_ex228.lst",1,"Poisson","(iii)","(iii)","(iii)",0.0772,0.1064,0.0754,0.0768,0.0837,0.209,0.285,0.202,0.207,0.227,0.105,0.142,0.101,0.103,0.113,80.279,4,"<2.2e-16",0.061,34.414,"<",83.256,4,"<2.2e-16",0.063,33.002,"<",83.256,4,"<2.2e-16",0.063,33.002,"<"
229,"ex229","faces_ex229.lst",1,"Poisson","(iv)","(v)","(v)",0.14,0.175,0.136,0.135,0.135,0.375,0.468,0.365,0.362,0.361,0.188,0.234,0.183,0.181,0.18,18.713,4,"=0.0008949",0.014,31.97,"<",16.245,4,"=0.002708",0.012,31.754,"<",16.245,4,"=0.002708",0.012,31.754,"<"
230,"ex230","faces_ex230.lst",1,"Poisson","(v)","(v)","(v)",0.0949,0.1292,0.0954,0.0949,0.0933,0.257,0.348,0.257,0.255,0.252,0.128,0.174,0.129,0.128,0.126,73.447,4,"=4.244e-15",0.056,43.201,"<",72.601,4,"=6.406e-15",0.055,41.964,"<",72.601,4,"=6.406e-15",0.055,41.964,"<"
231,"ex231","faces_ex231.lst",1,"Poisson","(iii)","(iii)","(iii)",0.072,0.1072,0.0709,0.0729,0.0734,0.195,0.29,0.191,0.197,0.199,0.0974,0.1449,0.0955,0.0985,0.0995,118.84,4,"<2.2e-16",0.09,64.032,"<",120.74,4,"<2.2e-16",0.091,61.142,"<",120.74,4,"<2.2e-16",0.091,61.142,"<"
232,"ex232","faces_ex232.lst",1,"Poisson","(v)","(v)","(v)",0.138,0.172,0.136,0.136,0.135,0.37,0.461,0.366,0.364,0.362,0.185,0.23,0.183,0.182,0.181,16.439,4,"=0.002484",0.012,24.093,"<",18.621,4,"=0.0009329",0.014,24.203,"<",18.621,4,"=0.0009329",0.014,24.203,"<"
233,"ex233","faces_ex233.lst",1,"Poisson","(v)","(v)","(v)",0.1046,0.1329,0.1027,0.1018,0.0982,0.283,0.357,0.276,0.275,0.266,0.142,0.179,0.138,0.137,0.133,101.12,4,"<2.2e-16",0.077,38.528,"<",91.421,4,"<2.2e-16",0.069,36.788,"<",91.421,4,"<2.2e-16",0.069,36.788,"<"
234,"ex234","faces_ex234.lst",1,"Poisson","(iii)","(iii)","(iii)",0.0733,0.1041,0.0697,0.0718,0.075,0.198,0.279,0.186,0.192,0.203,0.0989,0.1395,0.0931,0.0962,0.1013,108.79,4,"<2.2e-16",0.082,75.7,"<",120.1,4,"<2.2e-16",0.091,73.586,"<",120.1,4,"<2.2e-16",0.091,73.586,"<"
235,"ex235","faces_ex235.lst",1,"Poisson","(i)","(i)","(i)",0.137,0.187,0.138,0.138,0.138,0.366,0.501,0.369,0.37,0.371,0.183,0.251,0.185,0.185,0.185,65.132,4,"=2.413e-13",0.049,46.786,"<",63.707,4,"=4.818e-13",0.048,45.067,"<",63.707,4,"=4.818e-13",0.048,45.067,"<"
236,"ex236","faces_ex236.lst",1,"Poisson","(v)","(v)","(v)",0.0984,0.1283,0.1005,0.0998,0.0969,0.264,0.344,0.27,0.268,0.26,0.132,0.172,0.135,0.134,0.13,56.686,4,"=1.44e-11",0.043,49.696,"<",62.136,4,"=1.031e-12",0.047,50.051,"<",62.136,4,"=1.031e-12",0.047,50.051,"<"
237,"ex237","faces_ex237.lst",1,"Poisson","(iii)","(iii)","(iii)",0.0684,0.0945,0.0656,0.0676,0.072,0.185,0.253,0.176,0.181,0.196,0.0927,0.1267,0.088,0.0907,0.0979,105.24,4,"<2.2e-16",0.08,45.238,"<",102.96,4,"<2.2e-16",0.078,42.364,"<",102.96,4,"<2.2e-16",0.078,42.364,"<"
238,"ex238","faces_ex238.lst",1,"Poisson","(v)","(v)","(v)",0.143,0.179,0.141,0.141,0.138,0.386,0.481,0.381,0.38,0.371,0.193,0.241,0.191,0.19,0.186,36.288,4,"=2.524e-07",0.027,26.198,"<",34.456,4,"=6.008e-07",0.026,25.729,"<",34.456,4,"=6.008e-07",0.026,25.729,"<"
239,"ex239","faces_ex239.lst",1,"Poisson","(v)","(v)","(v)",0.0948,0.1319,0.0944,0.0937,0.0929,0.256,0.355,0.254,0.252,0.25,0.128,0.177,0.127,0.126,0.125,102.06,4,"<2.2e-16",0.077,49.102,"<",89.835,4,"<2.2e-16",0.068,47.415,"<",89.835,4,"<2.2e-16",0.068,47.415,"<"
240,"ex240","faces_ex240.lst",1,"Poisson","(iii)","(iii)","(iii)",0.0742,0.1056,0.0703,0.0719,0.0766,0.2,0.285,0.189,0.194,0.208,0.1002,0.1423,0.0947,0.0969,0.1039,141.23,4,"<2.2e-16",0.107,72.755,"<",133.7,4,"<2.2e-16",0.101,69.099,"<",133.7,4,"<2.2e-16",0.101,69.099,"<"
241,"ex241","faces_ex241.lst",1,"Poisson","(iv)","(iv)","(iv)",0.139,0.182,0.139,0.137,0.138,0.375,0.491,0.374,0.37,0.372,0.188,0.245,0.187,0.185,0.186,26.313,4,"=2.737e-05",0.02,34.944,"<",27.624,4,"=1.486e-05",0.021,35.586,"<",27.624,4,"=1.486e-05",0.021,35.586,"<"
242,"ex242","faces_ex242.lst",1,"Poisson","(v)","(v)","(v)",0.1,0.131,0.101,0.101,0.098,0.272,0.353,0.272,0.272,0.265,0.136,0.176,0.136,0.136,0.133,89.127,4,"<2.2e-16",0.068,53.517,"<",82.286,4,"<2.2e-16",0.062,51.039,"<",82.286,4,"<2.2e-16",0.062,51.039,"<"
243,"ex243","faces_ex243.lst",1,"Poisson","(iii)","(iii)","(iii)",0.0749,0.1087,0.0723,0.0731,0.0788,0.203,0.292,0.194,0.197,0.214,0.1016,0.1462,0.0971,0.0985,0.1069,95.888,4,"<2.2e-16",0.073,44.854,"<",93.038,4,"<2.2e-16",0.07,43.087,"<",93.038,4,"<2.2e-16",0.07,43.087,"<"
244,"ex244","faces_ex244.lst",2,"Lognormal","(iii)","(iii)","(iii)",0.118,0.123,0.107,0.113,0.113,0.319,0.332,0.29,0.304,0.304,0.159,0.166,0.145,0.152,0.152,61.961,4,"=1.122e-12",0.047,11.73,"2.303e-09",70.642,4,"=1.661e-14",0.054,11.544,"3.25e-09",70.642,4,"=1.661e-14",0.054,11.544,"3.25e-09"
245,"ex245","faces_ex245.lst",2,"Lognormal","(iii)","(iii)","(iii)",0.0765,0.0876,0.073,0.076,0.0738,0.206,0.236,0.197,0.204,0.199,0.1031,0.1179,0.0983,0.1022,0.0993,44.393,4,"=5.317e-09",0.034,19.978,"5.508e-16",52.822,4,"=9.286e-11",0.04,19.401,"1.592e-15",52.822,4,"=9.286e-11",0.04,19.401,"1.592e-15"
246,"ex246","faces_ex246.lst",2,"Lognormal","(iii)","(iii)","(iii)",0.0571,0.0675,0.0514,0.053,0.0523,0.154,0.18,0.139,0.143,0.142,0.0768,0.0902,0.0694,0.0717,0.0708,70.383,4,"=1.884e-14",0.053,31.883,"<",75.069,4,"=1.927e-15",0.057,28.653,"<",75.069,4,"=1.927e-15",0.057,28.653,"<"
247,"ex247","faces_ex247.lst",2,"Lognormal","(iii)","(iii)","(iii)",0.111,0.12,0.104,0.111,0.109,0.299,0.323,0.281,0.3,0.294,0.149,0.161,0.141,0.15,0.147,69.195,4,"=3.357e-14",0.052,12.371,"7.025e-10",75.181,4,"=1.824e-15",0.057,11.634,"2.753e-09",75.181,4,"=1.824e-15",0.057,11.634,"2.753e-09"
248,"ex248","faces_ex248.lst",2,"Lognormal","(iii)","(iii)","(iii)",0.0806,0.0877,0.0726,0.075,0.0751,0.218,0.237,0.196,0.203,0.203,0.1088,0.1185,0.0979,0.1014,0.1014,59.607,4,"=3.508e-12",0.045,19.97,"5.588e-16",62.633,4,"=8.108e-13",0.047,19.767,"8.126e-16",62.633,4,"=8.108e-13",0.047,19.767,"8.126e-16"
249,"ex249","faces_ex249.lst",2,"Lognormal","(iii)","(iii)","(v)",0.0569,0.0655,0.0517,0.0527,0.0517,0.153,0.175,0.139,0.141,0.139,0.0767,0.0874,0.0695,0.0706,0.0693,59.234,4,"=4.202e-12",0.045,17.141,"1.029e-13",58.824,4,"=5.123e-12",0.045,16.372,"4.262e-13",58.824,4,"=5.123e-12",0.045,16.372,"4.262e-13"
250,"ex250","faces_ex250.lst",2,"Lognormal","(iii)","(iii)","(iii)",0.117,0.133,0.11,0.117,0.115,0.316,0.356,0.295,0.314,0.31,0.158,0.178,0.148,0.157,0.155,102.19,4,"<2.2e-16",0.077,18.866,"4.267e-15",109.29,4,"<2.2e-16",0.083,18.015,"2.049e-14",109.29,4,"<2.2e-16",0.083,18.015,"2.049e-14"
251,"ex251","faces_ex251.lst",2,"Lognormal","(iii)","(iii)","(iii)",0.0819,0.0935,0.0746,0.0782,0.0757,0.222,0.252,0.201,0.211,0.204,0.111,0.126,0.1,0.106,0.102,79.086,4,"=2.72e-16",0.06,19.913,"6.211e-16",79.304,4,"=2.446e-16",0.06,19.948,"5.827e-16",79.304,4,"=2.446e-16",0.06,19.948,"5.827e-16"
252,"ex252","faces_ex252.lst",2,"Lognormal","(iii)","(iii)","(iii)",0.0609,0.0694,0.0548,0.0568,0.0551,0.164,0.187,0.148,0.153,0.148,0.082,0.0935,0.0738,0.0766,0.0739,33.29,4,"=1.042e-06",0.025,15.886,"1.047e-12",32.424,4,"=1.567e-06",0.025,16.119,"6.805e-13",32.424,4,"=1.567e-06",0.025,16.119,"6.805e-13"
253,"ex253","faces_ex253.lst",2,"Lognormal","(iii)","(iii)","(iii)",0.0991,0.1057,0.0948,0.0985,0.097,0.268,0.286,0.256,0.266,0.262,0.134,0.143,0.128,0.133,0.131,61.103,4,"=1.701e-12",0.046,7.9577,"2.448e-06",76.079,4,"=1.178e-15",0.058,7.7732,"3.436e-06",76.464,4,"=9.764e-16",0.058,7.7732,"3.436e-06"
254,"ex254","faces_ex254.lst",2,"Lognormal","(iii)","(iii)","(iii)",0.0716,0.0802,0.0647,0.0657,0.0653,0.193,0.215,0.174,0.177,0.176,0.0965,0.1075,0.087,0.0884,0.0879,26.417,4,"=2.607e-05",0.02,14.788,"7.987e-12",23.258,4,"=0.0001124",0.018,14.565,"1.206e-11",23.258,4,"=0.0001124",0.018,14.565,"1.206e-11"
255,"ex255","faces_ex255.lst",2,"Lognormal","(iii)","(iii)","(iii)",0.0501,0.0546,0.0434,0.0437,0.0437,0.135,0.146,0.117,0.118,0.118,0.0677,0.0732,0.0586,0.059,0.0589,44.383,4,"=5.342e-09",0.034,12.208,"9.514e-10",36.928,4,"=1.863e-07",0.028,11.085,"7.616e-09",36.928,4,"=1.863e-07",0.028,11.085,"7.616e-09"
256,"ex256","faces_ex256.lst",2,"Lognormal","(iii)","(iii)","(iii)",0.0939,0.1023,0.0918,0.0949,0.0939,0.253,0.277,0.247,0.256,0.253,0.127,0.138,0.124,0.128,0.127,46.375,4,"=2.058e-09",0.035,10.689,"1.583e-08",57.791,4,"=8.44e-12",0.044,11.074,"7.768e-09",57.791,4,"=8.44e-12",0.044,11.074,"7.768e-09"
257,"ex257","faces_ex257.lst",2,"Lognormal","(iii)","(iii)","(iii)",0.0751,0.0843,0.0706,0.0718,0.0722,0.203,0.226,0.189,0.193,0.194,0.1013,0.1128,0.0947,0.0967,0.0971,70.478,4,"=1.8e-14",0.053,16.022,"8.148e-13",61.605,4,"=1.334e-12",0.047,15.089,"4.572e-12",61.605,4,"=1.334e-12",0.047,15.089,"4.572e-12"
258,"ex258","faces_ex258.lst",2,"Lognormal","(iii)","(iii)","(iii)",0.0492,0.0584,0.046,0.0467,0.0462,0.133,0.157,0.124,0.126,0.124,0.0664,0.0784,0.0619,0.0629,0.0622,61.67,4,"=1.292e-12",0.047,16.381,"4.196e-13",57.316,4,"=1.062e-11",0.043,16.482,"3.482e-13",57.316,4,"=1.062e-11",0.043,16.482,"3.482e-13"
259,"ex259","faces_ex259.lst",2,"Lognormal","(iii)","(iii)","(iii)",0.108,0.113,0.101,0.106,0.105,0.293,0.304,0.274,0.286,0.283,0.146,0.152,0.137,0.143,0.142,95.006,4,"<2.2e-16",0.072,9.8162,"7.96e-08",101.92,4,"<2.2e-16",0.077,9.4583,"1.542e-07",101.92,4,"<2.2e-16",0.077,9.4583,"1.542e-07"
260,"ex260","faces_ex260.lst",2,"Lognormal","(v)","(iii)","(v)",0.0691,0.0787,0.0659,0.0673,0.0658,0.186,0.211,0.178,0.182,0.178,0.0931,0.1055,0.0891,0.091,0.0889,54.233,4,"=4.704e-11",0.041,14.862,"6.969e-12",42.252,4,"=1.479e-08",0.032,13.062,"1.954e-10",42.252,4,"=1.479e-08",0.032,13.062,"1.954e-10"
261,"ex261","faces_ex261.lst",2,"Lognormal","(v)","(v)","(v)",0.0512,0.0611,0.048,0.0489,0.0478,0.137,0.164,0.129,0.131,0.128,0.0686,0.0819,0.0645,0.0657,0.0642,58.194,4,"=6.948e-12",0.044,16.109,"6.931e-13",61.835,4,"=1.193e-12",0.047,16.534,"3.163e-13",61.835,4,"=1.193e-12",0.047,16.534,"3.163e-13"
262,"ex262","faces_ex262.lst",2,"Lognormal","(iii)","(iii)","(iii)",0.0899,0.0978,0.0882,0.0903,0.0896,0.243,0.264,0.239,0.244,0.243,0.122,0.132,0.119,0.122,0.121,59.779,4,"=3.228e-12",0.045,10.894,"1.083e-08",66.124,4,"=1.492e-13",0.05,10.302,"3.241e-08",66.124,4,"=1.492e-13",0.05,10.302,"3.241e-08"
263,"ex263","faces_ex263.lst",2,"Lognormal","(iii)","(iii)","(iii)",0.0662,0.0659,0.0572,0.058,0.0574,0.18,0.177,0.154,0.156,0.154,0.0898,0.0886,0.077,0.0782,0.0772,46.795,4,"=1.682e-09",0.035,11.709,"2.399e-09",51.028,4,"=2.202e-10",0.039,11.615,"2.851e-09",51.028,4,"=2.202e-10",0.039,11.615,"2.851e-09"
264,"ex264","faces_ex264.lst",2,"Lognormal","(iii)","(iii)","(iii)",0.0504,0.0552,0.0438,0.0441,0.044,0.136,0.148,0.118,0.119,0.118,0.0679,0.0742,0.0589,0.0593,0.0592,33.995,4,"=7.469e-07",0.026,8.1786,"1.631e-06",32.562,4,"=1.468e-06",0.025,8.2594,"1.406e-06",32.562,4,"=1.468e-06",0.025,8.2594,"1.406e-06"
265,"ex265","faces_ex265.lst",2,"Lognormal","(iii)","(iii)","(iii)",0.0932,0.0943,0.0841,0.0865,0.0852,0.253,0.256,0.228,0.235,0.232,0.126,0.128,0.114,0.118,0.116,80.586,4,"<2.2e-16",0.061,6.8659,"1.81e-05",93.6,4,"<2.2e-16",0.071,6.9543,"1.54e-05",93.6,4,"<2.2e-16",0.071,6.9543,"1.54e-05"
266,"ex266","faces_ex266.lst",2,"Lognormal","(iii)","(iii)","(iii)",0.0664,0.0697,0.0591,0.0597,0.0592,0.179,0.187,0.159,0.161,0.159,0.0895,0.0935,0.0795,0.0804,0.0797,35.345,4,"=3.945e-07",0.027,11.323,"4.901e-09",42.417,4,"=1.367e-08",0.032,11.217,"5.959e-09",42.417,4,"=1.367e-08",0.032,11.217,"5.959e-09"
267,"ex267","faces_ex267.lst",2,"Lognormal","(iii)","(iii)","(iii)",0.0486,0.0539,0.0404,0.0406,0.0417,0.131,0.146,0.109,0.109,0.112,0.0657,0.0729,0.0544,0.0547,0.0561,49.954,4,"=3.692e-10",0.038,7.838,"3.05e-06",45.922,4,"=2.556e-09",0.035,8.0323,"2.135e-06",45.922,4,"=2.556e-09",0.035,8.0323,"2.135e-06"
268,"ex268","faces_ex268.lst",2,"Lognormal","(iii)","(iii)","(iii)",0.0885,0.0945,0.0871,0.0887,0.0882,0.239,0.255,0.235,0.239,0.238,0.12,0.128,0.118,0.12,0.119,47.045,4,"=1.492e-09",0.036,5.4824,"0.0002232",49.177,4,"=5.364e-10",0.037,5.5586,"0.0001945",49.177,4,"=5.364e-10",0.037,5.5586,"0.0001945"
269,"ex269","faces_ex269.lst",2,"Lognormal","(iii)","(iii)","(iii)",0.0626,0.0686,0.0594,0.0599,0.0599,0.169,0.185,0.16,0.162,0.161,0.0846,0.0924,0.08,0.0809,0.0806,40.941,4,"=2.765e-08",0.031,13.35,"1.147e-10",50.863,4,"=2.384e-10",0.039,12.657,"4.14e-10",50.863,4,"=2.384e-10",0.039,12.657,"4.14e-10"
270,"ex270","faces_ex270.lst",2,"Lognormal","(v)","(v)","(v)",0.0499,0.0521,0.0439,0.0441,0.0435,0.135,0.14,0.118,0.119,0.117,0.0675,0.07,0.0591,0.0594,0.0586,63.382,4,"=5.639e-13",0.048,7.4406,"6.324e-06",54.635,4,"=3.874e-11",0.041,7.1001,"1.18e-05",54.635,4,"=3.874e-11",0.041,7.1001,"1.18e-05"
271,"ex271","faces_ex271.lst",2,"Lognormal","(iii)","(iii)","(iii)",0.138,0.149,0.131,0.138,0.135,0.372,0.402,0.354,0.373,0.365,0.186,0.201,0.177,0.186,0.182,53.083,4,"=8.189e-11",0.04,10.062,"5.054e-08",61.189,4,"=1.631e-12",0.046,10.491,"2.287e-08",61.189,4,"=1.631e-12",0.046,10.491,"2.287e-08"
272,"ex272","faces_ex272.lst",2,"Lognormal","(iii)","(iii)","(iii)",0.0908,0.1109,0.0894,0.0924,0.0897,0.245,0.298,0.24,0.249,0.241,0.122,0.149,0.12,0.124,0.121,51.067,4,"=2.162e-10",0.039,29.823,"<",55.047,4,"=3.176e-11",0.042,28.857,"<",55.047,4,"=3.176e-11",0.042,28.857,"<"
273,"ex273","faces_ex273.lst",2,"Lognormal","(i)","(i)","(i)",0.0641,0.0837,0.0667,0.0688,0.0657,0.172,0.224,0.179,0.185,0.177,0.0862,0.1122,0.0895,0.0925,0.0883,63.377,4,"=5.653e-13",0.048,33.083,"<",71.37,4,"=1.166e-14",0.054,33.027,"<",71.37,4,"=1.166e-14",0.054,33.027,"<"
274,"ex274","faces_ex274.lst",2,"Lognormal","(iii)","(iii)","(iii)",0.136,0.152,0.132,0.136,0.136,0.366,0.41,0.356,0.369,0.367,0.183,0.205,0.178,0.184,0.184,53.842,4,"=5.678e-11",0.041,14.599,"1.134e-11",56.848,4,"=1.331e-11",0.043,14.78,"8.117e-12",56.848,4,"=1.331e-11",0.043,14.78,"8.117e-12"
275,"ex275","faces_ex275.lst",2,"Lognormal","(v)","(iii)","(iii)",0.0939,0.1085,0.0919,0.0946,0.0918,0.252,0.292,0.246,0.254,0.246,0.126,0.146,0.123,0.127,0.123,25.92,4,"=3.284e-05",0.02,17.227,"8.777e-14",34.293,4,"=6.488e-07",0.026,17.674,"3.848e-14",34.293,4,"=6.488e-07",0.026,17.674,"3.848e-14"
276,"ex276","faces_ex276.lst",2,"Lognormal","(v)","(iii)","(iii)",0.0642,0.0818,0.064,0.0657,0.0638,0.173,0.22,0.172,0.177,0.172,0.0865,0.1099,0.086,0.0884,0.0861,90.759,4,"<2.2e-16",0.069,34.406,"<",80.211,4,"<2.2e-16",0.061,33.218,"<",80.211,4,"<2.2e-16",0.061,33.218,"<"
277,"ex277","faces_ex277.lst",2,"Lognormal","(iii)","(iii)","(iii)",0.137,0.154,0.134,0.139,0.134,0.369,0.413,0.359,0.373,0.362,0.185,0.207,0.18,0.187,0.181,65.016,4,"=2.553e-13",0.049,14.664,"1.006e-11",68.308,4,"=5.165e-14",0.052,14.811,"7.656e-12",68.308,4,"=5.165e-14",0.052,14.811,"7.656e-12"
278,"ex278","faces_ex278.lst",2,"Lognormal","(v)","(v)","(v)",0.0958,0.1112,0.0931,0.0948,0.0922,0.258,0.297,0.252,0.256,0.249,0.129,0.149,0.126,0.128,0.124,56.019,4,"=1.986e-11",0.042,21.583,"<",55.493,4,"=2.561e-11",0.042,19.152,"2.52e-15",55.493,4,"=2.561e-11",0.042,19.152,"2.52e-15"
279,"ex279","faces_ex279.lst",2,"Lognormal","(i)","(i)","(i)",0.0655,0.0821,0.0678,0.0691,0.0663,0.176,0.222,0.183,0.187,0.179,0.0881,0.1111,0.0916,0.0936,0.0894,44.47,4,"=5.123e-09",0.034,23.713,"<",48.943,4,"=6.001e-10",0.037,23.758,"<",48.943,4,"=6.001e-10",0.037,23.758,"<"
280,"ex280","faces_ex280.lst",2,"Lognormal","(iii)","(iii)","(iii)",0.117,0.128,0.112,0.117,0.115,0.316,0.344,0.302,0.315,0.311,0.158,0.172,0.151,0.157,0.155,104.54,4,"<2.2e-16",0.079,20.535,"<",119.82,4,"<2.2e-16",0.091,19.671,"9.693e-16",119.82,4,"<2.2e-16",0.091,19.671,"9.693e-16"
281,"ex281","faces_ex281.lst",2,"Lognormal","(iii)","(iii)","(iii)",0.0772,0.0957,0.0762,0.0775,0.0764,0.207,0.258,0.205,0.209,0.206,0.104,0.129,0.102,0.104,0.103,59.159,4,"=4.358e-12",0.045,38.849,"<",71.644,4,"=1.021e-14",0.054,39.76,"<",71.644,4,"=1.021e-14",0.054,39.76,"<"
282,"ex282","faces_ex282.lst",2,"Lognormal","(v)","(v)","(v)",0.0582,0.0783,0.06,0.0601,0.0578,0.157,0.21,0.161,0.161,0.155,0.0784,0.1049,0.0805,0.0807,0.0776,70.688,4,"=1.624e-14",0.054,25.282,"<",70.684,4,"=1.628e-14",0.054,24.582,"<",70.684,4,"=1.628e-14",0.054,24.582,"<"
283,"ex283","faces_ex283.lst",2,"Lognormal","(iii)","(iii)","(iii)",0.117,0.124,0.113,0.117,0.116,0.317,0.336,0.303,0.316,0.312,0.158,0.168,0.152,0.158,0.156,56.358,4,"=1.687e-11",0.043,5.5483,"0.0001982",66.357,4,"=1.332e-13",0.05,5.4703,"0.0002281",66.357,4,"=1.332e-13",0.05,5.4703,"0.0002281"
284,"ex284","faces_ex284.lst",2,"Lognormal","(i)","(i)","(i)",0.0841,0.1017,0.088,0.0897,0.0871,0.226,0.274,0.237,0.241,0.234,0.113,0.137,0.118,0.121,0.117,57.064,4,"=1.199e-11",0.043,23.869,"<",57.236,4,"=1.104e-11",0.043,25.066,"<",57.236,4,"=1.104e-11",0.043,25.066,"<"
285,"ex285","faces_ex285.lst",2,"Lognormal","(i)","(i)","(i)",0.0567,0.0736,0.0606,0.0619,0.0586,0.154,0.198,0.163,0.166,0.158,0.0768,0.0989,0.0813,0.0832,0.0788,79.188,4,"=2.588e-16",0.06,20.506,"<",83.435,4,"<2.2e-16",0.063,19.173,"2.427e-15",83.435,4,"<2.2e-16",0.063,19.173,"2.427e-15"
286,"ex286","faces_ex286.lst",2,"Lognormal","(iii)","(iii)","(iii)",0.125,0.13,0.116,0.12,0.12,0.338,0.353,0.315,0.324,0.324,0.169,0.176,0.157,0.162,0.162,48.082,4,"=9.074e-10",0.036,8.5135,"8.805e-07",52.769,4,"=9.527e-11",0.04,8.4347,"1.018e-06",52.769,4,"=9.527e-11",0.04,8.4347,"1.018e-06"
287,"ex287","faces_ex287.lst",2,"Lognormal","(i)","(i)","(i)",0.0844,0.1004,0.0861,0.088,0.0853,0.228,0.27,0.232,0.237,0.23,0.114,0.135,0.116,0.118,0.115,47.142,4,"=1.425e-09",0.036,16.458,"3.637e-13",44.8,4,"=4.375e-09",0.034,16.067,"7.492e-13",44.8,4,"=4.375e-09",0.034,16.067,"7.492e-13"
288,"ex288","faces_ex288.lst",2,"Lognormal","(i)","(i)","(i)",0.0598,0.077,0.0623,0.0626,0.0609,0.161,0.207,0.168,0.169,0.164,0.0807,0.1036,0.0842,0.0845,0.082,57.069,4,"=1.197e-11",0.043,23.212,"<",59.246,4,"=4.178e-12",0.045,22.899,"<",59.246,4,"=4.178e-12",0.045,22.899,"<"
289,"ex289","faces_ex289.lst",2,"Lognormal","(iii)","(iii)","(iii)",0.113,0.128,0.108,0.11,0.109,0.304,0.344,0.291,0.297,0.294,0.152,0.172,0.146,0.148,0.147,69.699,4,"=2.627e-14",0.053,18.637,"6.507e-15",66.184,4,"=1.449e-13",0.05,18.891,"4.077e-15",66.184,4,"=1.449e-13",0.05,18.891,"4.077e-15"
290,"ex290","faces_ex290.lst",2,"Lognormal","(i)","(i)","(i)",0.0781,0.0903,0.0785,0.0792,0.0785,0.21,0.243,0.211,0.213,0.211,0.105,0.121,0.105,0.106,0.106,44.31,4,"=5.531e-09",0.034,15.091,"4.558e-12",41.554,4,"=2.064e-08",0.031,15.031,"5.099e-12",41.554,4,"=2.064e-08",0.031,15.031,"5.099e-12"
291,"ex291","faces_ex291.lst",2,"Lognormal","(i)","(i)","(i)",0.0561,0.0741,0.0612,0.0613,0.06,0.151,0.2,0.165,0.165,0.162,0.0757,0.0998,0.0825,0.0827,0.0811,71.401,4,"=1.148e-14",0.054,28.066,"<",73.205,4,"=4.775e-15",0.055,28.18,"<",73.205,4,"=4.775e-15",0.055,28.18,"<"
292,"ex292","faces_ex292.lst",2,"Lognormal","(iii)","(iii)","(iii)",0.113,0.12,0.111,0.113,0.113,0.305,0.325,0.299,0.304,0.304,0.152,0.162,0.149,0.152,0.152,67.547,4,"=7.476e-14",0.051,10.333,"3.063e-08",87.423,4,"<2.2e-16",0.066,10.105,"4.67e-08",87.423,4,"<2.2e-16",0.066,10.105,"4.67e-08"
293,"ex293","faces_ex293.lst",2,"Lognormal","(i)","(i)","(i)",0.0781,0.0918,0.0801,0.0799,0.0801,0.21,0.247,0.215,0.214,0.215,0.105,0.123,0.107,0.107,0.107,35.365,4,"=3.909e-07",0.027,14.492,"1.381e-11",33.469,4,"=9.574e-07",0.025,14.264,"2.107e-11",33.469,4,"=9.574e-07",0.025,14.264,"2.107e-11"
294,"ex294","faces_ex294.lst",2,"Lognormal","(i)","(i)","(i)",0.0519,0.0661,0.0546,0.0549,0.054,0.14,0.178,0.147,0.147,0.146,0.0702,0.0891,0.0733,0.0737,0.0728,71.273,4,"=1.222e-14",0.054,15.266,"3.3e-12",59.207,4,"=4.257e-12",0.045,14.938,"6.051e-12",59.207,4,"=4.257e-12",0.045,14.938,"6.051e-12"
295,"ex295","faces_ex295.lst",2,"Lognormal","(iii)","(iii)","(iii)",0.112,0.123,0.11,0.112,0.112,0.303,0.333,0.298,0.303,0.303,0.151,0.166,0.149,0.151,0.152,37.093,4,"=1.723e-07",0.028,13.535,"8.14e-11",56.636,4,"=1.475e-11",0.043,14.052,"3.125e-11",56.636,4,"=1.475e-11",0.043,14.052,"3.125e-11"
296,"ex296","faces_ex296.lst",2,"Lognormal","(i)","(i)","(i)",0.0806,0.0981,0.0838,0.0843,0.0821,0.217,0.264,0.226,0.227,0.222,0.109,0.132,0.113,0.114,0.111,83.935,4,"<2.2e-16",0.064,18.644,"6.429e-15",83.435,4,"<2.2e-16",0.063,18.526,"7.985e-15",83.435,4,"<2.2e-16",0.063,18.526,"7.985e-15"
297,"ex297","faces_ex297.lst",2,"Lognormal","(i)","(i)","(i)",0.0559,0.0665,0.0575,0.0579,0.0562,0.151,0.179,0.155,0.156,0.152,0.0755,0.0897,0.0776,0.078,0.076,60.65,4,"=2.118e-12",0.046,10.302,"3.241e-08",55.537,4,"=2.507e-11",0.042,10.005,"5.619e-08",55.537,4,"=2.507e-11",0.042,10.005,"5.619e-08"
298,"ex298","faces_ex298.lst",2,"Lognormal","(i)","(i)","(i)",0.17,0.187,0.172,0.179,0.172,0.456,0.502,0.464,0.483,0.463,0.228,0.251,0.232,0.241,0.231,64.686,4,"=2.996e-13",0.049,8.2674,"1.385e-06",83.84,4,"<2.2e-16",0.064,8.3151,"1.269e-06",83.84,4,"<2.2e-16",0.064,8.3151,"1.269e-06"
299,"ex299","faces_ex299.lst",2,"Lognormal","(i)","(i)","(i)",0.118,0.148,0.128,0.129,0.121,0.317,0.399,0.344,0.349,0.324,0.158,0.2,0.172,0.174,0.162,68.044,4,"=5.873e-14",0.052,22.176,"<",80.807,4,"<2.2e-16",0.061,23.724,"<",80.807,4,"<2.2e-16",0.061,23.724,"<"
300,"ex300","faces_ex300.lst",2,"Lognormal","(i)","(i)","(i)",0.0893,0.1122,0.0977,0.0986,0.0921,0.24,0.302,0.263,0.265,0.247,0.12,0.151,0.131,0.132,0.124,51.983,4,"=1.391e-10",0.039,18.489,"8.56e-15",54.502,4,"=4.132e-11",0.041,18.107,"1.731e-14",54.502,4,"=4.132e-11",0.041,18.107,"1.731e-14"
301,"ex301","faces_ex301.lst",2,"Lognormal","(i)","(iii)","(iii)",0.169,0.186,0.169,0.176,0.17,0.455,0.499,0.453,0.473,0.457,0.228,0.25,0.226,0.236,0.229,70.035,4,"=2.231e-14",0.053,8.2216,"1.507e-06",91.616,4,"<2.2e-16",0.069,8.4634,"9.656e-07",91.822,4,"<2.2e-16",0.07,8.4634,"9.656e-07"
302,"ex302","faces_ex302.lst",2,"Lognormal","(i)","(i)","(i)",0.116,0.146,0.131,0.132,0.125,0.314,0.395,0.354,0.356,0.338,0.157,0.198,0.177,0.178,0.169,57.925,4,"=7.913e-12",0.044,20.567,"<",58.053,4,"=7.437e-12",0.044,20.309,"2.999e-16",58.053,4,"=7.437e-12",0.044,20.309,"2.999e-16"
303,"ex303","faces_ex303.lst",2,"Lognormal","(i)","(i)","(i)",0.0919,0.1151,0.1057,0.1063,0.0994,0.248,0.308,0.284,0.287,0.268,0.124,0.154,0.142,0.143,0.134,62.121,4,"=1.039e-12",0.047,19.477,"1.385e-15",52.703,4,"=9.832e-11",0.04,18.163,"1.56e-14",52.703,4,"=9.832e-11",0.04,18.163,"1.56e-14"
304,"ex304","faces_ex304.lst",2,"Lognormal","(i)","(i)","(i)",0.173,0.192,0.176,0.179,0.173,0.465,0.517,0.473,0.482,0.466,0.232,0.258,0.237,0.241,0.233,47.755,4,"=1.062e-09",0.036,9.0065,"3.549e-07",53.765,4,"=5.893e-11",0.041,9.0735,"3.137e-07",53.765,4,"=5.893e-11",0.041,9.0735,"3.137e-07"
305,"ex305","faces_ex305.lst",2,"Lognormal","(i)","(i)","(i)",0.129,0.155,0.139,0.138,0.131,0.348,0.416,0.372,0.371,0.352,0.174,0.208,0.186,0.186,0.176,39.959,4,"=4.414e-08",0.03,17.208,"9.091e-14",36.89,4,"=1.898e-07",0.028,16.228,"5.563e-13",36.89,4,"=1.898e-07",0.028,16.228,"5.563e-13"
306,"ex306","faces_ex306.lst",2,"Lognormal","(i)","(i)","(i)",0.0861,0.1069,0.1004,0.0993,0.091,0.232,0.287,0.27,0.268,0.246,0.116,0.144,0.135,0.134,0.123,53.828,4,"=5.718e-11",0.041,17.821,"2.932e-14",52.381,4,"=1.148e-10",0.04,17.377,"6.653e-14",52.381,4,"=1.148e-10",0.04,17.377,"6.653e-14"
307,"ex307","faces_ex307.lst",2,"Lognormal","(i)","(i)","(i)",0.163,0.18,0.167,0.169,0.165,0.44,0.485,0.449,0.456,0.443,0.22,0.242,0.224,0.228,0.221,51.095,4,"=2.132e-10",0.039,7.1534,"1.07e-05",70.76,4,"=1.569e-14",0.054,7.1973,"9.874e-06",70.76,4,"=1.569e-14",0.054,7.1973,"9.874e-06"
308,"ex308","faces_ex308.lst",2,"Lognormal","(i)","(i)","(i)",0.113,0.142,0.127,0.128,0.12,0.304,0.384,0.343,0.343,0.322,0.152,0.192,0.171,0.172,0.161,90.904,4,"<2.2e-16",0.069,21.631,"<",73.998,4,"=3.246e-15",0.056,21.668,"<",73.998,4,"=3.246e-15",0.056,21.668,"<"
309,"ex309","faces_ex309.lst",2,"Lognormal","(i)","(i)","(i)",0.0861,0.1037,0.0955,0.0959,0.0892,0.232,0.279,0.255,0.256,0.239,0.116,0.14,0.127,0.128,0.12,56.987,4,"=1.245e-11",0.043,15.01,"5.299e-12",50.691,4,"=2.59e-10",0.038,14.645,"1.04e-11",50.691,4,"=2.59e-10",0.038,14.645,"1.04e-11"
310,"ex310","faces_ex310.lst",2,"Lognormal","(i)","(i)","(i)",0.16,0.187,0.172,0.175,0.169,0.431,0.503,0.463,0.473,0.456,0.216,0.251,0.232,0.236,0.228,49.804,4,"=3.968e-10",0.038,17.256,"8.323e-14",58.269,4,"=6.7e-12",0.044,16.49,"3.427e-13",58.269,4,"=6.7e-12",0.044,16.49,"3.427e-13"
311,"ex311","faces_ex311.lst",2,"Lognormal","(i)","(i)","(i)",0.116,0.143,0.131,0.131,0.123,0.312,0.385,0.353,0.351,0.33,0.156,0.193,0.176,0.176,0.165,70.887,4,"=1.475e-14",0.054,18.244,"1.344e-14",63.144,4,"=6.328e-13",0.048,18.849,"4.405e-15",63.144,4,"=6.328e-13",0.048,18.849,"4.405e-15"
312,"ex312","faces_ex312.lst",2,"Lognormal","(i)","(i)","(i)",0.08,0.1067,0.0961,0.0965,0.0865,0.215,0.288,0.259,0.259,0.233,0.107,0.144,0.129,0.13,0.116,111.24,4,"<2.2e-16",0.084,28.689,"<",97.939,4,"<2.2e-16",0.074,29.645,"<",97.939,4,"<2.2e-16",0.074,29.645,"<"
313,"ex313","faces_ex313.lst",2,"Lognormal","(i)","(i)","(i)",0.165,0.186,0.17,0.174,0.168,0.445,0.501,0.458,0.467,0.453,0.223,0.251,0.229,0.234,0.226,86.438,4,"<2.2e-16",0.065,12.338,"7.477e-10",90.488,4,"<2.2e-16",0.069,12.175,"1.012e-09",90.488,4,"<2.2e-16",0.069,12.175,"1.012e-09"
314,"ex314","faces_ex314.lst",2,"Lognormal","(i)","(i)","(i)",0.12,0.149,0.136,0.136,0.128,0.324,0.4,0.367,0.367,0.344,0.162,0.2,0.183,0.183,0.172,49.413,4,"=4.787e-10",0.037,19.811,"7.495e-16",52.48,4,"=1.095e-10",0.04,20.003,"5.259e-16",52.48,4,"=1.095e-10",0.04,20.003,"5.259e-16"
315,"ex315","faces_ex315.lst",2,"Lognormal","(i)","(i)","(i)",0.0854,0.1114,0.1033,0.1032,0.0952,0.23,0.299,0.277,0.277,0.256,0.115,0.15,0.138,0.138,0.128,99.159,4,"<2.2e-16",0.075,24.445,"<",102.03,4,"<2.2e-16",0.077,23.411,"<",102.03,4,"<2.2e-16",0.077,23.411,"<"
316,"ex316","faces_ex316.lst",2,"Lognormal","(i)","(v)","(v)",0.162,0.177,0.163,0.163,0.162,0.436,0.478,0.437,0.438,0.435,0.218,0.239,0.218,0.219,0.217,26.861,4,"=2.121e-05",0.02,6.8732,"1.786e-05",36.269,4,"=2.547e-07",0.027,7.4176,"6.596e-06",36.269,4,"=2.547e-07",0.027,7.4176,"6.596e-06"
317,"ex317","faces_ex317.lst",2,"Lognormal","(i)","(i)","(i)",0.113,0.135,0.125,0.124,0.119,0.304,0.363,0.337,0.332,0.32,0.152,0.181,0.168,0.166,0.16,39.775,4,"=4.819e-08",0.03,13.378,"1.088e-10",36.972,4,"=1.825e-07",0.028,13.449,"9.536e-11",36.972,4,"=1.825e-07",0.028,13.449,"9.536e-11"
318,"ex318","faces_ex318.lst",2,"Lognormal","(i)","(i)","(i)",0.078,0.1046,0.0919,0.0923,0.0851,0.21,0.281,0.246,0.247,0.228,0.105,0.14,0.123,0.124,0.114,80.15,4,"<2.2e-16",0.061,32.098,"<",78.327,4,"=3.938e-16",0.059,32.2,"<",78.327,4,"=3.938e-16",0.059,32.2,"<"
319,"ex319","faces_ex319.lst",2,"Lognormal","(v)","(v)","(v)",0.158,0.168,0.159,0.16,0.157,0.424,0.451,0.427,0.43,0.422,0.212,0.225,0.214,0.215,0.211,39.527,4,"=5.423e-08",0.03,3.649,"0.005791",40.51,4,"=3.395e-08",0.031,3.5437,"0.006953",40.51,4,"=3.395e-08",0.031,3.5437,"0.006953"
320,"ex320","faces_ex320.lst",2,"Lognormal","(i)","(i)","(i)",0.114,0.142,0.131,0.131,0.123,0.307,0.38,0.352,0.35,0.33,0.153,0.19,0.176,0.175,0.165,58.962,4,"=4.792e-12",0.045,19.539,"1.236e-15",58.625,4,"=5.64e-12",0.044,19.016,"3.236e-15",58.625,4,"=5.64e-12",0.044,19.016,"3.236e-15"
321,"ex321","faces_ex321.lst",2,"Lognormal","(i)","(i)","(i)",0.0796,0.1018,0.0925,0.0916,0.085,0.216,0.272,0.249,0.246,0.229,0.108,0.136,0.124,0.123,0.115,60.504,4,"=2.273e-12",0.046,23.123,"<",53.779,4,"=5.853e-11",0.041,21.21,"<",53.779,4,"=5.853e-11",0.041,21.21,"<"
322,"ex322","faces_ex322.lst",2,"Lognormal","(i)","(i)","(i)",0.154,0.184,0.165,0.165,0.16,0.415,0.495,0.445,0.446,0.432,0.208,0.248,0.222,0.223,0.216,50.055,4,"=3.516e-10",0.038,22.985,"<",63.176,4,"=6.232e-13",0.048,22.327,"<",63.176,4,"=6.232e-13",0.048,22.327,"<"
323,"ex323","faces_ex323.lst",2,"Lognormal","(i)","(i)","(i)",0.109,0.135,0.125,0.125,0.115,0.294,0.364,0.336,0.337,0.309,0.147,0.182,0.168,0.168,0.155,53.488,4,"=6.734e-11",0.041,20.005,"5.246e-16",42.189,4,"=1.524e-08",0.032,19.922,"6.112e-16",42.189,4,"=1.524e-08",0.032,19.922,"6.112e-16"
324,"ex324","faces_ex324.lst",2,"Lognormal","(i)","(i)","(i)",0.0931,0.1196,0.1065,0.106,0.0999,0.251,0.322,0.286,0.284,0.268,0.125,0.161,0.143,0.142,0.134,67.775,4,"=6.693e-14",0.051,25.233,"<",73.178,4,"=4.838e-15",0.055,25.717,"<",73.178,4,"=4.838e-15",0.055,25.717,"<"
325,"ex325","faces_ex325.lst",2,"Lognormal","(iii)","(iii)","(iii)",0.0903,0.106,0.0826,0.0852,0.0854,0.243,0.285,0.222,0.23,0.23,0.121,0.142,0.111,0.115,0.115,54.989,4,"=3.266e-11",0.042,21.435,"<",55.042,4,"=3.183e-11",0.042,21.552,"<",55.042,4,"=3.183e-11",0.042,21.552,"<"
326,"ex326","faces_ex326.lst",2,"Lognormal","(iii)","(iii)","(iii)",0.0643,0.0725,0.0583,0.06,0.0592,0.174,0.195,0.158,0.162,0.16,0.0871,0.0976,0.0789,0.0812,0.08,70.57,4,"=1.721e-14",0.053,14.92,"6.255e-12",68.512,4,"=4.679e-14",0.052,14.565,"1.208e-11",68.512,4,"=4.679e-14",0.052,14.565,"1.208e-11"
327,"ex327","faces_ex327.lst",2,"Lognormal","(iii)","(iii)","(iii)",0.0501,0.053,0.0397,0.0404,0.0398,0.136,0.143,0.107,0.109,0.107,0.0678,0.0714,0.0534,0.0545,0.0536,63.067,4,"=6.57e-13",0.048,15.026,"5.14e-12",68.55,4,"=4.592e-14",0.052,14.937,"6.066e-12",68.55,4,"=4.592e-14",0.052,14.937,"6.066e-12"
328,"ex328","faces_ex328.lst",2,"Lognormal","(iii)","(iii)","(iii)",0.093,0.0996,0.084,0.0872,0.0872,0.252,0.269,0.227,0.236,0.236,0.126,0.134,0.113,0.118,0.118,64.247,4,"=3.707e-13",0.049,15.648,"1.626e-12",54.016,4,"=5.223e-11",0.041,15.256,"3.361e-12",54.016,4,"=5.223e-11",0.041,15.256,"3.361e-12"
329,"ex329","faces_ex329.lst",2,"Lognormal","(iii)","(iii)","(iii)",0.073,0.0737,0.0575,0.0582,0.058,0.198,0.198,0.154,0.156,0.155,0.099,0.099,0.0771,0.0782,0.0777,59.663,4,"=3.415e-12",0.045,20.604,"<",55.559,4,"=2.481e-11",0.042,20.5,"<",55.559,4,"=2.481e-11",0.042,20.5,"<"
330,"ex330","faces_ex330.lst",2,"Lognormal","(v)","(v)","(v)",0.0478,0.0567,0.0397,0.0405,0.0395,0.129,0.152,0.107,0.109,0.106,0.0645,0.0759,0.0533,0.0545,0.053,101.9,4,"<2.2e-16",0.077,20.223,"3.511e-16",103.85,4,"<2.2e-16",0.079,19.434,"1.5e-15",103.85,4,"<2.2e-16",0.079,19.434,"1.5e-15"
331,"ex331","faces_ex331.lst",2,"Lognormal","(iii)","(iii)","(iii)",0.1019,0.1125,0.0896,0.0938,0.0926,0.276,0.304,0.242,0.254,0.25,0.138,0.152,0.121,0.127,0.125,59.593,4,"=3.533e-12",0.045,15.391,"2.618e-12",63.738,4,"=4.745e-13",0.048,15.294,"3.128e-12",63.738,4,"=4.745e-13",0.048,15.294,"3.128e-12"
332,"ex332","faces_ex332.lst",2,"Lognormal","(iii)","(iii)","(iii)",0.0718,0.0788,0.0608,0.0623,0.0618,0.195,0.212,0.164,0.168,0.167,0.0976,0.1061,0.082,0.0842,0.0836,57.479,4,"=9.817e-12",0.044,14.679,"9.774e-12",57.859,4,"=8.168e-12",0.044,14.168,"2.516e-11",57.859,4,"=8.168e-12",0.044,14.168,"2.516e-11"
333,"ex333","faces_ex333.lst",2,"Lognormal","(iii)","(iii)","(iii)",0.0499,0.0564,0.044,0.045,0.0444,0.135,0.152,0.119,0.121,0.12,0.0674,0.076,0.0594,0.0607,0.0598,62.812,4,"=7.433e-13",0.048,15.342,"2.867e-12",56.832,4,"=1.342e-11",0.043,14.636,"1.059e-11",56.832,4,"=1.342e-11",0.043,14.636,"1.059e-11"
334,"ex334","faces_ex334.lst",2,"Lognormal","(iii)","(iii)","(iii)",0.0766,0.0811,0.0701,0.0718,0.0719,0.207,0.219,0.19,0.194,0.195,0.1035,0.1093,0.0948,0.0971,0.0973,40.463,4,"=3.472e-08",0.031,9.8242,"7.842e-08",43.833,4,"=6.95e-09",0.033,9.2189,"2.399e-07",43.833,4,"=6.95e-09",0.033,9.2189,"2.399e-07"
335,"ex335","faces_ex335.lst",2,"Lognormal","(iii)","(iii)","(iii)",0.0615,0.0642,0.0526,0.0535,0.0531,0.166,0.173,0.142,0.144,0.143,0.0829,0.0867,0.0708,0.0718,0.0715,37.168,4,"=1.663e-07",0.028,10.374,"2.837e-08",39.43,4,"=5.677e-08",0.03,10.418,"2.617e-08",39.43,4,"=5.677e-08",0.03,10.418,"2.617e-08"
336,"ex336","faces_ex336.lst",2,"Lognormal","(iii)","(iii)","(iii)",0.0477,0.0533,0.0356,0.0357,0.0356,0.129,0.1431,0.096,0.0961,0.096,0.0645,0.0715,0.048,0.048,0.048,71.607,4,"=1.039e-14",0.054,11.259,"5.516e-09",66.08,4,"=1.524e-13",0.05,11.278,"5.326e-09",66.08,4,"=1.524e-13",0.05,11.278,"5.326e-09"
337,"ex337","faces_ex337.lst",2,"Lognormal","(iii)","(iii)","(iii)",0.0789,0.0881,0.07,0.0718,0.0712,0.212,0.237,0.189,0.193,0.191,0.106,0.1184,0.0943,0.0967,0.0957,52.208,4,"=1.248e-10",0.04,13.341,"1.166e-10",42.737,4,"=1.173e-08",0.032,13.309,"1.237e-10",42.737,4,"=1.173e-08",0.032,13.309,"1.237e-10"
338,"ex338","faces_ex338.lst",2,"Lognormal","(iii)","(iii)","(iii)",0.0671,0.0637,0.0511,0.0518,0.0511,0.182,0.172,0.137,0.139,0.137,0.0909,0.0861,0.0684,0.0696,0.0685,51.27,4,"=1.96e-10",0.039,12.38,"6.912e-10",49.185,4,"=5.341e-10",0.037,12.957,"2.374e-10",49.185,4,"=5.341e-10",0.037,12.957,"2.374e-10"
339,"ex339","faces_ex339.lst",2,"Lognormal","(iii)","(iii)","(iii)",0.0525,0.0475,0.0384,0.0388,0.0398,0.142,0.128,0.103,0.104,0.107,0.0709,0.064,0.0516,0.0522,0.0536,49.365,4,"=4.9e-10",0.037,7.9562,"2.455e-06",50.286,4,"=3.147e-10",0.038,7.8322,"3.083e-06",50.286,4,"=3.147e-10",0.038,7.8322,"3.083e-06"
340,"ex340","faces_ex340.lst",2,"Lognormal","(iii)","(iii)","(iii)",0.0878,0.0992,0.0789,0.0805,0.0805,0.237,0.268,0.212,0.217,0.217,0.118,0.134,0.106,0.108,0.108,62.659,4,"=8.004e-13",0.047,13.364,"1.116e-10",62.727,4,"=7.745e-13",0.048,13.485,"8.924e-11",62.727,4,"=7.745e-13",0.048,13.485,"8.924e-11"
341,"ex341","faces_ex341.lst",2,"Lognormal","(v)","(iii)","(v)",0.0657,0.0701,0.0592,0.0597,0.059,0.177,0.189,0.159,0.16,0.159,0.0885,0.0943,0.0795,0.0802,0.0793,36.465,4,"=2.321e-07",0.028,8.4248,"1.037e-06",42.01,4,"=1.66e-08",0.032,8.5561,"8.142e-07",42.01,4,"=1.66e-08",0.032,8.5561,"8.142e-07"
342,"ex342","faces_ex342.lst",2,"Lognormal","(iii)","(iii)","(iii)",0.0435,0.0461,0.0367,0.0374,0.0369,0.1168,0.1234,0.0992,0.1012,0.0995,0.0584,0.0617,0.0496,0.0506,0.0497,55.748,4,"=2.265e-11",0.042,7.2761,"8.548e-06",54.446,4,"=4.244e-11",0.041,6.7728,"2.145e-05",54.446,4,"=4.244e-11",0.041,6.7728,"2.145e-05"
343,"ex343","faces_ex343.lst",2,"Lognormal","(iii)","(iii)","(iii)",0.0817,0.0801,0.0699,0.0711,0.0715,0.219,0.216,0.188,0.191,0.192,0.1097,0.108,0.0938,0.0953,0.0958,50.659,4,"=2.63e-10",0.038,9.1431,"2.759e-07",45.547,4,"=3.06e-09",0.035,9.2926,"2.094e-07",45.547,4,"=3.06e-09",0.035,9.2926,"2.094e-07"
344,"ex344","faces_ex344.lst",2,"Lognormal","(iii)","(iii)","(iii)",0.064,0.059,0.0471,0.0476,0.0474,0.174,0.159,0.127,0.128,0.128,0.0872,0.0793,0.0636,0.0641,0.0639,63.675,4,"=4.892e-13",0.048,17.009,"1.315e-13",69.661,4,"=2.677e-14",0.053,17.264,"8.202e-14",69.661,4,"=2.677e-14",0.053,17.264,"8.202e-14"
345,"ex345","faces_ex345.lst",2,"Lognormal","(iii)","(iii)","(iii)",0.0555,0.0478,0.0349,0.0351,0.0372,0.1512,0.1281,0.0937,0.0943,0.1004,0.0756,0.064,0.0469,0.0472,0.0502,76.264,4,"=1.076e-15",0.058,12.024,"1.338e-09",71.874,4,"=9.125e-15",0.054,11.991,"1.421e-09",71.874,4,"=9.125e-15",0.054,11.991,"1.421e-09"
346,"ex346","faces_ex346.lst",2,"Lognormal","(iii)","(iii)","(iii)",0.0719,0.0792,0.0657,0.0662,0.0662,0.194,0.214,0.177,0.179,0.179,0.0972,0.1072,0.0887,0.0895,0.0894,35.784,4,"=3.205e-07",0.027,7.6755,"4.111e-06",34.798,4,"=5.112e-07",0.026,7.7523,"3.57e-06",34.798,4,"=5.112e-07",0.026,7.7523,"3.57e-06"
347,"ex347","faces_ex347.lst",2,"Lognormal","(v)","(iii)","(iii)",0.0605,0.0575,0.0474,0.0475,0.0473,0.163,0.155,0.127,0.128,0.127,0.0817,0.0773,0.0635,0.0638,0.0635,60.153,4,"=2.694e-12",0.046,11.951,"1.53e-09",60.667,4,"=2.101e-12",0.046,12.388,"6.814e-10",60.667,4,"=2.101e-12",0.046,12.388,"6.814e-10"
348,"ex348","faces_ex348.lst",2,"Lognormal","(iii)","(iii)","(iii)",0.0556,0.0503,0.0346,0.0347,0.0346,0.1521,0.1352,0.0933,0.0935,0.0934,0.076,0.0676,0.0466,0.0467,0.0467,84.832,4,"<2.2e-16",0.064,15.234,"3.5e-12",79.387,4,"=2.349e-16",0.06,15.281,"3.209e-12",79.387,4,"=2.349e-16",0.06,15.281,"3.209e-12"
349,"ex349","faces_ex349.lst",2,"Lognormal","(v)","(v)","(v)",0.075,0.0814,0.0706,0.0713,0.0704,0.202,0.219,0.19,0.192,0.189,0.1008,0.1096,0.095,0.096,0.0947,34.785,4,"=5.141e-07",0.026,8.9985,"3.602e-07",44.308,4,"=5.537e-09",0.034,9.3546,"1.867e-07",44.308,4,"=5.537e-09",0.034,9.3546,"1.867e-07"
350,"ex350","faces_ex350.lst",2,"Lognormal","(iii)","(iii)","(iii)",0.0685,0.064,0.0518,0.0521,0.0536,0.186,0.173,0.14,0.141,0.145,0.0932,0.0863,0.0699,0.0703,0.0723,43.503,4,"=8.137e-09",0.033,13.031,"2.069e-10",43.062,4,"=1.005e-08",0.033,13.25,"1.379e-10",43.062,4,"=1.005e-08",0.033,13.25,"1.379e-10"
351,"ex351","faces_ex351.lst",2,"Lognormal","(iii)","(iii)","(iii)",0.0434,0.0449,0.0344,0.0345,0.036,0.1165,0.121,0.0929,0.0932,0.0974,0.0582,0.0605,0.0464,0.0466,0.0487,83.488,4,"<2.2e-16",0.063,7.6992,"3.935e-06",91.074,4,"<2.2e-16",0.069,7.5255,"5.412e-06",91.074,4,"<2.2e-16",0.069,7.5255,"5.412e-06"
352,"ex352","faces_ex352.lst",2,"Lognormal","(iii)","(iii)","(iii)",0.112,0.124,0.108,0.11,0.11,0.302,0.336,0.289,0.297,0.297,0.151,0.168,0.145,0.149,0.149,22.664,4,"=0.0001478",0.017,11.826,"1.929e-09",33.68,4,"=8.667e-07",0.026,11.981,"1.449e-09",33.68,4,"=8.667e-07",0.026,11.981,"1.449e-09"
353,"ex353","faces_ex353.lst",2,"Lognormal","(i)","(i)","(i)",0.0763,0.1003,0.0773,0.079,0.0771,0.205,0.271,0.208,0.213,0.207,0.103,0.135,0.104,0.106,0.104,107.08,4,"<2.2e-16",0.081,30.26,"<",102.15,4,"<2.2e-16",0.077,31.246,"<",102.15,4,"<2.2e-16",0.077,31.246,"<"
354,"ex354","faces_ex354.lst",2,"Lognormal","(i)","(i)","(i)",0.0558,0.0752,0.0582,0.0585,0.0568,0.15,0.203,0.157,0.157,0.153,0.0751,0.1017,0.0783,0.0786,0.0765,76.577,4,"=9.242e-16",0.058,20.887,"<",77.537,4,"=5.789e-16",0.059,21.266,"<",77.537,4,"=5.789e-16",0.059,21.266,"<"
355,"ex355","faces_ex355.lst",2,"Lognormal","(iii)","(iii)","(iii)",0.111,0.124,0.108,0.112,0.11,0.298,0.334,0.288,0.299,0.295,0.149,0.167,0.144,0.15,0.147,53.668,4,"=6.177e-11",0.041,11.105,"7.328e-09",65.665,4,"=1.863e-13",0.05,11.424,"4.067e-09",65.665,4,"=1.863e-13",0.05,11.424,"4.067e-09"
356,"ex356","faces_ex356.lst",2,"Lognormal","(i)","(i)","(i)",0.0793,0.0977,0.0808,0.081,0.0801,0.214,0.264,0.218,0.219,0.216,0.107,0.132,0.109,0.11,0.108,68.594,4,"=4.495e-14",0.052,18.737,"5.413e-15",66.936,4,"=1.006e-13",0.051,18.678,"6.04e-15",66.936,4,"=1.006e-13",0.051,18.678,"6.04e-15"
357,"ex357","faces_ex357.lst",2,"Lognormal","(i)","(i)","(i)",0.0558,0.0706,0.0578,0.0583,0.0558,0.151,0.19,0.156,0.158,0.151,0.0754,0.0951,0.078,0.0789,0.0754,66.895,4,"=1.026e-13",0.051,20.334,"2.864e-16",68.444,4,"=4.836e-14",0.052,20.819,"<",68.444,4,"=4.836e-14",0.052,20.819,"<"
358,"ex358","faces_ex358.lst",2,"Lognormal","(iii)","(iii)","(iii)",0.109,0.126,0.103,0.107,0.104,0.292,0.338,0.277,0.288,0.28,0.146,0.169,0.138,0.144,0.14,97.334,4,"<2.2e-16",0.074,22.391,"<",85.291,4,"<2.2e-16",0.065,21.607,"<",85.291,4,"<2.2e-16",0.065,21.607,"<"
359,"ex359","faces_ex359.lst",2,"Lognormal","(v)","(v)","(v)",0.0796,0.1037,0.0816,0.0822,0.0793,0.215,0.279,0.219,0.221,0.214,0.108,0.14,0.109,0.11,0.107,58.087,4,"=7.316e-12",0.044,23.659,"<",61.593,4,"=1.342e-12",0.047,23.603,"<",61.593,4,"=1.342e-12",0.047,23.603,"<"
360,"ex360","faces_ex360.lst",2,"Lognormal","(i)","(i)","(i)",0.0588,0.0736,0.0617,0.0621,0.0592,0.158,0.198,0.166,0.167,0.159,0.0791,0.0988,0.0828,0.0837,0.0796,44.992,4,"=3.992e-09",0.034,16.654,"2.533e-13",48.616,4,"=7.022e-10",0.037,16.107,"6.963e-13",48.616,4,"=7.022e-10",0.037,16.107,"6.963e-13"
361,"ex361","faces_ex361.lst",2,"Lognormal","(i)","(i)","(i)",0.099,0.118,0.102,0.104,0.101,0.267,0.319,0.275,0.281,0.273,0.134,0.159,0.137,0.14,0.136,76.112,4,"=1.16e-15",0.058,22.485,"<",77.188,4,"=6.863e-16",0.058,22.442,"<",77.188,4,"=6.863e-16",0.058,22.442,"<"
362,"ex362","faces_ex362.lst",2,"Lognormal","(v)","(v)","(i)",0.0771,0.0941,0.0788,0.0788,0.077,0.208,0.252,0.211,0.212,0.207,0.104,0.126,0.106,0.106,0.104,62.555,4,"=8.418e-13",0.047,13.062,"1.955e-10",57.069,4,"=1.197e-11",0.043,12.119,"1.121e-09",57.069,4,"=1.197e-11",0.043,12.119,"1.121e-09"
363,"ex363","faces_ex363.lst",2,"Lognormal","(v)","(v)","(v)",0.0571,0.0674,0.0555,0.0556,0.0543,0.153,0.181,0.149,0.15,0.146,0.0767,0.0905,0.0745,0.0748,0.0728,73.898,4,"=3.407e-15",0.056,9.922,"6.546e-08",66.204,4,"=1.435e-13",0.05,10.111,"4.612e-08",66.204,4,"=1.435e-13",0.05,10.111,"4.612e-08"
364,"ex364","faces_ex364.lst",2,"Lognormal","(iii)","(iii)","(iii)",0.1002,0.1229,0.0991,0.101,0.0998,0.27,0.331,0.266,0.272,0.268,0.135,0.166,0.133,0.136,0.134,88.682,4,"<2.2e-16",0.067,29.588,"<",97.137,4,"<2.2e-16",0.074,29.973,"<",97.137,4,"<2.2e-16",0.074,29.973,"<"
365,"ex365","faces_ex365.lst",2,"Lognormal","(i)","(i)","(i)",0.0716,0.0861,0.0735,0.0733,0.0719,0.193,0.231,0.198,0.197,0.193,0.0964,0.1157,0.099,0.0986,0.0967,52.507,4,"=1.081e-10",0.04,14.282,"2.04e-11",45.52,4,"=3.1e-09",0.034,13.974,"3.61e-11",45.52,4,"=3.1e-09",0.034,13.974,"3.61e-11"
366,"ex366","faces_ex366.lst",2,"Lognormal","(v)","(v)","(v)",0.056,0.0646,0.0556,0.0557,0.0548,0.151,0.174,0.15,0.15,0.147,0.0754,0.0872,0.0749,0.075,0.0737,34.281,4,"=6.525e-07",0.026,5.3086,"0.0003052",31.808,4,"=2.093e-06",0.024,5.4335,"0.0002437",31.808,4,"=2.093e-06",0.024,5.4335,"0.0002437"
367,"ex367","faces_ex367.lst",2,"Lognormal","(iii)","(iii)","(iii)",0.1051,0.1204,0.0977,0.0993,0.0997,0.282,0.325,0.262,0.266,0.268,0.141,0.162,0.131,0.133,0.134,61.139,4,"=1.671e-12",0.046,18.453,"9.142e-15",58.63,4,"=5.627e-12",0.044,18.376,"1.054e-14",58.63,4,"=5.627e-12",0.044,18.376,"1.054e-14"
368,"ex368","faces_ex368.lst",2,"Lognormal","(v)","(v)","(v)",0.074,0.0881,0.0725,0.0722,0.0711,0.199,0.237,0.195,0.194,0.191,0.0993,0.1183,0.0974,0.0971,0.0956,42.078,4,"=1.608e-08",0.032,14.075,"2.994e-11",40.865,4,"=2.866e-08",0.031,13.577,"7.524e-11",40.865,4,"=2.866e-08",0.031,13.577,"7.524e-11"
369,"ex369","faces_ex369.lst",2,"Lognormal","(i)","(i)","(i)",0.0568,0.0705,0.0607,0.0602,0.0591,0.153,0.19,0.164,0.162,0.16,0.0765,0.0952,0.0818,0.0811,0.0798,54.378,4,"=4.385e-11",0.041,13.966,"3.659e-11",49.888,4,"=3.81e-10",0.038,14.142,"2.643e-11",49.888,4,"=3.81e-10",0.038,14.142,"2.643e-11"
370,"ex370","faces_ex370.lst",2,"Lognormal","(i)","(i)","(i)",0.0954,0.1121,0.096,0.0966,0.096,0.256,0.303,0.258,0.26,0.258,0.128,0.151,0.129,0.13,0.129,26.958,4,"=2.028e-05",0.02,17.798,"3.062e-14",31.721,4,"=2.181e-06",0.024,18.511,"8.206e-15",31.721,4,"=2.181e-06",0.024,18.511,"8.206e-15"
371,"ex371","faces_ex371.lst",2,"Lognormal","(i)","(i)","(i)",0.0653,0.0816,0.0667,0.0671,0.0656,0.176,0.22,0.179,0.181,0.176,0.088,0.1099,0.0896,0.0903,0.0881,74.965,4,"=2.027e-15",0.057,14.268,"2.094e-11",64.688,4,"=2.993e-13",0.049,14.227,"2.258e-11",64.688,4,"=2.993e-13",0.049,14.227,"2.258e-11"
372,"ex372","faces_ex372.lst",2,"Lognormal","(i)","(i)","(i)",0.0527,0.0664,0.0552,0.0552,0.054,0.142,0.179,0.148,0.148,0.145,0.0712,0.0896,0.0742,0.0741,0.0726,107.14,4,"<2.2e-16",0.081,10.4,"2.707e-08",105.09,4,"<2.2e-16",0.08,10.328,"3.089e-08",105.09,4,"<2.2e-16",0.08,10.328,"3.089e-08"
373,"ex373","faces_ex373.lst",2,"Lognormal","(iii)","(iii)","(iii)",0.0982,0.1163,0.0962,0.0972,0.0967,0.265,0.313,0.259,0.262,0.26,0.132,0.157,0.13,0.131,0.13,52.482,4,"=1.093e-10",0.04,26.523,"<",50.315,4,"=3.103e-10",0.038,26.117,"<",50.315,4,"=3.103e-10",0.038,26.117,"<"
374,"ex374","faces_ex374.lst",2,"Lognormal","(i)","(i)","(i)",0.0721,0.0904,0.0755,0.0754,0.0742,0.195,0.242,0.203,0.203,0.2,0.0973,0.1211,0.1015,0.1014,0.0999,41.358,4,"=2.266e-08",0.031,14.175,"2.487e-11",36.335,4,"=2.47e-07",0.028,13.665,"6.392e-11",36.335,4,"=2.47e-07",0.028,13.665,"6.392e-11"
375,"ex375","faces_ex375.lst",2,"Lognormal","(i)","(i)","(i)",0.0515,0.0692,0.0541,0.0545,0.053,0.138,0.185,0.145,0.146,0.142,0.069,0.0926,0.0726,0.0731,0.0711,87.801,4,"<2.2e-16",0.067,19.17,"2.438e-15",78.032,4,"=4.549e-16",0.059,18.784,"4.963e-15",78.032,4,"=4.549e-16",0.059,18.784,"4.963e-15"
376,"ex376","faces_ex376.lst",2,"Lognormal","(iii)","(iii)","(iii)",0.109,0.123,0.105,0.106,0.105,0.291,0.331,0.282,0.284,0.282,0.146,0.166,0.141,0.142,0.141,97.03,4,"<2.2e-16",0.074,14.239,"2.207e-11",84.337,4,"<2.2e-16",0.064,13.939,"3.85e-11",84.337,4,"<2.2e-16",0.064,13.939,"3.85e-11"
377,"ex377","faces_ex377.lst",2,"Lognormal","(v)","(v)","(v)",0.0739,0.0942,0.0737,0.0744,0.072,0.2,0.253,0.198,0.2,0.194,0.0999,0.1267,0.099,0.0999,0.0968,81.021,4,"<2.2e-16",0.061,21.578,"<",76.71,4,"=8.661e-16",0.058,21.59,"<",76.71,4,"=8.661e-16",0.058,21.59,"<"
378,"ex378","faces_ex378.lst",2,"Lognormal","(i)","(i)","(i)",0.0505,0.0675,0.0548,0.0547,0.0533,0.136,0.181,0.147,0.147,0.143,0.068,0.0903,0.0734,0.0733,0.0716,86.533,4,"<2.2e-16",0.066,23.925,"<",90.087,4,"<2.2e-16",0.068,24.437,"<",90.087,4,"<2.2e-16",0.068,24.437,"<"
379,"ex379","faces_ex379.lst",2,"Lognormal","(i)","(i)","(i)",0.15,0.176,0.153,0.155,0.153,0.403,0.473,0.41,0.417,0.41,0.202,0.237,0.205,0.209,0.205,45.624,4,"=2.949e-09",0.035,14.442,"1.517e-11",54.81,4,"=3.561e-11",0.042,14.275,"2.066e-11",54.81,4,"=3.561e-11",0.042,14.275,"2.066e-11"
380,"ex380","faces_ex380.lst",2,"Lognormal","(i)","(i)","(i)",0.106,0.138,0.128,0.128,0.115,0.285,0.369,0.343,0.343,0.31,0.143,0.184,0.172,0.172,0.155,87.135,4,"<2.2e-16",0.066,21.363,"<",82.761,4,"<2.2e-16",0.063,20.632,"<",82.761,4,"<2.2e-16",0.063,20.632,"<"
381,"ex381","faces_ex381.lst",2,"Lognormal","(i)","(i)","(i)",0.0806,0.1088,0.0948,0.0937,0.0862,0.217,0.292,0.255,0.251,0.231,0.109,0.146,0.127,0.126,0.116,100.13,4,"<2.2e-16",0.076,27.848,"<",90.376,4,"<2.2e-16",0.068,27.192,"<",90.376,4,"<2.2e-16",0.068,27.192,"<"
382,"ex382","faces_ex382.lst",2,"Lognormal","(i)","(i)","(i)",0.149,0.189,0.161,0.163,0.158,0.401,0.508,0.433,0.438,0.424,0.201,0.254,0.217,0.219,0.212,51.045,4,"=2.185e-10",0.039,28.529,"<",55.859,4,"=2.146e-11",0.042,28.358,"<",55.859,4,"=2.146e-11",0.042,28.358,"<"
383,"ex383","faces_ex383.lst",2,"Lognormal","(i)","(i)","(i)",0.112,0.149,0.128,0.127,0.12,0.3,0.4,0.344,0.34,0.322,0.15,0.2,0.172,0.17,0.161,79.602,4,"<2.2e-16",0.06,26.353,"<",78.078,4,"=4.448e-16",0.059,26.371,"<",78.078,4,"=4.448e-16",0.059,26.371,"<"
384,"ex384","faces_ex384.lst",2,"Lognormal","(i)","(i)","(i)",0.0809,0.1107,0.0964,0.0969,0.0901,0.218,0.298,0.258,0.26,0.241,0.109,0.149,0.129,0.13,0.121,90.412,4,"<2.2e-16",0.068,31.59,"<",94.907,4,"<2.2e-16",0.072,32.328,"<",94.907,4,"<2.2e-16",0.072,32.328,"<"
385,"ex385","faces_ex385.lst",2,"Lognormal","(i)","(i)","(i)",0.16,0.192,0.164,0.165,0.164,0.43,0.514,0.438,0.443,0.439,0.215,0.257,0.219,0.221,0.22,45.345,4,"=3.37e-09",0.034,23.767,"<",60.041,4,"=2.844e-12",0.045,23.613,"<",60.041,4,"=2.844e-12",0.045,23.613,"<"
386,"ex386","faces_ex386.lst",2,"Lognormal","(i)","(i)","(i)",0.108,0.145,0.124,0.121,0.114,0.291,0.392,0.333,0.325,0.308,0.146,0.196,0.167,0.163,0.154,75.455,4,"=1.597e-15",0.057,24.958,"<",72.57,4,"=6.505e-15",0.055,24.4,"<",72.57,4,"=6.505e-15",0.055,24.4,"<"
387,"ex387","faces_ex387.lst",2,"Lognormal","(i)","(i)","(i)",0.0812,0.1126,0.0969,0.0963,0.0898,0.219,0.304,0.261,0.258,0.242,0.109,0.152,0.13,0.129,0.121,106.11,4,"<2.2e-16",0.08,27.503,"<",102.16,4,"<2.2e-16",0.077,27.003,"<",102.16,4,"<2.2e-16",0.077,27.003,"<"
388,"ex388","faces_ex388.lst",2,"Lognormal","(i)","(i)","(i)",0.147,0.182,0.155,0.156,0.152,0.395,0.487,0.415,0.417,0.407,0.197,0.243,0.208,0.208,0.203,56.102,4,"=1.909e-11",0.043,25.639,"<",47.935,4,"=9.739e-10",0.036,24.837,"<",47.935,4,"=9.739e-10",0.036,24.837,"<"
389,"ex389","faces_ex389.lst",2,"Lognormal","(i)","(i)","(i)",0.101,0.138,0.118,0.116,0.11,0.273,0.371,0.317,0.31,0.294,0.136,0.185,0.159,0.155,0.147,113.72,4,"<2.2e-16",0.086,39.845,"<",110.72,4,"<2.2e-16",0.084,38.129,"<",110.72,4,"<2.2e-16",0.084,38.129,"<"
390,"ex390","faces_ex390.lst",2,"Lognormal","(i)","(i)","(i)",0.0786,0.115,0.0941,0.0932,0.0851,0.212,0.308,0.253,0.25,0.228,0.106,0.154,0.126,0.125,0.114,135.43,4,"<2.2e-16",0.103,46.053,"<",141.24,4,"<2.2e-16",0.107,45.489,"<",141.24,4,"<2.2e-16",0.107,45.489,"<"
391,"ex391","faces_ex391.lst",2,"Lognormal","(i)","(i)","(i)",0.146,0.177,0.154,0.155,0.149,0.393,0.476,0.414,0.416,0.401,0.197,0.238,0.207,0.208,0.201,57.219,4,"=1.113e-11",0.043,21.733,"<",59.43,4,"=3.821e-12",0.045,22.257,"<",59.43,4,"=3.821e-12",0.045,22.257,"<"
392,"ex392","faces_ex392.lst",2,"Lognormal","(i)","(i)","(i)",0.107,0.137,0.128,0.127,0.117,0.286,0.366,0.345,0.342,0.315,0.143,0.183,0.172,0.171,0.158,95.232,4,"<2.2e-16",0.072,24.464,"<",93.566,4,"<2.2e-16",0.071,24.309,"<",93.566,4,"<2.2e-16",0.071,24.309,"<"
393,"ex393","faces_ex393.lst",2,"Lognormal","(i)","(i)","(i)",0.0826,0.1131,0.0981,0.0974,0.0911,0.223,0.304,0.264,0.262,0.246,0.112,0.152,0.132,0.131,0.123,96.196,4,"<2.2e-16",0.073,23.918,"<",93.122,4,"<2.2e-16",0.071,22.782,"<",93.122,4,"<2.2e-16",0.071,22.782,"<"
394,"ex394","faces_ex394.lst",2,"Lognormal","(v)","(v)","(v)",0.151,0.179,0.154,0.155,0.15,0.407,0.481,0.413,0.416,0.404,0.204,0.241,0.207,0.208,0.202,43.775,4,"=7.146e-09",0.033,18.9,"4.007e-15",35.762,4,"=3.238e-07",0.027,18.528,"7.964e-15",35.762,4,"=3.238e-07",0.027,18.528,"7.964e-15"
395,"ex395","faces_ex395.lst",2,"Lognormal","(i)","(i)","(i)",0.11,0.152,0.129,0.127,0.12,0.294,0.408,0.345,0.339,0.321,0.147,0.204,0.172,0.17,0.16,97.413,4,"<2.2e-16",0.074,31.188,"<",97.607,4,"<2.2e-16",0.074,31.87,"<",97.607,4,"<2.2e-16",0.074,31.87,"<"
396,"ex396","faces_ex396.lst",2,"Lognormal","(i)","(i)","(i)",0.0799,0.1092,0.0959,0.095,0.0893,0.215,0.293,0.256,0.254,0.239,0.108,0.146,0.128,0.127,0.12,87.188,4,"<2.2e-16",0.066,29.726,"<",85.406,4,"<2.2e-16",0.065,28.562,"<",85.406,4,"<2.2e-16",0.065,28.562,"<"
397,"ex397","faces_ex397.lst",2,"Lognormal","(i)","(i)","(i)",0.151,0.189,0.158,0.157,0.154,0.406,0.509,0.424,0.42,0.414,0.203,0.255,0.212,0.21,0.207,69.762,4,"=2.548e-14",0.053,29.083,"<",71.44,4,"=1.127e-14",0.054,30.45,"<",71.44,4,"=1.127e-14",0.054,30.45,"<"
398,"ex398","faces_ex398.lst",2,"Lognormal","(i)","(i)","(i)",0.101,0.131,0.122,0.12,0.113,0.272,0.351,0.327,0.322,0.303,0.136,0.176,0.163,0.161,0.152,99.867,4,"<2.2e-16",0.076,20.853,"<",89.762,4,"<2.2e-16",0.068,20.011,"5.185e-16",89.762,4,"<2.2e-16",0.068,20.011,"5.185e-16"
399,"ex399","faces_ex399.lst",2,"Lognormal","(i)","(i)","(i)",0.0785,0.1075,0.0955,0.0957,0.0901,0.212,0.289,0.256,0.257,0.242,0.106,0.144,0.128,0.128,0.121,88.373,4,"<2.2e-16",0.067,29.821,"<",86.436,4,"<2.2e-16",0.065,28.126,"<",86.436,4,"<2.2e-16",0.065,28.126,"<"
400,"ex400","faces_ex400.lst",2,"Lognormal","(i)","(i)","(i)",0.142,0.168,0.151,0.15,0.148,0.383,0.453,0.407,0.404,0.399,0.192,0.227,0.203,0.202,0.2,24.994,4,"=5.045e-05",0.019,12.3,"8.024e-10",27.767,4,"=1.39e-05",0.021,12.195,"9.741e-10",27.767,4,"=1.39e-05",0.021,12.195,"9.741e-10"
401,"ex401","faces_ex401.lst",2,"Lognormal","(i)","(i)","(i)",0.102,0.132,0.116,0.115,0.108,0.275,0.355,0.311,0.309,0.291,0.138,0.177,0.155,0.154,0.145,69.188,4,"=3.368e-14",0.052,25.214,"<",71.268,4,"=1.225e-14",0.054,24.965,"<",71.268,4,"=1.225e-14",0.054,24.965,"<"
402,"ex402","faces_ex402.lst",2,"Lognormal","(i)","(i)","(i)",0.0751,0.1039,0.0943,0.0934,0.0863,0.203,0.279,0.253,0.251,0.232,0.101,0.139,0.127,0.125,0.116,103.28,4,"<2.2e-16",0.078,32.985,"<",100.37,4,"<2.2e-16",0.076,32.702,"<",100.37,4,"<2.2e-16",0.076,32.702,"<"
403,"ex403","faces_ex403.lst",2,"Lognormal","(i)","(i)","(i)",0.14,0.177,0.152,0.151,0.149,0.377,0.476,0.409,0.406,0.399,0.189,0.238,0.205,0.203,0.199,53.85,4,"=5.658e-11",0.041,23.01,"<",67.874,4,"=6.377e-14",0.051,23.278,"<",67.874,4,"=6.377e-14",0.051,23.278,"<"
404,"ex404","faces_ex404.lst",2,"Lognormal","(i)","(i)","(i)",0.11,0.138,0.127,0.125,0.119,0.294,0.372,0.34,0.335,0.319,0.147,0.186,0.17,0.167,0.159,66.49,4,"=1.249e-13",0.05,17.355,"6.933e-14",62.761,4,"=7.618e-13",0.048,17.958,"2.279e-14",62.761,4,"=7.618e-13",0.048,17.958,"2.279e-14"
405,"ex405","faces_ex405.lst",2,"Lognormal","(i)","(i)","(i)",0.0789,0.1091,0.096,0.0949,0.0887,0.213,0.292,0.258,0.255,0.238,0.107,0.146,0.129,0.127,0.119,128.03,4,"<2.2e-16",0.097,34.867,"<",126.2,4,"<2.2e-16",0.096,33.193,"<",126.2,4,"<2.2e-16",0.096,33.193,"<"
406,"ex406","faces_ex406.lst",2,"Lognormal","(iii)","(iii)","(iii)",0.0771,0.0896,0.0639,0.0655,0.0671,0.207,0.242,0.172,0.176,0.181,0.1036,0.1209,0.0858,0.088,0.0903,87.726,4,"<2.2e-16",0.066,17.94,"2.355e-14",76.182,4,"=1.12e-15",0.058,17.998,"2.116e-14",76.182,4,"=1.12e-15",0.058,17.998,"2.116e-14"
407,"ex407","faces_ex407.lst",2,"Lognormal","(iii)","(iii)","(iii)",0.0725,0.0624,0.0459,0.0467,0.0461,0.198,0.169,0.123,0.126,0.124,0.0988,0.0844,0.0617,0.0628,0.0622,78.747,4,"=3.21e-16",0.06,20.928,"<",79.365,4,"=2.374e-16",0.06,21.433,"<",79.365,4,"=2.374e-16",0.06,21.433,"<"
408,"ex408","faces_ex408.lst",2,"Lognormal","(v)","(v)","(v)",0.0397,0.0532,0.0339,0.0343,0.0337,0.1078,0.1435,0.091,0.0922,0.0907,0.0539,0.0717,0.0455,0.0461,0.0454,105.04,4,"<2.2e-16",0.08,17.758,"3.296e-14",104.39,4,"<2.2e-16",0.079,17.037,"1.246e-13",104.39,4,"<2.2e-16",0.079,17.037,"1.246e-13"
409,"ex409","faces_ex409.lst",2,"Lognormal","(iii)","(iii)","(iii)",0.0816,0.088,0.065,0.0664,0.0665,0.22,0.238,0.175,0.179,0.179,0.1099,0.119,0.0875,0.0893,0.0894,62.058,4,"=1.071e-12",0.047,18.46,"9.029e-15",55.665,4,"=2.357e-11",0.042,18.476,"8.759e-15",55.665,4,"=2.357e-11",0.042,18.476,"8.759e-15"
410,"ex410","faces_ex410.lst",2,"Lognormal","(iii)","(iii)","(iii)",0.068,0.0736,0.0494,0.0499,0.0496,0.185,0.198,0.133,0.135,0.133,0.0925,0.0992,0.0664,0.0673,0.0666,79.472,4,"=2.254e-16",0.06,16.298,"4.889e-13",73.568,4,"=4.001e-15",0.056,16.636,"2.619e-13",73.568,4,"=4.001e-15",0.056,16.636,"2.619e-13"
411,"ex411","faces_ex411.lst",2,"Lognormal","(iii)","(iii)","(iii)",0.053,0.0509,0.034,0.0346,0.0343,0.1432,0.1374,0.0911,0.0927,0.092,0.0716,0.0687,0.0456,0.0464,0.046,101.78,4,"<2.2e-16",0.077,16.843,"1.786e-13",105.13,4,"<2.2e-16",0.08,16.753,"2.107e-13",105.13,4,"<2.2e-16",0.08,16.753,"2.107e-13"
412,"ex412","faces_ex412.lst",2,"Lognormal","(iii)","(iii)","(iii)",0.0859,0.0948,0.0703,0.0723,0.0735,0.233,0.257,0.19,0.196,0.199,0.1166,0.1287,0.0952,0.0979,0.0996,70.257,4,"=2.003e-14",0.053,14.684,"9.682e-12",68.943,4,"=3.794e-14",0.052,14.572,"1.192e-11",68.943,4,"=3.794e-14",0.052,14.572,"1.192e-11"
413,"ex413","faces_ex413.lst",2,"Lognormal","(iii)","(iii)","(iii)",0.072,0.0717,0.0509,0.0513,0.0522,0.196,0.194,0.137,0.139,0.141,0.0978,0.097,0.0687,0.0693,0.0704,51.581,4,"=1.688e-10",0.039,16.743,"2.148e-13",51.651,4,"=1.632e-10",0.039,16.486,"3.456e-13",51.651,4,"=1.632e-10",0.039,16.486,"3.456e-13"
414,"ex414","faces_ex414.lst",2,"Lognormal","(iii)","(iii)","(iii)",0.0468,0.0573,0.0352,0.0355,0.0352,0.1262,0.1548,0.0946,0.0956,0.095,0.0631,0.0774,0.0473,0.0478,0.0475,84.895,4,"<2.2e-16",0.064,16.777,"2.015e-13",91.406,4,"<2.2e-16",0.069,16.718,"2.247e-13",91.406,4,"<2.2e-16",0.069,16.718,"2.247e-13"
415,"ex415","faces_ex415.lst",2,"Lognormal","(iii)","(iii)","(iii)",0.0725,0.0763,0.0597,0.0603,0.06,0.195,0.205,0.161,0.162,0.162,0.0976,0.1027,0.0804,0.0812,0.0808,76.09,4,"=1.172e-15",0.058,12.548,"5.063e-10",66.412,4,"=1.297e-13",0.05,12.557,"4.978e-10",66.412,4,"=1.297e-13",0.05,12.557,"4.978e-10"
416,"ex416","faces_ex416.lst",2,"Lognormal","(v)","(iii)","(v)",0.0761,0.0575,0.0466,0.0467,0.0464,0.208,0.155,0.125,0.126,0.125,0.1039,0.0775,0.0625,0.0628,0.0624,51.571,4,"=1.696e-10",0.039,26.724,"<",57.932,4,"=7.886e-12",0.044,27.677,"<",57.932,4,"=7.886e-12",0.044,27.677,"<"
417,"ex417","faces_ex417.lst",2,"Lognormal","(v)","(v)","(v)",0.0424,0.0522,0.032,0.0324,0.0319,0.1143,0.1402,0.0865,0.0874,0.0859,0.0571,0.0701,0.0432,0.0437,0.043,78.218,4,"=4.153e-16",0.059,10.907,"1.059e-08",81.665,4,"<2.2e-16",0.062,10.805,"1.277e-08",81.665,4,"<2.2e-16",0.062,10.805,"1.277e-08"
418,"ex418","faces_ex418.lst",2,"Lognormal","(iii)","(iii)","(iii)",0.0819,0.0767,0.0624,0.0635,0.0633,0.222,0.207,0.169,0.171,0.17,0.1108,0.1036,0.0843,0.0857,0.0851,64.497,4,"=3.284e-13",0.049,10.822,"1.239e-08",55.132,4,"=3.048e-11",0.042,10.825,"1.232e-08",55.132,4,"=3.048e-11",0.042,10.825,"1.232e-08"
419,"ex419","faces_ex419.lst",2,"Lognormal","(iii)","(iii)","(iii)",0.0695,0.0642,0.042,0.0422,0.0429,0.19,0.173,0.113,0.114,0.116,0.0951,0.0867,0.0567,0.0569,0.058,58.489,4,"=6.023e-12",0.044,19.442,"1.476e-15",55.702,4,"=2.316e-11",0.042,19.95,"5.805e-16",55.952,4,"=2.052e-11",0.042,19.95,"5.805e-16"
420,"ex420","faces_ex420.lst",2,"Lognormal","(iii)","(iii)","(iii)",0.0551,0.0468,0.032,0.0323,0.0332,0.1502,0.1261,0.0859,0.0868,0.0893,0.0751,0.063,0.043,0.0434,0.0447,41.619,4,"=2e-08",0.032,12.171,"1.019e-09",36.57,4,"=2.209e-07",0.028,12.387,"6.829e-10",36.57,4,"=2.209e-07",0.028,12.387,"6.829e-10"
421,"ex421","faces_ex421.lst",2,"Lognormal","(iii)","(iii)","(iii)",0.081,0.0768,0.0628,0.0634,0.063,0.217,0.206,0.168,0.17,0.169,0.1087,0.1032,0.0841,0.085,0.0846,63.665,4,"=4.915e-13",0.048,11.988,"1.429e-09",65.326,4,"=2.197e-13",0.049,12.354,"7.251e-10",65.326,4,"=2.197e-13",0.049,12.354,"7.251e-10"
422,"ex422","faces_ex422.lst",2,"Lognormal","(iii)","(iii)","(iii)",0.0718,0.067,0.0458,0.0459,0.0463,0.196,0.182,0.123,0.124,0.125,0.0978,0.0908,0.0616,0.0618,0.0623,40.313,4,"=3.729e-08",0.031,19.13,"2.625e-15",40.359,4,"=3.648e-08",0.031,19.548,"1.215e-15",40.359,4,"=3.648e-08",0.031,19.548,"1.215e-15"
423,"ex423","faces_ex423.lst",2,"Lognormal","(v)","(v)","(v)",0.0436,0.0493,0.0331,0.0332,0.033,0.1186,0.1331,0.0887,0.0891,0.0886,0.0593,0.0666,0.0444,0.0446,0.0443,47.884,4,"=9.98e-10",0.036,10.685,"1.597e-08",40.427,4,"=3.532e-08",0.031,10.694,"1.57e-08",40.427,4,"=3.532e-08",0.031,10.694,"1.57e-08"
424,"ex424","faces_ex424.lst",2,"Lognormal","(iii)","(iii)","(iii)",0.0802,0.0701,0.0575,0.0579,0.0596,0.215,0.19,0.155,0.156,0.161,0.1076,0.0949,0.0774,0.078,0.0803,52.078,4,"=1.329e-10",0.039,13.286,"1.29e-10",55.348,4,"=2.746e-11",0.042,13.301,"1.255e-10",55.348,4,"=2.746e-11",0.042,13.301,"1.255e-10"
425,"ex425","faces_ex425.lst",2,"Lognormal","(iii)","(iii)","(iii)",0.0863,0.0609,0.041,0.0412,0.0417,0.236,0.163,0.11,0.11,0.112,0.1179,0.0817,0.0549,0.055,0.0558,47.35,4,"=1.289e-09",0.036,33.086,"<",49.345,4,"=4.946e-10",0.037,33.978,"<",49.345,4,"=4.946e-10",0.037,33.978,"<"
426,"ex426","faces_ex426.lst",2,"Lognormal","(iii)","(iii)","(iii)",0.0434,0.0506,0.0303,0.0304,0.0303,0.1183,0.1366,0.0812,0.0815,0.0814,0.0591,0.0683,0.0406,0.0407,0.0407,83.964,4,"<2.2e-16",0.064,12.632,"4.336e-10",87.459,4,"<2.2e-16",0.066,12.551,"5.038e-10",87.459,4,"<2.2e-16",0.066,12.551,"5.038e-10"
427,"ex427","faces_ex427.lst",2,"Lognormal","(iii)","(iii)","(iii)",0.0831,0.0729,0.0582,0.0585,0.0592,0.222,0.196,0.156,0.157,0.159,0.111,0.0979,0.0779,0.0783,0.0795,45.733,4,"=2.798e-09",0.035,14.475,"1.426e-11",38.051,4,"=1.094e-07",0.029,14.53,"1.289e-11",38.051,4,"=1.094e-07",0.029,14.53,"1.289e-11"
428,"ex428","faces_ex428.lst",2,"Lognormal","(iii)","(iii)","(iii)",0.0758,0.0629,0.0389,0.0389,0.039,0.206,0.169,0.105,0.105,0.105,0.1032,0.0847,0.0523,0.0523,0.0524,89.011,4,"<2.2e-16",0.067,26.532,"<",91.852,4,"<2.2e-16",0.07,27.129,"<",91.852,4,"<2.2e-16",0.07,27.129,"<"
429,"ex429","faces_ex429.lst",2,"Lognormal","(iii)","(iii)","(iii)",0.0479,0.0458,0.0306,0.0307,0.0335,0.1308,0.1242,0.0821,0.0824,0.09,0.0654,0.0621,0.041,0.0412,0.045,71.474,4,"=1.108e-14",0.054,8.812,"5.081e-07",79.624,4,"<2.2e-16",0.06,8.9743,"3.767e-07",79.624,4,"<2.2e-16",0.06,8.9743,"3.767e-07"
430,"ex430","faces_ex430.lst",2,"Lognormal","(iii)","(iii)","(iii)",0.0679,0.0731,0.0594,0.06,0.0595,0.184,0.197,0.16,0.162,0.16,0.0918,0.0984,0.08,0.0808,0.0802,47.867,4,"=1.006e-09",0.036,9.9959,"5.71e-08",40.235,4,"=3.87e-08",0.03,9.854,"7.423e-08",40.235,4,"=3.87e-08",0.03,9.854,"7.423e-08"
431,"ex431","faces_ex431.lst",2,"Lognormal","(v)","(iii)","(v)",0.0803,0.0593,0.0403,0.0404,0.0401,0.22,0.159,0.108,0.108,0.108,0.1099,0.0797,0.054,0.0541,0.0538,42.463,4,"=1.337e-08",0.032,33.024,"<",45.704,4,"=2.838e-09",0.035,34.38,"<",45.704,4,"=2.838e-09",0.035,34.38,"<"
432,"ex432","faces_ex432.lst",2,"Lognormal","(iii)","(iii)","(iii)",0.0562,0.0454,0.0299,0.03,0.0305,0.1527,0.1231,0.0804,0.0808,0.0822,0.0764,0.0615,0.0402,0.0404,0.0411,65.195,4,"=2.341e-13",0.049,14.663,"1.007e-11",50.022,4,"=3.573e-10",0.038,14.63,"1.071e-11",50.022,4,"=3.573e-10",0.038,14.63,"1.071e-11"
433,"ex433","faces_ex433.lst",2,"Lognormal","(iii)","(iii)","(iii)",0.1002,0.1216,0.089,0.0908,0.0898,0.271,0.328,0.239,0.245,0.242,0.135,0.164,0.12,0.122,0.121,91.481,4,"<2.2e-16",0.069,26,"<",85.365,4,"<2.2e-16",0.065,26.07,"<",85.365,4,"<2.2e-16",0.065,26.07,"<"
434,"ex434","faces_ex434.lst",2,"Lognormal","(v)","(v)","(v)",0.0726,0.0928,0.0693,0.0704,0.068,0.195,0.249,0.186,0.188,0.182,0.0977,0.1247,0.0928,0.0942,0.0911,95.265,4,"<2.2e-16",0.072,24.58,"<",85.825,4,"<2.2e-16",0.065,24.439,"<",85.825,4,"<2.2e-16",0.065,24.439,"<"
435,"ex435","faces_ex435.lst",2,"Lognormal","(i)","(i)","(i)",0.0477,0.071,0.0521,0.0531,0.0511,0.129,0.191,0.14,0.143,0.138,0.0643,0.0953,0.0701,0.0714,0.069,126.17,4,"<2.2e-16",0.096,39.498,"<",123.76,4,"<2.2e-16",0.094,37.689,"<",123.76,4,"<2.2e-16",0.094,37.689,"<"
436,"ex436","faces_ex436.lst",2,"Lognormal","(iii)","(iii)","(iii)",0.1052,0.1237,0.0976,0.0997,0.0976,0.283,0.334,0.262,0.268,0.262,0.142,0.167,0.131,0.134,0.131,105.12,4,"<2.2e-16",0.08,19.805,"7.574e-16",97.904,4,"<2.2e-16",0.074,20.062,"4.723e-16",97.904,4,"<2.2e-16",0.074,20.062,"4.723e-16"
437,"ex437","faces_ex437.lst",2,"Lognormal","(v)","(v)","(v)",0.0743,0.0851,0.0679,0.0678,0.0674,0.2,0.23,0.183,0.183,0.182,0.1,0.1151,0.0917,0.0915,0.091,54.819,4,"=3.545e-11",0.042,13.211,"1.482e-10",53.362,4,"=7.156e-11",0.04,13.04,"2.036e-10",53.362,4,"=7.156e-11",0.04,13.04,"2.036e-10"
438,"ex438","faces_ex438.lst",2,"Lognormal","(i)","(i)","(i)",0.0479,0.0677,0.0497,0.0503,0.0488,0.128,0.182,0.133,0.135,0.131,0.0641,0.0912,0.0667,0.0677,0.0655,93.944,4,"<2.2e-16",0.071,20.539,"<",95.222,4,"<2.2e-16",0.072,20.534,"<",95.222,4,"<2.2e-16",0.072,20.534,"<"
439,"ex439","faces_ex439.lst",2,"Lognormal","(iii)","(iii)","(iii)",0.1101,0.1309,0.0963,0.098,0.0977,0.296,0.354,0.259,0.265,0.263,0.148,0.177,0.13,0.132,0.132,60.051,4,"=2.83e-12",0.045,21.536,"<",61.758,4,"=1.239e-12",0.047,21.472,"<",61.758,4,"=1.239e-12",0.047,21.472,"<"
440,"ex440","faces_ex440.lst",2,"Lognormal","(v)","(v)","(v)",0.079,0.092,0.0763,0.0764,0.0749,0.214,0.248,0.206,0.206,0.202,0.107,0.124,0.103,0.103,0.101,39.45,4,"=5.625e-08",0.03,13.794,"5.034e-11",38.868,4,"=7.418e-08",0.029,13.143,"1.682e-10",38.868,4,"=7.418e-08",0.029,13.143,"1.682e-10"
441,"ex441","faces_ex441.lst",2,"Lognormal","(i)","(i)","(i)",0.047,0.074,0.0553,0.055,0.0545,0.127,0.198,0.148,0.148,0.147,0.0634,0.099,0.0742,0.0739,0.0734,101.47,4,"<2.2e-16",0.077,42.302,"<",99.525,4,"<2.2e-16",0.075,40.549,"<",99.525,4,"<2.2e-16",0.075,40.549,"<"
442,"ex442","faces_ex442.lst",2,"Lognormal","(v)","(v)","(v)",0.0958,0.1163,0.0915,0.0918,0.091,0.258,0.313,0.246,0.247,0.245,0.129,0.156,0.123,0.123,0.122,48.039,4,"=9.264e-10",0.036,19.335,"1.799e-15",44.601,4,"=4.812e-09",0.034,18.993,"3.376e-15",44.601,4,"=4.812e-09",0.034,18.993,"3.376e-15"
443,"ex443","faces_ex443.lst",2,"Lognormal","(v)","(v)","(v)",0.0734,0.0915,0.0727,0.0724,0.0707,0.199,0.246,0.196,0.195,0.19,0.0993,0.1231,0.0981,0.0976,0.0949,74.817,4,"=2.178e-15",0.057,16.831,"1.826e-13",73.19,4,"=4.809e-15",0.055,16.598,"2.81e-13",73.19,4,"=4.809e-15",0.055,16.598,"2.81e-13"
444,"ex444","faces_ex444.lst",2,"Lognormal","(i)","(i)","(i)",0.0515,0.066,0.0534,0.053,0.0524,0.139,0.178,0.144,0.143,0.141,0.0697,0.0892,0.072,0.0713,0.0705,95.183,4,"<2.2e-16",0.072,10.993,"9.023e-09",92.616,4,"<2.2e-16",0.07,10.733,"1.459e-08",92.616,4,"<2.2e-16",0.07,10.733,"1.459e-08"
445,"ex445","faces_ex445.lst",2,"Lognormal","(v)","(v)","(v)",0.0908,0.1216,0.0902,0.0904,0.0893,0.245,0.328,0.243,0.244,0.241,0.122,0.164,0.121,0.122,0.12,45.418,4,"=3.254e-09",0.034,31.503,"<",45.326,4,"=3.401e-09",0.034,30.983,"<",45.326,4,"=3.401e-09",0.034,30.983,"<"
446,"ex446","faces_ex446.lst",2,"Lognormal","(v)","(v)","(v)",0.0724,0.0879,0.0707,0.0707,0.069,0.195,0.236,0.19,0.19,0.185,0.0977,0.118,0.0948,0.0949,0.0926,61.435,4,"=1.448e-12",0.047,15.029,"5.118e-12",56.589,4,"=1.509e-11",0.043,14.315,"1.919e-11",56.589,4,"=1.509e-11",0.043,14.315,"1.919e-11"
447,"ex447","faces_ex447.lst",2,"Lognormal","(i)","(i)","(i)",0.0454,0.0694,0.0515,0.0517,0.0505,0.122,0.186,0.138,0.139,0.136,0.0612,0.0929,0.0692,0.0694,0.0678,107.6,4,"<2.2e-16",0.082,18.408,"9.937e-15",114.6,4,"<2.2e-16",0.087,17.954,"2.296e-14",114.6,4,"<2.2e-16",0.087,17.954,"2.296e-14"
448,"ex448","faces_ex448.lst",2,"Lognormal","(iii)","(iii)","(iii)",0.0998,0.1181,0.0934,0.0937,0.0953,0.268,0.319,0.251,0.252,0.256,0.134,0.159,0.126,0.126,0.128,42.114,4,"=1.58e-08",0.032,13.96,"3.702e-11",37.75,4,"=1.262e-07",0.029,14.175,"2.484e-11",37.75,4,"=1.262e-07",0.029,14.175,"2.484e-11"
449,"ex449","faces_ex449.lst",2,"Lognormal","(v)","(v)","(v)",0.0746,0.0883,0.0714,0.0708,0.0693,0.202,0.237,0.191,0.189,0.185,0.1009,0.1185,0.0955,0.0947,0.0927,61.976,4,"=1.115e-12",0.047,13.863,"4.431e-11",62.565,4,"=8.379e-13",0.047,14.073,"3.002e-11",62.565,4,"=8.379e-13",0.047,14.073,"3.002e-11"
450,"ex450","faces_ex450.lst",2,"Lognormal","(i)","(i)","(i)",0.0445,0.0646,0.0526,0.0528,0.0514,0.12,0.173,0.141,0.141,0.137,0.0599,0.0866,0.0703,0.0706,0.0686,74.691,4,"=2.316e-15",0.057,31.516,"<",71.821,4,"=9.365e-15",0.054,31.353,"<",71.821,4,"=9.365e-15",0.054,31.353,"<"
451,"ex451","faces_ex451.lst",2,"Lognormal","(iii)","(iii)","(iii)",0.097,0.1069,0.0847,0.0847,0.0848,0.262,0.29,0.229,0.229,0.229,0.131,0.145,0.114,0.114,0.114,25.68,4,"=3.671e-05",0.019,14.296,"1.988e-11",35.556,4,"=3.57e-07",0.027,14.522,"1.308e-11",35.556,4,"=3.57e-07",0.027,14.522,"1.308e-11"
452,"ex452","faces_ex452.lst",2,"Lognormal","(v)","(v)","(v)",0.0781,0.0834,0.0648,0.0645,0.0639,0.213,0.226,0.174,0.173,0.172,0.1063,0.1128,0.0872,0.0867,0.0858,57.595,4,"=9.28e-12",0.044,12.397,"6.696e-10",50.126,4,"=3.399e-10",0.038,12.704,"3.793e-10",50.126,4,"=3.399e-10",0.038,12.704,"3.793e-10"
453,"ex453","faces_ex453.lst",2,"Lognormal","(i)","(i)","(i)",0.047,0.0653,0.0527,0.0528,0.0511,0.127,0.175,0.141,0.141,0.137,0.0633,0.0876,0.0705,0.0706,0.0684,113.77,4,"<2.2e-16",0.086,13.183,"1.561e-10",103.2,4,"<2.2e-16",0.078,13.042,"2.028e-10",103.2,4,"<2.2e-16",0.078,13.042,"2.028e-10"
454,"ex454","faces_ex454.lst",2,"Lognormal","(v)","(iii)","(v)",0.0893,0.1046,0.085,0.0854,0.0849,0.238,0.281,0.227,0.228,0.227,0.119,0.14,0.114,0.114,0.113,50.766,4,"=2.498e-10",0.038,13.829,"4.722e-11",65.341,4,"=2.181e-13",0.05,14.481,"1.411e-11",65.341,4,"=2.181e-13",0.05,14.481,"1.411e-11"
455,"ex455","faces_ex455.lst",2,"Lognormal","(v)","(v)","(v)",0.0751,0.0863,0.0666,0.0662,0.0653,0.204,0.232,0.179,0.178,0.176,0.1021,0.1162,0.0897,0.0892,0.0881,91.018,4,"<2.2e-16",0.069,14.608,"1.114e-11",88.604,4,"<2.2e-16",0.067,14.19,"2.418e-11",88.604,4,"<2.2e-16",0.067,14.19,"2.418e-11"
456,"ex456","faces_ex456.lst",2,"Lognormal","(v)","(i)","(i)",0.0498,0.0652,0.0501,0.0502,0.0496,0.134,0.176,0.135,0.135,0.134,0.0668,0.088,0.0675,0.0676,0.0668,90.342,4,"<2.2e-16",0.068,18.32,"1.168e-14",91.152,4,"<2.2e-16",0.069,18.381,"1.044e-14",91.152,4,"<2.2e-16",0.069,18.381,"1.044e-14"
457,"ex457","faces_ex457.lst",2,"Lognormal","(i)","(i)","(i)",0.0843,0.1048,0.0855,0.0857,0.0847,0.227,0.282,0.231,0.231,0.228,0.114,0.141,0.115,0.115,0.114,97.239,4,"<2.2e-16",0.074,30.942,"<",88.676,4,"<2.2e-16",0.067,30.321,"<",88.676,4,"<2.2e-16",0.067,30.321,"<"
458,"ex458","faces_ex458.lst",2,"Lognormal","(v)","(v)","(v)",0.0805,0.0855,0.0716,0.0714,0.0702,0.218,0.23,0.192,0.192,0.189,0.1092,0.1149,0.0962,0.096,0.0943,63.537,4,"=5.231e-13",0.048,10.074,"4.944e-08",55.04,4,"=3.187e-11",0.042,10.115,"4.583e-08",55.04,4,"=3.187e-11",0.042,10.115,"4.583e-08"
459,"ex459","faces_ex459.lst",2,"Lognormal","(i)","(i)","(i)",0.0479,0.0627,0.0489,0.0489,0.0481,0.129,0.168,0.131,0.131,0.129,0.0646,0.0842,0.0656,0.0656,0.0646,84.107,4,"<2.2e-16",0.064,11.994,"1.415e-09",80.463,4,"<2.2e-16",0.061,12.182,"9.987e-10",80.463,4,"<2.2e-16",0.061,12.182,"9.987e-10"
460,"ex460","faces_ex460.lst",2,"Lognormal","(i)","(i)","(i)",0.141,0.171,0.15,0.151,0.144,0.381,0.46,0.403,0.405,0.386,0.191,0.23,0.202,0.202,0.193,34.628,4,"=5.539e-07",0.026,16.273,"5.119e-13",39.328,4,"=5.959e-08",0.03,15.743,"1.365e-12",39.328,4,"=5.959e-08",0.03,15.743,"1.365e-12"
461,"ex461","faces_ex461.lst",2,"Lognormal","(i)","(i)","(i)",0.0993,0.134,0.1158,0.1113,0.1063,0.268,0.36,0.311,0.298,0.286,0.134,0.18,0.155,0.149,0.143,92.337,4,"<2.2e-16",0.07,29.508,"<",83.692,4,"<2.2e-16",0.063,28.936,"<",83.692,4,"<2.2e-16",0.063,28.936,"<"
462,"ex462","faces_ex462.lst",2,"Lognormal","(i)","(i)","(i)",0.0792,0.1078,0.099,0.0975,0.0935,0.214,0.289,0.265,0.261,0.251,0.107,0.144,0.132,0.13,0.126,61.714,4,"=1.265e-12",0.047,21.14,"<",63.578,4,"=5.127e-13",0.048,19.585,"1.137e-15",63.578,4,"=5.127e-13",0.048,19.585,"1.137e-15"
463,"ex463","faces_ex463.lst",2,"Lognormal","(i)","(i)","(i)",0.143,0.186,0.157,0.155,0.148,0.385,0.5,0.421,0.419,0.399,0.193,0.25,0.211,0.209,0.199,32.638,4,"=1.417e-06",0.025,25.866,"<",32.948,4,"=1.224e-06",0.025,25.037,"<",32.948,4,"=1.224e-06",0.025,25.037,"<"
464,"ex464","faces_ex464.lst",2,"Lognormal","(i)","(i)","(i)",0.0968,0.1439,0.1179,0.1155,0.1092,0.26,0.388,0.317,0.311,0.293,0.13,0.194,0.158,0.156,0.147,122.99,4,"<2.2e-16",0.093,36.071,"<",119.4,4,"<2.2e-16",0.09,35.703,"<",119.4,4,"<2.2e-16",0.09,35.703,"<"
465,"ex465","faces_ex465.lst",2,"Lognormal","(i)","(i)","(i)",0.0837,0.1202,0.1,0.0986,0.0947,0.226,0.323,0.267,0.263,0.255,0.113,0.162,0.134,0.132,0.127,92.882,4,"<2.2e-16",0.07,30.521,"<",86.996,4,"<2.2e-16",0.066,30.512,"<",86.996,4,"<2.2e-16",0.066,30.512,"<"
466,"ex466","faces_ex466.lst",2,"Lognormal","(i)","(i)","(i)",0.149,0.198,0.162,0.16,0.155,0.402,0.53,0.436,0.431,0.417,0.201,0.265,0.218,0.215,0.209,53.072,4,"=8.233e-11",0.04,30.205,"<",57.253,4,"=1.095e-11",0.043,28.99,"<",57.253,4,"=1.095e-11",0.043,28.99,"<"
467,"ex467","faces_ex467.lst",2,"Lognormal","(i)","(i)","(i)",0.102,0.137,0.125,0.121,0.112,0.275,0.368,0.334,0.324,0.301,0.137,0.184,0.167,0.162,0.151,87.229,4,"<2.2e-16",0.066,26.961,"<",92.099,4,"<2.2e-16",0.07,27.08,"<",92.099,4,"<2.2e-16",0.07,27.08,"<"
468,"ex468","faces_ex468.lst",2,"Lognormal","(i)","(i)","(i)",0.0791,0.1124,0.0949,0.095,0.0946,0.213,0.303,0.254,0.254,0.254,0.107,0.151,0.127,0.127,0.127,75.617,4,"=1.475e-15",0.057,20.638,"<",72.642,4,"=6.278e-15",0.055,20.349,"2.782e-16",72.642,4,"=6.278e-15",0.055,20.349,"2.782e-16"
469,"ex469","faces_ex469.lst",2,"Lognormal","(i)","(i)","(i)",0.141,0.179,0.156,0.155,0.15,0.378,0.48,0.418,0.415,0.403,0.189,0.24,0.209,0.208,0.201,55.408,4,"=2.669e-11",0.042,23.63,"<",60.436,4,"=2.349e-12",0.046,22.828,"<",60.436,4,"=2.349e-12",0.046,22.828,"<"
470,"ex470","faces_ex470.lst",2,"Lognormal","(i)","(i)","(i)",0.104,0.147,0.121,0.119,0.114,0.28,0.395,0.323,0.32,0.305,0.14,0.197,0.161,0.16,0.153,116.12,4,"<2.2e-16",0.088,35.784,"<",119.06,4,"<2.2e-16",0.09,36.258,"<",119.06,4,"<2.2e-16",0.09,36.258,"<"
471,"ex471","faces_ex471.lst",2,"Lognormal","(i)","(i)","(i)",0.0783,0.1114,0.0945,0.0927,0.0935,0.212,0.3,0.253,0.249,0.252,0.106,0.15,0.127,0.124,0.126,85.108,4,"<2.2e-16",0.064,19.933,"5.99e-16",88.984,4,"<2.2e-16",0.067,19.197,"2.321e-15",88.984,4,"<2.2e-16",0.067,19.197,"2.321e-15"
472,"ex472","faces_ex472.lst",2,"Lognormal","(i)","(i)","(i)",0.136,0.186,0.152,0.151,0.145,0.366,0.502,0.408,0.405,0.388,0.183,0.251,0.204,0.202,0.194,65.365,4,"=2.156e-13",0.05,31.308,"<",69.476,4,"=2.928e-14",0.053,32.729,"<",69.476,4,"=2.928e-14",0.053,32.729,"<"
473,"ex473","faces_ex473.lst",2,"Lognormal","(i)","(i)","(i)",0.109,0.139,0.129,0.126,0.121,0.294,0.372,0.346,0.339,0.324,0.147,0.186,0.173,0.169,0.162,76.914,4,"=7.843e-16",0.058,14.079,"2.972e-11",77.023,4,"=7.437e-16",0.058,13.44,"9.71e-11",77.023,4,"=7.437e-16",0.058,13.44,"9.71e-11"
474,"ex474","faces_ex474.lst",2,"Lognormal","(i)","(i)","(i)",0.0757,0.1071,0.0892,0.0877,0.0848,0.205,0.287,0.239,0.235,0.228,0.102,0.144,0.119,0.118,0.114,66.388,4,"=1.312e-13",0.05,25.391,"<",62.592,4,"=8.271e-13",0.047,24.133,"<",62.592,4,"=8.271e-13",0.047,24.133,"<"
475,"ex475","faces_ex475.lst",2,"Lognormal","(i)","(i)","(i)",0.15,0.191,0.161,0.159,0.156,0.403,0.512,0.43,0.426,0.417,0.201,0.256,0.215,0.213,0.209,42.805,4,"=1.136e-08",0.032,26.404,"<",43.985,4,"=6.461e-09",0.033,27.198,"<",43.985,4,"=6.461e-09",0.033,27.198,"<"
476,"ex476","faces_ex476.lst",2,"Lognormal","(i)","(i)","(i)",0.101,0.14,0.118,0.116,0.11,0.272,0.377,0.318,0.312,0.295,0.136,0.188,0.159,0.156,0.148,89.855,4,"<2.2e-16",0.068,26.112,"<",98.029,4,"<2.2e-16",0.074,26.553,"<",98.029,4,"<2.2e-16",0.074,26.553,"<"
477,"ex477","faces_ex477.lst",2,"Lognormal","(i)","(i)","(i)",0.0744,0.1145,0.095,0.0932,0.0913,0.201,0.308,0.254,0.249,0.246,0.1,0.154,0.127,0.125,0.123,160.53,4,"<2.2e-16",0.122,34.865,"<",155.29,4,"<2.2e-16",0.118,33.541,"<",155.29,4,"<2.2e-16",0.118,33.541,"<"
478,"ex478","faces_ex478.lst",2,"Lognormal","(i)","(i)","(i)",0.139,0.177,0.151,0.15,0.145,0.373,0.474,0.407,0.403,0.39,0.186,0.237,0.203,0.201,0.195,66.764,4,"=1.093e-13",0.051,28.242,"<",52.364,4,"=1.158e-10",0.04,27.135,"<",52.364,4,"=1.158e-10",0.04,27.135,"<"
479,"ex479","faces_ex479.lst",2,"Lognormal","(i)","(i)","(i)",0.105,0.137,0.125,0.123,0.117,0.282,0.366,0.335,0.327,0.312,0.141,0.183,0.167,0.164,0.156,115.25,4,"<2.2e-16",0.087,20.199,"3.671e-16",108.01,4,"<2.2e-16",0.082,20.071,"4.642e-16",108.01,4,"<2.2e-16",0.082,20.071,"4.642e-16"
480,"ex480","faces_ex480.lst",2,"Lognormal","(i)","(i)","(i)",0.0774,0.1041,0.0949,0.0938,0.0948,0.21,0.279,0.254,0.252,0.255,0.105,0.14,0.127,0.126,0.128,70.187,4,"=2.073e-14",0.053,14.864,"6.939e-12",63.956,4,"=4.269e-13",0.048,13.733,"5.635e-11",63.956,4,"=4.269e-13",0.048,13.733,"5.635e-11"
481,"ex481","faces_ex481.lst",2,"Lognormal","(i)","(i)","(i)",0.137,0.178,0.152,0.151,0.145,0.367,0.477,0.409,0.406,0.389,0.183,0.238,0.205,0.203,0.195,54.395,4,"=4.35e-11",0.041,23.124,"<",50.577,4,"=2.736e-10",0.038,22.435,"<",50.577,4,"=2.736e-10",0.038,22.435,"<"
482,"ex482","faces_ex482.lst",2,"Lognormal","(i)","(i)","(i)",0.0995,0.1245,0.1147,0.1122,0.1083,0.268,0.334,0.308,0.302,0.291,0.134,0.167,0.154,0.151,0.146,63.05,4,"=6.624e-13",0.048,12.471,"5.838e-10",60.259,4,"=2.559e-12",0.046,12.06,"1.252e-09",60.259,4,"=2.559e-12",0.046,12.06,"1.252e-09"
483,"ex483","faces_ex483.lst",2,"Lognormal","(i)","(i)","(i)",0.071,0.1034,0.095,0.0931,0.0898,0.192,0.278,0.256,0.25,0.242,0.096,0.139,0.128,0.125,0.121,101.9,4,"<2.2e-16",0.077,30.219,"<",102.47,4,"<2.2e-16",0.078,29.874,"<",102.47,4,"<2.2e-16",0.078,29.874,"<"
484,"ex484","faces_ex484.lst",2,"Lognormal","(i)","(i)","(i)",0.141,0.186,0.155,0.154,0.151,0.379,0.5,0.417,0.412,0.406,0.19,0.25,0.208,0.206,0.203,73.261,4,"=4.647e-15",0.056,29.277,"<",63.059,4,"=6.593e-13",0.048,28.459,"<",63.059,4,"=6.593e-13",0.048,28.459,"<"
485,"ex485","faces_ex485.lst",2,"Lognormal","(i)","(i)","(i)",0.0981,0.1362,0.1169,0.1144,0.108,0.264,0.368,0.313,0.306,0.288,0.132,0.184,0.156,0.153,0.144,120.42,4,"<2.2e-16",0.091,27.822,"<",133.23,4,"<2.2e-16",0.101,29.222,"<",133.23,4,"<2.2e-16",0.101,29.222,"<"
486,"ex486","faces_ex486.lst",2,"Lognormal","(i)","(i)","(i)",0.0761,0.1087,0.0935,0.0932,0.0884,0.206,0.291,0.251,0.25,0.238,0.103,0.146,0.125,0.125,0.119,64.056,4,"=4.068e-13",0.049,22.212,"<",65.578,4,"=1.944e-13",0.05,21.53,"<",65.578,4,"=1.944e-13",0.05,21.53,"<"
487,"ex487","faces_ex487.lst",3,"Negative binomial","(iii)","(iii)","(iii)",0.0899,0.105,0.0874,0.0913,0.0903,0.243,0.283,0.236,0.247,0.244,0.121,0.142,0.118,0.124,0.122,51.04,4,"=2.19e-10",0.039,22.799,"<",65.963,4,"=1.612e-13",0.05,21.973,"<",65.963,4,"=1.612e-13",0.05,21.973,"<"
488,"ex488","faces_ex488.lst",3,"Negative binomial","(iii)","(iii)","(iii)",0.0658,0.0774,0.0621,0.0637,0.0632,0.178,0.209,0.168,0.173,0.171,0.089,0.1047,0.0839,0.0863,0.0854,39.968,4,"=4.394e-08",0.03,19.336,"1.795e-15",43.217,4,"=9.329e-09",0.033,19.871,"6.71e-16",43.217,4,"=9.329e-09",0.033,19.871,"6.71e-16"
489,"ex489","faces_ex489.lst",3,"Negative binomial","(iii)","(iii)","(iii)",0.05,0.0589,0.0468,0.0478,0.0473,0.135,0.159,0.126,0.129,0.128,0.0676,0.0794,0.0632,0.0646,0.0639,32.785,4,"=1.322e-06",0.025,15.565,"1.896e-12",40.72,4,"=3.072e-08",0.031,14.772,"8.231e-12",40.72,4,"=3.072e-08",0.031,14.772,"8.231e-12"
490,"ex490","faces_ex490.lst",3,"Negative binomial","(iii)","(iii)","(iii)",0.0979,0.1113,0.0935,0.0971,0.0978,0.264,0.299,0.252,0.262,0.264,0.132,0.15,0.126,0.131,0.132,42.916,4,"=1.077e-08",0.033,23.29,"<",47.438,4,"=1.236e-09",0.036,22.234,"<",47.438,4,"=1.236e-09",0.036,22.234,"<"
491,"ex491","faces_ex491.lst",3,"Negative binomial","(iii)","(iii)","(iii)",0.0733,0.0831,0.0662,0.0678,0.0674,0.197,0.224,0.178,0.182,0.181,0.0987,0.112,0.0889,0.0908,0.0905,59.762,4,"=3.254e-12",0.045,23.427,"<",58.89,4,"=4.963e-12",0.045,23.165,"<",58.89,4,"=4.963e-12",0.045,23.165,"<"
492,"ex492","faces_ex492.lst",3,"Negative binomial","(iii)","(iii)","(iii)",0.0494,0.0592,0.0466,0.0479,0.0471,0.133,0.16,0.125,0.129,0.126,0.0664,0.0798,0.0627,0.0645,0.0632,54.848,4,"=3.495e-11",0.042,24.223,"<",61.263,4,"=1.574e-12",0.046,24.713,"<",61.263,4,"=1.574e-12",0.046,24.713,"<"
493,"ex493","faces_ex493.lst",3,"Negative binomial","(iii)","(iii)","(iii)",0.0954,0.1126,0.0927,0.0967,0.0958,0.258,0.303,0.25,0.261,0.259,0.129,0.152,0.125,0.131,0.129,53.646,4,"=6.242e-11",0.041,21.332,"<",52.785,4,"=9.45e-11",0.04,21.381,"<",52.785,4,"=9.45e-11",0.04,21.381,"<"
494,"ex494","faces_ex494.lst",3,"Negative binomial","(iii)","(iii)","(iii)",0.0731,0.0871,0.0705,0.0729,0.0714,0.197,0.234,0.189,0.196,0.192,0.0983,0.117,0.0945,0.098,0.0958,50.211,4,"=3.263e-10",0.038,26.869,"<",53.04,4,"=8.359e-11",0.04,26.261,"<",53.04,4,"=8.359e-11",0.04,26.261,"<"
495,"ex495","faces_ex495.lst",3,"Negative binomial","(iii)","(iii)","(v)",0.0565,0.0674,0.0519,0.053,0.0519,0.152,0.182,0.14,0.143,0.14,0.0761,0.0908,0.0699,0.0716,0.0698,75.726,4,"=1.399e-15",0.057,21.611,"<",64.89,4,"=2.715e-13",0.049,20.891,"<",64.89,4,"=2.715e-13",0.049,20.891,"<"
496,"ex496","faces_ex496.lst",3,"Negative binomial","(iii)","(iii)","(iii)",0.0818,0.0946,0.0801,0.082,0.0818,0.221,0.255,0.215,0.222,0.221,0.11,0.128,0.108,0.111,0.11,28.669,4,"=9.126e-06",0.022,22.203,"<",45.438,4,"=3.224e-09",0.034,21.859,"<",45.438,4,"=3.224e-09",0.034,21.859,"<"
497,"ex497","faces_ex497.lst",3,"Negative binomial","(iii)","(iii)","(iii)",0.0652,0.0716,0.0549,0.0557,0.0562,0.176,0.192,0.148,0.15,0.151,0.0882,0.0962,0.0738,0.0748,0.0757,67.428,4,"=7.92e-14",0.051,21.559,"<",66.048,4,"=1.547e-13",0.05,21.322,"<",66.048,4,"=1.547e-13",0.05,21.322,"<"
498,"ex498","faces_ex498.lst",3,"Negative binomial","(iii)","(iii)","(iii)",0.0472,0.0503,0.0388,0.0392,0.0389,0.128,0.136,0.105,0.106,0.105,0.064,0.0679,0.0525,0.0531,0.0527,61.896,4,"=1.159e-12",0.047,10.174,"4.108e-08",55.256,4,"=2.872e-11",0.042,9.6638,"1.055e-07",55.256,4,"=2.872e-11",0.042,9.6638,"1.055e-07"
499,"ex499","faces_ex499.lst",3,"Negative binomial","(iii)","(iii)","(iii)",0.0813,0.0982,0.0795,0.0822,0.0813,0.219,0.264,0.214,0.221,0.219,0.109,0.132,0.107,0.111,0.109,81.653,4,"<2.2e-16",0.062,25.096,"<",79.879,4,"<2.2e-16",0.061,25.452,"<",79.879,4,"<2.2e-16",0.061,25.452,"<"
500,"ex500","faces_ex500.lst",3,"Negative binomial","(iii)","(iii)","(iii)",0.0684,0.0711,0.0586,0.0599,0.0591,0.185,0.192,0.158,0.161,0.159,0.0926,0.0958,0.0789,0.0807,0.0796,34.572,4,"=5.687e-07",0.026,11.234,"5.78e-09",39.719,4,"=4.949e-08",0.03,10.982,"9.21e-09",39.719,4,"=4.949e-08",0.03,10.982,"9.21e-09"
501,"ex501","faces_ex501.lst",3,"Negative binomial","(iii)","(iii)","(iii)",0.0608,0.0556,0.0423,0.0427,0.0424,0.165,0.15,0.114,0.114,0.114,0.0825,0.0752,0.0568,0.0572,0.0571,56.524,4,"=1.557e-11",0.043,15.358,"2.78e-12",62.33,4,"=9.39e-13",0.047,15.516,"2.078e-12",62.33,4,"=9.39e-13",0.047,15.516,"2.078e-12"
502,"ex502","faces_ex502.lst",3,"Negative binomial","(iii)","(iii)","(iii)",0.0875,0.0996,0.0843,0.0862,0.0866,0.236,0.269,0.228,0.233,0.233,0.118,0.135,0.114,0.116,0.117,56.841,4,"=1.336e-11",0.043,17.848,"2.788e-14",49.224,4,"=5.242e-10",0.037,17.953,"2.301e-14",49.224,4,"=5.242e-10",0.037,17.953,"2.301e-14"
503,"ex503","faces_ex503.lst",3,"Negative binomial","(iii)","(iii)","(iii)",0.0707,0.0732,0.0604,0.0612,0.061,0.193,0.197,0.164,0.166,0.165,0.0963,0.0987,0.0818,0.083,0.0826,29.59,4,"=5.93e-06",0.022,17.536,"4.962e-14",34.928,4,"=4.805e-07",0.026,16.73,"2.2e-13",34.928,4,"=4.805e-07",0.026,16.73,"2.2e-13"
504,"ex504","faces_ex504.lst",3,"Negative binomial","(iii)","(iii)","(iii)",0.0487,0.0518,0.0414,0.0417,0.0415,0.132,0.14,0.112,0.112,0.112,0.066,0.0701,0.0558,0.0561,0.0559,33.246,4,"=1.064e-06",0.025,9.3856,"1.763e-07",32.002,4,"=1.911e-06",0.024,9.4468,"1.575e-07",32.002,4,"=1.911e-06",0.024,9.4468,"1.575e-07"
505,"ex505","faces_ex505.lst",3,"Negative binomial","(iii)","(iii)","(iii)",0.0696,0.0804,0.0683,0.0688,0.069,0.187,0.216,0.183,0.185,0.185,0.0935,0.1079,0.0917,0.0923,0.0926,16.405,4,"=0.002521",0.012,15.709,"1.453e-12",14.381,4,"=0.006174",0.011,14.903,"6.457e-12",14.381,4,"=0.006174",0.011,14.903,"6.457e-12"
506,"ex506","faces_ex506.lst",3,"Negative binomial","(iii)","(iii)","(iii)",0.0585,0.0613,0.0501,0.0502,0.0504,0.158,0.165,0.135,0.135,0.136,0.0792,0.0823,0.0674,0.0676,0.0679,60.034,4,"=2.854e-12",0.045,18.101,"1.75e-14",55.743,4,"=2.27e-11",0.042,17.043,"1.233e-13",55.743,4,"=2.27e-11",0.042,17.043,"1.233e-13"
507,"ex507","faces_ex507.lst",3,"Negative binomial","(iii)","(iii)","(iii)",0.0438,0.0439,0.0355,0.0356,0.0355,0.1185,0.1185,0.0955,0.096,0.0956,0.0593,0.0593,0.0478,0.048,0.0478,20.475,4,"=0.0004023",0.016,7.7635,"3.497e-06",12.255,4,"=0.01556",0.009,7.5207,"5.46e-06",12.255,4,"=0.01556",0.009,7.5207,"5.46e-06"
508,"ex508","faces_ex508.lst",3,"Negative binomial","(iii)","(iii)","(iii)",0.0735,0.0837,0.0725,0.0737,0.0736,0.198,0.226,0.196,0.199,0.198,0.099,0.1131,0.0978,0.0994,0.0992,55.52,4,"=2.528e-11",0.042,27.035,"<",63.256,4,"=5.995e-13",0.048,26.971,"<",63.256,4,"=5.995e-13",0.048,26.971,"<"
509,"ex509","faces_ex509.lst",3,"Negative binomial","(iii)","(iii)","(iii)",0.0666,0.0595,0.0518,0.052,0.0524,0.18,0.16,0.139,0.14,0.141,0.0902,0.0801,0.0695,0.0698,0.0703,38.945,4,"=7.15e-08",0.03,15.308,"3.051e-12",38.133,4,"=1.052e-07",0.029,15.328,"2.939e-12",38.133,4,"=1.052e-07",0.029,15.328,"2.939e-12"
510,"ex510","faces_ex510.lst",3,"Negative binomial","(iii)","(iii)","(iii)",0.0492,0.0464,0.0366,0.0368,0.0367,0.1338,0.1249,0.0987,0.0995,0.0992,0.0669,0.0625,0.0494,0.0498,0.0496,67.85,4,"=6.453e-14",0.051,11.42,"4.097e-09",79.406,4,"=2.327e-16",0.06,11.267,"5.433e-09",79.406,4,"=2.327e-16",0.06,11.267,"5.433e-09"
511,"ex511","faces_ex511.lst",3,"Negative binomial","(iii)","(iii)","(iii)",0.0783,0.0845,0.0773,0.0783,0.0782,0.212,0.228,0.209,0.212,0.211,0.106,0.114,0.105,0.106,0.106,31.901,4,"=2.005e-06",0.024,11.237,"5.746e-09",35.304,4,"=4.023e-07",0.027,11.08,"7.683e-09",35.304,4,"=4.023e-07",0.027,11.08,"7.683e-09"
512,"ex512","faces_ex512.lst",3,"Negative binomial","(iii)","(iii)","(iii)",0.0624,0.0622,0.0525,0.0528,0.0528,0.169,0.167,0.141,0.142,0.142,0.0844,0.0835,0.0703,0.0709,0.0709,34.104,4,"=7.094e-07",0.026,12.52,"5.334e-10",33.399,4,"=9.897e-07",0.025,12.553,"5.023e-10",33.399,4,"=9.897e-07",0.025,12.553,"5.023e-10"
513,"ex513","faces_ex513.lst",3,"Negative binomial","(iii)","(iii)","(iii)",0.046,0.0495,0.0378,0.038,0.0394,0.124,0.133,0.102,0.103,0.106,0.0622,0.0667,0.051,0.0513,0.0531,40.167,4,"=3.997e-08",0.03,8.1142,"1.836e-06",35.304,4,"=4.023e-07",0.027,8.1983,"1.573e-06",35.304,4,"=4.023e-07",0.027,8.1983,"1.573e-06"
514,"ex514","faces_ex514.lst",3,"Negative binomial","(iii)","(iii)","(iii)",0.114,0.134,0.109,0.114,0.113,0.306,0.359,0.295,0.308,0.304,0.153,0.18,0.147,0.154,0.152,65.775,4,"=1.767e-13",0.05,37.938,"<",48.376,4,"=7.88e-10",0.037,37.08,"<",48.376,4,"=7.88e-10",0.037,37.08,"<"
515,"ex515","faces_ex515.lst",3,"Negative binomial","(iii)","(iii)","(iii)",0.0817,0.1023,0.0777,0.0788,0.078,0.22,0.276,0.209,0.212,0.21,0.11,0.138,0.104,0.106,0.105,61.004,4,"=1.785e-12",0.046,30.214,"<",55.775,4,"=2.236e-11",0.042,29.947,"<",55.775,4,"=2.236e-11",0.042,29.947,"<"
516,"ex516","faces_ex516.lst",3,"Negative binomial","(iv)","(iv)","(iv)",0.0585,0.0726,0.0566,0.0564,0.0565,0.158,0.196,0.153,0.152,0.153,0.079,0.0978,0.0765,0.0762,0.0765,54.126,4,"=4.952e-11",0.041,30.917,"<",54.887,4,"=3.431e-11",0.042,29.937,"<",54.887,4,"=3.431e-11",0.042,29.937,"<"
517,"ex517","faces_ex517.lst",3,"Negative binomial","(iii)","(iii)","(iii)",0.11,0.131,0.107,0.11,0.11,0.298,0.353,0.288,0.297,0.297,0.149,0.177,0.144,0.148,0.149,37.913,4,"=1.168e-07",0.029,29.46,"<",47.13,4,"=1.433e-09",0.036,28.679,"<",47.13,4,"=1.433e-09",0.036,28.679,"<"
518,"ex518","faces_ex518.lst",3,"Negative binomial","(v)","(i)","(i)",0.0857,0.1021,0.0856,0.0857,0.0855,0.231,0.275,0.231,0.232,0.231,0.115,0.137,0.115,0.116,0.115,37.976,4,"=1.134e-07",0.029,31.293,"<",35.256,4,"=4.116e-07",0.027,30.746,"<",35.256,4,"=4.116e-07",0.027,30.746,"<"
519,"ex519","faces_ex519.lst",3,"Negative binomial","(iii)","(iii)","(iii)",0.0614,0.0783,0.0579,0.0591,0.0581,0.166,0.211,0.156,0.159,0.157,0.083,0.1053,0.078,0.0797,0.0784,116.89,4,"<2.2e-16",0.089,39.546,"<",109.62,4,"<2.2e-16",0.083,37.997,"<",109.62,4,"<2.2e-16",0.083,37.997,"<"
520,"ex520","faces_ex520.lst",3,"Negative binomial","(iii)","(iii)","(iii)",0.12,0.143,0.116,0.119,0.12,0.323,0.383,0.31,0.321,0.322,0.162,0.192,0.155,0.16,0.161,40.32,4,"=3.717e-08",0.031,27.356,"<",49.341,4,"=4.957e-10",0.037,26.735,"<",49.341,4,"=4.957e-10",0.037,26.735,"<"
521,"ex521","faces_ex521.lst",3,"Negative binomial","(i)","(i)","(i)",0.0797,0.1025,0.0798,0.0812,0.08,0.214,0.274,0.214,0.217,0.214,0.107,0.137,0.107,0.109,0.107,73.922,4,"=3.367e-15",0.056,38.839,"<",72.15,4,"=7.977e-15",0.055,37.732,"<",72.15,4,"=7.977e-15",0.055,37.732,"<"
522,"ex522","faces_ex522.lst",3,"Negative binomial","(v)","(v)","(v)",0.0564,0.0764,0.0571,0.0569,0.0559,0.152,0.204,0.154,0.154,0.15,0.0758,0.1022,0.0769,0.0768,0.075,86.085,4,"<2.2e-16",0.065,73.034,"<",84.128,4,"<2.2e-16",0.064,70.885,"<",84.128,4,"<2.2e-16",0.064,70.885,"<"
523,"ex523","faces_ex523.lst",3,"Negative binomial","(iii)","(iii)","(iii)",0.1012,0.1191,0.0996,0.1015,0.1012,0.272,0.321,0.268,0.274,0.273,0.136,0.16,0.134,0.137,0.136,34.216,4,"=6.73e-07",0.026,20.288,"3.114e-16",43.21,4,"=9.361e-09",0.033,19.415,"1.553e-15",43.21,4,"=9.361e-09",0.033,19.415,"1.553e-15"
524,"ex524","faces_ex524.lst",3,"Negative binomial","(iii)","(iii)","(iii)",0.0745,0.0878,0.0707,0.0711,0.0709,0.202,0.237,0.191,0.193,0.192,0.101,0.1183,0.0956,0.0964,0.0958,65.927,4,"=1.641e-13",0.05,24.559,"<",63.964,4,"=4.254e-13",0.048,22.752,"<",63.964,4,"=4.254e-13",0.048,22.752,"<"
525,"ex525","faces_ex525.lst",3,"Negative binomial","(v)","(iii)","(v)",0.0575,0.0664,0.0526,0.0526,0.0523,0.155,0.18,0.141,0.141,0.141,0.0774,0.0898,0.0705,0.0706,0.0703,64.89,4,"=2.715e-13",0.049,21.301,"<",67.84,4,"=6.483e-14",0.051,22.467,"<",67.84,4,"=6.483e-14",0.051,22.467,"<"
526,"ex526","faces_ex526.lst",3,"Negative binomial","(iii)","(iii)","(iii)",0.104,0.118,0.103,0.104,0.104,0.281,0.32,0.277,0.281,0.282,0.14,0.16,0.138,0.14,0.141,39.104,4,"=6.632e-08",0.03,15.243,"3.44e-12",44.434,4,"=5.213e-09",0.034,15.737,"1.38e-12",44.434,4,"=5.213e-09",0.034,15.737,"1.38e-12"
527,"ex527","faces_ex527.lst",3,"Negative binomial","(v)","(iii)","(v)",0.0708,0.0843,0.0688,0.0704,0.0685,0.19,0.226,0.184,0.189,0.184,0.0951,0.1131,0.0922,0.0944,0.0919,49.074,4,"=5.635e-10",0.037,28.099,"<",55.842,4,"=2.164e-11",0.042,27.921,"<",55.842,4,"=2.164e-11",0.042,27.921,"<"
528,"ex528","faces_ex528.lst",3,"Negative binomial","(iii)","(iii)","(iii)",0.0547,0.0678,0.0516,0.0516,0.0519,0.148,0.182,0.139,0.139,0.14,0.0738,0.091,0.0696,0.0696,0.07,45.353,4,"=3.358e-09",0.034,25.737,"<",47.251,4,"=1.352e-09",0.036,24.263,"<",47.251,4,"=1.352e-09",0.036,24.263,"<"
529,"ex529","faces_ex529.lst",3,"Negative binomial","(iii)","(iii)","(iii)",0.11,0.125,0.107,0.109,0.109,0.296,0.336,0.287,0.293,0.293,0.148,0.168,0.143,0.146,0.147,52.23,4,"=1.235e-10",0.04,19.971,"5.585e-16",47.176,4,"=1.402e-09",0.036,19.363,"1.707e-15",47.176,4,"=1.402e-09",0.036,19.363,"1.707e-15"
530,"ex530","faces_ex530.lst",3,"Negative binomial","(v)","(v)","(iii)",0.0787,0.0937,0.0749,0.0749,0.0747,0.212,0.252,0.202,0.203,0.201,0.106,0.126,0.101,0.101,0.101,54.904,4,"=3.403e-11",0.042,21.802,"<",52.259,4,"=1.217e-10",0.04,20.596,"<",52.259,4,"=1.217e-10",0.04,20.596,"<"
531,"ex531","faces_ex531.lst",3,"Negative binomial","(v)","(v)","(v)",0.0549,0.0714,0.0516,0.0529,0.0513,0.148,0.192,0.139,0.142,0.138,0.074,0.0959,0.0693,0.0712,0.069,84.114,4,"<2.2e-16",0.064,25.267,"<",85.944,4,"<2.2e-16",0.065,25.669,"<",85.944,4,"<2.2e-16",0.065,25.669,"<"
532,"ex532","faces_ex532.lst",3,"Negative binomial","(iii)","(iii)","(iii)",0.0952,0.1131,0.0946,0.0955,0.0951,0.257,0.304,0.255,0.257,0.256,0.128,0.152,0.127,0.128,0.128,40.584,4,"=3.277e-08",0.031,22.793,"<",37.779,4,"=1.244e-07",0.029,22.496,"<",37.779,4,"=1.244e-07",0.029,22.496,"<"
533,"ex533","faces_ex533.lst",3,"Negative binomial","(iii)","(iii)","(iii)",0.0741,0.0804,0.0689,0.0695,0.069,0.2,0.215,0.185,0.187,0.185,0.1,0.1077,0.0925,0.0934,0.0926,28.674,4,"=9.105e-06",0.022,13.2,"1.515e-10",35.464,4,"=3.729e-07",0.027,12.634,"4.32e-10",35.464,4,"=3.729e-07",0.027,12.634,"4.32e-10"
534,"ex534","faces_ex534.lst",3,"Negative binomial","(iii)","(iii)","(iii)",0.0523,0.0658,0.0492,0.0493,0.0497,0.141,0.177,0.132,0.133,0.134,0.0705,0.0886,0.0662,0.0663,0.0668,59.872,4,"=3.087e-12",0.045,20.948,"<",55.813,4,"=2.194e-11",0.042,20.36,"2.727e-16",55.813,4,"=2.194e-11",0.042,20.36,"2.727e-16"
535,"ex535","faces_ex535.lst",3,"Negative binomial","(iii)","(iii)","(iii)",0.0972,0.1135,0.0964,0.0964,0.0973,0.262,0.305,0.26,0.26,0.262,0.131,0.153,0.13,0.13,0.131,27.53,4,"=1.553e-05",0.021,27.207,"<",16.247,4,"=0.002705",0.012,26.776,"<",16.247,4,"=0.002705",0.012,26.776,"<"
536,"ex536","faces_ex536.lst",3,"Negative binomial","(v)","(iii)","(v)",0.0718,0.0834,0.0657,0.066,0.0654,0.193,0.224,0.176,0.177,0.176,0.0966,0.1119,0.0882,0.0886,0.0879,50.075,4,"=3.483e-10",0.038,25.353,"<",43.714,4,"=7.356e-09",0.033,24.786,"<",43.714,4,"=7.356e-09",0.033,24.786,"<"
537,"ex537","faces_ex537.lst",3,"Negative binomial","(v)","(iii)","(v)",0.0503,0.066,0.0494,0.0497,0.0493,0.136,0.178,0.133,0.134,0.133,0.0679,0.0891,0.0666,0.067,0.0665,112.98,4,"<2.2e-16",0.086,47.719,"<",110.13,4,"<2.2e-16",0.083,47.108,"<",110.13,4,"<2.2e-16",0.083,47.108,"<"
538,"ex538","faces_ex538.lst",3,"Negative binomial","(iii)","(iii)","(iii)",0.0991,0.1157,0.0968,0.098,0.0982,0.267,0.311,0.261,0.264,0.264,0.133,0.155,0.13,0.132,0.132,45.093,4,"=3.802e-09",0.034,22.266,"<",48.672,4,"=6.837e-10",0.037,22.18,"<",48.672,4,"=6.837e-10",0.037,22.18,"<"
539,"ex539","faces_ex539.lst",3,"Negative binomial","(iii)","(iii)","(iii)",0.0731,0.0803,0.0675,0.0681,0.0677,0.198,0.216,0.182,0.183,0.183,0.0989,0.1082,0.0909,0.0916,0.0913,53.559,4,"=6.51e-11",0.041,16.017,"8.219e-13",45.825,4,"=2.678e-09",0.035,15.723,"1.417e-12",45.825,4,"=2.678e-09",0.035,15.723,"1.417e-12"
540,"ex540","faces_ex540.lst",3,"Negative binomial","(iii)","(iii)","(iii)",0.0531,0.0603,0.049,0.049,0.0491,0.143,0.162,0.131,0.131,0.131,0.0716,0.0812,0.0656,0.0657,0.0657,40.587,4,"=3.273e-08",0.031,14.876,"6.793e-12",47.779,4,"=1.049e-09",0.036,14.803,"7.776e-12",47.779,4,"=1.049e-09",0.036,14.803,"7.776e-12"
541,"ex541","faces_ex541.lst",3,"Negative binomial","(i)","(i)","(i)",0.15,0.176,0.15,0.151,0.15,0.404,0.474,0.405,0.41,0.405,0.202,0.237,0.203,0.205,0.203,36.628,4,"=2.149e-07",0.028,18.299,"1.214e-14",28.989,4,"=7.857e-06",0.022,17.339,"7.146e-14",28.989,4,"=7.857e-06",0.022,17.339,"7.146e-14"
542,"ex542","faces_ex542.lst",3,"Negative binomial","(i)","(i)","(i)",0.112,0.144,0.114,0.114,0.113,0.301,0.387,0.307,0.307,0.305,0.15,0.194,0.154,0.154,0.152,66.296,4,"=1.372e-13",0.05,46.102,"<",62.516,4,"=8.578e-13",0.047,45.257,"<",62.516,4,"=8.578e-13",0.047,45.257,"<"
543,"ex543","faces_ex543.lst",3,"Negative binomial","(i)","(i)","(i)",0.0841,0.1094,0.0869,0.087,0.0852,0.227,0.294,0.235,0.234,0.23,0.113,0.147,0.117,0.117,0.115,84.836,4,"<2.2e-16",0.064,53.887,"<",81.641,4,"<2.2e-16",0.062,52.153,"<",81.641,4,"<2.2e-16",0.062,52.153,"<"
544,"ex544","faces_ex544.lst",3,"Negative binomial","(i)","(i)","(i)",0.156,0.186,0.156,0.159,0.157,0.42,0.5,0.421,0.429,0.423,0.21,0.25,0.211,0.215,0.211,42.268,4,"=1.468e-08",0.032,24.088,"<",40.42,4,"=3.544e-08",0.031,23.371,"<",40.42,4,"=3.544e-08",0.031,23.371,"<"
545,"ex545","faces_ex545.lst",3,"Negative binomial","(i)","(i)","(i)",0.105,0.141,0.11,0.11,0.106,0.281,0.379,0.295,0.295,0.286,0.141,0.189,0.148,0.147,0.143,89.367,4,"<2.2e-16",0.068,52.114,"<",91.913,4,"<2.2e-16",0.07,52.929,"<",91.913,4,"<2.2e-16",0.07,52.929,"<"
546,"ex546","faces_ex546.lst",3,"Negative binomial","(iv)","(iv)","(iv)",0.0835,0.1059,0.0827,0.082,0.0826,0.225,0.285,0.222,0.221,0.222,0.112,0.142,0.111,0.11,0.111,53.011,4,"=8.477e-11",0.04,48.158,"<",57.21,4,"=1.118e-11",0.043,48.906,"<",57.21,4,"=1.118e-11",0.043,48.906,"<"
547,"ex547","faces_ex547.lst",3,"Negative binomial","(i)","(i)","(i)",0.152,0.188,0.153,0.155,0.153,0.409,0.505,0.409,0.417,0.411,0.204,0.253,0.205,0.209,0.205,26.407,4,"=2.619e-05",0.02,31.878,"<",34.223,4,"=6.707e-07",0.026,32.202,"<",34.223,4,"=6.707e-07",0.026,32.202,"<"
548,"ex548","faces_ex548.lst",3,"Negative binomial","(i)","(i)","(i)",0.117,0.146,0.122,0.12,0.118,0.312,0.392,0.327,0.321,0.315,0.156,0.196,0.164,0.16,0.157,78.24,4,"=4.109e-16",0.059,38.684,"<",77.736,4,"=5.254e-16",0.059,38.73,"<",77.736,4,"=5.254e-16",0.059,38.73,"<"
549,"ex549","faces_ex549.lst",3,"Negative binomial","(v)","(i)","(i)",0.0837,0.1083,0.0858,0.0851,0.0836,0.226,0.292,0.23,0.229,0.226,0.113,0.146,0.115,0.114,0.113,68.458,4,"=4.802e-14",0.052,46.354,"<",71.013,4,"=1.387e-14",0.054,46.057,"<",71.013,4,"=1.387e-14",0.054,46.057,"<"
550,"ex550","faces_ex550.lst",3,"Negative binomial","(i)","(v)","(i)",0.14,0.176,0.141,0.143,0.14,0.375,0.473,0.378,0.384,0.374,0.187,0.236,0.189,0.192,0.187,38.638,4,"=8.275e-08",0.029,38.92,"<",39.479,4,"=5.546e-08",0.03,40.085,"<",39.479,4,"=5.546e-08",0.03,40.085,"<"
551,"ex551","faces_ex551.lst",3,"Negative binomial","(i)","(i)","(i)",0.101,0.127,0.104,0.104,0.101,0.27,0.34,0.28,0.279,0.272,0.135,0.17,0.14,0.139,0.136,35.707,4,"=3.325e-07",0.027,35.061,"<",34.601,4,"=5.609e-07",0.026,35.658,"<",34.601,4,"=5.609e-07",0.026,35.658,"<"
552,"ex552","faces_ex552.lst",3,"Negative binomial","(iii)","(iii)","(iii)",0.0777,0.0986,0.0756,0.0768,0.0774,0.21,0.264,0.203,0.207,0.209,0.105,0.132,0.102,0.104,0.104,66.722,4,"=1.116e-13",0.051,55.481,"<",64.272,4,"=3.664e-13",0.049,52.312,"<",64.272,4,"=3.664e-13",0.049,52.312,"<"
553,"ex553","faces_ex553.lst",3,"Negative binomial","(i)","(i)","(i)",0.14,0.17,0.142,0.142,0.141,0.377,0.457,0.382,0.384,0.38,0.188,0.229,0.191,0.192,0.19,26.061,4,"=3.077e-05",0.02,25.684,"<",27.455,4,"=1.609e-05",0.021,25.131,"<",27.455,4,"=1.609e-05",0.021,25.131,"<"
554,"ex554","faces_ex554.lst",3,"Negative binomial","(i)","(v)","(v)",0.105,0.135,0.106,0.106,0.105,0.283,0.364,0.284,0.284,0.282,0.142,0.182,0.142,0.142,0.141,78.325,4,"=3.943e-16",0.059,54.345,"<",72.599,4,"=6.413e-15",0.055,54.047,"<",72.599,4,"=6.413e-15",0.055,54.047,"<"
555,"ex555","faces_ex555.lst",3,"Negative binomial","(i)","(i)","(i)",0.0829,0.1026,0.0835,0.0832,0.0841,0.224,0.277,0.225,0.224,0.227,0.112,0.138,0.112,0.112,0.114,33.21,4,"=1.082e-06",0.025,30.709,"<",34.548,4,"=5.752e-07",0.026,30.111,"<",34.548,4,"=5.752e-07",0.026,30.111,"<"
556,"ex556","faces_ex556.lst",3,"Negative binomial","(i)","(iv)","(iv)",0.154,0.187,0.154,0.154,0.154,0.416,0.505,0.416,0.414,0.417,0.208,0.252,0.208,0.207,0.209,29.981,4,"=4.939e-06",0.023,30.177,"<",22.681,4,"=0.0001466",0.017,30.153,"<",22.681,4,"=0.0001466",0.017,30.153,"<"
557,"ex557","faces_ex557.lst",3,"Negative binomial","(i)","(i)","(i)",0.107,0.138,0.108,0.108,0.107,0.287,0.369,0.29,0.29,0.288,0.143,0.185,0.145,0.145,0.144,60.662,4,"=2.106e-12",0.046,45.939,"<",55.76,4,"=2.251e-11",0.042,45.542,"<",55.76,4,"=2.251e-11",0.042,45.542,"<"
558,"ex558","faces_ex558.lst",3,"Negative binomial","(i)","(i)","(i)",0.0808,0.1085,0.0831,0.0834,0.0826,0.217,0.293,0.223,0.224,0.222,0.109,0.147,0.111,0.112,0.111,62.158,4,"=1.021e-12",0.047,48.942,"<",67.067,4,"=9.438e-14",0.051,50.834,"<",67.067,4,"=9.438e-14",0.051,50.834,"<"
559,"ex559","faces_ex559.lst",3,"Negative binomial","(i)","(i)","(i)",0.144,0.176,0.145,0.146,0.144,0.387,0.471,0.389,0.391,0.387,0.194,0.236,0.195,0.196,0.194,37.013,4,"=1.79e-07",0.028,33.046,"<",36.885,4,"=1.902e-07",0.028,32.56,"<",36.885,4,"=1.902e-07",0.028,32.56,"<"
560,"ex560","faces_ex560.lst",3,"Negative binomial","(i)","(i)","(i)",0.101,0.13,0.105,0.106,0.103,0.272,0.348,0.283,0.285,0.278,0.136,0.174,0.141,0.142,0.139,63.648,4,"=4.956e-13",0.048,37.054,"<",59.699,4,"=3.355e-12",0.045,36.717,"<",59.699,4,"=3.355e-12",0.045,36.717,"<"
561,"ex561","faces_ex561.lst",3,"Negative binomial","(i)","(i)","(i)",0.0753,0.0965,0.0769,0.0787,0.0767,0.203,0.26,0.207,0.212,0.207,0.102,0.13,0.104,0.106,0.103,56.398,4,"=1.655e-11",0.043,44.658,"<",57.142,4,"=1.155e-11",0.043,44.502,"<",57.142,4,"=1.155e-11",0.043,44.502,"<"
562,"ex562","faces_ex562.lst",3,"Negative binomial","(i)","(i)","(i)",0.147,0.173,0.149,0.149,0.149,0.395,0.464,0.401,0.401,0.399,0.198,0.232,0.2,0.2,0.199,16.604,4,"=0.002307",0.013,19.775,"8.009e-16",19.401,4,"=0.0006554",0.015,20.357,"2.744e-16",19.401,4,"=0.0006554",0.015,20.357,"2.744e-16"
563,"ex563","faces_ex563.lst",3,"Negative binomial","(v)","(v)","(v)",0.105,0.129,0.105,0.105,0.104,0.283,0.346,0.283,0.283,0.281,0.141,0.173,0.142,0.142,0.14,43.554,4,"=7.941e-09",0.033,33.034,"<",41.067,4,"=2.604e-08",0.031,32.752,"<",41.067,4,"=2.604e-08",0.031,32.752,"<"
564,"ex564","faces_ex564.lst",3,"Negative binomial","(iii)","(iii)","(i)",0.0763,0.097,0.0761,0.0774,0.0773,0.206,0.26,0.205,0.209,0.209,0.103,0.13,0.103,0.104,0.104,62.989,4,"=6.822e-13",0.048,43.972,"<",56.832,4,"=1.342e-11",0.043,41.662,"<",56.832,4,"=1.342e-11",0.043,41.662,"<"
565,"ex565","faces_ex565.lst",3,"Negative binomial","(i)","(i)","(i)",0.136,0.176,0.137,0.137,0.138,0.367,0.473,0.369,0.369,0.37,0.183,0.237,0.184,0.185,0.185,37.924,4,"=1.162e-07",0.029,45.668,"<",37.438,4,"=1.463e-07",0.028,44.676,"<",37.438,4,"=1.463e-07",0.028,44.676,"<"
566,"ex566","faces_ex566.lst",3,"Negative binomial","(i)","(i)","(i)",0.0999,0.1299,0.1038,0.1024,0.1005,0.269,0.352,0.279,0.275,0.271,0.134,0.176,0.14,0.138,0.135,80.873,4,"<2.2e-16",0.061,43.453,"<",79.515,4,"<2.2e-16",0.06,44.821,"<",79.515,4,"<2.2e-16",0.06,44.821,"<"
567,"ex567","faces_ex567.lst",3,"Negative binomial","(iii)","(iii)","(iii)",0.0799,0.1039,0.0789,0.0796,0.0796,0.215,0.279,0.212,0.214,0.214,0.107,0.14,0.106,0.107,0.107,69.976,4,"=2.297e-14",0.053,47.751,"<",75.702,4,"=1.416e-15",0.057,46.091,"<",75.702,4,"=1.416e-15",0.057,46.091,"<"
568,"ex568","faces_ex568.lst",3,"Negative binomial","(iii)","(iii)","(iii)",0.078,0.0892,0.0701,0.0723,0.0721,0.21,0.24,0.189,0.194,0.194,0.1052,0.12,0.0945,0.0972,0.0972,60.109,4,"=2.752e-12",0.046,18.154,"1.585e-14",46.621,4,"=1.829e-09",0.035,18.246,"1.338e-14",46.621,4,"=1.829e-09",0.035,18.246,"1.338e-14"
569,"ex569","faces_ex569.lst",3,"Negative binomial","(iii)","(iii)","(iii)",0.0757,0.071,0.0531,0.0537,0.0536,0.206,0.191,0.143,0.145,0.145,0.1031,0.0955,0.0717,0.0725,0.0725,82.752,4,"<2.2e-16",0.063,23.772,"<",71.498,4,"=1.096e-14",0.054,23.976,"<",71.498,4,"=1.096e-14",0.054,23.976,"<"
570,"ex570","faces_ex570.lst",3,"Negative binomial","(v)","(v)","(v)",0.0433,0.0487,0.0358,0.0361,0.0356,0.1173,0.1313,0.0968,0.0977,0.0965,0.0587,0.0657,0.0484,0.0489,0.0482,72.267,4,"=7.538e-15",0.055,12.276,"8.39e-10",68.339,4,"=5.087e-14",0.052,11.798,"2.032e-09",68.339,4,"=5.087e-14",0.052,11.798,"2.032e-09"
571,"ex571","faces_ex571.lst",3,"Negative binomial","(iii)","(iii)","(iii)",0.0788,0.0905,0.0716,0.0737,0.0736,0.213,0.244,0.193,0.199,0.198,0.1064,0.1221,0.0965,0.0996,0.0992,45.132,4,"=3.732e-09",0.034,16.062,"7.56e-13",55.132,4,"=3.048e-11",0.042,16.326,"4.645e-13",55.132,4,"=3.048e-11",0.042,16.326,"4.645e-13"
572,"ex572","faces_ex572.lst",3,"Negative binomial","(iii)","(iii)","(iii)",0.0727,0.0663,0.0513,0.0517,0.0517,0.198,0.179,0.139,0.14,0.14,0.099,0.0897,0.0694,0.0699,0.0699,61.292,4,"=1.552e-12",0.046,19.543,"1.227e-15",57.522,4,"=9.612e-12",0.044,19.574,"1.159e-15",57.522,4,"=9.612e-12",0.044,19.574,"1.159e-15"
573,"ex573","faces_ex573.lst",3,"Negative binomial","(iii)","(iii)","(iii)",0.0403,0.0502,0.0356,0.0363,0.0357,0.1088,0.1352,0.096,0.0979,0.0962,0.0544,0.0676,0.048,0.049,0.0481,79.847,4,"<2.2e-16",0.06,19.89,"6.485e-16",77.758,4,"=5.199e-16",0.059,18.814,"4.702e-15",77.758,4,"=5.199e-16",0.059,18.814,"4.702e-15"
574,"ex574","faces_ex574.lst",3,"Negative binomial","(iii)","(iii)","(iii)",0.0812,0.0947,0.0764,0.0783,0.0774,0.22,0.254,0.206,0.212,0.209,0.11,0.127,0.103,0.106,0.105,48.332,4,"=8.047e-10",0.037,20.445,"2.333e-16",53.406,4,"=7.007e-11",0.04,18.734,"5.446e-15",53.406,4,"=7.007e-11",0.04,18.734,"5.446e-15"
575,"ex575","faces_ex575.lst",3,"Negative binomial","(iii)","(iii)","(iii)",0.0721,0.0664,0.0548,0.0551,0.055,0.196,0.178,0.148,0.149,0.148,0.0981,0.0891,0.0738,0.0743,0.074,29.309,4,"=6.765e-06",0.022,18.272,"1.277e-14",23.365,4,"=0.0001071",0.018,18.154,"1.586e-14",23.365,4,"=0.0001071",0.018,18.154,"1.586e-14"
576,"ex576","faces_ex576.lst",3,"Negative binomial","(v)","(i)","(v)",0.0395,0.0504,0.0394,0.0394,0.0392,0.106,0.135,0.106,0.106,0.106,0.0531,0.0676,0.053,0.0531,0.0528,69.886,4,"=2.399e-14",0.053,25.21,"<",61.758,4,"=1.239e-12",0.047,24.555,"<",61.758,4,"=1.239e-12",0.047,24.555,"<"
577,"ex577","faces_ex577.lst",3,"Negative binomial","(iii)","(iii)","(iii)",0.0654,0.0767,0.0613,0.0621,0.062,0.175,0.206,0.165,0.167,0.167,0.0877,0.1028,0.0824,0.0834,0.0833,43.876,4,"=6.807e-09",0.033,15.054,"4.879e-12",38.567,4,"=8.558e-08",0.029,14.672,"9.907e-12",38.567,4,"=8.558e-08",0.029,14.672,"9.907e-12"
578,"ex578","faces_ex578.lst",3,"Negative binomial","(v)","(iii)","(v)",0.0799,0.0569,0.0462,0.0462,0.0461,0.217,0.153,0.124,0.124,0.124,0.1087,0.0765,0.0622,0.0622,0.0621,39.692,4,"=5.012e-08",0.03,35.354,"<",37.132,4,"=1.692e-07",0.028,35.602,"<",37.132,4,"=1.692e-07",0.028,35.602,"<"
579,"ex579","faces_ex579.lst",3,"Negative binomial","(iii)","(iii)","(iii)",0.044,0.0416,0.0307,0.0308,0.0307,0.1195,0.1118,0.0829,0.0832,0.0832,0.0597,0.0559,0.0415,0.0416,0.0416,49.847,4,"=3.886e-10",0.038,11.005,"8.832e-09",49.248,4,"=5.182e-10",0.037,10.743,"1.432e-08",49.248,4,"=5.182e-10",0.037,10.743,"1.432e-08"
580,"ex580","faces_ex580.lst",3,"Negative binomial","(iii)","(iii)","(iii)",0.065,0.0714,0.0609,0.0619,0.0619,0.175,0.191,0.164,0.166,0.167,0.0873,0.0957,0.0819,0.083,0.0833,48.761,4,"=6.548e-10",0.037,14.241,"2.201e-11",49.712,4,"=4.148e-10",0.038,13.961,"3.693e-11",49.712,4,"=4.148e-10",0.038,13.961,"3.693e-11"
581,"ex581","faces_ex581.lst",3,"Negative binomial","(iv)","(iii)","(iv)",0.0785,0.0532,0.0442,0.0441,0.0443,0.215,0.143,0.119,0.119,0.12,0.1074,0.0716,0.0597,0.0596,0.0599,68.924,4,"=3.83e-14",0.052,40.455,"<",58.048,4,"=7.454e-12",0.044,40.947,"<",58.048,4,"=7.454e-12",0.044,40.947,"<"
582,"ex582","faces_ex582.lst",3,"Negative binomial","(iii)","(iv)","(iii)",0.0419,0.0438,0.0317,0.0317,0.0326,0.114,0.1181,0.0855,0.0854,0.0881,0.057,0.059,0.0427,0.0427,0.044,48.999,4,"=5.842e-10",0.037,10.048,"5.188e-08",42.635,4,"=1.232e-08",0.032,9.6901,"1.005e-07",42.635,4,"=1.232e-08",0.032,9.6901,"1.005e-07"
583,"ex583","faces_ex583.lst",3,"Negative binomial","(iii)","(iii)","(iii)",0.0723,0.08,0.0654,0.0663,0.066,0.194,0.217,0.177,0.179,0.178,0.0972,0.1083,0.0884,0.0895,0.0891,44.885,4,"=4.201e-09",0.034,8.8541,"4.701e-07",38.238,4,"=1.001e-07",0.029,9.2363,"2.323e-07",38.238,4,"=1.001e-07",0.029,9.2363,"2.323e-07"
584,"ex584","faces_ex584.lst",3,"Negative binomial","(v)","(v)","(v)",0.072,0.056,0.0455,0.0457,0.0454,0.196,0.151,0.123,0.123,0.122,0.0981,0.0753,0.0613,0.0615,0.0611,39.367,4,"=5.85e-08",0.03,26.626,"<",38.945,4,"=7.15e-08",0.03,26.967,"<",38.945,4,"=7.15e-08",0.03,26.967,"<"
585,"ex585","faces_ex585.lst",3,"Negative binomial","(iii)","(iv)","(iv)",0.0415,0.0441,0.0337,0.0337,0.0337,0.1131,0.1184,0.0914,0.0912,0.0913,0.0566,0.0592,0.0457,0.0456,0.0456,36.856,4,"=1.929e-07",0.028,8.5593,"8.093e-07",37.632,4,"=1.335e-07",0.029,8.0091,"2.227e-06",37.632,4,"=1.335e-07",0.029,8.0091,"2.227e-06"
586,"ex586","faces_ex586.lst",3,"Negative binomial","(iii)","(iii)","(iii)",0.0584,0.0681,0.0577,0.0579,0.0578,0.158,0.184,0.156,0.156,0.156,0.0788,0.0918,0.0778,0.0782,0.0781,20.39,4,"=0.0004181",0.015,11.106,"7.32e-09",16.056,4,"=0.002945",0.012,11.52,"3.403e-09",16.056,4,"=0.002945",0.012,11.52,"3.403e-09"
587,"ex587","faces_ex587.lst",3,"Negative binomial","(iii)","(iii)","(v)",0.0848,0.0568,0.0422,0.0423,0.0422,0.232,0.153,0.114,0.114,0.114,0.1158,0.0765,0.0569,0.0571,0.0568,51.023,4,"=2.208e-10",0.039,41.038,"<",60.192,4,"=2.644e-12",0.046,42.134,"<",60.192,4,"=2.644e-12",0.046,42.134,"<"
588,"ex588","faces_ex588.lst",3,"Negative binomial","(iii)","(iii)","(iii)",0.0431,0.044,0.0297,0.0298,0.031,0.1172,0.1185,0.08,0.0804,0.0838,0.0586,0.0592,0.04,0.0402,0.0419,76.863,4,"=8.04e-16",0.058,10.633,"1.758e-08",82.417,4,"<2.2e-16",0.062,10.34,"3.021e-08",82.417,4,"<2.2e-16",0.062,10.34,"3.021e-08"
589,"ex589","faces_ex589.lst",3,"Negative binomial","(iii)","(iii)","(iii)",0.0655,0.067,0.0597,0.0599,0.0606,0.176,0.18,0.16,0.161,0.163,0.0878,0.09,0.08,0.0804,0.0814,27.852,4,"=1.336e-05",0.021,5.1836,"0.0003821",25.103,4,"=4.797e-05",0.019,5.5035,"0.0002148",25.103,4,"=4.797e-05",0.019,5.5035,"0.0002148"
590,"ex590","faces_ex590.lst",3,"Negative binomial","(iii)","(iii)","(iii)",0.08,0.0528,0.0416,0.0418,0.0418,0.218,0.143,0.112,0.113,0.113,0.109,0.0714,0.0562,0.0564,0.0564,27.91,4,"=1.301e-05",0.021,35.527,"<",35.687,4,"=3.356e-07",0.027,36.125,"<",35.687,4,"=3.356e-07",0.027,36.125,"<"
591,"ex591","faces_ex591.lst",3,"Negative binomial","(v)","(v)","(v)",0.044,0.0438,0.0309,0.0309,0.0307,0.1199,0.1173,0.0828,0.0828,0.0823,0.0599,0.0587,0.0414,0.0414,0.0412,37.539,4,"=1.395e-07",0.028,10.123,"4.516e-08",32.71,4,"=1.369e-06",0.025,10.104,"4.679e-08",32.71,4,"=1.369e-06",0.025,10.104,"4.679e-08"
592,"ex592","faces_ex592.lst",3,"Negative binomial","(iii)","(iii)","(iii)",0.0641,0.0749,0.0619,0.0624,0.0623,0.173,0.201,0.167,0.168,0.168,0.0863,0.1005,0.0833,0.0839,0.0838,24.179,4,"=7.353e-05",0.018,12.175,"1.011e-09",19.193,4,"=0.0007203",0.015,12.217,"9.346e-10",19.193,4,"=0.0007203",0.015,12.217,"9.346e-10"
593,"ex593","faces_ex593.lst",3,"Negative binomial","(v)","(iii)","(v)",0.0808,0.0525,0.0437,0.0437,0.0435,0.221,0.142,0.117,0.117,0.117,0.1103,0.0709,0.0586,0.0587,0.0584,36.703,4,"=2.074e-07",0.028,37.248,"<",32.305,4,"=1.657e-06",0.024,37.663,"<",32.305,4,"=1.657e-06",0.024,37.663,"<"
594,"ex594","faces_ex594.lst",3,"Negative binomial","(iv)","(iv)","(iv)",0.0354,0.0385,0.0306,0.0305,0.0306,0.0957,0.1039,0.0821,0.0819,0.0821,0.0478,0.0519,0.0411,0.041,0.0411,53.835,4,"=5.698e-11",0.041,8.0924,"1.911e-06",52.216,4,"=1.243e-10",0.04,7.7633,"3.499e-06",52.216,4,"=1.243e-10",0.04,7.7633,"3.499e-06"
595,"ex595","faces_ex595.lst",3,"Negative binomial","(iii)","(iii)","(iii)",0.0968,0.122,0.0937,0.0956,0.0943,0.261,0.327,0.253,0.258,0.255,0.131,0.164,0.127,0.129,0.127,49.455,4,"=4.693e-10",0.037,29.767,"<",43.042,4,"=1.014e-08",0.033,28.372,"<",43.042,4,"=1.014e-08",0.033,28.372,"<"
596,"ex596","faces_ex596.lst",3,"Negative binomial","(v)","(v)","(v)",0.078,0.0869,0.0677,0.0679,0.0673,0.21,0.234,0.182,0.183,0.181,0.1051,0.1171,0.0912,0.0916,0.0905,53.665,4,"=6.184e-11",0.041,17.596,"4.441e-14",56.032,4,"=1.975e-11",0.042,17.47,"5.604e-14",56.032,4,"=1.975e-11",0.042,17.47,"5.604e-14"
597,"ex597","faces_ex597.lst",3,"Negative binomial","(i)","(i)","(i)",0.048,0.0683,0.0485,0.0488,0.0481,0.13,0.184,0.131,0.132,0.13,0.065,0.0922,0.0655,0.0658,0.065,108.06,4,"<2.2e-16",0.082,51.236,"<",113.53,4,"<2.2e-16",0.086,49.201,"<",113.53,4,"<2.2e-16",0.086,49.201,"<"
598,"ex598","faces_ex598.lst",3,"Negative binomial","(iii)","(iii)","(iii)",0.0949,0.1216,0.0936,0.0943,0.0944,0.256,0.327,0.253,0.254,0.255,0.128,0.163,0.126,0.127,0.127,45.77,4,"=2.75e-09",0.035,38.047,"<",36.373,4,"=2.425e-07",0.028,37.987,"<",36.373,4,"=2.425e-07",0.028,37.987,"<"
599,"ex599","faces_ex599.lst",3,"Negative binomial","(v)","(v)","(v)",0.0727,0.0899,0.0683,0.0686,0.0675,0.197,0.243,0.184,0.185,0.182,0.0984,0.1215,0.0919,0.0924,0.091,80.4,4,"<2.2e-16",0.061,41.596,"<",84.056,4,"<2.2e-16",0.064,40.734,"<",84.056,4,"<2.2e-16",0.064,40.734,"<"
600,"ex600","faces_ex600.lst",3,"Negative binomial","(iii)","(iii)","(iii)",0.0523,0.0733,0.0507,0.0512,0.0514,0.141,0.197,0.137,0.138,0.139,0.0705,0.0987,0.0683,0.0691,0.0694,83.862,4,"<2.2e-16",0.064,45.608,"<",90.189,4,"<2.2e-16",0.068,45.617,"<",90.189,4,"<2.2e-16",0.068,45.617,"<"
601,"ex601","faces_ex601.lst",3,"Negative binomial","(i)","(i)","(i)",0.0969,0.1294,0.0972,0.0987,0.0977,0.262,0.347,0.263,0.266,0.264,0.131,0.174,0.131,0.133,0.132,36.853,4,"=1.931e-07",0.028,46.464,"<",27.379,4,"=1.666e-05",0.021,45.557,"<",27.379,4,"=1.666e-05",0.021,45.557,"<"
602,"ex602","faces_ex602.lst",3,"Negative binomial","(iv)","(iv)","(iv)",0.0806,0.0946,0.0716,0.0713,0.0715,0.217,0.253,0.192,0.191,0.193,0.1087,0.1263,0.0962,0.0957,0.0963,55.794,4,"=2.215e-11",0.042,31.092,"<",51.336,4,"=1.899e-10",0.039,29.925,"<",51.336,4,"=1.899e-10",0.039,29.925,"<"
603,"ex603","faces_ex603.lst",3,"Negative binomial","(i)","(i)","(i)",0.0495,0.0736,0.0498,0.0499,0.0498,0.134,0.198,0.135,0.135,0.135,0.067,0.0991,0.0674,0.0675,0.0675,137.49,4,"<2.2e-16",0.104,94.186,"<",138.23,4,"<2.2e-16",0.105,89.737,"<",138.23,4,"<2.2e-16",0.105,89.737,"<"
604,"ex604","faces_ex604.lst",3,"Negative binomial","(iii)","(iii)","(iii)",0.0939,0.1184,0.0932,0.094,0.0934,0.253,0.318,0.251,0.253,0.251,0.126,0.159,0.125,0.127,0.126,45.825,4,"=2.678e-09",0.035,37.028,"<",53.918,4,"=5.476e-11",0.041,35.996,"<",53.918,4,"=5.476e-11",0.041,35.996,"<"
605,"ex605","faces_ex605.lst",3,"Negative binomial","(iv)","(iv)","(v)",0.0727,0.0826,0.0622,0.0619,0.0619,0.197,0.222,0.168,0.167,0.167,0.0986,0.1108,0.0838,0.0834,0.0833,75.486,4,"=1.573e-15",0.057,24.92,"<",72.87,4,"=5.619e-15",0.055,24.181,"<",72.87,4,"=5.619e-15",0.055,24.181,"<"
606,"ex606","faces_ex606.lst",3,"Negative binomial","(iii)","(iii)","(iii)",0.0445,0.0661,0.0436,0.0439,0.0438,0.121,0.179,0.118,0.119,0.118,0.0603,0.0895,0.0588,0.0593,0.0591,111.98,4,"<2.2e-16",0.085,57.608,"<",113.5,4,"<2.2e-16",0.086,54.816,"<",113.5,4,"<2.2e-16",0.086,54.816,"<"
607,"ex607","faces_ex607.lst",3,"Negative binomial","(iii)","(iii)","(iii)",0.0852,0.1135,0.0824,0.0832,0.0827,0.23,0.306,0.222,0.224,0.223,0.115,0.153,0.111,0.112,0.112,44.88,4,"=4.211e-09",0.034,40.568,"<",42.061,4,"=1.621e-08",0.032,39.863,"<",42.061,4,"=1.621e-08",0.032,39.863,"<"
608,"ex608","faces_ex608.lst",3,"Negative binomial","(v)","(v)","(v)",0.0801,0.0792,0.0639,0.064,0.0634,0.217,0.212,0.172,0.172,0.171,0.1084,0.1062,0.0858,0.0858,0.0853,36.674,4,"=2.103e-07",0.028,19.185,"2.37e-15",37.021,4,"=1.784e-07",0.028,19.061,"2.981e-15",37.021,4,"=1.784e-07",0.028,19.061,"2.981e-15"
609,"ex609","faces_ex609.lst",3,"Negative binomial","(iv)","(iv)","(iv)",0.048,0.0604,0.0456,0.0455,0.0457,0.13,0.164,0.123,0.122,0.123,0.0648,0.082,0.0614,0.0612,0.0617,46.49,4,"=1.948e-09",0.035,20.581,"<",53.741,4,"=5.964e-11",0.041,20.49,"<",53.741,4,"=5.964e-11",0.041,20.49,"<"
610,"ex610","faces_ex610.lst",3,"Negative binomial","(v)","(iv)","(iii)",0.0918,0.1171,0.091,0.0908,0.0907,0.247,0.316,0.245,0.244,0.244,0.124,0.158,0.122,0.122,0.122,32.453,4,"=1.545e-06",0.025,28.617,"<",30.555,4,"=3.772e-06",0.023,29.948,"<",30.555,4,"=3.772e-06",0.023,29.948,"<"
611,"ex611","faces_ex611.lst",3,"Negative binomial","(iv)","(iv)","(iv)",0.076,0.0823,0.0632,0.0623,0.0625,0.205,0.221,0.168,0.166,0.167,0.1026,0.1107,0.0842,0.0829,0.0836,36.611,4,"=2.166e-07",0.028,18.776,"5.043e-15",38.458,4,"=9.013e-08",0.029,19.258,"2.074e-15",38.458,4,"=9.013e-08",0.029,19.258,"2.074e-15"
612,"ex612","faces_ex612.lst",3,"Negative binomial","(iv)","(iv)","(iv)",0.0463,0.0602,0.0433,0.0432,0.0434,0.125,0.163,0.117,0.116,0.117,0.0626,0.0813,0.0583,0.0581,0.0585,82.766,4,"<2.2e-16",0.063,21.691,"<",85.147,4,"<2.2e-16",0.065,21.231,"<",85.147,4,"<2.2e-16",0.065,21.231,"<"
613,"ex613","faces_ex613.lst",3,"Negative binomial","(iii)","(iii)","(iii)",0.0852,0.0971,0.0818,0.082,0.0818,0.227,0.261,0.218,0.219,0.219,0.114,0.13,0.109,0.11,0.109,32.507,4,"=1.507e-06",0.025,17.614,"4.299e-14",35.408,4,"=3.829e-07",0.027,18.949,"3.665e-15",35.408,4,"=3.829e-07",0.027,18.949,"3.665e-15"
614,"ex614","faces_ex614.lst",3,"Negative binomial","(v)","(v)","(v)",0.0733,0.0804,0.0587,0.0589,0.0582,0.198,0.216,0.158,0.158,0.156,0.0988,0.1079,0.0788,0.0789,0.0779,63.193,4,"=6.181e-13",0.048,17.152,"1.008e-13",70.902,4,"=1.464e-14",0.054,17.077,"1.158e-13",70.902,4,"=1.464e-14",0.054,17.077,"1.158e-13"
615,"ex615","faces_ex615.lst",3,"Negative binomial","(iii)","(iii)","(iii)",0.0486,0.0587,0.0447,0.0452,0.0452,0.131,0.158,0.12,0.122,0.121,0.0654,0.0789,0.0601,0.0608,0.0606,39.731,4,"=4.92e-08",0.03,18.309,"1.193e-14",35.125,4,"=4.379e-07",0.027,17.586,"4.524e-14",35.125,4,"=4.379e-07",0.027,17.586,"4.524e-14"
616,"ex616","faces_ex616.lst",3,"Negative binomial","(i)","(i)","(i)",0.0842,0.1028,0.085,0.0855,0.0843,0.226,0.276,0.228,0.23,0.226,0.113,0.138,0.114,0.115,0.113,50.09,4,"=3.458e-10",0.038,27.524,"<",44.044,4,"=6.283e-09",0.033,26.65,"<",44.044,4,"=6.283e-09",0.033,26.65,"<"
617,"ex617","faces_ex617.lst",3,"Negative binomial","(v)","(v)","(v)",0.0734,0.0733,0.0579,0.0579,0.0573,0.199,0.196,0.156,0.156,0.154,0.0996,0.0982,0.0778,0.0778,0.0771,44.041,4,"=6.291e-09",0.033,15.854,"1.11e-12",42.87,4,"=1.101e-08",0.032,16.146,"6.48e-13",42.87,4,"=1.101e-08",0.032,16.146,"6.48e-13"
618,"ex618","faces_ex618.lst",3,"Negative binomial","(iv)","(iii)","(iii)",0.0467,0.0554,0.0441,0.044,0.0446,0.127,0.149,0.119,0.119,0.121,0.0633,0.0743,0.0594,0.0594,0.0603,66.017,4,"=1.571e-13",0.05,21.355,"<",56.977,4,"=1.251e-11",0.043,19.108,"2.734e-15",56.977,4,"=1.251e-11",0.043,19.108,"2.734e-15"
619,"ex619","faces_ex619.lst",3,"Negative binomial","(iv)","(iv)","(iii)",0.0892,0.0983,0.0843,0.0842,0.0846,0.239,0.263,0.227,0.226,0.227,0.12,0.131,0.113,0.113,0.114,15.287,4,"=0.004141",0.012,11.594,"2.965e-09",12.819,4,"=0.01219",0.01,10.771,"1.361e-08",12.819,4,"=0.01219",0.01,10.771,"1.361e-08"
620,"ex620","faces_ex620.lst",3,"Negative binomial","(iii)","(iii)","(iii)",0.0746,0.0807,0.06,0.0604,0.0603,0.203,0.217,0.162,0.163,0.163,0.1013,0.1085,0.0808,0.0813,0.0814,105.68,4,"<2.2e-16",0.08,24.168,"<",93.312,4,"<2.2e-16",0.071,23.345,"<",93.312,4,"<2.2e-16",0.071,23.345,"<"
621,"ex621","faces_ex621.lst",3,"Negative binomial","(i)","(i)","(i)",0.0459,0.0614,0.0464,0.0465,0.0463,0.124,0.165,0.124,0.125,0.125,0.0618,0.0827,0.0622,0.0624,0.0623,70.514,4,"=1.768e-14",0.053,32.536,"<",63.486,4,"=5.362e-13",0.048,32.834,"<",63.486,4,"=5.362e-13",0.048,32.834,"<"
622,"ex622","faces_ex622.lst",3,"Negative binomial","(iv)","(iv)","(iv)",0.148,0.186,0.147,0.146,0.149,0.396,0.502,0.394,0.391,0.4,0.198,0.251,0.197,0.195,0.2,48.832,4,"=6.331e-10",0.037,34.152,"<",52.907,4,"=8.914e-11",0.04,35.429,"<",52.907,4,"=8.914e-11",0.04,35.429,"<"
623,"ex623","faces_ex623.lst",3,"Negative binomial","(i)","(i)","(i)",0.0995,0.1371,0.1054,0.1044,0.1017,0.268,0.368,0.283,0.28,0.274,0.134,0.184,0.141,0.14,0.137,93.525,4,"<2.2e-16",0.071,45.521,"<",101.19,4,"<2.2e-16",0.077,45.464,"<",101.19,4,"<2.2e-16",0.077,45.464,"<"
624,"ex624","faces_ex624.lst",3,"Negative binomial","(i)","(i)","(i)",0.0793,0.1114,0.0805,0.0812,0.0802,0.214,0.299,0.216,0.218,0.217,0.107,0.15,0.108,0.109,0.108,78.887,4,"=2.997e-16",0.06,66.811,"<",84.293,4,"<2.2e-16",0.064,66.848,"<",84.293,4,"<2.2e-16",0.064,66.848,"<"
625,"ex625","faces_ex625.lst",3,"Negative binomial","(iv)","(iv)","(iv)",0.144,0.18,0.145,0.143,0.144,0.387,0.483,0.389,0.384,0.387,0.193,0.242,0.194,0.192,0.194,28.201,4,"=1.135e-05",0.021,33.647,"<",27.503,4,"=1.573e-05",0.021,32.863,"<",27.503,4,"=1.573e-05",0.021,32.863,"<"
626,"ex626","faces_ex626.lst",3,"Negative binomial","(i)","(v)","(i)",0.104,0.134,0.109,0.107,0.104,0.281,0.362,0.293,0.287,0.28,0.14,0.181,0.147,0.144,0.14,85.072,4,"<2.2e-16",0.064,52.294,"<",80.664,4,"<2.2e-16",0.061,51.877,"<",80.664,4,"<2.2e-16",0.061,51.877,"<"
627,"ex627","faces_ex627.lst",3,"Negative binomial","(i)","(i)","(i)",0.0784,0.1091,0.0803,0.0804,0.0794,0.212,0.295,0.215,0.216,0.215,0.106,0.148,0.108,0.108,0.107,77.947,4,"=4.741e-16",0.059,48.069,"<",74.596,4,"=2.425e-15",0.057,48.513,"<",74.596,4,"=2.425e-15",0.057,48.513,"<"
628,"ex628","faces_ex628.lst",3,"Negative binomial","(i)","(i)","(i)",0.149,0.194,0.154,0.153,0.151,0.4,0.52,0.415,0.411,0.405,0.2,0.26,0.207,0.206,0.202,17.602,4,"=0.001476",0.013,34.228,"<",23.377,4,"=0.0001065",0.018,34.081,"<",23.377,4,"=0.0001065",0.018,34.081,"<"
629,"ex629","faces_ex629.lst",3,"Negative binomial","(i)","(i)","(i)",0.112,0.146,0.118,0.114,0.113,0.299,0.391,0.315,0.307,0.302,0.15,0.195,0.158,0.154,0.151,79.983,4,"<2.2e-16",0.061,46.943,"<",86.208,4,"<2.2e-16",0.065,47.931,"<",86.208,4,"<2.2e-16",0.065,47.931,"<"
630,"ex630","faces_ex630.lst",3,"Negative binomial","(i)","(i)","(i)",0.0803,0.1018,0.0819,0.0818,0.0814,0.217,0.273,0.22,0.219,0.22,0.108,0.136,0.11,0.11,0.11,57.297,4,"=1.072e-11",0.043,32.445,"<",49.001,4,"=5.835e-10",0.037,30.938,"<",49.001,4,"=5.835e-10",0.037,30.938,"<"
631,"ex631","faces_ex631.lst",3,"Negative binomial","(i)","(i)","(i)",0.141,0.173,0.144,0.145,0.144,0.38,0.465,0.388,0.392,0.389,0.19,0.232,0.194,0.196,0.194,30.482,4,"=3.903e-06",0.023,23.368,"<",35.217,4,"=4.192e-07",0.027,22.444,"<",35.217,4,"=4.192e-07",0.027,22.444,"<"
632,"ex632","faces_ex632.lst",3,"Negative binomial","(i)","(i)","(i)",0.0965,0.1347,0.1005,0.0985,0.097,0.26,0.362,0.271,0.266,0.261,0.13,0.181,0.135,0.133,0.131,93.869,4,"<2.2e-16",0.071,70.564,"<",96.667,4,"<2.2e-16",0.073,69.999,"<",96.667,4,"<2.2e-16",0.073,69.999,"<"
633,"ex633","faces_ex633.lst",3,"Negative binomial","(iii)","(iii)","(iii)",0.0732,0.0962,0.0708,0.072,0.0735,0.198,0.259,0.19,0.194,0.199,0.099,0.1296,0.0952,0.0972,0.0993,74.48,4,"=2.567e-15",0.056,60.275,"<",76.749,4,"=8.499e-16",0.058,58.668,"<",76.749,4,"=8.499e-16",0.058,58.668,"<"
634,"ex634","faces_ex634.lst",3,"Negative binomial","(i)","(i)","(i)",0.142,0.171,0.144,0.144,0.142,0.38,0.459,0.388,0.386,0.38,0.19,0.23,0.194,0.193,0.19,15.45,4,"=0.003854",0.012,22.809,"<",17.394,4,"=0.00162",0.013,22.921,"<",17.394,4,"=0.00162",0.013,22.921,"<"
635,"ex635","faces_ex635.lst",3,"Negative binomial","(i)","(i)","(i)",0.103,0.133,0.106,0.106,0.104,0.278,0.36,0.286,0.284,0.28,0.139,0.18,0.143,0.142,0.14,58.81,4,"=5.159e-12",0.045,38.703,"<",64.25,4,"=3.703e-13",0.049,40.086,"<",64.25,4,"=3.703e-13",0.049,40.086,"<"
636,"ex636","faces_ex636.lst",3,"Negative binomial","(i)","(iii)","(i)",0.0775,0.1081,0.0781,0.0797,0.0783,0.209,0.29,0.208,0.213,0.211,0.104,0.145,0.104,0.107,0.105,108.89,4,"<2.2e-16",0.082,66.439,"<",118.19,4,"<2.2e-16",0.09,65.475,"<",118.19,4,"<2.2e-16",0.09,65.475,"<"
637,"ex637","faces_ex637.lst",3,"Negative binomial","(i)","(v)","(v)",0.139,0.17,0.142,0.14,0.139,0.375,0.455,0.383,0.378,0.373,0.188,0.228,0.191,0.189,0.187,31.018,4,"=3.035e-06",0.023,24.175,"<",27.845,4,"=1.341e-05",0.021,23.344,"<",27.845,4,"=1.341e-05",0.021,23.344,"<"
638,"ex638","faces_ex638.lst",3,"Negative binomial","(v)","(v)","(v)",0.107,0.14,0.109,0.109,0.106,0.288,0.376,0.293,0.293,0.285,0.144,0.188,0.147,0.146,0.142,59.416,4,"=3.848e-12",0.045,43.546,"<",55.77,4,"=2.241e-11",0.042,40.237,"<",55.77,4,"=2.241e-11",0.042,40.237,"<"
639,"ex639","faces_ex639.lst",3,"Negative binomial","(iii)","(iii)","(iii)",0.0767,0.1025,0.0757,0.0773,0.0767,0.208,0.275,0.204,0.208,0.207,0.104,0.138,0.102,0.104,0.104,82.766,4,"<2.2e-16",0.063,64.09,"<",74.422,4,"=2.641e-15",0.056,63.677,"<",74.422,4,"=2.641e-15",0.056,63.677,"<"
640,"ex640","faces_ex640.lst",3,"Negative binomial","(i)","(i)","(i)",0.137,0.169,0.14,0.14,0.138,0.367,0.456,0.377,0.375,0.371,0.184,0.228,0.188,0.188,0.186,15.612,4,"=0.003586",0.012,26.577,"<",20.642,4,"=0.0003728",0.016,27.069,"<",20.642,4,"=0.0003728",0.016,27.069,"<"
641,"ex641","faces_ex641.lst",3,"Negative binomial","(i)","(i)","(i)",0.101,0.122,0.103,0.103,0.102,0.273,0.328,0.277,0.276,0.274,0.137,0.164,0.138,0.138,0.137,20.187,4,"=0.0004588",0.015,17.135,"1.041e-13",17.799,4,"=0.001351",0.013,16.573,"2.938e-13",17.799,4,"=0.001351",0.013,16.573,"2.938e-13"
642,"ex642","faces_ex642.lst",3,"Negative binomial","(i)","(iii)","(i)",0.0776,0.1043,0.0776,0.0788,0.0794,0.21,0.28,0.209,0.213,0.215,0.105,0.14,0.105,0.106,0.107,96.856,4,"<2.2e-16",0.073,48.056,"<",83.552,4,"<2.2e-16",0.063,47.231,"<",83.552,4,"<2.2e-16",0.063,47.231,"<"
643,"ex643","faces_ex643.lst",3,"Negative binomial","(i)","(i)","(i)",0.131,0.163,0.133,0.133,0.131,0.352,0.438,0.359,0.357,0.353,0.176,0.219,0.18,0.179,0.177,16.953,4,"=0.001974",0.013,30.351,"<",18.359,4,"=0.00105",0.014,30.234,"<",18.359,4,"=0.00105",0.014,30.234,"<"
644,"ex644","faces_ex644.lst",3,"Negative binomial","(i)","(i)","(i)",0.0958,0.1302,0.1003,0.0995,0.097,0.258,0.35,0.27,0.268,0.261,0.129,0.175,0.135,0.134,0.131,74.965,4,"=2.027e-15",0.057,48.796,"<",83.404,4,"<2.2e-16",0.063,49.423,"<",83.404,4,"<2.2e-16",0.063,49.423,"<"
645,"ex645","faces_ex645.lst",3,"Negative binomial","(iii)","(iii)","(iii)",0.0751,0.0966,0.0726,0.0744,0.0751,0.202,0.26,0.195,0.2,0.202,0.1011,0.13,0.0973,0.1002,0.1008,57.064,4,"=1.199e-11",0.043,47.062,"<",62.432,4,"=8.938e-13",0.047,46.641,"<",62.432,4,"=8.938e-13",0.047,46.641,"<"
646,"ex646","faces_ex646.lst",3,"Negative binomial","(iv)","(iv)","(iv)",0.145,0.175,0.145,0.144,0.144,0.391,0.468,0.389,0.387,0.389,0.195,0.234,0.195,0.194,0.194,5.6509,4,"=0.2268",0.004,22.893,"<",6.8921,4,"=0.1417",0.005,22.561,"<",6.8921,4,"=0.1417",0.005,22.561,"<"
647,"ex647","faces_ex647.lst",3,"Negative binomial","(i)","(v)","(i)",0.0961,0.1323,0.1002,0.1007,0.0963,0.259,0.354,0.269,0.27,0.258,0.129,0.177,0.135,0.135,0.129,95.685,4,"<2.2e-16",0.072,67.46,"<",90.019,4,"<2.2e-16",0.068,64.56,"<",90.019,4,"<2.2e-16",0.068,64.56,"<"
648,"ex648","faces_ex648.lst",3,"Negative binomial","(i)","(i)","(iii)",0.0754,0.099,0.0755,0.0762,0.0762,0.203,0.266,0.203,0.205,0.205,0.102,0.133,0.101,0.103,0.103,83.093,4,"<2.2e-16",0.063,59.154,"<",85.256,4,"<2.2e-16",0.065,57.779,"<",85.256,4,"<2.2e-16",0.065,57.779,"<"
649,"ex649","faces_ex649.lst",3,"Negative binomial","(iii)","(iii)","(iii)",0.0837,0.0805,0.0578,0.058,0.0581,0.225,0.217,0.156,0.156,0.157,0.1127,0.1085,0.0778,0.0781,0.0784,39.891,4,"=4.559e-08",0.03,18.005,"2.087e-14",40.007,4,"=4.313e-08",0.03,18.043,"1.946e-14",40.007,4,"=4.313e-08",0.03,18.043,"1.946e-14"
650,"ex650","faces_ex650.lst",3,"Negative binomial","(iii)","(iii)","(iii)",0.0874,0.0589,0.0404,0.0409,0.0405,0.239,0.16,0.109,0.11,0.109,0.1196,0.0799,0.0545,0.0552,0.0547,98.613,4,"<2.2e-16",0.075,43.286,"<",104.07,4,"<2.2e-16",0.079,43.908,"<",104.07,4,"<2.2e-16",0.079,43.908,"<"
651,"ex651","faces_ex651.lst",3,"Negative binomial","(v)","(v)","(v)",0.0381,0.0468,0.0295,0.0295,0.0294,0.1034,0.1262,0.0793,0.0794,0.0791,0.0517,0.0631,0.0397,0.0397,0.0396,73.45,4,"=4.239e-15",0.056,12.403,"6.628e-10",71.682,4,"=1.002e-14",0.054,12.057,"1.257e-09",71.682,4,"=1.002e-14",0.054,12.057,"1.257e-09"
652,"ex652","faces_ex652.lst",3,"Negative binomial","(iii)","(iii)","(iii)",0.0795,0.0838,0.0584,0.0588,0.0587,0.214,0.226,0.157,0.158,0.158,0.1071,0.1128,0.0786,0.0791,0.079,52.669,4,"=9.995e-11",0.04,18.883,"4.136e-15",48.628,4,"=6.982e-10",0.037,18.593,"7.059e-15",48.628,4,"=6.982e-10",0.037,18.593,"7.059e-15"
653,"ex653","faces_ex653.lst",3,"Negative binomial","(iv)","(iv)","(iv)",0.0815,0.0598,0.0387,0.0386,0.0388,0.223,0.161,0.105,0.104,0.105,0.1117,0.0807,0.0524,0.0521,0.0524,134.66,4,"<2.2e-16",0.102,43.214,"<",118.45,4,"<2.2e-16",0.09,43.12,"<",118.45,4,"<2.2e-16",0.09,43.12,"<"
654,"ex654","faces_ex654.lst",3,"Negative binomial","(v)","(v)","(v)",0.0408,0.0478,0.0294,0.0297,0.0293,0.111,0.1279,0.0795,0.0802,0.0791,0.0555,0.0639,0.0398,0.0401,0.0395,57.804,4,"=8.391e-12",0.044,13.071,"1.921e-10",54.71,4,"=3.736e-11",0.041,12.717,"3.702e-10",54.71,4,"=3.736e-11",0.041,12.717,"3.702e-10"
655,"ex655","faces_ex655.lst",3,"Negative binomial","(iii)","(iii)","(iii)",0.0781,0.0858,0.0618,0.0625,0.062,0.211,0.231,0.166,0.168,0.167,0.1055,0.1154,0.0832,0.084,0.0834,36.676,4,"=2.1e-07",0.028,18.962,"3.576e-15",28.027,4,"=1.232e-05",0.021,18.693,"5.869e-15",28.027,4,"=1.232e-05",0.021,18.693,"5.869e-15"
656,"ex656","faces_ex656.lst",3,"Negative binomial","(iii)","(iii)","(iii)",0.0814,0.0648,0.0428,0.0431,0.0428,0.223,0.175,0.115,0.116,0.115,0.1114,0.0875,0.0576,0.058,0.0576,72.097,4,"=8.187e-15",0.055,32.127,"<",74.313,4,"=2.785e-15",0.056,32.229,"<",74.313,4,"=2.785e-15",0.056,32.229,"<"
657,"ex657","faces_ex657.lst",3,"Negative binomial","(iv)","(iv)","(iv)",0.0451,0.0451,0.0313,0.0312,0.0314,0.123,0.1217,0.0844,0.0842,0.0845,0.0615,0.0608,0.0422,0.0421,0.0423,100.29,4,"<2.2e-16",0.076,10.185,"4.022e-08",93.055,4,"<2.2e-16",0.07,10.156,"4.243e-08",93.055,4,"<2.2e-16",0.07,10.156,"4.243e-08"
658,"ex658","faces_ex658.lst",3,"Negative binomial","(iii)","(iii)","(iii)",0.0724,0.0708,0.0518,0.0523,0.0521,0.195,0.191,0.139,0.141,0.14,0.0974,0.0955,0.0696,0.0704,0.07,34.305,4,"=6.451e-07",0.026,16.861,"1.725e-13",33.29,4,"=1.042e-06",0.025,17.16,"9.939e-14",33.29,4,"=1.042e-06",0.025,17.16,"9.939e-14"
659,"ex659","faces_ex659.lst",3,"Negative binomial","(iii)","(iii)","(iii)",0.0916,0.0556,0.036,0.0361,0.0361,0.2515,0.15,0.0971,0.0973,0.0973,0.1258,0.075,0.0485,0.0486,0.0486,86.388,4,"<2.2e-16",0.065,57.918,"<",94.056,4,"<2.2e-16",0.071,58.449,"<",94.056,4,"<2.2e-16",0.071,58.449,"<"
660,"ex660","faces_ex660.lst",3,"Negative binomial","(iii)","(iii)","(iv)",0.0448,0.0515,0.0252,0.0252,0.0259,0.123,0.1396,0.0683,0.0683,0.0703,0.0615,0.0698,0.0342,0.0341,0.0352,89.154,4,"<2.2e-16",0.068,17.356,"6.925e-14",89.023,4,"<2.2e-16",0.067,17.047,"1.225e-13",89.023,4,"<2.2e-16",0.067,17.047,"1.225e-13"
661,"ex661","faces_ex661.lst",3,"Negative binomial","(iii)","(iii)","(iii)",0.093,0.0733,0.0535,0.0539,0.0536,0.251,0.197,0.145,0.146,0.145,0.1255,0.0987,0.0724,0.0728,0.0725,42.623,4,"=1.239e-08",0.032,24.864,"<",41.011,4,"=2.674e-08",0.031,24.931,"<",41.011,4,"=2.674e-08",0.031,24.931,"<"
662,"ex662","faces_ex662.lst",3,"Negative binomial","(iii)","(iii)","(iii)",0.1088,0.0565,0.0369,0.037,0.0371,0.2989,0.1533,0.0992,0.0995,0.0998,0.1495,0.0767,0.0496,0.0498,0.0499,89.491,4,"<2.2e-16",0.068,65.666,"<",92.177,4,"<2.2e-16",0.07,66.138,"<",92.177,4,"<2.2e-16",0.07,66.138,"<"
663,"ex663","faces_ex663.lst",3,"Negative binomial","(v)","(v)","(iii)",0.0434,0.0407,0.0261,0.0261,0.026,0.1186,0.1098,0.0701,0.0701,0.07,0.0593,0.0549,0.035,0.0351,0.035,76.914,4,"=7.843e-16",0.058,12.825,"3.034e-10",80.895,4,"<2.2e-16",0.061,12.579,"4.779e-10",80.895,4,"<2.2e-16",0.061,12.579,"4.779e-10"
664,"ex664","faces_ex664.lst",3,"Negative binomial","(iii)","(iii)","(v)",0.0733,0.0784,0.0525,0.0527,0.0525,0.198,0.212,0.142,0.143,0.142,0.0992,0.1061,0.0709,0.0713,0.0708,36.31,4,"=2.498e-07",0.028,17.605,"4.373e-14",36.212,4,"=2.617e-07",0.027,17.532,"5.003e-14",36.212,4,"=2.617e-07",0.027,17.532,"5.003e-14"
665,"ex665","faces_ex665.lst",3,"Negative binomial","(iii)","(iii)","(iii)",0.1096,0.0542,0.0383,0.0385,0.0392,0.3,0.147,0.104,0.104,0.106,0.1499,0.0734,0.0519,0.0521,0.0529,60.187,4,"=2.65e-12",0.046,70.663,"<",63.813,4,"=4.575e-13",0.048,71.613,"<",63.813,4,"=4.575e-13",0.048,71.613,"<"
666,"ex666","faces_ex666.lst",3,"Negative binomial","(iii)","(iii)","(iii)",0.043,0.0583,0.0286,0.0287,0.0287,0.1173,0.1574,0.0768,0.0773,0.0772,0.0587,0.0787,0.0384,0.0386,0.0386,136.33,4,"<2.2e-16",0.103,19.435,"1.497e-15",132.44,4,"<2.2e-16",0.1,18.986,"3.424e-15",132.44,4,"<2.2e-16",0.1,18.986,"3.424e-15"
667,"ex667","faces_ex667.lst",3,"Negative binomial","(iii)","(iii)","(iii)",0.0787,0.0744,0.0494,0.0495,0.0494,0.211,0.199,0.132,0.133,0.132,0.1057,0.0997,0.0662,0.0663,0.0662,29.287,4,"=6.834e-06",0.022,18.332,"1.143e-14",30.97,4,"=3.105e-06",0.023,18.37,"1.066e-14",30.97,4,"=3.105e-06",0.023,18.37,"1.066e-14"
668,"ex668","faces_ex668.lst",3,"Negative binomial","(iii)","(iv)","(iii)",0.1124,0.0578,0.035,0.035,0.0351,0.3067,0.1564,0.0941,0.094,0.0943,0.1534,0.0782,0.047,0.047,0.0472,65.101,4,"=2.451e-13",0.049,69.182,"<",73.11,4,"=5e-15",0.055,69.879,"<",73.11,4,"=5e-15",0.055,69.879,"<"
669,"ex669","faces_ex669.lst",3,"Negative binomial","(iii)","(iii)","(iii)",0.0425,0.0403,0.0243,0.0243,0.0257,0.1166,0.1082,0.0656,0.0658,0.0696,0.0583,0.0541,0.0328,0.0329,0.0348,102.41,4,"<2.2e-16",0.078,10.517,"2.178e-08",92.039,4,"<2.2e-16",0.07,10.51,"2.207e-08",92.039,4,"<2.2e-16",0.07,10.51,"2.207e-08"
670,"ex670","faces_ex670.lst",3,"Negative binomial","(iii)","(iii)","(iii)",0.0764,0.068,0.0477,0.048,0.0477,0.206,0.184,0.128,0.129,0.128,0.1029,0.0918,0.0642,0.0645,0.0642,46.798,4,"=1.68e-09",0.035,20.047,"4.852e-16",35.472,4,"=3.716e-07",0.027,20.263,"3.26e-16",35.472,4,"=3.716e-07",0.027,20.263,"3.26e-16"
671,"ex671","faces_ex671.lst",3,"Negative binomial","(iii)","(iii)","(iii)",0.0998,0.0566,0.0346,0.0347,0.0358,0.2735,0.153,0.0933,0.0934,0.0965,0.1368,0.0765,0.0467,0.0467,0.0482,67.595,4,"=7.302e-14",0.051,62.706,"<",67.16,4,"=9.021e-14",0.051,63.318,"<",67.16,4,"=9.021e-14",0.051,63.318,"<"
672,"ex672","faces_ex672.lst",3,"Negative binomial","(iii)","(iii)","(iii)",0.0523,0.0457,0.0252,0.0252,0.0252,0.1439,0.1229,0.0677,0.0677,0.0677,0.072,0.0614,0.0338,0.0339,0.0338,86.907,4,"<2.2e-16",0.066,16.585,"2.875e-13",84.982,4,"<2.2e-16",0.064,16.602,"2.784e-13",84.982,4,"<2.2e-16",0.064,16.602,"2.784e-13"
673,"ex673","faces_ex673.lst",3,"Negative binomial","(iii)","(iii)","(iii)",0.0885,0.0676,0.0502,0.0504,0.0502,0.238,0.182,0.135,0.136,0.135,0.1188,0.0911,0.0675,0.0678,0.0675,31.244,4,"=2.73e-06",0.024,24.316,"<",25.467,4,"=4.053e-05",0.019,24.364,"<",25.467,4,"=4.053e-05",0.019,24.364,"<"
674,"ex674","faces_ex674.lst",3,"Negative binomial","(v)","(v)","(v)",0.1061,0.0594,0.0352,0.0352,0.0351,0.2898,0.1617,0.0946,0.0946,0.0944,0.1449,0.0809,0.0473,0.0473,0.0472,75.561,4,"=1.516e-15",0.057,58.521,"<",81.215,4,"<2.2e-16",0.062,59.516,"<",81.215,4,"<2.2e-16",0.062,59.516,"<"
675,"ex675","faces_ex675.lst",3,"Negative binomial","(iv)","(iv)","(iii)",0.04,0.046,0.0251,0.025,0.025,0.1095,0.1235,0.0671,0.0669,0.0669,0.0547,0.0618,0.0335,0.0335,0.0335,83.922,4,"<2.2e-16",0.064,13.392,"1.06e-10",94.201,4,"<2.2e-16",0.071,13.312,"1.23e-10",94.201,4,"<2.2e-16",0.071,13.312,"1.23e-10"
676,"ex676","faces_ex676.lst",3,"Negative binomial","(v)","(v)","(v)",0.092,0.1135,0.0817,0.0817,0.0807,0.248,0.305,0.219,0.22,0.217,0.124,0.153,0.109,0.11,0.108,24.104,4,"=7.612e-05",0.018,19.717,"8.912e-16",27.835,4,"=1.347e-05",0.021,19.616,"1.072e-15",27.835,4,"=1.347e-05",0.021,19.616,"1.072e-15"
677,"ex677","faces_ex677.lst",3,"Negative binomial","(iii)","(iii)","(iii)",0.0744,0.0826,0.0583,0.0583,0.0583,0.202,0.222,0.158,0.158,0.158,0.1008,0.111,0.0788,0.0789,0.0788,88.613,4,"<2.2e-16",0.067,26.029,"<",84.31,4,"<2.2e-16",0.064,24.912,"<",84.31,4,"<2.2e-16",0.064,24.912,"<"
678,"ex678","faces_ex678.lst",3,"Negative binomial","(iii)","(iii)","(iii)",0.0451,0.0689,0.0437,0.0443,0.0445,0.122,0.186,0.117,0.119,0.12,0.0608,0.0929,0.0587,0.0596,0.0598,105.16,4,"<2.2e-16",0.08,41.064,"<",113.81,4,"<2.2e-16",0.086,39.139,"<",113.81,4,"<2.2e-16",0.086,39.139,"<"
679,"ex679","faces_ex679.lst",3,"Negative binomial","(v)","(v)","(iii)",0.0936,0.1183,0.0833,0.0838,0.083,0.251,0.317,0.223,0.224,0.222,0.126,0.158,0.111,0.112,0.111,56.516,4,"=1.563e-11",0.043,33.668,"<",51.959,4,"=1.407e-10",0.039,33.193,"<",51.959,4,"=1.407e-10",0.039,33.193,"<"
680,"ex680","faces_ex680.lst",3,"Negative binomial","(iv)","(iv)","(iv)",0.0741,0.0933,0.0616,0.0612,0.0614,0.201,0.252,0.166,0.165,0.165,0.1006,0.1258,0.0828,0.0824,0.0826,96.036,4,"<2.2e-16",0.073,34.942,"<",98.73,4,"<2.2e-16",0.075,34.115,"<",98.73,4,"<2.2e-16",0.075,34.115,"<"
681,"ex681","faces_ex681.lst",3,"Negative binomial","(i)","(i)","(i)",0.0437,0.0658,0.0449,0.0448,0.0446,0.118,0.178,0.121,0.121,0.12,0.0588,0.0888,0.0603,0.0603,0.0602,109.15,4,"<2.2e-16",0.083,40.65,"<",103.62,4,"<2.2e-16",0.078,40.972,"<",103.62,4,"<2.2e-16",0.078,40.972,"<"
682,"ex682","faces_ex682.lst",3,"Negative binomial","(v)","(v)","(v)",0.0999,0.1252,0.0882,0.0889,0.0876,0.269,0.337,0.236,0.238,0.235,0.135,0.168,0.118,0.119,0.117,71.307,4,"=1.202e-14",0.054,30.427,"<",75.098,4,"=1.9e-15",0.057,30.286,"<",75.098,4,"=1.9e-15",0.057,30.286,"<"
683,"ex683","faces_ex683.lst",3,"Negative binomial","(v)","(v)","(v)",0.0777,0.0848,0.0625,0.0618,0.0611,0.209,0.229,0.168,0.166,0.164,0.1047,0.1146,0.0841,0.0832,0.0822,59.993,4,"=2.911e-12",0.045,21.017,"<",61.847,4,"=1.186e-12",0.047,20.994,"<",61.847,4,"=1.186e-12",0.047,20.994,"<"
684,"ex684","faces_ex684.lst",3,"Negative binomial","(iv)","(iv)","(iv)",0.0478,0.0662,0.0453,0.0446,0.0446,0.128,0.178,0.122,0.119,0.12,0.0641,0.0891,0.0608,0.0597,0.0598,94.179,4,"<2.2e-16",0.071,33.345,"<",90.965,4,"<2.2e-16",0.069,34.434,"<",90.965,4,"<2.2e-16",0.069,34.434,"<"
685,"ex685","faces_ex685.lst",3,"Negative binomial","(iv)","(iii)","(iii)",0.0919,0.107,0.0792,0.0789,0.0792,0.246,0.288,0.212,0.212,0.212,0.123,0.144,0.106,0.106,0.106,38.075,4,"=1.081e-07",0.029,21.403,"<",30.33,4,"=4.193e-06",0.023,22.096,"<",30.33,4,"=4.193e-06",0.023,22.096,"<"
686,"ex686","faces_ex686.lst",3,"Negative binomial","(iv)","(iv)","(iv)",0.0716,0.0799,0.0571,0.0564,0.0571,0.194,0.215,0.153,0.152,0.153,0.097,0.1076,0.0766,0.0758,0.0767,48.928,4,"=6.043e-10",0.037,26.156,"<",55.544,4,"=2.499e-11",0.042,25.373,"<",55.544,4,"=2.499e-11",0.042,25.373,"<"
687,"ex687","faces_ex687.lst",3,"Negative binomial","(iii)","(iii)","(iii)",0.0409,0.062,0.0389,0.0393,0.0399,0.11,0.166,0.105,0.106,0.108,0.0551,0.0832,0.0524,0.0528,0.0539,120.97,4,"<2.2e-16",0.092,35.489,"<",117.38,4,"<2.2e-16",0.089,36.319,"<",117.38,4,"<2.2e-16",0.089,36.319,"<"
688,"ex688","faces_ex688.lst",3,"Negative binomial","(v)","(v)","(iv)",0.0991,0.1065,0.0837,0.0836,0.0833,0.266,0.286,0.225,0.225,0.223,0.133,0.143,0.113,0.112,0.112,22.087,4,"=0.0001926",0.017,14.384,"1.688e-11",15.19,4,"=0.004322",0.012,14.398,"1.644e-11",15.19,4,"=0.004322",0.012,14.398,"1.644e-11"
689,"ex689","faces_ex689.lst",3,"Negative binomial","(v)","(iii)","(iii)",0.0774,0.087,0.0605,0.0609,0.0604,0.21,0.235,0.163,0.164,0.163,0.105,0.1174,0.0816,0.0821,0.0816,93.498,4,"<2.2e-16",0.071,26.032,"<",93.055,4,"<2.2e-16",0.07,25.832,"<",93.055,4,"<2.2e-16",0.07,25.832,"<"
690,"ex690","faces_ex690.lst",3,"Negative binomial","(iii)","(iii)","(iii)",0.041,0.0652,0.0401,0.0401,0.0408,0.111,0.176,0.108,0.108,0.11,0.0553,0.0878,0.0539,0.0541,0.0552,149.02,4,"<2.2e-16",0.113,50.289,"<",158.63,4,"<2.2e-16",0.12,49.169,"<",158.63,4,"<2.2e-16",0.12,49.169,"<"
691,"ex691","faces_ex691.lst",3,"Negative binomial","(v)","(v)","(v)",0.0918,0.1091,0.0799,0.0795,0.0791,0.247,0.293,0.215,0.214,0.213,0.123,0.146,0.108,0.107,0.106,58.684,4,"=5.483e-12",0.044,24.35,"<",49.593,4,"=4.392e-10",0.038,24.455,"<",49.593,4,"=4.392e-10",0.038,24.455,"<"
692,"ex692","faces_ex692.lst",3,"Negative binomial","(v)","(v)","(v)",0.0875,0.0826,0.0615,0.0616,0.0607,0.236,0.223,0.166,0.166,0.163,0.1181,0.1115,0.0828,0.083,0.0813,53.486,4,"=6.742e-11",0.041,25.321,"<",62.967,4,"=6.894e-13",0.048,25.412,"<",62.967,4,"=6.894e-13",0.048,25.412,"<"
693,"ex693","faces_ex693.lst",3,"Negative binomial","(iii)","(iii)","(iii)",0.0449,0.0632,0.0413,0.0417,0.0421,0.121,0.17,0.112,0.112,0.114,0.0603,0.0849,0.0559,0.056,0.0568,81.149,4,"<2.2e-16",0.061,26.061,"<",81.775,4,"<2.2e-16",0.062,26.086,"<",81.775,4,"<2.2e-16",0.062,26.086,"<"
694,"ex694","faces_ex694.lst",3,"Negative binomial","(v)","(v)","(v)",0.0927,0.1115,0.0842,0.084,0.0833,0.25,0.301,0.226,0.226,0.223,0.125,0.15,0.113,0.113,0.112,24.368,4,"=6.738e-05",0.018,23.229,"<",29.792,4,"=5.397e-06",0.023,23.213,"<",29.792,4,"=5.397e-06",0.023,23.213,"<"
695,"ex695","faces_ex695.lst",3,"Negative binomial","(v)","(v)","(v)",0.0778,0.0818,0.058,0.0579,0.0574,0.211,0.219,0.156,0.155,0.154,0.1054,0.1095,0.0778,0.0776,0.0769,67.704,4,"=6.925e-14",0.051,25.866,"<",58.652,4,"=5.568e-12",0.044,25.242,"<",58.652,4,"=5.568e-12",0.044,25.242,"<"
696,"ex696","faces_ex696.lst",3,"Negative binomial","(iii)","(iii)","(iii)",0.045,0.0607,0.0417,0.0423,0.0426,0.121,0.164,0.112,0.113,0.114,0.0607,0.0819,0.0558,0.0566,0.0571,88.621,4,"<2.2e-16",0.067,20.531,"<",86.912,4,"<2.2e-16",0.066,19.983,"5.465e-16",86.912,4,"<2.2e-16",0.066,19.983,"5.465e-16"
697,"ex697","faces_ex697.lst",3,"Negative binomial","(v)","(v)","(v)",0.0834,0.1078,0.0759,0.0761,0.075,0.223,0.29,0.203,0.203,0.201,0.112,0.145,0.102,0.102,0.1,47.692,4,"=1.094e-09",0.036,30.776,"<",44.587,4,"=4.846e-09",0.034,32.463,"<",44.587,4,"=4.846e-09",0.034,32.463,"<"
698,"ex698","faces_ex698.lst",3,"Negative binomial","(iii)","(iii)","(iii)",0.073,0.0775,0.0536,0.0536,0.0537,0.199,0.208,0.144,0.144,0.145,0.0993,0.104,0.0721,0.0721,0.0724,57.753,4,"=8.6e-12",0.044,23.686,"<",59.915,4,"=3.022e-12",0.045,23.556,"<",59.915,4,"=3.022e-12",0.045,23.556,"<"
699,"ex699","faces_ex699.lst",3,"Negative binomial","(iii)","(iii)","(iii)",0.0433,0.0592,0.039,0.0392,0.04,0.118,0.159,0.105,0.105,0.108,0.0588,0.0796,0.0526,0.0527,0.0541,88.962,4,"<2.2e-16",0.067,27.434,"<",91.411,4,"<2.2e-16",0.069,26.943,"<",91.411,4,"<2.2e-16",0.069,26.943,"<"
700,"ex700","faces_ex700.lst",3,"Negative binomial","(v)","(iii)","(iii)",0.1071,0.1154,0.0803,0.0803,0.0802,0.288,0.31,0.215,0.215,0.215,0.144,0.155,0.108,0.108,0.108,60.628,4,"=2.141e-12",0.046,26.683,"<",60.179,4,"=2.66e-12",0.046,27.128,"<",60.179,4,"=2.66e-12",0.046,27.128,"<"
701,"ex701","faces_ex701.lst",3,"Negative binomial","(v)","(iv)","(v)",0.0742,0.0804,0.0567,0.0566,0.0562,0.201,0.216,0.153,0.152,0.152,0.1006,0.1079,0.0763,0.0762,0.0758,73.472,4,"=4.194e-15",0.056,23.288,"<",69.939,4,"=2.338e-14",0.053,23.085,"<",69.939,4,"=2.338e-14",0.053,23.085,"<"
702,"ex702","faces_ex702.lst",3,"Negative binomial","(iii)","(iii)","(iii)",0.0446,0.0582,0.0402,0.0407,0.0407,0.121,0.156,0.108,0.109,0.11,0.0604,0.078,0.0542,0.0546,0.0548,125.44,4,"<2.2e-16",0.095,25.463,"<",101.74,4,"<2.2e-16",0.077,23.985,"<",101.74,4,"<2.2e-16",0.077,23.985,"<"
703,"ex703","faces_ex703.lst",3,"Negative binomial","(i)","(i)","(i)",0.138,0.18,0.14,0.138,0.143,0.37,0.486,0.377,0.372,0.384,0.185,0.243,0.188,0.186,0.192,49.806,4,"=3.964e-10",0.038,34.007,"<",58.126,4,"=7.18e-12",0.044,34.137,"<",58.126,4,"=7.18e-12",0.044,34.137,"<"
704,"ex704","faces_ex704.lst",3,"Negative binomial","(v)","(v)","(v)",0.0998,0.1382,0.1,0.1002,0.0986,0.27,0.37,0.268,0.269,0.266,0.135,0.185,0.134,0.135,0.133,110.21,4,"<2.2e-16",0.083,66.809,"<",100.37,4,"<2.2e-16",0.076,64.779,"<",100.37,4,"<2.2e-16",0.076,64.779,"<"
705,"ex705","faces_ex705.lst",3,"Negative binomial","(iii)","(iii)","(iii)",0.076,0.102,0.0746,0.0749,0.0783,0.206,0.275,0.2,0.202,0.213,0.103,0.137,0.1,0.101,0.106,70.606,4,"=1.691e-14",0.053,45.497,"<",69.404,4,"=3.033e-14",0.053,44.319,"<",69.404,4,"=3.033e-14",0.053,44.319,"<"
706,"ex706","faces_ex706.lst",3,"Negative binomial","(iv)","(iv)","(iv)",0.141,0.181,0.14,0.137,0.14,0.377,0.486,0.375,0.368,0.376,0.189,0.243,0.188,0.184,0.188,31.292,4,"=2.669e-06",0.024,33.087,"<",31.404,4,"=2.533e-06",0.024,32.939,"<",31.404,4,"=2.533e-06",0.024,32.939,"<"
707,"ex707","faces_ex707.lst",3,"Negative binomial","(v)","(v)","(v)",0.0992,0.1304,0.1023,0.1003,0.0977,0.267,0.349,0.274,0.269,0.262,0.133,0.175,0.137,0.134,0.131,63.457,4,"=5.438e-13",0.048,38.498,"<",52.686,4,"=9.913e-11",0.04,37.685,"<",52.686,4,"=9.913e-11",0.04,37.685,"<"
708,"ex708","faces_ex708.lst",3,"Negative binomial","(iii)","(iii)","(iii)",0.0749,0.107,0.0736,0.0753,0.0792,0.202,0.287,0.198,0.202,0.215,0.1011,0.1435,0.0991,0.1012,0.1074,105.88,4,"<2.2e-16",0.08,42.099,"<",107.97,4,"<2.2e-16",0.082,40.672,"<",107.97,4,"<2.2e-16",0.082,40.672,"<"
709,"ex709","faces_ex709.lst",3,"Negative binomial","(v)","(v)","(v)",0.145,0.186,0.145,0.144,0.142,0.389,0.499,0.39,0.386,0.382,0.195,0.249,0.195,0.193,0.191,19.023,4,"=0.0007778",0.014,31.413,"<",20.4,4,"=0.0004163",0.015,31.473,"<",20.4,4,"=0.0004163",0.015,31.473,"<"
710,"ex710","faces_ex710.lst",3,"Negative binomial","(v)","(v)","(v)",0.1011,0.1376,0.1052,0.1027,0.0999,0.272,0.37,0.282,0.276,0.269,0.136,0.185,0.141,0.138,0.134,89.629,4,"<2.2e-16",0.068,43.367,"<",90.863,4,"<2.2e-16",0.069,43.191,"<",90.863,4,"<2.2e-16",0.069,43.191,"<"
711,"ex711","faces_ex711.lst",3,"Negative binomial","(iv)","(iv)","(iv)",0.0766,0.1085,0.0776,0.076,0.0825,0.207,0.291,0.209,0.205,0.223,0.103,0.146,0.104,0.102,0.112,103.4,4,"<2.2e-16",0.078,48.069,"<",104.26,4,"<2.2e-16",0.079,45.164,"<",104.26,4,"<2.2e-16",0.079,45.164,"<"
712,"ex712","faces_ex712.lst",3,"Negative binomial","(i)","(i)","(i)",0.137,0.173,0.14,0.138,0.137,0.367,0.462,0.376,0.37,0.367,0.183,0.231,0.188,0.185,0.184,23.978,4,"=8.068e-05",0.018,32.944,"<",25.525,4,"=3.945e-05",0.019,31.538,"<",25.525,4,"=3.945e-05",0.019,31.538,"<"
713,"ex713","faces_ex713.lst",3,"Negative binomial","(i)","(i)","(i)",0.0966,0.1358,0.1018,0.1007,0.0984,0.26,0.367,0.273,0.271,0.265,0.13,0.183,0.137,0.135,0.132,103.2,4,"<2.2e-16",0.078,45.48,"<",102.96,4,"<2.2e-16",0.078,46.445,"<",102.96,4,"<2.2e-16",0.078,46.445,"<"
714,"ex714","faces_ex714.lst",3,"Negative binomial","(i)","(i)","(i)",0.0719,0.105,0.0726,0.0734,0.0744,0.194,0.282,0.194,0.197,0.202,0.0972,0.141,0.0972,0.0985,0.1008,111.48,4,"<2.2e-16",0.084,61.913,"<",107.47,4,"<2.2e-16",0.081,58.516,"<",107.47,4,"<2.2e-16",0.081,58.516,"<"
715,"ex715","faces_ex715.lst",3,"Negative binomial","(iv)","(iv)","(iv)",0.132,0.179,0.131,0.13,0.131,0.354,0.48,0.35,0.347,0.352,0.177,0.24,0.175,0.173,0.176,32.225,4,"=1.72e-06",0.024,39.077,"<",32.407,4,"=1.579e-06",0.025,39.068,"<",32.407,4,"=1.579e-06",0.025,39.068,"<"
716,"ex716","faces_ex716.lst",3,"Negative binomial","(v)","(v)","(v)",0.0927,0.1275,0.0965,0.0951,0.0922,0.25,0.342,0.259,0.256,0.248,0.125,0.171,0.129,0.128,0.124,78.429,4,"=3.747e-16",0.059,50.714,"<",66.201,4,"=1.437e-13",0.05,48.401,"<",66.201,4,"=1.437e-13",0.05,48.401,"<"
717,"ex717","faces_ex717.lst",3,"Negative binomial","(iii)","(iii)","(iii)",0.0736,0.108,0.0722,0.0745,0.0797,0.2,0.291,0.195,0.202,0.217,0.1,0.1457,0.0975,0.1008,0.1085,114.2,4,"<2.2e-16",0.087,45.463,"<",120.79,4,"<2.2e-16",0.092,43.122,"<",120.79,4,"<2.2e-16",0.092,43.122,"<"
718,"ex718","faces_ex718.lst",3,"Negative binomial","(i)","(i)","(i)",0.13,0.185,0.133,0.132,0.131,0.348,0.496,0.359,0.357,0.352,0.174,0.248,0.179,0.178,0.176,46.902,4,"=1.598e-09",0.036,53.079,"<",46.182,4,"=2.257e-09",0.035,51.54,"<",46.182,4,"=2.257e-09",0.035,51.54,"<"
719,"ex719","faces_ex719.lst",3,"Negative binomial","(i)","(i)","(i)",0.103,0.142,0.107,0.107,0.103,0.276,0.381,0.288,0.287,0.277,0.138,0.191,0.144,0.143,0.138,113.15,4,"<2.2e-16",0.086,61.021,"<",117.46,4,"<2.2e-16",0.089,61.431,"<",117.46,4,"<2.2e-16",0.089,61.431,"<"
720,"ex720","faces_ex720.lst",3,"Negative binomial","(iii)","(iii)","(iii)",0.0776,0.104,0.0763,0.0781,0.079,0.21,0.279,0.205,0.211,0.214,0.105,0.14,0.103,0.105,0.107,87.699,4,"<2.2e-16",0.066,54.108,"<",76.046,4,"=1.197e-15",0.058,51.656,"<",76.046,4,"=1.197e-15",0.058,51.656,"<"
721,"ex721","faces_ex721.lst",3,"Negative binomial","(iv)","(iv)","(iv)",0.134,0.18,0.133,0.132,0.132,0.361,0.482,0.356,0.354,0.355,0.18,0.241,0.178,0.177,0.177,70.611,4,"=1.687e-14",0.053,45.255,"<",61.455,4,"=1.435e-12",0.047,45.081,"<",61.455,4,"=1.435e-12",0.047,45.081,"<"
722,"ex722","faces_ex722.lst",3,"Negative binomial","(v)","(v)","(iii)",0.0966,0.1298,0.0947,0.095,0.0945,0.26,0.35,0.255,0.255,0.254,0.13,0.175,0.127,0.128,0.127,47.85,4,"=1.014e-09",0.036,51.965,"<",50.97,4,"=2.265e-10",0.039,52.46,"<",50.97,4,"=2.265e-10",0.039,52.46,"<"
723,"ex723","faces_ex723.lst",3,"Negative binomial","(iii)","(iii)","(iii)",0.0719,0.0982,0.0712,0.0724,0.0794,0.195,0.265,0.191,0.195,0.215,0.0973,0.1325,0.0956,0.0973,0.1076,104.24,4,"<2.2e-16",0.079,31.198,"<",104.98,4,"<2.2e-16",0.08,31.632,"<",104.98,4,"<2.2e-16",0.08,31.632,"<"
724,"ex724","faces_ex724.lst",3,"Negative binomial","(i)","(i)","(i)",0.133,0.174,0.134,0.133,0.134,0.355,0.467,0.36,0.36,0.359,0.178,0.234,0.18,0.18,0.179,32.284,4,"=1.674e-06",0.024,34.02,"<",31.922,4,"=1.984e-06",0.024,34.383,"<",31.922,4,"=1.984e-06",0.024,34.383,"<"
725,"ex725","faces_ex725.lst",3,"Negative binomial","(v)","(v)","(v)",0.0995,0.142,0.0997,0.0998,0.0956,0.269,0.383,0.267,0.268,0.258,0.134,0.191,0.134,0.134,0.129,136.89,4,"<2.2e-16",0.104,62.307,"<",131.44,4,"<2.2e-16",0.1,60.542,"<",131.44,4,"<2.2e-16",0.1,60.542,"<"
726,"ex726","faces_ex726.lst",3,"Negative binomial","(iii)","(iii)","(iii)",0.0717,0.1091,0.0704,0.0719,0.0728,0.195,0.293,0.189,0.194,0.198,0.0974,0.1463,0.0945,0.097,0.0988,127.67,4,"<2.2e-16",0.097,69.927,"<",124.91,4,"<2.2e-16",0.095,67.616,"<",124.91,4,"<2.2e-16",0.095,67.616,"<"
727,"ex727","faces_ex727.lst",3,"Negative binomial","(iv)","(iv)","(iv)",0.136,0.181,0.135,0.134,0.135,0.366,0.485,0.362,0.36,0.361,0.183,0.243,0.181,0.18,0.18,56.49,4,"=1.583e-11",0.043,34.38,"<",56.938,4,"=1.275e-11",0.043,35.061,"<",56.938,4,"=1.275e-11",0.043,35.061,"<"
728,"ex728","faces_ex728.lst",3,"Negative binomial","(v)","(iv)","(iv)",0.0979,0.1201,0.0968,0.0956,0.0951,0.263,0.322,0.259,0.256,0.256,0.132,0.161,0.13,0.128,0.128,51.869,4,"=1.469e-10",0.039,23.018,"<",40.579,4,"=3.284e-08",0.031,22.639,"<",40.579,4,"=3.284e-08",0.031,22.639,"<"
729,"ex729","faces_ex729.lst",3,"Negative binomial","(iii)","(iii)","(iii)",0.075,0.1041,0.0729,0.0737,0.0774,0.202,0.28,0.196,0.198,0.209,0.1012,0.1401,0.0979,0.0991,0.1044,57.733,4,"=8.681e-12",0.044,44.809,"<",58.269,4,"=6.7e-12",0.044,43.385,"<",58.269,4,"=6.7e-12",0.044,43.385,"<"
