"example_id","inp_file","design_block","dist_code","factor1","level1_code","factor2","level2_code","factor3","level3_code","factor4","level4_code","factor5","level5_code","K","G","h","theta_true","theta_CV","Nmin","Nmax","nsims","random.seed","od_mult","sigma","mean_nsamp","ln_sd","nb_size","N_range_label","p_lbound","p_ubound"
1,"faces_ex1.inp","Poisson",1,"mean_nsamp",-1,"sigma",-1,"theta_true",-1,"theta_CV",-1,"G",-1,3,2,0.1,0.5,0,50,100,5,1078526260,1,0.25,25,1,25,,"0.0, 0.0, 0.0","1.0, 1.0, 1.0"
2,"faces_ex2.inp","Poisson",1,"mean_nsamp",-1,"sigma",-1,"theta_true",-1,"theta_CV",-1,"G",0,3,4,0.1,0.5,0,50,100,5,1078526260,1,0.25,25,1,25,,"0.0, 0.0, 0.0","1.0, 1.0, 1.0"
3,"faces_ex3.inp","Poisson",1,"mean_nsamp",-1,"sigma",-1,"theta_true",-1,"theta_CV",-1,"G",1,3,8,0.1,0.5,0,50,100,5,1078526260,1,0.25,25,1,25,,"0.0, 0.0, 0.0","1.0, 1.0, 1.0"
4,"faces_ex4.inp","Poisson",1,"mean_nsamp",-1,"sigma",-1,"theta_true",-1,"theta_CV",0,"G",-1,3,2,0.1,0.5,0.2,50,100,5,1078526260,1,0.25,25,1,25,,"0.0, 0.0, 0.0","1.0, 1.0, 1.0"
5,"faces_ex5.inp","Poisson",1,"mean_nsamp",-1,"sigma",-1,"theta_true",-1,"theta_CV",0,"G",0,3,4,0.1,0.5,0.2,50,100,5,1078526260,1,0.25,25,1,25,,"0.0, 0.0, 0.0","1.0, 1.0, 1.0"
6,"faces_ex6.inp","Poisson",1,"mean_nsamp",-1,"sigma",-1,"theta_true",-1,"theta_CV",0,"G",1,3,8,0.1,0.5,0.2,50,100,5,1078526260,1,0.25,25,1,25,,"0.0, 0.0, 0.0","1.0, 1.0, 1.0"
7,"faces_ex7.inp","Poisson",1,"mean_nsamp",-1,"sigma",-1,"theta_true",-1,"theta_CV",1,"G",-1,3,2,0.1,0.5,0.6,50,100,5,1078526260,1,0.25,25,1,25,,"0.0, 0.0, 0.0","1.0, 1.0, 1.0"
8,"faces_ex8.inp","Poisson",1,"mean_nsamp",-1,"sigma",-1,"theta_true",-1,"theta_CV",1,"G",0,3,4,0.1,0.5,0.6,50,100,5,1078526260,1,0.25,25,1,25,,"0.0, 0.0, 0.0","1.0, 1.0, 1.0"
9,"faces_ex9.inp","Poisson",1,"mean_nsamp",-1,"sigma",-1,"theta_true",-1,"theta_CV",1,"G",1,3,8,0.1,0.5,0.6,50,100,5,1078526260,1,0.25,25,1,25,,"0.0, 0.0, 0.0","1.0, 1.0, 1.0"
10,"faces_ex10.inp","Poisson",1,"mean_nsamp",-1,"sigma",-1,"theta_true",0,"theta_CV",-1,"G",-1,3,2,0.1,1,0,50,100,5,1078526260,1,0.25,25,1,25,,"0.0, 0.0, 0.0","1.0, 1.0, 1.0"
11,"faces_ex11.inp","Poisson",1,"mean_nsamp",-1,"sigma",-1,"theta_true",0,"theta_CV",-1,"G",0,3,4,0.1,1,0,50,100,5,1078526260,1,0.25,25,1,25,,"0.0, 0.0, 0.0","1.0, 1.0, 1.0"
12,"faces_ex12.inp","Poisson",1,"mean_nsamp",-1,"sigma",-1,"theta_true",0,"theta_CV",-1,"G",1,3,8,0.1,1,0,50,100,5,1078526260,1,0.25,25,1,25,,"0.0, 0.0, 0.0","1.0, 1.0, 1.0"
13,"faces_ex13.inp","Poisson",1,"mean_nsamp",-1,"sigma",-1,"theta_true",0,"theta_CV",0,"G",-1,3,2,0.1,1,0.2,50,100,5,1078526260,1,0.25,25,1,25,,"0.0, 0.0, 0.0","1.0, 1.0, 1.0"
14,"faces_ex14.inp","Poisson",1,"mean_nsamp",-1,"sigma",-1,"theta_true",0,"theta_CV",0,"G",0,3,4,0.1,1,0.2,50,100,5,1078526260,1,0.25,25,1,25,,"0.0, 0.0, 0.0","1.0, 1.0, 1.0"
15,"faces_ex15.inp","Poisson",1,"mean_nsamp",-1,"sigma",-1,"theta_true",0,"theta_CV",0,"G",1,3,8,0.1,1,0.2,50,100,5,1078526260,1,0.25,25,1,25,,"0.0, 0.0, 0.0","1.0, 1.0, 1.0"
16,"faces_ex16.inp","Poisson",1,"mean_nsamp",-1,"sigma",-1,"theta_true",0,"theta_CV",1,"G",-1,3,2,0.1,1,0.6,50,100,5,1078526260,1,0.25,25,1,25,,"0.0, 0.0, 0.0","1.0, 1.0, 1.0"
17,"faces_ex17.inp","Poisson",1,"mean_nsamp",-1,"sigma",-1,"theta_true",0,"theta_CV",1,"G",0,3,4,0.1,1,0.6,50,100,5,1078526260,1,0.25,25,1,25,,"0.0, 0.0, 0.0","1.0, 1.0, 1.0"
18,"faces_ex18.inp","Poisson",1,"mean_nsamp",-1,"sigma",-1,"theta_true",0,"theta_CV",1,"G",1,3,8,0.1,1,0.6,50,100,5,1078526260,1,0.25,25,1,25,,"0.0, 0.0, 0.0","1.0, 1.0, 1.0"
19,"faces_ex19.inp","Poisson",1,"mean_nsamp",-1,"sigma",-1,"theta_true",1,"theta_CV",-1,"G",-1,3,2,0.1,2,0,50,100,5,1078526260,1,0.25,25,1,25,,"0.0, 0.0, 0.0","1.0, 1.0, 1.0"
20,"faces_ex20.inp","Poisson",1,"mean_nsamp",-1,"sigma",-1,"theta_true",1,"theta_CV",-1,"G",0,3,4,0.1,2,0,50,100,5,1078526260,1,0.25,25,1,25,,"0.0, 0.0, 0.0","1.0, 1.0, 1.0"
21,"faces_ex21.inp","Poisson",1,"mean_nsamp",-1,"sigma",-1,"theta_true",1,"theta_CV",-1,"G",1,3,8,0.1,2,0,50,100,5,1078526260,1,0.25,25,1,25,,"0.0, 0.0, 0.0","1.0, 1.0, 1.0"
22,"faces_ex22.inp","Poisson",1,"mean_nsamp",-1,"sigma",-1,"theta_true",1,"theta_CV",0,"G",-1,3,2,0.1,2,0.2,50,100,5,1078526260,1,0.25,25,1,25,,"0.0, 0.0, 0.0","1.0, 1.0, 1.0"
23,"faces_ex23.inp","Poisson",1,"mean_nsamp",-1,"sigma",-1,"theta_true",1,"theta_CV",0,"G",0,3,4,0.1,2,0.2,50,100,5,1078526260,1,0.25,25,1,25,,"0.0, 0.0, 0.0","1.0, 1.0, 1.0"
24,"faces_ex24.inp","Poisson",1,"mean_nsamp",-1,"sigma",-1,"theta_true",1,"theta_CV",0,"G",1,3,8,0.1,2,0.2,50,100,5,1078526260,1,0.25,25,1,25,,"0.0, 0.0, 0.0","1.0, 1.0, 1.0"
25,"faces_ex25.inp","Poisson",1,"mean_nsamp",-1,"sigma",-1,"theta_true",1,"theta_CV",1,"G",-1,3,2,0.1,2,0.6,50,100,5,1078526260,1,0.25,25,1,25,,"0.0, 0.0, 0.0","1.0, 1.0, 1.0"
26,"faces_ex26.inp","Poisson",1,"mean_nsamp",-1,"sigma",-1,"theta_true",1,"theta_CV",1,"G",0,3,4,0.1,2,0.6,50,100,5,1078526260,1,0.25,25,1,25,,"0.0, 0.0, 0.0","1.0, 1.0, 1.0"
27,"faces_ex27.inp","Poisson",1,"mean_nsamp",-1,"sigma",-1,"theta_true",1,"theta_CV",1,"G",1,3,8,0.1,2,0.6,50,100,5,1078526260,1,0.25,25,1,25,,"0.0, 0.0, 0.0","1.0, 1.0, 1.0"
28,"faces_ex28.inp","Poisson",1,"mean_nsamp",-1,"sigma",0,"theta_true",-1,"theta_CV",-1,"G",-1,3,2,0.1,0.5,0,50,100,5,1078526260,1,0.5,25,1,25,,"0.0, 0.0, 0.0","1.0, 1.0, 1.0"
29,"faces_ex29.inp","Poisson",1,"mean_nsamp",-1,"sigma",0,"theta_true",-1,"theta_CV",-1,"G",0,3,4,0.1,0.5,0,50,100,5,1078526260,1,0.5,25,1,25,,"0.0, 0.0, 0.0","1.0, 1.0, 1.0"
30,"faces_ex30.inp","Poisson",1,"mean_nsamp",-1,"sigma",0,"theta_true",-1,"theta_CV",-1,"G",1,3,8,0.1,0.5,0,50,100,5,1078526260,1,0.5,25,1,25,,"0.0, 0.0, 0.0","1.0, 1.0, 1.0"
31,"faces_ex31.inp","Poisson",1,"mean_nsamp",-1,"sigma",0,"theta_true",-1,"theta_CV",0,"G",-1,3,2,0.1,0.5,0.2,50,100,5,1078526260,1,0.5,25,1,25,,"0.0, 0.0, 0.0","1.0, 1.0, 1.0"
32,"faces_ex32.inp","Poisson",1,"mean_nsamp",-1,"sigma",0,"theta_true",-1,"theta_CV",0,"G",0,3,4,0.1,0.5,0.2,50,100,5,1078526260,1,0.5,25,1,25,,"0.0, 0.0, 0.0","1.0, 1.0, 1.0"
33,"faces_ex33.inp","Poisson",1,"mean_nsamp",-1,"sigma",0,"theta_true",-1,"theta_CV",0,"G",1,3,8,0.1,0.5,0.2,50,100,5,1078526260,1,0.5,25,1,25,,"0.0, 0.0, 0.0","1.0, 1.0, 1.0"
34,"faces_ex34.inp","Poisson",1,"mean_nsamp",-1,"sigma",0,"theta_true",-1,"theta_CV",1,"G",-1,3,2,0.1,0.5,0.6,50,100,5,1078526260,1,0.5,25,1,25,,"0.0, 0.0, 0.0","1.0, 1.0, 1.0"
35,"faces_ex35.inp","Poisson",1,"mean_nsamp",-1,"sigma",0,"theta_true",-1,"theta_CV",1,"G",0,3,4,0.1,0.5,0.6,50,100,5,1078526260,1,0.5,25,1,25,,"0.0, 0.0, 0.0","1.0, 1.0, 1.0"
36,"faces_ex36.inp","Poisson",1,"mean_nsamp",-1,"sigma",0,"theta_true",-1,"theta_CV",1,"G",1,3,8,0.1,0.5,0.6,50,100,5,1078526260,1,0.5,25,1,25,,"0.0, 0.0, 0.0","1.0, 1.0, 1.0"
37,"faces_ex37.inp","Poisson",1,"mean_nsamp",-1,"sigma",0,"theta_true",0,"theta_CV",-1,"G",-1,3,2,0.1,1,0,50,100,5,1078526260,1,0.5,25,1,25,,"0.0, 0.0, 0.0","1.0, 1.0, 1.0"
38,"faces_ex38.inp","Poisson",1,"mean_nsamp",-1,"sigma",0,"theta_true",0,"theta_CV",-1,"G",0,3,4,0.1,1,0,50,100,5,1078526260,1,0.5,25,1,25,,"0.0, 0.0, 0.0","1.0, 1.0, 1.0"
39,"faces_ex39.inp","Poisson",1,"mean_nsamp",-1,"sigma",0,"theta_true",0,"theta_CV",-1,"G",1,3,8,0.1,1,0,50,100,5,1078526260,1,0.5,25,1,25,,"0.0, 0.0, 0.0","1.0, 1.0, 1.0"
40,"faces_ex40.inp","Poisson",1,"mean_nsamp",-1,"sigma",0,"theta_true",0,"theta_CV",0,"G",-1,3,2,0.1,1,0.2,50,100,5,1078526260,1,0.5,25,1,25,,"0.0, 0.0, 0.0","1.0, 1.0, 1.0"
41,"faces_ex41.inp","Poisson",1,"mean_nsamp",-1,"sigma",0,"theta_true",0,"theta_CV",0,"G",0,3,4,0.1,1,0.2,50,100,5,1078526260,1,0.5,25,1,25,,"0.0, 0.0, 0.0","1.0, 1.0, 1.0"
42,"faces_ex42.inp","Poisson",1,"mean_nsamp",-1,"sigma",0,"theta_true",0,"theta_CV",0,"G",1,3,8,0.1,1,0.2,50,100,5,1078526260,1,0.5,25,1,25,,"0.0, 0.0, 0.0","1.0, 1.0, 1.0"
43,"faces_ex43.inp","Poisson",1,"mean_nsamp",-1,"sigma",0,"theta_true",0,"theta_CV",1,"G",-1,3,2,0.1,1,0.6,50,100,5,1078526260,1,0.5,25,1,25,,"0.0, 0.0, 0.0","1.0, 1.0, 1.0"
44,"faces_ex44.inp","Poisson",1,"mean_nsamp",-1,"sigma",0,"theta_true",0,"theta_CV",1,"G",0,3,4,0.1,1,0.6,50,100,5,1078526260,1,0.5,25,1,25,,"0.0, 0.0, 0.0","1.0, 1.0, 1.0"
45,"faces_ex45.inp","Poisson",1,"mean_nsamp",-1,"sigma",0,"theta_true",0,"theta_CV",1,"G",1,3,8,0.1,1,0.6,50,100,5,1078526260,1,0.5,25,1,25,,"0.0, 0.0, 0.0","1.0, 1.0, 1.0"
46,"faces_ex46.inp","Poisson",1,"mean_nsamp",-1,"sigma",0,"theta_true",1,"theta_CV",-1,"G",-1,3,2,0.1,2,0,50,100,5,1078526260,1,0.5,25,1,25,,"0.0, 0.0, 0.0","1.0, 1.0, 1.0"
47,"faces_ex47.inp","Poisson",1,"mean_nsamp",-1,"sigma",0,"theta_true",1,"theta_CV",-1,"G",0,3,4,0.1,2,0,50,100,5,1078526260,1,0.5,25,1,25,,"0.0, 0.0, 0.0","1.0, 1.0, 1.0"
48,"faces_ex48.inp","Poisson",1,"mean_nsamp",-1,"sigma",0,"theta_true",1,"theta_CV",-1,"G",1,3,8,0.1,2,0,50,100,5,1078526260,1,0.5,25,1,25,,"0.0, 0.0, 0.0","1.0, 1.0, 1.0"
49,"faces_ex49.inp","Poisson",1,"mean_nsamp",-1,"sigma",0,"theta_true",1,"theta_CV",0,"G",-1,3,2,0.1,2,0.2,50,100,5,1078526260,1,0.5,25,1,25,,"0.0, 0.0, 0.0","1.0, 1.0, 1.0"
50,"faces_ex50.inp","Poisson",1,"mean_nsamp",-1,"sigma",0,"theta_true",1,"theta_CV",0,"G",0,3,4,0.1,2,0.2,50,100,5,1078526260,1,0.5,25,1,25,,"0.0, 0.0, 0.0","1.0, 1.0, 1.0"
51,"faces_ex51.inp","Poisson",1,"mean_nsamp",-1,"sigma",0,"theta_true",1,"theta_CV",0,"G",1,3,8,0.1,2,0.2,50,100,5,1078526260,1,0.5,25,1,25,,"0.0, 0.0, 0.0","1.0, 1.0, 1.0"
52,"faces_ex52.inp","Poisson",1,"mean_nsamp",-1,"sigma",0,"theta_true",1,"theta_CV",1,"G",-1,3,2,0.1,2,0.6,50,100,5,1078526260,1,0.5,25,1,25,,"0.0, 0.0, 0.0","1.0, 1.0, 1.0"
53,"faces_ex53.inp","Poisson",1,"mean_nsamp",-1,"sigma",0,"theta_true",1,"theta_CV",1,"G",0,3,4,0.1,2,0.6,50,100,5,1078526260,1,0.5,25,1,25,,"0.0, 0.0, 0.0","1.0, 1.0, 1.0"
54,"faces_ex54.inp","Poisson",1,"mean_nsamp",-1,"sigma",0,"theta_true",1,"theta_CV",1,"G",1,3,8,0.1,2,0.6,50,100,5,1078526260,1,0.5,25,1,25,,"0.0, 0.0, 0.0","1.0, 1.0, 1.0"
55,"faces_ex55.inp","Poisson",1,"mean_nsamp",-1,"sigma",1,"theta_true",-1,"theta_CV",-1,"G",-1,3,2,0.1,0.5,0,50,100,5,1078526260,1,1,25,1,25,,"0.0, 0.0, 0.0","1.0, 1.0, 1.0"
56,"faces_ex56.inp","Poisson",1,"mean_nsamp",-1,"sigma",1,"theta_true",-1,"theta_CV",-1,"G",0,3,4,0.1,0.5,0,50,100,5,1078526260,1,1,25,1,25,,"0.0, 0.0, 0.0","1.0, 1.0, 1.0"
57,"faces_ex57.inp","Poisson",1,"mean_nsamp",-1,"sigma",1,"theta_true",-1,"theta_CV",-1,"G",1,3,8,0.1,0.5,0,50,100,5,1078526260,1,1,25,1,25,,"0.0, 0.0, 0.0","1.0, 1.0, 1.0"
58,"faces_ex58.inp","Poisson",1,"mean_nsamp",-1,"sigma",1,"theta_true",-1,"theta_CV",0,"G",-1,3,2,0.1,0.5,0.2,50,100,5,1078526260,1,1,25,1,25,,"0.0, 0.0, 0.0","1.0, 1.0, 1.0"
59,"faces_ex59.inp","Poisson",1,"mean_nsamp",-1,"sigma",1,"theta_true",-1,"theta_CV",0,"G",0,3,4,0.1,0.5,0.2,50,100,5,1078526260,1,1,25,1,25,,"0.0, 0.0, 0.0","1.0, 1.0, 1.0"
60,"faces_ex60.inp","Poisson",1,"mean_nsamp",-1,"sigma",1,"theta_true",-1,"theta_CV",0,"G",1,3,8,0.1,0.5,0.2,50,100,5,1078526260,1,1,25,1,25,,"0.0, 0.0, 0.0","1.0, 1.0, 1.0"
61,"faces_ex61.inp","Poisson",1,"mean_nsamp",-1,"sigma",1,"theta_true",-1,"theta_CV",1,"G",-1,3,2,0.1,0.5,0.6,50,100,5,1078526260,1,1,25,1,25,,"0.0, 0.0, 0.0","1.0, 1.0, 1.0"
62,"faces_ex62.inp","Poisson",1,"mean_nsamp",-1,"sigma",1,"theta_true",-1,"theta_CV",1,"G",0,3,4,0.1,0.5,0.6,50,100,5,1078526260,1,1,25,1,25,,"0.0, 0.0, 0.0","1.0, 1.0, 1.0"
63,"faces_ex63.inp","Poisson",1,"mean_nsamp",-1,"sigma",1,"theta_true",-1,"theta_CV",1,"G",1,3,8,0.1,0.5,0.6,50,100,5,1078526260,1,1,25,1,25,,"0.0, 0.0, 0.0","1.0, 1.0, 1.0"
64,"faces_ex64.inp","Poisson",1,"mean_nsamp",-1,"sigma",1,"theta_true",0,"theta_CV",-1,"G",-1,3,2,0.1,1,0,50,100,5,1078526260,1,1,25,1,25,,"0.0, 0.0, 0.0","1.0, 1.0, 1.0"
65,"faces_ex65.inp","Poisson",1,"mean_nsamp",-1,"sigma",1,"theta_true",0,"theta_CV",-1,"G",0,3,4,0.1,1,0,50,100,5,1078526260,1,1,25,1,25,,"0.0, 0.0, 0.0","1.0, 1.0, 1.0"
66,"faces_ex66.inp","Poisson",1,"mean_nsamp",-1,"sigma",1,"theta_true",0,"theta_CV",-1,"G",1,3,8,0.1,1,0,50,100,5,1078526260,1,1,25,1,25,,"0.0, 0.0, 0.0","1.0, 1.0, 1.0"
67,"faces_ex67.inp","Poisson",1,"mean_nsamp",-1,"sigma",1,"theta_true",0,"theta_CV",0,"G",-1,3,2,0.1,1,0.2,50,100,5,1078526260,1,1,25,1,25,,"0.0, 0.0, 0.0","1.0, 1.0, 1.0"
68,"faces_ex68.inp","Poisson",1,"mean_nsamp",-1,"sigma",1,"theta_true",0,"theta_CV",0,"G",0,3,4,0.1,1,0.2,50,100,5,1078526260,1,1,25,1,25,,"0.0, 0.0, 0.0","1.0, 1.0, 1.0"
69,"faces_ex69.inp","Poisson",1,"mean_nsamp",-1,"sigma",1,"theta_true",0,"theta_CV",0,"G",1,3,8,0.1,1,0.2,50,100,5,1078526260,1,1,25,1,25,,"0.0, 0.0, 0.0","1.0, 1.0, 1.0"
70,"faces_ex70.inp","Poisson",1,"mean_nsamp",-1,"sigma",1,"theta_true",0,"theta_CV",1,"G",-1,3,2,0.1,1,0.6,50,100,5,1078526260,1,1,25,1,25,,"0.0, 0.0, 0.0","1.0, 1.0, 1.0"
71,"faces_ex71.inp","Poisson",1,"mean_nsamp",-1,"sigma",1,"theta_true",0,"theta_CV",1,"G",0,3,4,0.1,1,0.6,50,100,5,1078526260,1,1,25,1,25,,"0.0, 0.0, 0.0","1.0, 1.0, 1.0"
72,"faces_ex72.inp","Poisson",1,"mean_nsamp",-1,"sigma",1,"theta_true",0,"theta_CV",1,"G",1,3,8,0.1,1,0.6,50,100,5,1078526260,1,1,25,1,25,,"0.0, 0.0, 0.0","1.0, 1.0, 1.0"
73,"faces_ex73.inp","Poisson",1,"mean_nsamp",-1,"sigma",1,"theta_true",1,"theta_CV",-1,"G",-1,3,2,0.1,2,0,50,100,5,1078526260,1,1,25,1,25,,"0.0, 0.0, 0.0","1.0, 1.0, 1.0"
74,"faces_ex74.inp","Poisson",1,"mean_nsamp",-1,"sigma",1,"theta_true",1,"theta_CV",-1,"G",0,3,4,0.1,2,0,50,100,5,1078526260,1,1,25,1,25,,"0.0, 0.0, 0.0","1.0, 1.0, 1.0"
75,"faces_ex75.inp","Poisson",1,"mean_nsamp",-1,"sigma",1,"theta_true",1,"theta_CV",-1,"G",1,3,8,0.1,2,0,50,100,5,1078526260,1,1,25,1,25,,"0.0, 0.0, 0.0","1.0, 1.0, 1.0"
76,"faces_ex76.inp","Poisson",1,"mean_nsamp",-1,"sigma",1,"theta_true",1,"theta_CV",0,"G",-1,3,2,0.1,2,0.2,50,100,5,1078526260,1,1,25,1,25,,"0.0, 0.0, 0.0","1.0, 1.0, 1.0"
77,"faces_ex77.inp","Poisson",1,"mean_nsamp",-1,"sigma",1,"theta_true",1,"theta_CV",0,"G",0,3,4,0.1,2,0.2,50,100,5,1078526260,1,1,25,1,25,,"0.0, 0.0, 0.0","1.0, 1.0, 1.0"
78,"faces_ex78.inp","Poisson",1,"mean_nsamp",-1,"sigma",1,"theta_true",1,"theta_CV",0,"G",1,3,8,0.1,2,0.2,50,100,5,1078526260,1,1,25,1,25,,"0.0, 0.0, 0.0","1.0, 1.0, 1.0"
79,"faces_ex79.inp","Poisson",1,"mean_nsamp",-1,"sigma",1,"theta_true",1,"theta_CV",1,"G",-1,3,2,0.1,2,0.6,50,100,5,1078526260,1,1,25,1,25,,"0.0, 0.0, 0.0","1.0, 1.0, 1.0"
80,"faces_ex80.inp","Poisson",1,"mean_nsamp",-1,"sigma",1,"theta_true",1,"theta_CV",1,"G",0,3,4,0.1,2,0.6,50,100,5,1078526260,1,1,25,1,25,,"0.0, 0.0, 0.0","1.0, 1.0, 1.0"
81,"faces_ex81.inp","Poisson",1,"mean_nsamp",-1,"sigma",1,"theta_true",1,"theta_CV",1,"G",1,3,8,0.1,2,0.6,50,100,5,1078526260,1,1,25,1,25,,"0.0, 0.0, 0.0","1.0, 1.0, 1.0"
82,"faces_ex82.inp","Poisson",1,"mean_nsamp",0,"sigma",-1,"theta_true",-1,"theta_CV",-1,"G",-1,3,2,0.1,0.5,0,50,100,5,1078526260,1,0.25,50,1,25,,"0.0, 0.0, 0.0","1.0, 1.0, 1.0"
83,"faces_ex83.inp","Poisson",1,"mean_nsamp",0,"sigma",-1,"theta_true",-1,"theta_CV",-1,"G",0,3,4,0.1,0.5,0,50,100,5,1078526260,1,0.25,50,1,25,,"0.0, 0.0, 0.0","1.0, 1.0, 1.0"
84,"faces_ex84.inp","Poisson",1,"mean_nsamp",0,"sigma",-1,"theta_true",-1,"theta_CV",-1,"G",1,3,8,0.1,0.5,0,50,100,5,1078526260,1,0.25,50,1,25,,"0.0, 0.0, 0.0","1.0, 1.0, 1.0"
85,"faces_ex85.inp","Poisson",1,"mean_nsamp",0,"sigma",-1,"theta_true",-1,"theta_CV",0,"G",-1,3,2,0.1,0.5,0.2,50,100,5,1078526260,1,0.25,50,1,25,,"0.0, 0.0, 0.0","1.0, 1.0, 1.0"
86,"faces_ex86.inp","Poisson",1,"mean_nsamp",0,"sigma",-1,"theta_true",-1,"theta_CV",0,"G",0,3,4,0.1,0.5,0.2,50,100,5,1078526260,1,0.25,50,1,25,,"0.0, 0.0, 0.0","1.0, 1.0, 1.0"
87,"faces_ex87.inp","Poisson",1,"mean_nsamp",0,"sigma",-1,"theta_true",-1,"theta_CV",0,"G",1,3,8,0.1,0.5,0.2,50,100,5,1078526260,1,0.25,50,1,25,,"0.0, 0.0, 0.0","1.0, 1.0, 1.0"
88,"faces_ex88.inp","Poisson",1,"mean_nsamp",0,"sigma",-1,"theta_true",-1,"theta_CV",1,"G",-1,3,2,0.1,0.5,0.6,50,100,5,1078526260,1,0.25,50,1,25,,"0.0, 0.0, 0.0","1.0, 1.0, 1.0"
89,"faces_ex89.inp","Poisson",1,"mean_nsamp",0,"sigma",-1,"theta_true",-1,"theta_CV",1,"G",0,3,4,0.1,0.5,0.6,50,100,5,1078526260,1,0.25,50,1,25,,"0.0, 0.0, 0.0","1.0, 1.0, 1.0"
90,"faces_ex90.inp","Poisson",1,"mean_nsamp",0,"sigma",-1,"theta_true",-1,"theta_CV",1,"G",1,3,8,0.1,0.5,0.6,50,100,5,1078526260,1,0.25,50,1,25,,"0.0, 0.0, 0.0","1.0, 1.0, 1.0"
91,"faces_ex91.inp","Poisson",1,"mean_nsamp",0,"sigma",-1,"theta_true",0,"theta_CV",-1,"G",-1,3,2,0.1,1,0,50,100,5,1078526260,1,0.25,50,1,25,,"0.0, 0.0, 0.0","1.0, 1.0, 1.0"
92,"faces_ex92.inp","Poisson",1,"mean_nsamp",0,"sigma",-1,"theta_true",0,"theta_CV",-1,"G",0,3,4,0.1,1,0,50,100,5,1078526260,1,0.25,50,1,25,,"0.0, 0.0, 0.0","1.0, 1.0, 1.0"
93,"faces_ex93.inp","Poisson",1,"mean_nsamp",0,"sigma",-1,"theta_true",0,"theta_CV",-1,"G",1,3,8,0.1,1,0,50,100,5,1078526260,1,0.25,50,1,25,,"0.0, 0.0, 0.0","1.0, 1.0, 1.0"
94,"faces_ex94.inp","Poisson",1,"mean_nsamp",0,"sigma",-1,"theta_true",0,"theta_CV",0,"G",-1,3,2,0.1,1,0.2,50,100,5,1078526260,1,0.25,50,1,25,,"0.0, 0.0, 0.0","1.0, 1.0, 1.0"
95,"faces_ex95.inp","Poisson",1,"mean_nsamp",0,"sigma",-1,"theta_true",0,"theta_CV",0,"G",0,3,4,0.1,1,0.2,50,100,5,1078526260,1,0.25,50,1,25,,"0.0, 0.0, 0.0","1.0, 1.0, 1.0"
96,"faces_ex96.inp","Poisson",1,"mean_nsamp",0,"sigma",-1,"theta_true",0,"theta_CV",0,"G",1,3,8,0.1,1,0.2,50,100,5,1078526260,1,0.25,50,1,25,,"0.0, 0.0, 0.0","1.0, 1.0, 1.0"
97,"faces_ex97.inp","Poisson",1,"mean_nsamp",0,"sigma",-1,"theta_true",0,"theta_CV",1,"G",-1,3,2,0.1,1,0.6,50,100,5,1078526260,1,0.25,50,1,25,,"0.0, 0.0, 0.0","1.0, 1.0, 1.0"
98,"faces_ex98.inp","Poisson",1,"mean_nsamp",0,"sigma",-1,"theta_true",0,"theta_CV",1,"G",0,3,4,0.1,1,0.6,50,100,5,1078526260,1,0.25,50,1,25,,"0.0, 0.0, 0.0","1.0, 1.0, 1.0"
99,"faces_ex99.inp","Poisson",1,"mean_nsamp",0,"sigma",-1,"theta_true",0,"theta_CV",1,"G",1,3,8,0.1,1,0.6,50,100,5,1078526260,1,0.25,50,1,25,,"0.0, 0.0, 0.0","1.0, 1.0, 1.0"
100,"faces_ex100.inp","Poisson",1,"mean_nsamp",0,"sigma",-1,"theta_true",1,"theta_CV",-1,"G",-1,3,2,0.1,2,0,50,100,5,1078526260,1,0.25,50,1,25,,"0.0, 0.0, 0.0","1.0, 1.0, 1.0"
101,"faces_ex101.inp","Poisson",1,"mean_nsamp",0,"sigma",-1,"theta_true",1,"theta_CV",-1,"G",0,3,4,0.1,2,0,50,100,5,1078526260,1,0.25,50,1,25,,"0.0, 0.0, 0.0","1.0, 1.0, 1.0"
102,"faces_ex102.inp","Poisson",1,"mean_nsamp",0,"sigma",-1,"theta_true",1,"theta_CV",-1,"G",1,3,8,0.1,2,0,50,100,5,1078526260,1,0.25,50,1,25,,"0.0, 0.0, 0.0","1.0, 1.0, 1.0"
103,"faces_ex103.inp","Poisson",1,"mean_nsamp",0,"sigma",-1,"theta_true",1,"theta_CV",0,"G",-1,3,2,0.1,2,0.2,50,100,5,1078526260,1,0.25,50,1,25,,"0.0, 0.0, 0.0","1.0, 1.0, 1.0"
104,"faces_ex104.inp","Poisson",1,"mean_nsamp",0,"sigma",-1,"theta_true",1,"theta_CV",0,"G",0,3,4,0.1,2,0.2,50,100,5,1078526260,1,0.25,50,1,25,,"0.0, 0.0, 0.0","1.0, 1.0, 1.0"
105,"faces_ex105.inp","Poisson",1,"mean_nsamp",0,"sigma",-1,"theta_true",1,"theta_CV",0,"G",1,3,8,0.1,2,0.2,50,100,5,1078526260,1,0.25,50,1,25,,"0.0, 0.0, 0.0","1.0, 1.0, 1.0"
106,"faces_ex106.inp","Poisson",1,"mean_nsamp",0,"sigma",-1,"theta_true",1,"theta_CV",1,"G",-1,3,2,0.1,2,0.6,50,100,5,1078526260,1,0.25,50,1,25,,"0.0, 0.0, 0.0","1.0, 1.0, 1.0"
107,"faces_ex107.inp","Poisson",1,"mean_nsamp",0,"sigma",-1,"theta_true",1,"theta_CV",1,"G",0,3,4,0.1,2,0.6,50,100,5,1078526260,1,0.25,50,1,25,,"0.0, 0.0, 0.0","1.0, 1.0, 1.0"
108,"faces_ex108.inp","Poisson",1,"mean_nsamp",0,"sigma",-1,"theta_true",1,"theta_CV",1,"G",1,3,8,0.1,2,0.6,50,100,5,1078526260,1,0.25,50,1,25,,"0.0, 0.0, 0.0","1.0, 1.0, 1.0"
109,"faces_ex109.inp","Poisson",1,"mean_nsamp",0,"sigma",0,"theta_true",-1,"theta_CV",-1,"G",-1,3,2,0.1,0.5,0,50,100,5,1078526260,1,0.5,50,1,25,,"0.0, 0.0, 0.0","1.0, 1.0, 1.0"
110,"faces_ex110.inp","Poisson",1,"mean_nsamp",0,"sigma",0,"theta_true",-1,"theta_CV",-1,"G",0,3,4,0.1,0.5,0,50,100,5,1078526260,1,0.5,50,1,25,,"0.0, 0.0, 0.0","1.0, 1.0, 1.0"
111,"faces_ex111.inp","Poisson",1,"mean_nsamp",0,"sigma",0,"theta_true",-1,"theta_CV",-1,"G",1,3,8,0.1,0.5,0,50,100,5,1078526260,1,0.5,50,1,25,,"0.0, 0.0, 0.0","1.0, 1.0, 1.0"
112,"faces_ex112.inp","Poisson",1,"mean_nsamp",0,"sigma",0,"theta_true",-1,"theta_CV",0,"G",-1,3,2,0.1,0.5,0.2,50,100,5,1078526260,1,0.5,50,1,25,,"0.0, 0.0, 0.0","1.0, 1.0, 1.0"
113,"faces_ex113.inp","Poisson",1,"mean_nsamp",0,"sigma",0,"theta_true",-1,"theta_CV",0,"G",0,3,4,0.1,0.5,0.2,50,100,5,1078526260,1,0.5,50,1,25,,"0.0, 0.0, 0.0","1.0, 1.0, 1.0"
114,"faces_ex114.inp","Poisson",1,"mean_nsamp",0,"sigma",0,"theta_true",-1,"theta_CV",0,"G",1,3,8,0.1,0.5,0.2,50,100,5,1078526260,1,0.5,50,1,25,,"0.0, 0.0, 0.0","1.0, 1.0, 1.0"
115,"faces_ex115.inp","Poisson",1,"mean_nsamp",0,"sigma",0,"theta_true",-1,"theta_CV",1,"G",-1,3,2,0.1,0.5,0.6,50,100,5,1078526260,1,0.5,50,1,25,,"0.0, 0.0, 0.0","1.0, 1.0, 1.0"
116,"faces_ex116.inp","Poisson",1,"mean_nsamp",0,"sigma",0,"theta_true",-1,"theta_CV",1,"G",0,3,4,0.1,0.5,0.6,50,100,5,1078526260,1,0.5,50,1,25,,"0.0, 0.0, 0.0","1.0, 1.0, 1.0"
117,"faces_ex117.inp","Poisson",1,"mean_nsamp",0,"sigma",0,"theta_true",-1,"theta_CV",1,"G",1,3,8,0.1,0.5,0.6,50,100,5,1078526260,1,0.5,50,1,25,,"0.0, 0.0, 0.0","1.0, 1.0, 1.0"
118,"faces_ex118.inp","Poisson",1,"mean_nsamp",0,"sigma",0,"theta_true",0,"theta_CV",-1,"G",-1,3,2,0.1,1,0,50,100,5,1078526260,1,0.5,50,1,25,,"0.0, 0.0, 0.0","1.0, 1.0, 1.0"
119,"faces_ex119.inp","Poisson",1,"mean_nsamp",0,"sigma",0,"theta_true",0,"theta_CV",-1,"G",0,3,4,0.1,1,0,50,100,5,1078526260,1,0.5,50,1,25,,"0.0, 0.0, 0.0","1.0, 1.0, 1.0"
120,"faces_ex120.inp","Poisson",1,"mean_nsamp",0,"sigma",0,"theta_true",0,"theta_CV",-1,"G",1,3,8,0.1,1,0,50,100,5,1078526260,1,0.5,50,1,25,,"0.0, 0.0, 0.0","1.0, 1.0, 1.0"
121,"faces_ex121.inp","Poisson",1,"mean_nsamp",0,"sigma",0,"theta_true",0,"theta_CV",0,"G",-1,3,2,0.1,1,0.2,50,100,5,1078526260,1,0.5,50,1,25,,"0.0, 0.0, 0.0","1.0, 1.0, 1.0"
122,"faces_ex122.inp","Poisson",1,"mean_nsamp",0,"sigma",0,"theta_true",0,"theta_CV",0,"G",0,3,4,0.1,1,0.2,50,100,5,1078526260,1,0.5,50,1,25,,"0.0, 0.0, 0.0","1.0, 1.0, 1.0"
123,"faces_ex123.inp","Poisson",1,"mean_nsamp",0,"sigma",0,"theta_true",0,"theta_CV",0,"G",1,3,8,0.1,1,0.2,50,100,5,1078526260,1,0.5,50,1,25,,"0.0, 0.0, 0.0","1.0, 1.0, 1.0"
124,"faces_ex124.inp","Poisson",1,"mean_nsamp",0,"sigma",0,"theta_true",0,"theta_CV",1,"G",-1,3,2,0.1,1,0.6,50,100,5,1078526260,1,0.5,50,1,25,,"0.0, 0.0, 0.0","1.0, 1.0, 1.0"
125,"faces_ex125.inp","Poisson",1,"mean_nsamp",0,"sigma",0,"theta_true",0,"theta_CV",1,"G",0,3,4,0.1,1,0.6,50,100,5,1078526260,1,0.5,50,1,25,,"0.0, 0.0, 0.0","1.0, 1.0, 1.0"
126,"faces_ex126.inp","Poisson",1,"mean_nsamp",0,"sigma",0,"theta_true",0,"theta_CV",1,"G",1,3,8,0.1,1,0.6,50,100,5,1078526260,1,0.5,50,1,25,,"0.0, 0.0, 0.0","1.0, 1.0, 1.0"
127,"faces_ex127.inp","Poisson",1,"mean_nsamp",0,"sigma",0,"theta_true",1,"theta_CV",-1,"G",-1,3,2,0.1,2,0,50,100,5,1078526260,1,0.5,50,1,25,,"0.0, 0.0, 0.0","1.0, 1.0, 1.0"
128,"faces_ex128.inp","Poisson",1,"mean_nsamp",0,"sigma",0,"theta_true",1,"theta_CV",-1,"G",0,3,4,0.1,2,0,50,100,5,1078526260,1,0.5,50,1,25,,"0.0, 0.0, 0.0","1.0, 1.0, 1.0"
129,"faces_ex129.inp","Poisson",1,"mean_nsamp",0,"sigma",0,"theta_true",1,"theta_CV",-1,"G",1,3,8,0.1,2,0,50,100,5,1078526260,1,0.5,50,1,25,,"0.0, 0.0, 0.0","1.0, 1.0, 1.0"
130,"faces_ex130.inp","Poisson",1,"mean_nsamp",0,"sigma",0,"theta_true",1,"theta_CV",0,"G",-1,3,2,0.1,2,0.2,50,100,5,1078526260,1,0.5,50,1,25,,"0.0, 0.0, 0.0","1.0, 1.0, 1.0"
131,"faces_ex131.inp","Poisson",1,"mean_nsamp",0,"sigma",0,"theta_true",1,"theta_CV",0,"G",0,3,4,0.1,2,0.2,50,100,5,1078526260,1,0.5,50,1,25,,"0.0, 0.0, 0.0","1.0, 1.0, 1.0"
132,"faces_ex132.inp","Poisson",1,"mean_nsamp",0,"sigma",0,"theta_true",1,"theta_CV",0,"G",1,3,8,0.1,2,0.2,50,100,5,1078526260,1,0.5,50,1,25,,"0.0, 0.0, 0.0","1.0, 1.0, 1.0"
133,"faces_ex133.inp","Poisson",1,"mean_nsamp",0,"sigma",0,"theta_true",1,"theta_CV",1,"G",-1,3,2,0.1,2,0.6,50,100,5,1078526260,1,0.5,50,1,25,,"0.0, 0.0, 0.0","1.0, 1.0, 1.0"
134,"faces_ex134.inp","Poisson",1,"mean_nsamp",0,"sigma",0,"theta_true",1,"theta_CV",1,"G",0,3,4,0.1,2,0.6,50,100,5,1078526260,1,0.5,50,1,25,,"0.0, 0.0, 0.0","1.0, 1.0, 1.0"
135,"faces_ex135.inp","Poisson",1,"mean_nsamp",0,"sigma",0,"theta_true",1,"theta_CV",1,"G",1,3,8,0.1,2,0.6,50,100,5,1078526260,1,0.5,50,1,25,,"0.0, 0.0, 0.0","1.0, 1.0, 1.0"
136,"faces_ex136.inp","Poisson",1,"mean_nsamp",0,"sigma",1,"theta_true",-1,"theta_CV",-1,"G",-1,3,2,0.1,0.5,0,50,100,5,1078526260,1,1,50,1,25,,"0.0, 0.0, 0.0","1.0, 1.0, 1.0"
137,"faces_ex137.inp","Poisson",1,"mean_nsamp",0,"sigma",1,"theta_true",-1,"theta_CV",-1,"G",0,3,4,0.1,0.5,0,50,100,5,1078526260,1,1,50,1,25,,"0.0, 0.0, 0.0","1.0, 1.0, 1.0"
138,"faces_ex138.inp","Poisson",1,"mean_nsamp",0,"sigma",1,"theta_true",-1,"theta_CV",-1,"G",1,3,8,0.1,0.5,0,50,100,5,1078526260,1,1,50,1,25,,"0.0, 0.0, 0.0","1.0, 1.0, 1.0"
139,"faces_ex139.inp","Poisson",1,"mean_nsamp",0,"sigma",1,"theta_true",-1,"theta_CV",0,"G",-1,3,2,0.1,0.5,0.2,50,100,5,1078526260,1,1,50,1,25,,"0.0, 0.0, 0.0","1.0, 1.0, 1.0"
140,"faces_ex140.inp","Poisson",1,"mean_nsamp",0,"sigma",1,"theta_true",-1,"theta_CV",0,"G",0,3,4,0.1,0.5,0.2,50,100,5,1078526260,1,1,50,1,25,,"0.0, 0.0, 0.0","1.0, 1.0, 1.0"
141,"faces_ex141.inp","Poisson",1,"mean_nsamp",0,"sigma",1,"theta_true",-1,"theta_CV",0,"G",1,3,8,0.1,0.5,0.2,50,100,5,1078526260,1,1,50,1,25,,"0.0, 0.0, 0.0","1.0, 1.0, 1.0"
142,"faces_ex142.inp","Poisson",1,"mean_nsamp",0,"sigma",1,"theta_true",-1,"theta_CV",1,"G",-1,3,2,0.1,0.5,0.6,50,100,5,1078526260,1,1,50,1,25,,"0.0, 0.0, 0.0","1.0, 1.0, 1.0"
143,"faces_ex143.inp","Poisson",1,"mean_nsamp",0,"sigma",1,"theta_true",-1,"theta_CV",1,"G",0,3,4,0.1,0.5,0.6,50,100,5,1078526260,1,1,50,1,25,,"0.0, 0.0, 0.0","1.0, 1.0, 1.0"
144,"faces_ex144.inp","Poisson",1,"mean_nsamp",0,"sigma",1,"theta_true",-1,"theta_CV",1,"G",1,3,8,0.1,0.5,0.6,50,100,5,1078526260,1,1,50,1,25,,"0.0, 0.0, 0.0","1.0, 1.0, 1.0"
145,"faces_ex145.inp","Poisson",1,"mean_nsamp",0,"sigma",1,"theta_true",0,"theta_CV",-1,"G",-1,3,2,0.1,1,0,50,100,5,1078526260,1,1,50,1,25,,"0.0, 0.0, 0.0","1.0, 1.0, 1.0"
146,"faces_ex146.inp","Poisson",1,"mean_nsamp",0,"sigma",1,"theta_true",0,"theta_CV",-1,"G",0,3,4,0.1,1,0,50,100,5,1078526260,1,1,50,1,25,,"0.0, 0.0, 0.0","1.0, 1.0, 1.0"
147,"faces_ex147.inp","Poisson",1,"mean_nsamp",0,"sigma",1,"theta_true",0,"theta_CV",-1,"G",1,3,8,0.1,1,0,50,100,5,1078526260,1,1,50,1,25,,"0.0, 0.0, 0.0","1.0, 1.0, 1.0"
148,"faces_ex148.inp","Poisson",1,"mean_nsamp",0,"sigma",1,"theta_true",0,"theta_CV",0,"G",-1,3,2,0.1,1,0.2,50,100,5,1078526260,1,1,50,1,25,,"0.0, 0.0, 0.0","1.0, 1.0, 1.0"
149,"faces_ex149.inp","Poisson",1,"mean_nsamp",0,"sigma",1,"theta_true",0,"theta_CV",0,"G",0,3,4,0.1,1,0.2,50,100,5,1078526260,1,1,50,1,25,,"0.0, 0.0, 0.0","1.0, 1.0, 1.0"
150,"faces_ex150.inp","Poisson",1,"mean_nsamp",0,"sigma",1,"theta_true",0,"theta_CV",0,"G",1,3,8,0.1,1,0.2,50,100,5,1078526260,1,1,50,1,25,,"0.0, 0.0, 0.0","1.0, 1.0, 1.0"
151,"faces_ex151.inp","Poisson",1,"mean_nsamp",0,"sigma",1,"theta_true",0,"theta_CV",1,"G",-1,3,2,0.1,1,0.6,50,100,5,1078526260,1,1,50,1,25,,"0.0, 0.0, 0.0","1.0, 1.0, 1.0"
152,"faces_ex152.inp","Poisson",1,"mean_nsamp",0,"sigma",1,"theta_true",0,"theta_CV",1,"G",0,3,4,0.1,1,0.6,50,100,5,1078526260,1,1,50,1,25,,"0.0, 0.0, 0.0","1.0, 1.0, 1.0"
153,"faces_ex153.inp","Poisson",1,"mean_nsamp",0,"sigma",1,"theta_true",0,"theta_CV",1,"G",1,3,8,0.1,1,0.6,50,100,5,1078526260,1,1,50,1,25,,"0.0, 0.0, 0.0","1.0, 1.0, 1.0"
154,"faces_ex154.inp","Poisson",1,"mean_nsamp",0,"sigma",1,"theta_true",1,"theta_CV",-1,"G",-1,3,2,0.1,2,0,50,100,5,1078526260,1,1,50,1,25,,"0.0, 0.0, 0.0","1.0, 1.0, 1.0"
155,"faces_ex155.inp","Poisson",1,"mean_nsamp",0,"sigma",1,"theta_true",1,"theta_CV",-1,"G",0,3,4,0.1,2,0,50,100,5,1078526260,1,1,50,1,25,,"0.0, 0.0, 0.0","1.0, 1.0, 1.0"
156,"faces_ex156.inp","Poisson",1,"mean_nsamp",0,"sigma",1,"theta_true",1,"theta_CV",-1,"G",1,3,8,0.1,2,0,50,100,5,1078526260,1,1,50,1,25,,"0.0, 0.0, 0.0","1.0, 1.0, 1.0"
157,"faces_ex157.inp","Poisson",1,"mean_nsamp",0,"sigma",1,"theta_true",1,"theta_CV",0,"G",-1,3,2,0.1,2,0.2,50,100,5,1078526260,1,1,50,1,25,,"0.0, 0.0, 0.0","1.0, 1.0, 1.0"
158,"faces_ex158.inp","Poisson",1,"mean_nsamp",0,"sigma",1,"theta_true",1,"theta_CV",0,"G",0,3,4,0.1,2,0.2,50,100,5,1078526260,1,1,50,1,25,,"0.0, 0.0, 0.0","1.0, 1.0, 1.0"
159,"faces_ex159.inp","Poisson",1,"mean_nsamp",0,"sigma",1,"theta_true",1,"theta_CV",0,"G",1,3,8,0.1,2,0.2,50,100,5,1078526260,1,1,50,1,25,,"0.0, 0.0, 0.0","1.0, 1.0, 1.0"
160,"faces_ex160.inp","Poisson",1,"mean_nsamp",0,"sigma",1,"theta_true",1,"theta_CV",1,"G",-1,3,2,0.1,2,0.6,50,100,5,1078526260,1,1,50,1,25,,"0.0, 0.0, 0.0","1.0, 1.0, 1.0"
161,"faces_ex161.inp","Poisson",1,"mean_nsamp",0,"sigma",1,"theta_true",1,"theta_CV",1,"G",0,3,4,0.1,2,0.6,50,100,5,1078526260,1,1,50,1,25,,"0.0, 0.0, 0.0","1.0, 1.0, 1.0"
162,"faces_ex162.inp","Poisson",1,"mean_nsamp",0,"sigma",1,"theta_true",1,"theta_CV",1,"G",1,3,8,0.1,2,0.6,50,100,5,1078526260,1,1,50,1,25,,"0.0, 0.0, 0.0","1.0, 1.0, 1.0"
163,"faces_ex163.inp","Poisson",1,"mean_nsamp",1,"sigma",-1,"theta_true",-1,"theta_CV",-1,"G",-1,3,2,0.1,0.5,0,50,100,5,1078526260,1,0.25,100,1,25,,"0.0, 0.0, 0.0","1.0, 1.0, 1.0"
164,"faces_ex164.inp","Poisson",1,"mean_nsamp",1,"sigma",-1,"theta_true",-1,"theta_CV",-1,"G",0,3,4,0.1,0.5,0,50,100,5,1078526260,1,0.25,100,1,25,,"0.0, 0.0, 0.0","1.0, 1.0, 1.0"
165,"faces_ex165.inp","Poisson",1,"mean_nsamp",1,"sigma",-1,"theta_true",-1,"theta_CV",-1,"G",1,3,8,0.1,0.5,0,50,100,5,1078526260,1,0.25,100,1,25,,"0.0, 0.0, 0.0","1.0, 1.0, 1.0"
166,"faces_ex166.inp","Poisson",1,"mean_nsamp",1,"sigma",-1,"theta_true",-1,"theta_CV",0,"G",-1,3,2,0.1,0.5,0.2,50,100,5,1078526260,1,0.25,100,1,25,,"0.0, 0.0, 0.0","1.0, 1.0, 1.0"
167,"faces_ex167.inp","Poisson",1,"mean_nsamp",1,"sigma",-1,"theta_true",-1,"theta_CV",0,"G",0,3,4,0.1,0.5,0.2,50,100,5,1078526260,1,0.25,100,1,25,,"0.0, 0.0, 0.0","1.0, 1.0, 1.0"
168,"faces_ex168.inp","Poisson",1,"mean_nsamp",1,"sigma",-1,"theta_true",-1,"theta_CV",0,"G",1,3,8,0.1,0.5,0.2,50,100,5,1078526260,1,0.25,100,1,25,,"0.0, 0.0, 0.0","1.0, 1.0, 1.0"
169,"faces_ex169.inp","Poisson",1,"mean_nsamp",1,"sigma",-1,"theta_true",-1,"theta_CV",1,"G",-1,3,2,0.1,0.5,0.6,50,100,5,1078526260,1,0.25,100,1,25,,"0.0, 0.0, 0.0","1.0, 1.0, 1.0"
170,"faces_ex170.inp","Poisson",1,"mean_nsamp",1,"sigma",-1,"theta_true",-1,"theta_CV",1,"G",0,3,4,0.1,0.5,0.6,50,100,5,1078526260,1,0.25,100,1,25,,"0.0, 0.0, 0.0","1.0, 1.0, 1.0"
171,"faces_ex171.inp","Poisson",1,"mean_nsamp",1,"sigma",-1,"theta_true",-1,"theta_CV",1,"G",1,3,8,0.1,0.5,0.6,50,100,5,1078526260,1,0.25,100,1,25,,"0.0, 0.0, 0.0","1.0, 1.0, 1.0"
172,"faces_ex172.inp","Poisson",1,"mean_nsamp",1,"sigma",-1,"theta_true",0,"theta_CV",-1,"G",-1,3,2,0.1,1,0,50,100,5,1078526260,1,0.25,100,1,25,,"0.0, 0.0, 0.0","1.0, 1.0, 1.0"
173,"faces_ex173.inp","Poisson",1,"mean_nsamp",1,"sigma",-1,"theta_true",0,"theta_CV",-1,"G",0,3,4,0.1,1,0,50,100,5,1078526260,1,0.25,100,1,25,,"0.0, 0.0, 0.0","1.0, 1.0, 1.0"
174,"faces_ex174.inp","Poisson",1,"mean_nsamp",1,"sigma",-1,"theta_true",0,"theta_CV",-1,"G",1,3,8,0.1,1,0,50,100,5,1078526260,1,0.25,100,1,25,,"0.0, 0.0, 0.0","1.0, 1.0, 1.0"
175,"faces_ex175.inp","Poisson",1,"mean_nsamp",1,"sigma",-1,"theta_true",0,"theta_CV",0,"G",-1,3,2,0.1,1,0.2,50,100,5,1078526260,1,0.25,100,1,25,,"0.0, 0.0, 0.0","1.0, 1.0, 1.0"
176,"faces_ex176.inp","Poisson",1,"mean_nsamp",1,"sigma",-1,"theta_true",0,"theta_CV",0,"G",0,3,4,0.1,1,0.2,50,100,5,1078526260,1,0.25,100,1,25,,"0.0, 0.0, 0.0","1.0, 1.0, 1.0"
177,"faces_ex177.inp","Poisson",1,"mean_nsamp",1,"sigma",-1,"theta_true",0,"theta_CV",0,"G",1,3,8,0.1,1,0.2,50,100,5,1078526260,1,0.25,100,1,25,,"0.0, 0.0, 0.0","1.0, 1.0, 1.0"
178,"faces_ex178.inp","Poisson",1,"mean_nsamp",1,"sigma",-1,"theta_true",0,"theta_CV",1,"G",-1,3,2,0.1,1,0.6,50,100,5,1078526260,1,0.25,100,1,25,,"0.0, 0.0, 0.0","1.0, 1.0, 1.0"
179,"faces_ex179.inp","Poisson",1,"mean_nsamp",1,"sigma",-1,"theta_true",0,"theta_CV",1,"G",0,3,4,0.1,1,0.6,50,100,5,1078526260,1,0.25,100,1,25,,"0.0, 0.0, 0.0","1.0, 1.0, 1.0"
180,"faces_ex180.inp","Poisson",1,"mean_nsamp",1,"sigma",-1,"theta_true",0,"theta_CV",1,"G",1,3,8,0.1,1,0.6,50,100,5,1078526260,1,0.25,100,1,25,,"0.0, 0.0, 0.0","1.0, 1.0, 1.0"
181,"faces_ex181.inp","Poisson",1,"mean_nsamp",1,"sigma",-1,"theta_true",1,"theta_CV",-1,"G",-1,3,2,0.1,2,0,50,100,5,1078526260,1,0.25,100,1,25,,"0.0, 0.0, 0.0","1.0, 1.0, 1.0"
182,"faces_ex182.inp","Poisson",1,"mean_nsamp",1,"sigma",-1,"theta_true",1,"theta_CV",-1,"G",0,3,4,0.1,2,0,50,100,5,1078526260,1,0.25,100,1,25,,"0.0, 0.0, 0.0","1.0, 1.0, 1.0"
183,"faces_ex183.inp","Poisson",1,"mean_nsamp",1,"sigma",-1,"theta_true",1,"theta_CV",-1,"G",1,3,8,0.1,2,0,50,100,5,1078526260,1,0.25,100,1,25,,"0.0, 0.0, 0.0","1.0, 1.0, 1.0"
184,"faces_ex184.inp","Poisson",1,"mean_nsamp",1,"sigma",-1,"theta_true",1,"theta_CV",0,"G",-1,3,2,0.1,2,0.2,50,100,5,1078526260,1,0.25,100,1,25,,"0.0, 0.0, 0.0","1.0, 1.0, 1.0"
185,"faces_ex185.inp","Poisson",1,"mean_nsamp",1,"sigma",-1,"theta_true",1,"theta_CV",0,"G",0,3,4,0.1,2,0.2,50,100,5,1078526260,1,0.25,100,1,25,,"0.0, 0.0, 0.0","1.0, 1.0, 1.0"
186,"faces_ex186.inp","Poisson",1,"mean_nsamp",1,"sigma",-1,"theta_true",1,"theta_CV",0,"G",1,3,8,0.1,2,0.2,50,100,5,1078526260,1,0.25,100,1,25,,"0.0, 0.0, 0.0","1.0, 1.0, 1.0"
187,"faces_ex187.inp","Poisson",1,"mean_nsamp",1,"sigma",-1,"theta_true",1,"theta_CV",1,"G",-1,3,2,0.1,2,0.6,50,100,5,1078526260,1,0.25,100,1,25,,"0.0, 0.0, 0.0","1.0, 1.0, 1.0"
188,"faces_ex188.inp","Poisson",1,"mean_nsamp",1,"sigma",-1,"theta_true",1,"theta_CV",1,"G",0,3,4,0.1,2,0.6,50,100,5,1078526260,1,0.25,100,1,25,,"0.0, 0.0, 0.0","1.0, 1.0, 1.0"
189,"faces_ex189.inp","Poisson",1,"mean_nsamp",1,"sigma",-1,"theta_true",1,"theta_CV",1,"G",1,3,8,0.1,2,0.6,50,100,5,1078526260,1,0.25,100,1,25,,"0.0, 0.0, 0.0","1.0, 1.0, 1.0"
190,"faces_ex190.inp","Poisson",1,"mean_nsamp",1,"sigma",0,"theta_true",-1,"theta_CV",-1,"G",-1,3,2,0.1,0.5,0,50,100,5,1078526260,1,0.5,100,1,25,,"0.0, 0.0, 0.0","1.0, 1.0, 1.0"
191,"faces_ex191.inp","Poisson",1,"mean_nsamp",1,"sigma",0,"theta_true",-1,"theta_CV",-1,"G",0,3,4,0.1,0.5,0,50,100,5,1078526260,1,0.5,100,1,25,,"0.0, 0.0, 0.0","1.0, 1.0, 1.0"
192,"faces_ex192.inp","Poisson",1,"mean_nsamp",1,"sigma",0,"theta_true",-1,"theta_CV",-1,"G",1,3,8,0.1,0.5,0,50,100,5,1078526260,1,0.5,100,1,25,,"0.0, 0.0, 0.0","1.0, 1.0, 1.0"
193,"faces_ex193.inp","Poisson",1,"mean_nsamp",1,"sigma",0,"theta_true",-1,"theta_CV",0,"G",-1,3,2,0.1,0.5,0.2,50,100,5,1078526260,1,0.5,100,1,25,,"0.0, 0.0, 0.0","1.0, 1.0, 1.0"
194,"faces_ex194.inp","Poisson",1,"mean_nsamp",1,"sigma",0,"theta_true",-1,"theta_CV",0,"G",0,3,4,0.1,0.5,0.2,50,100,5,1078526260,1,0.5,100,1,25,,"0.0, 0.0, 0.0","1.0, 1.0, 1.0"
195,"faces_ex195.inp","Poisson",1,"mean_nsamp",1,"sigma",0,"theta_true",-1,"theta_CV",0,"G",1,3,8,0.1,0.5,0.2,50,100,5,1078526260,1,0.5,100,1,25,,"0.0, 0.0, 0.0","1.0, 1.0, 1.0"
196,"faces_ex196.inp","Poisson",1,"mean_nsamp",1,"sigma",0,"theta_true",-1,"theta_CV",1,"G",-1,3,2,0.1,0.5,0.6,50,100,5,1078526260,1,0.5,100,1,25,,"0.0, 0.0, 0.0","1.0, 1.0, 1.0"
197,"faces_ex197.inp","Poisson",1,"mean_nsamp",1,"sigma",0,"theta_true",-1,"theta_CV",1,"G",0,3,4,0.1,0.5,0.6,50,100,5,1078526260,1,0.5,100,1,25,,"0.0, 0.0, 0.0","1.0, 1.0, 1.0"
198,"faces_ex198.inp","Poisson",1,"mean_nsamp",1,"sigma",0,"theta_true",-1,"theta_CV",1,"G",1,3,8,0.1,0.5,0.6,50,100,5,1078526260,1,0.5,100,1,25,,"0.0, 0.0, 0.0","1.0, 1.0, 1.0"
199,"faces_ex199.inp","Poisson",1,"mean_nsamp",1,"sigma",0,"theta_true",0,"theta_CV",-1,"G",-1,3,2,0.1,1,0,50,100,5,1078526260,1,0.5,100,1,25,,"0.0, 0.0, 0.0","1.0, 1.0, 1.0"
200,"faces_ex200.inp","Poisson",1,"mean_nsamp",1,"sigma",0,"theta_true",0,"theta_CV",-1,"G",0,3,4,0.1,1,0,50,100,5,1078526260,1,0.5,100,1,25,,"0.0, 0.0, 0.0","1.0, 1.0, 1.0"
201,"faces_ex201.inp","Poisson",1,"mean_nsamp",1,"sigma",0,"theta_true",0,"theta_CV",-1,"G",1,3,8,0.1,1,0,50,100,5,1078526260,1,0.5,100,1,25,,"0.0, 0.0, 0.0","1.0, 1.0, 1.0"
202,"faces_ex202.inp","Poisson",1,"mean_nsamp",1,"sigma",0,"theta_true",0,"theta_CV",0,"G",-1,3,2,0.1,1,0.2,50,100,5,1078526260,1,0.5,100,1,25,,"0.0, 0.0, 0.0","1.0, 1.0, 1.0"
203,"faces_ex203.inp","Poisson",1,"mean_nsamp",1,"sigma",0,"theta_true",0,"theta_CV",0,"G",0,3,4,0.1,1,0.2,50,100,5,1078526260,1,0.5,100,1,25,,"0.0, 0.0, 0.0","1.0, 1.0, 1.0"
204,"faces_ex204.inp","Poisson",1,"mean_nsamp",1,"sigma",0,"theta_true",0,"theta_CV",0,"G",1,3,8,0.1,1,0.2,50,100,5,1078526260,1,0.5,100,1,25,,"0.0, 0.0, 0.0","1.0, 1.0, 1.0"
205,"faces_ex205.inp","Poisson",1,"mean_nsamp",1,"sigma",0,"theta_true",0,"theta_CV",1,"G",-1,3,2,0.1,1,0.6,50,100,5,1078526260,1,0.5,100,1,25,,"0.0, 0.0, 0.0","1.0, 1.0, 1.0"
206,"faces_ex206.inp","Poisson",1,"mean_nsamp",1,"sigma",0,"theta_true",0,"theta_CV",1,"G",0,3,4,0.1,1,0.6,50,100,5,1078526260,1,0.5,100,1,25,,"0.0, 0.0, 0.0","1.0, 1.0, 1.0"
207,"faces_ex207.inp","Poisson",1,"mean_nsamp",1,"sigma",0,"theta_true",0,"theta_CV",1,"G",1,3,8,0.1,1,0.6,50,100,5,1078526260,1,0.5,100,1,25,,"0.0, 0.0, 0.0","1.0, 1.0, 1.0"
208,"faces_ex208.inp","Poisson",1,"mean_nsamp",1,"sigma",0,"theta_true",1,"theta_CV",-1,"G",-1,3,2,0.1,2,0,50,100,5,1078526260,1,0.5,100,1,25,,"0.0, 0.0, 0.0","1.0, 1.0, 1.0"
209,"faces_ex209.inp","Poisson",1,"mean_nsamp",1,"sigma",0,"theta_true",1,"theta_CV",-1,"G",0,3,4,0.1,2,0,50,100,5,1078526260,1,0.5,100,1,25,,"0.0, 0.0, 0.0","1.0, 1.0, 1.0"
210,"faces_ex210.inp","Poisson",1,"mean_nsamp",1,"sigma",0,"theta_true",1,"theta_CV",-1,"G",1,3,8,0.1,2,0,50,100,5,1078526260,1,0.5,100,1,25,,"0.0, 0.0, 0.0","1.0, 1.0, 1.0"
211,"faces_ex211.inp","Poisson",1,"mean_nsamp",1,"sigma",0,"theta_true",1,"theta_CV",0,"G",-1,3,2,0.1,2,0.2,50,100,5,1078526260,1,0.5,100,1,25,,"0.0, 0.0, 0.0","1.0, 1.0, 1.0"
212,"faces_ex212.inp","Poisson",1,"mean_nsamp",1,"sigma",0,"theta_true",1,"theta_CV",0,"G",0,3,4,0.1,2,0.2,50,100,5,1078526260,1,0.5,100,1,25,,"0.0, 0.0, 0.0","1.0, 1.0, 1.0"
213,"faces_ex213.inp","Poisson",1,"mean_nsamp",1,"sigma",0,"theta_true",1,"theta_CV",0,"G",1,3,8,0.1,2,0.2,50,100,5,1078526260,1,0.5,100,1,25,,"0.0, 0.0, 0.0","1.0, 1.0, 1.0"
214,"faces_ex214.inp","Poisson",1,"mean_nsamp",1,"sigma",0,"theta_true",1,"theta_CV",1,"G",-1,3,2,0.1,2,0.6,50,100,5,1078526260,1,0.5,100,1,25,,"0.0, 0.0, 0.0","1.0, 1.0, 1.0"
215,"faces_ex215.inp","Poisson",1,"mean_nsamp",1,"sigma",0,"theta_true",1,"theta_CV",1,"G",0,3,4,0.1,2,0.6,50,100,5,1078526260,1,0.5,100,1,25,,"0.0, 0.0, 0.0","1.0, 1.0, 1.0"
216,"faces_ex216.inp","Poisson",1,"mean_nsamp",1,"sigma",0,"theta_true",1,"theta_CV",1,"G",1,3,8,0.1,2,0.6,50,100,5,1078526260,1,0.5,100,1,25,,"0.0, 0.0, 0.0","1.0, 1.0, 1.0"
217,"faces_ex217.inp","Poisson",1,"mean_nsamp",1,"sigma",1,"theta_true",-1,"theta_CV",-1,"G",-1,3,2,0.1,0.5,0,50,100,5,1078526260,1,1,100,1,25,,"0.0, 0.0, 0.0","1.0, 1.0, 1.0"
218,"faces_ex218.inp","Poisson",1,"mean_nsamp",1,"sigma",1,"theta_true",-1,"theta_CV",-1,"G",0,3,4,0.1,0.5,0,50,100,5,1078526260,1,1,100,1,25,,"0.0, 0.0, 0.0","1.0, 1.0, 1.0"
219,"faces_ex219.inp","Poisson",1,"mean_nsamp",1,"sigma",1,"theta_true",-1,"theta_CV",-1,"G",1,3,8,0.1,0.5,0,50,100,5,1078526260,1,1,100,1,25,,"0.0, 0.0, 0.0","1.0, 1.0, 1.0"
220,"faces_ex220.inp","Poisson",1,"mean_nsamp",1,"sigma",1,"theta_true",-1,"theta_CV",0,"G",-1,3,2,0.1,0.5,0.2,50,100,5,1078526260,1,1,100,1,25,,"0.0, 0.0, 0.0","1.0, 1.0, 1.0"
221,"faces_ex221.inp","Poisson",1,"mean_nsamp",1,"sigma",1,"theta_true",-1,"theta_CV",0,"G",0,3,4,0.1,0.5,0.2,50,100,5,1078526260,1,1,100,1,25,,"0.0, 0.0, 0.0","1.0, 1.0, 1.0"
222,"faces_ex222.inp","Poisson",1,"mean_nsamp",1,"sigma",1,"theta_true",-1,"theta_CV",0,"G",1,3,8,0.1,0.5,0.2,50,100,5,1078526260,1,1,100,1,25,,"0.0, 0.0, 0.0","1.0, 1.0, 1.0"
223,"faces_ex223.inp","Poisson",1,"mean_nsamp",1,"sigma",1,"theta_true",-1,"theta_CV",1,"G",-1,3,2,0.1,0.5,0.6,50,100,5,1078526260,1,1,100,1,25,,"0.0, 0.0, 0.0","1.0, 1.0, 1.0"
224,"faces_ex224.inp","Poisson",1,"mean_nsamp",1,"sigma",1,"theta_true",-1,"theta_CV",1,"G",0,3,4,0.1,0.5,0.6,50,100,5,1078526260,1,1,100,1,25,,"0.0, 0.0, 0.0","1.0, 1.0, 1.0"
225,"faces_ex225.inp","Poisson",1,"mean_nsamp",1,"sigma",1,"theta_true",-1,"theta_CV",1,"G",1,3,8,0.1,0.5,0.6,50,100,5,1078526260,1,1,100,1,25,,"0.0, 0.0, 0.0","1.0, 1.0, 1.0"
226,"faces_ex226.inp","Poisson",1,"mean_nsamp",1,"sigma",1,"theta_true",0,"theta_CV",-1,"G",-1,3,2,0.1,1,0,50,100,5,1078526260,1,1,100,1,25,,"0.0, 0.0, 0.0","1.0, 1.0, 1.0"
227,"faces_ex227.inp","Poisson",1,"mean_nsamp",1,"sigma",1,"theta_true",0,"theta_CV",-1,"G",0,3,4,0.1,1,0,50,100,5,1078526260,1,1,100,1,25,,"0.0, 0.0, 0.0","1.0, 1.0, 1.0"
228,"faces_ex228.inp","Poisson",1,"mean_nsamp",1,"sigma",1,"theta_true",0,"theta_CV",-1,"G",1,3,8,0.1,1,0,50,100,5,1078526260,1,1,100,1,25,,"0.0, 0.0, 0.0","1.0, 1.0, 1.0"
229,"faces_ex229.inp","Poisson",1,"mean_nsamp",1,"sigma",1,"theta_true",0,"theta_CV",0,"G",-1,3,2,0.1,1,0.2,50,100,5,1078526260,1,1,100,1,25,,"0.0, 0.0, 0.0","1.0, 1.0, 1.0"
230,"faces_ex230.inp","Poisson",1,"mean_nsamp",1,"sigma",1,"theta_true",0,"theta_CV",0,"G",0,3,4,0.1,1,0.2,50,100,5,1078526260,1,1,100,1,25,,"0.0, 0.0, 0.0","1.0, 1.0, 1.0"
231,"faces_ex231.inp","Poisson",1,"mean_nsamp",1,"sigma",1,"theta_true",0,"theta_CV",0,"G",1,3,8,0.1,1,0.2,50,100,5,1078526260,1,1,100,1,25,,"0.0, 0.0, 0.0","1.0, 1.0, 1.0"
232,"faces_ex232.inp","Poisson",1,"mean_nsamp",1,"sigma",1,"theta_true",0,"theta_CV",1,"G",-1,3,2,0.1,1,0.6,50,100,5,1078526260,1,1,100,1,25,,"0.0, 0.0, 0.0","1.0, 1.0, 1.0"
233,"faces_ex233.inp","Poisson",1,"mean_nsamp",1,"sigma",1,"theta_true",0,"theta_CV",1,"G",0,3,4,0.1,1,0.6,50,100,5,1078526260,1,1,100,1,25,,"0.0, 0.0, 0.0","1.0, 1.0, 1.0"
234,"faces_ex234.inp","Poisson",1,"mean_nsamp",1,"sigma",1,"theta_true",0,"theta_CV",1,"G",1,3,8,0.1,1,0.6,50,100,5,1078526260,1,1,100,1,25,,"0.0, 0.0, 0.0","1.0, 1.0, 1.0"
235,"faces_ex235.inp","Poisson",1,"mean_nsamp",1,"sigma",1,"theta_true",1,"theta_CV",-1,"G",-1,3,2,0.1,2,0,50,100,5,1078526260,1,1,100,1,25,,"0.0, 0.0, 0.0","1.0, 1.0, 1.0"
236,"faces_ex236.inp","Poisson",1,"mean_nsamp",1,"sigma",1,"theta_true",1,"theta_CV",-1,"G",0,3,4,0.1,2,0,50,100,5,1078526260,1,1,100,1,25,,"0.0, 0.0, 0.0","1.0, 1.0, 1.0"
237,"faces_ex237.inp","Poisson",1,"mean_nsamp",1,"sigma",1,"theta_true",1,"theta_CV",-1,"G",1,3,8,0.1,2,0,50,100,5,1078526260,1,1,100,1,25,,"0.0, 0.0, 0.0","1.0, 1.0, 1.0"
238,"faces_ex238.inp","Poisson",1,"mean_nsamp",1,"sigma",1,"theta_true",1,"theta_CV",0,"G",-1,3,2,0.1,2,0.2,50,100,5,1078526260,1,1,100,1,25,,"0.0, 0.0, 0.0","1.0, 1.0, 1.0"
239,"faces_ex239.inp","Poisson",1,"mean_nsamp",1,"sigma",1,"theta_true",1,"theta_CV",0,"G",0,3,4,0.1,2,0.2,50,100,5,1078526260,1,1,100,1,25,,"0.0, 0.0, 0.0","1.0, 1.0, 1.0"
240,"faces_ex240.inp","Poisson",1,"mean_nsamp",1,"sigma",1,"theta_true",1,"theta_CV",0,"G",1,3,8,0.1,2,0.2,50,100,5,1078526260,1,1,100,1,25,,"0.0, 0.0, 0.0","1.0, 1.0, 1.0"
241,"faces_ex241.inp","Poisson",1,"mean_nsamp",1,"sigma",1,"theta_true",1,"theta_CV",1,"G",-1,3,2,0.1,2,0.6,50,100,5,1078526260,1,1,100,1,25,,"0.0, 0.0, 0.0","1.0, 1.0, 1.0"
242,"faces_ex242.inp","Poisson",1,"mean_nsamp",1,"sigma",1,"theta_true",1,"theta_CV",1,"G",0,3,4,0.1,2,0.6,50,100,5,1078526260,1,1,100,1,25,,"0.0, 0.0, 0.0","1.0, 1.0, 1.0"
243,"faces_ex243.inp","Poisson",1,"mean_nsamp",1,"sigma",1,"theta_true",1,"theta_CV",1,"G",1,3,8,0.1,2,0.6,50,100,5,1078526260,1,1,100,1,25,,"0.0, 0.0, 0.0","1.0, 1.0, 1.0"
244,"faces_ex244.inp","Lognormal",2,"mean_nsamp",-1,"sigma",-1,"theta_true",-1,"theta_CV",-1,"G",-1,3,2,0.1,0.5,0,50,100,5,1078526260,1,0.25,25,1,25,,"0.0, 0.0, 0.0","1.0, 1.0, 1.0"
245,"faces_ex245.inp","Lognormal",2,"mean_nsamp",-1,"sigma",-1,"theta_true",-1,"theta_CV",-1,"G",0,3,4,0.1,0.5,0,50,100,5,1078526260,1,0.25,25,1,25,,"0.0, 0.0, 0.0","1.0, 1.0, 1.0"
246,"faces_ex246.inp","Lognormal",2,"mean_nsamp",-1,"sigma",-1,"theta_true",-1,"theta_CV",-1,"G",1,3,8,0.1,0.5,0,50,100,5,1078526260,1,0.25,25,1,25,,"0.0, 0.0, 0.0","1.0, 1.0, 1.0"
247,"faces_ex247.inp","Lognormal",2,"mean_nsamp",-1,"sigma",-1,"theta_true",-1,"theta_CV",0,"G",-1,3,2,0.1,0.5,0.2,50,100,5,1078526260,1,0.25,25,1,25,,"0.0, 0.0, 0.0","1.0, 1.0, 1.0"
248,"faces_ex248.inp","Lognormal",2,"mean_nsamp",-1,"sigma",-1,"theta_true",-1,"theta_CV",0,"G",0,3,4,0.1,0.5,0.2,50,100,5,1078526260,1,0.25,25,1,25,,"0.0, 0.0, 0.0","1.0, 1.0, 1.0"
249,"faces_ex249.inp","Lognormal",2,"mean_nsamp",-1,"sigma",-1,"theta_true",-1,"theta_CV",0,"G",1,3,8,0.1,0.5,0.2,50,100,5,1078526260,1,0.25,25,1,25,,"0.0, 0.0, 0.0","1.0, 1.0, 1.0"
250,"faces_ex250.inp","Lognormal",2,"mean_nsamp",-1,"sigma",-1,"theta_true",-1,"theta_CV",1,"G",-1,3,2,0.1,0.5,0.6,50,100,5,1078526260,1,0.25,25,1,25,,"0.0, 0.0, 0.0","1.0, 1.0, 1.0"
251,"faces_ex251.inp","Lognormal",2,"mean_nsamp",-1,"sigma",-1,"theta_true",-1,"theta_CV",1,"G",0,3,4,0.1,0.5,0.6,50,100,5,1078526260,1,0.25,25,1,25,,"0.0, 0.0, 0.0","1.0, 1.0, 1.0"
252,"faces_ex252.inp","Lognormal",2,"mean_nsamp",-1,"sigma",-1,"theta_true",-1,"theta_CV",1,"G",1,3,8,0.1,0.5,0.6,50,100,5,1078526260,1,0.25,25,1,25,,"0.0, 0.0, 0.0","1.0, 1.0, 1.0"
253,"faces_ex253.inp","Lognormal",2,"mean_nsamp",-1,"sigma",-1,"theta_true",0,"theta_CV",-1,"G",-1,3,2,0.1,1,0,50,100,5,1078526260,1,0.25,25,1,25,,"0.0, 0.0, 0.0","1.0, 1.0, 1.0"
254,"faces_ex254.inp","Lognormal",2,"mean_nsamp",-1,"sigma",-1,"theta_true",0,"theta_CV",-1,"G",0,3,4,0.1,1,0,50,100,5,1078526260,1,0.25,25,1,25,,"0.0, 0.0, 0.0","1.0, 1.0, 1.0"
255,"faces_ex255.inp","Lognormal",2,"mean_nsamp",-1,"sigma",-1,"theta_true",0,"theta_CV",-1,"G",1,3,8,0.1,1,0,50,100,5,1078526260,1,0.25,25,1,25,,"0.0, 0.0, 0.0","1.0, 1.0, 1.0"
256,"faces_ex256.inp","Lognormal",2,"mean_nsamp",-1,"sigma",-1,"theta_true",0,"theta_CV",0,"G",-1,3,2,0.1,1,0.2,50,100,5,1078526260,1,0.25,25,1,25,,"0.0, 0.0, 0.0","1.0, 1.0, 1.0"
257,"faces_ex257.inp","Lognormal",2,"mean_nsamp",-1,"sigma",-1,"theta_true",0,"theta_CV",0,"G",0,3,4,0.1,1,0.2,50,100,5,1078526260,1,0.25,25,1,25,,"0.0, 0.0, 0.0","1.0, 1.0, 1.0"
258,"faces_ex258.inp","Lognormal",2,"mean_nsamp",-1,"sigma",-1,"theta_true",0,"theta_CV",0,"G",1,3,8,0.1,1,0.2,50,100,5,1078526260,1,0.25,25,1,25,,"0.0, 0.0, 0.0","1.0, 1.0, 1.0"
259,"faces_ex259.inp","Lognormal",2,"mean_nsamp",-1,"sigma",-1,"theta_true",0,"theta_CV",1,"G",-1,3,2,0.1,1,0.6,50,100,5,1078526260,1,0.25,25,1,25,,"0.0, 0.0, 0.0","1.0, 1.0, 1.0"
260,"faces_ex260.inp","Lognormal",2,"mean_nsamp",-1,"sigma",-1,"theta_true",0,"theta_CV",1,"G",0,3,4,0.1,1,0.6,50,100,5,1078526260,1,0.25,25,1,25,,"0.0, 0.0, 0.0","1.0, 1.0, 1.0"
261,"faces_ex261.inp","Lognormal",2,"mean_nsamp",-1,"sigma",-1,"theta_true",0,"theta_CV",1,"G",1,3,8,0.1,1,0.6,50,100,5,1078526260,1,0.25,25,1,25,,"0.0, 0.0, 0.0","1.0, 1.0, 1.0"
262,"faces_ex262.inp","Lognormal",2,"mean_nsamp",-1,"sigma",-1,"theta_true",1,"theta_CV",-1,"G",-1,3,2,0.1,2,0,50,100,5,1078526260,1,0.25,25,1,25,,"0.0, 0.0, 0.0","1.0, 1.0, 1.0"
263,"faces_ex263.inp","Lognormal",2,"mean_nsamp",-1,"sigma",-1,"theta_true",1,"theta_CV",-1,"G",0,3,4,0.1,2,0,50,100,5,1078526260,1,0.25,25,1,25,,"0.0, 0.0, 0.0","1.0, 1.0, 1.0"
264,"faces_ex264.inp","Lognormal",2,"mean_nsamp",-1,"sigma",-1,"theta_true",1,"theta_CV",-1,"G",1,3,8,0.1,2,0,50,100,5,1078526260,1,0.25,25,1,25,,"0.0, 0.0, 0.0","1.0, 1.0, 1.0"
265,"faces_ex265.inp","Lognormal",2,"mean_nsamp",-1,"sigma",-1,"theta_true",1,"theta_CV",0,"G",-1,3,2,0.1,2,0.2,50,100,5,1078526260,1,0.25,25,1,25,,"0.0, 0.0, 0.0","1.0, 1.0, 1.0"
266,"faces_ex266.inp","Lognormal",2,"mean_nsamp",-1,"sigma",-1,"theta_true",1,"theta_CV",0,"G",0,3,4,0.1,2,0.2,50,100,5,1078526260,1,0.25,25,1,25,,"0.0, 0.0, 0.0","1.0, 1.0, 1.0"
267,"faces_ex267.inp","Lognormal",2,"mean_nsamp",-1,"sigma",-1,"theta_true",1,"theta_CV",0,"G",1,3,8,0.1,2,0.2,50,100,5,1078526260,1,0.25,25,1,25,,"0.0, 0.0, 0.0","1.0, 1.0, 1.0"
268,"faces_ex268.inp","Lognormal",2,"mean_nsamp",-1,"sigma",-1,"theta_true",1,"theta_CV",1,"G",-1,3,2,0.1,2,0.6,50,100,5,1078526260,1,0.25,25,1,25,,"0.0, 0.0, 0.0","1.0, 1.0, 1.0"
269,"faces_ex269.inp","Lognormal",2,"mean_nsamp",-1,"sigma",-1,"theta_true",1,"theta_CV",1,"G",0,3,4,0.1,2,0.6,50,100,5,1078526260,1,0.25,25,1,25,,"0.0, 0.0, 0.0","1.0, 1.0, 1.0"
270,"faces_ex270.inp","Lognormal",2,"mean_nsamp",-1,"sigma",-1,"theta_true",1,"theta_CV",1,"G",1,3,8,0.1,2,0.6,50,100,5,1078526260,1,0.25,25,1,25,,"0.0, 0.0, 0.0","1.0, 1.0, 1.0"
271,"faces_ex271.inp","Lognormal",2,"mean_nsamp",-1,"sigma",0,"theta_true",-1,"theta_CV",-1,"G",-1,3,2,0.1,0.5,0,50,100,5,1078526260,1,0.5,25,1,25,,"0.0, 0.0, 0.0","1.0, 1.0, 1.0"
272,"faces_ex272.inp","Lognormal",2,"mean_nsamp",-1,"sigma",0,"theta_true",-1,"theta_CV",-1,"G",0,3,4,0.1,0.5,0,50,100,5,1078526260,1,0.5,25,1,25,,"0.0, 0.0, 0.0","1.0, 1.0, 1.0"
273,"faces_ex273.inp","Lognormal",2,"mean_nsamp",-1,"sigma",0,"theta_true",-1,"theta_CV",-1,"G",1,3,8,0.1,0.5,0,50,100,5,1078526260,1,0.5,25,1,25,,"0.0, 0.0, 0.0","1.0, 1.0, 1.0"
274,"faces_ex274.inp","Lognormal",2,"mean_nsamp",-1,"sigma",0,"theta_true",-1,"theta_CV",0,"G",-1,3,2,0.1,0.5,0.2,50,100,5,1078526260,1,0.5,25,1,25,,"0.0, 0.0, 0.0","1.0, 1.0, 1.0"
275,"faces_ex275.inp","Lognormal",2,"mean_nsamp",-1,"sigma",0,"theta_true",-1,"theta_CV",0,"G",0,3,4,0.1,0.5,0.2,50,100,5,1078526260,1,0.5,25,1,25,,"0.0, 0.0, 0.0","1.0, 1.0, 1.0"
276,"faces_ex276.inp","Lognormal",2,"mean_nsamp",-1,"sigma",0,"theta_true",-1,"theta_CV",0,"G",1,3,8,0.1,0.5,0.2,50,100,5,1078526260,1,0.5,25,1,25,,"0.0, 0.0, 0.0","1.0, 1.0, 1.0"
277,"faces_ex277.inp","Lognormal",2,"mean_nsamp",-1,"sigma",0,"theta_true",-1,"theta_CV",1,"G",-1,3,2,0.1,0.5,0.6,50,100,5,1078526260,1,0.5,25,1,25,,"0.0, 0.0, 0.0","1.0, 1.0, 1.0"
278,"faces_ex278.inp","Lognormal",2,"mean_nsamp",-1,"sigma",0,"theta_true",-1,"theta_CV",1,"G",0,3,4,0.1,0.5,0.6,50,100,5,1078526260,1,0.5,25,1,25,,"0.0, 0.0, 0.0","1.0, 1.0, 1.0"
279,"faces_ex279.inp","Lognormal",2,"mean_nsamp",-1,"sigma",0,"theta_true",-1,"theta_CV",1,"G",1,3,8,0.1,0.5,0.6,50,100,5,1078526260,1,0.5,25,1,25,,"0.0, 0.0, 0.0","1.0, 1.0, 1.0"
280,"faces_ex280.inp","Lognormal",2,"mean_nsamp",-1,"sigma",0,"theta_true",0,"theta_CV",-1,"G",-1,3,2,0.1,1,0,50,100,5,1078526260,1,0.5,25,1,25,,"0.0, 0.0, 0.0","1.0, 1.0, 1.0"
281,"faces_ex281.inp","Lognormal",2,"mean_nsamp",-1,"sigma",0,"theta_true",0,"theta_CV",-1,"G",0,3,4,0.1,1,0,50,100,5,1078526260,1,0.5,25,1,25,,"0.0, 0.0, 0.0","1.0, 1.0, 1.0"
282,"faces_ex282.inp","Lognormal",2,"mean_nsamp",-1,"sigma",0,"theta_true",0,"theta_CV",-1,"G",1,3,8,0.1,1,0,50,100,5,1078526260,1,0.5,25,1,25,,"0.0, 0.0, 0.0","1.0, 1.0, 1.0"
283,"faces_ex283.inp","Lognormal",2,"mean_nsamp",-1,"sigma",0,"theta_true",0,"theta_CV",0,"G",-1,3,2,0.1,1,0.2,50,100,5,1078526260,1,0.5,25,1,25,,"0.0, 0.0, 0.0","1.0, 1.0, 1.0"
284,"faces_ex284.inp","Lognormal",2,"mean_nsamp",-1,"sigma",0,"theta_true",0,"theta_CV",0,"G",0,3,4,0.1,1,0.2,50,100,5,1078526260,1,0.5,25,1,25,,"0.0, 0.0, 0.0","1.0, 1.0, 1.0"
285,"faces_ex285.inp","Lognormal",2,"mean_nsamp",-1,"sigma",0,"theta_true",0,"theta_CV",0,"G",1,3,8,0.1,1,0.2,50,100,5,1078526260,1,0.5,25,1,25,,"0.0, 0.0, 0.0","1.0, 1.0, 1.0"
286,"faces_ex286.inp","Lognormal",2,"mean_nsamp",-1,"sigma",0,"theta_true",0,"theta_CV",1,"G",-1,3,2,0.1,1,0.6,50,100,5,1078526260,1,0.5,25,1,25,,"0.0, 0.0, 0.0","1.0, 1.0, 1.0"
287,"faces_ex287.inp","Lognormal",2,"mean_nsamp",-1,"sigma",0,"theta_true",0,"theta_CV",1,"G",0,3,4,0.1,1,0.6,50,100,5,1078526260,1,0.5,25,1,25,,"0.0, 0.0, 0.0","1.0, 1.0, 1.0"
288,"faces_ex288.inp","Lognormal",2,"mean_nsamp",-1,"sigma",0,"theta_true",0,"theta_CV",1,"G",1,3,8,0.1,1,0.6,50,100,5,1078526260,1,0.5,25,1,25,,"0.0, 0.0, 0.0","1.0, 1.0, 1.0"
289,"faces_ex289.inp","Lognormal",2,"mean_nsamp",-1,"sigma",0,"theta_true",1,"theta_CV",-1,"G",-1,3,2,0.1,2,0,50,100,5,1078526260,1,0.5,25,1,25,,"0.0, 0.0, 0.0","1.0, 1.0, 1.0"
290,"faces_ex290.inp","Lognormal",2,"mean_nsamp",-1,"sigma",0,"theta_true",1,"theta_CV",-1,"G",0,3,4,0.1,2,0,50,100,5,1078526260,1,0.5,25,1,25,,"0.0, 0.0, 0.0","1.0, 1.0, 1.0"
291,"faces_ex291.inp","Lognormal",2,"mean_nsamp",-1,"sigma",0,"theta_true",1,"theta_CV",-1,"G",1,3,8,0.1,2,0,50,100,5,1078526260,1,0.5,25,1,25,,"0.0, 0.0, 0.0","1.0, 1.0, 1.0"
292,"faces_ex292.inp","Lognormal",2,"mean_nsamp",-1,"sigma",0,"theta_true",1,"theta_CV",0,"G",-1,3,2,0.1,2,0.2,50,100,5,1078526260,1,0.5,25,1,25,,"0.0, 0.0, 0.0","1.0, 1.0, 1.0"
293,"faces_ex293.inp","Lognormal",2,"mean_nsamp",-1,"sigma",0,"theta_true",1,"theta_CV",0,"G",0,3,4,0.1,2,0.2,50,100,5,1078526260,1,0.5,25,1,25,,"0.0, 0.0, 0.0","1.0, 1.0, 1.0"
294,"faces_ex294.inp","Lognormal",2,"mean_nsamp",-1,"sigma",0,"theta_true",1,"theta_CV",0,"G",1,3,8,0.1,2,0.2,50,100,5,1078526260,1,0.5,25,1,25,,"0.0, 0.0, 0.0","1.0, 1.0, 1.0"
295,"faces_ex295.inp","Lognormal",2,"mean_nsamp",-1,"sigma",0,"theta_true",1,"theta_CV",1,"G",-1,3,2,0.1,2,0.6,50,100,5,1078526260,1,0.5,25,1,25,,"0.0, 0.0, 0.0","1.0, 1.0, 1.0"
296,"faces_ex296.inp","Lognormal",2,"mean_nsamp",-1,"sigma",0,"theta_true",1,"theta_CV",1,"G",0,3,4,0.1,2,0.6,50,100,5,1078526260,1,0.5,25,1,25,,"0.0, 0.0, 0.0","1.0, 1.0, 1.0"
297,"faces_ex297.inp","Lognormal",2,"mean_nsamp",-1,"sigma",0,"theta_true",1,"theta_CV",1,"G",1,3,8,0.1,2,0.6,50,100,5,1078526260,1,0.5,25,1,25,,"0.0, 0.0, 0.0","1.0, 1.0, 1.0"
298,"faces_ex298.inp","Lognormal",2,"mean_nsamp",-1,"sigma",1,"theta_true",-1,"theta_CV",-1,"G",-1,3,2,0.1,0.5,0,50,100,5,1078526260,1,1,25,1,25,,"0.0, 0.0, 0.0","1.0, 1.0, 1.0"
299,"faces_ex299.inp","Lognormal",2,"mean_nsamp",-1,"sigma",1,"theta_true",-1,"theta_CV",-1,"G",0,3,4,0.1,0.5,0,50,100,5,1078526260,1,1,25,1,25,,"0.0, 0.0, 0.0","1.0, 1.0, 1.0"
300,"faces_ex300.inp","Lognormal",2,"mean_nsamp",-1,"sigma",1,"theta_true",-1,"theta_CV",-1,"G",1,3,8,0.1,0.5,0,50,100,5,1078526260,1,1,25,1,25,,"0.0, 0.0, 0.0","1.0, 1.0, 1.0"
301,"faces_ex301.inp","Lognormal",2,"mean_nsamp",-1,"sigma",1,"theta_true",-1,"theta_CV",0,"G",-1,3,2,0.1,0.5,0.2,50,100,5,1078526260,1,1,25,1,25,,"0.0, 0.0, 0.0","1.0, 1.0, 1.0"
302,"faces_ex302.inp","Lognormal",2,"mean_nsamp",-1,"sigma",1,"theta_true",-1,"theta_CV",0,"G",0,3,4,0.1,0.5,0.2,50,100,5,1078526260,1,1,25,1,25,,"0.0, 0.0, 0.0","1.0, 1.0, 1.0"
303,"faces_ex303.inp","Lognormal",2,"mean_nsamp",-1,"sigma",1,"theta_true",-1,"theta_CV",0,"G",1,3,8,0.1,0.5,0.2,50,100,5,1078526260,1,1,25,1,25,,"0.0, 0.0, 0.0","1.0, 1.0, 1.0"
304,"faces_ex304.inp","Lognormal",2,"mean_nsamp",-1,"sigma",1,"theta_true",-1,"theta_CV",1,"G",-1,3,2,0.1,0.5,0.6,50,100,5,1078526260,1,1,25,1,25,,"0.0, 0.0, 0.0","1.0, 1.0, 1.0"
305,"faces_ex305.inp","Lognormal",2,"mean_nsamp",-1,"sigma",1,"theta_true",-1,"theta_CV",1,"G",0,3,4,0.1,0.5,0.6,50,100,5,1078526260,1,1,25,1,25,,"0.0, 0.0, 0.0","1.0, 1.0, 1.0"
306,"faces_ex306.inp","Lognormal",2,"mean_nsamp",-1,"sigma",1,"theta_true",-1,"theta_CV",1,"G",1,3,8,0.1,0.5,0.6,50,100,5,1078526260,1,1,25,1,25,,"0.0, 0.0, 0.0","1.0, 1.0, 1.0"
307,"faces_ex307.inp","Lognormal",2,"mean_nsamp",-1,"sigma",1,"theta_true",0,"theta_CV",-1,"G",-1,3,2,0.1,1,0,50,100,5,1078526260,1,1,25,1,25,,"0.0, 0.0, 0.0","1.0, 1.0, 1.0"
308,"faces_ex308.inp","Lognormal",2,"mean_nsamp",-1,"sigma",1,"theta_true",0,"theta_CV",-1,"G",0,3,4,0.1,1,0,50,100,5,1078526260,1,1,25,1,25,,"0.0, 0.0, 0.0","1.0, 1.0, 1.0"
309,"faces_ex309.inp","Lognormal",2,"mean_nsamp",-1,"sigma",1,"theta_true",0,"theta_CV",-1,"G",1,3,8,0.1,1,0,50,100,5,1078526260,1,1,25,1,25,,"0.0, 0.0, 0.0","1.0, 1.0, 1.0"
310,"faces_ex310.inp","Lognormal",2,"mean_nsamp",-1,"sigma",1,"theta_true",0,"theta_CV",0,"G",-1,3,2,0.1,1,0.2,50,100,5,1078526260,1,1,25,1,25,,"0.0, 0.0, 0.0","1.0, 1.0, 1.0"
311,"faces_ex311.inp","Lognormal",2,"mean_nsamp",-1,"sigma",1,"theta_true",0,"theta_CV",0,"G",0,3,4,0.1,1,0.2,50,100,5,1078526260,1,1,25,1,25,,"0.0, 0.0, 0.0","1.0, 1.0, 1.0"
312,"faces_ex312.inp","Lognormal",2,"mean_nsamp",-1,"sigma",1,"theta_true",0,"theta_CV",0,"G",1,3,8,0.1,1,0.2,50,100,5,1078526260,1,1,25,1,25,,"0.0, 0.0, 0.0","1.0, 1.0, 1.0"
313,"faces_ex313.inp","Lognormal",2,"mean_nsamp",-1,"sigma",1,"theta_true",0,"theta_CV",1,"G",-1,3,2,0.1,1,0.6,50,100,5,1078526260,1,1,25,1,25,,"0.0, 0.0, 0.0","1.0, 1.0, 1.0"
314,"faces_ex314.inp","Lognormal",2,"mean_nsamp",-1,"sigma",1,"theta_true",0,"theta_CV",1,"G",0,3,4,0.1,1,0.6,50,100,5,1078526260,1,1,25,1,25,,"0.0, 0.0, 0.0","1.0, 1.0, 1.0"
315,"faces_ex315.inp","Lognormal",2,"mean_nsamp",-1,"sigma",1,"theta_true",0,"theta_CV",1,"G",1,3,8,0.1,1,0.6,50,100,5,1078526260,1,1,25,1,25,,"0.0, 0.0, 0.0","1.0, 1.0, 1.0"
316,"faces_ex316.inp","Lognormal",2,"mean_nsamp",-1,"sigma",1,"theta_true",1,"theta_CV",-1,"G",-1,3,2,0.1,2,0,50,100,5,1078526260,1,1,25,1,25,,"0.0, 0.0, 0.0","1.0, 1.0, 1.0"
317,"faces_ex317.inp","Lognormal",2,"mean_nsamp",-1,"sigma",1,"theta_true",1,"theta_CV",-1,"G",0,3,4,0.1,2,0,50,100,5,1078526260,1,1,25,1,25,,"0.0, 0.0, 0.0","1.0, 1.0, 1.0"
318,"faces_ex318.inp","Lognormal",2,"mean_nsamp",-1,"sigma",1,"theta_true",1,"theta_CV",-1,"G",1,3,8,0.1,2,0,50,100,5,1078526260,1,1,25,1,25,,"0.0, 0.0, 0.0","1.0, 1.0, 1.0"
319,"faces_ex319.inp","Lognormal",2,"mean_nsamp",-1,"sigma",1,"theta_true",1,"theta_CV",0,"G",-1,3,2,0.1,2,0.2,50,100,5,1078526260,1,1,25,1,25,,"0.0, 0.0, 0.0","1.0, 1.0, 1.0"
320,"faces_ex320.inp","Lognormal",2,"mean_nsamp",-1,"sigma",1,"theta_true",1,"theta_CV",0,"G",0,3,4,0.1,2,0.2,50,100,5,1078526260,1,1,25,1,25,,"0.0, 0.0, 0.0","1.0, 1.0, 1.0"
321,"faces_ex321.inp","Lognormal",2,"mean_nsamp",-1,"sigma",1,"theta_true",1,"theta_CV",0,"G",1,3,8,0.1,2,0.2,50,100,5,1078526260,1,1,25,1,25,,"0.0, 0.0, 0.0","1.0, 1.0, 1.0"
322,"faces_ex322.inp","Lognormal",2,"mean_nsamp",-1,"sigma",1,"theta_true",1,"theta_CV",1,"G",-1,3,2,0.1,2,0.6,50,100,5,1078526260,1,1,25,1,25,,"0.0, 0.0, 0.0","1.0, 1.0, 1.0"
323,"faces_ex323.inp","Lognormal",2,"mean_nsamp",-1,"sigma",1,"theta_true",1,"theta_CV",1,"G",0,3,4,0.1,2,0.6,50,100,5,1078526260,1,1,25,1,25,,"0.0, 0.0, 0.0","1.0, 1.0, 1.0"
324,"faces_ex324.inp","Lognormal",2,"mean_nsamp",-1,"sigma",1,"theta_true",1,"theta_CV",1,"G",1,3,8,0.1,2,0.6,50,100,5,1078526260,1,1,25,1,25,,"0.0, 0.0, 0.0","1.0, 1.0, 1.0"
325,"faces_ex325.inp","Lognormal",2,"mean_nsamp",0,"sigma",-1,"theta_true",-1,"theta_CV",-1,"G",-1,3,2,0.1,0.5,0,50,100,5,1078526260,1,0.25,50,1,25,,"0.0, 0.0, 0.0","1.0, 1.0, 1.0"
326,"faces_ex326.inp","Lognormal",2,"mean_nsamp",0,"sigma",-1,"theta_true",-1,"theta_CV",-1,"G",0,3,4,0.1,0.5,0,50,100,5,1078526260,1,0.25,50,1,25,,"0.0, 0.0, 0.0","1.0, 1.0, 1.0"
327,"faces_ex327.inp","Lognormal",2,"mean_nsamp",0,"sigma",-1,"theta_true",-1,"theta_CV",-1,"G",1,3,8,0.1,0.5,0,50,100,5,1078526260,1,0.25,50,1,25,,"0.0, 0.0, 0.0","1.0, 1.0, 1.0"
328,"faces_ex328.inp","Lognormal",2,"mean_nsamp",0,"sigma",-1,"theta_true",-1,"theta_CV",0,"G",-1,3,2,0.1,0.5,0.2,50,100,5,1078526260,1,0.25,50,1,25,,"0.0, 0.0, 0.0","1.0, 1.0, 1.0"
329,"faces_ex329.inp","Lognormal",2,"mean_nsamp",0,"sigma",-1,"theta_true",-1,"theta_CV",0,"G",0,3,4,0.1,0.5,0.2,50,100,5,1078526260,1,0.25,50,1,25,,"0.0, 0.0, 0.0","1.0, 1.0, 1.0"
330,"faces_ex330.inp","Lognormal",2,"mean_nsamp",0,"sigma",-1,"theta_true",-1,"theta_CV",0,"G",1,3,8,0.1,0.5,0.2,50,100,5,1078526260,1,0.25,50,1,25,,"0.0, 0.0, 0.0","1.0, 1.0, 1.0"
331,"faces_ex331.inp","Lognormal",2,"mean_nsamp",0,"sigma",-1,"theta_true",-1,"theta_CV",1,"G",-1,3,2,0.1,0.5,0.6,50,100,5,1078526260,1,0.25,50,1,25,,"0.0, 0.0, 0.0","1.0, 1.0, 1.0"
332,"faces_ex332.inp","Lognormal",2,"mean_nsamp",0,"sigma",-1,"theta_true",-1,"theta_CV",1,"G",0,3,4,0.1,0.5,0.6,50,100,5,1078526260,1,0.25,50,1,25,,"0.0, 0.0, 0.0","1.0, 1.0, 1.0"
333,"faces_ex333.inp","Lognormal",2,"mean_nsamp",0,"sigma",-1,"theta_true",-1,"theta_CV",1,"G",1,3,8,0.1,0.5,0.6,50,100,5,1078526260,1,0.25,50,1,25,,"0.0, 0.0, 0.0","1.0, 1.0, 1.0"
334,"faces_ex334.inp","Lognormal",2,"mean_nsamp",0,"sigma",-1,"theta_true",0,"theta_CV",-1,"G",-1,3,2,0.1,1,0,50,100,5,1078526260,1,0.25,50,1,25,,"0.0, 0.0, 0.0","1.0, 1.0, 1.0"
335,"faces_ex335.inp","Lognormal",2,"mean_nsamp",0,"sigma",-1,"theta_true",0,"theta_CV",-1,"G",0,3,4,0.1,1,0,50,100,5,1078526260,1,0.25,50,1,25,,"0.0, 0.0, 0.0","1.0, 1.0, 1.0"
336,"faces_ex336.inp","Lognormal",2,"mean_nsamp",0,"sigma",-1,"theta_true",0,"theta_CV",-1,"G",1,3,8,0.1,1,0,50,100,5,1078526260,1,0.25,50,1,25,,"0.0, 0.0, 0.0","1.0, 1.0, 1.0"
337,"faces_ex337.inp","Lognormal",2,"mean_nsamp",0,"sigma",-1,"theta_true",0,"theta_CV",0,"G",-1,3,2,0.1,1,0.2,50,100,5,1078526260,1,0.25,50,1,25,,"0.0, 0.0, 0.0","1.0, 1.0, 1.0"
338,"faces_ex338.inp","Lognormal",2,"mean_nsamp",0,"sigma",-1,"theta_true",0,"theta_CV",0,"G",0,3,4,0.1,1,0.2,50,100,5,1078526260,1,0.25,50,1,25,,"0.0, 0.0, 0.0","1.0, 1.0, 1.0"
339,"faces_ex339.inp","Lognormal",2,"mean_nsamp",0,"sigma",-1,"theta_true",0,"theta_CV",0,"G",1,3,8,0.1,1,0.2,50,100,5,1078526260,1,0.25,50,1,25,,"0.0, 0.0, 0.0","1.0, 1.0, 1.0"
340,"faces_ex340.inp","Lognormal",2,"mean_nsamp",0,"sigma",-1,"theta_true",0,"theta_CV",1,"G",-1,3,2,0.1,1,0.6,50,100,5,1078526260,1,0.25,50,1,25,,"0.0, 0.0, 0.0","1.0, 1.0, 1.0"
341,"faces_ex341.inp","Lognormal",2,"mean_nsamp",0,"sigma",-1,"theta_true",0,"theta_CV",1,"G",0,3,4,0.1,1,0.6,50,100,5,1078526260,1,0.25,50,1,25,,"0.0, 0.0, 0.0","1.0, 1.0, 1.0"
342,"faces_ex342.inp","Lognormal",2,"mean_nsamp",0,"sigma",-1,"theta_true",0,"theta_CV",1,"G",1,3,8,0.1,1,0.6,50,100,5,1078526260,1,0.25,50,1,25,,"0.0, 0.0, 0.0","1.0, 1.0, 1.0"
343,"faces_ex343.inp","Lognormal",2,"mean_nsamp",0,"sigma",-1,"theta_true",1,"theta_CV",-1,"G",-1,3,2,0.1,2,0,50,100,5,1078526260,1,0.25,50,1,25,,"0.0, 0.0, 0.0","1.0, 1.0, 1.0"
344,"faces_ex344.inp","Lognormal",2,"mean_nsamp",0,"sigma",-1,"theta_true",1,"theta_CV",-1,"G",0,3,4,0.1,2,0,50,100,5,1078526260,1,0.25,50,1,25,,"0.0, 0.0, 0.0","1.0, 1.0, 1.0"
345,"faces_ex345.inp","Lognormal",2,"mean_nsamp",0,"sigma",-1,"theta_true",1,"theta_CV",-1,"G",1,3,8,0.1,2,0,50,100,5,1078526260,1,0.25,50,1,25,,"0.0, 0.0, 0.0","1.0, 1.0, 1.0"
346,"faces_ex346.inp","Lognormal",2,"mean_nsamp",0,"sigma",-1,"theta_true",1,"theta_CV",0,"G",-1,3,2,0.1,2,0.2,50,100,5,1078526260,1,0.25,50,1,25,,"0.0, 0.0, 0.0","1.0, 1.0, 1.0"
347,"faces_ex347.inp","Lognormal",2,"mean_nsamp",0,"sigma",-1,"theta_true",1,"theta_CV",0,"G",0,3,4,0.1,2,0.2,50,100,5,1078526260,1,0.25,50,1,25,,"0.0, 0.0, 0.0","1.0, 1.0, 1.0"
348,"faces_ex348.inp","Lognormal",2,"mean_nsamp",0,"sigma",-1,"theta_true",1,"theta_CV",0,"G",1,3,8,0.1,2,0.2,50,100,5,1078526260,1,0.25,50,1,25,,"0.0, 0.0, 0.0","1.0, 1.0, 1.0"
349,"faces_ex349.inp","Lognormal",2,"mean_nsamp",0,"sigma",-1,"theta_true",1,"theta_CV",1,"G",-1,3,2,0.1,2,0.6,50,100,5,1078526260,1,0.25,50,1,25,,"0.0, 0.0, 0.0","1.0, 1.0, 1.0"
350,"faces_ex350.inp","Lognormal",2,"mean_nsamp",0,"sigma",-1,"theta_true",1,"theta_CV",1,"G",0,3,4,0.1,2,0.6,50,100,5,1078526260,1,0.25,50,1,25,,"0.0, 0.0, 0.0","1.0, 1.0, 1.0"
351,"faces_ex351.inp","Lognormal",2,"mean_nsamp",0,"sigma",-1,"theta_true",1,"theta_CV",1,"G",1,3,8,0.1,2,0.6,50,100,5,1078526260,1,0.25,50,1,25,,"0.0, 0.0, 0.0","1.0, 1.0, 1.0"
352,"faces_ex352.inp","Lognormal",2,"mean_nsamp",0,"sigma",0,"theta_true",-1,"theta_CV",-1,"G",-1,3,2,0.1,0.5,0,50,100,5,1078526260,1,0.5,50,1,25,,"0.0, 0.0, 0.0","1.0, 1.0, 1.0"
353,"faces_ex353.inp","Lognormal",2,"mean_nsamp",0,"sigma",0,"theta_true",-1,"theta_CV",-1,"G",0,3,4,0.1,0.5,0,50,100,5,1078526260,1,0.5,50,1,25,,"0.0, 0.0, 0.0","1.0, 1.0, 1.0"
354,"faces_ex354.inp","Lognormal",2,"mean_nsamp",0,"sigma",0,"theta_true",-1,"theta_CV",-1,"G",1,3,8,0.1,0.5,0,50,100,5,1078526260,1,0.5,50,1,25,,"0.0, 0.0, 0.0","1.0, 1.0, 1.0"
355,"faces_ex355.inp","Lognormal",2,"mean_nsamp",0,"sigma",0,"theta_true",-1,"theta_CV",0,"G",-1,3,2,0.1,0.5,0.2,50,100,5,1078526260,1,0.5,50,1,25,,"0.0, 0.0, 0.0","1.0, 1.0, 1.0"
356,"faces_ex356.inp","Lognormal",2,"mean_nsamp",0,"sigma",0,"theta_true",-1,"theta_CV",0,"G",0,3,4,0.1,0.5,0.2,50,100,5,1078526260,1,0.5,50,1,25,,"0.0, 0.0, 0.0","1.0, 1.0, 1.0"
357,"faces_ex357.inp","Lognormal",2,"mean_nsamp",0,"sigma",0,"theta_true",-1,"theta_CV",0,"G",1,3,8,0.1,0.5,0.2,50,100,5,1078526260,1,0.5,50,1,25,,"0.0, 0.0, 0.0","1.0, 1.0, 1.0"
358,"faces_ex358.inp","Lognormal",2,"mean_nsamp",0,"sigma",0,"theta_true",-1,"theta_CV",1,"G",-1,3,2,0.1,0.5,0.6,50,100,5,1078526260,1,0.5,50,1,25,,"0.0, 0.0, 0.0","1.0, 1.0, 1.0"
359,"faces_ex359.inp","Lognormal",2,"mean_nsamp",0,"sigma",0,"theta_true",-1,"theta_CV",1,"G",0,3,4,0.1,0.5,0.6,50,100,5,1078526260,1,0.5,50,1,25,,"0.0, 0.0, 0.0","1.0, 1.0, 1.0"
360,"faces_ex360.inp","Lognormal",2,"mean_nsamp",0,"sigma",0,"theta_true",-1,"theta_CV",1,"G",1,3,8,0.1,0.5,0.6,50,100,5,1078526260,1,0.5,50,1,25,,"0.0, 0.0, 0.0","1.0, 1.0, 1.0"
361,"faces_ex361.inp","Lognormal",2,"mean_nsamp",0,"sigma",0,"theta_true",0,"theta_CV",-1,"G",-1,3,2,0.1,1,0,50,100,5,1078526260,1,0.5,50,1,25,,"0.0, 0.0, 0.0","1.0, 1.0, 1.0"
362,"faces_ex362.inp","Lognormal",2,"mean_nsamp",0,"sigma",0,"theta_true",0,"theta_CV",-1,"G",0,3,4,0.1,1,0,50,100,5,1078526260,1,0.5,50,1,25,,"0.0, 0.0, 0.0","1.0, 1.0, 1.0"
363,"faces_ex363.inp","Lognormal",2,"mean_nsamp",0,"sigma",0,"theta_true",0,"theta_CV",-1,"G",1,3,8,0.1,1,0,50,100,5,1078526260,1,0.5,50,1,25,,"0.0, 0.0, 0.0","1.0, 1.0, 1.0"
364,"faces_ex364.inp","Lognormal",2,"mean_nsamp",0,"sigma",0,"theta_true",0,"theta_CV",0,"G",-1,3,2,0.1,1,0.2,50,100,5,1078526260,1,0.5,50,1,25,,"0.0, 0.0, 0.0","1.0, 1.0, 1.0"
365,"faces_ex365.inp","Lognormal",2,"mean_nsamp",0,"sigma",0,"theta_true",0,"theta_CV",0,"G",0,3,4,0.1,1,0.2,50,100,5,1078526260,1,0.5,50,1,25,,"0.0, 0.0, 0.0","1.0, 1.0, 1.0"
366,"faces_ex366.inp","Lognormal",2,"mean_nsamp",0,"sigma",0,"theta_true",0,"theta_CV",0,"G",1,3,8,0.1,1,0.2,50,100,5,1078526260,1,0.5,50,1,25,,"0.0, 0.0, 0.0","1.0, 1.0, 1.0"
367,"faces_ex367.inp","Lognormal",2,"mean_nsamp",0,"sigma",0,"theta_true",0,"theta_CV",1,"G",-1,3,2,0.1,1,0.6,50,100,5,1078526260,1,0.5,50,1,25,,"0.0, 0.0, 0.0","1.0, 1.0, 1.0"
368,"faces_ex368.inp","Lognormal",2,"mean_nsamp",0,"sigma",0,"theta_true",0,"theta_CV",1,"G",0,3,4,0.1,1,0.6,50,100,5,1078526260,1,0.5,50,1,25,,"0.0, 0.0, 0.0","1.0, 1.0, 1.0"
369,"faces_ex369.inp","Lognormal",2,"mean_nsamp",0,"sigma",0,"theta_true",0,"theta_CV",1,"G",1,3,8,0.1,1,0.6,50,100,5,1078526260,1,0.5,50,1,25,,"0.0, 0.0, 0.0","1.0, 1.0, 1.0"
370,"faces_ex370.inp","Lognormal",2,"mean_nsamp",0,"sigma",0,"theta_true",1,"theta_CV",-1,"G",-1,3,2,0.1,2,0,50,100,5,1078526260,1,0.5,50,1,25,,"0.0, 0.0, 0.0","1.0, 1.0, 1.0"
371,"faces_ex371.inp","Lognormal",2,"mean_nsamp",0,"sigma",0,"theta_true",1,"theta_CV",-1,"G",0,3,4,0.1,2,0,50,100,5,1078526260,1,0.5,50,1,25,,"0.0, 0.0, 0.0","1.0, 1.0, 1.0"
372,"faces_ex372.inp","Lognormal",2,"mean_nsamp",0,"sigma",0,"theta_true",1,"theta_CV",-1,"G",1,3,8,0.1,2,0,50,100,5,1078526260,1,0.5,50,1,25,,"0.0, 0.0, 0.0","1.0, 1.0, 1.0"
373,"faces_ex373.inp","Lognormal",2,"mean_nsamp",0,"sigma",0,"theta_true",1,"theta_CV",0,"G",-1,3,2,0.1,2,0.2,50,100,5,1078526260,1,0.5,50,1,25,,"0.0, 0.0, 0.0","1.0, 1.0, 1.0"
374,"faces_ex374.inp","Lognormal",2,"mean_nsamp",0,"sigma",0,"theta_true",1,"theta_CV",0,"G",0,3,4,0.1,2,0.2,50,100,5,1078526260,1,0.5,50,1,25,,"0.0, 0.0, 0.0","1.0, 1.0, 1.0"
375,"faces_ex375.inp","Lognormal",2,"mean_nsamp",0,"sigma",0,"theta_true",1,"theta_CV",0,"G",1,3,8,0.1,2,0.2,50,100,5,1078526260,1,0.5,50,1,25,,"0.0, 0.0, 0.0","1.0, 1.0, 1.0"
376,"faces_ex376.inp","Lognormal",2,"mean_nsamp",0,"sigma",0,"theta_true",1,"theta_CV",1,"G",-1,3,2,0.1,2,0.6,50,100,5,1078526260,1,0.5,50,1,25,,"0.0, 0.0, 0.0","1.0, 1.0, 1.0"
377,"faces_ex377.inp","Lognormal",2,"mean_nsamp",0,"sigma",0,"theta_true",1,"theta_CV",1,"G",0,3,4,0.1,2,0.6,50,100,5,1078526260,1,0.5,50,1,25,,"0.0, 0.0, 0.0","1.0, 1.0, 1.0"
378,"faces_ex378.inp","Lognormal",2,"mean_nsamp",0,"sigma",0,"theta_true",1,"theta_CV",1,"G",1,3,8,0.1,2,0.6,50,100,5,1078526260,1,0.5,50,1,25,,"0.0, 0.0, 0.0","1.0, 1.0, 1.0"
379,"faces_ex379.inp","Lognormal",2,"mean_nsamp",0,"sigma",1,"theta_true",-1,"theta_CV",-1,"G",-1,3,2,0.1,0.5,0,50,100,5,1078526260,1,1,50,1,25,,"0.0, 0.0, 0.0","1.0, 1.0, 1.0"
380,"faces_ex380.inp","Lognormal",2,"mean_nsamp",0,"sigma",1,"theta_true",-1,"theta_CV",-1,"G",0,3,4,0.1,0.5,0,50,100,5,1078526260,1,1,50,1,25,,"0.0, 0.0, 0.0","1.0, 1.0, 1.0"
381,"faces_ex381.inp","Lognormal",2,"mean_nsamp",0,"sigma",1,"theta_true",-1,"theta_CV",-1,"G",1,3,8,0.1,0.5,0,50,100,5,1078526260,1,1,50,1,25,,"0.0, 0.0, 0.0","1.0, 1.0, 1.0"
382,"faces_ex382.inp","Lognormal",2,"mean_nsamp",0,"sigma",1,"theta_true",-1,"theta_CV",0,"G",-1,3,2,0.1,0.5,0.2,50,100,5,1078526260,1,1,50,1,25,,"0.0, 0.0, 0.0","1.0, 1.0, 1.0"
383,"faces_ex383.inp","Lognormal",2,"mean_nsamp",0,"sigma",1,"theta_true",-1,"theta_CV",0,"G",0,3,4,0.1,0.5,0.2,50,100,5,1078526260,1,1,50,1,25,,"0.0, 0.0, 0.0","1.0, 1.0, 1.0"
384,"faces_ex384.inp","Lognormal",2,"mean_nsamp",0,"sigma",1,"theta_true",-1,"theta_CV",0,"G",1,3,8,0.1,0.5,0.2,50,100,5,1078526260,1,1,50,1,25,,"0.0, 0.0, 0.0","1.0, 1.0, 1.0"
385,"faces_ex385.inp","Lognormal",2,"mean_nsamp",0,"sigma",1,"theta_true",-1,"theta_CV",1,"G",-1,3,2,0.1,0.5,0.6,50,100,5,1078526260,1,1,50,1,25,,"0.0, 0.0, 0.0","1.0, 1.0, 1.0"
386,"faces_ex386.inp","Lognormal",2,"mean_nsamp",0,"sigma",1,"theta_true",-1,"theta_CV",1,"G",0,3,4,0.1,0.5,0.6,50,100,5,1078526260,1,1,50,1,25,,"0.0, 0.0, 0.0","1.0, 1.0, 1.0"
387,"faces_ex387.inp","Lognormal",2,"mean_nsamp",0,"sigma",1,"theta_true",-1,"theta_CV",1,"G",1,3,8,0.1,0.5,0.6,50,100,5,1078526260,1,1,50,1,25,,"0.0, 0.0, 0.0","1.0, 1.0, 1.0"
388,"faces_ex388.inp","Lognormal",2,"mean_nsamp",0,"sigma",1,"theta_true",0,"theta_CV",-1,"G",-1,3,2,0.1,1,0,50,100,5,1078526260,1,1,50,1,25,,"0.0, 0.0, 0.0","1.0, 1.0, 1.0"
389,"faces_ex389.inp","Lognormal",2,"mean_nsamp",0,"sigma",1,"theta_true",0,"theta_CV",-1,"G",0,3,4,0.1,1,0,50,100,5,1078526260,1,1,50,1,25,,"0.0, 0.0, 0.0","1.0, 1.0, 1.0"
390,"faces_ex390.inp","Lognormal",2,"mean_nsamp",0,"sigma",1,"theta_true",0,"theta_CV",-1,"G",1,3,8,0.1,1,0,50,100,5,1078526260,1,1,50,1,25,,"0.0, 0.0, 0.0","1.0, 1.0, 1.0"
391,"faces_ex391.inp","Lognormal",2,"mean_nsamp",0,"sigma",1,"theta_true",0,"theta_CV",0,"G",-1,3,2,0.1,1,0.2,50,100,5,1078526260,1,1,50,1,25,,"0.0, 0.0, 0.0","1.0, 1.0, 1.0"
392,"faces_ex392.inp","Lognormal",2,"mean_nsamp",0,"sigma",1,"theta_true",0,"theta_CV",0,"G",0,3,4,0.1,1,0.2,50,100,5,1078526260,1,1,50,1,25,,"0.0, 0.0, 0.0","1.0, 1.0, 1.0"
393,"faces_ex393.inp","Lognormal",2,"mean_nsamp",0,"sigma",1,"theta_true",0,"theta_CV",0,"G",1,3,8,0.1,1,0.2,50,100,5,1078526260,1,1,50,1,25,,"0.0, 0.0, 0.0","1.0, 1.0, 1.0"
394,"faces_ex394.inp","Lognormal",2,"mean_nsamp",0,"sigma",1,"theta_true",0,"theta_CV",1,"G",-1,3,2,0.1,1,0.6,50,100,5,1078526260,1,1,50,1,25,,"0.0, 0.0, 0.0","1.0, 1.0, 1.0"
395,"faces_ex395.inp","Lognormal",2,"mean_nsamp",0,"sigma",1,"theta_true",0,"theta_CV",1,"G",0,3,4,0.1,1,0.6,50,100,5,1078526260,1,1,50,1,25,,"0.0, 0.0, 0.0","1.0, 1.0, 1.0"
396,"faces_ex396.inp","Lognormal",2,"mean_nsamp",0,"sigma",1,"theta_true",0,"theta_CV",1,"G",1,3,8,0.1,1,0.6,50,100,5,1078526260,1,1,50,1,25,,"0.0, 0.0, 0.0","1.0, 1.0, 1.0"
397,"faces_ex397.inp","Lognormal",2,"mean_nsamp",0,"sigma",1,"theta_true",1,"theta_CV",-1,"G",-1,3,2,0.1,2,0,50,100,5,1078526260,1,1,50,1,25,,"0.0, 0.0, 0.0","1.0, 1.0, 1.0"
398,"faces_ex398.inp","Lognormal",2,"mean_nsamp",0,"sigma",1,"theta_true",1,"theta_CV",-1,"G",0,3,4,0.1,2,0,50,100,5,1078526260,1,1,50,1,25,,"0.0, 0.0, 0.0","1.0, 1.0, 1.0"
399,"faces_ex399.inp","Lognormal",2,"mean_nsamp",0,"sigma",1,"theta_true",1,"theta_CV",-1,"G",1,3,8,0.1,2,0,50,100,5,1078526260,1,1,50,1,25,,"0.0, 0.0, 0.0","1.0, 1.0, 1.0"
400,"faces_ex400.inp","Lognormal",2,"mean_nsamp",0,"sigma",1,"theta_true",1,"theta_CV",0,"G",-1,3,2,0.1,2,0.2,50,100,5,1078526260,1,1,50,1,25,,"0.0, 0.0, 0.0","1.0, 1.0, 1.0"
401,"faces_ex401.inp","Lognormal",2,"mean_nsamp",0,"sigma",1,"theta_true",1,"theta_CV",0,"G",0,3,4,0.1,2,0.2,50,100,5,1078526260,1,1,50,1,25,,"0.0, 0.0, 0.0","1.0, 1.0, 1.0"
402,"faces_ex402.inp","Lognormal",2,"mean_nsamp",0,"sigma",1,"theta_true",1,"theta_CV",0,"G",1,3,8,0.1,2,0.2,50,100,5,1078526260,1,1,50,1,25,,"0.0, 0.0, 0.0","1.0, 1.0, 1.0"
403,"faces_ex403.inp","Lognormal",2,"mean_nsamp",0,"sigma",1,"theta_true",1,"theta_CV",1,"G",-1,3,2,0.1,2,0.6,50,100,5,1078526260,1,1,50,1,25,,"0.0, 0.0, 0.0","1.0, 1.0, 1.0"
404,"faces_ex404.inp","Lognormal",2,"mean_nsamp",0,"sigma",1,"theta_true",1,"theta_CV",1,"G",0,3,4,0.1,2,0.6,50,100,5,1078526260,1,1,50,1,25,,"0.0, 0.0, 0.0","1.0, 1.0, 1.0"
405,"faces_ex405.inp","Lognormal",2,"mean_nsamp",0,"sigma",1,"theta_true",1,"theta_CV",1,"G",1,3,8,0.1,2,0.6,50,100,5,1078526260,1,1,50,1,25,,"0.0, 0.0, 0.0","1.0, 1.0, 1.0"
406,"faces_ex406.inp","Lognormal",2,"mean_nsamp",1,"sigma",-1,"theta_true",-1,"theta_CV",-1,"G",-1,3,2,0.1,0.5,0,50,100,5,1078526260,1,0.25,100,1,25,,"0.0, 0.0, 0.0","1.0, 1.0, 1.0"
407,"faces_ex407.inp","Lognormal",2,"mean_nsamp",1,"sigma",-1,"theta_true",-1,"theta_CV",-1,"G",0,3,4,0.1,0.5,0,50,100,5,1078526260,1,0.25,100,1,25,,"0.0, 0.0, 0.0","1.0, 1.0, 1.0"
408,"faces_ex408.inp","Lognormal",2,"mean_nsamp",1,"sigma",-1,"theta_true",-1,"theta_CV",-1,"G",1,3,8,0.1,0.5,0,50,100,5,1078526260,1,0.25,100,1,25,,"0.0, 0.0, 0.0","1.0, 1.0, 1.0"
409,"faces_ex409.inp","Lognormal",2,"mean_nsamp",1,"sigma",-1,"theta_true",-1,"theta_CV",0,"G",-1,3,2,0.1,0.5,0.2,50,100,5,1078526260,1,0.25,100,1,25,,"0.0, 0.0, 0.0","1.0, 1.0, 1.0"
410,"faces_ex410.inp","Lognormal",2,"mean_nsamp",1,"sigma",-1,"theta_true",-1,"theta_CV",0,"G",0,3,4,0.1,0.5,0.2,50,100,5,1078526260,1,0.25,100,1,25,,"0.0, 0.0, 0.0","1.0, 1.0, 1.0"
411,"faces_ex411.inp","Lognormal",2,"mean_nsamp",1,"sigma",-1,"theta_true",-1,"theta_CV",0,"G",1,3,8,0.1,0.5,0.2,50,100,5,1078526260,1,0.25,100,1,25,,"0.0, 0.0, 0.0","1.0, 1.0, 1.0"
412,"faces_ex412.inp","Lognormal",2,"mean_nsamp",1,"sigma",-1,"theta_true",-1,"theta_CV",1,"G",-1,3,2,0.1,0.5,0.6,50,100,5,1078526260,1,0.25,100,1,25,,"0.0, 0.0, 0.0","1.0, 1.0, 1.0"
413,"faces_ex413.inp","Lognormal",2,"mean_nsamp",1,"sigma",-1,"theta_true",-1,"theta_CV",1,"G",0,3,4,0.1,0.5,0.6,50,100,5,1078526260,1,0.25,100,1,25,,"0.0, 0.0, 0.0","1.0, 1.0, 1.0"
414,"faces_ex414.inp","Lognormal",2,"mean_nsamp",1,"sigma",-1,"theta_true",-1,"theta_CV",1,"G",1,3,8,0.1,0.5,0.6,50,100,5,1078526260,1,0.25,100,1,25,,"0.0, 0.0, 0.0","1.0, 1.0, 1.0"
415,"faces_ex415.inp","Lognormal",2,"mean_nsamp",1,"sigma",-1,"theta_true",0,"theta_CV",-1,"G",-1,3,2,0.1,1,0,50,100,5,1078526260,1,0.25,100,1,25,,"0.0, 0.0, 0.0","1.0, 1.0, 1.0"
416,"faces_ex416.inp","Lognormal",2,"mean_nsamp",1,"sigma",-1,"theta_true",0,"theta_CV",-1,"G",0,3,4,0.1,1,0,50,100,5,1078526260,1,0.25,100,1,25,,"0.0, 0.0, 0.0","1.0, 1.0, 1.0"
417,"faces_ex417.inp","Lognormal",2,"mean_nsamp",1,"sigma",-1,"theta_true",0,"theta_CV",-1,"G",1,3,8,0.1,1,0,50,100,5,1078526260,1,0.25,100,1,25,,"0.0, 0.0, 0.0","1.0, 1.0, 1.0"
418,"faces_ex418.inp","Lognormal",2,"mean_nsamp",1,"sigma",-1,"theta_true",0,"theta_CV",0,"G",-1,3,2,0.1,1,0.2,50,100,5,1078526260,1,0.25,100,1,25,,"0.0, 0.0, 0.0","1.0, 1.0, 1.0"
419,"faces_ex419.inp","Lognormal",2,"mean_nsamp",1,"sigma",-1,"theta_true",0,"theta_CV",0,"G",0,3,4,0.1,1,0.2,50,100,5,1078526260,1,0.25,100,1,25,,"0.0, 0.0, 0.0","1.0, 1.0, 1.0"
420,"faces_ex420.inp","Lognormal",2,"mean_nsamp",1,"sigma",-1,"theta_true",0,"theta_CV",0,"G",1,3,8,0.1,1,0.2,50,100,5,1078526260,1,0.25,100,1,25,,"0.0, 0.0, 0.0","1.0, 1.0, 1.0"
421,"faces_ex421.inp","Lognormal",2,"mean_nsamp",1,"sigma",-1,"theta_true",0,"theta_CV",1,"G",-1,3,2,0.1,1,0.6,50,100,5,1078526260,1,0.25,100,1,25,,"0.0, 0.0, 0.0","1.0, 1.0, 1.0"
422,"faces_ex422.inp","Lognormal",2,"mean_nsamp",1,"sigma",-1,"theta_true",0,"theta_CV",1,"G",0,3,4,0.1,1,0.6,50,100,5,1078526260,1,0.25,100,1,25,,"0.0, 0.0, 0.0","1.0, 1.0, 1.0"
423,"faces_ex423.inp","Lognormal",2,"mean_nsamp",1,"sigma",-1,"theta_true",0,"theta_CV",1,"G",1,3,8,0.1,1,0.6,50,100,5,1078526260,1,0.25,100,1,25,,"0.0, 0.0, 0.0","1.0, 1.0, 1.0"
424,"faces_ex424.inp","Lognormal",2,"mean_nsamp",1,"sigma",-1,"theta_true",1,"theta_CV",-1,"G",-1,3,2,0.1,2,0,50,100,5,1078526260,1,0.25,100,1,25,,"0.0, 0.0, 0.0","1.0, 1.0, 1.0"
425,"faces_ex425.inp","Lognormal",2,"mean_nsamp",1,"sigma",-1,"theta_true",1,"theta_CV",-1,"G",0,3,4,0.1,2,0,50,100,5,1078526260,1,0.25,100,1,25,,"0.0, 0.0, 0.0","1.0, 1.0, 1.0"
426,"faces_ex426.inp","Lognormal",2,"mean_nsamp",1,"sigma",-1,"theta_true",1,"theta_CV",-1,"G",1,3,8,0.1,2,0,50,100,5,1078526260,1,0.25,100,1,25,,"0.0, 0.0, 0.0","1.0, 1.0, 1.0"
427,"faces_ex427.inp","Lognormal",2,"mean_nsamp",1,"sigma",-1,"theta_true",1,"theta_CV",0,"G",-1,3,2,0.1,2,0.2,50,100,5,1078526260,1,0.25,100,1,25,,"0.0, 0.0, 0.0","1.0, 1.0, 1.0"
428,"faces_ex428.inp","Lognormal",2,"mean_nsamp",1,"sigma",-1,"theta_true",1,"theta_CV",0,"G",0,3,4,0.1,2,0.2,50,100,5,1078526260,1,0.25,100,1,25,,"0.0, 0.0, 0.0","1.0, 1.0, 1.0"
429,"faces_ex429.inp","Lognormal",2,"mean_nsamp",1,"sigma",-1,"theta_true",1,"theta_CV",0,"G",1,3,8,0.1,2,0.2,50,100,5,1078526260,1,0.25,100,1,25,,"0.0, 0.0, 0.0","1.0, 1.0, 1.0"
430,"faces_ex430.inp","Lognormal",2,"mean_nsamp",1,"sigma",-1,"theta_true",1,"theta_CV",1,"G",-1,3,2,0.1,2,0.6,50,100,5,1078526260,1,0.25,100,1,25,,"0.0, 0.0, 0.0","1.0, 1.0, 1.0"
431,"faces_ex431.inp","Lognormal",2,"mean_nsamp",1,"sigma",-1,"theta_true",1,"theta_CV",1,"G",0,3,4,0.1,2,0.6,50,100,5,1078526260,1,0.25,100,1,25,,"0.0, 0.0, 0.0","1.0, 1.0, 1.0"
432,"faces_ex432.inp","Lognormal",2,"mean_nsamp",1,"sigma",-1,"theta_true",1,"theta_CV",1,"G",1,3,8,0.1,2,0.6,50,100,5,1078526260,1,0.25,100,1,25,,"0.0, 0.0, 0.0","1.0, 1.0, 1.0"
433,"faces_ex433.inp","Lognormal",2,"mean_nsamp",1,"sigma",0,"theta_true",-1,"theta_CV",-1,"G",-1,3,2,0.1,0.5,0,50,100,5,1078526260,1,0.5,100,1,25,,"0.0, 0.0, 0.0","1.0, 1.0, 1.0"
434,"faces_ex434.inp","Lognormal",2,"mean_nsamp",1,"sigma",0,"theta_true",-1,"theta_CV",-1,"G",0,3,4,0.1,0.5,0,50,100,5,1078526260,1,0.5,100,1,25,,"0.0, 0.0, 0.0","1.0, 1.0, 1.0"
435,"faces_ex435.inp","Lognormal",2,"mean_nsamp",1,"sigma",0,"theta_true",-1,"theta_CV",-1,"G",1,3,8,0.1,0.5,0,50,100,5,1078526260,1,0.5,100,1,25,,"0.0, 0.0, 0.0","1.0, 1.0, 1.0"
436,"faces_ex436.inp","Lognormal",2,"mean_nsamp",1,"sigma",0,"theta_true",-1,"theta_CV",0,"G",-1,3,2,0.1,0.5,0.2,50,100,5,1078526260,1,0.5,100,1,25,,"0.0, 0.0, 0.0","1.0, 1.0, 1.0"
437,"faces_ex437.inp","Lognormal",2,"mean_nsamp",1,"sigma",0,"theta_true",-1,"theta_CV",0,"G",0,3,4,0.1,0.5,0.2,50,100,5,1078526260,1,0.5,100,1,25,,"0.0, 0.0, 0.0","1.0, 1.0, 1.0"
438,"faces_ex438.inp","Lognormal",2,"mean_nsamp",1,"sigma",0,"theta_true",-1,"theta_CV",0,"G",1,3,8,0.1,0.5,0.2,50,100,5,1078526260,1,0.5,100,1,25,,"0.0, 0.0, 0.0","1.0, 1.0, 1.0"
439,"faces_ex439.inp","Lognormal",2,"mean_nsamp",1,"sigma",0,"theta_true",-1,"theta_CV",1,"G",-1,3,2,0.1,0.5,0.6,50,100,5,1078526260,1,0.5,100,1,25,,"0.0, 0.0, 0.0","1.0, 1.0, 1.0"
440,"faces_ex440.inp","Lognormal",2,"mean_nsamp",1,"sigma",0,"theta_true",-1,"theta_CV",1,"G",0,3,4,0.1,0.5,0.6,50,100,5,1078526260,1,0.5,100,1,25,,"0.0, 0.0, 0.0","1.0, 1.0, 1.0"
441,"faces_ex441.inp","Lognormal",2,"mean_nsamp",1,"sigma",0,"theta_true",-1,"theta_CV",1,"G",1,3,8,0.1,0.5,0.6,50,100,5,1078526260,1,0.5,100,1,25,,"0.0, 0.0, 0.0","1.0, 1.0, 1.0"
442,"faces_ex442.inp","Lognormal",2,"mean_nsamp",1,"sigma",0,"theta_true",0,"theta_CV",-1,"G",-1,3,2,0.1,1,0,50,100,5,1078526260,1,0.5,100,1,25,,"0.0, 0.0, 0.0","1.0, 1.0, 1.0"
443,"faces_ex443.inp","Lognormal",2,"mean_nsamp",1,"sigma",0,"theta_true",0,"theta_CV",-1,"G",0,3,4,0.1,1,0,50,100,5,1078526260,1,0.5,100,1,25,,"0.0, 0.0, 0.0","1.0, 1.0, 1.0"
444,"faces_ex444.inp","Lognormal",2,"mean_nsamp",1,"sigma",0,"theta_true",0,"theta_CV",-1,"G",1,3,8,0.1,1,0,50,100,5,1078526260,1,0.5,100,1,25,,"0.0, 0.0, 0.0","1.0, 1.0, 1.0"
445,"faces_ex445.inp","Lognormal",2,"mean_nsamp",1,"sigma",0,"theta_true",0,"theta_CV",0,"G",-1,3,2,0.1,1,0.2,50,100,5,1078526260,1,0.5,100,1,25,,"0.0, 0.0, 0.0","1.0, 1.0, 1.0"
446,"faces_ex446.inp","Lognormal",2,"mean_nsamp",1,"sigma",0,"theta_true",0,"theta_CV",0,"G",0,3,4,0.1,1,0.2,50,100,5,1078526260,1,0.5,100,1,25,,"0.0, 0.0, 0.0","1.0, 1.0, 1.0"
447,"faces_ex447.inp","Lognormal",2,"mean_nsamp",1,"sigma",0,"theta_true",0,"theta_CV",0,"G",1,3,8,0.1,1,0.2,50,100,5,1078526260,1,0.5,100,1,25,,"0.0, 0.0, 0.0","1.0, 1.0, 1.0"
448,"faces_ex448.inp","Lognormal",2,"mean_nsamp",1,"sigma",0,"theta_true",0,"theta_CV",1,"G",-1,3,2,0.1,1,0.6,50,100,5,1078526260,1,0.5,100,1,25,,"0.0, 0.0, 0.0","1.0, 1.0, 1.0"
449,"faces_ex449.inp","Lognormal",2,"mean_nsamp",1,"sigma",0,"theta_true",0,"theta_CV",1,"G",0,3,4,0.1,1,0.6,50,100,5,1078526260,1,0.5,100,1,25,,"0.0, 0.0, 0.0","1.0, 1.0, 1.0"
450,"faces_ex450.inp","Lognormal",2,"mean_nsamp",1,"sigma",0,"theta_true",0,"theta_CV",1,"G",1,3,8,0.1,1,0.6,50,100,5,1078526260,1,0.5,100,1,25,,"0.0, 0.0, 0.0","1.0, 1.0, 1.0"
451,"faces_ex451.inp","Lognormal",2,"mean_nsamp",1,"sigma",0,"theta_true",1,"theta_CV",-1,"G",-1,3,2,0.1,2,0,50,100,5,1078526260,1,0.5,100,1,25,,"0.0, 0.0, 0.0","1.0, 1.0, 1.0"
452,"faces_ex452.inp","Lognormal",2,"mean_nsamp",1,"sigma",0,"theta_true",1,"theta_CV",-1,"G",0,3,4,0.1,2,0,50,100,5,1078526260,1,0.5,100,1,25,,"0.0, 0.0, 0.0","1.0, 1.0, 1.0"
453,"faces_ex453.inp","Lognormal",2,"mean_nsamp",1,"sigma",0,"theta_true",1,"theta_CV",-1,"G",1,3,8,0.1,2,0,50,100,5,1078526260,1,0.5,100,1,25,,"0.0, 0.0, 0.0","1.0, 1.0, 1.0"
454,"faces_ex454.inp","Lognormal",2,"mean_nsamp",1,"sigma",0,"theta_true",1,"theta_CV",0,"G",-1,3,2,0.1,2,0.2,50,100,5,1078526260,1,0.5,100,1,25,,"0.0, 0.0, 0.0","1.0, 1.0, 1.0"
455,"faces_ex455.inp","Lognormal",2,"mean_nsamp",1,"sigma",0,"theta_true",1,"theta_CV",0,"G",0,3,4,0.1,2,0.2,50,100,5,1078526260,1,0.5,100,1,25,,"0.0, 0.0, 0.0","1.0, 1.0, 1.0"
456,"faces_ex456.inp","Lognormal",2,"mean_nsamp",1,"sigma",0,"theta_true",1,"theta_CV",0,"G",1,3,8,0.1,2,0.2,50,100,5,1078526260,1,0.5,100,1,25,,"0.0, 0.0, 0.0","1.0, 1.0, 1.0"
457,"faces_ex457.inp","Lognormal",2,"mean_nsamp",1,"sigma",0,"theta_true",1,"theta_CV",1,"G",-1,3,2,0.1,2,0.6,50,100,5,1078526260,1,0.5,100,1,25,,"0.0, 0.0, 0.0","1.0, 1.0, 1.0"
458,"faces_ex458.inp","Lognormal",2,"mean_nsamp",1,"sigma",0,"theta_true",1,"theta_CV",1,"G",0,3,4,0.1,2,0.6,50,100,5,1078526260,1,0.5,100,1,25,,"0.0, 0.0, 0.0","1.0, 1.0, 1.0"
459,"faces_ex459.inp","Lognormal",2,"mean_nsamp",1,"sigma",0,"theta_true",1,"theta_CV",1,"G",1,3,8,0.1,2,0.6,50,100,5,1078526260,1,0.5,100,1,25,,"0.0, 0.0, 0.0","1.0, 1.0, 1.0"
460,"faces_ex460.inp","Lognormal",2,"mean_nsamp",1,"sigma",1,"theta_true",-1,"theta_CV",-1,"G",-1,3,2,0.1,0.5,0,50,100,5,1078526260,1,1,100,1,25,,"0.0, 0.0, 0.0","1.0, 1.0, 1.0"
461,"faces_ex461.inp","Lognormal",2,"mean_nsamp",1,"sigma",1,"theta_true",-1,"theta_CV",-1,"G",0,3,4,0.1,0.5,0,50,100,5,1078526260,1,1,100,1,25,,"0.0, 0.0, 0.0","1.0, 1.0, 1.0"
462,"faces_ex462.inp","Lognormal",2,"mean_nsamp",1,"sigma",1,"theta_true",-1,"theta_CV",-1,"G",1,3,8,0.1,0.5,0,50,100,5,1078526260,1,1,100,1,25,,"0.0, 0.0, 0.0","1.0, 1.0, 1.0"
463,"faces_ex463.inp","Lognormal",2,"mean_nsamp",1,"sigma",1,"theta_true",-1,"theta_CV",0,"G",-1,3,2,0.1,0.5,0.2,50,100,5,1078526260,1,1,100,1,25,,"0.0, 0.0, 0.0","1.0, 1.0, 1.0"
464,"faces_ex464.inp","Lognormal",2,"mean_nsamp",1,"sigma",1,"theta_true",-1,"theta_CV",0,"G",0,3,4,0.1,0.5,0.2,50,100,5,1078526260,1,1,100,1,25,,"0.0, 0.0, 0.0","1.0, 1.0, 1.0"
465,"faces_ex465.inp","Lognormal",2,"mean_nsamp",1,"sigma",1,"theta_true",-1,"theta_CV",0,"G",1,3,8,0.1,0.5,0.2,50,100,5,1078526260,1,1,100,1,25,,"0.0, 0.0, 0.0","1.0, 1.0, 1.0"
466,"faces_ex466.inp","Lognormal",2,"mean_nsamp",1,"sigma",1,"theta_true",-1,"theta_CV",1,"G",-1,3,2,0.1,0.5,0.6,50,100,5,1078526260,1,1,100,1,25,,"0.0, 0.0, 0.0","1.0, 1.0, 1.0"
467,"faces_ex467.inp","Lognormal",2,"mean_nsamp",1,"sigma",1,"theta_true",-1,"theta_CV",1,"G",0,3,4,0.1,0.5,0.6,50,100,5,1078526260,1,1,100,1,25,,"0.0, 0.0, 0.0","1.0, 1.0, 1.0"
468,"faces_ex468.inp","Lognormal",2,"mean_nsamp",1,"sigma",1,"theta_true",-1,"theta_CV",1,"G",1,3,8,0.1,0.5,0.6,50,100,5,1078526260,1,1,100,1,25,,"0.0, 0.0, 0.0","1.0, 1.0, 1.0"
469,"faces_ex469.inp","Lognormal",2,"mean_nsamp",1,"sigma",1,"theta_true",0,"theta_CV",-1,"G",-1,3,2,0.1,1,0,50,100,5,1078526260,1,1,100,1,25,,"0.0, 0.0, 0.0","1.0, 1.0, 1.0"
470,"faces_ex470.inp","Lognormal",2,"mean_nsamp",1,"sigma",1,"theta_true",0,"theta_CV",-1,"G",0,3,4,0.1,1,0,50,100,5,1078526260,1,1,100,1,25,,"0.0, 0.0, 0.0","1.0, 1.0, 1.0"
471,"faces_ex471.inp","Lognormal",2,"mean_nsamp",1,"sigma",1,"theta_true",0,"theta_CV",-1,"G",1,3,8,0.1,1,0,50,100,5,1078526260,1,1,100,1,25,,"0.0, 0.0, 0.0","1.0, 1.0, 1.0"
472,"faces_ex472.inp","Lognormal",2,"mean_nsamp",1,"sigma",1,"theta_true",0,"theta_CV",0,"G",-1,3,2,0.1,1,0.2,50,100,5,1078526260,1,1,100,1,25,,"0.0, 0.0, 0.0","1.0, 1.0, 1.0"
473,"faces_ex473.inp","Lognormal",2,"mean_nsamp",1,"sigma",1,"theta_true",0,"theta_CV",0,"G",0,3,4,0.1,1,0.2,50,100,5,1078526260,1,1,100,1,25,,"0.0, 0.0, 0.0","1.0, 1.0, 1.0"
474,"faces_ex474.inp","Lognormal",2,"mean_nsamp",1,"sigma",1,"theta_true",0,"theta_CV",0,"G",1,3,8,0.1,1,0.2,50,100,5,1078526260,1,1,100,1,25,,"0.0, 0.0, 0.0","1.0, 1.0, 1.0"
475,"faces_ex475.inp","Lognormal",2,"mean_nsamp",1,"sigma",1,"theta_true",0,"theta_CV",1,"G",-1,3,2,0.1,1,0.6,50,100,5,1078526260,1,1,100,1,25,,"0.0, 0.0, 0.0","1.0, 1.0, 1.0"
476,"faces_ex476.inp","Lognormal",2,"mean_nsamp",1,"sigma",1,"theta_true",0,"theta_CV",1,"G",0,3,4,0.1,1,0.6,50,100,5,1078526260,1,1,100,1,25,,"0.0, 0.0, 0.0","1.0, 1.0, 1.0"
477,"faces_ex477.inp","Lognormal",2,"mean_nsamp",1,"sigma",1,"theta_true",0,"theta_CV",1,"G",1,3,8,0.1,1,0.6,50,100,5,1078526260,1,1,100,1,25,,"0.0, 0.0, 0.0","1.0, 1.0, 1.0"
478,"faces_ex478.inp","Lognormal",2,"mean_nsamp",1,"sigma",1,"theta_true",1,"theta_CV",-1,"G",-1,3,2,0.1,2,0,50,100,5,1078526260,1,1,100,1,25,,"0.0, 0.0, 0.0","1.0, 1.0, 1.0"
479,"faces_ex479.inp","Lognormal",2,"mean_nsamp",1,"sigma",1,"theta_true",1,"theta_CV",-1,"G",0,3,4,0.1,2,0,50,100,5,1078526260,1,1,100,1,25,,"0.0, 0.0, 0.0","1.0, 1.0, 1.0"
480,"faces_ex480.inp","Lognormal",2,"mean_nsamp",1,"sigma",1,"theta_true",1,"theta_CV",-1,"G",1,3,8,0.1,2,0,50,100,5,1078526260,1,1,100,1,25,,"0.0, 0.0, 0.0","1.0, 1.0, 1.0"
481,"faces_ex481.inp","Lognormal",2,"mean_nsamp",1,"sigma",1,"theta_true",1,"theta_CV",0,"G",-1,3,2,0.1,2,0.2,50,100,5,1078526260,1,1,100,1,25,,"0.0, 0.0, 0.0","1.0, 1.0, 1.0"
482,"faces_ex482.inp","Lognormal",2,"mean_nsamp",1,"sigma",1,"theta_true",1,"theta_CV",0,"G",0,3,4,0.1,2,0.2,50,100,5,1078526260,1,1,100,1,25,,"0.0, 0.0, 0.0","1.0, 1.0, 1.0"
483,"faces_ex483.inp","Lognormal",2,"mean_nsamp",1,"sigma",1,"theta_true",1,"theta_CV",0,"G",1,3,8,0.1,2,0.2,50,100,5,1078526260,1,1,100,1,25,,"0.0, 0.0, 0.0","1.0, 1.0, 1.0"
484,"faces_ex484.inp","Lognormal",2,"mean_nsamp",1,"sigma",1,"theta_true",1,"theta_CV",1,"G",-1,3,2,0.1,2,0.6,50,100,5,1078526260,1,1,100,1,25,,"0.0, 0.0, 0.0","1.0, 1.0, 1.0"
485,"faces_ex485.inp","Lognormal",2,"mean_nsamp",1,"sigma",1,"theta_true",1,"theta_CV",1,"G",0,3,4,0.1,2,0.6,50,100,5,1078526260,1,1,100,1,25,,"0.0, 0.0, 0.0","1.0, 1.0, 1.0"
486,"faces_ex486.inp","Lognormal",2,"mean_nsamp",1,"sigma",1,"theta_true",1,"theta_CV",1,"G",1,3,8,0.1,2,0.6,50,100,5,1078526260,1,1,100,1,25,,"0.0, 0.0, 0.0","1.0, 1.0, 1.0"
487,"faces_ex487.inp","Negative binomial",3,"mean_nsamp",-1,"sigma",-1,"theta_true",-1,"theta_CV",-1,"G",-1,3,2,0.1,0.5,0,50,100,5,1078526260,1,0.25,25,1,25,,"0.0, 0.0, 0.0","1.0, 1.0, 1.0"
488,"faces_ex488.inp","Negative binomial",3,"mean_nsamp",-1,"sigma",-1,"theta_true",-1,"theta_CV",-1,"G",0,3,4,0.1,0.5,0,50,100,5,1078526260,1,0.25,25,1,25,,"0.0, 0.0, 0.0","1.0, 1.0, 1.0"
489,"faces_ex489.inp","Negative binomial",3,"mean_nsamp",-1,"sigma",-1,"theta_true",-1,"theta_CV",-1,"G",1,3,8,0.1,0.5,0,50,100,5,1078526260,1,0.25,25,1,25,,"0.0, 0.0, 0.0","1.0, 1.0, 1.0"
490,"faces_ex490.inp","Negative binomial",3,"mean_nsamp",-1,"sigma",-1,"theta_true",-1,"theta_CV",0,"G",-1,3,2,0.1,0.5,0.2,50,100,5,1078526260,1,0.25,25,1,25,,"0.0, 0.0, 0.0","1.0, 1.0, 1.0"
491,"faces_ex491.inp","Negative binomial",3,"mean_nsamp",-1,"sigma",-1,"theta_true",-1,"theta_CV",0,"G",0,3,4,0.1,0.5,0.2,50,100,5,1078526260,1,0.25,25,1,25,,"0.0, 0.0, 0.0","1.0, 1.0, 1.0"
492,"faces_ex492.inp","Negative binomial",3,"mean_nsamp",-1,"sigma",-1,"theta_true",-1,"theta_CV",0,"G",1,3,8,0.1,0.5,0.2,50,100,5,1078526260,1,0.25,25,1,25,,"0.0, 0.0, 0.0","1.0, 1.0, 1.0"
493,"faces_ex493.inp","Negative binomial",3,"mean_nsamp",-1,"sigma",-1,"theta_true",-1,"theta_CV",1,"G",-1,3,2,0.1,0.5,0.6,50,100,5,1078526260,1,0.25,25,1,25,,"0.0, 0.0, 0.0","1.0, 1.0, 1.0"
494,"faces_ex494.inp","Negative binomial",3,"mean_nsamp",-1,"sigma",-1,"theta_true",-1,"theta_CV",1,"G",0,3,4,0.1,0.5,0.6,50,100,5,1078526260,1,0.25,25,1,25,,"0.0, 0.0, 0.0","1.0, 1.0, 1.0"
495,"faces_ex495.inp","Negative binomial",3,"mean_nsamp",-1,"sigma",-1,"theta_true",-1,"theta_CV",1,"G",1,3,8,0.1,0.5,0.6,50,100,5,1078526260,1,0.25,25,1,25,,"0.0, 0.0, 0.0","1.0, 1.0, 1.0"
496,"faces_ex496.inp","Negative binomial",3,"mean_nsamp",-1,"sigma",-1,"theta_true",0,"theta_CV",-1,"G",-1,3,2,0.1,1,0,50,100,5,1078526260,1,0.25,25,1,25,,"0.0, 0.0, 0.0","1.0, 1.0, 1.0"
497,"faces_ex497.inp","Negative binomial",3,"mean_nsamp",-1,"sigma",-1,"theta_true",0,"theta_CV",-1,"G",0,3,4,0.1,1,0,50,100,5,1078526260,1,0.25,25,1,25,,"0.0, 0.0, 0.0","1.0, 1.0, 1.0"
498,"faces_ex498.inp","Negative binomial",3,"mean_nsamp",-1,"sigma",-1,"theta_true",0,"theta_CV",-1,"G",1,3,8,0.1,1,0,50,100,5,1078526260,1,0.25,25,1,25,,"0.0, 0.0, 0.0","1.0, 1.0, 1.0"
499,"faces_ex499.inp","Negative binomial",3,"mean_nsamp",-1,"sigma",-1,"theta_true",0,"theta_CV",0,"G",-1,3,2,0.1,1,0.2,50,100,5,1078526260,1,0.25,25,1,25,,"0.0, 0.0, 0.0","1.0, 1.0, 1.0"
500,"faces_ex500.inp","Negative binomial",3,"mean_nsamp",-1,"sigma",-1,"theta_true",0,"theta_CV",0,"G",0,3,4,0.1,1,0.2,50,100,5,1078526260,1,0.25,25,1,25,,"0.0, 0.0, 0.0","1.0, 1.0, 1.0"
501,"faces_ex501.inp","Negative binomial",3,"mean_nsamp",-1,"sigma",-1,"theta_true",0,"theta_CV",0,"G",1,3,8,0.1,1,0.2,50,100,5,1078526260,1,0.25,25,1,25,,"0.0, 0.0, 0.0","1.0, 1.0, 1.0"
502,"faces_ex502.inp","Negative binomial",3,"mean_nsamp",-1,"sigma",-1,"theta_true",0,"theta_CV",1,"G",-1,3,2,0.1,1,0.6,50,100,5,1078526260,1,0.25,25,1,25,,"0.0, 0.0, 0.0","1.0, 1.0, 1.0"
503,"faces_ex503.inp","Negative binomial",3,"mean_nsamp",-1,"sigma",-1,"theta_true",0,"theta_CV",1,"G",0,3,4,0.1,1,0.6,50,100,5,1078526260,1,0.25,25,1,25,,"0.0, 0.0, 0.0","1.0, 1.0, 1.0"
504,"faces_ex504.inp","Negative binomial",3,"mean_nsamp",-1,"sigma",-1,"theta_true",0,"theta_CV",1,"G",1,3,8,0.1,1,0.6,50,100,5,1078526260,1,0.25,25,1,25,,"0.0, 0.0, 0.0","1.0, 1.0, 1.0"
505,"faces_ex505.inp","Negative binomial",3,"mean_nsamp",-1,"sigma",-1,"theta_true",1,"theta_CV",-1,"G",-1,3,2,0.1,2,0,50,100,5,1078526260,1,0.25,25,1,25,,"0.0, 0.0, 0.0","1.0, 1.0, 1.0"
506,"faces_ex506.inp","Negative binomial",3,"mean_nsamp",-1,"sigma",-1,"theta_true",1,"theta_CV",-1,"G",0,3,4,0.1,2,0,50,100,5,1078526260,1,0.25,25,1,25,,"0.0, 0.0, 0.0","1.0, 1.0, 1.0"
507,"faces_ex507.inp","Negative binomial",3,"mean_nsamp",-1,"sigma",-1,"theta_true",1,"theta_CV",-1,"G",1,3,8,0.1,2,0,50,100,5,1078526260,1,0.25,25,1,25,,"0.0, 0.0, 0.0","1.0, 1.0, 1.0"
508,"faces_ex508.inp","Negative binomial",3,"mean_nsamp",-1,"sigma",-1,"theta_true",1,"theta_CV",0,"G",-1,3,2,0.1,2,0.2,50,100,5,1078526260,1,0.25,25,1,25,,"0.0, 0.0, 0.0","1.0, 1.0, 1.0"
509,"faces_ex509.inp","Negative binomial",3,"mean_nsamp",-1,"sigma",-1,"theta_true",1,"theta_CV",0,"G",0,3,4,0.1,2,0.2,50,100,5,1078526260,1,0.25,25,1,25,,"0.0, 0.0, 0.0","1.0, 1.0, 1.0"
510,"faces_ex510.inp","Negative binomial",3,"mean_nsamp",-1,"sigma",-1,"theta_true",1,"theta_CV",0,"G",1,3,8,0.1,2,0.2,50,100,5,1078526260,1,0.25,25,1,25,,"0.0, 0.0, 0.0","1.0, 1.0, 1.0"
511,"faces_ex511.inp","Negative binomial",3,"mean_nsamp",-1,"sigma",-1,"theta_true",1,"theta_CV",1,"G",-1,3,2,0.1,2,0.6,50,100,5,1078526260,1,0.25,25,1,25,,"0.0, 0.0, 0.0","1.0, 1.0, 1.0"
512,"faces_ex512.inp","Negative binomial",3,"mean_nsamp",-1,"sigma",-1,"theta_true",1,"theta_CV",1,"G",0,3,4,0.1,2,0.6,50,100,5,1078526260,1,0.25,25,1,25,,"0.0, 0.0, 0.0","1.0, 1.0, 1.0"
513,"faces_ex513.inp","Negative binomial",3,"mean_nsamp",-1,"sigma",-1,"theta_true",1,"theta_CV",1,"G",1,3,8,0.1,2,0.6,50,100,5,1078526260,1,0.25,25,1,25,,"0.0, 0.0, 0.0","1.0, 1.0, 1.0"
514,"faces_ex514.inp","Negative binomial",3,"mean_nsamp",-1,"sigma",0,"theta_true",-1,"theta_CV",-1,"G",-1,3,2,0.1,0.5,0,50,100,5,1078526260,1,0.5,25,1,25,,"0.0, 0.0, 0.0","1.0, 1.0, 1.0"
515,"faces_ex515.inp","Negative binomial",3,"mean_nsamp",-1,"sigma",0,"theta_true",-1,"theta_CV",-1,"G",0,3,4,0.1,0.5,0,50,100,5,1078526260,1,0.5,25,1,25,,"0.0, 0.0, 0.0","1.0, 1.0, 1.0"
516,"faces_ex516.inp","Negative binomial",3,"mean_nsamp",-1,"sigma",0,"theta_true",-1,"theta_CV",-1,"G",1,3,8,0.1,0.5,0,50,100,5,1078526260,1,0.5,25,1,25,,"0.0, 0.0, 0.0","1.0, 1.0, 1.0"
517,"faces_ex517.inp","Negative binomial",3,"mean_nsamp",-1,"sigma",0,"theta_true",-1,"theta_CV",0,"G",-1,3,2,0.1,0.5,0.2,50,100,5,1078526260,1,0.5,25,1,25,,"0.0, 0.0, 0.0","1.0, 1.0, 1.0"
518,"faces_ex518.inp","Negative binomial",3,"mean_nsamp",-1,"sigma",0,"theta_true",-1,"theta_CV",0,"G",0,3,4,0.1,0.5,0.2,50,100,5,1078526260,1,0.5,25,1,25,,"0.0, 0.0, 0.0","1.0, 1.0, 1.0"
519,"faces_ex519.inp","Negative binomial",3,"mean_nsamp",-1,"sigma",0,"theta_true",-1,"theta_CV",0,"G",1,3,8,0.1,0.5,0.2,50,100,5,1078526260,1,0.5,25,1,25,,"0.0, 0.0, 0.0","1.0, 1.0, 1.0"
520,"faces_ex520.inp","Negative binomial",3,"mean_nsamp",-1,"sigma",0,"theta_true",-1,"theta_CV",1,"G",-1,3,2,0.1,0.5,0.6,50,100,5,1078526260,1,0.5,25,1,25,,"0.0, 0.0, 0.0","1.0, 1.0, 1.0"
521,"faces_ex521.inp","Negative binomial",3,"mean_nsamp",-1,"sigma",0,"theta_true",-1,"theta_CV",1,"G",0,3,4,0.1,0.5,0.6,50,100,5,1078526260,1,0.5,25,1,25,,"0.0, 0.0, 0.0","1.0, 1.0, 1.0"
522,"faces_ex522.inp","Negative binomial",3,"mean_nsamp",-1,"sigma",0,"theta_true",-1,"theta_CV",1,"G",1,3,8,0.1,0.5,0.6,50,100,5,1078526260,1,0.5,25,1,25,,"0.0, 0.0, 0.0","1.0, 1.0, 1.0"
523,"faces_ex523.inp","Negative binomial",3,"mean_nsamp",-1,"sigma",0,"theta_true",0,"theta_CV",-1,"G",-1,3,2,0.1,1,0,50,100,5,1078526260,1,0.5,25,1,25,,"0.0, 0.0, 0.0","1.0, 1.0, 1.0"
524,"faces_ex524.inp","Negative binomial",3,"mean_nsamp",-1,"sigma",0,"theta_true",0,"theta_CV",-1,"G",0,3,4,0.1,1,0,50,100,5,1078526260,1,0.5,25,1,25,,"0.0, 0.0, 0.0","1.0, 1.0, 1.0"
525,"faces_ex525.inp","Negative binomial",3,"mean_nsamp",-1,"sigma",0,"theta_true",0,"theta_CV",-1,"G",1,3,8,0.1,1,0,50,100,5,1078526260,1,0.5,25,1,25,,"0.0, 0.0, 0.0","1.0, 1.0, 1.0"
526,"faces_ex526.inp","Negative binomial",3,"mean_nsamp",-1,"sigma",0,"theta_true",0,"theta_CV",0,"G",-1,3,2,0.1,1,0.2,50,100,5,1078526260,1,0.5,25,1,25,,"0.0, 0.0, 0.0","1.0, 1.0, 1.0"
527,"faces_ex527.inp","Negative binomial",3,"mean_nsamp",-1,"sigma",0,"theta_true",0,"theta_CV",0,"G",0,3,4,0.1,1,0.2,50,100,5,1078526260,1,0.5,25,1,25,,"0.0, 0.0, 0.0","1.0, 1.0, 1.0"
528,"faces_ex528.inp","Negative binomial",3,"mean_nsamp",-1,"sigma",0,"theta_true",0,"theta_CV",0,"G",1,3,8,0.1,1,0.2,50,100,5,1078526260,1,0.5,25,1,25,,"0.0, 0.0, 0.0","1.0, 1.0, 1.0"
529,"faces_ex529.inp","Negative binomial",3,"mean_nsamp",-1,"sigma",0,"theta_true",0,"theta_CV",1,"G",-1,3,2,0.1,1,0.6,50,100,5,1078526260,1,0.5,25,1,25,,"0.0, 0.0, 0.0","1.0, 1.0, 1.0"
530,"faces_ex530.inp","Negative binomial",3,"mean_nsamp",-1,"sigma",0,"theta_true",0,"theta_CV",1,"G",0,3,4,0.1,1,0.6,50,100,5,1078526260,1,0.5,25,1,25,,"0.0, 0.0, 0.0","1.0, 1.0, 1.0"
531,"faces_ex531.inp","Negative binomial",3,"mean_nsamp",-1,"sigma",0,"theta_true",0,"theta_CV",1,"G",1,3,8,0.1,1,0.6,50,100,5,1078526260,1,0.5,25,1,25,,"0.0, 0.0, 0.0","1.0, 1.0, 1.0"
532,"faces_ex532.inp","Negative binomial",3,"mean_nsamp",-1,"sigma",0,"theta_true",1,"theta_CV",-1,"G",-1,3,2,0.1,2,0,50,100,5,1078526260,1,0.5,25,1,25,,"0.0, 0.0, 0.0","1.0, 1.0, 1.0"
533,"faces_ex533.inp","Negative binomial",3,"mean_nsamp",-1,"sigma",0,"theta_true",1,"theta_CV",-1,"G",0,3,4,0.1,2,0,50,100,5,1078526260,1,0.5,25,1,25,,"0.0, 0.0, 0.0","1.0, 1.0, 1.0"
534,"faces_ex534.inp","Negative binomial",3,"mean_nsamp",-1,"sigma",0,"theta_true",1,"theta_CV",-1,"G",1,3,8,0.1,2,0,50,100,5,1078526260,1,0.5,25,1,25,,"0.0, 0.0, 0.0","1.0, 1.0, 1.0"
535,"faces_ex535.inp","Negative binomial",3,"mean_nsamp",-1,"sigma",0,"theta_true",1,"theta_CV",0,"G",-1,3,2,0.1,2,0.2,50,100,5,1078526260,1,0.5,25,1,25,,"0.0, 0.0, 0.0","1.0, 1.0, 1.0"
536,"faces_ex536.inp","Negative binomial",3,"mean_nsamp",-1,"sigma",0,"theta_true",1,"theta_CV",0,"G",0,3,4,0.1,2,0.2,50,100,5,1078526260,1,0.5,25,1,25,,"0.0, 0.0, 0.0","1.0, 1.0, 1.0"
537,"faces_ex537.inp","Negative binomial",3,"mean_nsamp",-1,"sigma",0,"theta_true",1,"theta_CV",0,"G",1,3,8,0.1,2,0.2,50,100,5,1078526260,1,0.5,25,1,25,,"0.0, 0.0, 0.0","1.0, 1.0, 1.0"
538,"faces_ex538.inp","Negative binomial",3,"mean_nsamp",-1,"sigma",0,"theta_true",1,"theta_CV",1,"G",-1,3,2,0.1,2,0.6,50,100,5,1078526260,1,0.5,25,1,25,,"0.0, 0.0, 0.0","1.0, 1.0, 1.0"
539,"faces_ex539.inp","Negative binomial",3,"mean_nsamp",-1,"sigma",0,"theta_true",1,"theta_CV",1,"G",0,3,4,0.1,2,0.6,50,100,5,1078526260,1,0.5,25,1,25,,"0.0, 0.0, 0.0","1.0, 1.0, 1.0"
540,"faces_ex540.inp","Negative binomial",3,"mean_nsamp",-1,"sigma",0,"theta_true",1,"theta_CV",1,"G",1,3,8,0.1,2,0.6,50,100,5,1078526260,1,0.5,25,1,25,,"0.0, 0.0, 0.0","1.0, 1.0, 1.0"
541,"faces_ex541.inp","Negative binomial",3,"mean_nsamp",-1,"sigma",1,"theta_true",-1,"theta_CV",-1,"G",-1,3,2,0.1,0.5,0,50,100,5,1078526260,1,1,25,1,25,,"0.0, 0.0, 0.0","1.0, 1.0, 1.0"
542,"faces_ex542.inp","Negative binomial",3,"mean_nsamp",-1,"sigma",1,"theta_true",-1,"theta_CV",-1,"G",0,3,4,0.1,0.5,0,50,100,5,1078526260,1,1,25,1,25,,"0.0, 0.0, 0.0","1.0, 1.0, 1.0"
543,"faces_ex543.inp","Negative binomial",3,"mean_nsamp",-1,"sigma",1,"theta_true",-1,"theta_CV",-1,"G",1,3,8,0.1,0.5,0,50,100,5,1078526260,1,1,25,1,25,,"0.0, 0.0, 0.0","1.0, 1.0, 1.0"
544,"faces_ex544.inp","Negative binomial",3,"mean_nsamp",-1,"sigma",1,"theta_true",-1,"theta_CV",0,"G",-1,3,2,0.1,0.5,0.2,50,100,5,1078526260,1,1,25,1,25,,"0.0, 0.0, 0.0","1.0, 1.0, 1.0"
545,"faces_ex545.inp","Negative binomial",3,"mean_nsamp",-1,"sigma",1,"theta_true",-1,"theta_CV",0,"G",0,3,4,0.1,0.5,0.2,50,100,5,1078526260,1,1,25,1,25,,"0.0, 0.0, 0.0","1.0, 1.0, 1.0"
546,"faces_ex546.inp","Negative binomial",3,"mean_nsamp",-1,"sigma",1,"theta_true",-1,"theta_CV",0,"G",1,3,8,0.1,0.5,0.2,50,100,5,1078526260,1,1,25,1,25,,"0.0, 0.0, 0.0","1.0, 1.0, 1.0"
547,"faces_ex547.inp","Negative binomial",3,"mean_nsamp",-1,"sigma",1,"theta_true",-1,"theta_CV",1,"G",-1,3,2,0.1,0.5,0.6,50,100,5,1078526260,1,1,25,1,25,,"0.0, 0.0, 0.0","1.0, 1.0, 1.0"
548,"faces_ex548.inp","Negative binomial",3,"mean_nsamp",-1,"sigma",1,"theta_true",-1,"theta_CV",1,"G",0,3,4,0.1,0.5,0.6,50,100,5,1078526260,1,1,25,1,25,,"0.0, 0.0, 0.0","1.0, 1.0, 1.0"
549,"faces_ex549.inp","Negative binomial",3,"mean_nsamp",-1,"sigma",1,"theta_true",-1,"theta_CV",1,"G",1,3,8,0.1,0.5,0.6,50,100,5,1078526260,1,1,25,1,25,,"0.0, 0.0, 0.0","1.0, 1.0, 1.0"
550,"faces_ex550.inp","Negative binomial",3,"mean_nsamp",-1,"sigma",1,"theta_true",0,"theta_CV",-1,"G",-1,3,2,0.1,1,0,50,100,5,1078526260,1,1,25,1,25,,"0.0, 0.0, 0.0","1.0, 1.0, 1.0"
551,"faces_ex551.inp","Negative binomial",3,"mean_nsamp",-1,"sigma",1,"theta_true",0,"theta_CV",-1,"G",0,3,4,0.1,1,0,50,100,5,1078526260,1,1,25,1,25,,"0.0, 0.0, 0.0","1.0, 1.0, 1.0"
552,"faces_ex552.inp","Negative binomial",3,"mean_nsamp",-1,"sigma",1,"theta_true",0,"theta_CV",-1,"G",1,3,8,0.1,1,0,50,100,5,1078526260,1,1,25,1,25,,"0.0, 0.0, 0.0","1.0, 1.0, 1.0"
553,"faces_ex553.inp","Negative binomial",3,"mean_nsamp",-1,"sigma",1,"theta_true",0,"theta_CV",0,"G",-1,3,2,0.1,1,0.2,50,100,5,1078526260,1,1,25,1,25,,"0.0, 0.0, 0.0","1.0, 1.0, 1.0"
554,"faces_ex554.inp","Negative binomial",3,"mean_nsamp",-1,"sigma",1,"theta_true",0,"theta_CV",0,"G",0,3,4,0.1,1,0.2,50,100,5,1078526260,1,1,25,1,25,,"0.0, 0.0, 0.0","1.0, 1.0, 1.0"
555,"faces_ex555.inp","Negative binomial",3,"mean_nsamp",-1,"sigma",1,"theta_true",0,"theta_CV",0,"G",1,3,8,0.1,1,0.2,50,100,5,1078526260,1,1,25,1,25,,"0.0, 0.0, 0.0","1.0, 1.0, 1.0"
556,"faces_ex556.inp","Negative binomial",3,"mean_nsamp",-1,"sigma",1,"theta_true",0,"theta_CV",1,"G",-1,3,2,0.1,1,0.6,50,100,5,1078526260,1,1,25,1,25,,"0.0, 0.0, 0.0","1.0, 1.0, 1.0"
557,"faces_ex557.inp","Negative binomial",3,"mean_nsamp",-1,"sigma",1,"theta_true",0,"theta_CV",1,"G",0,3,4,0.1,1,0.6,50,100,5,1078526260,1,1,25,1,25,,"0.0, 0.0, 0.0","1.0, 1.0, 1.0"
558,"faces_ex558.inp","Negative binomial",3,"mean_nsamp",-1,"sigma",1,"theta_true",0,"theta_CV",1,"G",1,3,8,0.1,1,0.6,50,100,5,1078526260,1,1,25,1,25,,"0.0, 0.0, 0.0","1.0, 1.0, 1.0"
559,"faces_ex559.inp","Negative binomial",3,"mean_nsamp",-1,"sigma",1,"theta_true",1,"theta_CV",-1,"G",-1,3,2,0.1,2,0,50,100,5,1078526260,1,1,25,1,25,,"0.0, 0.0, 0.0","1.0, 1.0, 1.0"
560,"faces_ex560.inp","Negative binomial",3,"mean_nsamp",-1,"sigma",1,"theta_true",1,"theta_CV",-1,"G",0,3,4,0.1,2,0,50,100,5,1078526260,1,1,25,1,25,,"0.0, 0.0, 0.0","1.0, 1.0, 1.0"
561,"faces_ex561.inp","Negative binomial",3,"mean_nsamp",-1,"sigma",1,"theta_true",1,"theta_CV",-1,"G",1,3,8,0.1,2,0,50,100,5,1078526260,1,1,25,1,25,,"0.0, 0.0, 0.0","1.0, 1.0, 1.0"
562,"faces_ex562.inp","Negative binomial",3,"mean_nsamp",-1,"sigma",1,"theta_true",1,"theta_CV",0,"G",-1,3,2,0.1,2,0.2,50,100,5,1078526260,1,1,25,1,25,,"0.0, 0.0, 0.0","1.0, 1.0, 1.0"
563,"faces_ex563.inp","Negative binomial",3,"mean_nsamp",-1,"sigma",1,"theta_true",1,"theta_CV",0,"G",0,3,4,0.1,2,0.2,50,100,5,1078526260,1,1,25,1,25,,"0.0, 0.0, 0.0","1.0, 1.0, 1.0"
564,"faces_ex564.inp","Negative binomial",3,"mean_nsamp",-1,"sigma",1,"theta_true",1,"theta_CV",0,"G",1,3,8,0.1,2,0.2,50,100,5,1078526260,1,1,25,1,25,,"0.0, 0.0, 0.0","1.0, 1.0, 1.0"
565,"faces_ex565.inp","Negative binomial",3,"mean_nsamp",-1,"sigma",1,"theta_true",1,"theta_CV",1,"G",-1,3,2,0.1,2,0.6,50,100,5,1078526260,1,1,25,1,25,,"0.0, 0.0, 0.0","1.0, 1.0, 1.0"
566,"faces_ex566.inp","Negative binomial",3,"mean_nsamp",-1,"sigma",1,"theta_true",1,"theta_CV",1,"G",0,3,4,0.1,2,0.6,50,100,5,1078526260,1,1,25,1,25,,"0.0, 0.0, 0.0","1.0, 1.0, 1.0"
567,"faces_ex567.inp","Negative binomial",3,"mean_nsamp",-1,"sigma",1,"theta_true",1,"theta_CV",1,"G",1,3,8,0.1,2,0.6,50,100,5,1078526260,1,1,25,1,25,,"0.0, 0.0, 0.0","1.0, 1.0, 1.0"
568,"faces_ex568.inp","Negative binomial",3,"mean_nsamp",0,"sigma",-1,"theta_true",-1,"theta_CV",-1,"G",-1,3,2,0.1,0.5,0,50,100,5,1078526260,1,0.25,50,1,25,,"0.0, 0.0, 0.0","1.0, 1.0, 1.0"
569,"faces_ex569.inp","Negative binomial",3,"mean_nsamp",0,"sigma",-1,"theta_true",-1,"theta_CV",-1,"G",0,3,4,0.1,0.5,0,50,100,5,1078526260,1,0.25,50,1,25,,"0.0, 0.0, 0.0","1.0, 1.0, 1.0"
570,"faces_ex570.inp","Negative binomial",3,"mean_nsamp",0,"sigma",-1,"theta_true",-1,"theta_CV",-1,"G",1,3,8,0.1,0.5,0,50,100,5,1078526260,1,0.25,50,1,25,,"0.0, 0.0, 0.0","1.0, 1.0, 1.0"
571,"faces_ex571.inp","Negative binomial",3,"mean_nsamp",0,"sigma",-1,"theta_true",-1,"theta_CV",0,"G",-1,3,2,0.1,0.5,0.2,50,100,5,1078526260,1,0.25,50,1,25,,"0.0, 0.0, 0.0","1.0, 1.0, 1.0"
572,"faces_ex572.inp","Negative binomial",3,"mean_nsamp",0,"sigma",-1,"theta_true",-1,"theta_CV",0,"G",0,3,4,0.1,0.5,0.2,50,100,5,1078526260,1,0.25,50,1,25,,"0.0, 0.0, 0.0","1.0, 1.0, 1.0"
573,"faces_ex573.inp","Negative binomial",3,"mean_nsamp",0,"sigma",-1,"theta_true",-1,"theta_CV",0,"G",1,3,8,0.1,0.5,0.2,50,100,5,1078526260,1,0.25,50,1,25,,"0.0, 0.0, 0.0","1.0, 1.0, 1.0"
574,"faces_ex574.inp","Negative binomial",3,"mean_nsamp",0,"sigma",-1,"theta_true",-1,"theta_CV",1,"G",-1,3,2,0.1,0.5,0.6,50,100,5,1078526260,1,0.25,50,1,25,,"0.0, 0.0, 0.0","1.0, 1.0, 1.0"
575,"faces_ex575.inp","Negative binomial",3,"mean_nsamp",0,"sigma",-1,"theta_true",-1,"theta_CV",1,"G",0,3,4,0.1,0.5,0.6,50,100,5,1078526260,1,0.25,50,1,25,,"0.0, 0.0, 0.0","1.0, 1.0, 1.0"
576,"faces_ex576.inp","Negative binomial",3,"mean_nsamp",0,"sigma",-1,"theta_true",-1,"theta_CV",1,"G",1,3,8,0.1,0.5,0.6,50,100,5,1078526260,1,0.25,50,1,25,,"0.0, 0.0, 0.0","1.0, 1.0, 1.0"
577,"faces_ex577.inp","Negative binomial",3,"mean_nsamp",0,"sigma",-1,"theta_true",0,"theta_CV",-1,"G",-1,3,2,0.1,1,0,50,100,5,1078526260,1,0.25,50,1,25,,"0.0, 0.0, 0.0","1.0, 1.0, 1.0"
578,"faces_ex578.inp","Negative binomial",3,"mean_nsamp",0,"sigma",-1,"theta_true",0,"theta_CV",-1,"G",0,3,4,0.1,1,0,50,100,5,1078526260,1,0.25,50,1,25,,"0.0, 0.0, 0.0","1.0, 1.0, 1.0"
579,"faces_ex579.inp","Negative binomial",3,"mean_nsamp",0,"sigma",-1,"theta_true",0,"theta_CV",-1,"G",1,3,8,0.1,1,0,50,100,5,1078526260,1,0.25,50,1,25,,"0.0, 0.0, 0.0","1.0, 1.0, 1.0"
580,"faces_ex580.inp","Negative binomial",3,"mean_nsamp",0,"sigma",-1,"theta_true",0,"theta_CV",0,"G",-1,3,2,0.1,1,0.2,50,100,5,1078526260,1,0.25,50,1,25,,"0.0, 0.0, 0.0","1.0, 1.0, 1.0"
581,"faces_ex581.inp","Negative binomial",3,"mean_nsamp",0,"sigma",-1,"theta_true",0,"theta_CV",0,"G",0,3,4,0.1,1,0.2,50,100,5,1078526260,1,0.25,50,1,25,,"0.0, 0.0, 0.0","1.0, 1.0, 1.0"
582,"faces_ex582.inp","Negative binomial",3,"mean_nsamp",0,"sigma",-1,"theta_true",0,"theta_CV",0,"G",1,3,8,0.1,1,0.2,50,100,5,1078526260,1,0.25,50,1,25,,"0.0, 0.0, 0.0","1.0, 1.0, 1.0"
583,"faces_ex583.inp","Negative binomial",3,"mean_nsamp",0,"sigma",-1,"theta_true",0,"theta_CV",1,"G",-1,3,2,0.1,1,0.6,50,100,5,1078526260,1,0.25,50,1,25,,"0.0, 0.0, 0.0","1.0, 1.0, 1.0"
584,"faces_ex584.inp","Negative binomial",3,"mean_nsamp",0,"sigma",-1,"theta_true",0,"theta_CV",1,"G",0,3,4,0.1,1,0.6,50,100,5,1078526260,1,0.25,50,1,25,,"0.0, 0.0, 0.0","1.0, 1.0, 1.0"
585,"faces_ex585.inp","Negative binomial",3,"mean_nsamp",0,"sigma",-1,"theta_true",0,"theta_CV",1,"G",1,3,8,0.1,1,0.6,50,100,5,1078526260,1,0.25,50,1,25,,"0.0, 0.0, 0.0","1.0, 1.0, 1.0"
586,"faces_ex586.inp","Negative binomial",3,"mean_nsamp",0,"sigma",-1,"theta_true",1,"theta_CV",-1,"G",-1,3,2,0.1,2,0,50,100,5,1078526260,1,0.25,50,1,25,,"0.0, 0.0, 0.0","1.0, 1.0, 1.0"
587,"faces_ex587.inp","Negative binomial",3,"mean_nsamp",0,"sigma",-1,"theta_true",1,"theta_CV",-1,"G",0,3,4,0.1,2,0,50,100,5,1078526260,1,0.25,50,1,25,,"0.0, 0.0, 0.0","1.0, 1.0, 1.0"
588,"faces_ex588.inp","Negative binomial",3,"mean_nsamp",0,"sigma",-1,"theta_true",1,"theta_CV",-1,"G",1,3,8,0.1,2,0,50,100,5,1078526260,1,0.25,50,1,25,,"0.0, 0.0, 0.0","1.0, 1.0, 1.0"
589,"faces_ex589.inp","Negative binomial",3,"mean_nsamp",0,"sigma",-1,"theta_true",1,"theta_CV",0,"G",-1,3,2,0.1,2,0.2,50,100,5,1078526260,1,0.25,50,1,25,,"0.0, 0.0, 0.0","1.0, 1.0, 1.0"
590,"faces_ex590.inp","Negative binomial",3,"mean_nsamp",0,"sigma",-1,"theta_true",1,"theta_CV",0,"G",0,3,4,0.1,2,0.2,50,100,5,1078526260,1,0.25,50,1,25,,"0.0, 0.0, 0.0","1.0, 1.0, 1.0"
591,"faces_ex591.inp","Negative binomial",3,"mean_nsamp",0,"sigma",-1,"theta_true",1,"theta_CV",0,"G",1,3,8,0.1,2,0.2,50,100,5,1078526260,1,0.25,50,1,25,,"0.0, 0.0, 0.0","1.0, 1.0, 1.0"
592,"faces_ex592.inp","Negative binomial",3,"mean_nsamp",0,"sigma",-1,"theta_true",1,"theta_CV",1,"G",-1,3,2,0.1,2,0.6,50,100,5,1078526260,1,0.25,50,1,25,,"0.0, 0.0, 0.0","1.0, 1.0, 1.0"
593,"faces_ex593.inp","Negative binomial",3,"mean_nsamp",0,"sigma",-1,"theta_true",1,"theta_CV",1,"G",0,3,4,0.1,2,0.6,50,100,5,1078526260,1,0.25,50,1,25,,"0.0, 0.0, 0.0","1.0, 1.0, 1.0"
594,"faces_ex594.inp","Negative binomial",3,"mean_nsamp",0,"sigma",-1,"theta_true",1,"theta_CV",1,"G",1,3,8,0.1,2,0.6,50,100,5,1078526260,1,0.25,50,1,25,,"0.0, 0.0, 0.0","1.0, 1.0, 1.0"
595,"faces_ex595.inp","Negative binomial",3,"mean_nsamp",0,"sigma",0,"theta_true",-1,"theta_CV",-1,"G",-1,3,2,0.1,0.5,0,50,100,5,1078526260,1,0.5,50,1,25,,"0.0, 0.0, 0.0","1.0, 1.0, 1.0"
596,"faces_ex596.inp","Negative binomial",3,"mean_nsamp",0,"sigma",0,"theta_true",-1,"theta_CV",-1,"G",0,3,4,0.1,0.5,0,50,100,5,1078526260,1,0.5,50,1,25,,"0.0, 0.0, 0.0","1.0, 1.0, 1.0"
597,"faces_ex597.inp","Negative binomial",3,"mean_nsamp",0,"sigma",0,"theta_true",-1,"theta_CV",-1,"G",1,3,8,0.1,0.5,0,50,100,5,1078526260,1,0.5,50,1,25,,"0.0, 0.0, 0.0","1.0, 1.0, 1.0"
598,"faces_ex598.inp","Negative binomial",3,"mean_nsamp",0,"sigma",0,"theta_true",-1,"theta_CV",0,"G",-1,3,2,0.1,0.5,0.2,50,100,5,1078526260,1,0.5,50,1,25,,"0.0, 0.0, 0.0","1.0, 1.0, 1.0"
599,"faces_ex599.inp","Negative binomial",3,"mean_nsamp",0,"sigma",0,"theta_true",-1,"theta_CV",0,"G",0,3,4,0.1,0.5,0.2,50,100,5,1078526260,1,0.5,50,1,25,,"0.0, 0.0, 0.0","1.0, 1.0, 1.0"
600,"faces_ex600.inp","Negative binomial",3,"mean_nsamp",0,"sigma",0,"theta_true",-1,"theta_CV",0,"G",1,3,8,0.1,0.5,0.2,50,100,5,1078526260,1,0.5,50,1,25,,"0.0, 0.0, 0.0","1.0, 1.0, 1.0"
601,"faces_ex601.inp","Negative binomial",3,"mean_nsamp",0,"sigma",0,"theta_true",-1,"theta_CV",1,"G",-1,3,2,0.1,0.5,0.6,50,100,5,1078526260,1,0.5,50,1,25,,"0.0, 0.0, 0.0","1.0, 1.0, 1.0"
602,"faces_ex602.inp","Negative binomial",3,"mean_nsamp",0,"sigma",0,"theta_true",-1,"theta_CV",1,"G",0,3,4,0.1,0.5,0.6,50,100,5,1078526260,1,0.5,50,1,25,,"0.0, 0.0, 0.0","1.0, 1.0, 1.0"
603,"faces_ex603.inp","Negative binomial",3,"mean_nsamp",0,"sigma",0,"theta_true",-1,"theta_CV",1,"G",1,3,8,0.1,0.5,0.6,50,100,5,1078526260,1,0.5,50,1,25,,"0.0, 0.0, 0.0","1.0, 1.0, 1.0"
604,"faces_ex604.inp","Negative binomial",3,"mean_nsamp",0,"sigma",0,"theta_true",0,"theta_CV",-1,"G",-1,3,2,0.1,1,0,50,100,5,1078526260,1,0.5,50,1,25,,"0.0, 0.0, 0.0","1.0, 1.0, 1.0"
605,"faces_ex605.inp","Negative binomial",3,"mean_nsamp",0,"sigma",0,"theta_true",0,"theta_CV",-1,"G",0,3,4,0.1,1,0,50,100,5,1078526260,1,0.5,50,1,25,,"0.0, 0.0, 0.0","1.0, 1.0, 1.0"
606,"faces_ex606.inp","Negative binomial",3,"mean_nsamp",0,"sigma",0,"theta_true",0,"theta_CV",-1,"G",1,3,8,0.1,1,0,50,100,5,1078526260,1,0.5,50,1,25,,"0.0, 0.0, 0.0","1.0, 1.0, 1.0"
607,"faces_ex607.inp","Negative binomial",3,"mean_nsamp",0,"sigma",0,"theta_true",0,"theta_CV",0,"G",-1,3,2,0.1,1,0.2,50,100,5,1078526260,1,0.5,50,1,25,,"0.0, 0.0, 0.0","1.0, 1.0, 1.0"
608,"faces_ex608.inp","Negative binomial",3,"mean_nsamp",0,"sigma",0,"theta_true",0,"theta_CV",0,"G",0,3,4,0.1,1,0.2,50,100,5,1078526260,1,0.5,50,1,25,,"0.0, 0.0, 0.0","1.0, 1.0, 1.0"
609,"faces_ex609.inp","Negative binomial",3,"mean_nsamp",0,"sigma",0,"theta_true",0,"theta_CV",0,"G",1,3,8,0.1,1,0.2,50,100,5,1078526260,1,0.5,50,1,25,,"0.0, 0.0, 0.0","1.0, 1.0, 1.0"
610,"faces_ex610.inp","Negative binomial",3,"mean_nsamp",0,"sigma",0,"theta_true",0,"theta_CV",1,"G",-1,3,2,0.1,1,0.6,50,100,5,1078526260,1,0.5,50,1,25,,"0.0, 0.0, 0.0","1.0, 1.0, 1.0"
611,"faces_ex611.inp","Negative binomial",3,"mean_nsamp",0,"sigma",0,"theta_true",0,"theta_CV",1,"G",0,3,4,0.1,1,0.6,50,100,5,1078526260,1,0.5,50,1,25,,"0.0, 0.0, 0.0","1.0, 1.0, 1.0"
612,"faces_ex612.inp","Negative binomial",3,"mean_nsamp",0,"sigma",0,"theta_true",0,"theta_CV",1,"G",1,3,8,0.1,1,0.6,50,100,5,1078526260,1,0.5,50,1,25,,"0.0, 0.0, 0.0","1.0, 1.0, 1.0"
613,"faces_ex613.inp","Negative binomial",3,"mean_nsamp",0,"sigma",0,"theta_true",1,"theta_CV",-1,"G",-1,3,2,0.1,2,0,50,100,5,1078526260,1,0.5,50,1,25,,"0.0, 0.0, 0.0","1.0, 1.0, 1.0"
614,"faces_ex614.inp","Negative binomial",3,"mean_nsamp",0,"sigma",0,"theta_true",1,"theta_CV",-1,"G",0,3,4,0.1,2,0,50,100,5,1078526260,1,0.5,50,1,25,,"0.0, 0.0, 0.0","1.0, 1.0, 1.0"
615,"faces_ex615.inp","Negative binomial",3,"mean_nsamp",0,"sigma",0,"theta_true",1,"theta_CV",-1,"G",1,3,8,0.1,2,0,50,100,5,1078526260,1,0.5,50,1,25,,"0.0, 0.0, 0.0","1.0, 1.0, 1.0"
616,"faces_ex616.inp","Negative binomial",3,"mean_nsamp",0,"sigma",0,"theta_true",1,"theta_CV",0,"G",-1,3,2,0.1,2,0.2,50,100,5,1078526260,1,0.5,50,1,25,,"0.0, 0.0, 0.0","1.0, 1.0, 1.0"
617,"faces_ex617.inp","Negative binomial",3,"mean_nsamp",0,"sigma",0,"theta_true",1,"theta_CV",0,"G",0,3,4,0.1,2,0.2,50,100,5,1078526260,1,0.5,50,1,25,,"0.0, 0.0, 0.0","1.0, 1.0, 1.0"
618,"faces_ex618.inp","Negative binomial",3,"mean_nsamp",0,"sigma",0,"theta_true",1,"theta_CV",0,"G",1,3,8,0.1,2,0.2,50,100,5,1078526260,1,0.5,50,1,25,,"0.0, 0.0, 0.0","1.0, 1.0, 1.0"
619,"faces_ex619.inp","Negative binomial",3,"mean_nsamp",0,"sigma",0,"theta_true",1,"theta_CV",1,"G",-1,3,2,0.1,2,0.6,50,100,5,1078526260,1,0.5,50,1,25,,"0.0, 0.0, 0.0","1.0, 1.0, 1.0"
620,"faces_ex620.inp","Negative binomial",3,"mean_nsamp",0,"sigma",0,"theta_true",1,"theta_CV",1,"G",0,3,4,0.1,2,0.6,50,100,5,1078526260,1,0.5,50,1,25,,"0.0, 0.0, 0.0","1.0, 1.0, 1.0"
621,"faces_ex621.inp","Negative binomial",3,"mean_nsamp",0,"sigma",0,"theta_true",1,"theta_CV",1,"G",1,3,8,0.1,2,0.6,50,100,5,1078526260,1,0.5,50,1,25,,"0.0, 0.0, 0.0","1.0, 1.0, 1.0"
622,"faces_ex622.inp","Negative binomial",3,"mean_nsamp",0,"sigma",1,"theta_true",-1,"theta_CV",-1,"G",-1,3,2,0.1,0.5,0,50,100,5,1078526260,1,1,50,1,25,,"0.0, 0.0, 0.0","1.0, 1.0, 1.0"
623,"faces_ex623.inp","Negative binomial",3,"mean_nsamp",0,"sigma",1,"theta_true",-1,"theta_CV",-1,"G",0,3,4,0.1,0.5,0,50,100,5,1078526260,1,1,50,1,25,,"0.0, 0.0, 0.0","1.0, 1.0, 1.0"
624,"faces_ex624.inp","Negative binomial",3,"mean_nsamp",0,"sigma",1,"theta_true",-1,"theta_CV",-1,"G",1,3,8,0.1,0.5,0,50,100,5,1078526260,1,1,50,1,25,,"0.0, 0.0, 0.0","1.0, 1.0, 1.0"
625,"faces_ex625.inp","Negative binomial",3,"mean_nsamp",0,"sigma",1,"theta_true",-1,"theta_CV",0,"G",-1,3,2,0.1,0.5,0.2,50,100,5,1078526260,1,1,50,1,25,,"0.0, 0.0, 0.0","1.0, 1.0, 1.0"
626,"faces_ex626.inp","Negative binomial",3,"mean_nsamp",0,"sigma",1,"theta_true",-1,"theta_CV",0,"G",0,3,4,0.1,0.5,0.2,50,100,5,1078526260,1,1,50,1,25,,"0.0, 0.0, 0.0","1.0, 1.0, 1.0"
627,"faces_ex627.inp","Negative binomial",3,"mean_nsamp",0,"sigma",1,"theta_true",-1,"theta_CV",0,"G",1,3,8,0.1,0.5,0.2,50,100,5,1078526260,1,1,50,1,25,,"0.0, 0.0, 0.0","1.0, 1.0, 1.0"
628,"faces_ex628.inp","Negative binomial",3,"mean_nsamp",0,"sigma",1,"theta_true",-1,"theta_CV",1,"G",-1,3,2,0.1,0.5,0.6,50,100,5,1078526260,1,1,50,1,25,,"0.0, 0.0, 0.0","1.0, 1.0, 1.0"
629,"faces_ex629.inp","Negative binomial",3,"mean_nsamp",0,"sigma",1,"theta_true",-1,"theta_CV",1,"G",0,3,4,0.1,0.5,0.6,50,100,5,1078526260,1,1,50,1,25,,"0.0, 0.0, 0.0","1.0, 1.0, 1.0"
630,"faces_ex630.inp","Negative binomial",3,"mean_nsamp",0,"sigma",1,"theta_true",-1,"theta_CV",1,"G",1,3,8,0.1,0.5,0.6,50,100,5,1078526260,1,1,50,1,25,,"0.0, 0.0, 0.0","1.0, 1.0, 1.0"
631,"faces_ex631.inp","Negative binomial",3,"mean_nsamp",0,"sigma",1,"theta_true",0,"theta_CV",-1,"G",-1,3,2,0.1,1,0,50,100,5,1078526260,1,1,50,1,25,,"0.0, 0.0, 0.0","1.0, 1.0, 1.0"
632,"faces_ex632.inp","Negative binomial",3,"mean_nsamp",0,"sigma",1,"theta_true",0,"theta_CV",-1,"G",0,3,4,0.1,1,0,50,100,5,1078526260,1,1,50,1,25,,"0.0, 0.0, 0.0","1.0, 1.0, 1.0"
633,"faces_ex633.inp","Negative binomial",3,"mean_nsamp",0,"sigma",1,"theta_true",0,"theta_CV",-1,"G",1,3,8,0.1,1,0,50,100,5,1078526260,1,1,50,1,25,,"0.0, 0.0, 0.0","1.0, 1.0, 1.0"
634,"faces_ex634.inp","Negative binomial",3,"mean_nsamp",0,"sigma",1,"theta_true",0,"theta_CV",0,"G",-1,3,2,0.1,1,0.2,50,100,5,1078526260,1,1,50,1,25,,"0.0, 0.0, 0.0","1.0, 1.0, 1.0"
635,"faces_ex635.inp","Negative binomial",3,"mean_nsamp",0,"sigma",1,"theta_true",0,"theta_CV",0,"G",0,3,4,0.1,1,0.2,50,100,5,1078526260,1,1,50,1,25,,"0.0, 0.0, 0.0","1.0, 1.0, 1.0"
636,"faces_ex636.inp","Negative binomial",3,"mean_nsamp",0,"sigma",1,"theta_true",0,"theta_CV",0,"G",1,3,8,0.1,1,0.2,50,100,5,1078526260,1,1,50,1,25,,"0.0, 0.0, 0.0","1.0, 1.0, 1.0"
637,"faces_ex637.inp","Negative binomial",3,"mean_nsamp",0,"sigma",1,"theta_true",0,"theta_CV",1,"G",-1,3,2,0.1,1,0.6,50,100,5,1078526260,1,1,50,1,25,,"0.0, 0.0, 0.0","1.0, 1.0, 1.0"
638,"faces_ex638.inp","Negative binomial",3,"mean_nsamp",0,"sigma",1,"theta_true",0,"theta_CV",1,"G",0,3,4,0.1,1,0.6,50,100,5,1078526260,1,1,50,1,25,,"0.0, 0.0, 0.0","1.0, 1.0, 1.0"
639,"faces_ex639.inp","Negative binomial",3,"mean_nsamp",0,"sigma",1,"theta_true",0,"theta_CV",1,"G",1,3,8,0.1,1,0.6,50,100,5,1078526260,1,1,50,1,25,,"0.0, 0.0, 0.0","1.0, 1.0, 1.0"
640,"faces_ex640.inp","Negative binomial",3,"mean_nsamp",0,"sigma",1,"theta_true",1,"theta_CV",-1,"G",-1,3,2,0.1,2,0,50,100,5,1078526260,1,1,50,1,25,,"0.0, 0.0, 0.0","1.0, 1.0, 1.0"
641,"faces_ex641.inp","Negative binomial",3,"mean_nsamp",0,"sigma",1,"theta_true",1,"theta_CV",-1,"G",0,3,4,0.1,2,0,50,100,5,1078526260,1,1,50,1,25,,"0.0, 0.0, 0.0","1.0, 1.0, 1.0"
642,"faces_ex642.inp","Negative binomial",3,"mean_nsamp",0,"sigma",1,"theta_true",1,"theta_CV",-1,"G",1,3,8,0.1,2,0,50,100,5,1078526260,1,1,50,1,25,,"0.0, 0.0, 0.0","1.0, 1.0, 1.0"
643,"faces_ex643.inp","Negative binomial",3,"mean_nsamp",0,"sigma",1,"theta_true",1,"theta_CV",0,"G",-1,3,2,0.1,2,0.2,50,100,5,1078526260,1,1,50,1,25,,"0.0, 0.0, 0.0","1.0, 1.0, 1.0"
644,"faces_ex644.inp","Negative binomial",3,"mean_nsamp",0,"sigma",1,"theta_true",1,"theta_CV",0,"G",0,3,4,0.1,2,0.2,50,100,5,1078526260,1,1,50,1,25,,"0.0, 0.0, 0.0","1.0, 1.0, 1.0"
645,"faces_ex645.inp","Negative binomial",3,"mean_nsamp",0,"sigma",1,"theta_true",1,"theta_CV",0,"G",1,3,8,0.1,2,0.2,50,100,5,1078526260,1,1,50,1,25,,"0.0, 0.0, 0.0","1.0, 1.0, 1.0"
646,"faces_ex646.inp","Negative binomial",3,"mean_nsamp",0,"sigma",1,"theta_true",1,"theta_CV",1,"G",-1,3,2,0.1,2,0.6,50,100,5,1078526260,1,1,50,1,25,,"0.0, 0.0, 0.0","1.0, 1.0, 1.0"
647,"faces_ex647.inp","Negative binomial",3,"mean_nsamp",0,"sigma",1,"theta_true",1,"theta_CV",1,"G",0,3,4,0.1,2,0.6,50,100,5,1078526260,1,1,50,1,25,,"0.0, 0.0, 0.0","1.0, 1.0, 1.0"
648,"faces_ex648.inp","Negative binomial",3,"mean_nsamp",0,"sigma",1,"theta_true",1,"theta_CV",1,"G",1,3,8,0.1,2,0.6,50,100,5,1078526260,1,1,50,1,25,,"0.0, 0.0, 0.0","1.0, 1.0, 1.0"
649,"faces_ex649.inp","Negative binomial",3,"mean_nsamp",1,"sigma",-1,"theta_true",-1,"theta_CV",-1,"G",-1,3,2,0.1,0.5,0,50,100,5,1078526260,1,0.25,100,1,25,,"0.0, 0.0, 0.0","1.0, 1.0, 1.0"
650,"faces_ex650.inp","Negative binomial",3,"mean_nsamp",1,"sigma",-1,"theta_true",-1,"theta_CV",-1,"G",0,3,4,0.1,0.5,0,50,100,5,1078526260,1,0.25,100,1,25,,"0.0, 0.0, 0.0","1.0, 1.0, 1.0"
651,"faces_ex651.inp","Negative binomial",3,"mean_nsamp",1,"sigma",-1,"theta_true",-1,"theta_CV",-1,"G",1,3,8,0.1,0.5,0,50,100,5,1078526260,1,0.25,100,1,25,,"0.0, 0.0, 0.0","1.0, 1.0, 1.0"
652,"faces_ex652.inp","Negative binomial",3,"mean_nsamp",1,"sigma",-1,"theta_true",-1,"theta_CV",0,"G",-1,3,2,0.1,0.5,0.2,50,100,5,1078526260,1,0.25,100,1,25,,"0.0, 0.0, 0.0","1.0, 1.0, 1.0"
653,"faces_ex653.inp","Negative binomial",3,"mean_nsamp",1,"sigma",-1,"theta_true",-1,"theta_CV",0,"G",0,3,4,0.1,0.5,0.2,50,100,5,1078526260,1,0.25,100,1,25,,"0.0, 0.0, 0.0","1.0, 1.0, 1.0"
654,"faces_ex654.inp","Negative binomial",3,"mean_nsamp",1,"sigma",-1,"theta_true",-1,"theta_CV",0,"G",1,3,8,0.1,0.5,0.2,50,100,5,1078526260,1,0.25,100,1,25,,"0.0, 0.0, 0.0","1.0, 1.0, 1.0"
655,"faces_ex655.inp","Negative binomial",3,"mean_nsamp",1,"sigma",-1,"theta_true",-1,"theta_CV",1,"G",-1,3,2,0.1,0.5,0.6,50,100,5,1078526260,1,0.25,100,1,25,,"0.0, 0.0, 0.0","1.0, 1.0, 1.0"
656,"faces_ex656.inp","Negative binomial",3,"mean_nsamp",1,"sigma",-1,"theta_true",-1,"theta_CV",1,"G",0,3,4,0.1,0.5,0.6,50,100,5,1078526260,1,0.25,100,1,25,,"0.0, 0.0, 0.0","1.0, 1.0, 1.0"
657,"faces_ex657.inp","Negative binomial",3,"mean_nsamp",1,"sigma",-1,"theta_true",-1,"theta_CV",1,"G",1,3,8,0.1,0.5,0.6,50,100,5,1078526260,1,0.25,100,1,25,,"0.0, 0.0, 0.0","1.0, 1.0, 1.0"
658,"faces_ex658.inp","Negative binomial",3,"mean_nsamp",1,"sigma",-1,"theta_true",0,"theta_CV",-1,"G",-1,3,2,0.1,1,0,50,100,5,1078526260,1,0.25,100,1,25,,"0.0, 0.0, 0.0","1.0, 1.0, 1.0"
659,"faces_ex659.inp","Negative binomial",3,"mean_nsamp",1,"sigma",-1,"theta_true",0,"theta_CV",-1,"G",0,3,4,0.1,1,0,50,100,5,1078526260,1,0.25,100,1,25,,"0.0, 0.0, 0.0","1.0, 1.0, 1.0"
660,"faces_ex660.inp","Negative binomial",3,"mean_nsamp",1,"sigma",-1,"theta_true",0,"theta_CV",-1,"G",1,3,8,0.1,1,0,50,100,5,1078526260,1,0.25,100,1,25,,"0.0, 0.0, 0.0","1.0, 1.0, 1.0"
661,"faces_ex661.inp","Negative binomial",3,"mean_nsamp",1,"sigma",-1,"theta_true",0,"theta_CV",0,"G",-1,3,2,0.1,1,0.2,50,100,5,1078526260,1,0.25,100,1,25,,"0.0, 0.0, 0.0","1.0, 1.0, 1.0"
662,"faces_ex662.inp","Negative binomial",3,"mean_nsamp",1,"sigma",-1,"theta_true",0,"theta_CV",0,"G",0,3,4,0.1,1,0.2,50,100,5,1078526260,1,0.25,100,1,25,,"0.0, 0.0, 0.0","1.0, 1.0, 1.0"
663,"faces_ex663.inp","Negative binomial",3,"mean_nsamp",1,"sigma",-1,"theta_true",0,"theta_CV",0,"G",1,3,8,0.1,1,0.2,50,100,5,1078526260,1,0.25,100,1,25,,"0.0, 0.0, 0.0","1.0, 1.0, 1.0"
664,"faces_ex664.inp","Negative binomial",3,"mean_nsamp",1,"sigma",-1,"theta_true",0,"theta_CV",1,"G",-1,3,2,0.1,1,0.6,50,100,5,1078526260,1,0.25,100,1,25,,"0.0, 0.0, 0.0","1.0, 1.0, 1.0"
665,"faces_ex665.inp","Negative binomial",3,"mean_nsamp",1,"sigma",-1,"theta_true",0,"theta_CV",1,"G",0,3,4,0.1,1,0.6,50,100,5,1078526260,1,0.25,100,1,25,,"0.0, 0.0, 0.0","1.0, 1.0, 1.0"
666,"faces_ex666.inp","Negative binomial",3,"mean_nsamp",1,"sigma",-1,"theta_true",0,"theta_CV",1,"G",1,3,8,0.1,1,0.6,50,100,5,1078526260,1,0.25,100,1,25,,"0.0, 0.0, 0.0","1.0, 1.0, 1.0"
667,"faces_ex667.inp","Negative binomial",3,"mean_nsamp",1,"sigma",-1,"theta_true",1,"theta_CV",-1,"G",-1,3,2,0.1,2,0,50,100,5,1078526260,1,0.25,100,1,25,,"0.0, 0.0, 0.0","1.0, 1.0, 1.0"
668,"faces_ex668.inp","Negative binomial",3,"mean_nsamp",1,"sigma",-1,"theta_true",1,"theta_CV",-1,"G",0,3,4,0.1,2,0,50,100,5,1078526260,1,0.25,100,1,25,,"0.0, 0.0, 0.0","1.0, 1.0, 1.0"
669,"faces_ex669.inp","Negative binomial",3,"mean_nsamp",1,"sigma",-1,"theta_true",1,"theta_CV",-1,"G",1,3,8,0.1,2,0,50,100,5,1078526260,1,0.25,100,1,25,,"0.0, 0.0, 0.0","1.0, 1.0, 1.0"
670,"faces_ex670.inp","Negative binomial",3,"mean_nsamp",1,"sigma",-1,"theta_true",1,"theta_CV",0,"G",-1,3,2,0.1,2,0.2,50,100,5,1078526260,1,0.25,100,1,25,,"0.0, 0.0, 0.0","1.0, 1.0, 1.0"
671,"faces_ex671.inp","Negative binomial",3,"mean_nsamp",1,"sigma",-1,"theta_true",1,"theta_CV",0,"G",0,3,4,0.1,2,0.2,50,100,5,1078526260,1,0.25,100,1,25,,"0.0, 0.0, 0.0","1.0, 1.0, 1.0"
672,"faces_ex672.inp","Negative binomial",3,"mean_nsamp",1,"sigma",-1,"theta_true",1,"theta_CV",0,"G",1,3,8,0.1,2,0.2,50,100,5,1078526260,1,0.25,100,1,25,,"0.0, 0.0, 0.0","1.0, 1.0, 1.0"
673,"faces_ex673.inp","Negative binomial",3,"mean_nsamp",1,"sigma",-1,"theta_true",1,"theta_CV",1,"G",-1,3,2,0.1,2,0.6,50,100,5,1078526260,1,0.25,100,1,25,,"0.0, 0.0, 0.0","1.0, 1.0, 1.0"
674,"faces_ex674.inp","Negative binomial",3,"mean_nsamp",1,"sigma",-1,"theta_true",1,"theta_CV",1,"G",0,3,4,0.1,2,0.6,50,100,5,1078526260,1,0.25,100,1,25,,"0.0, 0.0, 0.0","1.0, 1.0, 1.0"
675,"faces_ex675.inp","Negative binomial",3,"mean_nsamp",1,"sigma",-1,"theta_true",1,"theta_CV",1,"G",1,3,8,0.1,2,0.6,50,100,5,1078526260,1,0.25,100,1,25,,"0.0, 0.0, 0.0","1.0, 1.0, 1.0"
676,"faces_ex676.inp","Negative binomial",3,"mean_nsamp",1,"sigma",0,"theta_true",-1,"theta_CV",-1,"G",-1,3,2,0.1,0.5,0,50,100,5,1078526260,1,0.5,100,1,25,,"0.0, 0.0, 0.0","1.0, 1.0, 1.0"
677,"faces_ex677.inp","Negative binomial",3,"mean_nsamp",1,"sigma",0,"theta_true",-1,"theta_CV",-1,"G",0,3,4,0.1,0.5,0,50,100,5,1078526260,1,0.5,100,1,25,,"0.0, 0.0, 0.0","1.0, 1.0, 1.0"
678,"faces_ex678.inp","Negative binomial",3,"mean_nsamp",1,"sigma",0,"theta_true",-1,"theta_CV",-1,"G",1,3,8,0.1,0.5,0,50,100,5,1078526260,1,0.5,100,1,25,,"0.0, 0.0, 0.0","1.0, 1.0, 1.0"
679,"faces_ex679.inp","Negative binomial",3,"mean_nsamp",1,"sigma",0,"theta_true",-1,"theta_CV",0,"G",-1,3,2,0.1,0.5,0.2,50,100,5,1078526260,1,0.5,100,1,25,,"0.0, 0.0, 0.0","1.0, 1.0, 1.0"
680,"faces_ex680.inp","Negative binomial",3,"mean_nsamp",1,"sigma",0,"theta_true",-1,"theta_CV",0,"G",0,3,4,0.1,0.5,0.2,50,100,5,1078526260,1,0.5,100,1,25,,"0.0, 0.0, 0.0","1.0, 1.0, 1.0"
681,"faces_ex681.inp","Negative binomial",3,"mean_nsamp",1,"sigma",0,"theta_true",-1,"theta_CV",0,"G",1,3,8,0.1,0.5,0.2,50,100,5,1078526260,1,0.5,100,1,25,,"0.0, 0.0, 0.0","1.0, 1.0, 1.0"
682,"faces_ex682.inp","Negative binomial",3,"mean_nsamp",1,"sigma",0,"theta_true",-1,"theta_CV",1,"G",-1,3,2,0.1,0.5,0.6,50,100,5,1078526260,1,0.5,100,1,25,,"0.0, 0.0, 0.0","1.0, 1.0, 1.0"
683,"faces_ex683.inp","Negative binomial",3,"mean_nsamp",1,"sigma",0,"theta_true",-1,"theta_CV",1,"G",0,3,4,0.1,0.5,0.6,50,100,5,1078526260,1,0.5,100,1,25,,"0.0, 0.0, 0.0","1.0, 1.0, 1.0"
684,"faces_ex684.inp","Negative binomial",3,"mean_nsamp",1,"sigma",0,"theta_true",-1,"theta_CV",1,"G",1,3,8,0.1,0.5,0.6,50,100,5,1078526260,1,0.5,100,1,25,,"0.0, 0.0, 0.0","1.0, 1.0, 1.0"
685,"faces_ex685.inp","Negative binomial",3,"mean_nsamp",1,"sigma",0,"theta_true",0,"theta_CV",-1,"G",-1,3,2,0.1,1,0,50,100,5,1078526260,1,0.5,100,1,25,,"0.0, 0.0, 0.0","1.0, 1.0, 1.0"
686,"faces_ex686.inp","Negative binomial",3,"mean_nsamp",1,"sigma",0,"theta_true",0,"theta_CV",-1,"G",0,3,4,0.1,1,0,50,100,5,1078526260,1,0.5,100,1,25,,"0.0, 0.0, 0.0","1.0, 1.0, 1.0"
687,"faces_ex687.inp","Negative binomial",3,"mean_nsamp",1,"sigma",0,"theta_true",0,"theta_CV",-1,"G",1,3,8,0.1,1,0,50,100,5,1078526260,1,0.5,100,1,25,,"0.0, 0.0, 0.0","1.0, 1.0, 1.0"
688,"faces_ex688.inp","Negative binomial",3,"mean_nsamp",1,"sigma",0,"theta_true",0,"theta_CV",0,"G",-1,3,2,0.1,1,0.2,50,100,5,1078526260,1,0.5,100,1,25,,"0.0, 0.0, 0.0","1.0, 1.0, 1.0"
689,"faces_ex689.inp","Negative binomial",3,"mean_nsamp",1,"sigma",0,"theta_true",0,"theta_CV",0,"G",0,3,4,0.1,1,0.2,50,100,5,1078526260,1,0.5,100,1,25,,"0.0, 0.0, 0.0","1.0, 1.0, 1.0"
690,"faces_ex690.inp","Negative binomial",3,"mean_nsamp",1,"sigma",0,"theta_true",0,"theta_CV",0,"G",1,3,8,0.1,1,0.2,50,100,5,1078526260,1,0.5,100,1,25,,"0.0, 0.0, 0.0","1.0, 1.0, 1.0"
691,"faces_ex691.inp","Negative binomial",3,"mean_nsamp",1,"sigma",0,"theta_true",0,"theta_CV",1,"G",-1,3,2,0.1,1,0.6,50,100,5,1078526260,1,0.5,100,1,25,,"0.0, 0.0, 0.0","1.0, 1.0, 1.0"
692,"faces_ex692.inp","Negative binomial",3,"mean_nsamp",1,"sigma",0,"theta_true",0,"theta_CV",1,"G",0,3,4,0.1,1,0.6,50,100,5,1078526260,1,0.5,100,1,25,,"0.0, 0.0, 0.0","1.0, 1.0, 1.0"
693,"faces_ex693.inp","Negative binomial",3,"mean_nsamp",1,"sigma",0,"theta_true",0,"theta_CV",1,"G",1,3,8,0.1,1,0.6,50,100,5,1078526260,1,0.5,100,1,25,,"0.0, 0.0, 0.0","1.0, 1.0, 1.0"
694,"faces_ex694.inp","Negative binomial",3,"mean_nsamp",1,"sigma",0,"theta_true",1,"theta_CV",-1,"G",-1,3,2,0.1,2,0,50,100,5,1078526260,1,0.5,100,1,25,,"0.0, 0.0, 0.0","1.0, 1.0, 1.0"
695,"faces_ex695.inp","Negative binomial",3,"mean_nsamp",1,"sigma",0,"theta_true",1,"theta_CV",-1,"G",0,3,4,0.1,2,0,50,100,5,1078526260,1,0.5,100,1,25,,"0.0, 0.0, 0.0","1.0, 1.0, 1.0"
696,"faces_ex696.inp","Negative binomial",3,"mean_nsamp",1,"sigma",0,"theta_true",1,"theta_CV",-1,"G",1,3,8,0.1,2,0,50,100,5,1078526260,1,0.5,100,1,25,,"0.0, 0.0, 0.0","1.0, 1.0, 1.0"
697,"faces_ex697.inp","Negative binomial",3,"mean_nsamp",1,"sigma",0,"theta_true",1,"theta_CV",0,"G",-1,3,2,0.1,2,0.2,50,100,5,1078526260,1,0.5,100,1,25,,"0.0, 0.0, 0.0","1.0, 1.0, 1.0"
698,"faces_ex698.inp","Negative binomial",3,"mean_nsamp",1,"sigma",0,"theta_true",1,"theta_CV",0,"G",0,3,4,0.1,2,0.2,50,100,5,1078526260,1,0.5,100,1,25,,"0.0, 0.0, 0.0","1.0, 1.0, 1.0"
699,"faces_ex699.inp","Negative binomial",3,"mean_nsamp",1,"sigma",0,"theta_true",1,"theta_CV",0,"G",1,3,8,0.1,2,0.2,50,100,5,1078526260,1,0.5,100,1,25,,"0.0, 0.0, 0.0","1.0, 1.0, 1.0"
700,"faces_ex700.inp","Negative binomial",3,"mean_nsamp",1,"sigma",0,"theta_true",1,"theta_CV",1,"G",-1,3,2,0.1,2,0.6,50,100,5,1078526260,1,0.5,100,1,25,,"0.0, 0.0, 0.0","1.0, 1.0, 1.0"
701,"faces_ex701.inp","Negative binomial",3,"mean_nsamp",1,"sigma",0,"theta_true",1,"theta_CV",1,"G",0,3,4,0.1,2,0.6,50,100,5,1078526260,1,0.5,100,1,25,,"0.0, 0.0, 0.0","1.0, 1.0, 1.0"
702,"faces_ex702.inp","Negative binomial",3,"mean_nsamp",1,"sigma",0,"theta_true",1,"theta_CV",1,"G",1,3,8,0.1,2,0.6,50,100,5,1078526260,1,0.5,100,1,25,,"0.0, 0.0, 0.0","1.0, 1.0, 1.0"
703,"faces_ex703.inp","Negative binomial",3,"mean_nsamp",1,"sigma",1,"theta_true",-1,"theta_CV",-1,"G",-1,3,2,0.1,0.5,0,50,100,5,1078526260,1,1,100,1,25,,"0.0, 0.0, 0.0","1.0, 1.0, 1.0"
704,"faces_ex704.inp","Negative binomial",3,"mean_nsamp",1,"sigma",1,"theta_true",-1,"theta_CV",-1,"G",0,3,4,0.1,0.5,0,50,100,5,1078526260,1,1,100,1,25,,"0.0, 0.0, 0.0","1.0, 1.0, 1.0"
705,"faces_ex705.inp","Negative binomial",3,"mean_nsamp",1,"sigma",1,"theta_true",-1,"theta_CV",-1,"G",1,3,8,0.1,0.5,0,50,100,5,1078526260,1,1,100,1,25,,"0.0, 0.0, 0.0","1.0, 1.0, 1.0"
706,"faces_ex706.inp","Negative binomial",3,"mean_nsamp",1,"sigma",1,"theta_true",-1,"theta_CV",0,"G",-1,3,2,0.1,0.5,0.2,50,100,5,1078526260,1,1,100,1,25,,"0.0, 0.0, 0.0","1.0, 1.0, 1.0"
707,"faces_ex707.inp","Negative binomial",3,"mean_nsamp",1,"sigma",1,"theta_true",-1,"theta_CV",0,"G",0,3,4,0.1,0.5,0.2,50,100,5,1078526260,1,1,100,1,25,,"0.0, 0.0, 0.0","1.0, 1.0, 1.0"
708,"faces_ex708.inp","Negative binomial",3,"mean_nsamp",1,"sigma",1,"theta_true",-1,"theta_CV",0,"G",1,3,8,0.1,0.5,0.2,50,100,5,1078526260,1,1,100,1,25,,"0.0, 0.0, 0.0","1.0, 1.0, 1.0"
709,"faces_ex709.inp","Negative binomial",3,"mean_nsamp",1,"sigma",1,"theta_true",-1,"theta_CV",1,"G",-1,3,2,0.1,0.5,0.6,50,100,5,1078526260,1,1,100,1,25,,"0.0, 0.0, 0.0","1.0, 1.0, 1.0"
710,"faces_ex710.inp","Negative binomial",3,"mean_nsamp",1,"sigma",1,"theta_true",-1,"theta_CV",1,"G",0,3,4,0.1,0.5,0.6,50,100,5,1078526260,1,1,100,1,25,,"0.0, 0.0, 0.0","1.0, 1.0, 1.0"
711,"faces_ex711.inp","Negative binomial",3,"mean_nsamp",1,"sigma",1,"theta_true",-1,"theta_CV",1,"G",1,3,8,0.1,0.5,0.6,50,100,5,1078526260,1,1,100,1,25,,"0.0, 0.0, 0.0","1.0, 1.0, 1.0"
712,"faces_ex712.inp","Negative binomial",3,"mean_nsamp",1,"sigma",1,"theta_true",0,"theta_CV",-1,"G",-1,3,2,0.1,1,0,50,100,5,1078526260,1,1,100,1,25,,"0.0, 0.0, 0.0","1.0, 1.0, 1.0"
713,"faces_ex713.inp","Negative binomial",3,"mean_nsamp",1,"sigma",1,"theta_true",0,"theta_CV",-1,"G",0,3,4,0.1,1,0,50,100,5,1078526260,1,1,100,1,25,,"0.0, 0.0, 0.0","1.0, 1.0, 1.0"
714,"faces_ex714.inp","Negative binomial",3,"mean_nsamp",1,"sigma",1,"theta_true",0,"theta_CV",-1,"G",1,3,8,0.1,1,0,50,100,5,1078526260,1,1,100,1,25,,"0.0, 0.0, 0.0","1.0, 1.0, 1.0"
715,"faces_ex715.inp","Negative binomial",3,"mean_nsamp",1,"sigma",1,"theta_true",0,"theta_CV",0,"G",-1,3,2,0.1,1,0.2,50,100,5,1078526260,1,1,100,1,25,,"0.0, 0.0, 0.0","1.0, 1.0, 1.0"
716,"faces_ex716.inp","Negative binomial",3,"mean_nsamp",1,"sigma",1,"theta_true",0,"theta_CV",0,"G",0,3,4,0.1,1,0.2,50,100,5,1078526260,1,1,100,1,25,,"0.0, 0.0, 0.0","1.0, 1.0, 1.0"
717,"faces_ex717.inp","Negative binomial",3,"mean_nsamp",1,"sigma",1,"theta_true",0,"theta_CV",0,"G",1,3,8,0.1,1,0.2,50,100,5,1078526260,1,1,100,1,25,,"0.0, 0.0, 0.0","1.0, 1.0, 1.0"
718,"faces_ex718.inp","Negative binomial",3,"mean_nsamp",1,"sigma",1,"theta_true",0,"theta_CV",1,"G",-1,3,2,0.1,1,0.6,50,100,5,1078526260,1,1,100,1,25,,"0.0, 0.0, 0.0","1.0, 1.0, 1.0"
719,"faces_ex719.inp","Negative binomial",3,"mean_nsamp",1,"sigma",1,"theta_true",0,"theta_CV",1,"G",0,3,4,0.1,1,0.6,50,100,5,1078526260,1,1,100,1,25,,"0.0, 0.0, 0.0","1.0, 1.0, 1.0"
720,"faces_ex720.inp","Negative binomial",3,"mean_nsamp",1,"sigma",1,"theta_true",0,"theta_CV",1,"G",1,3,8,0.1,1,0.6,50,100,5,1078526260,1,1,100,1,25,,"0.0, 0.0, 0.0","1.0, 1.0, 1.0"
721,"faces_ex721.inp","Negative binomial",3,"mean_nsamp",1,"sigma",1,"theta_true",1,"theta_CV",-1,"G",-1,3,2,0.1,2,0,50,100,5,1078526260,1,1,100,1,25,,"0.0, 0.0, 0.0","1.0, 1.0, 1.0"
722,"faces_ex722.inp","Negative binomial",3,"mean_nsamp",1,"sigma",1,"theta_true",1,"theta_CV",-1,"G",0,3,4,0.1,2,0,50,100,5,1078526260,1,1,100,1,25,,"0.0, 0.0, 0.0","1.0, 1.0, 1.0"
723,"faces_ex723.inp","Negative binomial",3,"mean_nsamp",1,"sigma",1,"theta_true",1,"theta_CV",-1,"G",1,3,8,0.1,2,0,50,100,5,1078526260,1,1,100,1,25,,"0.0, 0.0, 0.0","1.0, 1.0, 1.0"
724,"faces_ex724.inp","Negative binomial",3,"mean_nsamp",1,"sigma",1,"theta_true",1,"theta_CV",0,"G",-1,3,2,0.1,2,0.2,50,100,5,1078526260,1,1,100,1,25,,"0.0, 0.0, 0.0","1.0, 1.0, 1.0"
725,"faces_ex725.inp","Negative binomial",3,"mean_nsamp",1,"sigma",1,"theta_true",1,"theta_CV",0,"G",0,3,4,0.1,2,0.2,50,100,5,1078526260,1,1,100,1,25,,"0.0, 0.0, 0.0","1.0, 1.0, 1.0"
726,"faces_ex726.inp","Negative binomial",3,"mean_nsamp",1,"sigma",1,"theta_true",1,"theta_CV",0,"G",1,3,8,0.1,2,0.2,50,100,5,1078526260,1,1,100,1,25,,"0.0, 0.0, 0.0","1.0, 1.0, 1.0"
727,"faces_ex727.inp","Negative binomial",3,"mean_nsamp",1,"sigma",1,"theta_true",1,"theta_CV",1,"G",-1,3,2,0.1,2,0.6,50,100,5,1078526260,1,1,100,1,25,,"0.0, 0.0, 0.0","1.0, 1.0, 1.0"
728,"faces_ex728.inp","Negative binomial",3,"mean_nsamp",1,"sigma",1,"theta_true",1,"theta_CV",1,"G",0,3,4,0.1,2,0.6,50,100,5,1078526260,1,1,100,1,25,,"0.0, 0.0, 0.0","1.0, 1.0, 1.0"
729,"faces_ex729.inp","Negative binomial",3,"mean_nsamp",1,"sigma",1,"theta_true",1,"theta_CV",1,"G",1,3,8,0.1,2,0.6,50,100,5,1078526260,1,1,100,1,25,,"0.0, 0.0, 0.0","1.0, 1.0, 1.0"
730,"faces_ex730.inp","Log-uniform",4,"mean_nsamp",-1,"sigma",-1,"theta_true",-1,"theta_CV",-1,"G",-1,3,2,0.1,0.5,0,50,100,5,1078526260,1,0.25,25,1,25,"50-100","0.0, 0.0, 0.0","1.0, 1.0, 1.0"
731,"faces_ex731.inp","Log-uniform",4,"mean_nsamp",-1,"sigma",-1,"theta_true",-1,"theta_CV",-1,"G",0,3,4,0.1,0.5,0,50,100,5,1078526260,1,0.25,25,1,25,"50-100","0.0, 0.0, 0.0","1.0, 1.0, 1.0"
732,"faces_ex732.inp","Log-uniform",4,"mean_nsamp",-1,"sigma",-1,"theta_true",-1,"theta_CV",-1,"G",1,3,8,0.1,0.5,0,50,100,5,1078526260,1,0.25,25,1,25,"50-100","0.0, 0.0, 0.0","1.0, 1.0, 1.0"
733,"faces_ex733.inp","Log-uniform",4,"mean_nsamp",-1,"sigma",-1,"theta_true",-1,"theta_CV",0,"G",-1,3,2,0.1,0.5,0.2,50,100,5,1078526260,1,0.25,25,1,25,"50-100","0.0, 0.0, 0.0","1.0, 1.0, 1.0"
734,"faces_ex734.inp","Log-uniform",4,"mean_nsamp",-1,"sigma",-1,"theta_true",-1,"theta_CV",0,"G",0,3,4,0.1,0.5,0.2,50,100,5,1078526260,1,0.25,25,1,25,"50-100","0.0, 0.0, 0.0","1.0, 1.0, 1.0"
735,"faces_ex735.inp","Log-uniform",4,"mean_nsamp",-1,"sigma",-1,"theta_true",-1,"theta_CV",0,"G",1,3,8,0.1,0.5,0.2,50,100,5,1078526260,1,0.25,25,1,25,"50-100","0.0, 0.0, 0.0","1.0, 1.0, 1.0"
736,"faces_ex736.inp","Log-uniform",4,"mean_nsamp",-1,"sigma",-1,"theta_true",-1,"theta_CV",1,"G",-1,3,2,0.1,0.5,0.6,50,100,5,1078526260,1,0.25,25,1,25,"50-100","0.0, 0.0, 0.0","1.0, 1.0, 1.0"
737,"faces_ex737.inp","Log-uniform",4,"mean_nsamp",-1,"sigma",-1,"theta_true",-1,"theta_CV",1,"G",0,3,4,0.1,0.5,0.6,50,100,5,1078526260,1,0.25,25,1,25,"50-100","0.0, 0.0, 0.0","1.0, 1.0, 1.0"
738,"faces_ex738.inp","Log-uniform",4,"mean_nsamp",-1,"sigma",-1,"theta_true",-1,"theta_CV",1,"G",1,3,8,0.1,0.5,0.6,50,100,5,1078526260,1,0.25,25,1,25,"50-100","0.0, 0.0, 0.0","1.0, 1.0, 1.0"
739,"faces_ex739.inp","Log-uniform",4,"mean_nsamp",-1,"sigma",-1,"theta_true",0,"theta_CV",-1,"G",-1,3,2,0.1,1,0,50,100,5,1078526260,1,0.25,25,1,25,"50-100","0.0, 0.0, 0.0","1.0, 1.0, 1.0"
740,"faces_ex740.inp","Log-uniform",4,"mean_nsamp",-1,"sigma",-1,"theta_true",0,"theta_CV",-1,"G",0,3,4,0.1,1,0,50,100,5,1078526260,1,0.25,25,1,25,"50-100","0.0, 0.0, 0.0","1.0, 1.0, 1.0"
741,"faces_ex741.inp","Log-uniform",4,"mean_nsamp",-1,"sigma",-1,"theta_true",0,"theta_CV",-1,"G",1,3,8,0.1,1,0,50,100,5,1078526260,1,0.25,25,1,25,"50-100","0.0, 0.0, 0.0","1.0, 1.0, 1.0"
742,"faces_ex742.inp","Log-uniform",4,"mean_nsamp",-1,"sigma",-1,"theta_true",0,"theta_CV",0,"G",-1,3,2,0.1,1,0.2,50,100,5,1078526260,1,0.25,25,1,25,"50-100","0.0, 0.0, 0.0","1.0, 1.0, 1.0"
743,"faces_ex743.inp","Log-uniform",4,"mean_nsamp",-1,"sigma",-1,"theta_true",0,"theta_CV",0,"G",0,3,4,0.1,1,0.2,50,100,5,1078526260,1,0.25,25,1,25,"50-100","0.0, 0.0, 0.0","1.0, 1.0, 1.0"
744,"faces_ex744.inp","Log-uniform",4,"mean_nsamp",-1,"sigma",-1,"theta_true",0,"theta_CV",0,"G",1,3,8,0.1,1,0.2,50,100,5,1078526260,1,0.25,25,1,25,"50-100","0.0, 0.0, 0.0","1.0, 1.0, 1.0"
745,"faces_ex745.inp","Log-uniform",4,"mean_nsamp",-1,"sigma",-1,"theta_true",0,"theta_CV",1,"G",-1,3,2,0.1,1,0.6,50,100,5,1078526260,1,0.25,25,1,25,"50-100","0.0, 0.0, 0.0","1.0, 1.0, 1.0"
746,"faces_ex746.inp","Log-uniform",4,"mean_nsamp",-1,"sigma",-1,"theta_true",0,"theta_CV",1,"G",0,3,4,0.1,1,0.6,50,100,5,1078526260,1,0.25,25,1,25,"50-100","0.0, 0.0, 0.0","1.0, 1.0, 1.0"
747,"faces_ex747.inp","Log-uniform",4,"mean_nsamp",-1,"sigma",-1,"theta_true",0,"theta_CV",1,"G",1,3,8,0.1,1,0.6,50,100,5,1078526260,1,0.25,25,1,25,"50-100","0.0, 0.0, 0.0","1.0, 1.0, 1.0"
748,"faces_ex748.inp","Log-uniform",4,"mean_nsamp",-1,"sigma",-1,"theta_true",1,"theta_CV",-1,"G",-1,3,2,0.1,2,0,50,100,5,1078526260,1,0.25,25,1,25,"50-100","0.0, 0.0, 0.0","1.0, 1.0, 1.0"
749,"faces_ex749.inp","Log-uniform",4,"mean_nsamp",-1,"sigma",-1,"theta_true",1,"theta_CV",-1,"G",0,3,4,0.1,2,0,50,100,5,1078526260,1,0.25,25,1,25,"50-100","0.0, 0.0, 0.0","1.0, 1.0, 1.0"
750,"faces_ex750.inp","Log-uniform",4,"mean_nsamp",-1,"sigma",-1,"theta_true",1,"theta_CV",-1,"G",1,3,8,0.1,2,0,50,100,5,1078526260,1,0.25,25,1,25,"50-100","0.0, 0.0, 0.0","1.0, 1.0, 1.0"
751,"faces_ex751.inp","Log-uniform",4,"mean_nsamp",-1,"sigma",-1,"theta_true",1,"theta_CV",0,"G",-1,3,2,0.1,2,0.2,50,100,5,1078526260,1,0.25,25,1,25,"50-100","0.0, 0.0, 0.0","1.0, 1.0, 1.0"
752,"faces_ex752.inp","Log-uniform",4,"mean_nsamp",-1,"sigma",-1,"theta_true",1,"theta_CV",0,"G",0,3,4,0.1,2,0.2,50,100,5,1078526260,1,0.25,25,1,25,"50-100","0.0, 0.0, 0.0","1.0, 1.0, 1.0"
753,"faces_ex753.inp","Log-uniform",4,"mean_nsamp",-1,"sigma",-1,"theta_true",1,"theta_CV",0,"G",1,3,8,0.1,2,0.2,50,100,5,1078526260,1,0.25,25,1,25,"50-100","0.0, 0.0, 0.0","1.0, 1.0, 1.0"
754,"faces_ex754.inp","Log-uniform",4,"mean_nsamp",-1,"sigma",-1,"theta_true",1,"theta_CV",1,"G",-1,3,2,0.1,2,0.6,50,100,5,1078526260,1,0.25,25,1,25,"50-100","0.0, 0.0, 0.0","1.0, 1.0, 1.0"
755,"faces_ex755.inp","Log-uniform",4,"mean_nsamp",-1,"sigma",-1,"theta_true",1,"theta_CV",1,"G",0,3,4,0.1,2,0.6,50,100,5,1078526260,1,0.25,25,1,25,"50-100","0.0, 0.0, 0.0","1.0, 1.0, 1.0"
756,"faces_ex756.inp","Log-uniform",4,"mean_nsamp",-1,"sigma",-1,"theta_true",1,"theta_CV",1,"G",1,3,8,0.1,2,0.6,50,100,5,1078526260,1,0.25,25,1,25,"50-100","0.0, 0.0, 0.0","1.0, 1.0, 1.0"
757,"faces_ex757.inp","Log-uniform",4,"mean_nsamp",-1,"sigma",0,"theta_true",-1,"theta_CV",-1,"G",-1,3,2,0.1,0.5,0,50,100,5,1078526260,1,0.5,25,1,25,"50-100","0.0, 0.0, 0.0","1.0, 1.0, 1.0"
758,"faces_ex758.inp","Log-uniform",4,"mean_nsamp",-1,"sigma",0,"theta_true",-1,"theta_CV",-1,"G",0,3,4,0.1,0.5,0,50,100,5,1078526260,1,0.5,25,1,25,"50-100","0.0, 0.0, 0.0","1.0, 1.0, 1.0"
759,"faces_ex759.inp","Log-uniform",4,"mean_nsamp",-1,"sigma",0,"theta_true",-1,"theta_CV",-1,"G",1,3,8,0.1,0.5,0,50,100,5,1078526260,1,0.5,25,1,25,"50-100","0.0, 0.0, 0.0","1.0, 1.0, 1.0"
760,"faces_ex760.inp","Log-uniform",4,"mean_nsamp",-1,"sigma",0,"theta_true",-1,"theta_CV",0,"G",-1,3,2,0.1,0.5,0.2,50,100,5,1078526260,1,0.5,25,1,25,"50-100","0.0, 0.0, 0.0","1.0, 1.0, 1.0"
761,"faces_ex761.inp","Log-uniform",4,"mean_nsamp",-1,"sigma",0,"theta_true",-1,"theta_CV",0,"G",0,3,4,0.1,0.5,0.2,50,100,5,1078526260,1,0.5,25,1,25,"50-100","0.0, 0.0, 0.0","1.0, 1.0, 1.0"
762,"faces_ex762.inp","Log-uniform",4,"mean_nsamp",-1,"sigma",0,"theta_true",-1,"theta_CV",0,"G",1,3,8,0.1,0.5,0.2,50,100,5,1078526260,1,0.5,25,1,25,"50-100","0.0, 0.0, 0.0","1.0, 1.0, 1.0"
763,"faces_ex763.inp","Log-uniform",4,"mean_nsamp",-1,"sigma",0,"theta_true",-1,"theta_CV",1,"G",-1,3,2,0.1,0.5,0.6,50,100,5,1078526260,1,0.5,25,1,25,"50-100","0.0, 0.0, 0.0","1.0, 1.0, 1.0"
764,"faces_ex764.inp","Log-uniform",4,"mean_nsamp",-1,"sigma",0,"theta_true",-1,"theta_CV",1,"G",0,3,4,0.1,0.5,0.6,50,100,5,1078526260,1,0.5,25,1,25,"50-100","0.0, 0.0, 0.0","1.0, 1.0, 1.0"
765,"faces_ex765.inp","Log-uniform",4,"mean_nsamp",-1,"sigma",0,"theta_true",-1,"theta_CV",1,"G",1,3,8,0.1,0.5,0.6,50,100,5,1078526260,1,0.5,25,1,25,"50-100","0.0, 0.0, 0.0","1.0, 1.0, 1.0"
766,"faces_ex766.inp","Log-uniform",4,"mean_nsamp",-1,"sigma",0,"theta_true",0,"theta_CV",-1,"G",-1,3,2,0.1,1,0,50,100,5,1078526260,1,0.5,25,1,25,"50-100","0.0, 0.0, 0.0","1.0, 1.0, 1.0"
767,"faces_ex767.inp","Log-uniform",4,"mean_nsamp",-1,"sigma",0,"theta_true",0,"theta_CV",-1,"G",0,3,4,0.1,1,0,50,100,5,1078526260,1,0.5,25,1,25,"50-100","0.0, 0.0, 0.0","1.0, 1.0, 1.0"
768,"faces_ex768.inp","Log-uniform",4,"mean_nsamp",-1,"sigma",0,"theta_true",0,"theta_CV",-1,"G",1,3,8,0.1,1,0,50,100,5,1078526260,1,0.5,25,1,25,"50-100","0.0, 0.0, 0.0","1.0, 1.0, 1.0"
769,"faces_ex769.inp","Log-uniform",4,"mean_nsamp",-1,"sigma",0,"theta_true",0,"theta_CV",0,"G",-1,3,2,0.1,1,0.2,50,100,5,1078526260,1,0.5,25,1,25,"50-100","0.0, 0.0, 0.0","1.0, 1.0, 1.0"
770,"faces_ex770.inp","Log-uniform",4,"mean_nsamp",-1,"sigma",0,"theta_true",0,"theta_CV",0,"G",0,3,4,0.1,1,0.2,50,100,5,1078526260,1,0.5,25,1,25,"50-100","0.0, 0.0, 0.0","1.0, 1.0, 1.0"
771,"faces_ex771.inp","Log-uniform",4,"mean_nsamp",-1,"sigma",0,"theta_true",0,"theta_CV",0,"G",1,3,8,0.1,1,0.2,50,100,5,1078526260,1,0.5,25,1,25,"50-100","0.0, 0.0, 0.0","1.0, 1.0, 1.0"
772,"faces_ex772.inp","Log-uniform",4,"mean_nsamp",-1,"sigma",0,"theta_true",0,"theta_CV",1,"G",-1,3,2,0.1,1,0.6,50,100,5,1078526260,1,0.5,25,1,25,"50-100","0.0, 0.0, 0.0","1.0, 1.0, 1.0"
773,"faces_ex773.inp","Log-uniform",4,"mean_nsamp",-1,"sigma",0,"theta_true",0,"theta_CV",1,"G",0,3,4,0.1,1,0.6,50,100,5,1078526260,1,0.5,25,1,25,"50-100","0.0, 0.0, 0.0","1.0, 1.0, 1.0"
774,"faces_ex774.inp","Log-uniform",4,"mean_nsamp",-1,"sigma",0,"theta_true",0,"theta_CV",1,"G",1,3,8,0.1,1,0.6,50,100,5,1078526260,1,0.5,25,1,25,"50-100","0.0, 0.0, 0.0","1.0, 1.0, 1.0"
775,"faces_ex775.inp","Log-uniform",4,"mean_nsamp",-1,"sigma",0,"theta_true",1,"theta_CV",-1,"G",-1,3,2,0.1,2,0,50,100,5,1078526260,1,0.5,25,1,25,"50-100","0.0, 0.0, 0.0","1.0, 1.0, 1.0"
776,"faces_ex776.inp","Log-uniform",4,"mean_nsamp",-1,"sigma",0,"theta_true",1,"theta_CV",-1,"G",0,3,4,0.1,2,0,50,100,5,1078526260,1,0.5,25,1,25,"50-100","0.0, 0.0, 0.0","1.0, 1.0, 1.0"
777,"faces_ex777.inp","Log-uniform",4,"mean_nsamp",-1,"sigma",0,"theta_true",1,"theta_CV",-1,"G",1,3,8,0.1,2,0,50,100,5,1078526260,1,0.5,25,1,25,"50-100","0.0, 0.0, 0.0","1.0, 1.0, 1.0"
778,"faces_ex778.inp","Log-uniform",4,"mean_nsamp",-1,"sigma",0,"theta_true",1,"theta_CV",0,"G",-1,3,2,0.1,2,0.2,50,100,5,1078526260,1,0.5,25,1,25,"50-100","0.0, 0.0, 0.0","1.0, 1.0, 1.0"
779,"faces_ex779.inp","Log-uniform",4,"mean_nsamp",-1,"sigma",0,"theta_true",1,"theta_CV",0,"G",0,3,4,0.1,2,0.2,50,100,5,1078526260,1,0.5,25,1,25,"50-100","0.0, 0.0, 0.0","1.0, 1.0, 1.0"
780,"faces_ex780.inp","Log-uniform",4,"mean_nsamp",-1,"sigma",0,"theta_true",1,"theta_CV",0,"G",1,3,8,0.1,2,0.2,50,100,5,1078526260,1,0.5,25,1,25,"50-100","0.0, 0.0, 0.0","1.0, 1.0, 1.0"
781,"faces_ex781.inp","Log-uniform",4,"mean_nsamp",-1,"sigma",0,"theta_true",1,"theta_CV",1,"G",-1,3,2,0.1,2,0.6,50,100,5,1078526260,1,0.5,25,1,25,"50-100","0.0, 0.0, 0.0","1.0, 1.0, 1.0"
782,"faces_ex782.inp","Log-uniform",4,"mean_nsamp",-1,"sigma",0,"theta_true",1,"theta_CV",1,"G",0,3,4,0.1,2,0.6,50,100,5,1078526260,1,0.5,25,1,25,"50-100","0.0, 0.0, 0.0","1.0, 1.0, 1.0"
783,"faces_ex783.inp","Log-uniform",4,"mean_nsamp",-1,"sigma",0,"theta_true",1,"theta_CV",1,"G",1,3,8,0.1,2,0.6,50,100,5,1078526260,1,0.5,25,1,25,"50-100","0.0, 0.0, 0.0","1.0, 1.0, 1.0"
784,"faces_ex784.inp","Log-uniform",4,"mean_nsamp",-1,"sigma",1,"theta_true",-1,"theta_CV",-1,"G",-1,3,2,0.1,0.5,0,50,100,5,1078526260,1,1,25,1,25,"50-100","0.0, 0.0, 0.0","1.0, 1.0, 1.0"
785,"faces_ex785.inp","Log-uniform",4,"mean_nsamp",-1,"sigma",1,"theta_true",-1,"theta_CV",-1,"G",0,3,4,0.1,0.5,0,50,100,5,1078526260,1,1,25,1,25,"50-100","0.0, 0.0, 0.0","1.0, 1.0, 1.0"
786,"faces_ex786.inp","Log-uniform",4,"mean_nsamp",-1,"sigma",1,"theta_true",-1,"theta_CV",-1,"G",1,3,8,0.1,0.5,0,50,100,5,1078526260,1,1,25,1,25,"50-100","0.0, 0.0, 0.0","1.0, 1.0, 1.0"
787,"faces_ex787.inp","Log-uniform",4,"mean_nsamp",-1,"sigma",1,"theta_true",-1,"theta_CV",0,"G",-1,3,2,0.1,0.5,0.2,50,100,5,1078526260,1,1,25,1,25,"50-100","0.0, 0.0, 0.0","1.0, 1.0, 1.0"
788,"faces_ex788.inp","Log-uniform",4,"mean_nsamp",-1,"sigma",1,"theta_true",-1,"theta_CV",0,"G",0,3,4,0.1,0.5,0.2,50,100,5,1078526260,1,1,25,1,25,"50-100","0.0, 0.0, 0.0","1.0, 1.0, 1.0"
789,"faces_ex789.inp","Log-uniform",4,"mean_nsamp",-1,"sigma",1,"theta_true",-1,"theta_CV",0,"G",1,3,8,0.1,0.5,0.2,50,100,5,1078526260,1,1,25,1,25,"50-100","0.0, 0.0, 0.0","1.0, 1.0, 1.0"
790,"faces_ex790.inp","Log-uniform",4,"mean_nsamp",-1,"sigma",1,"theta_true",-1,"theta_CV",1,"G",-1,3,2,0.1,0.5,0.6,50,100,5,1078526260,1,1,25,1,25,"50-100","0.0, 0.0, 0.0","1.0, 1.0, 1.0"
791,"faces_ex791.inp","Log-uniform",4,"mean_nsamp",-1,"sigma",1,"theta_true",-1,"theta_CV",1,"G",0,3,4,0.1,0.5,0.6,50,100,5,1078526260,1,1,25,1,25,"50-100","0.0, 0.0, 0.0","1.0, 1.0, 1.0"
792,"faces_ex792.inp","Log-uniform",4,"mean_nsamp",-1,"sigma",1,"theta_true",-1,"theta_CV",1,"G",1,3,8,0.1,0.5,0.6,50,100,5,1078526260,1,1,25,1,25,"50-100","0.0, 0.0, 0.0","1.0, 1.0, 1.0"
793,"faces_ex793.inp","Log-uniform",4,"mean_nsamp",-1,"sigma",1,"theta_true",0,"theta_CV",-1,"G",-1,3,2,0.1,1,0,50,100,5,1078526260,1,1,25,1,25,"50-100","0.0, 0.0, 0.0","1.0, 1.0, 1.0"
794,"faces_ex794.inp","Log-uniform",4,"mean_nsamp",-1,"sigma",1,"theta_true",0,"theta_CV",-1,"G",0,3,4,0.1,1,0,50,100,5,1078526260,1,1,25,1,25,"50-100","0.0, 0.0, 0.0","1.0, 1.0, 1.0"
795,"faces_ex795.inp","Log-uniform",4,"mean_nsamp",-1,"sigma",1,"theta_true",0,"theta_CV",-1,"G",1,3,8,0.1,1,0,50,100,5,1078526260,1,1,25,1,25,"50-100","0.0, 0.0, 0.0","1.0, 1.0, 1.0"
796,"faces_ex796.inp","Log-uniform",4,"mean_nsamp",-1,"sigma",1,"theta_true",0,"theta_CV",0,"G",-1,3,2,0.1,1,0.2,50,100,5,1078526260,1,1,25,1,25,"50-100","0.0, 0.0, 0.0","1.0, 1.0, 1.0"
797,"faces_ex797.inp","Log-uniform",4,"mean_nsamp",-1,"sigma",1,"theta_true",0,"theta_CV",0,"G",0,3,4,0.1,1,0.2,50,100,5,1078526260,1,1,25,1,25,"50-100","0.0, 0.0, 0.0","1.0, 1.0, 1.0"
798,"faces_ex798.inp","Log-uniform",4,"mean_nsamp",-1,"sigma",1,"theta_true",0,"theta_CV",0,"G",1,3,8,0.1,1,0.2,50,100,5,1078526260,1,1,25,1,25,"50-100","0.0, 0.0, 0.0","1.0, 1.0, 1.0"
799,"faces_ex799.inp","Log-uniform",4,"mean_nsamp",-1,"sigma",1,"theta_true",0,"theta_CV",1,"G",-1,3,2,0.1,1,0.6,50,100,5,1078526260,1,1,25,1,25,"50-100","0.0, 0.0, 0.0","1.0, 1.0, 1.0"
800,"faces_ex800.inp","Log-uniform",4,"mean_nsamp",-1,"sigma",1,"theta_true",0,"theta_CV",1,"G",0,3,4,0.1,1,0.6,50,100,5,1078526260,1,1,25,1,25,"50-100","0.0, 0.0, 0.0","1.0, 1.0, 1.0"
801,"faces_ex801.inp","Log-uniform",4,"mean_nsamp",-1,"sigma",1,"theta_true",0,"theta_CV",1,"G",1,3,8,0.1,1,0.6,50,100,5,1078526260,1,1,25,1,25,"50-100","0.0, 0.0, 0.0","1.0, 1.0, 1.0"
802,"faces_ex802.inp","Log-uniform",4,"mean_nsamp",-1,"sigma",1,"theta_true",1,"theta_CV",-1,"G",-1,3,2,0.1,2,0,50,100,5,1078526260,1,1,25,1,25,"50-100","0.0, 0.0, 0.0","1.0, 1.0, 1.0"
803,"faces_ex803.inp","Log-uniform",4,"mean_nsamp",-1,"sigma",1,"theta_true",1,"theta_CV",-1,"G",0,3,4,0.1,2,0,50,100,5,1078526260,1,1,25,1,25,"50-100","0.0, 0.0, 0.0","1.0, 1.0, 1.0"
804,"faces_ex804.inp","Log-uniform",4,"mean_nsamp",-1,"sigma",1,"theta_true",1,"theta_CV",-1,"G",1,3,8,0.1,2,0,50,100,5,1078526260,1,1,25,1,25,"50-100","0.0, 0.0, 0.0","1.0, 1.0, 1.0"
805,"faces_ex805.inp","Log-uniform",4,"mean_nsamp",-1,"sigma",1,"theta_true",1,"theta_CV",0,"G",-1,3,2,0.1,2,0.2,50,100,5,1078526260,1,1,25,1,25,"50-100","0.0, 0.0, 0.0","1.0, 1.0, 1.0"
806,"faces_ex806.inp","Log-uniform",4,"mean_nsamp",-1,"sigma",1,"theta_true",1,"theta_CV",0,"G",0,3,4,0.1,2,0.2,50,100,5,1078526260,1,1,25,1,25,"50-100","0.0, 0.0, 0.0","1.0, 1.0, 1.0"
807,"faces_ex807.inp","Log-uniform",4,"mean_nsamp",-1,"sigma",1,"theta_true",1,"theta_CV",0,"G",1,3,8,0.1,2,0.2,50,100,5,1078526260,1,1,25,1,25,"50-100","0.0, 0.0, 0.0","1.0, 1.0, 1.0"
808,"faces_ex808.inp","Log-uniform",4,"mean_nsamp",-1,"sigma",1,"theta_true",1,"theta_CV",1,"G",-1,3,2,0.1,2,0.6,50,100,5,1078526260,1,1,25,1,25,"50-100","0.0, 0.0, 0.0","1.0, 1.0, 1.0"
809,"faces_ex809.inp","Log-uniform",4,"mean_nsamp",-1,"sigma",1,"theta_true",1,"theta_CV",1,"G",0,3,4,0.1,2,0.6,50,100,5,1078526260,1,1,25,1,25,"50-100","0.0, 0.0, 0.0","1.0, 1.0, 1.0"
810,"faces_ex810.inp","Log-uniform",4,"mean_nsamp",-1,"sigma",1,"theta_true",1,"theta_CV",1,"G",1,3,8,0.1,2,0.6,50,100,5,1078526260,1,1,25,1,25,"50-100","0.0, 0.0, 0.0","1.0, 1.0, 1.0"
811,"faces_ex811.inp","Log-uniform",4,"mean_nsamp",0,"sigma",-1,"theta_true",-1,"theta_CV",-1,"G",-1,3,2,0.1,0.5,0,50,100,5,1078526260,1,0.25,50,1,25,"50-100","0.0, 0.0, 0.0","1.0, 1.0, 1.0"
812,"faces_ex812.inp","Log-uniform",4,"mean_nsamp",0,"sigma",-1,"theta_true",-1,"theta_CV",-1,"G",0,3,4,0.1,0.5,0,50,100,5,1078526260,1,0.25,50,1,25,"50-100","0.0, 0.0, 0.0","1.0, 1.0, 1.0"
813,"faces_ex813.inp","Log-uniform",4,"mean_nsamp",0,"sigma",-1,"theta_true",-1,"theta_CV",-1,"G",1,3,8,0.1,0.5,0,50,100,5,1078526260,1,0.25,50,1,25,"50-100","0.0, 0.0, 0.0","1.0, 1.0, 1.0"
814,"faces_ex814.inp","Log-uniform",4,"mean_nsamp",0,"sigma",-1,"theta_true",-1,"theta_CV",0,"G",-1,3,2,0.1,0.5,0.2,50,100,5,1078526260,1,0.25,50,1,25,"50-100","0.0, 0.0, 0.0","1.0, 1.0, 1.0"
815,"faces_ex815.inp","Log-uniform",4,"mean_nsamp",0,"sigma",-1,"theta_true",-1,"theta_CV",0,"G",0,3,4,0.1,0.5,0.2,50,100,5,1078526260,1,0.25,50,1,25,"50-100","0.0, 0.0, 0.0","1.0, 1.0, 1.0"
816,"faces_ex816.inp","Log-uniform",4,"mean_nsamp",0,"sigma",-1,"theta_true",-1,"theta_CV",0,"G",1,3,8,0.1,0.5,0.2,50,100,5,1078526260,1,0.25,50,1,25,"50-100","0.0, 0.0, 0.0","1.0, 1.0, 1.0"
817,"faces_ex817.inp","Log-uniform",4,"mean_nsamp",0,"sigma",-1,"theta_true",-1,"theta_CV",1,"G",-1,3,2,0.1,0.5,0.6,50,100,5,1078526260,1,0.25,50,1,25,"50-100","0.0, 0.0, 0.0","1.0, 1.0, 1.0"
818,"faces_ex818.inp","Log-uniform",4,"mean_nsamp",0,"sigma",-1,"theta_true",-1,"theta_CV",1,"G",0,3,4,0.1,0.5,0.6,50,100,5,1078526260,1,0.25,50,1,25,"50-100","0.0, 0.0, 0.0","1.0, 1.0, 1.0"
819,"faces_ex819.inp","Log-uniform",4,"mean_nsamp",0,"sigma",-1,"theta_true",-1,"theta_CV",1,"G",1,3,8,0.1,0.5,0.6,50,100,5,1078526260,1,0.25,50,1,25,"50-100","0.0, 0.0, 0.0","1.0, 1.0, 1.0"
820,"faces_ex820.inp","Log-uniform",4,"mean_nsamp",0,"sigma",-1,"theta_true",0,"theta_CV",-1,"G",-1,3,2,0.1,1,0,50,100,5,1078526260,1,0.25,50,1,25,"50-100","0.0, 0.0, 0.0","1.0, 1.0, 1.0"
821,"faces_ex821.inp","Log-uniform",4,"mean_nsamp",0,"sigma",-1,"theta_true",0,"theta_CV",-1,"G",0,3,4,0.1,1,0,50,100,5,1078526260,1,0.25,50,1,25,"50-100","0.0, 0.0, 0.0","1.0, 1.0, 1.0"
822,"faces_ex822.inp","Log-uniform",4,"mean_nsamp",0,"sigma",-1,"theta_true",0,"theta_CV",-1,"G",1,3,8,0.1,1,0,50,100,5,1078526260,1,0.25,50,1,25,"50-100","0.0, 0.0, 0.0","1.0, 1.0, 1.0"
823,"faces_ex823.inp","Log-uniform",4,"mean_nsamp",0,"sigma",-1,"theta_true",0,"theta_CV",0,"G",-1,3,2,0.1,1,0.2,50,100,5,1078526260,1,0.25,50,1,25,"50-100","0.0, 0.0, 0.0","1.0, 1.0, 1.0"
824,"faces_ex824.inp","Log-uniform",4,"mean_nsamp",0,"sigma",-1,"theta_true",0,"theta_CV",0,"G",0,3,4,0.1,1,0.2,50,100,5,1078526260,1,0.25,50,1,25,"50-100","0.0, 0.0, 0.0","1.0, 1.0, 1.0"
825,"faces_ex825.inp","Log-uniform",4,"mean_nsamp",0,"sigma",-1,"theta_true",0,"theta_CV",0,"G",1,3,8,0.1,1,0.2,50,100,5,1078526260,1,0.25,50,1,25,"50-100","0.0, 0.0, 0.0","1.0, 1.0, 1.0"
826,"faces_ex826.inp","Log-uniform",4,"mean_nsamp",0,"sigma",-1,"theta_true",0,"theta_CV",1,"G",-1,3,2,0.1,1,0.6,50,100,5,1078526260,1,0.25,50,1,25,"50-100","0.0, 0.0, 0.0","1.0, 1.0, 1.0"
827,"faces_ex827.inp","Log-uniform",4,"mean_nsamp",0,"sigma",-1,"theta_true",0,"theta_CV",1,"G",0,3,4,0.1,1,0.6,50,100,5,1078526260,1,0.25,50,1,25,"50-100","0.0, 0.0, 0.0","1.0, 1.0, 1.0"
828,"faces_ex828.inp","Log-uniform",4,"mean_nsamp",0,"sigma",-1,"theta_true",0,"theta_CV",1,"G",1,3,8,0.1,1,0.6,50,100,5,1078526260,1,0.25,50,1,25,"50-100","0.0, 0.0, 0.0","1.0, 1.0, 1.0"
829,"faces_ex829.inp","Log-uniform",4,"mean_nsamp",0,"sigma",-1,"theta_true",1,"theta_CV",-1,"G",-1,3,2,0.1,2,0,50,100,5,1078526260,1,0.25,50,1,25,"50-100","0.0, 0.0, 0.0","1.0, 1.0, 1.0"
830,"faces_ex830.inp","Log-uniform",4,"mean_nsamp",0,"sigma",-1,"theta_true",1,"theta_CV",-1,"G",0,3,4,0.1,2,0,50,100,5,1078526260,1,0.25,50,1,25,"50-100","0.0, 0.0, 0.0","1.0, 1.0, 1.0"
831,"faces_ex831.inp","Log-uniform",4,"mean_nsamp",0,"sigma",-1,"theta_true",1,"theta_CV",-1,"G",1,3,8,0.1,2,0,50,100,5,1078526260,1,0.25,50,1,25,"50-100","0.0, 0.0, 0.0","1.0, 1.0, 1.0"
832,"faces_ex832.inp","Log-uniform",4,"mean_nsamp",0,"sigma",-1,"theta_true",1,"theta_CV",0,"G",-1,3,2,0.1,2,0.2,50,100,5,1078526260,1,0.25,50,1,25,"50-100","0.0, 0.0, 0.0","1.0, 1.0, 1.0"
833,"faces_ex833.inp","Log-uniform",4,"mean_nsamp",0,"sigma",-1,"theta_true",1,"theta_CV",0,"G",0,3,4,0.1,2,0.2,50,100,5,1078526260,1,0.25,50,1,25,"50-100","0.0, 0.0, 0.0","1.0, 1.0, 1.0"
834,"faces_ex834.inp","Log-uniform",4,"mean_nsamp",0,"sigma",-1,"theta_true",1,"theta_CV",0,"G",1,3,8,0.1,2,0.2,50,100,5,1078526260,1,0.25,50,1,25,"50-100","0.0, 0.0, 0.0","1.0, 1.0, 1.0"
835,"faces_ex835.inp","Log-uniform",4,"mean_nsamp",0,"sigma",-1,"theta_true",1,"theta_CV",1,"G",-1,3,2,0.1,2,0.6,50,100,5,1078526260,1,0.25,50,1,25,"50-100","0.0, 0.0, 0.0","1.0, 1.0, 1.0"
836,"faces_ex836.inp","Log-uniform",4,"mean_nsamp",0,"sigma",-1,"theta_true",1,"theta_CV",1,"G",0,3,4,0.1,2,0.6,50,100,5,1078526260,1,0.25,50,1,25,"50-100","0.0, 0.0, 0.0","1.0, 1.0, 1.0"
837,"faces_ex837.inp","Log-uniform",4,"mean_nsamp",0,"sigma",-1,"theta_true",1,"theta_CV",1,"G",1,3,8,0.1,2,0.6,50,100,5,1078526260,1,0.25,50,1,25,"50-100","0.0, 0.0, 0.0","1.0, 1.0, 1.0"
838,"faces_ex838.inp","Log-uniform",4,"mean_nsamp",0,"sigma",0,"theta_true",-1,"theta_CV",-1,"G",-1,3,2,0.1,0.5,0,50,100,5,1078526260,1,0.5,50,1,25,"50-100","0.0, 0.0, 0.0","1.0, 1.0, 1.0"
839,"faces_ex839.inp","Log-uniform",4,"mean_nsamp",0,"sigma",0,"theta_true",-1,"theta_CV",-1,"G",0,3,4,0.1,0.5,0,50,100,5,1078526260,1,0.5,50,1,25,"50-100","0.0, 0.0, 0.0","1.0, 1.0, 1.0"
840,"faces_ex840.inp","Log-uniform",4,"mean_nsamp",0,"sigma",0,"theta_true",-1,"theta_CV",-1,"G",1,3,8,0.1,0.5,0,50,100,5,1078526260,1,0.5,50,1,25,"50-100","0.0, 0.0, 0.0","1.0, 1.0, 1.0"
841,"faces_ex841.inp","Log-uniform",4,"mean_nsamp",0,"sigma",0,"theta_true",-1,"theta_CV",0,"G",-1,3,2,0.1,0.5,0.2,50,100,5,1078526260,1,0.5,50,1,25,"50-100","0.0, 0.0, 0.0","1.0, 1.0, 1.0"
842,"faces_ex842.inp","Log-uniform",4,"mean_nsamp",0,"sigma",0,"theta_true",-1,"theta_CV",0,"G",0,3,4,0.1,0.5,0.2,50,100,5,1078526260,1,0.5,50,1,25,"50-100","0.0, 0.0, 0.0","1.0, 1.0, 1.0"
843,"faces_ex843.inp","Log-uniform",4,"mean_nsamp",0,"sigma",0,"theta_true",-1,"theta_CV",0,"G",1,3,8,0.1,0.5,0.2,50,100,5,1078526260,1,0.5,50,1,25,"50-100","0.0, 0.0, 0.0","1.0, 1.0, 1.0"
844,"faces_ex844.inp","Log-uniform",4,"mean_nsamp",0,"sigma",0,"theta_true",-1,"theta_CV",1,"G",-1,3,2,0.1,0.5,0.6,50,100,5,1078526260,1,0.5,50,1,25,"50-100","0.0, 0.0, 0.0","1.0, 1.0, 1.0"
845,"faces_ex845.inp","Log-uniform",4,"mean_nsamp",0,"sigma",0,"theta_true",-1,"theta_CV",1,"G",0,3,4,0.1,0.5,0.6,50,100,5,1078526260,1,0.5,50,1,25,"50-100","0.0, 0.0, 0.0","1.0, 1.0, 1.0"
846,"faces_ex846.inp","Log-uniform",4,"mean_nsamp",0,"sigma",0,"theta_true",-1,"theta_CV",1,"G",1,3,8,0.1,0.5,0.6,50,100,5,1078526260,1,0.5,50,1,25,"50-100","0.0, 0.0, 0.0","1.0, 1.0, 1.0"
847,"faces_ex847.inp","Log-uniform",4,"mean_nsamp",0,"sigma",0,"theta_true",0,"theta_CV",-1,"G",-1,3,2,0.1,1,0,50,100,5,1078526260,1,0.5,50,1,25,"50-100","0.0, 0.0, 0.0","1.0, 1.0, 1.0"
848,"faces_ex848.inp","Log-uniform",4,"mean_nsamp",0,"sigma",0,"theta_true",0,"theta_CV",-1,"G",0,3,4,0.1,1,0,50,100,5,1078526260,1,0.5,50,1,25,"50-100","0.0, 0.0, 0.0","1.0, 1.0, 1.0"
849,"faces_ex849.inp","Log-uniform",4,"mean_nsamp",0,"sigma",0,"theta_true",0,"theta_CV",-1,"G",1,3,8,0.1,1,0,50,100,5,1078526260,1,0.5,50,1,25,"50-100","0.0, 0.0, 0.0","1.0, 1.0, 1.0"
850,"faces_ex850.inp","Log-uniform",4,"mean_nsamp",0,"sigma",0,"theta_true",0,"theta_CV",0,"G",-1,3,2,0.1,1,0.2,50,100,5,1078526260,1,0.5,50,1,25,"50-100","0.0, 0.0, 0.0","1.0, 1.0, 1.0"
851,"faces_ex851.inp","Log-uniform",4,"mean_nsamp",0,"sigma",0,"theta_true",0,"theta_CV",0,"G",0,3,4,0.1,1,0.2,50,100,5,1078526260,1,0.5,50,1,25,"50-100","0.0, 0.0, 0.0","1.0, 1.0, 1.0"
852,"faces_ex852.inp","Log-uniform",4,"mean_nsamp",0,"sigma",0,"theta_true",0,"theta_CV",0,"G",1,3,8,0.1,1,0.2,50,100,5,1078526260,1,0.5,50,1,25,"50-100","0.0, 0.0, 0.0","1.0, 1.0, 1.0"
853,"faces_ex853.inp","Log-uniform",4,"mean_nsamp",0,"sigma",0,"theta_true",0,"theta_CV",1,"G",-1,3,2,0.1,1,0.6,50,100,5,1078526260,1,0.5,50,1,25,"50-100","0.0, 0.0, 0.0","1.0, 1.0, 1.0"
854,"faces_ex854.inp","Log-uniform",4,"mean_nsamp",0,"sigma",0,"theta_true",0,"theta_CV",1,"G",0,3,4,0.1,1,0.6,50,100,5,1078526260,1,0.5,50,1,25,"50-100","0.0, 0.0, 0.0","1.0, 1.0, 1.0"
855,"faces_ex855.inp","Log-uniform",4,"mean_nsamp",0,"sigma",0,"theta_true",0,"theta_CV",1,"G",1,3,8,0.1,1,0.6,50,100,5,1078526260,1,0.5,50,1,25,"50-100","0.0, 0.0, 0.0","1.0, 1.0, 1.0"
856,"faces_ex856.inp","Log-uniform",4,"mean_nsamp",0,"sigma",0,"theta_true",1,"theta_CV",-1,"G",-1,3,2,0.1,2,0,50,100,5,1078526260,1,0.5,50,1,25,"50-100","0.0, 0.0, 0.0","1.0, 1.0, 1.0"
857,"faces_ex857.inp","Log-uniform",4,"mean_nsamp",0,"sigma",0,"theta_true",1,"theta_CV",-1,"G",0,3,4,0.1,2,0,50,100,5,1078526260,1,0.5,50,1,25,"50-100","0.0, 0.0, 0.0","1.0, 1.0, 1.0"
858,"faces_ex858.inp","Log-uniform",4,"mean_nsamp",0,"sigma",0,"theta_true",1,"theta_CV",-1,"G",1,3,8,0.1,2,0,50,100,5,1078526260,1,0.5,50,1,25,"50-100","0.0, 0.0, 0.0","1.0, 1.0, 1.0"
859,"faces_ex859.inp","Log-uniform",4,"mean_nsamp",0,"sigma",0,"theta_true",1,"theta_CV",0,"G",-1,3,2,0.1,2,0.2,50,100,5,1078526260,1,0.5,50,1,25,"50-100","0.0, 0.0, 0.0","1.0, 1.0, 1.0"
860,"faces_ex860.inp","Log-uniform",4,"mean_nsamp",0,"sigma",0,"theta_true",1,"theta_CV",0,"G",0,3,4,0.1,2,0.2,50,100,5,1078526260,1,0.5,50,1,25,"50-100","0.0, 0.0, 0.0","1.0, 1.0, 1.0"
861,"faces_ex861.inp","Log-uniform",4,"mean_nsamp",0,"sigma",0,"theta_true",1,"theta_CV",0,"G",1,3,8,0.1,2,0.2,50,100,5,1078526260,1,0.5,50,1,25,"50-100","0.0, 0.0, 0.0","1.0, 1.0, 1.0"
862,"faces_ex862.inp","Log-uniform",4,"mean_nsamp",0,"sigma",0,"theta_true",1,"theta_CV",1,"G",-1,3,2,0.1,2,0.6,50,100,5,1078526260,1,0.5,50,1,25,"50-100","0.0, 0.0, 0.0","1.0, 1.0, 1.0"
863,"faces_ex863.inp","Log-uniform",4,"mean_nsamp",0,"sigma",0,"theta_true",1,"theta_CV",1,"G",0,3,4,0.1,2,0.6,50,100,5,1078526260,1,0.5,50,1,25,"50-100","0.0, 0.0, 0.0","1.0, 1.0, 1.0"
864,"faces_ex864.inp","Log-uniform",4,"mean_nsamp",0,"sigma",0,"theta_true",1,"theta_CV",1,"G",1,3,8,0.1,2,0.6,50,100,5,1078526260,1,0.5,50,1,25,"50-100","0.0, 0.0, 0.0","1.0, 1.0, 1.0"
865,"faces_ex865.inp","Log-uniform",4,"mean_nsamp",0,"sigma",1,"theta_true",-1,"theta_CV",-1,"G",-1,3,2,0.1,0.5,0,50,100,5,1078526260,1,1,50,1,25,"50-100","0.0, 0.0, 0.0","1.0, 1.0, 1.0"
866,"faces_ex866.inp","Log-uniform",4,"mean_nsamp",0,"sigma",1,"theta_true",-1,"theta_CV",-1,"G",0,3,4,0.1,0.5,0,50,100,5,1078526260,1,1,50,1,25,"50-100","0.0, 0.0, 0.0","1.0, 1.0, 1.0"
867,"faces_ex867.inp","Log-uniform",4,"mean_nsamp",0,"sigma",1,"theta_true",-1,"theta_CV",-1,"G",1,3,8,0.1,0.5,0,50,100,5,1078526260,1,1,50,1,25,"50-100","0.0, 0.0, 0.0","1.0, 1.0, 1.0"
868,"faces_ex868.inp","Log-uniform",4,"mean_nsamp",0,"sigma",1,"theta_true",-1,"theta_CV",0,"G",-1,3,2,0.1,0.5,0.2,50,100,5,1078526260,1,1,50,1,25,"50-100","0.0, 0.0, 0.0","1.0, 1.0, 1.0"
869,"faces_ex869.inp","Log-uniform",4,"mean_nsamp",0,"sigma",1,"theta_true",-1,"theta_CV",0,"G",0,3,4,0.1,0.5,0.2,50,100,5,1078526260,1,1,50,1,25,"50-100","0.0, 0.0, 0.0","1.0, 1.0, 1.0"
870,"faces_ex870.inp","Log-uniform",4,"mean_nsamp",0,"sigma",1,"theta_true",-1,"theta_CV",0,"G",1,3,8,0.1,0.5,0.2,50,100,5,1078526260,1,1,50,1,25,"50-100","0.0, 0.0, 0.0","1.0, 1.0, 1.0"
871,"faces_ex871.inp","Log-uniform",4,"mean_nsamp",0,"sigma",1,"theta_true",-1,"theta_CV",1,"G",-1,3,2,0.1,0.5,0.6,50,100,5,1078526260,1,1,50,1,25,"50-100","0.0, 0.0, 0.0","1.0, 1.0, 1.0"
872,"faces_ex872.inp","Log-uniform",4,"mean_nsamp",0,"sigma",1,"theta_true",-1,"theta_CV",1,"G",0,3,4,0.1,0.5,0.6,50,100,5,1078526260,1,1,50,1,25,"50-100","0.0, 0.0, 0.0","1.0, 1.0, 1.0"
873,"faces_ex873.inp","Log-uniform",4,"mean_nsamp",0,"sigma",1,"theta_true",-1,"theta_CV",1,"G",1,3,8,0.1,0.5,0.6,50,100,5,1078526260,1,1,50,1,25,"50-100","0.0, 0.0, 0.0","1.0, 1.0, 1.0"
874,"faces_ex874.inp","Log-uniform",4,"mean_nsamp",0,"sigma",1,"theta_true",0,"theta_CV",-1,"G",-1,3,2,0.1,1,0,50,100,5,1078526260,1,1,50,1,25,"50-100","0.0, 0.0, 0.0","1.0, 1.0, 1.0"
875,"faces_ex875.inp","Log-uniform",4,"mean_nsamp",0,"sigma",1,"theta_true",0,"theta_CV",-1,"G",0,3,4,0.1,1,0,50,100,5,1078526260,1,1,50,1,25,"50-100","0.0, 0.0, 0.0","1.0, 1.0, 1.0"
876,"faces_ex876.inp","Log-uniform",4,"mean_nsamp",0,"sigma",1,"theta_true",0,"theta_CV",-1,"G",1,3,8,0.1,1,0,50,100,5,1078526260,1,1,50,1,25,"50-100","0.0, 0.0, 0.0","1.0, 1.0, 1.0"
877,"faces_ex877.inp","Log-uniform",4,"mean_nsamp",0,"sigma",1,"theta_true",0,"theta_CV",0,"G",-1,3,2,0.1,1,0.2,50,100,5,1078526260,1,1,50,1,25,"50-100","0.0, 0.0, 0.0","1.0, 1.0, 1.0"
878,"faces_ex878.inp","Log-uniform",4,"mean_nsamp",0,"sigma",1,"theta_true",0,"theta_CV",0,"G",0,3,4,0.1,1,0.2,50,100,5,1078526260,1,1,50,1,25,"50-100","0.0, 0.0, 0.0","1.0, 1.0, 1.0"
879,"faces_ex879.inp","Log-uniform",4,"mean_nsamp",0,"sigma",1,"theta_true",0,"theta_CV",0,"G",1,3,8,0.1,1,0.2,50,100,5,1078526260,1,1,50,1,25,"50-100","0.0, 0.0, 0.0","1.0, 1.0, 1.0"
880,"faces_ex880.inp","Log-uniform",4,"mean_nsamp",0,"sigma",1,"theta_true",0,"theta_CV",1,"G",-1,3,2,0.1,1,0.6,50,100,5,1078526260,1,1,50,1,25,"50-100","0.0, 0.0, 0.0","1.0, 1.0, 1.0"
881,"faces_ex881.inp","Log-uniform",4,"mean_nsamp",0,"sigma",1,"theta_true",0,"theta_CV",1,"G",0,3,4,0.1,1,0.6,50,100,5,1078526260,1,1,50,1,25,"50-100","0.0, 0.0, 0.0","1.0, 1.0, 1.0"
882,"faces_ex882.inp","Log-uniform",4,"mean_nsamp",0,"sigma",1,"theta_true",0,"theta_CV",1,"G",1,3,8,0.1,1,0.6,50,100,5,1078526260,1,1,50,1,25,"50-100","0.0, 0.0, 0.0","1.0, 1.0, 1.0"
883,"faces_ex883.inp","Log-uniform",4,"mean_nsamp",0,"sigma",1,"theta_true",1,"theta_CV",-1,"G",-1,3,2,0.1,2,0,50,100,5,1078526260,1,1,50,1,25,"50-100","0.0, 0.0, 0.0","1.0, 1.0, 1.0"
884,"faces_ex884.inp","Log-uniform",4,"mean_nsamp",0,"sigma",1,"theta_true",1,"theta_CV",-1,"G",0,3,4,0.1,2,0,50,100,5,1078526260,1,1,50,1,25,"50-100","0.0, 0.0, 0.0","1.0, 1.0, 1.0"
885,"faces_ex885.inp","Log-uniform",4,"mean_nsamp",0,"sigma",1,"theta_true",1,"theta_CV",-1,"G",1,3,8,0.1,2,0,50,100,5,1078526260,1,1,50,1,25,"50-100","0.0, 0.0, 0.0","1.0, 1.0, 1.0"
886,"faces_ex886.inp","Log-uniform",4,"mean_nsamp",0,"sigma",1,"theta_true",1,"theta_CV",0,"G",-1,3,2,0.1,2,0.2,50,100,5,1078526260,1,1,50,1,25,"50-100","0.0, 0.0, 0.0","1.0, 1.0, 1.0"
887,"faces_ex887.inp","Log-uniform",4,"mean_nsamp",0,"sigma",1,"theta_true",1,"theta_CV",0,"G",0,3,4,0.1,2,0.2,50,100,5,1078526260,1,1,50,1,25,"50-100","0.0, 0.0, 0.0","1.0, 1.0, 1.0"
888,"faces_ex888.inp","Log-uniform",4,"mean_nsamp",0,"sigma",1,"theta_true",1,"theta_CV",0,"G",1,3,8,0.1,2,0.2,50,100,5,1078526260,1,1,50,1,25,"50-100","0.0, 0.0, 0.0","1.0, 1.0, 1.0"
889,"faces_ex889.inp","Log-uniform",4,"mean_nsamp",0,"sigma",1,"theta_true",1,"theta_CV",1,"G",-1,3,2,0.1,2,0.6,50,100,5,1078526260,1,1,50,1,25,"50-100","0.0, 0.0, 0.0","1.0, 1.0, 1.0"
890,"faces_ex890.inp","Log-uniform",4,"mean_nsamp",0,"sigma",1,"theta_true",1,"theta_CV",1,"G",0,3,4,0.1,2,0.6,50,100,5,1078526260,1,1,50,1,25,"50-100","0.0, 0.0, 0.0","1.0, 1.0, 1.0"
891,"faces_ex891.inp","Log-uniform",4,"mean_nsamp",0,"sigma",1,"theta_true",1,"theta_CV",1,"G",1,3,8,0.1,2,0.6,50,100,5,1078526260,1,1,50,1,25,"50-100","0.0, 0.0, 0.0","1.0, 1.0, 1.0"
892,"faces_ex892.inp","Log-uniform",4,"mean_nsamp",1,"sigma",-1,"theta_true",-1,"theta_CV",-1,"G",-1,3,2,0.1,0.5,0,50,100,5,1078526260,1,0.25,100,1,25,"50-100","0.0, 0.0, 0.0","1.0, 1.0, 1.0"
893,"faces_ex893.inp","Log-uniform",4,"mean_nsamp",1,"sigma",-1,"theta_true",-1,"theta_CV",-1,"G",0,3,4,0.1,0.5,0,50,100,5,1078526260,1,0.25,100,1,25,"50-100","0.0, 0.0, 0.0","1.0, 1.0, 1.0"
894,"faces_ex894.inp","Log-uniform",4,"mean_nsamp",1,"sigma",-1,"theta_true",-1,"theta_CV",-1,"G",1,3,8,0.1,0.5,0,50,100,5,1078526260,1,0.25,100,1,25,"50-100","0.0, 0.0, 0.0","1.0, 1.0, 1.0"
895,"faces_ex895.inp","Log-uniform",4,"mean_nsamp",1,"sigma",-1,"theta_true",-1,"theta_CV",0,"G",-1,3,2,0.1,0.5,0.2,50,100,5,1078526260,1,0.25,100,1,25,"50-100","0.0, 0.0, 0.0","1.0, 1.0, 1.0"
896,"faces_ex896.inp","Log-uniform",4,"mean_nsamp",1,"sigma",-1,"theta_true",-1,"theta_CV",0,"G",0,3,4,0.1,0.5,0.2,50,100,5,1078526260,1,0.25,100,1,25,"50-100","0.0, 0.0, 0.0","1.0, 1.0, 1.0"
897,"faces_ex897.inp","Log-uniform",4,"mean_nsamp",1,"sigma",-1,"theta_true",-1,"theta_CV",0,"G",1,3,8,0.1,0.5,0.2,50,100,5,1078526260,1,0.25,100,1,25,"50-100","0.0, 0.0, 0.0","1.0, 1.0, 1.0"
898,"faces_ex898.inp","Log-uniform",4,"mean_nsamp",1,"sigma",-1,"theta_true",-1,"theta_CV",1,"G",-1,3,2,0.1,0.5,0.6,50,100,5,1078526260,1,0.25,100,1,25,"50-100","0.0, 0.0, 0.0","1.0, 1.0, 1.0"
899,"faces_ex899.inp","Log-uniform",4,"mean_nsamp",1,"sigma",-1,"theta_true",-1,"theta_CV",1,"G",0,3,4,0.1,0.5,0.6,50,100,5,1078526260,1,0.25,100,1,25,"50-100","0.0, 0.0, 0.0","1.0, 1.0, 1.0"
900,"faces_ex900.inp","Log-uniform",4,"mean_nsamp",1,"sigma",-1,"theta_true",-1,"theta_CV",1,"G",1,3,8,0.1,0.5,0.6,50,100,5,1078526260,1,0.25,100,1,25,"50-100","0.0, 0.0, 0.0","1.0, 1.0, 1.0"
901,"faces_ex901.inp","Log-uniform",4,"mean_nsamp",1,"sigma",-1,"theta_true",0,"theta_CV",-1,"G",-1,3,2,0.1,1,0,50,100,5,1078526260,1,0.25,100,1,25,"50-100","0.0, 0.0, 0.0","1.0, 1.0, 1.0"
902,"faces_ex902.inp","Log-uniform",4,"mean_nsamp",1,"sigma",-1,"theta_true",0,"theta_CV",-1,"G",0,3,4,0.1,1,0,50,100,5,1078526260,1,0.25,100,1,25,"50-100","0.0, 0.0, 0.0","1.0, 1.0, 1.0"
903,"faces_ex903.inp","Log-uniform",4,"mean_nsamp",1,"sigma",-1,"theta_true",0,"theta_CV",-1,"G",1,3,8,0.1,1,0,50,100,5,1078526260,1,0.25,100,1,25,"50-100","0.0, 0.0, 0.0","1.0, 1.0, 1.0"
904,"faces_ex904.inp","Log-uniform",4,"mean_nsamp",1,"sigma",-1,"theta_true",0,"theta_CV",0,"G",-1,3,2,0.1,1,0.2,50,100,5,1078526260,1,0.25,100,1,25,"50-100","0.0, 0.0, 0.0","1.0, 1.0, 1.0"
905,"faces_ex905.inp","Log-uniform",4,"mean_nsamp",1,"sigma",-1,"theta_true",0,"theta_CV",0,"G",0,3,4,0.1,1,0.2,50,100,5,1078526260,1,0.25,100,1,25,"50-100","0.0, 0.0, 0.0","1.0, 1.0, 1.0"
906,"faces_ex906.inp","Log-uniform",4,"mean_nsamp",1,"sigma",-1,"theta_true",0,"theta_CV",0,"G",1,3,8,0.1,1,0.2,50,100,5,1078526260,1,0.25,100,1,25,"50-100","0.0, 0.0, 0.0","1.0, 1.0, 1.0"
907,"faces_ex907.inp","Log-uniform",4,"mean_nsamp",1,"sigma",-1,"theta_true",0,"theta_CV",1,"G",-1,3,2,0.1,1,0.6,50,100,5,1078526260,1,0.25,100,1,25,"50-100","0.0, 0.0, 0.0","1.0, 1.0, 1.0"
908,"faces_ex908.inp","Log-uniform",4,"mean_nsamp",1,"sigma",-1,"theta_true",0,"theta_CV",1,"G",0,3,4,0.1,1,0.6,50,100,5,1078526260,1,0.25,100,1,25,"50-100","0.0, 0.0, 0.0","1.0, 1.0, 1.0"
909,"faces_ex909.inp","Log-uniform",4,"mean_nsamp",1,"sigma",-1,"theta_true",0,"theta_CV",1,"G",1,3,8,0.1,1,0.6,50,100,5,1078526260,1,0.25,100,1,25,"50-100","0.0, 0.0, 0.0","1.0, 1.0, 1.0"
910,"faces_ex910.inp","Log-uniform",4,"mean_nsamp",1,"sigma",-1,"theta_true",1,"theta_CV",-1,"G",-1,3,2,0.1,2,0,50,100,5,1078526260,1,0.25,100,1,25,"50-100","0.0, 0.0, 0.0","1.0, 1.0, 1.0"
911,"faces_ex911.inp","Log-uniform",4,"mean_nsamp",1,"sigma",-1,"theta_true",1,"theta_CV",-1,"G",0,3,4,0.1,2,0,50,100,5,1078526260,1,0.25,100,1,25,"50-100","0.0, 0.0, 0.0","1.0, 1.0, 1.0"
912,"faces_ex912.inp","Log-uniform",4,"mean_nsamp",1,"sigma",-1,"theta_true",1,"theta_CV",-1,"G",1,3,8,0.1,2,0,50,100,5,1078526260,1,0.25,100,1,25,"50-100","0.0, 0.0, 0.0","1.0, 1.0, 1.0"
913,"faces_ex913.inp","Log-uniform",4,"mean_nsamp",1,"sigma",-1,"theta_true",1,"theta_CV",0,"G",-1,3,2,0.1,2,0.2,50,100,5,1078526260,1,0.25,100,1,25,"50-100","0.0, 0.0, 0.0","1.0, 1.0, 1.0"
914,"faces_ex914.inp","Log-uniform",4,"mean_nsamp",1,"sigma",-1,"theta_true",1,"theta_CV",0,"G",0,3,4,0.1,2,0.2,50,100,5,1078526260,1,0.25,100,1,25,"50-100","0.0, 0.0, 0.0","1.0, 1.0, 1.0"
915,"faces_ex915.inp","Log-uniform",4,"mean_nsamp",1,"sigma",-1,"theta_true",1,"theta_CV",0,"G",1,3,8,0.1,2,0.2,50,100,5,1078526260,1,0.25,100,1,25,"50-100","0.0, 0.0, 0.0","1.0, 1.0, 1.0"
916,"faces_ex916.inp","Log-uniform",4,"mean_nsamp",1,"sigma",-1,"theta_true",1,"theta_CV",1,"G",-1,3,2,0.1,2,0.6,50,100,5,1078526260,1,0.25,100,1,25,"50-100","0.0, 0.0, 0.0","1.0, 1.0, 1.0"
917,"faces_ex917.inp","Log-uniform",4,"mean_nsamp",1,"sigma",-1,"theta_true",1,"theta_CV",1,"G",0,3,4,0.1,2,0.6,50,100,5,1078526260,1,0.25,100,1,25,"50-100","0.0, 0.0, 0.0","1.0, 1.0, 1.0"
918,"faces_ex918.inp","Log-uniform",4,"mean_nsamp",1,"sigma",-1,"theta_true",1,"theta_CV",1,"G",1,3,8,0.1,2,0.6,50,100,5,1078526260,1,0.25,100,1,25,"50-100","0.0, 0.0, 0.0","1.0, 1.0, 1.0"
919,"faces_ex919.inp","Log-uniform",4,"mean_nsamp",1,"sigma",0,"theta_true",-1,"theta_CV",-1,"G",-1,3,2,0.1,0.5,0,50,100,5,1078526260,1,0.5,100,1,25,"50-100","0.0, 0.0, 0.0","1.0, 1.0, 1.0"
920,"faces_ex920.inp","Log-uniform",4,"mean_nsamp",1,"sigma",0,"theta_true",-1,"theta_CV",-1,"G",0,3,4,0.1,0.5,0,50,100,5,1078526260,1,0.5,100,1,25,"50-100","0.0, 0.0, 0.0","1.0, 1.0, 1.0"
921,"faces_ex921.inp","Log-uniform",4,"mean_nsamp",1,"sigma",0,"theta_true",-1,"theta_CV",-1,"G",1,3,8,0.1,0.5,0,50,100,5,1078526260,1,0.5,100,1,25,"50-100","0.0, 0.0, 0.0","1.0, 1.0, 1.0"
922,"faces_ex922.inp","Log-uniform",4,"mean_nsamp",1,"sigma",0,"theta_true",-1,"theta_CV",0,"G",-1,3,2,0.1,0.5,0.2,50,100,5,1078526260,1,0.5,100,1,25,"50-100","0.0, 0.0, 0.0","1.0, 1.0, 1.0"
923,"faces_ex923.inp","Log-uniform",4,"mean_nsamp",1,"sigma",0,"theta_true",-1,"theta_CV",0,"G",0,3,4,0.1,0.5,0.2,50,100,5,1078526260,1,0.5,100,1,25,"50-100","0.0, 0.0, 0.0","1.0, 1.0, 1.0"
924,"faces_ex924.inp","Log-uniform",4,"mean_nsamp",1,"sigma",0,"theta_true",-1,"theta_CV",0,"G",1,3,8,0.1,0.5,0.2,50,100,5,1078526260,1,0.5,100,1,25,"50-100","0.0, 0.0, 0.0","1.0, 1.0, 1.0"
925,"faces_ex925.inp","Log-uniform",4,"mean_nsamp",1,"sigma",0,"theta_true",-1,"theta_CV",1,"G",-1,3,2,0.1,0.5,0.6,50,100,5,1078526260,1,0.5,100,1,25,"50-100","0.0, 0.0, 0.0","1.0, 1.0, 1.0"
926,"faces_ex926.inp","Log-uniform",4,"mean_nsamp",1,"sigma",0,"theta_true",-1,"theta_CV",1,"G",0,3,4,0.1,0.5,0.6,50,100,5,1078526260,1,0.5,100,1,25,"50-100","0.0, 0.0, 0.0","1.0, 1.0, 1.0"
927,"faces_ex927.inp","Log-uniform",4,"mean_nsamp",1,"sigma",0,"theta_true",-1,"theta_CV",1,"G",1,3,8,0.1,0.5,0.6,50,100,5,1078526260,1,0.5,100,1,25,"50-100","0.0, 0.0, 0.0","1.0, 1.0, 1.0"
928,"faces_ex928.inp","Log-uniform",4,"mean_nsamp",1,"sigma",0,"theta_true",0,"theta_CV",-1,"G",-1,3,2,0.1,1,0,50,100,5,1078526260,1,0.5,100,1,25,"50-100","0.0, 0.0, 0.0","1.0, 1.0, 1.0"
929,"faces_ex929.inp","Log-uniform",4,"mean_nsamp",1,"sigma",0,"theta_true",0,"theta_CV",-1,"G",0,3,4,0.1,1,0,50,100,5,1078526260,1,0.5,100,1,25,"50-100","0.0, 0.0, 0.0","1.0, 1.0, 1.0"
930,"faces_ex930.inp","Log-uniform",4,"mean_nsamp",1,"sigma",0,"theta_true",0,"theta_CV",-1,"G",1,3,8,0.1,1,0,50,100,5,1078526260,1,0.5,100,1,25,"50-100","0.0, 0.0, 0.0","1.0, 1.0, 1.0"
931,"faces_ex931.inp","Log-uniform",4,"mean_nsamp",1,"sigma",0,"theta_true",0,"theta_CV",0,"G",-1,3,2,0.1,1,0.2,50,100,5,1078526260,1,0.5,100,1,25,"50-100","0.0, 0.0, 0.0","1.0, 1.0, 1.0"
932,"faces_ex932.inp","Log-uniform",4,"mean_nsamp",1,"sigma",0,"theta_true",0,"theta_CV",0,"G",0,3,4,0.1,1,0.2,50,100,5,1078526260,1,0.5,100,1,25,"50-100","0.0, 0.0, 0.0","1.0, 1.0, 1.0"
933,"faces_ex933.inp","Log-uniform",4,"mean_nsamp",1,"sigma",0,"theta_true",0,"theta_CV",0,"G",1,3,8,0.1,1,0.2,50,100,5,1078526260,1,0.5,100,1,25,"50-100","0.0, 0.0, 0.0","1.0, 1.0, 1.0"
934,"faces_ex934.inp","Log-uniform",4,"mean_nsamp",1,"sigma",0,"theta_true",0,"theta_CV",1,"G",-1,3,2,0.1,1,0.6,50,100,5,1078526260,1,0.5,100,1,25,"50-100","0.0, 0.0, 0.0","1.0, 1.0, 1.0"
935,"faces_ex935.inp","Log-uniform",4,"mean_nsamp",1,"sigma",0,"theta_true",0,"theta_CV",1,"G",0,3,4,0.1,1,0.6,50,100,5,1078526260,1,0.5,100,1,25,"50-100","0.0, 0.0, 0.0","1.0, 1.0, 1.0"
936,"faces_ex936.inp","Log-uniform",4,"mean_nsamp",1,"sigma",0,"theta_true",0,"theta_CV",1,"G",1,3,8,0.1,1,0.6,50,100,5,1078526260,1,0.5,100,1,25,"50-100","0.0, 0.0, 0.0","1.0, 1.0, 1.0"
937,"faces_ex937.inp","Log-uniform",4,"mean_nsamp",1,"sigma",0,"theta_true",1,"theta_CV",-1,"G",-1,3,2,0.1,2,0,50,100,5,1078526260,1,0.5,100,1,25,"50-100","0.0, 0.0, 0.0","1.0, 1.0, 1.0"
938,"faces_ex938.inp","Log-uniform",4,"mean_nsamp",1,"sigma",0,"theta_true",1,"theta_CV",-1,"G",0,3,4,0.1,2,0,50,100,5,1078526260,1,0.5,100,1,25,"50-100","0.0, 0.0, 0.0","1.0, 1.0, 1.0"
939,"faces_ex939.inp","Log-uniform",4,"mean_nsamp",1,"sigma",0,"theta_true",1,"theta_CV",-1,"G",1,3,8,0.1,2,0,50,100,5,1078526260,1,0.5,100,1,25,"50-100","0.0, 0.0, 0.0","1.0, 1.0, 1.0"
940,"faces_ex940.inp","Log-uniform",4,"mean_nsamp",1,"sigma",0,"theta_true",1,"theta_CV",0,"G",-1,3,2,0.1,2,0.2,50,100,5,1078526260,1,0.5,100,1,25,"50-100","0.0, 0.0, 0.0","1.0, 1.0, 1.0"
941,"faces_ex941.inp","Log-uniform",4,"mean_nsamp",1,"sigma",0,"theta_true",1,"theta_CV",0,"G",0,3,4,0.1,2,0.2,50,100,5,1078526260,1,0.5,100,1,25,"50-100","0.0, 0.0, 0.0","1.0, 1.0, 1.0"
942,"faces_ex942.inp","Log-uniform",4,"mean_nsamp",1,"sigma",0,"theta_true",1,"theta_CV",0,"G",1,3,8,0.1,2,0.2,50,100,5,1078526260,1,0.5,100,1,25,"50-100","0.0, 0.0, 0.0","1.0, 1.0, 1.0"
943,"faces_ex943.inp","Log-uniform",4,"mean_nsamp",1,"sigma",0,"theta_true",1,"theta_CV",1,"G",-1,3,2,0.1,2,0.6,50,100,5,1078526260,1,0.5,100,1,25,"50-100","0.0, 0.0, 0.0","1.0, 1.0, 1.0"
944,"faces_ex944.inp","Log-uniform",4,"mean_nsamp",1,"sigma",0,"theta_true",1,"theta_CV",1,"G",0,3,4,0.1,2,0.6,50,100,5,1078526260,1,0.5,100,1,25,"50-100","0.0, 0.0, 0.0","1.0, 1.0, 1.0"
945,"faces_ex945.inp","Log-uniform",4,"mean_nsamp",1,"sigma",0,"theta_true",1,"theta_CV",1,"G",1,3,8,0.1,2,0.6,50,100,5,1078526260,1,0.5,100,1,25,"50-100","0.0, 0.0, 0.0","1.0, 1.0, 1.0"
946,"faces_ex946.inp","Log-uniform",4,"mean_nsamp",1,"sigma",1,"theta_true",-1,"theta_CV",-1,"G",-1,3,2,0.1,0.5,0,50,100,5,1078526260,1,1,100,1,25,"50-100","0.0, 0.0, 0.0","1.0, 1.0, 1.0"
947,"faces_ex947.inp","Log-uniform",4,"mean_nsamp",1,"sigma",1,"theta_true",-1,"theta_CV",-1,"G",0,3,4,0.1,0.5,0,50,100,5,1078526260,1,1,100,1,25,"50-100","0.0, 0.0, 0.0","1.0, 1.0, 1.0"
948,"faces_ex948.inp","Log-uniform",4,"mean_nsamp",1,"sigma",1,"theta_true",-1,"theta_CV",-1,"G",1,3,8,0.1,0.5,0,50,100,5,1078526260,1,1,100,1,25,"50-100","0.0, 0.0, 0.0","1.0, 1.0, 1.0"
949,"faces_ex949.inp","Log-uniform",4,"mean_nsamp",1,"sigma",1,"theta_true",-1,"theta_CV",0,"G",-1,3,2,0.1,0.5,0.2,50,100,5,1078526260,1,1,100,1,25,"50-100","0.0, 0.0, 0.0","1.0, 1.0, 1.0"
950,"faces_ex950.inp","Log-uniform",4,"mean_nsamp",1,"sigma",1,"theta_true",-1,"theta_CV",0,"G",0,3,4,0.1,0.5,0.2,50,100,5,1078526260,1,1,100,1,25,"50-100","0.0, 0.0, 0.0","1.0, 1.0, 1.0"
951,"faces_ex951.inp","Log-uniform",4,"mean_nsamp",1,"sigma",1,"theta_true",-1,"theta_CV",0,"G",1,3,8,0.1,0.5,0.2,50,100,5,1078526260,1,1,100,1,25,"50-100","0.0, 0.0, 0.0","1.0, 1.0, 1.0"
952,"faces_ex952.inp","Log-uniform",4,"mean_nsamp",1,"sigma",1,"theta_true",-1,"theta_CV",1,"G",-1,3,2,0.1,0.5,0.6,50,100,5,1078526260,1,1,100,1,25,"50-100","0.0, 0.0, 0.0","1.0, 1.0, 1.0"
953,"faces_ex953.inp","Log-uniform",4,"mean_nsamp",1,"sigma",1,"theta_true",-1,"theta_CV",1,"G",0,3,4,0.1,0.5,0.6,50,100,5,1078526260,1,1,100,1,25,"50-100","0.0, 0.0, 0.0","1.0, 1.0, 1.0"
954,"faces_ex954.inp","Log-uniform",4,"mean_nsamp",1,"sigma",1,"theta_true",-1,"theta_CV",1,"G",1,3,8,0.1,0.5,0.6,50,100,5,1078526260,1,1,100,1,25,"50-100","0.0, 0.0, 0.0","1.0, 1.0, 1.0"
955,"faces_ex955.inp","Log-uniform",4,"mean_nsamp",1,"sigma",1,"theta_true",0,"theta_CV",-1,"G",-1,3,2,0.1,1,0,50,100,5,1078526260,1,1,100,1,25,"50-100","0.0, 0.0, 0.0","1.0, 1.0, 1.0"
956,"faces_ex956.inp","Log-uniform",4,"mean_nsamp",1,"sigma",1,"theta_true",0,"theta_CV",-1,"G",0,3,4,0.1,1,0,50,100,5,1078526260,1,1,100,1,25,"50-100","0.0, 0.0, 0.0","1.0, 1.0, 1.0"
957,"faces_ex957.inp","Log-uniform",4,"mean_nsamp",1,"sigma",1,"theta_true",0,"theta_CV",-1,"G",1,3,8,0.1,1,0,50,100,5,1078526260,1,1,100,1,25,"50-100","0.0, 0.0, 0.0","1.0, 1.0, 1.0"
958,"faces_ex958.inp","Log-uniform",4,"mean_nsamp",1,"sigma",1,"theta_true",0,"theta_CV",0,"G",-1,3,2,0.1,1,0.2,50,100,5,1078526260,1,1,100,1,25,"50-100","0.0, 0.0, 0.0","1.0, 1.0, 1.0"
959,"faces_ex959.inp","Log-uniform",4,"mean_nsamp",1,"sigma",1,"theta_true",0,"theta_CV",0,"G",0,3,4,0.1,1,0.2,50,100,5,1078526260,1,1,100,1,25,"50-100","0.0, 0.0, 0.0","1.0, 1.0, 1.0"
960,"faces_ex960.inp","Log-uniform",4,"mean_nsamp",1,"sigma",1,"theta_true",0,"theta_CV",0,"G",1,3,8,0.1,1,0.2,50,100,5,1078526260,1,1,100,1,25,"50-100","0.0, 0.0, 0.0","1.0, 1.0, 1.0"
961,"faces_ex961.inp","Log-uniform",4,"mean_nsamp",1,"sigma",1,"theta_true",0,"theta_CV",1,"G",-1,3,2,0.1,1,0.6,50,100,5,1078526260,1,1,100,1,25,"50-100","0.0, 0.0, 0.0","1.0, 1.0, 1.0"
962,"faces_ex962.inp","Log-uniform",4,"mean_nsamp",1,"sigma",1,"theta_true",0,"theta_CV",1,"G",0,3,4,0.1,1,0.6,50,100,5,1078526260,1,1,100,1,25,"50-100","0.0, 0.0, 0.0","1.0, 1.0, 1.0"
963,"faces_ex963.inp","Log-uniform",4,"mean_nsamp",1,"sigma",1,"theta_true",0,"theta_CV",1,"G",1,3,8,0.1,1,0.6,50,100,5,1078526260,1,1,100,1,25,"50-100","0.0, 0.0, 0.0","1.0, 1.0, 1.0"
964,"faces_ex964.inp","Log-uniform",4,"mean_nsamp",1,"sigma",1,"theta_true",1,"theta_CV",-1,"G",-1,3,2,0.1,2,0,50,100,5,1078526260,1,1,100,1,25,"50-100","0.0, 0.0, 0.0","1.0, 1.0, 1.0"
965,"faces_ex965.inp","Log-uniform",4,"mean_nsamp",1,"sigma",1,"theta_true",1,"theta_CV",-1,"G",0,3,4,0.1,2,0,50,100,5,1078526260,1,1,100,1,25,"50-100","0.0, 0.0, 0.0","1.0, 1.0, 1.0"
966,"faces_ex966.inp","Log-uniform",4,"mean_nsamp",1,"sigma",1,"theta_true",1,"theta_CV",-1,"G",1,3,8,0.1,2,0,50,100,5,1078526260,1,1,100,1,25,"50-100","0.0, 0.0, 0.0","1.0, 1.0, 1.0"
967,"faces_ex967.inp","Log-uniform",4,"mean_nsamp",1,"sigma",1,"theta_true",1,"theta_CV",0,"G",-1,3,2,0.1,2,0.2,50,100,5,1078526260,1,1,100,1,25,"50-100","0.0, 0.0, 0.0","1.0, 1.0, 1.0"
968,"faces_ex968.inp","Log-uniform",4,"mean_nsamp",1,"sigma",1,"theta_true",1,"theta_CV",0,"G",0,3,4,0.1,2,0.2,50,100,5,1078526260,1,1,100,1,25,"50-100","0.0, 0.0, 0.0","1.0, 1.0, 1.0"
969,"faces_ex969.inp","Log-uniform",4,"mean_nsamp",1,"sigma",1,"theta_true",1,"theta_CV",0,"G",1,3,8,0.1,2,0.2,50,100,5,1078526260,1,1,100,1,25,"50-100","0.0, 0.0, 0.0","1.0, 1.0, 1.0"
970,"faces_ex970.inp","Log-uniform",4,"mean_nsamp",1,"sigma",1,"theta_true",1,"theta_CV",1,"G",-1,3,2,0.1,2,0.6,50,100,5,1078526260,1,1,100,1,25,"50-100","0.0, 0.0, 0.0","1.0, 1.0, 1.0"
971,"faces_ex971.inp","Log-uniform",4,"mean_nsamp",1,"sigma",1,"theta_true",1,"theta_CV",1,"G",0,3,4,0.1,2,0.6,50,100,5,1078526260,1,1,100,1,25,"50-100","0.0, 0.0, 0.0","1.0, 1.0, 1.0"
972,"faces_ex972.inp","Log-uniform",4,"mean_nsamp",1,"sigma",1,"theta_true",1,"theta_CV",1,"G",1,3,8,0.1,2,0.6,50,100,5,1078526260,1,1,100,1,25,"50-100","0.0, 0.0, 0.0","1.0, 1.0, 1.0"
