"mesh_id","sim_id","p1","p2","p3","rmse_i","L1_norm_i","Linf_norm_i","p_hat_i_1","p_hat_i_2","p_hat_i_3","rmse_ii","L1_norm_ii","Linf_norm_ii","p_hat_ii_1","p_hat_ii_2","p_hat_ii_3","rmse_iii","L1_norm_iii","Linf_norm_iii","p_hat_iii_1","p_hat_iii_2","p_hat_iii_3","rmse_iv","L1_norm_iv","Linf_norm_iv","p_hat_iv_1","p_hat_iv_2","p_hat_iv_3","rmse_v","L1_norm_v","Linf_norm_v","p_hat_v_1","p_hat_v_2","p_hat_v_3","N1","X1_1","X1_2","X1_3","N2","X2_1","X2_2","X2_3","N3","X3_1","X3_2","X3_3","N4","X4_1","X4_2","X4_3","N5","X5_1","X5_2","X5_3","N6","X6_1","X6_2","X6_3","N7","X7_1","X7_2","X7_3","N8","X8_1","X8_2","X8_3"
1,1,0.91304347826087,0.0434782608695652,0.0434782608695652,0.00245416278157426,0.00688252968178472,0.00344126484089236,0.909602213419977,0.0448081956334724,0.0455895909465504,0.0462223002633258,0.127856624455461,0.0639283122277307,0.849115166033139,0.0636259143606188,0.0872589196062423,0.0094879856611077,0.0267726384186592,0.0133863192093295,0.89965715905154,0.0493728897124377,0.0509699512360223,0.0031211952380779,0.00882807327300816,0.00441403663650408,0.908629441624365,0.0456852791878173,0.0456852791878173,0.00309770371673096,0.00855823682411307,0.00427911841205653,0.908764359848813,0.0448051013747675,0.0464305387764195,24,19,2,3,22,18,4,0,26,22,1,3,25,25,0,0,30,26,2,2,18,18,0,0,31,30,0,1,21,21,0,0
1,2,0.91304347826087,0.0434782608695652,0.0434782608695652,0.0205239260351673,0.0518938258906586,0.0259469129453293,0.937282616750223,0.017531347924236,0.0451860353255407,0.0116861997312901,0.0328177960895446,0.0164088980447723,0.922954369475833,0.0270693628247929,0.0499762676993742,0.0173928120717738,0.0457999669112522,0.0228999834556261,0.932268940131709,0.0205782774139391,0.0471527824543516,0.021781832030153,0.0560286866875841,0.028014343343792,0.938144329896907,0.0154639175257732,0.0463917525773196,0.0206640879022958,0.0507678034245938,0.0253839017122969,0.938427379973166,0.0182463760564117,0.0433262439704219,23,22,1,0,24,24,0,0,34,31,2,1,28,28,0,0,21,18,0,3,20,16,0,4,15,15,0,0,29,28,0,1
1,3,0.91304347826087,0.0434782608695652,0.0434782608695652,0.0178518834807125,0.0501064245823763,0.0250532122911881,0.928269534560273,0.0184250485783772,0.0533054168613501,0.0202984339704357,0.0511215706938463,0.0255607853469231,0.937138654264762,0.0179174755226421,0.044943870212596,0.0144490655650305,0.0361840942706626,0.0180920471353313,0.913863225854953,0.0253862137342339,0.0607505604108131,0.0205467125705405,0.0581103678929767,0.0290551839464883,0.927884615384615,0.0144230769230769,0.0576923076923077,0.0177515476937134,0.0499252525365599,0.0249626262682799,0.927832741920022,0.0185156346012853,0.0536516234786924,25,24,1,0,29,26,1,2,30,28,0,2,22,21,0,1,26,20,0,6,26,26,0,0,27,26,1,0,23,22,0,1
1,4,0.91304347826087,0.0434782608695652,0.0434782608695652,0.0495171203227716,0.121481690143093,0.0607408450715464,0.852302633189323,0.0436687213015591,0.104028645509118,0.0843827673901643,0.207809831667462,0.103904915833731,0.809138562427138,0.0446025425667117,0.14625889500615,0.0458697778567356,0.115381601737926,0.057690800868963,0.858509882049677,0.0403210562117951,0.101169061738528,0.055210823972856,0.147189819724284,0.0735949098621421,0.853658536585366,0.0292682926829268,0.117073170731707,0.0476897187176844,0.117489779893938,0.0587448899469689,0.854978833373529,0.0427980158099367,0.102223150816534,36,35,1,0,23,21,0,2,23,19,0,4,25,18,1,6,25,25,0,0,18,16,2,0,26,17,0,9,29,24,2,3
1,5,0.91304347826087,0.0434782608695652,0.0434782608695652,0.01721192247777,0.0457267266872379,0.0228633633436189,0.917241531829549,0.0206148975259463,0.0621435706445048,0.0157503463345357,0.044446784113621,0.0222233920568106,0.900627654706607,0.0336706923670178,0.0657016529263758,0.0172876474421865,0.0464444330221444,0.0232222165110722,0.918033361073735,0.020256044358493,0.061710594567772,0.0146222625500119,0.0412944212825094,0.0206472106412547,0.922374429223744,0.0228310502283105,0.0547945205479452,0.0172656619284338,0.0483580854343911,0.0241790427171955,0.922185959969161,0.0192992181523697,0.0585148218784692,31,28,2,1,24,24,0,0,24,18,0,6,25,23,0,2,21,21,0,0,20,16,3,1,30,29,0,1,44,43,0,1
2,1,0.869565217391304,0.0869565217391304,0.0434782608695652,0.0194186222727189,0.0548445329450415,0.0274222664725208,0.896987483863825,0.0719652273456905,0.0310472887904845,0.0136232964939243,0.0353452450849896,0.0176726225424948,0.85189259484881,0.102437388706204,0.0456700164449867,0.0100560742050631,0.0284192845600513,0.0142096422800256,0.88377485967133,0.0803531907105703,0.0358719496180997,0.020141773137023,0.0565684899485741,0.0282842449742871,0.897849462365591,0.0698924731182796,0.032258064516129,0.0199864670961734,0.0563670877949409,0.0281835438974705,0.897748761288775,0.0710062045221409,0.0312450341890842,21,20,1,0,22,20,1,1,23,23,0,0,22,16,4,2,27,23,1,3,28,28,0,0,26,22,4,0,17,15,2,0
2,2,0.869565217391304,0.0869565217391304,0.0434782608695652,0.0424073295585729,0.119937993590972,0.0599689967954862,0.809596220595818,0.11633938242085,0.0740643969833321,0.150222491451947,0.424857915490344,0.212428957745172,0.657136259646132,0.190794271657768,0.1520694686961,0.042183894005789,0.119269061612554,0.059634530806277,0.809930686585027,0.118192738118824,0.0718765752961488,0.0552228335069945,0.155315405880875,0.0776577029404373,0.791907514450867,0.132947976878613,0.0751445086705202,0.0520368033630941,0.147174569764271,0.0735872848821354,0.795977932509169,0.124403604407433,0.0796184630833983,21,21,0,0,22,21,1,0,21,19,0,2,26,16,5,5,17,16,0,1,24,15,9,0,15,13,2,0,27,16,6,5
2,3,0.869565217391304,0.0869565217391304,0.0434782608695652,0.0271704397724828,0.0698814026100987,0.0349407013050493,0.834624516086255,0.118272801048797,0.0471026828649479,0.0699938085443063,0.180841201972689,0.0904206009863445,0.77914461640496,0.167049282577822,0.0538061010172185,0.0422015992186673,0.115325875040426,0.0576629375202129,0.811902279871091,0.12911847032273,0.0589792498061789,0.0295557933560138,0.0759725400457665,0.0379862700228832,0.831578947368421,0.121052631578947,0.0473684210526316,0.0293410238841814,0.0765116660937017,0.0382558330468509,0.831309384344453,0.120002482387962,0.0486881332675843,25,20,4,1,22,21,1,0,24,20,3,1,21,21,0,0,29,23,2,4,25,19,5,1,27,18,7,2,17,16,1,0
2,4,0.869565217391304,0.0869565217391304,0.0434782608695652,0.0171065904785054,0.0442934752833843,0.0221467376416922,0.891711955032996,0.0843149181884682,0.0239731267785353,0.0235812325075364,0.0666966995407792,0.0333483497703896,0.852725315153045,0.12030487150952,0.0269698133374354,0.00621981990338124,0.017473364195934,0.00873668209796696,0.874817882410925,0.0904405388174769,0.0347415787715983,0.0185155515864026,0.0473525613430909,0.0236762806715454,0.891089108910891,0.0891089108910891,0.0198019801980198,0.0165678244290145,0.0427269934558329,0.0213634967279165,0.890928714119221,0.0846078379454971,0.0244634479352821,27,24,2,1,26,24,1,1,23,22,1,0,20,17,3,0,21,21,0,0,32,31,0,1,33,25,7,1,20,16,4,0
2,5,0.869565217391304,0.0869565217391304,0.0434782608695652,0.055143960517669,0.145159589690335,0.0725797948451673,0.942145012236472,0.025960054187603,0.0318949335759254,0.0103538749429378,0.0291243481447709,0.0145621740723855,0.88412739146369,0.0783482556588173,0.0375243528774929,0.0561296295205274,0.14946073696295,0.074730368481475,0.944295585872779,0.0264109150446341,0.0292934990825867,0.0522668988253541,0.14264296423217,0.0713214821160848,0.940886699507389,0.0344827586206897,0.0246305418719212,0.0546342423614787,0.144566435353395,0.0722832176766975,0.941848435068002,0.0271780140063295,0.0309735509256686,29,24,4,1,31,28,3,0,26,26,0,0,29,29,0,0,19,19,0,0,23,22,0,1,19,16,0,3,27,27,0,0
3,1,0.826086956521739,0.130434782608696,0.0434782608695652,0.03993864492594,0.110805661973275,0.0554028309866377,0.844273237923516,0.075031951622058,0.0806948104544258,0.0471774238571577,0.126027668418724,0.0630138342093623,0.813567048301375,0.0799408566196977,0.106492095078927,0.0433435819187778,0.122128038505566,0.0610640192527829,0.851994216982336,0.0693707633559127,0.0786350196617513,0.0353007470753251,0.0997321244590975,0.0498660622295487,0.853080568720379,0.0805687203791469,0.0663507109004739,0.0433071171375461,0.1219960195042,0.0609980097521002,0.851822381141329,0.0694367728565955,0.0787408460020752,41,39,2,0,17,17,0,0,17,14,2,1,30,24,1,5,26,23,0,3,25,20,3,2,33,31,0,2,22,12,9,1
3,2,0.826086956521739,0.130434782608696,0.0434782608695652,0.00937415125681695,0.0235860256417975,0.0117930128208987,0.814945862030886,0.142227795429594,0.0428263425395196,0.123011800304832,0.34754254342321,0.173771271711605,0.652315684810134,0.210213142815372,0.137471172374493,0.0271706571140475,0.0747787310400165,0.0373893655200083,0.863476322041747,0.104065894904717,0.0324577830535357,0.0272966085617533,0.0689503732981994,0.0344751866490997,0.828282828282828,0.095959595959596,0.0757575757575758,0.00353724820405562,0.00982597309644498,0.0049129865482225,0.824446005808369,0.135347769156918,0.0402062250347125,22,13,4,5,23,9,4,10,18,17,1,0,30,28,2,0,30,30,0,0,22,20,2,0,24,18,6,0,29,29,0,0
3,3,0.826086956521739,0.130434782608696,0.0434782608695652,0.0104285457115259,0.0285329148289319,0.014266457414466,0.829982440162263,0.140805756382638,0.0292118034550992,0.0335537859236704,0.0940577268152595,0.0470288634076297,0.797095360436866,0.177463646016325,0.0254409935468082,0.0103231627620217,0.0268527662485514,0.0134263831242757,0.824338713223875,0.143861165732971,0.0318001210431539,0.00813539901972481,0.0224403927068723,0.0112201963534362,0.829493087557604,0.138248847926267,0.032258064516129,0.0103435824962469,0.0289610266653876,0.0144805133326938,0.831532610585487,0.139469641877641,0.0289977475368715,26,20,5,1,21,17,4,0,33,32,1,0,32,25,5,2,26,23,3,0,25,21,0,4,25,20,5,0,29,22,7,0
3,4,0.826086956521739,0.130434782608696,0.0434782608695652,0.0348256657756219,0.0893060781268186,0.0446530390634092,0.78143391745833,0.170756303442824,0.0478097790988464,0.0806650525833818,0.19790409853653,0.098952049268265,0.727134907253474,0.22907019110418,0.0437949016423454,0.034576174736235,0.087956782110608,0.043978391055304,0.782108565466435,0.170935964232552,0.0469554703010133,0.0423794184991963,0.107289638762708,0.0536448193813541,0.776119402985075,0.18407960199005,0.0398009950248756,0.0371582745999532,0.0963824644882177,0.0481912322441089,0.77789572427763,0.172677296756695,0.0494269789656744,27,22,2,3,26,23,3,0,29,25,1,3,18,15,3,0,21,21,0,0,28,20,7,1,26,14,12,0,26,16,9,1
3,5,0.826086956521739,0.130434782608696,0.0434782608695652,0.0578276926824027,0.14200136575278,0.0710006828763901,0.755086273645349,0.201081110087552,0.0438326162670991,0.112423884428791,0.309097000986732,0.154548500493366,0.671538456028373,0.240031864283431,0.0884296796881958,0.059655817396477,0.150012669397413,0.0750063346987064,0.751080621823033,0.201385851837867,0.0475335263391004,0.0552575318071818,0.144784750481902,0.072392375240951,0.753694581280788,0.192118226600985,0.0541871921182266,0.057837377504141,0.145154657041696,0.0725773285208479,0.753509628000891,0.199390584690139,0.0470997873089697,37,23,9,5,14,7,7,0,26,25,1,0,30,19,8,3,20,18,2,0,27,22,5,0,25,22,3,0,24,17,4,3
4,1,0.782608695652174,0.173913043478261,0.0434782608695652,0.0362298644666296,0.101885215990457,0.0509426079952284,0.752389482968739,0.224855651473489,0.0227548655577721,0.0182378142351165,0.0460731001225727,0.0230365500612863,0.781136057638033,0.196949593539547,0.0219143488224201,0.0389580839940312,0.107939639770649,0.0539698198853247,0.74602991428614,0.227882863363586,0.0260872223502747,0.04073937936324,0.115228100235597,0.0576140501177982,0.753694581280788,0.231527093596059,0.0147783251231527,0.0363453412472372,0.102203312700384,0.0511016563501922,0.752268161403911,0.225014699828453,0.0227171387676356,22,20,2,0,22,10,12,0,32,25,6,1,24,16,8,0,30,20,10,0,25,22,3,0,23,21,1,1,25,19,5,1
4,2,0.782608695652174,0.173913043478261,0.0434782608695652,0.045618146930227,0.122986758568671,0.0614933792843357,0.734966852202884,0.160061507643215,0.104971640153901,0.0299873992825558,0.0844790626962981,0.0422395313481491,0.764765004948806,0.14951720283348,0.0857177922177143,0.0300350399610283,0.0831659442911727,0.0415829721455864,0.76932039282687,0.145618374157979,0.0850612330151516,0.0357865245923879,0.0901042691324021,0.0450521345662011,0.737556561085973,0.176470588235294,0.085972850678733,0.0460022018302414,0.123939971470205,0.0619699857351022,0.734474518814567,0.160077234580765,0.105448246604667,28,10,18,0,29,16,10,3,30,29,1,0,25,19,5,1,28,26,1,1,28,16,2,10,28,26,0,2,25,21,2,2
4,3,0.782608695652174,0.173913043478261,0.0434782608695652,0.0135275528259104,0.0361820542382432,0.0180910271191216,0.764517668533052,0.177570785558063,0.0579115459088844,0.0529158507502104,0.146914895867041,0.0734574479335204,0.709151247718654,0.198267059438429,0.0925816928429174,0.0203466880637456,0.0575490766689205,0.0287745383344603,0.753834157317714,0.188332413643242,0.0578334290390438,0.0155830944240639,0.0394441954280592,0.0197220977140297,0.762886597938144,0.175257731958763,0.0618556701030928,0.0131307721033347,0.0366963877008397,0.0183481938504199,0.764260501801754,0.180610529641738,0.0551289685565079,16,13,1,2,26,25,1,0,25,19,6,0,21,15,4,2,30,25,5,0,17,11,2,4,32,20,8,4,27,20,7,0
4,4,0.782608695652174,0.173913043478261,0.0434782608695652,0.0942838913205038,0.265277011102333,0.132638505551167,0.649970190101007,0.228423469992539,0.121606339906454,0.109765032306784,0.271428375349965,0.135714187674982,0.646894507977192,0.176510747770999,0.176594744251809,0.0922567326520785,0.259736198862216,0.129868099431108,0.652740596221066,0.227999759785576,0.119259643993358,0.0995528600069162,0.280193236714976,0.140096618357488,0.642512077294686,0.231884057971014,0.1256038647343,0.0949669822922319,0.267505548532258,0.133752774266129,0.648855921386045,0.230266212442674,0.120877866171281,19,11,2,6,24,21,3,0,32,25,4,3,31,13,17,1,17,11,4,2,24,14,10,0,30,21,2,7,30,17,6,7
4,5,0.782608695652174,0.173913043478261,0.0434782608695652,0.0504129441554431,0.142522271669553,0.0712611358347766,0.853869831486951,0.136388987434984,0.00974118107806516,0.0306792592867348,0.0795820967298522,0.0397910483649261,0.8223997440171,0.16899516190367,0.00860509407923016,0.041766337332458,0.117951896225928,0.0589759481129639,0.841584643765138,0.147256775512769,0.0111585807220933,0.0481259085669905,0.135317368053941,0.0676586840269704,0.850267379679144,0.133689839572193,0.0160427807486631,0.0487501752666636,0.137870585730342,0.0689352928651709,0.851543988517345,0.138543492954063,0.00991251852859181,20,20,0,0,22,20,2,0,20,19,1,0,29,25,4,0,25,19,3,3,22,17,5,0,20,16,4,0,29,23,6,0
5,1,0.739130434782609,0.217391304347826,0.0434782608695652,0.0167533021768232,0.0451523845473404,0.0225761922736702,0.721617681421586,0.239967496621496,0.0384148219569176,0.0459472026992744,0.122394855445842,0.0611974277229211,0.677933007059688,0.266907583694985,0.0551594092453272,0.0273728934282235,0.069333230832338,0.0346666154161691,0.706877935620565,0.252057919763995,0.0410641446154402,0.023571947915325,0.0647993311036789,0.0323996655518394,0.706730769230769,0.240384615384615,0.0528846153846154,0.0252432603901561,0.0646604042516494,0.0323302021258248,0.709854200451923,0.249721506473651,0.0404242930744266,17,15,2,0,25,16,8,1,21,18,3,0,29,22,7,0,33,19,14,0,24,21,3,0,24,16,4,4,35,20,9,6
5,2,0.739130434782609,0.217391304347826,0.0434782608695652,0.0141528850941207,0.0375151607668142,0.0187575803834071,0.742461819055152,0.23281750045869,0.0247206804861581,0.020405983601786,0.055831605770002,0.0279158028850011,0.731507926942629,0.245307107232827,0.0231849658245439,0.0152664564607052,0.042963926051757,0.0214819630258785,0.726521034763017,0.238873267373705,0.0346056978632786,0.0162656745798832,0.0415019762845851,0.0207509881422925,0.740909090909091,0.236363636363636,0.0227272727272727,0.01467886318471,0.0371008739053013,0.0185504369526506,0.740336297445584,0.234735878637502,0.0249278239169146,33,24,9,0,30,19,10,1,25,19,6,0,25,23,1,1,27,21,6,0,24,20,4,0,26,21,4,1,30,16,12,2
5,3,0.739130434782609,0.217391304347826,0.0434782608695652,0.0239824467913597,0.0591826431166142,0.0295913215583071,0.7682788617577,0.217834198931042,0.0138869393112581,0.0280204719283878,0.0725166847429358,0.0362583423714679,0.734847552882796,0.253649646719294,0.0115028003979101,0.0222018034232008,0.0548734782238822,0.0274367391119411,0.766069966278482,0.217888511963894,0.0160415217576241,0.0265209587832074,0.0688569742278183,0.0344284871139091,0.769230769230769,0.221719457013575,0.00904977375565611,0.0245364194446233,0.0609740713001441,0.030487035650072,0.769617470432681,0.216499069103004,0.013883460464315,28,19,9,0,28,28,0,0,23,15,8,0,27,23,4,0,30,19,11,0,26,18,7,1,31,26,4,1,28,22,6,0
5,4,0.739130434782609,0.217391304347826,0.0434782608695652,0.0527284816203048,0.14802186588138,0.0740109329406897,0.665119501841919,0.246508455731235,0.0883720424268458,0.0577621524184736,0.16269926876318,0.0813496343815903,0.657780800401018,0.251633616776971,0.0905855828220108,0.070937328981591,0.198105341594173,0.0990526707970864,0.640077763985522,0.253148715658528,0.10677352035595,0.0527305877567536,0.148028311425682,0.0740141557128412,0.665116279069767,0.246511627906977,0.0883720930232558,0.0527310116381023,0.148029941205155,0.0740149706025773,0.665115464180031,0.246513519990362,0.0883710158296062,18,13,2,3,23,14,8,1,24,14,7,3,31,24,6,1,31,20,8,3,26,18,7,1,32,19,10,3,30,21,5,4
5,5,0.739130434782609,0.217391304347826,0.0434782608695652,0.0266520894663357,0.0720866658485774,0.0360433329242887,0.711561023918565,0.208917382287581,0.0795215937938539,0.168227398780381,0.446313023602882,0.223156511801441,0.515973922981168,0.400394800752725,0.0836312762661073,0.0125966338260515,0.0309930309739315,0.0154965154869658,0.738991794732749,0.20203342891072,0.058974776356531,0.0227614548627257,0.0595416577425572,0.0297708288712786,0.70935960591133,0.221674876847291,0.0689655172413793,0.0261029683298272,0.0698092528094642,0.0349046264047321,0.711271502287624,0.210345610438079,0.0783828872742973,21,21,0,0,24,24,0,0,24,11,5,8,26,20,6,0,29,20,7,2,26,12,13,1,24,9,12,3,29,27,2,0
6,1,0.695652173913043,0.260869565217391,0.0434782608695652,0.0240222786159029,0.0664926538690935,0.0332463269345468,0.706224212371608,0.227623238282845,0.0661525493455471,0.0356063774360349,0.0898263544245729,0.0449131772122865,0.692914258074086,0.218694303844062,0.0883914380818517,0.022325364564659,0.0553016738395475,0.0276508369197737,0.696278870175518,0.233218728297618,0.070502401526864,0.0253808796018017,0.07103490508267,0.035517452541335,0.708920187793427,0.225352112676056,0.0657276995305164,0.0247874185939943,0.0694554825754754,0.0347277412877377,0.708879358731301,0.226141823929654,0.0649788173390455,26,23,3,0,33,19,12,2,34,25,6,3,21,12,9,0,17,9,5,3,28,23,5,0,29,22,5,2,25,18,3,4
6,2,0.695652173913043,0.260869565217391,0.0434782608695652,0.0225042439374298,0.0636090196678336,0.0318045098339168,0.680758065047624,0.243959164248894,0.075282770703482,0.0416415483038799,0.116674038544029,0.0583370192720145,0.637315154641029,0.297011019321771,0.0656738260372004,0.0221442900613398,0.0616060340983351,0.0308030170491676,0.675358326583486,0.250360395497781,0.0742812779187328,0.0222133989412379,0.0625761885412433,0.0312880942706217,0.677570093457944,0.247663551401869,0.0747663551401869,0.0202728028909008,0.0571087858911021,0.0285543929455511,0.679146796968837,0.248820549216047,0.0720326538151163,33,21,11,1,24,19,4,1,21,14,2,5,25,15,4,6,28,16,10,2,29,25,4,0,28,13,14,1,26,22,4,0
6,3,0.695652173913043,0.260869565217391,0.0434782608695652,0.0381355561738368,0.0982746292660829,0.0491373146330414,0.700969228698297,0.21173225058435,0.0872985207173535,0.0432575859670978,0.113129847653476,0.0565649238267381,0.687547302537392,0.212409512766305,0.100043184696303,0.0410588160130954,0.111407287097502,0.0557036435487512,0.681997803675514,0.21882029190617,0.0991819044183164,0.036517698258127,0.0939316438037666,0.0469658219018833,0.700534759358289,0.213903743315508,0.0855614973262032,0.0381229771170241,0.0976703902683442,0.0488351951341721,0.700286322247167,0.212034370083219,0.0876793076696139,23,17,4,2,22,15,3,4,20,13,7,0,28,23,2,3,28,18,8,2,20,18,2,0,25,12,10,3,21,15,4,2
6,4,0.695652173913043,0.260869565217391,0.0434782608695652,0.0241669598065832,0.062699605283613,0.0313498026418065,0.668189341256263,0.256982595232365,0.0748280635113717,0.0551035096960871,0.144537875379186,0.0722689376895929,0.757035319062816,0.188600627527798,0.0543640534093858,0.01916434071945,0.0533986224862217,0.0266993112431109,0.686335881301977,0.243486546585347,0.0701775721126761,0.0295418465592622,0.083498023715415,0.0417490118577075,0.676136363636364,0.238636363636364,0.0852272727272727,0.0218585893569682,0.060731828408117,0.0303659142040585,0.675456200360945,0.250699624565431,0.0738441750736238,27,22,3,2,16,15,1,0,15,10,5,0,22,13,3,6,20,15,5,0,21,9,6,6,21,7,14,0,34,28,5,1
6,5,0.695652173913043,0.260869565217391,0.0434782608695652,0.0289330615747125,0.0730785078377884,0.0365392539188941,0.729870006740772,0.224330311298497,0.0457996819607307,0.0236934780939757,0.0670122842687986,0.0335061421343993,0.662146031778644,0.277348436108386,0.06050553211297,0.0280958038351499,0.0726551705425876,0.0363275852712938,0.727754804412103,0.224541979946097,0.0477032156417998,0.028483334440272,0.0805626598465473,0.0402813299232737,0.715686274509804,0.220588235294118,0.0637254901960784,0.0203747035104047,0.0555118795997849,0.0277559397998924,0.716230790727572,0.233113625417499,0.0506555838549288,21,19,2,0,35,17,9,9,28,22,6,0,20,18,2,0,25,12,13,0,20,18,2,0,26,15,9,2,29,25,2,2
7,1,0.652173913043478,0.304347826086957,0.0434782608695652,0.0452246647644437,0.127715927472205,0.0638579637361025,0.617158540857687,0.368205789823059,0.0146356693192543,0.0672581183872209,0.184428801034579,0.0922144005172896,0.585871169058263,0.396562226604246,0.0175666043374905,0.0495050139360731,0.138047774730288,0.0690238873651439,0.607518161546819,0.3733717134521,0.0191101250010802,0.0442453364772043,0.12497268953463,0.0624863447673148,0.618090452261307,0.366834170854271,0.0150753768844221,0.0444768829988586,0.125651237408801,0.0628256187044006,0.618116125856173,0.367173444791357,0.01471042935247,19,10,9,0,24,12,10,2,27,19,8,0,25,15,10,0,24,12,11,1,25,15,10,0,24,16,8,0,31,24,7,0
7,2,0.652173913043478,0.304347826086957,0.0434782608695652,0.0434485080408946,0.119353772809004,0.059676886404502,0.71185079944798,0.261834163033845,0.0263150375181747,0.0993496094354016,0.262410538400817,0.131205269200409,0.783379182243887,0.195220481918664,0.0214003358374495,0.049983388385863,0.138864766254074,0.0694323831270371,0.721606296170515,0.258148307402203,0.0202453964272814,0.0352112787572927,0.0982495765104461,0.049124788255223,0.701298701298701,0.272727272727273,0.025974025974026,0.0370381711877382,0.102540815547014,0.0512704077735068,0.703444320816985,0.269425633858871,0.0271300453241444,35,14,21,0,33,28,4,1,32,31,1,0,31,20,11,0,25,13,12,0,23,21,2,0,20,17,3,0,32,18,9,5
7,3,0.652173913043478,0.304347826086957,0.0434782608695652,0.0296202679125991,0.0826174227433217,0.0413087113716608,0.678847669067451,0.263039114715296,0.0581132162172531,0.0443676153062464,0.120992074857358,0.0604960374286792,0.696840670382104,0.243851788658277,0.0593075409596184,0.0288852264954067,0.0816260607090995,0.0408130303545498,0.674082719635682,0.263534795732407,0.0623824846319113,0.0312302894346011,0.0865717583686033,0.0432858791843017,0.68141592920354,0.261061946902655,0.0575221238938053,0.0292574946451587,0.0825785941779332,0.0412892970889667,0.675141694987387,0.26305852899799,0.0617997760146232,28,24,3,1,30,25,5,0,27,16,9,2,35,26,6,3,27,23,4,0,17,9,8,0,37,13,18,6,25,18,6,1
7,4,0.652173913043478,0.304347826086957,0.0434782608695652,0.0182582184674322,0.0481648420851431,0.0240824210425715,0.672281818052158,0.308322342120848,0.0193958398269937,0.0144729792276344,0.0392428890531681,0.019621444526584,0.671795357570062,0.299581890994888,0.0286227514350495,0.0154486476877008,0.042905742155592,0.021452871077796,0.666481104781512,0.311493505426719,0.0220253897917692,0.0180511517367684,0.0455057445370578,0.0227528722685289,0.673575129533679,0.305699481865285,0.0207253886010363,0.0188280497845382,0.0483436168866897,0.0241718084433449,0.673931215585314,0.306762331988466,0.0193064524262203,24,14,10,0,29,23,6,0,24,21,3,0,29,20,7,2,20,12,6,2,21,14,7,0,25,11,14,0,21,15,6,0
7,5,0.652173913043478,0.304347826086957,0.0434782608695652,0.0434698489722561,0.118380421885506,0.0591902109427531,0.696150633546569,0.245157615144203,0.0586917513092276,0.0281810511737478,0.0693630593173828,0.0346815296586914,0.651837591553627,0.270002617918117,0.0781597905282566,0.04035508779781,0.110172455114242,0.0550862275571212,0.69263717840386,0.249261598529835,0.0581012230663049,0.0443391031341236,0.121133463119187,0.0605667315595934,0.696517412935323,0.243781094527363,0.0597014925373134,0.0420828935372449,0.113814827196804,0.056907413598402,0.695714521474755,0.247440412488555,0.05684506603669,22,9,9,4,18,15,3,0,30,18,12,0,23,18,5,0,19,14,2,3,30,28,2,0,29,17,9,3,30,21,7,2
8,1,0.608695652173913,0.347826086956522,0.0434782608695652,0.0301328264546871,0.0809322327614772,0.0404661163807386,0.649161768554652,0.316023633189121,0.034814598256227,0.0108299444296835,0.0306252193787039,0.0153126096893519,0.60131235447424,0.363138696645874,0.0355489488798862,0.0272807870587347,0.072796172617293,0.0363980863086465,0.64509373848256,0.318547941915435,0.0363583196020053,0.0262105245059099,0.0690951821386603,0.0345475910693301,0.643243243243243,0.318918918918919,0.0378378378378378,0.0276885446823954,0.0740715661535658,0.0370357830767829,0.645731435250696,0.318297003890388,0.0359715608589158,24,14,10,0,30,14,16,0,18,9,9,0,28,15,8,5,26,21,5,0,14,13,1,0,29,24,4,1,16,9,6,1
8,2,0.608695652173913,0.347826086956522,0.0434782608695652,0.020615086493559,0.0553494954480795,0.0276747477240398,0.581020904449873,0.369604111957677,0.04937498359245,0.0922776485726837,0.235665366169018,0.117832683084509,0.501206265256834,0.465658770041031,0.0331349647021356,0.00682557714375051,0.0178063308983308,0.00890316544916536,0.601014055709959,0.356729252405687,0.0422566918843534,0.0185756359018051,0.0519206416209372,0.0259603208104686,0.592233009708738,0.37378640776699,0.0339805825242718,0.00964544055407943,0.0272612317468581,0.0136306158734291,0.595065036300484,0.354186951930162,0.0507480117693543,19,8,10,1,18,10,8,0,31,25,5,1,29,19,10,0,31,26,1,4,33,13,19,1,21,6,15,0,24,15,9,0
8,3,0.608695652173913,0.347826086956522,0.0434782608695652,0.074398775331019,0.186605060917639,0.0933025304588196,0.51992853466037,0.441128617415341,0.0389428479242888,0.077604315565657,0.192936451567595,0.0964682257837974,0.512227426390116,0.441381891699187,0.0463906819106976,0.0766268787976903,0.192367559629348,0.0961837798146742,0.512511872359239,0.439150235731926,0.048337891908835,0.0746335784473049,0.187029390332767,0.0935146951663833,0.519553072625698,0.441340782122905,0.0391061452513966,0.0746352236181528,0.187049987461441,0.0935249937307203,0.519560622134939,0.441351080687242,0.0390882971778194,18,13,5,0,27,12,13,2,26,11,12,3,21,14,6,1,26,11,15,0,26,14,12,0,20,10,10,0,15,8,6,1
8,4,0.608695652173913,0.347826086956522,0.0434782608695652,0.117832582513018,0.309934468898441,0.15496723444922,0.478149398019906,0.502793321405742,0.0190572805743517,0.0801225928995611,0.218289827996839,0.109144913998419,0.527760614674467,0.456971000954941,0.0152683843705917,0.118795348144029,0.311468694664888,0.155734347332444,0.476251817683718,0.503560434288966,0.0201877480273163,0.121021869400983,0.313963210702341,0.156981605351171,0.471153846153846,0.504807692307692,0.0240384615384615,0.119529361721023,0.314497131860047,0.157248565930023,0.476353878064339,0.505074652886545,0.0185714690491163,28,15,13,0,24,14,6,4,30,11,19,0,28,9,19,0,23,7,16,0,26,14,12,0,23,12,10,1,26,16,10,0
8,5,0.608695652173913,0.347826086956522,0.0434782608695652,0.0230170390159453,0.0639715901076488,0.0319857950538245,0.576709857120089,0.369049454220788,0.0542406886591232,0.0239974080283501,0.0637674837075203,0.0318837418537602,0.634706467542529,0.315942345102762,0.0493511873547089,0.0212020444205988,0.0598031164018664,0.0299015582009332,0.57879409397298,0.360850043728199,0.0603558622988209,0.0202016005949268,0.0564156945917286,0.0282078472958643,0.580487804878049,0.365853658536585,0.0536585365853659,0.0194563284254396,0.055006045980303,0.0275030229901515,0.581192629183762,0.360862847795598,0.0579445230206406,35,24,5,6,16,11,5,0,31,12,18,1,24,17,7,0,21,8,12,1,21,8,13,0,32,22,8,2,25,17,7,1
9,1,0.565217391304348,0.391304347826087,0.0434782608695652,0.128871285276158,0.332637485753706,0.166318742876853,0.398898648427495,0.539002615125775,0.0620987364467304,0.104357623774182,0.284383507690521,0.14219175384526,0.423025637459087,0.496633239712305,0.0803411228286075,0.127158244381438,0.332169223031092,0.166084611515546,0.399132779788802,0.534060596968567,0.0668066232426307,0.128164212364884,0.330434782608696,0.165217391304348,0.4,0.538461538461538,0.0615384615384615,0.128369017348667,0.329819397254609,0.164909698627305,0.400307692677043,0.539497316952996,0.0601949903699607,25,11,12,2,24,12,10,2,19,10,9,0,23,6,13,4,25,4,21,0,22,9,12,1,37,18,19,0,20,8,9,3
9,2,0.565217391304348,0.391304347826087,0.0434782608695652,0.0777797665047597,0.202792582009877,0.101396291004939,0.47759185428645,0.492700638831026,0.0297075068825248,0.0951046244246886,0.251937478877311,0.125968739438656,0.461413395256271,0.517273087264743,0.0213135174789863,0.078946237457118,0.202213322883476,0.101106661441738,0.473653758560294,0.492411009267825,0.0339352321718809,0.0775877575195502,0.196338672768879,0.0981693363844394,0.473684210526316,0.489473684210526,0.0368421052631579,0.0790958007458706,0.205889483530377,0.102944741765188,0.475850381610706,0.494249089591275,0.0299005287980183,23,10,13,0,20,12,8,0,21,8,12,1,27,14,13,0,30,13,17,0,25,7,13,5,23,16,7,0,21,10,10,1
9,3,0.565217391304348,0.391304347826087,0.0434782608695652,0.043131826367445,0.109431319402137,0.0547156597010685,0.569226150374768,0.336588688125019,0.0941851615002137,0.0404193785877859,0.107022330588038,0.0535111652940189,0.57456591676781,0.337793182532068,0.0876409007001221,0.043006641760404,0.121295309945025,0.0606476549725125,0.591572174445564,0.330656692853574,0.0777711327008611,0.0365326082654748,0.102997045166737,0.0514985225833685,0.587378640776699,0.339805825242718,0.0728155339805825,0.0425585985240897,0.108974113802477,0.0544870569012387,0.570319963696503,0.336817290924848,0.0928627453786492,28,20,8,0,29,22,2,5,17,11,5,1,23,10,11,2,23,20,3,0,26,18,4,4,36,18,18,0,24,2,19,3
9,4,0.565217391304348,0.391304347826087,0.0434782608695652,0.0248083777676757,0.0700319465533387,0.0350159732766693,0.580829428889769,0.356288374549418,0.0628821965608138,0.0726803515400817,0.192262437239185,0.0961312186195926,0.469086172684755,0.470877763391141,0.0600360639241039,0.0224249736813392,0.061877271069234,0.030938635534617,0.586721590210108,0.36036571229147,0.0529126974984224,0.0126016507202666,0.0314699792960664,0.0157349896480332,0.580952380952381,0.376190476190476,0.0428571428571429,0.0229580666814647,0.0648213015485409,0.0324106507742704,0.579757926639531,0.358893697051817,0.0613483763086525,31,12,19,0,22,15,3,4,25,21,4,0,23,9,13,1,31,27,3,1,29,12,17,0,25,9,14,2,24,17,6,1
9,5,0.565217391304348,0.391304347826087,0.0434782608695652,0.0359332895142779,0.097444287366778,0.048722143683389,0.516495247620959,0.428172077060817,0.0553326753182242,0.0215907501608255,0.0606357327831322,0.0303178663915661,0.534899524912782,0.40960349946302,0.0554969756241979,0.0400782698944155,0.110159653734795,0.0550798268673973,0.51013756443695,0.430422736150183,0.0594396994128664,0.036314543391756,0.0904347826086956,0.0452173913043478,0.52,0.435,0.045,0.0385883577853694,0.104328836491939,0.0521644182459694,0.513052973058378,0.431269897204651,0.0556771297369702,24,20,4,0,24,4,18,2,16,9,7,0,25,14,11,0,28,14,12,2,26,17,7,2,25,14,9,2,32,12,19,1
10,1,0.521739130434783,0.434782608695652,0.0434782608695652,0.0332933461822335,0.0937692634316164,0.0468846317158083,0.502044324639551,0.48166724041146,0.0162884349489887,0.0569425719581309,0.156566831749576,0.0782834158747879,0.466243069833904,0.51306602457044,0.020690905595656,0.0331956268139663,0.0938873550287229,0.0469436775143615,0.49864520096421,0.481726286210014,0.0196285128257766,0.0335262315868632,0.09472049689441,0.047360248447205,0.5,0.482142857142857,0.0178571428571429,0.0340179436569954,0.0960178057883888,0.0480089028941944,0.500416034642504,0.482791511589847,0.0167924537676491,36,13,21,2,23,12,11,0,30,14,16,0,33,17,14,2,28,13,15,0,23,9,14,0,25,16,9,0,26,18,8,0
10,2,0.521739130434783,0.434782608695652,0.0434782608695652,0.00360571947947094,0.0101262711010935,0.00506313555054672,0.524795401216095,0.429719473145105,0.0454851256387993,0.039542591385763,0.10794128715933,0.0539706435796647,0.575709774014447,0.395116513114378,0.0291737128711747,0.0025281332326179,0.00659670813976065,0.00329835406988033,0.518440776364902,0.437626704884794,0.0439325187503035,0.012838976574116,0.0330434782608695,0.0165217391304348,0.52,0.42,0.06,0.00916913986667218,0.0259190638598869,0.0129595319299435,0.508779598504839,0.440878202876811,0.0503421986183494,34,4,21,9,21,14,7,0,25,11,12,2,24,15,9,0,24,20,4,0,21,8,13,0,24,17,6,1,27,15,12,0
10,3,0.521739130434783,0.434782608695652,0.0434782608695652,0.0127434389160781,0.033239084223238,0.016619542111619,0.505119588323164,0.437056158407623,0.0578242532692134,0.116370820492215,0.295821610321032,0.147910805160516,0.669649935595298,0.298336830211397,0.0320132341933045,0.00364904976544099,0.00960381072997644,0.00480190536498826,0.526541035799771,0.430744700016416,0.0427142641838133,0.0140456370041523,0.0392570704938793,0.0196285352469396,0.514563106796116,0.422330097087379,0.0631067961165049,0.01454274795191,0.0388171363566677,0.0194085681783338,0.502330562256449,0.438594704062502,0.0590747336810492,22,15,7,0,28,15,13,0,29,12,7,10,24,16,8,0,27,8,19,0,25,1,24,0,25,20,3,2,26,19,6,1
10,4,0.521739130434783,0.434782608695652,0.0434782608695652,0.0411302014777448,0.114880959856405,0.0574404799282027,0.485082665951861,0.492223088623855,0.0226942454242846,0.0233406950108471,0.0659879987270254,0.0329939993635127,0.50438827486093,0.467776608059165,0.0278351170799052,0.0424005316645975,0.115511503067579,0.0577557515337894,0.478900147916051,0.492538360229442,0.0285614918545079,0.0448061819950425,0.125508674234311,0.0627543371171557,0.482758620689655,0.497536945812808,0.0197044334975369,0.0438785512039977,0.122058966434351,0.0610294832171756,0.481501091169219,0.495812091912828,0.0226868169179528,32,9,23,0,23,16,7,0,26,12,14,0,23,15,8,0,24,8,16,0,16,7,8,1,28,17,10,1,31,14,15,2
10,5,0.521739130434783,0.434782608695652,0.0434782608695652,0.00280882862226351,0.00792439558065596,0.00396219779032797,0.519513044097879,0.43874480648598,0.0417421494161409,0.0362657689770429,0.0999497875570732,0.0499748937785366,0.471764236656246,0.449785492844752,0.0784502704990021,0.002922598982314,0.00769410250044909,0.00384705125022455,0.518506970129653,0.438629659945877,0.0428633699244701,0.00575898624034924,0.0150842945874002,0.00754214729370009,0.51530612244898,0.433673469387755,0.0510204081632653,0.00266453499582952,0.00751289863060262,0.00375644931530134,0.519603152945567,0.438539058010953,0.0418577890434791,26,12,14,0,17,14,3,0,20,9,8,3,31,16,10,5,24,10,14,0,21,6,13,2,32,20,12,0,25,14,11,0
11,1,0.478260869565217,0.478260869565217,0.0434782608695652,0.107013640560383,0.275555804262474,0.137777902131237,0.355142626025728,0.616038771696454,0.0288186022778176,0.101945856275515,0.270033564859535,0.135016782429767,0.366965633700867,0.613277651994985,0.0197567143041477,0.113232493000146,0.293526570754486,0.146763285377243,0.349401305542963,0.625024154942461,0.0255745395145763,0.110138037992661,0.271385237613751,0.135692618806876,0.344186046511628,0.613953488372093,0.0418604651162791,0.107750905491939,0.276723208527884,0.138361604263942,0.353785978231684,0.61662247382916,0.0295915479391565,34,9,25,0,31,7,22,2,25,14,11,0,23,10,13,0,24,1,23,0,29,14,8,7,24,8,16,0,25,11,14,0
11,2,0.478260869565217,0.478260869565217,0.0434782608695652,0.35145228095509,0.899043278553628,0.449521639276814,0.927782508842032,0.0698542480438983,0.00236324311407022,0.128457653832295,0.321247413640596,0.160623706820298,0.317637162744919,0.632071511044468,0.0502913262106128,0.110312937699739,0.286966249552123,0.143483124776061,0.334777744789156,0.603038844108414,0.0621834111024295,0.118072675099797,0.289855072463768,0.144927536231884,0.333333333333333,0.622549019607843,0.0441176470588235,0.118067716764485,0.289849354846038,0.144924677423019,0.333336192142199,0.622539689799726,0.0441241180580756,31,8,21,2,23,7,15,1,21,10,10,1,32,11,21,0,17,3,13,1,25,8,16,1,35,11,21,3,20,10,10,0
11,3,0.478260869565217,0.478260869565217,0.0434782608695652,0.0255828386604248,0.0722102971694376,0.0361051485847187,0.498322457333023,0.442155720980499,0.0595218216864784,0.0138213246249691,0.0388422190716956,0.0194211095358478,0.489884249437697,0.45883976002937,0.0512759905329336,0.0275579069867308,0.0776373662805209,0.0388186831402604,0.500668499926642,0.439442186424957,0.0598893136484012,0.0206250718529855,0.0554228380315337,0.0277114190157668,0.5,0.450549450549451,0.0494505494505494,0.026964746678363,0.0756558237452715,0.0378279118726357,0.501350128803034,0.440432957692582,0.058216913504384,27,17,9,1,21,6,15,0,21,10,10,1,22,9,11,2,24,18,6,0,21,6,15,0,20,14,2,4,26,11,14,1
11,4,0.478260869565217,0.478260869565217,0.0434782608695652,0.0360416173245217,0.0974880387982758,0.048744019399138,0.489728899310398,0.429516850166079,0.0807542505235221,0.0802129407808373,0.215839796946053,0.107919898473027,0.562488713314628,0.370340971092191,0.0671703155931807,0.0239578738959176,0.064320261617295,0.0321601308086474,0.485107080292482,0.44610073875657,0.0687921809509482,0.0191969981031915,0.0494179139938227,0.0247089569969114,0.480874316939891,0.453551912568306,0.0655737704918033,0.0314745640623359,0.0784945431861462,0.039247271593073,0.476822695784967,0.440451771752394,0.0827255324626383,30,3,26,1,16,6,8,2,26,11,15,0,28,18,3,7,21,13,7,1,29,20,8,1,22,8,14,0,11,9,2,0
11,5,0.478260869565217,0.478260869565217,0.0434782608695652,0.0353177333296147,0.0938537794540748,0.0469268897270374,0.43998480519256,0.469610044210838,0.0904051505966026,0.0527857991134922,0.148443277271428,0.0742216386357138,0.404039230929504,0.522290659236174,0.0736701098343223,0.0230486902146909,0.0588894977625725,0.0294447488812862,0.451429892669804,0.475647097579345,0.0729230097508514,0.018010322965185,0.0471216905513724,0.0235608452756862,0.458100558659218,0.474860335195531,0.0670391061452514,0.0330697876329453,0.0902519215761906,0.0451259607880952,0.445060594950099,0.46633518339224,0.0886042216576605,19,4,15,0,20,15,5,0,27,10,16,1,12,5,7,0,19,1,13,5,31,11,16,4,21,19,1,1,30,17,12,1
12,1,0.434782608695652,0.521739130434783,0.0434782608695652,0.0641659963558694,0.181478113788879,0.0907390568944396,0.344043551801213,0.567963233596654,0.0879932146021337,0.0625602789378012,0.168620247182564,0.0843101235912819,0.35047248510437,0.587122085939934,0.0624054289556959,0.0639676618806139,0.177102835299405,0.0885514176497024,0.34623119104595,0.582039116899509,0.0717296920545413,0.0477724665099834,0.132238028451212,0.0661190142256061,0.368663594470046,0.566820276497696,0.0645161290322581,0.0653107606139122,0.184661485864006,0.0923307429320029,0.342451865763649,0.570030204177658,0.0875179300586926,24,10,13,1,26,2,17,7,30,22,8,0,31,11,19,1,27,17,9,1,35,4,29,2,22,2,18,2,22,12,10,0
12,2,0.434782608695652,0.521739130434783,0.0434782608695652,0.033216962179178,0.0934789001333437,0.0467394500666719,0.481522058762324,0.494292921595735,0.0241850196419411,0.0526759632404388,0.146413931233845,0.0732069656169227,0.507989574312575,0.473190322438864,0.0188201032485615,0.0305872973563783,0.0860573682947525,0.0430286841473763,0.477811292843028,0.496381170955543,0.0258075362014288,0.0270486091721181,0.0736166007905139,0.036808300395257,0.471590909090909,0.494318181818182,0.0340909090909091,0.0305959788551744,0.0862025424569755,0.0431012712284877,0.47788387992414,0.496889828874179,0.025226291201681,15,12,3,0,26,10,11,5,22,10,12,0,28,18,9,1,25,7,18,0,23,8,15,0,22,12,10,0,15,6,9,0
12,3,0.434782608695652,0.521739130434783,0.0434782608695652,0.0201170938754726,0.056895251980546,0.0284476259902731,0.42086803772551,0.550186756425056,0.0289452058494346,0.0222940100025959,0.0624030364890968,0.0312015182445484,0.465984126940201,0.502216220445943,0.0317996526138566,0.017335867152652,0.0488337590627703,0.0244168795313852,0.42066094380887,0.546156009966168,0.0331830462249621,0.0193425330652741,0.0543478260869565,0.0271739130434783,0.423913043478261,0.548913043478261,0.0271739130434783,0.0193510473558582,0.054532044760996,0.027266022380498,0.423178776726822,0.549005152815281,0.0278160704578979,18,9,7,2,31,14,17,0,21,11,8,2,30,12,18,0,24,12,12,0,25,11,14,0,17,1,16,0,18,8,9,1
12,4,0.434782608695652,0.521739130434783,0.0434782608695652,0.0339310260376374,0.0948481958718896,0.0474240979359447,0.387358510759707,0.539111779338736,0.0735297099015563,0.0801087311759126,0.214772922377997,0.107386461188998,0.327396147506654,0.606692946130968,0.0659109063623786,0.0355160892014001,0.0992232182051577,0.0496116091025788,0.385170999593073,0.539754863562854,0.0750741368440727,0.040837638603936,0.115466856735567,0.0577334283677833,0.377049180327869,0.551912568306011,0.0710382513661202,0.0356164978939219,0.0997595067757247,0.0498797533878623,0.38490285530779,0.540611879734622,0.0744852649575882,22,5,14,3,25,17,3,5,28,11,16,1,21,6,15,0,16,9,7,0,17,6,11,0,30,7,22,1,24,8,13,3
12,5,0.434782608695652,0.521739130434783,0.0434782608695652,0.0416005420775844,0.114843467891227,0.0574217339456137,0.492204342641266,0.481939259686493,0.0258563976722415,0.0295913723685573,0.0836669652796575,0.0418334826398287,0.476616091335481,0.499850907952267,0.0235330007122517,0.0374933157286157,0.103309652083425,0.0516548260417125,0.486437434737365,0.485545556290405,0.0280170089722305,0.0355397986769152,0.0893388921977367,0.0446694460988684,0.479452054794521,0.479452054794521,0.0410958904109589,0.0373590261322391,0.10230157550827,0.0511507877541348,0.485933396449787,0.484707605691556,0.0293589978586571,33,15,18,0,28,18,10,0,24,16,6,2,19,6,13,0,25,19,6,0,27,7,20,0,46,16,23,7,17,8,9,0
13,1,0.391304347826087,0.565217391304348,0.0434782608695652,0.0114919035223689,0.0319284432713336,0.0159642216356668,0.401923405842222,0.549253169668681,0.0488234244890968,0.0924454754042729,0.23154919451667,0.115774597258335,0.507078945084422,0.454733221510292,0.038187833405286,0.00783799593428639,0.0214602056516612,0.0107301028258306,0.399077705782854,0.554487288478517,0.0464350057386283,0.00822457424544622,0.0227424749163879,0.0113712374581939,0.394871794871795,0.553846153846154,0.0512820512820513,0.00921944570860476,0.0258742933032493,0.0129371466516246,0.399176468852063,0.552280244652723,0.0485432864952141,17,11,5,1,20,4,16,0,30,17,12,1,22,9,13,0,27,4,22,1,25,13,12,0,25,10,8,7,29,9,20,0
13,2,0.391304347826087,0.565217391304348,0.0434782608695652,0.0195582666055285,0.050697285619171,0.0253486428095855,0.369044964099982,0.562128132220867,0.0688269036791507,0.0521131729078188,0.145645912821958,0.0728229564109789,0.43752841745555,0.492394434893369,0.0700771476510814,0.0206541311061966,0.0554643407810763,0.0277321703905382,0.363572177435549,0.571140886134972,0.0652869364294795,0.0148613201689823,0.038422649140546,0.019211324570273,0.372093023255814,0.567441860465116,0.0604651162790698,0.0211978477638123,0.0561023298858278,0.0280511649429139,0.363253182883173,0.570084795259543,0.066662021857284,20,7,10,3,31,15,15,1,24,12,12,0,36,3,30,3,31,9,22,0,30,18,10,2,20,4,12,4,23,12,11,0
13,3,0.391304347826087,0.565217391304348,0.0434782608695652,0.031403214795246,0.0796477395274058,0.0398238697637029,0.394193139725596,0.525393521540645,0.0804133387337587,0.0536819459245555,0.151594896150406,0.0757974480752029,0.425503460217105,0.489419943229145,0.0850765965537497,0.0317714376953447,0.0801547263492634,0.0400773631746318,0.388857996970378,0.527586378985425,0.083555624044197,0.0331831462718412,0.0857707509881423,0.0428853754940711,0.386363636363636,0.527272727272727,0.0863636363636364,0.0294954724244682,0.074480605965317,0.0372403029826585,0.388958231348659,0.530323204799117,0.0807185638522237,29,18,10,1,28,10,17,1,25,10,10,5,32,6,18,8,24,10,14,0,34,9,25,0,24,12,10,2,24,10,12,2
13,4,0.391304347826087,0.565217391304348,0.0434782608695652,0.0739546041330204,0.182924778214418,0.0914623891072089,0.482766736933296,0.475555583929969,0.0416776791367348,0.0399818804462891,0.104061841505435,0.0520309207527174,0.443335268578804,0.520033894767486,0.03663083665371,0.0665733491329728,0.167351593400993,0.0836757967004962,0.470515859957638,0.481541594603852,0.047942545438511,0.0671530140675187,0.168896321070234,0.084448160535117,0.471153846153846,0.480769230769231,0.0480769230769231,0.0663665416069411,0.163159232815968,0.0815796164079838,0.472285590532264,0.483637774896364,0.044076634571372,24,10,14,0,29,18,11,0,36,13,21,2,24,14,9,1,27,10,16,1,14,11,3,0,22,12,10,0,32,10,16,6
13,5,0.391304347826087,0.565217391304348,0.0434782608695652,0.00496532589769693,0.0130774436207531,0.00653872181037651,0.392356609337836,0.558678669493971,0.0489647211681929,0.0241804253953328,0.0662179319173764,0.0331089659586882,0.415267389255541,0.53210842534566,0.0526241853987989,0.00826739441066385,0.0209183054632319,0.0104591527316159,0.392008517180944,0.554758238572732,0.053233244246324,0.00614936422141607,0.017391304347826,0.00869565217391305,0.4,0.560975609756098,0.0390243902439024,0.00491257726508153,0.0134850980466578,0.00674254902332894,0.393225226674803,0.558474842281019,0.0482999310441777,27,13,13,1,24,9,13,2,26,4,20,2,26,11,15,0,24,9,13,2,28,5,23,0,20,10,9,1,30,21,9,0
14,1,0.347826086956522,0.608695652173913,0.0434782608695652,0.0196816003000364,0.0514552224413545,0.0257276112206773,0.322098475735844,0.612360783900813,0.0655407403633422,0.0214533765541504,0.053999002351474,0.026999501175737,0.320826585780785,0.610210359976823,0.0689630542423924,0.0195857084419905,0.0516125483686476,0.0258062741843239,0.322019812772198,0.612885172203993,0.0650950150238095,0.0271937499715027,0.0686251468860164,0.0343125734430082,0.313513513513514,0.610810810810811,0.0756756756756757,0.0193976801095108,0.0488091673132473,0.0244045836566237,0.323421503299898,0.610048187652126,0.0665303090479758,25,6,17,2,23,9,8,6,25,11,9,5,18,7,11,0,19,3,16,0,25,8,17,0,25,12,13,0,25,2,22,1
14,2,0.347826086956522,0.608695652173913,0.0434782608695652,0.0192778816176636,0.0538499345554297,0.0269249672777149,0.338070311064097,0.635620619451628,0.0263090694842747,0.0124915210369555,0.034287290093267,0.0171436450466335,0.364969732003155,0.59643211966587,0.0385981483309751,0.0250880262143606,0.0708317554572196,0.0354158777286098,0.331962136306059,0.644111529902523,0.0239263337914184,0.0241246121740652,0.0675248967694924,0.0337624483847462,0.335195530726257,0.642458100558659,0.0223463687150838,0.022378619563049,0.0631294440223351,0.0315647220111676,0.334032485260107,0.640260374185081,0.0257071405548123,22,2,20,0,19,3,16,0,16,6,10,0,22,5,15,2,20,10,8,2,21,11,10,0,34,7,27,0,25,16,9,0
14,3,0.347826086956522,0.608695652173913,0.0434782608695652,0.0377938573158674,0.0966859345715026,0.0483429672857513,0.343397490937416,0.564781280907268,0.0918212281553165,0.0870422171969977,0.245105992270993,0.122552996135496,0.419107269702646,0.486142656038417,0.0947500742589376,0.0258556626954099,0.0730410206286951,0.0365205103143476,0.327996696714997,0.59200453210109,0.0799987711839128,0.0259170693866096,0.0725526807148573,0.0362763403574286,0.325153374233129,0.595092024539877,0.0797546012269939,0.0300014136169489,0.0845208000572276,0.0422604000286138,0.32996256271263,0.584298776389191,0.085738660898179,19,4,11,4,23,11,10,2,19,10,9,0,16,8,7,1,22,5,17,0,22,1,20,1,27,6,21,0,15,8,2,5
14,4,0.347826086956522,0.608695652173913,0.0434782608695652,0.0617841101230051,0.165483128363981,0.0827415641819905,0.265084522774531,0.674382880614562,0.0605325966109067,0.0168390716195942,0.0459149992430005,0.0229574996215003,0.353823376390571,0.585738152552413,0.0604384710570164,0.0601443962622892,0.153324590244297,0.0766622951221487,0.271163791834373,0.678935920415231,0.0499002877503964,0.0495146197049249,0.12914334911752,0.0645716745587602,0.292079207920792,0.673267326732673,0.0346534653465347,0.0582505892539768,0.155436376544821,0.0777181882724105,0.270107898684111,0.671210805394291,0.0586812959215973,37,12,24,1,21,2,19,0,25,0,24,1,24,10,11,3,28,7,21,0,22,12,10,0,20,2,17,1,25,14,10,1
14,5,0.347826086956522,0.608695652173913,0.0434782608695652,0.0127067668045901,0.0359318000268181,0.017965900013409,0.357144762253445,0.617342876890398,0.0255123608561562,0.0222407055393904,0.062791015412962,0.031395507706481,0.379221594663003,0.59135015858879,0.0294282467482069,0.010139451837832,0.0284128198085465,0.0142064099042732,0.362032496860795,0.599905389551927,0.0380621135872776,0.012708239207988,0.0359361135758651,0.0179680567879326,0.357142857142857,0.61734693877551,0.0255102040816327,0.0127081718409699,0.0359359171501193,0.0179679585750597,0.357142926264387,0.617346771441108,0.0255103022945056,27,11,15,1,16,5,10,1,26,11,13,2,24,6,18,0,17,7,10,0,31,9,22,0,30,11,19,0,25,10,14,1
15,1,0.304347826086957,0.652173913043478,0.0434782608695652,0.0493754024053688,0.132802786348225,0.0664013931741123,0.237946432912844,0.666665339670409,0.0953882274167472,0.0562179480060539,0.158857585426808,0.0794287927134037,0.261635650037645,0.615457296379386,0.122907053582969,0.0551061510811318,0.155440516974432,0.0777202584872158,0.226627567599741,0.696004243085349,0.0773681893149102,0.0422997709861572,0.11911231884058,0.0595561594202899,0.244791666666667,0.677083333333333,0.078125,0.0522585144327893,0.14665282073487,0.073326410367435,0.231021415719522,0.680846082433698,0.0881325018467805,25,0,22,3,17,5,10,2,25,5,20,0,23,7,12,4,24,16,8,0,38,4,33,1,23,9,14,0,17,1,11,5
15,2,0.304347826086957,0.652173913043478,0.0434782608695652,0.0359161473371845,0.0986793116534947,0.0493396558267474,0.255008170260209,0.687291383346076,0.0577004463937151,0.0632253581698075,0.156370625951026,0.0781853129755133,0.226162513111443,0.728835991934852,0.0450014949537042,0.0412411963181929,0.108667581248824,0.0543337906244122,0.250014035462544,0.697702012235618,0.0522839523018375,0.0401534840863356,0.113550021105952,0.056775010552976,0.247572815533981,0.679611650485437,0.0728155339805825,0.0347147390583113,0.0956585060292296,0.0478292530146148,0.256518573072342,0.68567715670228,0.0578042702253779,24,2,22,0,25,11,14,0,30,10,20,0,25,12,12,1,26,3,12,11,31,3,26,2,18,2,15,1,27,8,19,0
15,3,0.304347826086957,0.652173913043478,0.0434782608695652,0.0526284924103161,0.137175715455096,0.0685878577275482,0.235759968359408,0.711496158856925,0.0527438727836668,0.0610277002393311,0.160245951035997,0.0801229755179987,0.224224850568958,0.720016723491635,0.0557584259394067,0.0500992647325925,0.133881612186015,0.0669408060930075,0.237407019993949,0.705746575909051,0.0568464040969998,0.0506187954025234,0.142374408650597,0.0711872043252985,0.233160621761658,0.694300518134715,0.0725388601036269,0.0460698962336281,0.124435624723869,0.0622178123619346,0.242130013725022,0.70002679954984,0.0578431867251377,32,15,17,0,20,5,15,0,34,2,28,4,23,4,16,3,30,9,14,7,18,1,17,0,19,5,14,0,17,4,13,0
15,4,0.304347826086957,0.652173913043478,0.0434782608695652,0.0405103907168158,0.106876388595057,0.0534381942975287,0.357786020384485,0.607568866752767,0.0346451128627474,0.0288989594105668,0.0805661836543893,0.0402830918271947,0.330462576094818,0.611890821216284,0.0576466026888984,0.0405422329023124,0.103651286300234,0.0518256431501169,0.356173469237073,0.605022306024907,0.0388042247380196,0.0390590891728173,0.100981767180926,0.0504908835904628,0.354838709677419,0.60752688172043,0.0376344086021505,0.0383510060055204,0.10050021241237,0.0502501062061849,0.354597932293141,0.609374171480513,0.0360278962263452,11,5,5,1,26,4,20,2,23,7,16,0,22,4,18,0,26,15,11,0,31,9,18,4,23,12,11,0,24,10,14,0
15,5,0.304347826086957,0.652173913043478,0.0434782608695652,0.268018000129086,0.695652173913043,0.347826086956522,1.8025116477355e-57,1,1.86493575470528e-24,0.0781423421739143,0.204698545530575,0.102349272765287,0.406697098852244,0.564904841716508,0.0283980594312484,0.0468369929117208,0.118659724251695,0.0593298621258477,0.363677688212804,0.597003463898876,0.0393188478883196,0.0472887394918464,0.12463768115942,0.0623188405797101,0.366666666666667,0.6,0.0333333333333333,0.0452754249823871,0.118557201269184,0.0592786006345921,0.363626426721549,0.601574369619123,0.0347992036593288,22,9,13,0,29,14,15,0,33,17,15,1,28,5,22,1,26,5,17,4,23,13,10,0,21,4,17,0,28,10,17,1
16,1,0.260869565217391,0.695652173913043,0.0434782608695652,0.0502374940206933,0.125230615336425,0.0626153076682127,0.323484872885604,0.635272176822328,0.0412429502920679,0.0286427733027696,0.070308068764249,0.0351540343821245,0.295875239663276,0.660498139530919,0.0436266208058049,0.0532161136965957,0.135114180364605,0.0675570901823027,0.32337025873147,0.628095083730741,0.0485346575377894,0.0453996331161019,0.114099019854235,0.0570495099271174,0.317919075144509,0.641618497109827,0.0404624277456647,0.0456094753837065,0.114631601510644,0.0573158007553221,0.318185365972713,0.641371810636638,0.0404428233906491,15,9,6,0,19,3,13,3,25,8,16,1,18,10,7,1,26,7,19,0,21,5,14,2,22,6,16,0,27,7,20,0
16,2,0.260869565217391,0.695652173913043,0.0434782608695652,0.083912087769218,0.22731930948365,0.113659654741825,0.347245456178235,0.581992519171218,0.0707620246505467,0.0159983009078743,0.0451824603745952,0.0225912301872976,0.238278335030094,0.708018156642946,0.0537035083269599,0.0710463150332425,0.185222348312441,0.0926111741562206,0.340920465092374,0.603040999756823,0.0560385351508033,0.0775063429358834,0.196859903381643,0.0984299516908212,0.351851851851852,0.597222222222222,0.0509259259259259,0.0791130334749911,0.213752438692062,0.106876219346031,0.342967985463513,0.588775954567012,0.068256059969475,23,11,12,0,25,6,18,1,38,8,29,1,20,1,14,5,27,22,4,1,25,8,17,0,25,14,11,0,33,6,24,3
16,3,0.260869565217391,0.695652173913043,0.0434782608695652,0.010862415416345,0.0299640667573959,0.014982033378698,0.250438801958088,0.691100903793649,0.0584602942482632,0.0325189867635709,0.0917096281307238,0.0458548140653619,0.215014751152029,0.721617470092363,0.0633677787556077,0.0183139743414797,0.048037735872458,0.0240188679362291,0.2572519708311,0.675250900363106,0.0674971288057943,0.0116898902147977,0.0313866735271418,0.0156933367635709,0.248520710059172,0.692307692307692,0.0591715976331361,0.0110448914979181,0.0297073741373493,0.0148536870686747,0.24925817539336,0.6924098766684,0.0583319479382399,15,4,10,1,29,6,22,1,23,11,12,0,25,4,18,3,19,2,16,1,21,3,18,0,17,6,11,0,20,6,10,4
16,4,0.260869565217391,0.695652173913043,0.0434782608695652,0.0496280486942911,0.139629808754225,0.0698149043771125,0.219731208526648,0.765467078290156,0.0148017131831957,0.0166978947987336,0.0446106166565748,0.0223053083282874,0.278736714995457,0.700090332463265,0.0211729525412778,0.0416582309145656,0.117278599571216,0.0586392997856081,0.22663191828442,0.754291473698652,0.0190766080169282,0.0510223685790323,0.143349117520448,0.0716745587602239,0.217821782178218,0.767326732673267,0.0148514851485149,0.050710130190196,0.142536892672935,0.0712684463364673,0.218315632991004,0.766920620249511,0.0147637467594857,22,7,14,1,32,6,26,0,24,1,23,0,27,8,19,0,19,6,13,0,26,8,16,2,28,4,24,0,24,4,20,0
16,5,0.260869565217391,0.695652173913043,0.0434782608695652,0.0202652000616783,0.0551593219314958,0.0275796609657479,0.267911119915254,0.668072512947296,0.0640163671374504,0.0230902426272645,0.0648340821250084,0.0324170410625042,0.273673597028901,0.663235132850539,0.0630912701205598,0.032312664672312,0.0876658803602945,0.0438329401801473,0.271598208721812,0.651819233732896,0.0765825575452917,0.0198457540993611,0.0547658862876254,0.0273829431438127,0.269230769230769,0.668269230769231,0.0625,0.0195031249323286,0.0536610374751128,0.0268305187375564,0.268748555861274,0.668821655175487,0.0624297889632387,29,11,18,0,21,5,15,1,24,10,13,1,35,9,25,1,24,5,16,3,19,4,11,4,30,10,19,1,26,2,22,2
17,1,0.217391304347826,0.739130434782609,0.0434782608695652,0.0122168323514195,0.0330674434346255,0.0165337217173127,0.200857582630513,0.743055231191619,0.0560871861778679,0.118076758314158,0.319777103577839,0.15988855178892,0.339047922973206,0.579241882993689,0.0817101940331051,0.0176428739731301,0.0484191560677286,0.0242095780338643,0.193181726313962,0.756462914648693,0.0503553590373456,0.0217387607562587,0.0610452349582785,0.0305226174791392,0.186868686868687,0.757575757575758,0.0555555555555556,0.0149024373652916,0.0419639637238417,0.0209819818619209,0.196409322485905,0.751336443789036,0.052254233725059,27,4,23,0,24,2,22,0,27,2,25,0,19,6,11,2,19,4,9,6,28,13,13,2,26,4,22,0,28,2,25,1
17,2,0.217391304347826,0.739130434782609,0.0434782608695652,0.0951399881850936,0.252768010065857,0.126384005032929,0.114227580806778,0.865514439815537,0.0202579793776847,0.100293028051553,0.266497087882753,0.133248543941376,0.108675983842422,0.872378978723985,0.0189450374335928,0.0841790337274799,0.220967045981876,0.110483522990938,0.123754127246175,0.849613957773547,0.0266319149802778,0.0943659779836494,0.251971688574318,0.125985844287159,0.116279069767442,0.865116279069767,0.0186046511627907,0.0944394900250431,0.250969857505654,0.125484928752827,0.115046120289442,0.864615363535436,0.0203385161751222,29,6,23,0,19,0,18,1,27,2,25,0,30,3,27,0,27,2,25,0,31,4,26,1,26,1,25,0,26,7,17,2
17,3,0.217391304347826,0.739130434782609,0.0434782608695652,0.0423672431689387,0.115994449197481,0.0579972245987404,0.159394079749086,0.75510152257667,0.0855043976742442,0.0454769399467874,0.122723683415676,0.061361841707838,0.156029462639988,0.786492824008714,0.0574777133512982,0.0402129904579725,0.110177782516645,0.0550888912583226,0.162302413089503,0.754446329912794,0.0832512569977029,0.0406516298021891,0.109423757021011,0.0547118785105055,0.162679425837321,0.751196172248804,0.0861244019138756,0.0404741421029476,0.111645586384517,0.0558227931922584,0.161568511155568,0.756082995281088,0.0823484935633445,29,6,22,1,25,4,16,5,26,3,22,1,20,3,17,0,26,11,15,0,27,1,22,4,21,0,15,6,35,6,28,1
17,4,0.217391304347826,0.739130434782609,0.0434782608695652,0.0516670140131006,0.130108188193903,0.0650540940969516,0.156051167627057,0.80418452887956,0.0397643034933828,0.0569616795912457,0.152022035361133,0.0760110176805667,0.156283992414342,0.815141452463175,0.0285745551224828,0.0473460552885423,0.117966339403987,0.0589831697019938,0.160454998765732,0.798113604484602,0.0414313967496654,0.0548610107694131,0.146321070234114,0.0731605351170569,0.144230769230769,0.798076923076923,0.0576923076923077,0.0502781622546257,0.125651059182805,0.0628255295914023,0.157141843777061,0.801955964374011,0.040902191848928,24,4,20,0,23,4,19,0,29,2,27,0,29,7,22,0,27,7,20,0,28,3,19,6,28,2,21,5,20,1,18,1
17,5,0.217391304347826,0.739130434782609,0.0434782608695652,0.0800877963335829,0.207839511996538,0.103919755998269,0.12642378713149,0.843050190780878,0.0305260220876328,0.0455060518794013,0.121921202475296,0.060960601237648,0.169048894138181,0.800091036020257,0.0308600698415621,0.0708875516418831,0.17758577452551,0.0887928872627549,0.132690582465514,0.827923322045364,0.0393860954891221,0.0754585723757204,0.197929606625259,0.0989648033126295,0.133333333333333,0.838095238095238,0.0285714285714286,0.0767695332490278,0.198706145994729,0.0993530729973644,0.129806101064414,0.838483507779973,0.0317103911556128,20,0,18,2,29,3,25,1,25,4,21,0,22,1,21,0,27,6,20,1,19,0,19,0,36,8,26,2,32,6,26,0
18,1,0.173913043478261,0.782608695652174,0.0434782608695652,0.0213157911250965,0.0601007820436745,0.0300503910218372,0.160955437508119,0.765515910600479,0.0735286518914024,0.0189418061365384,0.051321067413509,0.0256605337067545,0.180084422512738,0.756948161945419,0.0629674155418422,0.0178786063243883,0.0459553287207306,0.0229776643603653,0.153287086391386,0.780256988378683,0.0664559252299305,0.0259787968104615,0.0734712857475007,0.0367356428737503,0.155080213903743,0.764705882352941,0.0802139037433155,0.0216438728103547,0.0607038086476223,0.0303519043238112,0.162165979370066,0.764003855436558,0.0738301651933764,19,2,17,0,24,6,18,0,24,4,18,2,22,0,17,5,31,3,28,0,20,5,15,0,25,9,9,7,22,0,21,1
18,2,0.173913043478261,0.782608695652174,0.0434782608695652,0.0166764149968323,0.0460417974512168,0.0230208987256084,0.196933942203869,0.775534786846924,0.0275312709492071,0.0173168653198172,0.0461535457497585,0.0230767728748792,0.178351595268474,0.80124691673684,0.020401487994686,0.0291639252073784,0.0798175804103387,0.0399087902051694,0.21382183368343,0.753639415718258,0.0325387505983123,0.0147746481719884,0.0416475972540046,0.0208237986270023,0.194736842105263,0.773684210526316,0.0315789473684211,0.0175642613742786,0.0489366637883308,0.0244683318941654,0.198381375372426,0.774079994206836,0.027538630420738,26,6,20,0,19,3,15,1,24,6,14,4,20,3,17,0,30,9,21,0,26,4,22,0,21,3,18,0,24,3,20,1
18,3,0.173913043478261,0.782608695652174,0.0434782608695652,0.0148910933845733,0.0418239991655742,0.0209119995827871,0.194825043061048,0.774305182415734,0.0308697745232177,0.0383107561388446,0.107686631523148,0.053843315761574,0.227756359239835,0.750467453042253,0.0217761877179126,0.0198018582789628,0.0553632192951573,0.0276816096475787,0.20159465312584,0.772437598233547,0.0259677486406139,0.0288906129287586,0.0807453416149068,0.0403726708074534,0.214285714285714,0.767857142857143,0.0178571428571429,0.0210721888755183,0.0595645306251975,0.0297822653125988,0.20369530879086,0.766813007499646,0.0294916837094942,20,1,19,0,39,9,29,1,25,12,11,2,29,11,18,0,27,6,21,0,40,8,32,0,22,0,21,1,22,1,21,0
18,4,0.173913043478261,0.782608695652174,0.0434782608695652,0.0085993954358728,0.0220820834101743,0.0110410417050871,0.183848986320112,0.771567653947087,0.0445833597328014,0.0273018791826003,0.0737136253091205,0.0368568126545602,0.145521182375556,0.819465508306734,0.0350133093177101,0.00720059655378273,0.0196367841250836,0.00981839206254176,0.181161527665186,0.772790303589632,0.0460481687451819,0.0126424570602616,0.0339225991399904,0.0169612995699952,0.17032967032967,0.769230769230769,0.0604395604395604,0.00690420569533763,0.0188438049018142,0.00942190245090713,0.180842755637094,0.773186793201267,0.045970451161639,23,2,15,6,20,2,17,1,23,10,13,0,28,2,22,4,27,4,23,0,20,3,17,0,23,2,21,0,18,6,12,0
18,5,0.173913043478261,0.782608695652174,0.0434782608695652,0.061997783860486,0.163426180134378,0.0817130900671889,0.105528040638772,0.864321785719363,0.0301501736418652,0.0567287915587968,0.147058666287452,0.0735293331437259,0.109357882791299,0.8561380287959,0.0345040884128014,0.0452081113807404,0.117968557289597,0.0589842786447986,0.123059697343401,0.841592974296973,0.0353473283596263,0.0619978122000077,0.163425824776054,0.081712912388027,0.105527638190955,0.864321608040201,0.0301507537688442,0.0619979315461992,0.16342646340763,0.0817132317038151,0.105527786225082,0.864321927355989,0.0301502864189288,29,4,23,2,30,2,26,2,21,3,18,0,26,5,21,0,29,3,26,0,17,2,15,0,31,2,27,2,16,0,16,0
19,1,0.130434782608696,0.826086956521739,0.0434782608695652,0.0196251831303267,0.0551209808744724,0.0275604904372362,0.113819710324356,0.853647446958975,0.0325328427166692,0.011910786088201,0.0336872398622017,0.0168436199311008,0.121873013467709,0.84293057645284,0.0351964100794514,0.00651369573984924,0.017939898904887,0.00896994945244345,0.124133946268129,0.835056905974183,0.0408091477576886,0.0192630680082889,0.0542481053051456,0.0271240526525728,0.114678899082569,0.853211009174312,0.0321100917431193,0.019160706425721,0.0538436429016138,0.0269218214508069,0.114307291033749,0.853008777972546,0.0326839309937053,26,4,20,2,34,3,30,1,25,3,22,0,28,1,25,2,22,0,22,0,35,5,30,0,20,2,18,0,28,7,19,2
19,2,0.130434782608696,0.826086956521739,0.0434782608695652,0.0586300909651533,0.144076632559812,0.0720383162799059,0.058861551698659,0.898125272801645,0.043013175499696,0.0357066229596089,0.0893033974807497,0.0446516987403749,0.173183994446131,0.781435257781364,0.0453807477725044,0.0641570428534506,0.159737392944149,0.0798686964720745,0.0532186329886322,0.905955652993814,0.0408257140175543,0.0519395906010506,0.137949543746645,0.0689747718733226,0.0740740740740741,0.895061728395062,0.0308641975308642,0.0591445502277913,0.147567019968598,0.0737835099842991,0.0566512726243966,0.897097796690212,0.0462509306853913,13,3,10,0,17,0,17,0,24,7,16,1,22,0,21,1,15,2,13,0,14,0,14,0,19,0,19,0,38,0,35,3
19,3,0.130434782608696,0.826086956521739,0.0434782608695652,0.0173195417834725,0.0481901225056868,0.0240950612528434,0.122197869884986,0.850182017774583,0.0276201123404314,0.0111372373647127,0.0314890997736083,0.0157445498868042,0.122935262039352,0.841831506408543,0.035233231552105,0.0065239123533081,0.0167669287561015,0.00838346437805081,0.131290305518174,0.833614897990311,0.0350947964915144,0.0193401782992244,0.0525879917184265,0.0262939958592132,0.123809523809524,0.852380952380952,0.0238095238095238,0.0187561222930436,0.0520958335027444,0.0260479167513722,0.121748762671093,0.852134873273111,0.0261163640557957,15,2,11,2,30,1,28,1,25,3,21,1,26,7,19,0,28,7,21,0,33,4,28,1,25,1,24,0,28,1,27,0
19,4,0.130434782608696,0.826086956521739,0.0434782608695652,0.0251589008290303,0.0699001149680671,0.0349500574840335,0.0954847251246621,0.849334813667973,0.0551804612073651,0.031801667019947,0.0884819720605199,0.0442409860302599,0.0861937965784357,0.841202422472386,0.072603780949178,0.0200187335821305,0.0558794283694967,0.0279397141847483,0.102495068423947,0.84401330445884,0.0534916271172122,0.00346742734064351,0.00970677451971683,0.00485338725985843,0.125581395348837,0.827906976744186,0.0465116279069767,0.0176489476685278,0.047831697645639,0.0239158488228195,0.106518933785876,0.831860047708018,0.0616210185061057,20,0,20,0,20,0,20,0,30,0,28,2,25,6,19,0,31,1,27,3,19,1,17,1,44,12,28,4,26,7,19,0
19,5,0.130434782608696,0.826086956521739,0.0434782608695652,0.0770318141929235,0.191926871448436,0.0959634357242182,0.0377975516515328,0.922050392245957,0.0401520561025098,0.0613280290186604,0.161313090962882,0.0806565454814409,0.0497782371272547,0.894030115976344,0.0561916468964014,0.0677876291957937,0.16988266138396,0.0849413306919802,0.0454934519167155,0.907047513569141,0.0474590345141438,0.0779693883347639,0.19318691169879,0.0965934558493949,0.0360824742268041,0.922680412371134,0.0412371134020619,0.0776294612225014,0.193260047322165,0.0966300236610825,0.0369924091226383,0.922716980182822,0.0402906106945401,29,0,26,3,24,2,19,3,31,1,29,1,34,2,32,0,16,0,15,1,14,2,12,0,22,0,22,0,24,0,24,0
20,1,0.0869565217391304,0.869565217391304,0.0434782608695652,0.0610271054680329,0.171012310511853,0.0855061552559263,0.139857725436555,0.784059062135378,0.0760832124280671,0.150013699850906,0.413421065774442,0.206710532887221,0.231654646206194,0.662854684504083,0.105490669289722,0.0561062819947286,0.156869743759235,0.0784348718796176,0.136559065951316,0.791130345511687,0.0723105885369975,0.0721541112463258,0.203995299647474,0.101997649823737,0.140540540540541,0.767567567567568,0.0918918918918919,0.0680516213420596,0.190551396414732,0.095275698207366,0.146360455546264,0.774289519183938,0.0793500252697983,25,8,14,3,20,0,19,1,24,5,16,3,25,6,19,0,16,1,15,0,26,1,15,10,27,5,22,0,22,0,22,0
20,2,0.0869565217391304,0.869565217391304,0.0434782608695652,0.0202177930186124,0.0534058330046319,0.0267029165023159,0.109159783169186,0.842862300888988,0.0479779159418259,0.0452286273395223,0.117780821866208,0.0588904109331041,0.138020763299451,0.8106748064582,0.0513044302423486,0.0237156837376984,0.0636019346583809,0.0318009673291905,0.112085999954359,0.837764250062114,0.050149749983527,0.022545854703832,0.0607384749836137,0.0303692374918069,0.110552763819095,0.839195979899497,0.050251256281407,0.0210265128192874,0.0556357667209833,0.0278178833604916,0.109964660417796,0.841747334030813,0.0482880055513913,23,6,17,0,20,0,19,1,25,3,22,0,33,2,27,4,21,4,17,0,32,6,25,1,20,1,15,4,25,0,25,0
20,3,0.0869565217391304,0.869565217391304,0.0434782608695652,0.00940285818043783,0.0254715117974215,0.0127357558987108,0.0966366503143413,0.872620844714804,0.0307425049708544,0.00921299391688404,0.0251604424732292,0.0125802212366146,0.0836028052696367,0.882145438627919,0.0342517561024444,0.0127883688056781,0.0358544523998925,0.0179272261999463,0.104883747939077,0.862669087216783,0.0324471648441407,0.0153739757903863,0.0420493978362931,0.0210246989181466,0.107981220657277,0.863849765258216,0.028169014084507,0.0119945921520719,0.0326057329274674,0.0163028664637338,0.103259388202864,0.865471834201153,0.0312687775959832,35,11,24,0,29,2,25,2,29,1,26,2,19,0,19,0,24,3,21,0,21,0,19,2,24,2,22,0,32,4,28,0
20,4,0.0869565217391304,0.869565217391304,0.0434782608695652,0.0361888914282584,0.0942619907019177,0.0471309953509589,0.0461151520992513,0.916696212742263,0.0371886351584855,0.0393403220734836,0.104951987571253,0.0524759937856264,0.0447124644807459,0.922041211176931,0.0332463243423234,0.0307852538174529,0.0764160352222328,0.0382080176111164,0.049777438339564,0.907773235002421,0.0424493266580153,0.0346210085474549,0.0855152534230123,0.0427576267115061,0.0441988950276243,0.911602209944751,0.0441988950276243,0.0346384992223632,0.0878208025258558,0.0439104012629279,0.0461958448238022,0.913475618654232,0.0403285365219655,33,0,28,5,25,0,23,2,27,4,23,0,21,0,21,0,15,2,13,0,20,1,19,0,17,1,16,0,23,0,22,1
20,5,0.0869565217391304,0.869565217391304,0.0434782608695652,0.0338407276309708,0.0869552487787963,0.0434776243893981,0.126017701063674,0.873981662456158,6.36480167097972e-07,0.0598866116712349,0.169364567995792,0.084682283997896,0.171638805737026,0.82836094339995,2.50863023893729e-07,0.0368096951942041,0.0930691344776341,0.0465345672388171,0.133491088977948,0.866505136184831,3.77483722166294e-06,0.0353236899967182,0.0869565217391305,0.0434782608695652,0.13,0.87,0,0.0350527755972068,0.0869547697680476,0.0434773848840238,0.129318826094118,0.87068029792034,8.75985541453468e-07,22,1,21,0,31,6,25,0,16,1,15,0,30,5,25,0,22,1,21,0,23,7,16,0,27,0,27,0,29,5,24,0
21,1,0.0434782608695652,0.91304347826087,0.0434782608695652,0.0197823959697886,0.0499543376565608,0.0249771688282804,0.0668810820161089,0.888066309432589,0.045052608551302,0.00548437708687855,0.015122698846316,0.00756134942315802,0.0411932747025365,0.90776711500474,0.0510396102927232,0.0108358865804556,0.029612897385691,0.0148064486928456,0.0582847095624108,0.902219513525825,0.0394957769117638,0.0238305713157545,0.0660489427417438,0.0330244713708719,0.0765027322404372,0.890710382513661,0.0327868852459016,0.0178382578142456,0.0451235360656146,0.0225617680328073,0.0645330965022082,0.890481710228062,0.0449851932697295,28,3,25,0,29,0,27,2,13,1,12,0,20,9,11,0,17,0,17,0,30,1,27,2,24,0,24,0,22,0,20,2
21,2,0.0434782608695652,0.91304347826087,0.0434782608695652,0.00139577347550031,0.0039470634535972,0.00197353172679863,0.0454517925963638,0.912090694522989,0.0424575128806468,0.0067190015724221,0.0186719792762973,0.00933598963814863,0.0466142810470081,0.903707488622721,0.049678230330271,0.00447125325686617,0.0121184853207747,0.00605924266038738,0.048073877831126,0.906984235600482,0.0449418865683917,0.0031580569188813,0.00828157349896476,0.0041407867494824,0.0476190476190476,0.90952380952381,0.0428571428571429,0.00196251817838447,0.00532603458432288,0.00266301729216147,0.0461412781617267,0.911034865060845,0.042823856777428,30,0,30,0,30,0,25,5,19,1,17,1,27,4,23,0,22,0,22,0,30,4,26,0,23,0,21,2,29,1,27,1
21,3,0.0434782608695652,0.91304347826087,0.0434782608695652,0.0335751785889074,0.0949023885100635,0.0474511942550317,0.0182603337705057,0.890810211104897,0.090929455124597,0.06723108853023,0.182559878056017,0.0912799390280085,0.0208819118549903,0.844359888247436,0.134758199897574,0.0326685264007681,0.0923515531769634,0.0461757765884817,0.0190876185177621,0.891258344024191,0.0896540374580469,0.0349236509023363,0.0968272620446533,0.0484136310223267,0.0108108108108108,0.897297297297297,0.0918918918918919,0.0304599268359495,0.0854167727921434,0.0427083863960717,0.0172551855760203,0.896558167158343,0.086186647265637,23,0,22,1,24,0,17,7,17,1,13,3,26,0,26,0,22,0,21,1,20,0,16,4,23,1,21,1,30,0,30,0
21,4,0.0434782608695652,0.91304347826087,0.0434782608695652,0.0273322243798536,0.0740865068763238,0.0370432534381619,0.0345182117066763,0.950086731699031,0.0153950565942923,0.0386820179655192,0.108687625793503,0.0543438128967516,0.0978220737663168,0.880439236153749,0.0217386900799342,0.0275998358994777,0.0751077600421356,0.0375538800210677,0.0339157651743213,0.950597358281937,0.0154868765437413,0.0303310862847194,0.0782608695652175,0.0391304347826088,0.0391304347826087,0.952173913043478,0.00869565217391304,0.0282873719339261,0.0771347544755193,0.0385673772377597,0.0333968098124232,0.951610855498629,0.0149923346889476,26,0,26,0,23,0,23,0,34,2,31,1,25,5,19,1,28,2,26,0,41,0,41,0,25,0,25,0,28,0,28,0
21,5,0.0434782608695652,0.91304347826087,0.0434782608695652,0.0588059392899163,0.165059442708429,0.0825297213542147,0.0758638443491336,0.830513756906655,0.0936223987442117,0.0932814493961432,0.254699587279614,0.127349793639807,0.0773426604260582,0.785693684621063,0.136963654952879,0.0458503359534398,0.128134059325064,0.064067029662532,0.0668548857725645,0.848976448598338,0.0841686656290981,0.059667168788718,0.168679549114332,0.0843397745571658,0.0833333333333333,0.828703703703704,0.087962962962963,0.055069401115257,0.153975665763945,0.0769878328819722,0.0717931007368763,0.836055645378897,0.0921512538842265,26,4,21,1,28,0,24,4,29,6,23,0,25,0,25,0,30,2,22,6,20,6,14,0,38,0,35,3,20,0,15,5
22,1,0.869565217391304,0.0434782608695652,0.0869565217391304,0.0378808873668382,0.102625786232992,0.0513128931164961,0.818252324274808,0.0558049403045697,0.125942735420622,0.0576005091116679,0.15640339809699,0.0782016990484948,0.791363518342809,0.0628281946091843,0.145808287048006,0.0514681059831751,0.143570907099626,0.0717854535498129,0.797779763841491,0.0689505560685365,0.133269680089972,0.0388537713121861,0.101921132457027,0.0509605662285136,0.818604651162791,0.0511627906976744,0.130232558139535,0.0385283367980868,0.103768122227302,0.0518840611136508,0.817681156277653,0.0550091063118202,0.127309737410526,34,30,2,2,36,23,3,10,15,12,1,2,32,32,0,0,22,19,0,3,18,15,1,2,27,19,2,6,31,26,2,3
22,2,0.869565217391304,0.0434782608695652,0.0869565217391304,0.0327502123957528,0.0880441419120397,0.0440220709560198,0.835087924675946,0.0875003318255851,0.077411743498469,0.0541010361004756,0.13797481530544,0.0689874076527202,0.800577809738584,0.106623951533412,0.092798238728004,0.0272495551727152,0.0748694287563493,0.0374347143781746,0.842923908837233,0.0809129752477399,0.0761631159150273,0.0327689554926634,0.0852922820886207,0.0426461410443104,0.832535885167464,0.0861244019138756,0.0813397129186603,0.0319388799516392,0.0836768128333104,0.0418384064166552,0.833904952815697,0.0853166672862204,0.0807783798980829,29,28,0,1,25,23,2,0,29,29,0,0,22,19,2,1,20,14,6,0,21,17,2,2,33,20,6,7,30,24,0,6
22,3,0.869565217391304,0.0434782608695652,0.0869565217391304,0.0155373031335159,0.0433372854452227,0.0216686427226113,0.883556138967083,0.0218096181469539,0.0946342428859628,0.0235507621871456,0.0663494595319875,0.0331747297659938,0.902739947157298,0.0243344183105075,0.0729256345321945,0.0208034967173237,0.058634490069284,0.029317245034642,0.85277291936313,0.0309533138630977,0.116273766773772,0.0155664546413212,0.0439457690509584,0.0219728845254792,0.881720430107527,0.021505376344086,0.0967741935483871,0.0154557657102697,0.0436121324667831,0.0218060662333916,0.881769268226876,0.0216721946361737,0.0965585371369508,19,18,0,1,17,15,1,1,31,27,2,2,34,26,0,8,18,17,0,1,26,24,0,2,15,14,0,1,26,23,1,2
22,4,0.869565217391304,0.0434782608695652,0.0869565217391304,0.0311678524564081,0.084076802950068,0.042038401475034,0.837068554339123,0.0339365224467122,0.128994923214164,0.0334233239428604,0.0853701148488916,0.0426850574244458,0.830639535389984,0.0397188854464398,0.129641579163576,0.0427171426018149,0.110126273802195,0.0550631369010976,0.820512272961187,0.0374680683985845,0.142019658640228,0.0309147758990901,0.0786122090469916,0.0393061045234958,0.833333333333333,0.0404040404040404,0.126262626262626,0.0325530911086186,0.0870126656575634,0.0435063328287817,0.83477537717059,0.0347617682614983,0.130462854567912,27,26,0,1,27,21,0,6,20,18,0,2,31,24,4,3,20,16,1,3,20,18,0,2,23,19,3,1,30,23,0,7
22,5,0.869565217391304,0.0434782608695652,0.0869565217391304,0.0284628957688596,0.0802422959918357,0.0401211479959179,0.846689547313157,0.0835994088654831,0.0697110438213596,0.0252940411485961,0.0689677766982866,0.0344838883491433,0.844087445408724,0.0779621492187085,0.0779504053725678,0.0278559111627084,0.0786396874781989,0.0393198437390995,0.847810039855575,0.0827981046086647,0.0693918555357598,0.0230456769471035,0.0599860497558707,0.0299930248779353,0.839572192513369,0.0695187165775401,0.0909090909090909,0.0309640959481883,0.0866953333309024,0.0433476666654512,0.842515725696237,0.0868259275350164,0.0706583467687468,22,14,0,8,19,17,1,1,22,20,2,0,29,21,2,6,24,24,0,0,21,20,1,0,30,24,6,0,20,17,1,2
23,1,0.826086956521739,0.0869565217391304,0.0869565217391304,0.07103912122413,0.19200207864101,0.096001039320505,0.752441058067597,0.0646013808727678,0.182957561059635,0.106957707241852,0.286976949056579,0.143488474528289,0.68259848199345,0.117249342069605,0.200152175936946,0.0703719539227698,0.191706269778878,0.0958531348894389,0.754977415858234,0.0622129275131965,0.182809656628569,0.0727847162924748,0.192899183595975,0.0964495917979875,0.746724890829694,0.0698689956331878,0.183406113537118,0.0732541038032656,0.198207009101822,0.0991035045509112,0.750398694813594,0.0635412788963646,0.186060026290042,36,32,0,4,26,21,3,2,31,22,0,9,30,18,0,12,23,14,4,5,33,20,5,8,30,25,4,1,20,19,0,1
23,2,0.826086956521739,0.0869565217391304,0.0869565217391304,0.0189689100957714,0.0486596069448484,0.0243298034724242,0.848038319445587,0.0626267182667063,0.089334962287707,0.038314417325783,0.102360696113727,0.0511803480568637,0.867085597122322,0.0357761736822667,0.0971382291954108,0.0148767880872485,0.0420408142862291,0.0210204071431146,0.837362077306216,0.0659361145960159,0.096701808097768,0.0120355191651668,0.0314419061655613,0.0157209530827807,0.84180790960452,0.0847457627118644,0.0734463276836158,0.0166844602496137,0.0442658679627986,0.0221329339813994,0.844235566250528,0.0648235877577311,0.0909408459917407,22,16,6,0,15,14,0,1,27,19,7,1,25,21,1,3,24,23,0,1,27,24,0,3,16,15,0,1,21,17,1,3
23,3,0.826086956521739,0.0869565217391304,0.0869565217391304,0.00310452031552775,0.00859400122654065,0.0042970006132703,0.82901578296625,0.0883246959078895,0.0826595211258601,0.0560958003676764,0.155173815078945,0.0775869075394727,0.748500048982266,0.140078690112113,0.11142126090562,0.0132978313530006,0.0358081189144792,0.0179040594572396,0.8081828970645,0.100891720063432,0.0909253828720685,0.00408007508032887,0.0112336176409403,0.00561680882047015,0.827751196172249,0.0909090909090909,0.0813397129186603,0.00357519436368232,0.00878103448294307,0.00439051724147155,0.8260632275166,0.091347038980602,0.0825897335027977,22,20,1,1,31,29,1,1,20,18,1,1,25,23,1,1,33,21,7,5,21,15,1,5,29,20,6,3,28,27,1,0
23,4,0.826086956521739,0.0869565217391304,0.0869565217391304,0.0191983608618344,0.0492277505241319,0.0246138752620659,0.801473081259673,0.109187342083568,0.0893395766567585,0.0371212036739296,0.0985360732160658,0.0492680366080329,0.776818919913706,0.12728993716196,0.095891142924334,0.0232180822796248,0.0628327957903698,0.0314163978951849,0.794670558626554,0.110933727554764,0.0943957138186819,0.0215972783074657,0.0541346973572037,0.0270673486786018,0.799019607843137,0.0882352941176471,0.112745098039216,0.020179653343357,0.054861526828724,0.027430763414362,0.798656193107377,0.107490446360018,0.0938533605326046,26,25,1,0,27,20,3,4,23,22,1,0,30,24,3,3,17,12,4,1,22,20,2,0,30,24,3,3,29,16,1,12
23,5,0.826086956521739,0.0869565217391304,0.0869565217391304,0.0463357850185089,0.129932693992667,0.0649663469963333,0.891053303518072,0.0618920933091151,0.0470546031728125,0.0175023462654238,0.0458426319881659,0.0229213159940829,0.845638235138779,0.0903265591161737,0.0640352057450475,0.0278797277303472,0.078792226748201,0.0393961133741005,0.86548306989584,0.068629054610884,0.0658878754932764,0.0464713243845051,0.130209506645641,0.0651047533228204,0.89119170984456,0.0621761658031088,0.0466321243523316,0.0464115235746595,0.130126673368756,0.0650633366843779,0.891150293206117,0.0619159110928365,0.0469337957010465,19,19,0,0,32,30,1,1,20,17,2,1,19,17,0,2,26,22,2,2,23,19,3,1,28,28,0,0,26,20,4,2
24,1,0.782608695652174,0.130434782608696,0.0869565217391304,0.0035658516141728,0.00884061609607724,0.00442030804803861,0.778188387604135,0.134746984246777,0.0870646281490882,0.0202545455955133,0.0542493126084293,0.0271246563042146,0.777018800704852,0.15755943891291,0.0654217603822378,0.0150122921538804,0.0423925186217607,0.0211962593108803,0.761412436341294,0.139987772565518,0.0985997910931886,0.00294750656832686,0.00742844658072975,0.00371422329036486,0.778894472361809,0.130653266331658,0.0904522613065327,0.00181404406399007,0.00511323789672145,0.00255661894836068,0.780052076703813,0.131897234592386,0.0880506887038008,21,15,5,1,17,13,3,1,27,22,3,2,31,24,6,1,27,22,3,2,18,14,4,0,27,17,2,8,31,28,0,3
24,2,0.782608695652174,0.130434782608696,0.0869565217391304,0.0111621211590931,0.0310261347138011,0.0155130673569006,0.792894652000051,0.114921715251795,0.0921836327481541,0.0172548545400069,0.0454474819624871,0.0227237409812435,0.77894868887485,0.153158523589939,0.067892787535211,0.00843951962381374,0.0235900219882119,0.011795010994106,0.79008624037589,0.11863977161459,0.0912739880095199,0.0120094713958029,0.0322981366459626,0.0161490683229814,0.795238095238095,0.114285714285714,0.0904761904761905,0.0117818064288447,0.0297046661574839,0.014852333078742,0.796574938313329,0.115582449529954,0.0878426121567174,35,29,5,1,24,22,2,0,27,24,2,1,29,27,1,1,28,20,1,7,27,17,7,3,16,11,0,5,24,17,6,1
24,3,0.782608695652174,0.130434782608696,0.0869565217391304,0.047270645185287,0.128901932315536,0.0644509661577678,0.847059661809942,0.0828364154364593,0.0701039227535989,0.0249380039599717,0.067841581850681,0.0339207909253405,0.816529486577514,0.105114302247482,0.0783562111750032,0.0401566018529623,0.11060510237048,0.0553025511852402,0.837911246837414,0.0916009365213762,0.0704878166412097,0.0506918062278968,0.136140074759001,0.0680700373795002,0.850678733031674,0.0769230769230769,0.0723981900452489,0.0488989384406687,0.134786717594455,0.0673933587972273,0.850002054449401,0.083311984505944,0.0666859610446547,32,29,1,2,33,25,6,2,27,21,3,3,33,28,2,3,22,20,2,0,18,11,1,6,27,27,0,0,29,27,2,0
24,4,0.782608695652174,0.130434782608696,0.0869565217391304,0.0398300366651561,0.0991825246365799,0.0495912623182899,0.780946973747205,0.180026044926986,0.0390269813258098,0.0597421749719936,0.163800462730333,0.0819002313651666,0.759629536603159,0.212335013973862,0.0280354494229791,0.0403790966150153,0.104755677258976,0.052377838629488,0.776120758052679,0.182812621238184,0.0410666207091369,0.0355956910013204,0.0976210008203446,0.0488105004101723,0.768867924528302,0.179245283018868,0.0518867924528302,0.040731060199649,0.106882497883401,0.0534412489417006,0.774504020825232,0.183876031550396,0.0416199476243717,22,16,5,1,28,21,7,0,29,20,9,0,20,20,0,0,23,19,4,0,33,21,7,5,28,23,5,0,29,23,1,5
24,5,0.782608695652174,0.130434782608696,0.0869565217391304,0.00878060046054715,0.0246871551840299,0.012343577592015,0.787607673361915,0.13777938249097,0.0746129441471154,0.0246620293681336,0.0694666969021639,0.034733348451082,0.80271752557421,0.145059301137742,0.0522231732880484,0.0240693067778532,0.060344626238883,0.0301723131194415,0.812781008771615,0.128994905172472,0.0582240860559124,0.0240683080309367,0.0640035312293092,0.0320017656146546,0.776649746192893,0.16243654822335,0.0609137055837563,0.00856663001812533,0.0240024606757128,0.0120012303378564,0.787174536419164,0.137870172179562,0.074955291401274,19,16,0,3,29,23,0,6,25,20,5,0,30,28,2,0,27,12,15,0,23,21,0,2,20,14,6,0,24,19,4,1
25,1,0.739130434782609,0.173913043478261,0.0869565217391304,0.0537912098268663,0.14739057005458,0.0736952850272899,0.812825719809899,0.120725416095687,0.066448864094414,0.0393811224400447,0.110897915789535,0.0554489578947673,0.794579392677376,0.141675360763604,0.0637452465590205,0.0414055529104288,0.112115591136571,0.0560577955682854,0.795188230350894,0.131229031066599,0.0735827385825066,0.0537124661247243,0.146739130434783,0.0733695652173914,0.8125,0.120192307692308,0.0673076923076923,0.053999876846432,0.148522350411431,0.0742611752057155,0.813391609988324,0.121357202491933,0.0652511875197431,34,28,6,0,27,22,1,4,26,21,4,1,26,21,4,1,22,18,0,4,25,23,2,0,22,15,4,3,26,21,4,1
25,2,0.739130434782609,0.173913043478261,0.0869565217391304,0.0261203373051997,0.0658903493060785,0.0329451746530393,0.737127458083769,0.142970845524061,0.11990169639217,0.0279784561713062,0.0766987631531506,0.0383493815765753,0.728392847414051,0.146301249270243,0.125305903315706,0.0306653637533052,0.0867235073945052,0.0433617536972526,0.718054155658,0.151627568905617,0.130318275436383,0.0264449698331678,0.0660869565217391,0.0330434782608696,0.737777777777778,0.142222222222222,0.12,0.0264611155963946,0.065691770460869,0.0328458852304345,0.738236395073923,0.141961197956512,0.119802406969565,25,22,1,2,33,26,5,2,26,16,8,2,30,22,3,5,25,16,3,6,31,22,2,7,24,16,6,2,31,26,4,1
25,3,0.739130434782609,0.173913043478261,0.0869565217391304,0.0282472113656222,0.0693665610187924,0.0346832805093962,0.704447154273212,0.208420346106754,0.0871324996200339,0.0234192088051975,0.0660680256121194,0.0330340128060597,0.724676074747469,0.206947056284321,0.0683768689682102,0.0347152916755135,0.090074824876839,0.0450374124384195,0.694093022344189,0.213356607889276,0.0925503697665344,0.0322684214564331,0.088787185354691,0.0443935926773454,0.694736842105263,0.205263157894737,0.1,0.0333700952648454,0.0859241284934107,0.0429620642467053,0.696168370535903,0.212306812332366,0.0915248171317303,27,21,4,2,18,12,5,1,27,18,9,0,23,18,4,1,28,14,3,11,22,21,1,0,17,14,2,1,28,14,11,3
25,4,0.739130434782609,0.173913043478261,0.0869565217391304,0.056189930826971,0.158920582058344,0.0794602910291721,0.818590725811781,0.134896411578923,0.0465128626092967,0.0767854752375975,0.213904484844563,0.106952242422281,0.84608267720489,0.104160338109819,0.0497569846852913,0.0435604664359596,0.123184624722551,0.0615923123612757,0.800722747143884,0.142086524414544,0.0571907284415714,0.0553518630722382,0.15614773258532,0.0780738662926602,0.817204301075269,0.139784946236559,0.043010752688172,0.0554468406541232,0.156785692983303,0.0783928464916513,0.81752328127426,0.136281683166597,0.0461950355591433,31,28,1,2,26,22,4,0,16,15,0,1,29,21,8,0,20,17,2,1,22,17,5,0,22,14,5,3,20,18,1,1
25,5,0.739130434782609,0.173913043478261,0.0869565217391304,0.037199744792965,0.105060378308205,0.0525301891541024,0.767878660360686,0.121382854324158,0.110738485315156,0.0295692808441661,0.081791376668789,0.0408956883343945,0.726243712304936,0.145904077621539,0.127852210073525,0.0385288147713471,0.10868470759083,0.0543423537954148,0.769749189019207,0.119570689682846,0.110680121297947,0.0341454947890378,0.0965698055494866,0.0482849027747433,0.763819095477387,0.125628140703518,0.110552763819095,0.0356063154957686,0.100206093903419,0.0501030469517093,0.759825575654464,0.123809996526552,0.116364427818985,32,29,1,2,14,11,3,0,23,18,3,2,21,20,0,1,27,27,0,0,21,16,2,3,30,14,6,10,31,17,10,4
26,1,0.695652173913043,0.217391304347826,0.0869565217391304,0.0229430529876082,0.0562110501715067,0.0281055250857533,0.695639892677047,0.245496829433579,0.0588632778893732,0.120429850228838,0.305279120943965,0.152639560471982,0.553903832074336,0.370030864819809,0.0760653031058551,0.0258468267364427,0.0705844462447582,0.0352922231223791,0.705056203284295,0.243279498098954,0.0516642986167513,0.0330298810332203,0.0811295383236217,0.0405647691618108,0.695876288659794,0.257731958762887,0.0463917525773196,0.0220558548638511,0.0540377669844806,0.0270188834922403,0.695664354759727,0.244398006993383,0.0599376382468901,23,11,11,1,27,26,1,0,28,16,9,3,28,12,12,4,12,9,3,0,27,27,0,0,18,12,5,1,31,22,9,0
26,2,0.695652173913043,0.217391304347826,0.0869565217391304,0.0432557258523101,0.115234456658173,0.0576172283290864,0.742259045808914,0.15977407601874,0.0979668781723466,0.00740916652805057,0.0182227989832959,0.00911139949164799,0.686615355731128,0.226502703839474,0.0868819404293975,0.0347339890959631,0.0952894657994878,0.0476447328997439,0.729826330930821,0.169746571448082,0.100427097621097,0.0362721251161852,0.0925366193908393,0.0462683096954197,0.737967914438503,0.171122994652406,0.0909090909090909,0.0388809471645638,0.101121142532553,0.0505605712662763,0.739649124674918,0.16683073308155,0.0935201422435325,23,21,2,0,21,15,2,4,20,12,3,5,24,22,1,1,30,22,7,1,15,12,0,3,30,18,10,2,24,16,7,1
26,3,0.695652173913043,0.217391304347826,0.0869565217391304,0.0726743272322378,0.184447325075812,0.0922236625379058,0.781050565340127,0.12516764180992,0.0937817928499526,0.0578772079378239,0.156550515000332,0.0782752575001658,0.755511647307829,0.13911604684766,0.10537230584451,0.0603240035677083,0.158274869898232,0.079137434949116,0.762814874462018,0.13825386939871,0.0989312561392723,0.0752714043641001,0.191539365452409,0.0957696827262045,0.783783783783784,0.121621621621622,0.0945945945945946,0.0739852325092687,0.18588451665135,0.0929422583256752,0.783740900401633,0.124449046022151,0.0918100535762165,28,21,6,1,28,21,5,2,23,17,1,5,33,27,4,2,35,33,2,0,23,20,2,1,28,20,3,5,24,15,4,5
26,4,0.695652173913043,0.217391304347826,0.0869565217391304,0.0573849937354158,0.159498994475496,0.079749497237748,0.775401671150792,0.164494669277083,0.060103659572126,0.0858145706666355,0.239894013056125,0.119947006528062,0.815599180441106,0.141425692818585,0.0429751267403087,0.059790860178023,0.166943640423886,0.083471820211943,0.779123994124986,0.163960871416162,0.0569151344588515,0.0556666909764569,0.157413600891862,0.0787068004459309,0.774358974358974,0.179487179487179,0.0461538461538462,0.0580389611748498,0.161578339085987,0.0807891695429938,0.776441343456037,0.164442274753931,0.0591163817900317,23,19,4,0,24,21,2,1,25,21,0,4,20,10,8,2,19,18,0,1,33,28,4,1,29,18,11,0,22,16,6,0
26,5,0.695652173913043,0.217391304347826,0.0869565217391304,0.0403976083256278,0.113225248865751,0.0566126244328754,0.639039549480168,0.252346541572331,0.108613908947501,0.0663206286367984,0.187497613058497,0.0937488065292483,0.601903367383795,0.261814252957281,0.136282379658924,0.0471101141089019,0.132992932015736,0.066496466007868,0.629155707905175,0.254204545539547,0.116639746555278,0.0385004844816711,0.108793137063755,0.0543965685318776,0.641255605381166,0.246636771300448,0.112107623318386,0.0398676702855196,0.112406823731421,0.0562034118657103,0.639448762047333,0.249369744986893,0.111181492965774,21,10,10,1,27,12,10,5,27,23,4,0,24,19,4,1,30,18,9,3,32,16,8,8,30,23,5,2,32,22,5,5
27,1,0.652173913043478,0.260869565217391,0.0869565217391304,0.0797928109296018,0.213661748208256,0.106830874104128,0.737064932182006,0.154038691113263,0.10889637670473,0.078351147921747,0.202151842207918,0.101075921103959,0.742032316125049,0.159793644113432,0.0981740397615186,0.0703073905299105,0.192796751659177,0.0963983758295883,0.7214730677296,0.164471189387803,0.114055742882597,0.0804946424258175,0.218421594889759,0.109210797444879,0.734597156398104,0.151658767772512,0.113744075829384,0.0781400367420856,0.209347994705643,0.104673997352821,0.735191748111974,0.15619556786457,0.108612684023456,25,21,2,2,24,14,2,8,28,25,1,2,17,14,3,0,30,17,7,6,28,20,4,4,26,20,5,1,33,24,8,1
27,2,0.652173913043478,0.260869565217391,0.0869565217391304,0.0246677212280642,0.0669759617100632,0.0334879808550316,0.68566189389851,0.235660289232494,0.0786778168689963,0.0459893907143297,0.129180172206652,0.0645900861033262,0.587583826940152,0.299769657117215,0.112646515942632,0.0178164506433263,0.0456167489022179,0.0228083744511089,0.674982287494587,0.240193247089901,0.0848244654155114,0.0225077124227323,0.0583972719522592,0.0291986359761296,0.681372549019608,0.235294117647059,0.0833333333333333,0.0210046143120711,0.0552502364127619,0.0276251182063809,0.679799031249859,0.237600243102424,0.0826007256477164,31,18,7,6,22,19,3,0,23,14,6,3,20,11,8,1,22,19,3,0,35,22,9,4,27,13,11,3,24,23,1,0
27,3,0.652173913043478,0.260869565217391,0.0869565217391304,0.0130226968992495,0.0346785026639775,0.0173392513319888,0.648880040741356,0.27820881654938,0.0729111427092642,0.0317833936001808,0.0893955942567502,0.0446977971283751,0.607476115915103,0.28732411379333,0.105199770291567,0.0141025908798557,0.0397806907932781,0.0198903453966391,0.640961765882637,0.28075991061403,0.0782783235033329,0.011900815391639,0.0312562612702866,0.0156281306351433,0.649769585253456,0.276497695852535,0.0737327188940092,0.0127305862679237,0.0328642242402032,0.0164321121201016,0.650328964308051,0.277301677337493,0.0723693583544557,27,15,7,5,31,16,15,0,24,13,9,2,28,23,4,1,26,15,6,5,24,14,9,1,24,19,5,0,33,26,5,2
27,4,0.652173913043478,0.260869565217391,0.0869565217391304,0.0646439050085997,0.174996999885715,0.0874984999428575,0.718863543634104,0.173371065274534,0.107765391091362,0.0745825416996998,0.190436114112965,0.0952180570564825,0.739076382466766,0.165651508160909,0.095272109372325,0.0636969840149547,0.171587847100639,0.0857939235503193,0.718851343070621,0.175075641667072,0.106073015262307,0.0688037393999435,0.186810900769711,0.0934054503848554,0.722488038277512,0.167464114832536,0.110047846889952,0.0665686146124307,0.177239016235778,0.088619508117889,0.723997441158976,0.172250057099502,0.103752501741522,28,22,0,6,28,22,4,2,20,14,2,4,31,24,7,0,29,21,6,2,28,22,4,2,22,9,6,7,23,17,6,0
27,5,0.652173913043478,0.260869565217391,0.0869565217391304,0.0137204684942561,0.0376869062779529,0.0188434531389765,0.638743434934893,0.255456590187,0.105799974878107,0.0550544679236512,0.137300146124382,0.068650073062191,0.586039015479184,0.258354389719494,0.155606594801321,0.016826937814143,0.042540469088227,0.0212702345441135,0.632297497370744,0.259475746346012,0.108226756283244,0.017349703078404,0.0483091787439613,0.0241545893719807,0.636363636363636,0.252525252525253,0.111111111111111,0.0142326296567571,0.038311309040867,0.0191556545204335,0.637243768963421,0.256644054777015,0.106112176259564,32,22,10,0,21,17,3,1,23,12,7,4,20,18,2,0,30,20,6,4,25,16,3,6,25,11,8,6,22,10,11,1
28,1,0.608695652173913,0.304347826086957,0.0869565217391304,0.1021360370147,0.288839114635468,0.144419557317734,0.464276094856179,0.374344307722291,0.16137959742153,0.0638772097925876,0.178389377892466,0.0891946889462329,0.51950096322768,0.361341843265599,0.11915719350672,0.0979872864095359,0.276670497619326,0.138335248809663,0.47036040336425,0.380571061693737,0.149068534942013,0.102873291353911,0.290307971014493,0.145153985507246,0.463541666666667,0.385416666666667,0.151041666666667,0.101760093315273,0.287794574845878,0.143897287422939,0.464798364750974,0.377985520283033,0.157216114965993,25,5,19,1,24,6,16,2,27,20,6,1,20,14,4,2,25,15,8,2,21,6,5,10,24,12,3,9,26,11,13,2
28,2,0.608695652173913,0.304347826086957,0.0869565217391304,0.0282888628798123,0.076623033909221,0.0383115169546105,0.617873415059584,0.333481580155896,0.0486450047845199,0.0779700920921116,0.220013601486744,0.110006800743372,0.547143913544732,0.414354626830329,0.0385014596249398,0.034234260921382,0.0863069225703326,0.0431534612851663,0.611264199957997,0.344932739588039,0.0438030604539641,0.0416130109328372,0.107461553066262,0.0537307765331308,0.602620087336245,0.358078602620087,0.0393013100436681,0.0319798887886896,0.0799687835649445,0.0399843917824722,0.607006631983761,0.344332217869429,0.04866115014681,21,16,3,2,22,11,11,0,32,16,16,0,39,15,23,1,28,26,2,0,22,13,9,0,35,19,14,2,30,22,4,4
28,3,0.608695652173913,0.304347826086957,0.0869565217391304,0.0129499781453168,0.0365958490682052,0.0182979245341026,0.617179505987787,0.286049901552854,0.096770592459359,0.0523359208854187,0.14789452431723,0.0739472621586152,0.534748390015298,0.338596620139765,0.126654989844937,0.0119754802121123,0.0338619434941771,0.0169309717470886,0.617514459771251,0.287416854339868,0.0950686858888811,0.0112146983444167,0.0313760645450471,0.0156880322725236,0.618556701030928,0.288659793814433,0.0927835051546392,0.0126077603335186,0.0351525053267627,0.0175762526633814,0.620079917499553,0.286771573423575,0.0931485090768721,23,11,9,3,25,18,2,5,27,20,6,1,20,8,8,4,21,12,5,4,24,12,11,1,23,21,2,0,31,18,13,0
28,4,0.608695652173913,0.304347826086957,0.0869565217391304,0.0205389038239059,0.056501571236277,0.0282507856181385,0.580444866555775,0.324320413898757,0.0952347195454682,0.0617583818337751,0.164245202636193,0.0821226013180965,0.541884490259874,0.289036386682899,0.169079123057227,0.0165764332433105,0.0463879538507914,0.0231939769253957,0.585501675248517,0.318893845643599,0.0956044791078833,0.0162909415818985,0.0456741326306544,0.0228370663153272,0.585858585858586,0.313131313131313,0.101010101010101,0.015931531752959,0.0445078680786314,0.0222539340393157,0.586441718134597,0.318523132133634,0.0950351497317689,31,25,5,1,26,12,8,6,26,16,5,5,21,7,13,1,25,12,13,0,23,17,6,0,23,10,7,6,23,17,5,1
28,5,0.608695652173913,0.304347826086957,0.0869565217391304,0.085775088232927,0.227934843758022,0.113967421879011,0.722663074052924,0.21138330491841,0.0659536210286655,0.0906942086232744,0.233759701203541,0.11687985060177,0.725575502775683,0.200164216968697,0.0742602802556196,0.0789759451314069,0.206355374405522,0.103177687202761,0.711873339376674,0.215724221628843,0.0724024389944823,0.0888190189357215,0.234531772575251,0.117265886287625,0.725961538461538,0.206730769230769,0.0673076923076923,0.0889142496810851,0.235503285213701,0.11775164260685,0.726447294780763,0.207268226278429,0.066284478940808,18,9,7,2,20,12,8,0,30,25,2,3,28,19,4,5,25,20,5,0,25,19,4,2,24,19,5,0,38,28,8,2
29,1,0.565217391304348,0.347826086956522,0.0869565217391304,0.0398161393644991,0.0990695185618487,0.0495347592809244,0.517261261200019,0.397360846237446,0.085377892562535,0.0562717785197792,0.152226740339119,0.0761133701695594,0.507040175716066,0.423939457126081,0.0690203671578526,0.0302200228071551,0.082922803531862,0.041461401765931,0.535509564467019,0.389287488722453,0.0752029468105281,0.0246921973441635,0.0667240637107188,0.0333620318553595,0.53960396039604,0.381188118811881,0.0792079207920792,0.0333607670204154,0.085604035134883,0.0428020175674416,0.526629130459783,0.390628104523963,0.0827427650162535,35,16,16,3,19,11,8,0,29,25,4,0,21,3,16,2,21,5,8,8,22,12,9,1,32,18,12,2,23,19,4,0
29,2,0.565217391304348,0.347826086956522,0.0869565217391304,0.0191864842575337,0.0517414611303387,0.0258707305651693,0.539346660739178,0.353675498367877,0.106977840892945,0.0318411446351661,0.0800045458616285,0.0400022729308143,0.605219664235162,0.309918209922468,0.0848621258423704,0.0281439250806097,0.0784926833586595,0.0392463416793297,0.525971049625018,0.361712161230289,0.112316789144693,0.0246220539519211,0.0682338256708966,0.0341169128354483,0.5311004784689,0.358851674641148,0.110047846889952,0.0248741655693181,0.0698354733087381,0.034917736654369,0.530299654649979,0.361590375557015,0.108109969793006,28,11,7,10,27,19,7,1,30,20,8,2,32,11,18,3,29,18,11,0,13,10,2,1,29,10,15,4,21,12,7,2
29,3,0.565217391304348,0.347826086956522,0.0869565217391304,0.0866444730340297,0.226554329419639,0.11327716470982,0.451940226594528,0.444925885648751,0.103133887756721,0.0673224398751342,0.172701136620187,0.0863505683100938,0.487312424160473,0.339380485790303,0.173307090049224,0.0799295326592505,0.211904312511026,0.105952156255513,0.459265235048835,0.43491522307231,0.105819541878855,0.0836558928187356,0.224357434542397,0.112178717271199,0.453038674033149,0.43646408839779,0.110497237569061,0.0799822213206014,0.212303282118804,0.106151641059402,0.459065750244946,0.434733925108047,0.106200324647007,23,12,8,3,26,15,11,0,28,13,7,8,16,5,10,1,23,16,6,1,23,11,6,6,25,6,19,0,17,4,12,1
29,4,0.565217391304348,0.347826086956522,0.0869565217391304,0.0591976599884933,0.158662052993249,0.0793310264966247,0.502389719296244,0.427157113453146,0.0704531672506092,0.0924474161261023,0.252780861840211,0.126390430920105,0.473058727302009,0.474216517876627,0.0527247548213637,0.0590534189499809,0.164389436370981,0.0821947181854905,0.511314538807254,0.430020805142012,0.0586646560507334,0.0699052829766952,0.182654704393835,0.0913273521969174,0.486772486772487,0.439153439153439,0.0740740740740741,0.0521032255362551,0.14236784564893,0.071183922824465,0.513140405918421,0.419010009780987,0.0678495843005919,22,13,0,9,25,10,13,2,30,20,9,1,17,4,13,0,27,12,15,0,27,16,11,0,21,9,10,2,20,8,12,0
29,5,0.565217391304348,0.347826086956522,0.0869565217391304,0.325361509807943,0.869565212054676,0.434782606027338,0.999999997331686,2.46638401034319e-09,2.01930329621167e-10,0.0579656123110034,0.163916042109669,0.0819580210548347,0.522761761507865,0.429784108011356,0.0474541304807789,0.0261856708317683,0.0735518798218608,0.0367759399109304,0.550595283549669,0.384602026867452,0.0648026895828788,0.0298106076756533,0.0826729492396659,0.041336474619833,0.551724137931034,0.389162561576355,0.0591133004926108,0.0281700677141942,0.0769437116457084,0.0384718558228542,0.554940609819482,0.386297942779376,0.0587614474011421,22,10,12,0,28,13,13,2,32,22,5,5,21,13,8,0,23,9,13,1,24,16,5,3,26,15,10,1,27,14,13,0
30,1,0.521739130434783,0.391304347826087,0.0869565217391304,0.0330277458701027,0.0887577285725943,0.0443788642862971,0.477360266148485,0.426108664010873,0.0965310698406419,0.0624180253453712,0.15755395704285,0.0787769785214251,0.442962151913357,0.465184221131214,0.0918536269554285,0.0344791810282275,0.0928535690026774,0.0464267845013387,0.475312345933444,0.427426502496741,0.097261151569815,0.0317410898661479,0.0893498205025927,0.0446749102512963,0.477064220183486,0.41743119266055,0.105504587155963,0.0336090038996558,0.0897141851826301,0.044857092591315,0.476882037843468,0.427342767298276,0.0957751948582568,26,13,12,1,24,5,10,9,31,17,9,5,27,11,12,4,21,15,6,0,27,13,13,1,31,20,11,0,31,10,18,3
30,2,0.521739130434783,0.391304347826087,0.0869565217391304,0.0475657391345811,0.129746688822844,0.0648733444114221,0.569581522285687,0.326431003414665,0.103987474299648,0.111757424242968,0.279941623973859,0.139970811986929,0.655291128706927,0.251333535839158,0.0933753354539151,0.0424013341491554,0.118128725354395,0.0590643626771976,0.560235713738647,0.332239985148889,0.107524301112464,0.040960362019914,0.10996295574186,0.05498147787093,0.565022421524664,0.336322869955157,0.0986547085201794,0.042650653552637,0.118339186214981,0.0591695931074903,0.561464775637488,0.332134754718597,0.106400469643915,31,17,7,7,29,20,8,1,29,19,6,4,28,10,18,0,25,16,7,2,22,17,3,2,33,9,19,5,26,18,7,1
30,3,0.521739130434783,0.391304347826087,0.0869565217391304,0.0546882057926518,0.149117910696058,0.0745589553480289,0.596298085782812,0.336222583436959,0.0674793307802299,0.0861058354343364,0.235105171914294,0.117552585957147,0.639291716391929,0.305007798764799,0.0557004848432718,0.0487297715046373,0.128847832266809,0.0644239161334047,0.586163046568187,0.337901466729269,0.0759354867025435,0.0576883798510031,0.154491282277643,0.0772456411388215,0.598984771573604,0.32994923857868,0.0710659898477157,0.0557943300797739,0.151701920097652,0.0758509600488259,0.597590090483608,0.334551101117075,0.0678588083993169,31,21,8,2,18,11,6,1,25,8,10,7,24,11,13,0,23,14,8,1,26,15,9,2,28,21,6,1,22,17,5,0
30,4,0.521739130434783,0.391304347826087,0.0869565217391304,0.0392397838350387,0.0985801154516283,0.0492900577258141,0.475014504424956,0.440594405551901,0.0843910900231433,0.0171535392583354,0.0482735390000445,0.0241367695000222,0.507566432920951,0.415441117326109,0.0769924497529393,0.0245936890473011,0.0674587344672665,0.0337293672336332,0.497524504576898,0.42503371505972,0.0774417803633821,0.0230578298213004,0.0652173913043478,0.0326086956521739,0.505434782608696,0.423913043478261,0.0706521739130435,0.025603948777351,0.0654813981592956,0.0327406990796478,0.491975564055014,0.424045046905735,0.0839793890392515,17,6,9,2,23,9,14,0,32,21,8,3,19,7,12,0,24,11,11,2,22,14,7,1,21,2,14,5,26,23,3,0
30,5,0.521739130434783,0.391304347826087,0.0869565217391304,0.0218419392167138,0.0606629435674056,0.0303314717837028,0.501513075610713,0.381198930866453,0.117287993522833,0.0955891242567812,0.257435571138532,0.128717785569266,0.393021344865516,0.49143641174323,0.115542243391254,0.0219092593304204,0.060479498565777,0.0302397492828885,0.50077189407266,0.382031834905321,0.117196271022019,0.01049231554259,0.0260869565217392,0.0130434782608696,0.509090909090909,0.390909090909091,0.1,0.020884570901584,0.0576417586553261,0.028820879327663,0.501737122234293,0.382485476698914,0.115777401066793,32,9,20,3,28,10,15,3,24,20,4,0,22,10,10,2,37,27,6,4,25,17,6,2,19,7,7,5,33,12,18,3
31,1,0.478260869565217,0.434782608695652,0.0869565217391304,0.111632023190041,0.28642857961816,0.14321428980908,0.621475159374297,0.305644486934176,0.0728803536915269,0.0718938471732353,0.190716338502362,0.095358169251181,0.573619038816398,0.35655515979552,0.0698258013880818,0.113330056349909,0.286544446835698,0.143272223417849,0.621533092983067,0.300934319673201,0.077532587343732,0.117850518848554,0.311083894672382,0.155541947336191,0.633802816901408,0.305164319248826,0.0610328638497653,0.116424401417666,0.299699629282019,0.14984981464101,0.628110684206227,0.300775244949961,0.0711140708438119,23,13,7,3,31,19,11,1,31,28,3,0,25,8,13,4,25,13,11,1,28,16,10,2,29,25,3,1,21,13,7,1
31,2,0.478260869565217,0.434782608695652,0.0869565217391304,0.0159154849089482,0.0398231242017863,0.0199115621008931,0.458349307464324,0.45382691332571,0.087823779209966,0.0599778350465727,0.151964964592902,0.0759824822964507,0.4076198530217,0.510765090992103,0.0816150559861966,0.0123435207745723,0.0338017290278673,0.0169008645139336,0.466027007425236,0.451683473209586,0.0822895193651786,0.0156323364582327,0.0436767917411158,0.0218383958705579,0.470319634703196,0.45662100456621,0.0730593607305936,0.0119039512329444,0.0313664089223799,0.0156832044611899,0.465119842289784,0.450465813156842,0.0844143445533739,32,10,19,3,17,6,7,4,32,26,4,2,25,5,16,4,35,17,16,2,23,8,15,0,24,17,7,0,31,14,16,1
31,3,0.478260869565217,0.434782608695652,0.0869565217391304,0.0133488025258009,0.0374420770045335,0.0187210385022668,0.459539831062951,0.446247369224949,0.0942127997121004,0.0280891224223058,0.071716189556655,0.0358580947783274,0.475135402041555,0.402049981440987,0.122814616517458,0.0126138832044678,0.0351916236354535,0.0175958118177267,0.460665057747491,0.446121307610704,0.0932136346418057,0.0135428144764038,0.0342419463843208,0.0171209731921604,0.461139896373057,0.450777202072539,0.0880829015544041,0.0129562437267162,0.0364584928558596,0.0182292464279298,0.460031623137288,0.445499514113683,0.0944688627490292,23,19,4,0,26,12,10,4,21,13,5,3,23,7,16,0,19,6,10,3,24,13,8,3,23,4,19,0,34,15,15,4
31,4,0.478260869565217,0.434782608695652,0.0869565217391304,0.00225781782286897,0.00598259962244148,0.0029912998112207,0.475269569753997,0.435310939594192,0.0894194906518116,0.0180076239312046,0.0448633539458221,0.022431676972911,0.479035123851526,0.456440031382255,0.0645248447662194,0.00869380682970988,0.02160151625408,0.01080075812704,0.477947840863069,0.445583366822692,0.0764687923142386,0.0173043064523171,0.0476994512452512,0.0238497256226256,0.485436893203884,0.451456310679612,0.0631067961165049,0.00541337560823964,0.0147918035475687,0.0073959017737843,0.472850484466968,0.442178510469436,0.0849710050635954,20,2,15,3,19,15,4,0,22,16,2,4,25,11,13,1,28,18,9,1,31,15,14,2,29,6,21,2,32,17,15,0
31,5,0.478260869565217,0.434782608695652,0.0869565217391304,0.00985837266653635,0.0265309777186187,0.0132654888593093,0.475343144844948,0.424434844556612,0.10022201059844,0.0874395798631528,0.224812881345956,0.112406440672978,0.377424541994398,0.54718904936863,0.075386408636972,0.00901542474317507,0.0254871878453869,0.0127435939226935,0.484289978038433,0.422039014772959,0.0936710071886084,0.013908975838939,0.0384963768115942,0.0192481884057971,0.484375,0.447916666666667,0.0677083333333333,0.0161014895235547,0.0436322437526424,0.0218161218763213,0.483518305137647,0.412966486819331,0.103515208043022,27,18,8,1,20,8,11,1,19,5,13,1,28,25,0,3,26,13,11,2,27,8,17,2,28,8,17,3,17,8,9,0
32,1,0.434782608695652,0.478260869565217,0.0869565217391304,0.0435704472063047,0.110805541930561,0.0554027709652804,0.379379837730372,0.482606837439461,0.138013324830167,0.0525934377323997,0.147175511322762,0.073587755661381,0.388621970415993,0.450833752183496,0.160544277400511,0.0450915446913732,0.113450971027396,0.056725485513698,0.378057123181954,0.481393955687312,0.140548921130734,0.0367175289097704,0.0906178489702517,0.0453089244851259,0.389473684210526,0.478947368421053,0.131578947368421,0.04344005699131,0.110484225856842,0.0552421129284212,0.379540495767231,0.482605552890232,0.137853951342537,16,6,8,2,33,15,16,2,24,17,7,0,22,10,7,5,23,4,14,5,19,10,8,1,29,10,12,7,24,2,19,3
32,2,0.434782608695652,0.478260869565217,0.0869565217391304,0.0145778234030449,0.0379455088515462,0.0189727544257731,0.451254352389979,0.459288115139444,0.089457532470577,0.0347040434575582,0.0973231031333481,0.0486615515666741,0.386121057128978,0.497060280435707,0.116818662435314,0.00742871444099175,0.0208640204810924,0.0104320102405462,0.43892224532672,0.467828859324671,0.0932488953486086,0.0115826551348684,0.0302059496567506,0.0151029748283753,0.436842105263158,0.463157894736842,0.1,0.0082755148039111,0.0229007510528594,0.0114503755264296,0.438411873480217,0.466810494038788,0.0947776324809953,23,8,11,4,21,13,5,3,25,8,15,2,25,8,17,0,33,7,17,9,23,17,5,1,20,14,6,0,20,8,12,0
32,3,0.434782608695652,0.478260869565217,0.0869565217391304,0.0337352919938542,0.0831878218943364,0.0415939109471682,0.47637651964282,0.437226206267989,0.0863972740891904,0.0170260247857741,0.0448821446536193,0.0224410723268097,0.457223681022462,0.45948209388286,0.0832942250946787,0.0348670431461532,0.0948761000442549,0.0474380500221274,0.47015451335971,0.43082281954309,0.0990226670972002,0.0333138239183702,0.082815734989648,0.041407867494824,0.476190476190476,0.438095238095238,0.0857142857142857,0.0338926494621982,0.0834364214157156,0.0417182107078578,0.47650081940351,0.436962568951879,0.0865366116446106,29,12,14,3,28,17,9,2,26,14,6,6,24,8,14,2,25,10,13,2,27,15,10,2,24,15,9,0,27,9,17,1
32,4,0.434782608695652,0.478260869565217,0.0869565217391304,0.395309614405387,1.04347826086957,0.521739130434783,1.43278690944828e-142,1,8.17140224595002e-86,0.0634968139144508,0.171686528145537,0.0858432640727684,0.369036240605388,0.564104133637986,0.0668596257566263,0.0588831863695354,0.165164905343575,0.0825824526717875,0.384220549679888,0.560843322237005,0.0549361280831067,0.0619662736639575,0.173107890499195,0.0865539452495974,0.37962962962963,0.564814814814815,0.0555555555555556,0.0620327639736426,0.174301903708542,0.0871509518542709,0.382510616081625,0.565411821419488,0.0520775624988871,24,10,14,0,27,8,14,5,36,14,19,3,29,18,9,2,25,6,19,0,23,7,16,0,26,7,17,2,26,12,14,0
32,5,0.434782608695652,0.478260869565217,0.0869565217391304,0.0150709135356042,0.0384081664706871,0.0192040832353435,0.43637833764681,0.495869223849403,0.0677524385037869,0.0347254239727855,0.0979857488848452,0.0489928744424226,0.413211286093789,0.52725374400764,0.0595349698985713,0.0126978377941826,0.0333548050772119,0.016677402538606,0.437354958397887,0.492365922401589,0.0702791192005245,0.00614794849845651,0.015764047800661,0.00788202390033055,0.426900584795322,0.485380116959064,0.087719298245614,0.0118798389919266,0.0313152280952808,0.0156576140476404,0.437336455675785,0.491364636632725,0.07129890769149,24,11,13,0,24,5,14,5,25,18,7,0,15,6,8,1,26,7,19,0,26,12,6,8,14,5,8,1,17,9,8,0
33,1,0.391304347826087,0.521739130434783,0.0869565217391304,0.0212367856724919,0.0597718940552882,0.0298859470276441,0.421190294853731,0.509369914144297,0.0694397910019718,0.108639050022689,0.284909484422333,0.142454742211167,0.533759090037254,0.400675531533436,0.0655653784293102,0.0292475791515149,0.0825125357632836,0.0412562678816418,0.432560615707729,0.498547483339157,0.0688919009531139,0.0380420487766757,0.107443660368768,0.0537218301843843,0.445026178010471,0.49738219895288,0.0575916230366492,0.028909064148096,0.0814751271012808,0.0407375635506404,0.432041911376727,0.498380503873149,0.0695775847501233,18,6,12,0,25,11,14,0,24,15,6,3,21,7,12,2,23,1,19,3,20,9,11,0,31,18,11,2,29,18,10,1
33,2,0.391304347826087,0.521739130434783,0.0869565217391304,0.0360374766013873,0.0934456654876305,0.0467228327438153,0.438027180569902,0.480748696648725,0.0812241227813729,0.0314498322769589,0.0854626520246687,0.0427313260123343,0.348573021813753,0.532420072654052,0.119006905532195,0.0449410152299828,0.116250471976945,0.0581252359884724,0.449429583814559,0.470413651420102,0.0801567647653383,0.0479991133684144,0.129308402793422,0.064654201396711,0.455958549222798,0.471502590673575,0.0725388601036269,0.0454661936134022,0.121011406344241,0.0605057031721205,0.451810050998207,0.472643321138413,0.0755466278633792,19,6,11,2,20,6,14,0,38,23,15,0,23,17,5,1,23,7,12,4,29,17,11,1,17,6,7,4,24,6,16,2
33,3,0.391304347826087,0.521739130434783,0.0869565217391304,0.0359166443213623,0.0975231632992813,0.0487615816496406,0.379241800594813,0.485040096016416,0.135718103388771,0.0709706179153714,0.179503151398627,0.0897515756993137,0.39727340225398,0.431987554735469,0.170739043010552,0.0414483057379832,0.104311824046629,0.0521559120233144,0.388394553234495,0.47249301300306,0.139112433762445,0.0385503093080209,0.100968473109417,0.0504842365547084,0.383886255924171,0.478672985781991,0.137440758293839,0.0418511119264032,0.105207394153711,0.0526036970768553,0.388495299133555,0.471944482050459,0.139560218815986,22,9,13,0,25,4,16,5,25,12,9,4,29,13,9,7,34,21,6,7,28,9,19,0,28,9,15,4,20,4,14,2
33,4,0.391304347826087,0.521739130434783,0.0869565217391304,0.0370362265248883,0.103950738664617,0.0519753693323083,0.443279717158395,0.49014396416974,0.0665763186718651,0.0465789319025701,0.131230945191941,0.0656154725959704,0.456919820422057,0.483896251360074,0.0591839282178684,0.0271016298115542,0.0764263529036912,0.0382131764518456,0.429517524277933,0.500070830523507,0.0704116451985605,0.03080696693995,0.0869565217391304,0.0434782608695652,0.434782608695652,0.502415458937198,0.0628019323671498,0.0279311698747624,0.0790007090847849,0.0395003545423925,0.430804702368479,0.501859071955463,0.0673362256760577,32,6,25,1,29,11,12,6,35,14,20,1,15,10,5,0,20,11,9,0,28,17,10,1,25,6,16,3,23,15,7,1
33,5,0.391304347826087,0.521739130434783,0.0869565217391304,0.0951164662888965,0.26283273334083,0.131416366670415,0.300736213419117,0.653155497105198,0.0461082894756852,0.0904576472199497,0.251691652261943,0.125845826130971,0.308481687402574,0.647584956565754,0.0439333560316724,0.0962697444646592,0.265678962653241,0.132839481326621,0.299057301852467,0.654578611761403,0.0463640863861302,0.0951545235955921,0.267256202407271,0.133628101203635,0.310734463276836,0.655367231638418,0.0338983050847458,0.0953667616385353,0.262782817591025,0.131391408795513,0.29925618416587,0.653130539230295,0.0476132766038352,27,13,11,3,25,3,21,1,20,6,13,1,21,12,9,0,18,3,15,0,25,1,23,1,20,10,10,0,21,7,14,0
34,1,0.347826086956522,0.565217391304348,0.0869565217391304,0.0529996762952782,0.149055678953068,0.0745278394765339,0.422353926433056,0.521050617929619,0.056595455637325,0.0317194966358682,0.0893367627197176,0.0446683813598588,0.366590756622793,0.591121102997935,0.0422881403792717,0.040799854326989,0.115291079114252,0.057645539557126,0.405471626513648,0.538559337796142,0.0559690356902103,0.0409118142314564,0.115668580803938,0.0578342904019689,0.405660377358491,0.537735849056604,0.0566037735849057,0.0410408011152572,0.116051316963495,0.0580256584817478,0.40585174543827,0.535069549908106,0.0590787046536244,20,17,3,0,22,9,13,0,35,5,25,5,28,15,9,4,18,8,10,0,30,14,16,0,33,10,22,1,26,8,16,2
34,2,0.347826086956522,0.565217391304348,0.0869565217391304,0.0648549260900636,0.178460172264596,0.0892300861322981,0.43705617308882,0.50222475443927,0.0607190724719099,0.103800042954935,0.281181558661603,0.140590779330802,0.488416866287324,0.45835223336599,0.0532309003466865,0.073309909691143,0.199843298993764,0.0999216494968823,0.447747736453404,0.491313670746252,0.0609385928003441,0.073163290280977,0.204347826086957,0.102173913043478,0.45,0.5,0.05,0.0732995685676957,0.200313207931129,0.100156603965565,0.447982690922086,0.491993222738539,0.0600240863393749,19,8,10,1,18,5,9,4,26,6,20,0,16,6,10,0,22,6,16,0,23,14,8,1,26,13,12,1,30,23,5,2
34,3,0.347826086956522,0.565217391304348,0.0869565217391304,0.0977783836476697,0.248937989865456,0.124468994932728,0.223357092023794,0.679620082514158,0.0970228254620488,0.0177045193464205,0.0439925309220879,0.021996265461044,0.326469467982483,0.564577744817343,0.108952787200174,0.0935193711948237,0.242691994933415,0.121345997466707,0.226480089489814,0.671444433295356,0.10207547721483,0.095080010311242,0.23491918961985,0.117459594809925,0.230366492146597,0.680628272251309,0.0890052356020942,0.0971671588511224,0.247235047358247,0.123617523679124,0.224208563277398,0.678999377196106,0.0967920595264954,24,2,19,3,26,5,21,0,25,1,20,4,20,3,17,0,23,9,11,3,24,4,18,2,21,8,10,3,28,12,14,2
34,4,0.347826086956522,0.565217391304348,0.0869565217391304,0.0556481949290606,0.15633989257582,0.0781699462879103,0.316626354538316,0.518247177434644,0.165126468027041,0.0882590220963358,0.248505520314325,0.124252760157162,0.295967187927216,0.492823530176491,0.211209281896293,0.0568970860115676,0.159045889042648,0.0795229445213242,0.318694457869932,0.514826075869613,0.166479466260455,0.0741764514503402,0.207530255490811,0.103765127745406,0.309278350515464,0.5,0.190721649484536,0.056803207043826,0.158668895170533,0.0793344475852666,0.319087749907335,0.514621280768268,0.166290969324397,23,3,9,11,23,7,16,0,30,5,15,10,30,10,15,5,18,5,12,1,19,6,9,4,29,17,12,0,22,7,9,6
34,5,0.347826086956522,0.565217391304348,0.0869565217391304,0.0711393087489625,0.184811478018892,0.0924057390094463,0.267169096907096,0.657623130313794,0.0752077727791101,0.0222475638467974,0.0586755267193228,0.0293377633596614,0.377163850316183,0.560392435491029,0.0624437141927882,0.0760245508847581,0.204176503284733,0.102088251642366,0.267574253876852,0.667305642946714,0.0651201031764334,0.0670877991006504,0.185073238781679,0.0925366193908393,0.283422459893048,0.657754010695187,0.0588235294117647,0.0728891783114296,0.193260962514528,0.0966304812572638,0.268427715189517,0.661847872561612,0.0697244122488711,20,1,16,3,27,2,25,0,15,1,10,4,18,9,8,1,24,11,13,0,31,13,16,2,30,5,24,1,22,11,11,0
35,1,0.304347826086957,0.608695652173913,0.0869565217391304,0.0610671250618415,0.160232092492253,0.0801160462461265,0.384463872333083,0.540711745082848,0.0748243825840685,0.12861450960834,0.319822201847508,0.159911100923754,0.459362473090861,0.448784551250159,0.0918529756589804,0.0659729086457932,0.174305715031464,0.0871528575157319,0.391500683602688,0.536276172556071,0.0722231438412405,0.068691691292376,0.187115866150694,0.0935579330753471,0.397905759162304,0.539267015706806,0.06282722513089,0.0660595237948858,0.174015242496413,0.0870076212482062,0.391355447335163,0.535729214213519,0.072915338451318,24,5,17,2,23,13,6,4,26,4,20,2,16,6,8,2,26,15,9,2,25,12,13,0,31,18,13,0,20,3,17,0
35,2,0.304347826086957,0.608695652173913,0.0869565217391304,0.0526890831466354,0.147599877265274,0.0737999386326372,0.230547887454319,0.654505504632778,0.114946607912902,0.0501673876098098,0.141815011877551,0.0709075059387756,0.233440320148181,0.646209592160593,0.120350087691226,0.0495336053719069,0.139734838267443,0.0698674191337217,0.234480406953235,0.648019680567962,0.117499912478803,0.0420993287101003,0.115422109573016,0.0577110547865081,0.246636771300448,0.650224215246637,0.103139013452915,0.0492411538608333,0.139259447527071,0.0696297237635354,0.234718102323421,0.644412194032007,0.120869703644571,22,5,15,2,41,8,26,7,20,4,15,1,31,3,24,4,33,19,10,4,24,0,24,0,25,8,13,4,27,8,18,1
35,3,0.304347826086957,0.608695652173913,0.0869565217391304,0.0171686327993913,0.0447385206317508,0.0223692603158753,0.326717086402832,0.605687517169215,0.0675953964279528,0.0845864604288162,0.22844210421433,0.114221052107165,0.418568878194122,0.520804168151763,0.0606269536541158,0.0165373488485205,0.0464504246791377,0.0232252123395688,0.327573038426525,0.59946380097744,0.0729631605960343,0.02465652355138,0.0645716745587603,0.0322858372793801,0.336633663366337,0.603960396039604,0.0594059405940594,0.0187110726028113,0.0495396137597878,0.0247698068798939,0.32911763296685,0.604372935612914,0.0665094314202354,31,13,17,1,22,1,17,4,25,8,17,0,24,10,13,1,26,14,10,2,23,11,10,2,26,4,20,2,25,7,18,0
35,4,0.304347826086957,0.608695652173913,0.0869565217391304,0.0142092081565558,0.0401686747058601,0.02008433735293,0.293742683632442,0.599216457275497,0.10704085909206,0.0523536928672962,0.14538402748677,0.0726920137433849,0.352870330349666,0.536003638430528,0.111126031219806,0.0204035004956024,0.0575957913847448,0.0287978956923724,0.288378798153801,0.595866784414696,0.115754417431503,0.00792913091769107,0.0209587513935341,0.010479375696767,0.302564102564103,0.6,0.0974358974358974,0.0165233823277693,0.0464095780015587,0.0232047890007793,0.290360778384014,0.599477910876076,0.11016131073991,20,7,13,0,30,4,21,5,21,0,20,1,19,9,8,2,33,9,20,4,24,11,12,1,22,6,13,3,26,13,10,3
35,5,0.304347826086957,0.608695652173913,0.0869565217391304,0.0707666474595674,0.199140320342042,0.099570160171021,0.362863025967634,0.509125492002892,0.128011482029474,0.0622818375283756,0.17454604056194,0.0872730202809698,0.358285106933779,0.521422631892943,0.120292261173278,0.0685546287506617,0.193214423894532,0.0966072119472662,0.359714762333455,0.512088440226647,0.128196797439898,0.073319760227349,0.207290294246816,0.103645147123408,0.353535353535354,0.505050505050505,0.141414141414141,0.0718316493009261,0.202726945105383,0.101363472552692,0.36084020656009,0.507332179621221,0.131827613818689,23,4,19,0,27,6,18,3,26,16,9,1,29,4,17,8,27,15,10,2,25,9,5,11,18,8,10,0,23,8,12,3
36,1,0.260869565217391,0.652173913043478,0.0869565217391304,0.0745157213619705,0.201665089107575,0.100832544553788,0.284762497503844,0.551341368489691,0.163896134006466,0.115797065347862,0.321307201019278,0.160653600509639,0.313696256431835,0.491520312533839,0.194783431034326,0.0769361968989922,0.209820354126561,0.10491017706328,0.288341486389105,0.547263735980198,0.164394777630697,0.0750645339152523,0.204871386296381,0.10243569314819,0.287958115183246,0.549738219895288,0.162303664921466,0.0736540559576091,0.200750230378735,0.100375115189367,0.286953033396566,0.551798797854111,0.161248168749323,24,3,18,3,15,1,10,4,23,4,12,7,39,14,20,5,18,10,7,1,19,8,8,3,26,8,10,8,27,7,20,0
36,2,0.260869565217391,0.652173913043478,0.0869565217391304,0.0202885880848692,0.0556736035873941,0.0278368017936971,0.268765129644597,0.624337111249781,0.106897759105622,0.0502525523250903,0.139739919899173,0.0698699599495864,0.307057102468702,0.582303953093892,0.110638944437407,0.010549822902976,0.0290350416343172,0.0145175208171586,0.265148504000645,0.63765639222632,0.0971951037730354,0.0173044203208279,0.0489365706757012,0.0244682853378506,0.272727272727273,0.627705627705628,0.0995670995670996,0.0177353896891373,0.048570449883534,0.024285224941767,0.267581988162653,0.627888688101711,0.104529323735636,35,1,34,0,29,10,17,2,26,8,14,4,28,7,21,0,26,3,15,8,27,5,17,5,32,19,10,3,28,10,17,1
36,3,0.260869565217391,0.652173913043478,0.0869565217391304,0.0233983127801579,0.0612234086703098,0.0306117043351549,0.256445543305334,0.625986230620381,0.117568226074285,0.0340407864053105,0.0848685182244749,0.0424342591122374,0.262397536618968,0.609739653931241,0.127862809449792,0.0166280201819313,0.0455057998142839,0.0227528999071419,0.254637601838568,0.63565297651516,0.109709421646272,0.0246593641812145,0.0616293794850148,0.0308146897425075,0.262135922330097,0.621359223300971,0.116504854368932,0.0215934569844721,0.0570354330369069,0.0285177165184535,0.256069615998864,0.628456145743552,0.115474238257584,28,5,23,0,24,16,7,1,29,10,17,2,26,7,14,5,23,5,16,2,24,4,15,5,25,0,16,9,27,7,20,0
36,4,0.260869565217391,0.652173913043478,0.0869565217391304,0.0809506814572698,0.215132952075332,0.107566476037666,0.173150959700574,0.759740389081144,0.0671086512182816,0.0461175716140756,0.12831385844841,0.0641569292242049,0.196712635993186,0.674095510926153,0.129191853080661,0.0725613394380125,0.191935445711388,0.0959677228556942,0.181415573523255,0.748141635899172,0.0704427905775723,0.0800320705658423,0.198297676558546,0.099148838279273,0.164021164021164,0.751322751322751,0.0846560846560847,0.0761027051777589,0.201150037539174,0.100575018769587,0.17740176344868,0.752748931813065,0.0698493047382543,24,3,21,0,26,3,17,6,21,2,19,0,22,1,21,0,27,7,17,3,27,8,19,0,26,5,15,6,16,2,13,1
36,5,0.260869565217391,0.652173913043478,0.0869565217391304,0.0416912307653123,0.104971052458643,0.0524855262293217,0.310375824122951,0.599688386814157,0.0899357890628924,0.100560479959695,0.276652202900995,0.138326101450498,0.358633882308248,0.513847811592981,0.127518306098771,0.0415737555953429,0.105915418352956,0.0529577091764781,0.313827274393869,0.603577723386641,0.0825950022194893,0.0445981835820712,0.113554987212276,0.0567774936061381,0.317647058823529,0.6,0.0823529411764706,0.0439318496159789,0.10860325474279,0.0543016273713952,0.315171192588787,0.598879054823029,0.0859497525881846,29,15,13,1,21,2,19,0,20,10,7,3,22,6,10,6,28,4,24,0,20,12,8,0,16,2,12,2,14,3,9,2
37,1,0.217391304347826,0.695652173913043,0.0869565217391304,0.0201274989674527,0.0568347622350703,0.0284173811175351,0.201763578961163,0.682862518182172,0.115373902856666,0.0150758258644993,0.0397841298091347,0.0198920649045673,0.220692782366634,0.675760109008476,0.10354710862489,0.0215034518785432,0.0603409507000502,0.0301704753500251,0.199003873930955,0.68386912897989,0.117126997089155,0.00813309458074964,0.0207459721915692,0.0103729860957846,0.218274111675127,0.685279187817259,0.0964467005076142,0.020856329871648,0.0583438430741857,0.0291719215370929,0.199033210370104,0.684838346353673,0.116128443276223,26,8,16,2,28,6,19,3,23,1,18,4,28,0,25,3,26,5,19,2,21,2,18,1,26,11,11,4,19,10,9,0
37,2,0.217391304347826,0.695652173913043,0.0869565217391304,0.00511589948003661,0.0135891462389185,0.0067945731194593,0.2118413512259,0.702446747032503,0.0857119017415974,0.00980083922069617,0.0268410156365451,0.0134205078182725,0.203970796529554,0.699362069248664,0.0966671342217824,0.00575058131244325,0.0149955181413957,0.0074977590706978,0.209893545277128,0.702128961957646,0.0879774927652257,0.011003522378125,0.028695652173913,0.0143478260869565,0.205,0.71,0.085,0.00803529725872977,0.0205303278020081,0.0102651639010041,0.208037489091954,0.705917337814048,0.0860451730939988,26,4,21,1,27,2,23,2,22,6,12,4,29,2,27,0,23,11,11,1,24,3,19,2,21,5,16,0,28,8,13,7
37,3,0.217391304347826,0.695652173913043,0.0869565217391304,0.0337445153327601,0.08367502769268,0.04183751384634,0.176591518806088,0.694614445608441,0.12879403558547,0.00927332157823436,0.0238424970713395,0.0119212485356698,0.216164031393079,0.68495819833212,0.0988777702748002,0.0340122392382236,0.0878453521285306,0.0439226760642652,0.173468628283561,0.700632713303403,0.125898658413037,0.032429850429114,0.0842671447781264,0.0421335723890632,0.175257731958763,0.701030927835051,0.123711340206186,0.0340555800401367,0.0870571970720822,0.0435285985360411,0.173862705811785,0.699566553575605,0.12657074061261,31,2,21,8,18,2,16,0,26,5,20,1,15,3,6,6,29,0,27,2,24,4,18,2,23,7,15,1,28,11,13,4
37,4,0.217391304347826,0.695652173913043,0.0869565217391304,0.014468161681645,0.0409193293597814,0.0204596646798908,0.207369184692022,0.685214628888957,0.107416186419021,0.0345638501841549,0.0965860568526767,0.0482930284263383,0.234993571974205,0.647359145486705,0.11764728253909,0.0220527396692496,0.0577284664869322,0.0288642332434661,0.213187922732419,0.670991322284985,0.115820754982597,0.016152331258311,0.040240518038853,0.0201202590194265,0.218085106382979,0.675531914893617,0.106382978723404,0.0164886211045202,0.0444023567836883,0.0222011783918442,0.212466692597036,0.67837560727199,0.109157700130975,25,4,20,1,18,4,13,1,23,10,13,0,34,10,20,4,24,7,15,2,21,1,15,5,18,0,17,1,25,5,14,6
37,5,0.217391304347826,0.695652173913043,0.0869565217391304,0.0201847679108936,0.0522129577658599,0.02610647888293,0.220445738676863,0.718704218466936,0.0608500428562005,0.0178510118013956,0.0493229601987942,0.0246614800993971,0.225048022255875,0.712656936104391,0.0622950416397333,0.019364699745804,0.0502946735371333,0.0251473367685666,0.220573701015567,0.71761711401387,0.0618091849705638,0.0250426528480943,0.0678793256433008,0.0339396628216504,0.209183673469388,0.729591836734694,0.0612244897959184,0.0235926460257628,0.0584913514466582,0.0292456757233291,0.21667663884488,0.724897849636373,0.0584255115187474,33,6,27,0,13,4,8,1,22,4,17,1,22,3,16,3,32,7,25,0,25,1,24,0,24,6,17,1,25,10,9,6
38,1,0.173913043478261,0.739130434782609,0.0869565217391304,0.0432367670017818,0.110127141399658,0.0550635706998291,0.123356718665238,0.794194005482438,0.0824492758523243,0.0533094975575258,0.142858535531149,0.0714292677655743,0.117311845143435,0.810559702548183,0.0721284523083825,0.0307915626351371,0.0783739007032395,0.0391869503516198,0.134726093126641,0.775169811754158,0.0901040951192004,0.0467022145924506,0.114816378218658,0.0574081891093288,0.116504854368932,0.796116504854369,0.087378640776699,0.0442734440482698,0.113077993903425,0.0565389969517127,0.12234734059882,0.795669431734321,0.0819832276668585,27,2,21,4,29,2,26,1,24,6,17,1,28,2,24,2,25,5,19,1,18,1,16,1,30,3,27,0,25,3,14,8
38,2,0.173913043478261,0.739130434782609,0.0869565217391304,0.0364115944618235,0.0984391306839595,0.0492195653419798,0.13619669346344,0.788350000124588,0.0754533064119717,0.018502183968207,0.0495000505790568,0.0247500252895284,0.198663068767789,0.734108884146711,0.0672280470854998,0.0332409748153092,0.0884038409941327,0.0442019204970664,0.137952563819362,0.783332355279675,0.0787150809009628,0.0306020074111937,0.0819485545185523,0.0409742772592762,0.141361256544503,0.780104712041885,0.0785340314136126,0.0340715327902466,0.0910343075204601,0.0455171537602301,0.137463390848193,0.784647588542839,0.0778890206089685,25,1,24,0,21,4,17,0,27,6,19,2,16,0,14,2,29,0,22,7,27,5,21,1,26,7,16,3,20,4,16,0
38,3,0.173913043478261,0.739130434782609,0.0869565217391304,0.0284474343415903,0.0767084198292181,0.038354209914609,0.203606835998587,0.700776224868,0.095616939133413,0.0225699083785285,0.0576443389813451,0.0288221694906726,0.202735212968933,0.736596346951937,0.0606684400791292,0.0168544992187546,0.0476476621471167,0.0238238310735583,0.186480718579528,0.71530660370905,0.0982126777114215,0.0324668412106546,0.0882608695652174,0.0441304347826087,0.185,0.695,0.12,0.0249364691352906,0.0701833023871344,0.0350916511935672,0.194487606730357,0.704038783589041,0.101473609680601,27,3,23,1,30,1,25,4,20,10,10,0,23,6,17,0,27,5,13,9,24,7,16,1,20,4,16,0,29,1,19,9
38,4,0.173913043478261,0.739130434782609,0.0869565217391304,0.0148210972175143,0.04092184856428,0.02046092428214,0.167620895346626,0.724961658632103,0.10741744602127,0.0465645815151655,0.12996086692068,0.0649804334603401,0.215652467093536,0.674150001322269,0.110197531584196,0.00918957431089683,0.0255863119868284,0.0127931559934142,0.16553561116602,0.734714711101436,0.0997496777325447,0.0115635560436671,0.032661717921527,0.0163308589607635,0.190243902439024,0.731707317073171,0.0780487804878049,0.0134013016064916,0.0376120644912097,0.0188060322456049,0.166545264566494,0.72769218144877,0.105762553984735,31,0,31,0,20,1,18,1,30,1,26,3,20,8,10,2,22,3,17,2,29,14,13,2,30,9,19,2,23,3,16,4
38,5,0.173913043478261,0.739130434782609,0.0869565217391304,0.0428092455754285,0.114290257737965,0.0571451288689823,0.231058172347243,0.693243918025884,0.0756979096268726,0.089167742541179,0.238426612262163,0.119213306131081,0.26912124420409,0.619917128651527,0.110961627144383,0.0346338878244276,0.0951132271621086,0.0475566135810543,0.221469657059315,0.705201479870939,0.0733288630697462,0.0374040632699366,0.103786816269285,0.0518934081346424,0.225806451612903,0.704301075268817,0.0698924731182796,0.035044792040024,0.0957811046601377,0.0478905523300689,0.22180359580833,0.704136293434511,0.0740601107571588,22,7,14,1,18,9,8,1,28,5,18,5,23,7,13,3,24,0,24,0,23,8,15,0,17,3,11,3,31,3,28,0
39,1,0.130434782608696,0.782608695652174,0.0869565217391304,0.0368367633312344,0.092857608592554,0.0464288042962769,0.127682425759001,0.829037499948451,0.0432800742925479,0.0220422792919593,0.0582928098547106,0.0291464049273553,0.135434144440992,0.806755738747233,0.0578101168117751,0.0289604559942804,0.0778090552483068,0.0389045276241534,0.138801456005684,0.813146549879339,0.0480519941149771,0.0365837955544889,0.0926773455377574,0.0463386727688787,0.12719298245614,0.828947368421053,0.043859649122807,0.0370432694317697,0.0934098143940834,0.0467049071970417,0.12763213309875,0.829313602849216,0.0430542640520346,31,3,25,3,25,2,20,3,18,5,13,0,51,9,40,2,25,1,24,0,26,2,22,2,19,5,14,0,33,2,31,0
39,2,0.130434782608696,0.782608695652174,0.0869565217391304,0.0546077809351108,0.152576947795628,0.0762884738978139,0.158183531558355,0.70632022175436,0.135496246687285,0.184181658648761,0.520186590442257,0.260093295221128,0.248318642312112,0.522515400431046,0.229165957256842,0.0363648302852033,0.097551480401897,0.0487757402009485,0.140705404450581,0.733832955451225,0.125461640098194,0.0504001005189984,0.141304347826087,0.0706521739130435,0.157608695652174,0.71195652173913,0.130434782608696,0.0511699857512118,0.140039469041872,0.0700197345209359,0.149618129535177,0.712588961131238,0.137792909333584,27,1,25,1,25,7,10,8,17,9,8,0,21,6,10,5,28,0,21,7,18,2,16,0,23,0,21,2,25,4,20,1
39,3,0.130434782608696,0.782608695652174,0.0869565217391304,0.0305486282761882,0.0797507516445099,0.039875375822255,0.164770172996626,0.742733319829919,0.0924965071734552,0.0374090738103193,0.101457570806382,0.050728785403191,0.16880305756355,0.731879910248983,0.0993170321874673,0.0242015739659833,0.0604156948969778,0.0302078474484889,0.159473868263935,0.752400848203685,0.0881252835323798,0.0311756189482899,0.0878304566309811,0.0439152283154906,0.155778894472362,0.738693467336683,0.105527638190955,0.0321587447447449,0.0828461071095723,0.0414230535547861,0.16740593026065,0.741185642097388,0.0914084276419621,26,13,12,1,26,4,20,2,17,1,12,4,35,3,32,0,13,1,12,0,27,5,19,3,26,3,23,0,29,1,17,11
39,4,0.130434782608696,0.782608695652174,0.0869565217391304,0.0502820881594408,0.130659634622071,0.0653298173110357,0.18741930910847,0.717278878341138,0.0953018125503916,0.169218459247627,0.428052518675573,0.214026259337786,0.330167385208669,0.568582436314388,0.101250178476943,0.0348793207073035,0.0935890444211127,0.0467945222105564,0.177229304819252,0.745700141573286,0.0770705536074618,0.0586858326958425,0.145910095799558,0.0729550478997789,0.203389830508475,0.711864406779661,0.0847457627118644,0.0485188321283327,0.124286698828789,0.0621433494143944,0.186701073790774,0.72046534623778,0.0928335799714463,27,9,18,0,33,1,26,6,18,0,18,0,16,1,15,0,24,10,12,2,14,5,4,5,19,0,17,2,26,10,16,0
39,5,0.130434782608696,0.782608695652174,0.0869565217391304,0.00603262844727907,0.0165599587051976,0.00827997935259883,0.136355324282209,0.784968133331259,0.0786765423865316,0.0321038695629259,0.083115894852765,0.0415579474263824,0.0938226027877837,0.824166643078556,0.0820107541336598,0.0192270496069657,0.0494150934479785,0.0247075467239892,0.127913201578246,0.807316242376163,0.0647705560455905,0.0256255268194578,0.0692010015934441,0.0346005007967221,0.157068062827225,0.790575916230366,0.0523560209424084,0.00728677467062238,0.020565471383406,0.010282735691703,0.134989091963791,0.788337121988781,0.0766737860474274,26,1,21,4,20,13,7,0,26,1,23,2,37,9,27,1,15,2,12,1,24,0,24,0,21,4,17,0,22,0,20,2
40,1,0.0869565217391304,0.826086956521739,0.0869565217391304,0.031758605166556,0.086946395092705,0.0434731975463525,0.118464216894477,0.782613758975387,0.0989220241301365,0.0444514949622415,0.116148426410504,0.0580742132052521,0.136836910880994,0.768012743316487,0.0951503458025192,0.0441285268484385,0.124706212410363,0.0623531062051815,0.120382059644705,0.763733850316558,0.115884090038737,0.0320404409242041,0.0874070736652399,0.04370353683262,0.119170984455959,0.782383419689119,0.0984455958549223,0.0315183835063212,0.0865433129958533,0.0432716564979266,0.117854399233341,0.782815300023812,0.0993303007428463,25,5,18,2,27,4,21,2,26,2,22,2,26,4,18,4,20,5,15,0,18,3,14,1,25,0,21,4,26,0,22,4
40,2,0.0869565217391304,0.826086956521739,0.0869565217391304,0.0658720071183867,0.169710053629259,0.0848550268146295,0.17181154855376,0.750366796765365,0.0778216546808752,0.0477765283054575,0.128952579223734,0.0644762896118671,0.151432811350998,0.776355926196308,0.0722112624526945,0.0665998753421941,0.168465559105005,0.0842327795525024,0.171189301291633,0.747474755615465,0.0813359430929025,0.0604100618794481,0.157840511024109,0.0789202555120544,0.165876777251185,0.758293838862559,0.0758293838862559,0.0614185440151598,0.159382811645474,0.0796914058227368,0.166647927561867,0.756319418741665,0.0770326536964677,31,4,25,2,20,1,18,1,29,4,23,2,19,6,9,4,25,1,24,0,35,6,28,1,32,4,22,6,20,9,11,0
40,3,0.0869565217391304,0.826086956521739,0.0869565217391304,0.0108377535305403,0.028387111196387,0.0141935555981935,0.072762966140937,0.838192984463707,0.0890440493953565,0.0355391158190752,0.100231016493535,0.0501155082467672,0.0586017986018476,0.876202464768506,0.065195736629646,0.0206460551859856,0.0545847760984916,0.0272923880492458,0.0643251422383372,0.853379344570985,0.0822955131906779,0.00790274745869074,0.0215102974828376,0.0107551487414188,0.0842105263157895,0.836842105263158,0.0789473684210526,0.00956830212824975,0.0263808958549471,0.0131904479274736,0.0737660738116568,0.830067286409101,0.0961666397792419,26,10,10,6,20,0,19,1,20,3,17,0,35,0,30,5,27,0,25,2,22,1,21,0,23,2,20,1,17,0,17,0
40,4,0.0869565217391304,0.826086956521739,0.0869565217391304,0.0768474477687777,0.196473820357918,0.0982369101789591,0.176329510135194,0.72785004634278,0.0958204435220261,0.121505590749534,0.326339329750718,0.163169664875359,0.25012618661449,0.697842095971798,0.0520317174137125,0.0477883771369599,0.135072615962743,0.0675363079813715,0.154492829720502,0.790144219292713,0.0553629509867855,0.0866526971219839,0.213183730715287,0.106591865357644,0.193548387096774,0.720430107526882,0.0860215053763441,0.0728670471796079,0.183993479121935,0.0919967395609675,0.17316508649087,0.734090216960772,0.092744696548358,21,8,12,1,25,0,25,0,17,3,13,1,18,2,16,0,23,5,17,1,20,0,7,13,28,18,10,0,34,0,34,0
40,5,0.0869565217391304,0.826086956521739,0.0869565217391304,0.0329235958764589,0.0826264275709908,0.0413132137854954,0.0848971867750835,0.867400170307234,0.047702642917682,0.0235496821871953,0.0666039649706653,0.0333019824853326,0.103946288108984,0.842399172637218,0.0536545392537978,0.0279728535173793,0.07365456869582,0.03682728434791,0.0928588032146731,0.857011959394106,0.0501292373912204,0.0324746585182678,0.0806487947735976,0.0403243973867988,0.0880829015544041,0.865284974093264,0.0466321243523316,0.0319641539629971,0.0798766106797334,0.0399383053398667,0.0885882936585324,0.864393489942204,0.0470182163992638,29,8,19,2,31,3,26,2,20,1,19,0,18,1,13,4,20,2,18,0,29,2,26,1,26,0,26,0,20,0,20,0
41,1,0.0434782608695652,0.869565217391304,0.0869565217391304,0.0205500973874413,0.0552975738387102,0.0276487869193551,0.0650562464236244,0.841916430471949,0.0930273231044264,0.019209112715046,0.0542706032884422,0.0271353016442211,0.0706135625137863,0.854883308763807,0.0745031287224062,0.0190506567080588,0.0488395893903768,0.0244197946951884,0.0655444507146504,0.845145422696116,0.0893101265892336,0.0237538172131184,0.0595724237328849,0.0297862118664425,0.0718232044198895,0.839779005524862,0.0883977900552486,0.0202481371965175,0.0528722256777934,0.0264361128388967,0.0662267707604037,0.843129104552408,0.0906441246871886,30,5,24,1,25,2,21,2,19,0,12,7,24,1,23,0,20,5,15,0,24,0,23,1,14,0,13,1,25,0,21,4
41,2,0.0434782608695652,0.869565217391304,0.0869565217391304,0.131471483379249,0.34949050140858,0.17474525070429,0.0758490732503978,0.694819966687014,0.229330960062588,0.186789278050438,0.518950605686977,0.259475302843489,0.130323290517682,0.610089914547816,0.259586794934502,0.129754645438967,0.344643151437371,0.172321575718686,0.0750189249112176,0.697243641672619,0.227737433416164,0.123780907941374,0.333725029377203,0.166862514688602,0.0810810810810811,0.702702702702703,0.216216216216216,0.126178176828966,0.334695712631821,0.167347856315911,0.0735106034648728,0.702217361075394,0.224272035459733,35,1,28,6,30,0,28,2,24,0,16,8,27,3,16,8,27,6,13,8,32,4,24,4,20,4,11,5,27,0,20,7
41,3,0.0434782608695652,0.869565217391304,0.0869565217391304,0.046472957983196,0.128844445456508,0.0644222227282542,5.32904822427703e-07,0.933987440119558,0.0660120269756191,0.0452007914118804,0.124642251592724,0.0623211257963618,1.65338729589961e-08,0.931886343187666,0.068113640278461,0.0554686220421357,0.156569376301827,0.0782846881509133,2.01004434564631e-06,0.947849905542218,0.0521480844134367,0.0504001005189984,0.141304347826087,0.0706521739130435,0,0.940217391304348,0.0597826086956522,0.049670593251605,0.13903957428178,0.0695197871408901,5.03577796127923e-07,0.939085004532194,0.0609144918900095,28,0,28,0,18,0,18,0,23,0,23,0,19,0,12,7,29,0,27,2,26,0,26,0,22,0,21,1,19,0,18,1
41,4,0.0434782608695652,0.869565217391304,0.0869565217391304,0.0224744635759233,0.0629359981217646,0.0314679990608823,0.0749462599304475,0.857701107506123,0.0673526325634297,0.0323617129731697,0.0909925091981761,0.045496254599088,0.0705262501352603,0.824068962792216,0.105404787072523,0.030584442626652,0.0839185453272887,0.0419592726636444,0.0854375335332096,0.839492904097887,0.075069562368903,0.0288523220495635,0.0815828041035662,0.0407914020517831,0.0842696629213483,0.848314606741573,0.0674157303370786,0.0261765200813857,0.0738161355190831,0.0369080677595416,0.0803863286291068,0.84862900582861,0.0709846655422828,28,9,18,1,21,1,17,3,24,1,23,0,17,0,17,0,17,0,16,1,33,2,26,5,19,1,18,0,19,1,16,2
41,5,0.0434782608695652,0.869565217391304,0.0869565217391304,0.0342838967202031,0.0891083989965197,0.0445541994982598,0.0377622855322703,0.830726993230339,0.13151072123739,0.0472015326773965,0.125117851274225,0.0625589256371122,0.0545893660953303,0.807006291754192,0.138404342150478,0.026501816864117,0.0736994597869275,0.0368497298934637,0.0309772882862099,0.845216460081196,0.123806251632594,0.0392027176006997,0.108915239350022,0.054457619675011,0.0252525252525253,0.833333333333333,0.141414141414141,0.0331448445308219,0.0870930745769934,0.0435465372884967,0.0367264900232966,0.832770450949076,0.130503059027627,23,3,16,4,21,0,11,10,30,0,21,9,33,0,31,2,22,0,22,0,24,1,21,2,22,1,21,0,23,0,22,1
42,1,0.826086956521739,0.0434782608695652,0.130434782608696,0.037240908764615,0.0949593486645303,0.0474796743322652,0.873566630854004,4.31850204612503e-07,0.126432937295791,0.0357235068941821,0.0880424067522786,0.0440212033761393,0.825543857185258,1.56829907150632e-07,0.174455985984835,0.0340047976197178,0.0869559817641816,0.0434779908820908,0.865623075982681,2.69987474453344e-07,0.134376654029845,0.0367337829789031,0.0927240461401952,0.0463620230700976,0.872448979591837,0,0.127551020408163,0.0369164656564363,0.0935378997861509,0.0467689498930755,0.872855906414815,5.74401010660803e-07,0.127143519184175,30,23,0,7,30,25,0,5,26,23,0,3,21,20,0,1,21,16,0,5,22,22,0,0,17,14,0,3,29,28,0,1
42,2,0.826086956521739,0.0434782608695652,0.130434782608696,0.030618812946316,0.0862360859670664,0.0431180429835332,0.801079263355999,0.0253679110517719,0.173552825592229,0.102928507666235,0.262033905493449,0.131016952746725,0.705648205205325,0.0329000594392546,0.26145173535542,0.0367825494737635,0.100249547843441,0.0501247739217207,0.788980309593696,0.0304601338758875,0.180559556530416,0.0334487910832957,0.0942706216984965,0.0471353108492483,0.799065420560748,0.0233644859813084,0.177570093457944,0.0319974185326772,0.0895706191486646,0.0447853095743322,0.79808544945613,0.0266944583608417,0.175220092183028,29,25,0,4,35,30,2,3,22,16,0,6,21,20,0,1,28,24,0,4,23,14,1,8,21,20,0,1,35,22,2,11
42,3,0.826086956521739,0.0434782608695652,0.130434782608696,0.07167565635808,0.183546379202192,0.0917731896010961,0.742926230955024,0.0348657968351841,0.222207972209792,0.216274548912114,0.549672241243932,0.274836120621966,0.572432710529149,0.0222963862401888,0.405270903230662,0.0370523931463659,0.103092587234848,0.0515462936174238,0.792155717562344,0.0258632062115367,0.181981076226119,0.0620711753013001,0.162410858063032,0.081205429031516,0.756613756613757,0.0317460317460317,0.211640211640212,0.053796126287064,0.139202869329816,0.0696014346649078,0.764682385621042,0.0352813971053548,0.200036217273603,23,21,0,2,31,24,5,2,21,11,0,10,22,12,0,10,26,25,0,1,23,12,0,11,10,6,0,4,33,32,1,0
42,4,0.826086956521739,0.0434782608695652,0.130434782608696,0.0157586324612571,0.0423354517504781,0.021167725875239,0.847254682396978,0.0268572395336153,0.125888078069406,0.0449567990226914,0.11695885646296,0.0584794282314798,0.775241964744294,0.0358438244155309,0.188914210840175,0.0111651083035208,0.0280952435786953,0.0140476217893477,0.840134578311087,0.0302104363064561,0.129654985382457,0.0150926378576095,0.0381760339342524,0.0190880169671262,0.84390243902439,0.024390243902439,0.131707317073171,0.0137011462173544,0.0359168852588706,0.0179584426294352,0.844045399151174,0.0281980185861514,0.127756582262674,22,22,0,0,28,23,0,5,28,19,1,8,27,24,1,2,19,19,0,0,30,22,3,5,20,15,0,5,31,29,0,2
42,5,0.826086956521739,0.0434782608695652,0.130434782608696,0.0435365500812807,0.122525188461494,0.061262594230747,0.887349550752486,0.018168401582348,0.094482047665166,0.0477834984092975,0.134782139646203,0.0673910698231014,0.893478026344841,0.0141101803391031,0.0924117933160563,0.0309782092486824,0.0875834429438357,0.0437917214719178,0.869878677993657,0.0204924367043093,0.109628885302034,0.045455464204564,0.126773455377574,0.0633867276887872,0.889473684210526,0.0210526315789474,0.0894736842105263,0.0449088049675286,0.126534385523823,0.0632671927619115,0.889354149283651,0.0166558894301014,0.093989961286248,38,33,1,4,16,15,0,1,27,25,0,2,16,15,0,1,40,37,0,3,19,19,0,0,17,12,3,2,17,13,0,4
43,1,0.782608695652174,0.0869565217391304,0.130434782608696,0.0195675216546236,0.053922259636561,0.0269611298182805,0.774527664495832,0.113917651557411,0.111554683946757,0.0524970536501733,0.129898467228973,0.0649492336144866,0.783936743585914,0.150577707419877,0.0654855489942091,0.0233825586782352,0.0658828936299483,0.0329414468149742,0.796577042826191,0.105929621380088,0.0974933357937214,0.0202083259059105,0.0532192919933475,0.0266096459966738,0.786885245901639,0.109289617486339,0.103825136612022,0.0196647571917363,0.050598136420718,0.025299068210359,0.779960255181223,0.112255589949489,0.107784154869287,31,23,7,1,18,5,5,8,22,20,2,0,24,20,3,1,20,16,3,1,20,20,0,0,16,14,0,2,32,26,0,6
43,2,0.782608695652174,0.0869565217391304,0.130434782608696,0.0168009539076315,0.0468216302632067,0.0234108151316033,0.797829551904126,0.0635457066075271,0.138624741488347,0.073350878229603,0.182305948113158,0.091152974056579,0.691455721595595,0.0896508621786406,0.218893416225764,0.028168299525325,0.0712240224350264,0.0356120112175132,0.818220706869687,0.0536903046180618,0.128088988512251,0.0250067845397137,0.0644122383252817,0.0322061191626408,0.814814814814815,0.0582010582010582,0.126984126984127,0.0236144528614876,0.059476198374502,0.029738099187251,0.810638203766233,0.0572184225518795,0.132143373681888,19,9,5,5,16,10,2,4,32,24,1,7,21,14,3,4,26,24,0,2,26,24,0,2,28,28,0,0,21,21,0,0
43,3,0.782608695652174,0.0869565217391304,0.130434782608696,0.0501663809915356,0.138595415901371,0.0692977079506853,0.713310987701489,0.108438393248168,0.178250619050344,0.0846633555185003,0.229783248639588,0.114891624319794,0.66771707133238,0.115217378059632,0.217065550607988,0.0441313649603673,0.120705411867443,0.0603527059337216,0.722255989718452,0.103365913358039,0.174378096923509,0.0523297296520316,0.140827147401909,0.0704135737009545,0.712195121951219,0.102439024390244,0.185365853658537,0.0485078735552788,0.133829567830579,0.0669147839152895,0.715693911736884,0.107324625501462,0.176981462761653,24,23,0,1,23,11,0,12,24,14,2,8,21,18,3,0,26,16,8,2,27,17,3,7,33,28,1,4,27,19,4,4
43,4,0.782608695652174,0.0869565217391304,0.130434782608696,0.045260622159393,0.127948773653636,0.0639743868268181,0.846583082478992,0.0567705084895258,0.0966464090314822,0.0160585763751947,0.0451865125922702,0.0225932562961351,0.805201951948309,0.0736660555209559,0.121131992530735,0.0355057639291112,0.100233046920537,0.0501165234602684,0.832725219112442,0.0645888854896123,0.102685895397945,0.0443818879311343,0.125504258180188,0.0627521290900941,0.845360824742268,0.0567010309278351,0.0979381443298969,0.0448552063409051,0.126771911815366,0.0633859559076828,0.845994651559857,0.0574198714690442,0.0965854769710989,26,19,4,3,25,22,1,2,21,18,0,3,24,23,1,0,23,18,0,5,24,21,3,0,26,19,2,5,25,24,0,1
43,5,0.782608695652174,0.0869565217391304,0.130434782608696,0.020403053492714,0.0573211356950398,0.0286605678475199,0.799829615445964,0.0582959538916105,0.141874430662426,0.0332553283042936,0.0939823356804781,0.046991167840239,0.829599863492413,0.0651186168281631,0.105281519679424,0.0179697750940665,0.048100418552516,0.0240502092762581,0.787523258769213,0.0629063124628724,0.149570428767914,0.0200098888474156,0.0551011622901421,0.027550581145071,0.801980198019802,0.0594059405940594,0.138613861386139,0.0214218591139688,0.0594607288635985,0.0297303644317993,0.80251601480715,0.0572261573073312,0.140257827885519,24,21,1,2,30,27,0,3,28,22,0,6,26,17,5,4,21,13,0,8,35,30,2,3,19,17,1,1,19,15,3,1
44,1,0.739130434782609,0.130434782608696,0.130434782608696,0.0745325868409571,0.206606525080773,0.103303262540386,0.635827172242222,0.200224404759668,0.16394842299811,0.0733769206399001,0.206873425532609,0.103436712766305,0.635693722016304,0.174949420301681,0.189356857682015,0.0501790614750197,0.138642759868698,0.0693213799343492,0.669809054848259,0.178241461651209,0.151949483500532,0.0676008774197559,0.190455991516437,0.0952279957582184,0.64390243902439,0.185365853658537,0.170731707317073,0.0614401883679964,0.169883636584098,0.0849418182920489,0.65418861649056,0.188749010503414,0.157062373006026,18,6,8,4,25,12,1,12,32,27,3,2,35,28,7,0,21,10,11,0,19,13,4,2,24,17,0,7,31,19,4,8
44,2,0.739130434782609,0.130434782608696,0.130434782608696,0.0845574275560513,0.232022996443227,0.116011498221613,0.623118936560995,0.213558991915695,0.16332207152331,0.140589435113118,0.375301036944417,0.187650518472208,0.5514799163104,0.281168266961844,0.167351816727756,0.0902082515071892,0.249300509102723,0.124650254551362,0.614480180231247,0.216276467672178,0.169243352096575,0.0929936337849631,0.25074764205199,0.125373821025995,0.613756613756614,0.227513227513228,0.158730158730159,0.0882659883175321,0.242515010248139,0.121257505124069,0.617872929658539,0.216730442441004,0.165396627900457,21,19,0,2,20,16,2,2,23,14,1,8,22,12,8,2,28,17,10,1,18,9,7,2,29,16,8,5,28,13,7,8
44,3,0.739130434782609,0.130434782608696,0.130434782608696,0.0216747523720187,0.0558714978540754,0.0279357489270377,0.711194685855571,0.133476185340835,0.155329128803594,0.128324598620746,0.358711124157507,0.179355562078754,0.559774872703855,0.196144028433667,0.244081098862478,0.0163818524016346,0.0409246367699622,0.0204623183849812,0.719490886945023,0.129612012061301,0.150897100993677,0.0227890747005123,0.0564381270903009,0.0282190635451505,0.711538461538462,0.129807692307692,0.158653846153846,0.025095403247775,0.0663208339465798,0.0331604169732899,0.705970017809319,0.136062413505074,0.157967568685608,29,28,0,1,30,13,8,9,24,23,0,1,22,21,1,0,26,14,6,6,37,24,6,7,20,9,3,8,20,16,3,1
44,4,0.739130434782609,0.130434782608696,0.130434782608696,0.0561943907737943,0.158858112116927,0.0794290560584637,0.659701378724145,0.167917019908001,0.172381601367855,0.0859381056513827,0.235653480633394,0.117826740316697,0.654416261261215,0.0973222158133921,0.248261522925393,0.0426486703503572,0.119777791027206,0.0598888955136032,0.679241539269005,0.154186188334258,0.166572272396736,0.0597587314816844,0.168616199514456,0.084308099757228,0.654822335025381,0.177664974619289,0.16751269035533,0.0538223562405176,0.151523302276651,0.0757616511383252,0.663368783644283,0.161959649594151,0.174671566761565,26,17,1,8,25,17,1,7,26,17,3,6,23,23,0,0,24,17,5,2,27,15,11,1,19,6,12,1,27,17,2,8
44,5,0.739130434782609,0.130434782608696,0.130434782608696,0.0370166326136867,0.0907064041787376,0.0453532020893688,0.784449074831447,0.0850815805193268,0.130469344649226,0.034597521738498,0.089146969868988,0.044573484934494,0.743941877645426,0.0858612976742017,0.170196824680373,0.0347775997883216,0.0869530615672555,0.0434765307836278,0.782606965566236,0.0887825617127587,0.128610472721005,0.0384683366521154,0.101849627672352,0.0509248138361759,0.790055248618785,0.0883977900552486,0.121546961325967,0.0369714322380348,0.0939884094670783,0.0469942047335392,0.786124639516148,0.0870885305449225,0.12678682993893,24,24,0,0,17,16,0,1,19,14,1,4,21,17,1,3,24,11,7,6,27,20,5,2,30,28,1,1,19,13,1,5
45,1,0.695652173913043,0.173913043478261,0.130434782608696,0.0598107934278054,0.156500450244873,0.0782502251224363,0.617401948790607,0.185223174160796,0.197374877048596,0.0993171615862609,0.279543913797094,0.139771956898547,0.555880217014496,0.231811614914748,0.212308168070756,0.0694582416951809,0.181452889641422,0.0907264448207112,0.604925729092332,0.186669438892954,0.208404832014714,0.0583774243298974,0.155455291222313,0.0777276456111566,0.617924528301887,0.188679245283019,0.193396226415094,0.060634144862699,0.158662581680195,0.0793312908400977,0.616320883072946,0.185388992108897,0.198290124818157,21,9,7,5,33,17,10,6,26,21,2,3,26,14,6,6,26,18,5,3,25,22,0,3,30,16,4,10,25,14,6,5
45,2,0.695652173913043,0.173913043478261,0.130434782608696,0.0265080022702822,0.0701646747125043,0.0350823373562522,0.730734511269296,0.167814491666854,0.101450997063851,0.029178647722631,0.0731109214480683,0.0365554607240341,0.730508925441049,0.175611752674289,0.0938793218846616,0.0217862841438924,0.0556837471151038,0.0278418735575519,0.723494047470595,0.171419522102873,0.105086430426531,0.022983232548998,0.064193034372866,0.032096517186433,0.727748691099476,0.162303664921466,0.109947643979058,0.0253489529902879,0.0672071607617824,0.0336035803808912,0.729255754293935,0.167925765100397,0.102818480605668,27,26,1,0,28,18,7,3,21,13,8,0,24,18,4,2,24,18,5,1,21,17,2,2,19,15,1,3,27,14,3,10
45,3,0.695652173913043,0.173913043478261,0.130434782608696,0.0565772744962372,0.156411140438161,0.0782055702190803,0.773857744132124,0.12016790288317,0.105974352984706,0.0609598399543173,0.172058263973234,0.0860291319866171,0.781681305899661,0.135735260310952,0.0825834337893877,0.0448357254184891,0.120215898118489,0.0601079490592443,0.755760122972288,0.126376527496616,0.117863349531096,0.0546708329817074,0.141690576031781,0.0708452880158905,0.766497461928934,0.111675126903553,0.121827411167513,0.0523428520697889,0.141788942571623,0.0708944712858116,0.766546645198855,0.120022876939518,0.113430477861627,30,23,1,6,23,18,4,1,17,14,3,0,32,24,5,3,20,16,3,1,20,17,2,1,31,16,4,11,24,23,0,1
45,4,0.695652173913043,0.173913043478261,0.130434782608696,0.0669875633339367,0.168755775940531,0.0843778879702654,0.780030061883309,0.0944242405338066,0.125545697582884,0.0534171863434892,0.139030213011856,0.0695151065059282,0.756018928068899,0.104397936972333,0.139583134958768,0.0545245589828056,0.134971477282228,0.0674857386411138,0.761700578493856,0.106427304837147,0.131872116668997,0.0670888543845844,0.168905076257683,0.0844525381288413,0.780104712041885,0.0942408376963351,0.12565445026178,0.0666109115606082,0.168525617971363,0.0842628089856813,0.779914982898725,0.0953076129561387,0.124777404145137,21,13,2,6,25,19,2,4,27,22,0,5,19,15,1,3,21,19,1,1,28,26,2,0,22,18,3,1,28,17,7,4
45,5,0.695652173913043,0.173913043478261,0.130434782608696,0.069170690420414,0.189309716934711,0.0946548584673557,0.626942042645975,0.268567901945617,0.104490055408409,0.0411194031699357,0.109357854841579,0.0546789274207895,0.750331101333833,0.163716191811006,0.0859527068551612,0.0676863640985845,0.191445904001416,0.0957229520007079,0.647847023145491,0.269635995478969,0.0825169813755399,0.0850357305219613,0.238032498902064,0.119016249451032,0.621212121212121,0.292929292929293,0.0858585858585859,0.0733249315642573,0.201044575669013,0.100522287834506,0.623339485384539,0.274435331312767,0.102225183302694,25,7,18,0,28,11,17,0,30,25,3,2,28,23,3,2,24,17,2,5,21,7,7,7,28,19,8,1,14,14,0,0
46,1,0.652173913043478,0.217391304347826,0.130434782608696,0.0242676848766228,0.068605307684983,0.0343026538424915,0.68647656688597,0.201176325881083,0.112347107232947,0.0454796428821428,0.119469152332299,0.0597345761661496,0.642956859407468,0.277125880513976,0.0799172600785565,0.0339598107616985,0.0956693032557531,0.0478346516278765,0.700008564671355,0.189760799547449,0.110230635781196,0.0174760734966258,0.0473480537218302,0.0236740268609151,0.670157068062827,0.193717277486911,0.136125654450262,0.026547889741785,0.0749470536328119,0.0374735268164059,0.689647439859884,0.196657852288872,0.113694707851244,24,18,6,0,27,22,5,0,21,13,8,0,21,13,6,2,31,20,2,9,21,12,0,9,23,17,1,5,23,13,9,1
46,2,0.652173913043478,0.217391304347826,0.130434782608696,0.0742215711873615,0.194343537283092,0.0971717686415458,0.749345681685024,0.134432494946602,0.116221823368373,0.0609116902941519,0.155172097202322,0.0775860486011611,0.723380743331319,0.139805255746665,0.136814000922016,0.0571525500916559,0.143385136668142,0.071692568334071,0.723866481377549,0.149222385584934,0.126911133037517,0.0735378693128243,0.193139611098973,0.0965698055494866,0.748743718592965,0.135678391959799,0.115577889447236,0.0734818370609006,0.192777199430041,0.0963885997150205,0.748562512758499,0.135562216688097,0.115875270553404,31,24,2,5,23,17,4,2,28,20,4,4,19,12,3,4,32,20,9,3,22,21,1,0,20,14,2,4,24,21,2,1
46,3,0.652173913043478,0.217391304347826,0.130434782608696,0.0283393904089564,0.0778894851686618,0.0389447425843309,0.691118655627809,0.189723700178736,0.119157644193455,0.0116275732913827,0.0328080013554097,0.0164040006777049,0.668577913721183,0.208198212542908,0.123223873735909,0.0246588938074286,0.0640032836533679,0.032001641826684,0.684175554870162,0.189389951945982,0.126434493183856,0.0275926572617645,0.0685854255970606,0.0342927127985303,0.685446009389671,0.183098591549296,0.131455399061033,0.0279099530909845,0.0732116194913626,0.0366058097456813,0.68877972278916,0.186303281487314,0.124916995723526,29,17,8,4,21,19,2,0,35,23,7,5,22,18,4,0,29,22,3,4,30,18,1,11,29,20,6,3,18,9,8,1
46,4,0.652173913043478,0.217391304347826,0.130434782608696,0.0169198518762267,0.0433107297940703,0.0216553648970352,0.671816693883527,0.195735939450791,0.132447366665682,0.0539235792618467,0.135575109565885,0.0677875547829426,0.719961467826421,0.15324419386684,0.126794338306739,0.015719065590322,0.0392721971852652,0.0196360985926326,0.671016997441919,0.197755205755193,0.131227796802888,0.0137878576714626,0.0381581361218125,0.0190790680609063,0.658227848101266,0.19831223628692,0.143459915611814,0.0129346014869622,0.0334624940043961,0.016731247002198,0.666943043689366,0.200660057345628,0.132396898965006,32,20,12,0,29,20,9,0,30,23,4,3,35,17,12,6,27,19,1,7,27,20,4,3,27,21,3,3,30,16,2,12
46,5,0.652173913043478,0.217391304347826,0.130434782608696,0.109760973463537,0.299414834701734,0.149707417350867,0.541795933283408,0.178061866757029,0.280142199959563,0.158165039945683,0.42483000167646,0.21241500083823,0.485269045665819,0.171881170887256,0.342849783446926,0.112674677980165,0.305972049192186,0.152986024596093,0.537082561459736,0.179496631335475,0.283420807204789,0.120872432400301,0.329294369208838,0.164647184604419,0.530054644808743,0.174863387978142,0.295081967213115,0.113457237739429,0.310179790656089,0.155089895328044,0.539003686874662,0.175471635188598,0.28552467793674,25,11,3,11,24,14,8,2,28,17,1,10,17,13,4,0,20,10,2,8,23,12,1,10,28,12,7,9,18,8,6,4
47,1,0.608695652173913,0.260869565217391,0.130434782608696,0.0705013234078589,0.195794250557671,0.0978971252788353,0.706592777452748,0.195557337035245,0.0978498855120065,0.0202958435753248,0.055819825478141,0.0279099127390706,0.628452287423237,0.232959652478321,0.138588060098442,0.0610233722410678,0.169874494664012,0.0849372473320059,0.693632899505919,0.205171204167218,0.101195896326863,0.0641786826110235,0.177480490523969,0.0887402452619843,0.697435897435897,0.2,0.102564102564103,0.0647515249908728,0.18015717389772,0.0900785869488598,0.698774239122773,0.201564013896632,0.0996617469805956,27,13,11,3,28,23,5,0,20,15,1,4,21,16,5,0,19,17,2,0,20,16,1,3,33,21,6,6,27,15,8,4
47,2,0.608695652173913,0.260869565217391,0.130434782608696,0.048201966419196,0.124606770792286,0.062303385396143,0.553588574357862,0.253673257637299,0.192738168004839,0.0853121616379037,0.219886014343513,0.109943007171756,0.706697944336357,0.150926558045635,0.142375497618008,0.026100068783693,0.0737901941468179,0.036895097073409,0.628083543588539,0.223974468143982,0.147941988267478,0.0163269031699261,0.0455486542443064,0.0227743271221532,0.623376623376623,0.238095238095238,0.138528138528139,0.0369289338618333,0.0994514588089822,0.0497257294044911,0.570007697574998,0.249831790411815,0.180160512013187,34,21,11,2,32,14,11,7,24,19,2,3,23,0,18,5,31,24,7,0,24,15,1,8,27,21,1,5,36,30,4,2
47,3,0.608695652173913,0.260869565217391,0.130434782608696,0.0958379422490228,0.262318196560538,0.131159098280269,0.513530042709351,0.39202866349766,0.0944412937929886,0.104676160407242,0.260733442064337,0.130366721032169,0.478328931141745,0.386790363709525,0.134880705148731,0.104290004677622,0.283308123004894,0.141654061502447,0.502298932664094,0.402523626719838,0.0951774406160682,0.103385087041744,0.280291326418009,0.140145663209005,0.50253807106599,0.401015228426396,0.0964467005076142,0.103942355664024,0.284198890800152,0.142099445400076,0.505060186207491,0.402969010617467,0.091970803175042,17,8,5,4,33,10,21,2,29,10,14,5,23,12,5,6,22,16,5,1,29,18,11,0,24,13,11,0,20,12,7,1
47,4,0.608695652173913,0.260869565217391,0.130434782608696,0.0446591927824338,0.122875681628258,0.0614378408141289,0.626737465772198,0.199431724403262,0.173830809824539,0.0463120864612349,0.117358474435854,0.058679237217927,0.66737488939184,0.206335217631298,0.126289892976862,0.0532178060237019,0.147343490664659,0.0736717453323296,0.63220644428757,0.187197819885062,0.180595735827368,0.0598370173791411,0.151368760064412,0.0756843800322061,0.613756613756614,0.185185185185185,0.201058201058201,0.0503849826013921,0.127058454171941,0.0635292270859704,0.61251392987464,0.197340338131421,0.190145731993939,23,19,2,2,24,18,4,2,22,15,5,2,19,7,7,5,20,18,0,2,35,11,2,22,22,18,4,0,24,10,11,3
47,5,0.608695652173913,0.260869565217391,0.130434782608696,0.0231824578563831,0.0640192851651196,0.0320096425825598,0.576686009591353,0.270736258561402,0.152577731847245,0.0139575231906891,0.0392994470091438,0.019649723504572,0.616897259456517,0.272317681439359,0.110785059104124,0.022853506064328,0.0639134992802561,0.0319567496401281,0.576738902533785,0.272664792481243,0.150596304984972,0.0242840482746478,0.0666158148995678,0.0333079074497839,0.584795321637427,0.251461988304094,0.16374269005848,0.0202175556316289,0.056106399362131,0.0280531996810656,0.580642452492848,0.270112042952698,0.149245504554455,26,14,10,2,25,18,5,2,14,6,3,5,21,16,4,1,26,9,7,10,25,21,3,1,15,10,5,0,19,6,6,7
48,1,0.565217391304348,0.304347826086957,0.130434782608696,0.0492182170647829,0.132314048334099,0.0661570241670492,0.513401604830601,0.290006588393654,0.196591806775745,0.0616790104791669,0.171301380926049,0.0856506904630243,0.536689595441143,0.247224931487137,0.21608547307172,0.0537821641789281,0.142582803756888,0.0712914018784439,0.506616651935439,0.291657163577422,0.20172618448714,0.0468675494524624,0.126227208976157,0.0631136044880785,0.516129032258065,0.290322580645161,0.193548387096774,0.0470904496027642,0.127413558004979,0.0637067790024897,0.516560716483509,0.289297721905305,0.194141561611185,23,14,4,5,19,6,8,5,23,9,11,3,23,15,3,5,25,13,11,1,28,14,7,7,18,7,4,7,27,18,6,3
48,2,0.565217391304348,0.304347826086957,0.130434782608696,0.0244064173115145,0.0678911756154909,0.0339455878077454,0.531271803496602,0.326731960884331,0.141996235619067,0.0275989852516646,0.0767125648087202,0.0383562824043601,0.526861108899988,0.329783177567698,0.143355713532314,0.0177081014239954,0.0463553613053793,0.0231776806526897,0.542039710651658,0.324150168938729,0.133810120409612,0.0192398641774651,0.0488021295474711,0.0244010647737355,0.540816326530612,0.306122448979592,0.153061224489796,0.0212591598265914,0.0566224644173975,0.0283112322086988,0.536906159095649,0.327266056693707,0.135827784210644,20,4,5,11,26,8,14,4,20,8,5,7,29,20,6,3,19,14,5,0,26,21,4,1,25,15,10,0,31,16,11,4
48,3,0.565217391304348,0.304347826086957,0.130434782608696,0.0477034002543149,0.132389496190559,0.0661947480952794,0.54339446124242,0.259976008053605,0.196629530703975,0.0579412601425911,0.160851752211216,0.080425876105608,0.48479151519874,0.330976093372636,0.184232391428624,0.0443958685146325,0.118192621951259,0.0590963109756294,0.554032493521978,0.256436412893697,0.189531093584325,0.0414001907379875,0.112867808519982,0.0564339042599912,0.55050505050505,0.262626262626263,0.186868686868687,0.047135633869715,0.129093101522917,0.0645465507614584,0.547364901583512,0.257653765046334,0.194981333370154,26,5,12,9,27,17,9,1,26,18,7,1,27,15,4,8,21,10,9,2,27,23,1,3,22,8,9,5,22,13,1,8
48,4,0.565217391304348,0.304347826086957,0.130434782608696,0.0378586397910602,0.0991568291542195,0.0495784145771098,0.515638976727238,0.311632733439237,0.172728289833525,0.068888984484186,0.169337922766026,0.0846689613830129,0.481146673256857,0.303749582751434,0.215103743991709,0.0166313811790033,0.0407860229693833,0.0203930114846916,0.544824379819656,0.304395535259222,0.150780084921122,0.0213316098795675,0.0549199084668191,0.0274599542334096,0.54066985645933,0.301435406698565,0.157894736842105,0.0271115856057517,0.0680521726448849,0.0340260863224424,0.531191304981905,0.306056418971534,0.162752276046561,23,11,7,5,22,21,0,1,16,1,12,3,33,15,10,8,25,9,5,11,30,22,8,0,36,21,14,1,24,13,7,4
48,5,0.565217391304348,0.304347826086957,0.130434782608696,0.0448463666812689,0.122142580745715,0.0610712903728573,0.549497886840518,0.258996040177929,0.191506072981553,0.119626614010405,0.295817467621861,0.147908733810931,0.417308657493417,0.449422127020985,0.133269215485597,0.0429579010152181,0.119304892430012,0.0596524462150062,0.545354156447076,0.264558614729222,0.190087228823702,0.0487336143099098,0.132747456059204,0.0663737280296022,0.515957446808511,0.287234042553192,0.196808510638298,0.0508321225758851,0.143044223678505,0.0715221118392527,0.535725120505842,0.26231798504621,0.201956894447948,28,12,14,2,26,10,14,2,17,16,1,0,12,6,6,0,26,7,6,13,26,18,0,8,25,20,1,4,28,8,12,8
49,1,0.521739130434783,0.347826086956522,0.130434782608696,0.0506132047047678,0.130601965865182,0.065300982932591,0.587040113367374,0.289790935619387,0.123168951013239,0.0215800168008731,0.0610321219713764,0.0305160609856882,0.5373481653824,0.317310025970834,0.145341808646767,0.0473162003181916,0.119564876196349,0.0597824380981746,0.581521568532957,0.291900673276041,0.126577758191002,0.0566223116684561,0.147778569731528,0.0738892848657638,0.595628415300546,0.284153005464481,0.120218579234973,0.052265302961972,0.136485183074967,0.0682425915374835,0.589981721972266,0.289114053790414,0.12090422423732,24,10,8,6,27,20,6,1,26,12,10,4,24,18,6,0,22,14,7,1,19,16,1,2,17,4,8,5,24,15,6,3
49,2,0.521739130434783,0.347826086956522,0.130434782608696,0.0577978389509668,0.142720061602856,0.0713600308014278,0.451538182484132,0.346667004105745,0.201794813410123,0.0683149020396504,0.187689398367727,0.0938446991838633,0.427894431250919,0.414629786788017,0.157475781961064,0.056652153505169,0.145981276591196,0.0729906382955979,0.456634812946239,0.339939766149468,0.203425420904294,0.0612506943414029,0.162410858063032,0.081205429031516,0.455026455026455,0.333333333333333,0.211640211640212,0.0592329881221123,0.15212085506407,0.0760604275320352,0.453312718789023,0.340192071070247,0.206495210140731,26,9,12,5,23,18,3,2,20,7,12,1,17,7,9,1,27,5,8,14,26,18,3,5,28,16,10,2,22,6,6,10
49,3,0.521739130434783,0.347826086956522,0.130434782608696,0.0649657805207558,0.180453792973879,0.0902268964869397,0.431512233947843,0.407944844952137,0.16054292110002,0.0723065076409479,0.204508139244454,0.102254069622227,0.419485060812556,0.398300814236432,0.182214124951013,0.0680994029997078,0.18898968427599,0.0944948421379948,0.427244288296788,0.411177440475747,0.161578271227465,0.0668408211630357,0.187664307381193,0.0938321536905966,0.427906976744186,0.404651162790698,0.167441860465116,0.0700021443279468,0.195327957958775,0.0976639789793877,0.424075151455395,0.410685218820959,0.165239629723646,28,12,11,5,33,16,11,6,22,16,6,0,28,9,6,13,27,11,11,5,28,5,19,4,23,19,4,0,26,4,19,3
49,4,0.521739130434783,0.347826086956522,0.130434782608696,0.0352023098227937,0.091146274465232,0.045573137232616,0.567312267667399,0.307686685794119,0.125001046538482,0.0156089786866193,0.0433177995577365,0.0216588997788683,0.543398030213651,0.333304839573222,0.123297130213127,0.0309126507255367,0.0832400436339697,0.0416200218169848,0.554134403545047,0.306206065139537,0.139659531315416,0.0351982524717617,0.0911371237458194,0.0455685618729097,0.567307692307692,0.307692307692308,0.125,0.0352076701954084,0.0911619161436654,0.0455809580718327,0.567320088506615,0.307681868933766,0.124998042559619,23,10,9,4,33,16,11,6,22,16,2,4,28,18,5,5,22,13,8,1,28,15,11,2,26,13,10,3,26,17,8,1
49,5,0.521739130434783,0.347826086956522,0.130434782608696,0.0348182950623027,0.0964184445688055,0.0482092222844027,0.47352990815038,0.380612499272336,0.145857592577284,0.0478094570173795,0.122101578023286,0.061050789011643,0.46068834142314,0.353187675286868,0.186123983289992,0.0356669631401563,0.0999957612435694,0.0499978806217847,0.471741249812998,0.378600608576618,0.149658141610384,0.0345742064836421,0.0976654529877918,0.0488327264938959,0.472906403940887,0.374384236453202,0.152709359605911,0.033184598785811,0.0926614229116018,0.0463307114558009,0.475408418978982,0.377466415801151,0.147125165219867,22,9,10,3,28,19,9,0,26,15,8,3,27,10,9,8,31,14,9,8,22,10,6,6,23,7,15,1,24,12,10,2
50,1,0.478260869565217,0.391304347826087,0.130434782608696,0.0589958282194018,0.166864689688029,0.0834323448440145,0.561693214409232,0.349377233914977,0.0889295516757908,0.0708675145461052,0.200421893186905,0.100210946593452,0.57847181615867,0.339921547614728,0.081606636226602,0.050043496896148,0.141023575772077,0.0705117878860386,0.548772657451256,0.350795530960742,0.100431811588002,0.0535899959926451,0.151170568561873,0.0755852842809365,0.553846153846154,0.348717948717949,0.0974358974358974,0.0559458017270523,0.158200287354975,0.0791001436774874,0.557361013242705,0.350246115195314,0.0923928715619809,27,16,9,2,25,13,8,4,17,13,3,1,24,11,13,0,31,15,7,9,21,14,6,1,27,13,13,1,23,13,9,1
50,2,0.478260869565217,0.391304347826087,0.130434782608696,0.0654158170861774,0.172505472855959,0.0862527364279797,0.564513605993197,0.319209155307469,0.116277238699334,0.0577704988233345,0.155390850268396,0.0776954251341981,0.555956294699416,0.330577158885969,0.113466546414616,0.0681393459623616,0.176401418345449,0.0882007091727245,0.566461578737942,0.313589533875651,0.119948887386407,0.0621559472595026,0.170381814169058,0.0851909070845288,0.563451776649746,0.32994923857868,0.106598984771574,0.0681123010178994,0.176259008048066,0.0881295040240332,0.566390373589251,0.313567334005753,0.120042292404996,16,8,7,1,26,13,11,2,35,19,11,5,25,7,17,1,27,18,2,7,25,21,2,2,20,10,10,0,23,15,5,3
50,3,0.478260869565217,0.391304347826087,0.130434782608696,0.0301961049152834,0.0832967048461837,0.0416483524230918,0.519909221988309,0.362308991564288,0.117781786447403,0.0135617496970669,0.0361299526960339,0.0180649763480169,0.496325845913234,0.387850753308354,0.115823400778411,0.0248623284692466,0.0626803640804088,0.0313401820402044,0.509601051605422,0.36183035128493,0.128568597109648,0.031592087318508,0.0882543802725502,0.0441271901362751,0.522388059701492,0.36318407960199,0.114427860696517,0.0301196894866092,0.0832089128927832,0.0416044564463915,0.519865326011609,0.362590391283183,0.117544282705208,25,19,6,0,24,16,4,4,23,10,11,2,21,5,11,5,20,12,6,2,34,15,15,4,25,11,12,2,29,17,8,4
50,4,0.478260869565217,0.391304347826087,0.130434782608696,0.0244853893316791,0.0688917523904689,0.0344458761952345,0.492415804086763,0.356858471630852,0.150725724282385,0.0952716261415238,0.265803855688059,0.132901927844029,0.430988860332673,0.305674429214602,0.263336710452725,0.0279880389419065,0.0778283180841218,0.0389141590420609,0.491452036921415,0.352390188784026,0.156157774294559,0.038505235133247,0.0968944099378882,0.0484472049689441,0.480952380952381,0.342857142857143,0.176190476190476,0.0276155082482169,0.0757019695241808,0.0378509847620904,0.488855596188182,0.353453363063997,0.157691040747821,24,14,10,0,22,14,6,2,25,10,13,2,29,13,7,9,31,10,8,13,27,22,4,1,25,8,16,1,27,10,8,9
50,5,0.478260869565217,0.391304347826087,0.130434782608696,0.00259754213887827,0.00703561526101529,0.00351780763050763,0.47474306193471,0.392146949370838,0.133109988694453,0.0572603546287064,0.151838550214118,0.0759192751070589,0.554180144672276,0.328945528550175,0.116874326777549,0.0136726542503056,0.0376161558137165,0.0188080779068583,0.497068947472076,0.385786742386789,0.117144310141135,0.0251511040611001,0.066952439273321,0.0334762196366605,0.511737089201878,0.384976525821596,0.103286384976526,0.00776960276619521,0.0218020178320927,0.0109010089160463,0.489161878481264,0.38704803521861,0.123790086300126,18,0,14,4,26,9,17,0,35,24,10,1,31,19,8,4,17,9,5,3,36,16,15,5,32,19,11,2,18,13,2,3
51,1,0.434782608695652,0.434782608695652,0.130434782608696,0.069694712630265,0.18743337135415,0.0937166856770753,0.341065923018577,0.508077981855333,0.15085609512609,0.0901734436146118,0.254321578768748,0.127160789384374,0.307621819311278,0.490027828984534,0.202350351704188,0.0613830234122223,0.158917106849813,0.0794585534249063,0.355324055270746,0.504786743963582,0.139889200765672,0.0518520859678276,0.14324942791762,0.07162471395881,0.363157894736842,0.484210526315789,0.152631578947368,0.0624958735885841,0.166481865291201,0.0832409326456007,0.351541676050051,0.502128775642893,0.146329548307055,24,7,16,1,29,23,6,0,27,8,17,2,17,0,10,7,26,6,12,8,21,9,7,5,26,7,13,6,20,9,11,0
51,2,0.434782608695652,0.434782608695652,0.130434782608696,0.0298908468118428,0.0839113736214701,0.041955686810735,0.392826921884917,0.451290067008748,0.155883011106335,0.0420891986540644,0.108790084628868,0.0543950423144341,0.380387566381218,0.482911816209208,0.136700617409574,0.0283879622760362,0.0756335842877132,0.0378167921438566,0.396965816551796,0.442019146421981,0.161015037026223,0.0360769149640145,0.0995652173913044,0.0497826086956522,0.385,0.45,0.165,0.0285705678375226,0.0740667362937462,0.0370333681468731,0.397749240548779,0.439305963908116,0.162944795543105,20,10,10,0,28,13,11,4,20,2,14,4,27,12,11,4,30,15,2,13,26,8,14,4,15,6,9,0,34,11,19,4
51,3,0.434782608695652,0.434782608695652,0.130434782608696,0.0216420680242463,0.0556639443209199,0.02783197216046,0.462614580856112,0.43189407276465,0.105491346379238,0.0527392532409912,0.147450334615624,0.0737251673078119,0.36105744138784,0.461868023653946,0.177074534958214,0.0294035736631182,0.0791983501556304,0.0395991750778152,0.465572383499162,0.443592008969957,0.0908356075308805,0.0271302071202546,0.0703933747412008,0.0351966873706004,0.465608465608466,0.439153439153439,0.0952380952380952,0.0190530835921711,0.0487802978984866,0.0243901489492433,0.456895871877426,0.437059494463122,0.106044633659452,21,13,8,0,21,5,10,6,21,17,3,1,27,10,17,0,23,21,2,0,29,8,15,6,22,2,19,1,25,12,9,4
51,4,0.434782608695652,0.434782608695652,0.130434782608696,0.0521710524711675,0.138516243945118,0.0692581219725588,0.504040730668211,0.422181086826342,0.0737781825054473,0.0483924796389835,0.133502595524482,0.0667512977622411,0.501533906457893,0.414481603737278,0.0839844898048282,0.0489255874204436,0.132530930170287,0.0662654650851434,0.501048073780796,0.418890402810942,0.0800615234082624,0.05317016615476,0.146141588891418,0.0730707944457091,0.507853403141361,0.413612565445026,0.0785340314136126,0.0529874837720623,0.143210569371929,0.0716052846859644,0.506387893381617,0.418111682389747,0.0755004242286367,22,13,8,1,28,13,12,3,18,6,12,0,17,11,6,0,22,8,11,3,25,17,8,0,32,21,9,2,27,8,13,6
51,5,0.434782608695652,0.434782608695652,0.130434782608696,0.0294805272256029,0.0740365727909723,0.0370182863954862,0.399663616536958,0.471800895091138,0.128535488371903,0.021443018261086,0.0606363614673305,0.0303181807336653,0.419066305650836,0.465100789429317,0.115832904919847,0.0216901154219846,0.0587716735096069,0.0293858367548034,0.412470890596933,0.464168445450456,0.123360663952612,0.0177372439172443,0.0496267018006149,0.0248133509003075,0.419191919191919,0.45959595959596,0.121212121212121,0.0217662986857639,0.0594097258651269,0.0297048629325635,0.41293922047546,0.464487471628216,0.122573307896324,31,12,16,3,22,9,12,1,17,2,12,3,26,12,10,4,21,3,10,8,26,10,16,0,23,14,5,4,32,21,10,1
52,1,0.391304347826087,0.478260869565217,0.130434782608696,0.102366402043346,0.284218664216136,0.142109332108068,0.296332664884509,0.620370201673286,0.083297133442205,0.093149958569766,0.262100816314372,0.131050408157186,0.314172461891774,0.609311277722403,0.0765162603858228,0.0932613175772728,0.257245924172786,0.128622962086393,0.301722127726323,0.606883831651611,0.0913940406220662,0.105371684111434,0.290790088826554,0.145395044413277,0.290322580645161,0.623655913978495,0.0860215053763441,0.102666476941923,0.284964035921926,0.142482017960963,0.295881441694464,0.62074288752618,0.0833756707793561,24,9,13,2,24,4,20,0,23,9,7,7,23,9,12,2,27,8,17,2,18,5,12,1,22,6,16,0,25,4,19,2
52,2,0.391304347826087,0.478260869565217,0.130434782608696,0.0146604490475415,0.0408200813495547,0.0204100406747773,0.404666238315033,0.485309019751049,0.110024741933918,0.0644350009109956,0.176025242932488,0.0880126214662438,0.479316969292331,0.413806139319093,0.106876891388577,0.0171898798634972,0.0462590844765485,0.0231295422382743,0.409350334993784,0.483344424635794,0.107305240370421,0.0119724340218605,0.0298913043478261,0.014945652173913,0.40625,0.477678571428571,0.116071428571429,0.0135909615183219,0.0348533266246241,0.0174266633123121,0.408731011138399,0.476569283193408,0.114699705668193,25,8,17,0,28,20,3,5,25,11,14,0,33,4,18,11,38,20,15,3,29,11,14,4,21,3,18,0,25,14,8,3
52,3,0.391304347826087,0.478260869565217,0.130434782608696,0.0596395573767514,0.157600338083656,0.078800169041828,0.325861697660123,0.557061038607045,0.117077263732831,0.0619566978716401,0.175056119553868,0.0875280597769338,0.344065022194713,0.565788929342151,0.0901460484631354,0.0610397046034412,0.151816146029371,0.0759080730146855,0.317751973639705,0.554168942579903,0.128079083780392,0.0610830644170342,0.151005142589995,0.0755025712949976,0.317204301075269,0.553763440860215,0.129032258064516,0.0630607226593532,0.159822253070839,0.0799111265354197,0.317061162807082,0.558171996100637,0.124766841092281,15,10,5,0,26,8,10,8,25,11,13,1,19,5,12,2,35,5,21,9,21,8,11,2,18,2,15,1,27,10,16,1
52,4,0.391304347826087,0.478260869565217,0.130434782608696,0.0341539098771347,0.0956641170356869,0.0478320585178434,0.43913640634393,0.448530635863523,0.112332957792547,0.0960089197174004,0.259390712316534,0.129695356158267,0.520999703984354,0.378615132040354,0.100385163975293,0.029617405788493,0.0744888403606708,0.0372444201803354,0.428548768006422,0.443042697239212,0.128408534754366,0.0396285549448594,0.111863666156871,0.0559318330784356,0.447236180904523,0.447236180904523,0.105527638190955,0.033888126641754,0.0938561315747413,0.0469280657873706,0.438232413613458,0.446375128292379,0.115392458094163,14,1,11,2,26,14,9,3,22,7,13,2,37,9,22,6,28,17,9,2,27,14,9,4,21,12,8,1,24,15,8,1
52,5,0.391304347826087,0.478260869565217,0.130434782608696,0.0616348959123563,0.172879482056051,0.0864397410280253,0.477744088854112,0.425324056659359,0.0969318544865283,0.0387676977738477,0.107997745489935,0.0539988727449675,0.426519190015157,0.497044900121115,0.0764359098637282,0.0588694996395364,0.164780787583738,0.0823903937918692,0.473694741617956,0.426707379381796,0.099597879000248,0.056941665985799,0.16098104793757,0.0804905239687848,0.471794871794872,0.435897435897436,0.0923076923076923,0.0599830148690647,0.169368644719659,0.0846843223598296,0.475988670185917,0.431633003190588,0.0923783266234949,19,6,11,2,20,11,2,7,18,9,7,2,24,18,6,0,29,14,14,1,24,9,13,2,28,11,14,3,33,14,18,1
53,1,0.347826086956522,0.521739130434783,0.130434782608696,0.0166065682599647,0.0439330601099919,0.0219665300549959,0.34403801699702,0.503560670339288,0.152401312663692,0.0807135823342038,0.228256199328243,0.114128099664122,0.406652581148742,0.407611030770661,0.185736388080597,0.0226168631317545,0.0605441707986319,0.0302720853993159,0.354018730913914,0.491467045035467,0.15451422405062,0.0206379976288511,0.0578323278552111,0.0289161639276055,0.358851674641148,0.492822966507177,0.148325358851675,0.0251135288170256,0.0661753844428385,0.0330876922214192,0.353192390311293,0.488651438213363,0.158156171475344,35,22,9,4,21,3,18,0,24,8,14,2,30,7,14,9,18,9,8,1,25,2,21,2,22,9,7,6,34,15,12,7
53,2,0.347826086956522,0.521739130434783,0.130434782608696,0.0508916146934917,0.134200168677479,0.0671000843387397,0.403917617108426,0.454639046096043,0.141443336795531,0.0757203268582696,0.202701345098684,0.101350672549342,0.449176759505864,0.441124142698683,0.109699097795453,0.0519448946983112,0.140601451848109,0.0703007259240546,0.401436246199689,0.451438404510728,0.147125349289583,0.0571027457768549,0.14900589906052,0.07450294953026,0.412060301507538,0.447236180904523,0.14070351758794,0.0526296829975688,0.136890574883617,0.0684452874418084,0.407371788725242,0.453293842992974,0.139334368281784,27,14,11,2,28,13,13,2,25,16,8,1,23,12,10,1,27,5,15,7,30,13,13,4,17,3,10,4,22,6,9,7
53,3,0.347826086956522,0.521739130434783,0.130434782608696,0.0651396781415889,0.182650717422741,0.0913253587113704,0.439151445667892,0.465611001028367,0.0952375533037408,0.0693758584905301,0.193328094626321,0.0966640473131603,0.444490134269682,0.458861967393294,0.0966478983370241,0.0608150409855589,0.164783738023981,0.0823918690119904,0.430217955968512,0.459179938788405,0.110602105243083,0.0651412403806987,0.182654704393835,0.0913273521969174,0.439153439153439,0.465608465608466,0.0952380952380952,0.0651275610544822,0.182619350777273,0.0913096753886367,0.439135762345158,0.465629332258746,0.0952349053960956,17,9,7,1,16,9,6,1,30,13,15,2,31,12,15,4,23,12,11,0,22,10,9,3,31,14,14,3,19,4,11,4
53,4,0.347826086956522,0.521739130434783,0.130434782608696,0.00773539138006851,0.0210450371844885,0.0105225185922442,0.350496618254346,0.529591117729202,0.119912264016451,0.0304765691635476,0.0831890886045964,0.0415945443022982,0.378403559268397,0.532756202425206,0.0888402383063975,0.0193630823617421,0.049382425925934,0.0246912129629669,0.372517299919489,0.519647861554259,0.107834838526252,0.0171145500118684,0.0478033234691555,0.0239016617345778,0.371727748691099,0.513089005235602,0.115183246073298,0.0127581951905227,0.0357034127957551,0.0178517063978775,0.365677793354399,0.510545072925778,0.123777133719822,26,12,14,0,26,12,14,0,20,7,12,1,22,3,18,1,27,16,8,3,19,0,16,3,22,8,12,2,29,13,4,12
53,5,0.347826086956522,0.521739130434783,0.130434782608696,0.0318469093996991,0.0780879872401844,0.0390439936200922,0.347905517600688,0.560703693410709,0.0913907889886035,0.0416777602324817,0.105900925048584,0.0529504625242923,0.343772718592939,0.574689592959075,0.0815376884479859,0.0177825206371274,0.0447689486113442,0.0223844743056721,0.349092169624421,0.542857522072555,0.108050308303024,0.0319498662102154,0.0782608695652174,0.0391304347826087,0.347826086956522,0.560869565217391,0.091304347826087,0.0319360600966798,0.0782475972942352,0.0391237986471176,0.347846640719629,0.560842375318793,0.091310983961578,28,13,9,6,29,6,21,2,29,9,19,1,36,15,19,2,23,9,11,3,21,8,11,2,31,10,18,3,33,10,21,2
54,1,0.304347826086957,0.565217391304348,0.130434782608696,0.038811938214704,0.109203625017614,0.054601812508807,0.336499647207426,0.510615578795541,0.152884773997033,0.0205106349880963,0.0564317296842412,0.0282158648421206,0.312630988140803,0.537001526462227,0.150367485396969,0.034383155573445,0.0971045651654708,0.0485522825827354,0.326319846551145,0.516665108721612,0.157015044727242,0.0433969434089605,0.114727976325973,0.0573639881629865,0.31413612565445,0.507853403141361,0.178010471204188,0.0356476825211599,0.100694369601462,0.050347184800731,0.327283866102484,0.514870206503617,0.1578459273939,32,10,12,10,21,6,11,4,25,6,18,1,23,3,7,13,19,10,8,1,26,6,19,1,17,11,6,0,28,8,16,4
54,2,0.304347826086957,0.565217391304348,0.130434782608696,0.103946138541349,0.257641406996928,0.128820703498464,0.433168529585421,0.439479074163244,0.127352396251336,0.0958261979646015,0.250739434478302,0.125369717239151,0.411595178174223,0.439847674065197,0.148557147760581,0.10906011225877,0.269918597349425,0.134959298674713,0.436485444034265,0.430258092629635,0.1332564633361,0.104426088733592,0.258639910813824,0.129319955406912,0.430769230769231,0.435897435897436,0.133333333333333,0.107710207760799,0.263925350552425,0.131962675276212,0.436220153505688,0.433254716028135,0.130525130466176,27,8,13,6,27,16,7,4,18,6,12,0,23,10,11,2,22,9,11,2,25,10,15,0,25,9,11,5,28,16,5,7
54,3,0.304347826086957,0.565217391304348,0.130434782608696,0.0188332431729294,0.0532684511953565,0.0266342255976783,0.291021083904833,0.551909907888793,0.157069008206374,0.0402955398603863,0.10756222081835,0.0537811104091752,0.250566715677781,0.575789554390622,0.173643729931597,0.015042243050876,0.0424041245871377,0.0212020622935689,0.295249469182035,0.5531136859157,0.151636844902265,0.0193425330652741,0.0543478260869565,0.0271739130434783,0.28804347826087,0.554347826086957,0.157608695652174,0.0146769208430597,0.0414660868975979,0.020733043448799,0.294832004170257,0.554000169772248,0.151167826057495,26,6,18,2,25,6,10,9,23,3,19,1,25,16,7,2,24,6,14,4,16,3,6,7,25,9,16,0,20,4,12,4
54,4,0.304347826086957,0.565217391304348,0.130434782608696,0.0183501467815197,0.0461831069308545,0.0230915534654272,0.326149184191292,0.542125837838921,0.131724977969787,0.0416801409391452,0.111740173346385,0.0558700866731927,0.348554048987677,0.509347304631155,0.142098646381168,0.0219257866048553,0.0591467944848704,0.0295733972424351,0.327207368631992,0.535643994061913,0.137148637306095,0.0225473676989568,0.0579710144927536,0.0289855072463768,0.333333333333333,0.53921568627451,0.127450980392157,0.0207367593166895,0.0515137666330679,0.0257568833165339,0.32936945520986,0.539460507987814,0.131170036802326,20,5,15,0,32,13,15,4,36,12,21,3,14,0,11,3,30,7,20,3,23,9,8,6,27,9,12,6,22,13,8,1
54,5,0.304347826086957,0.565217391304348,0.130434782608696,0.0603887123041782,0.166177832510696,0.0830889162553478,0.245704571005431,0.648306307559696,0.105989121434874,0.0537153747028495,0.151790820794459,0.0758954103972294,0.263584587248269,0.641112801701577,0.0953026110501535,0.0586276272392264,0.161227093733177,0.0806135468665883,0.247251470772513,0.645830938170936,0.106917591056551,0.0561061271949036,0.151616499442586,0.0758082497212933,0.246153846153846,0.641025641025641,0.112820512820513,0.0589483651725898,0.162226209834295,0.0811131049171474,0.247122056705972,0.646330496221495,0.106547447072533,24,4,19,1,22,5,15,2,29,10,19,0,26,8,17,1,19,5,14,0,23,6,12,5,26,0,19,7,26,10,10,6
55,1,0.260869565217391,0.608695652173913,0.130434782608696,0.0440115403230215,0.124476722268681,0.0622383611343407,0.323107926351732,0.578136225919785,0.0987558477284833,0.0321729664861877,0.0899570279101504,0.0449785139550752,0.289304376885356,0.625239354461023,0.0854562686536204,0.0407904746770229,0.115080235808166,0.0575401179040831,0.318409683121474,0.576369561690315,0.105220755188211,0.0411810365621398,0.115942028985507,0.0579710144927536,0.318840579710145,0.584541062801932,0.0966183574879227,0.04007511144544,0.113249458302863,0.0566247291514317,0.317494294368823,0.582445294494865,0.100060411136312,32,8,22,2,23,15,6,2,29,4,17,8,26,8,15,3,26,5,20,1,24,11,10,3,23,9,14,0,24,6,17,1
55,2,0.260869565217391,0.608695652173913,0.130434782608696,0.0207694454252809,0.0569819161849386,0.0284909580924693,0.232378607124922,0.616756167587235,0.150865225287843,0.044504667828515,0.12041848142906,0.0602092407145302,0.200660324502861,0.654678990591038,0.144660684906101,0.0186755573713238,0.0521190621967191,0.0260595310983595,0.234810034119032,0.618005163176071,0.147184802704897,0.0103603114988778,0.026389790179537,0.0131948950897685,0.248756218905473,0.621890547263682,0.129353233830846,0.0193536654966865,0.0518003912705118,0.0259001956352559,0.234969369582135,0.613982105181266,0.151048525236598,29,13,10,6,24,10,11,3,25,0,25,0,25,12,9,4,26,3,20,3,23,3,16,4,22,4,14,4,27,5,20,2
55,3,0.260869565217391,0.608695652173913,0.130434782608696,0.051033517980257,0.141017907804585,0.0705089539022927,0.331378519119684,0.586782670673619,0.0818388102066974,0.0833589265742685,0.233580798707015,0.116790399353507,0.377659964570899,0.536405564100427,0.085934471328674,0.0517111492593909,0.145844678072689,0.0729223390363447,0.333791904253736,0.577010860853895,0.0891972348923692,0.0572927105744554,0.158463915250497,0.0792319576252483,0.34010152284264,0.583756345177665,0.0761421319796954,0.0536150344594696,0.149327765661582,0.0746638828307908,0.335533448048182,0.582802081735524,0.0816644702162935,23,7,14,2,20,1,19,0,29,13,14,2,21,3,16,2,22,11,11,0,25,9,11,5,38,14,22,2,19,9,8,2
55,4,0.260869565217391,0.608695652173913,0.130434782608696,0.00483001662991477,0.0119539993495986,0.00597699967479931,0.255017466746547,0.608570750969958,0.136411782283495,0.0241933599700617,0.0631187471423754,0.0315593735711877,0.2652044953517,0.635920095610792,0.0988754090375079,0.0297888241660401,0.0755239726530458,0.0377619863265229,0.223107578890868,0.643750246027791,0.133142175081341,0.0384869325275109,0.102384291725105,0.0511921458625526,0.209677419354839,0.618279569892473,0.172043010752688,0.0144319985379566,0.0405753934904342,0.0202876967452172,0.240581868472174,0.61690794850737,0.142510183020456,17,9,8,0,21,8,12,1,22,4,15,3,15,2,13,0,38,1,36,1,21,5,15,1,23,6,7,10,29,4,9,16
55,5,0.260869565217391,0.608695652173913,0.130434782608696,0.0462456693338702,0.128110663785723,0.0640553318928614,0.19681423332453,0.629291837889069,0.173893928786401,0.0634977429118969,0.179017072734019,0.0895085363670093,0.311877749808625,0.519187115806904,0.168935134384472,0.0483397230275965,0.133138333624006,0.066569166812003,0.194300398405388,0.628507939708612,0.177191661886,0.0299264222403239,0.0845806604894274,0.0422903302447137,0.218579234972678,0.628415300546448,0.153005464480874,0.0487841654991564,0.133172927936744,0.0665864639683722,0.194283101249019,0.626351610824326,0.179365287926655,22,11,8,3,21,1,19,1,20,9,9,2,23,0,20,3,20,2,15,3,30,2,20,8,28,10,12,6,19,5,12,2
56,1,0.217391304347826,0.652173913043478,0.130434782608696,0.053938912989244,0.14848135472791,0.0742406773639551,0.165093651341578,0.726414590407433,0.108491758250988,0.0422184449777338,0.118094573197218,0.0590472865986088,0.180208737918393,0.711221199642087,0.10857006243952,0.038487947418119,0.0980251385307135,0.0490125692653568,0.172383576224596,0.701186482308835,0.126429941466569,0.0539390834201798,0.148482362592289,0.0742411812961443,0.165094339622642,0.726415094339623,0.108490566037736,0.0539408584086329,0.148485953524329,0.0742429767621645,0.165090566647038,0.726416889805643,0.10849254354732,29,4,20,5,32,1,27,4,28,6,19,3,22,6,15,1,22,3,15,4,20,5,14,1,36,8,26,2,23,2,18,3
56,2,0.217391304347826,0.652173913043478,0.130434782608696,0.0636848532969829,0.179613006807082,0.0898065034035411,0.268188177093544,0.562367409639937,0.169444413266518,0.0656354797650488,0.18506410559343,0.0925320527967149,0.257302119506449,0.559641860246763,0.183056020246788,0.0750251482698959,0.21154473644175,0.105772368220875,0.277510323316775,0.546401544822603,0.176088131860622,0.0646320947225982,0.182396606574761,0.0911983032873807,0.268292682926829,0.560975609756098,0.170731707317073,0.0669749163475077,0.188870312457324,0.0944351562286619,0.270930281095738,0.557738756814816,0.171330962089446,30,10,13,7,27,5,22,0,27,7,16,4,27,4,17,6,31,14,9,8,21,5,13,3,19,4,13,2,23,6,12,5
56,3,0.217391304347826,0.652173913043478,0.130434782608696,0.051008711895372,0.141135300540765,0.0705676502703825,0.26563615125313,0.581606262773096,0.152757585973774,0.0683097274102416,0.180037299648751,0.0900186498243757,0.292761958301075,0.562155263219103,0.145082778479822,0.0540539165058362,0.148867962126534,0.0744339810632669,0.269688934180722,0.577739931980211,0.152571133839067,0.0498031573832954,0.13768115942029,0.0688405797101449,0.264705882352941,0.583333333333333,0.151960784313725,0.0506834605662206,0.138423623418229,0.0692118117091143,0.268137643976233,0.582962101334364,0.148900254689403,29,6,21,2,22,8,10,4,32,11,20,1,24,8,11,5,23,1,15,7,27,8,18,1,21,3,16,2,26,9,8,9
56,4,0.217391304347826,0.652173913043478,0.130434782608696,0.0473422096839281,0.130826249511072,0.0654131247555362,0.15197817959229,0.697240473759556,0.150781346648154,0.0648421313480899,0.182838186145134,0.0914190930725669,0.125972211275259,0.704101583331057,0.169926205393684,0.0451586023249777,0.126949854178286,0.0634749270891433,0.153916377258683,0.690006396619943,0.156077226121374,0.0438791976316327,0.114340619745376,0.057170309872688,0.160220994475138,0.701657458563536,0.138121546961326,0.0480175628288119,0.132459646393539,0.0662298231967697,0.151161481151056,0.698278720696944,0.150559798151999,29,2,21,6,17,1,11,5,20,2,16,2,23,6,15,2,26,4,17,5,25,3,21,1,20,0,19,1,21,11,7,3
56,5,0.217391304347826,0.652173913043478,0.130434782608696,0.0442090452139411,0.124986894827731,0.0624934474138654,0.187752775542096,0.714667360457344,0.0975798640005601,0.00946854063880132,0.0245566625008005,0.0122783312504002,0.206624846963721,0.664452244293879,0.128922908742401,0.0712024253773665,0.201168847296121,0.100584423648061,0.163005395054542,0.752758336691539,0.0842362682539189,0.0663168433183733,0.179815069840645,0.0899075349203227,0.149321266968326,0.742081447963801,0.108597285067873,0.0537010611686361,0.151852963811941,0.0759264819059703,0.180871311465396,0.728100394949449,0.0910282935851549,33,3,30,0,36,2,33,1,27,6,9,12,25,10,10,5,22,4,15,3,32,4,28,0,25,1,24,0,21,3,15,3
57,1,0.173913043478261,0.695652173913043,0.130434782608696,0.0565141914632057,0.158608182498383,0.0793040912491915,0.142859055103111,0.647402071039002,0.209738873857887,0.0904965225132756,0.238911258736248,0.119455629368124,0.15396204791907,0.59614754010411,0.24989041197682,0.0591861889120541,0.167401311552214,0.0837006557761072,0.132459709150909,0.653404852464288,0.214135438384803,0.0704697537078388,0.199224331496224,0.0996121657481119,0.126760563380282,0.643192488262911,0.230046948356808,0.0605799107829761,0.169784033675843,0.0848920168379215,0.141461908425309,0.643211292128074,0.215326799446617,28,2,16,10,23,8,12,3,23,5,14,4,29,3,10,16,29,0,28,1,21,1,20,0,28,2,17,9,32,6,20,6
57,2,0.173913043478261,0.695652173913043,0.130434782608696,0.0107957103742796,0.0270009429767144,0.0135004714883572,0.186837742431661,0.696227946448,0.116934311120338,0.00993048457467397,0.0279291115552268,0.0139645557776134,0.187877599255874,0.689960311570563,0.122162089173563,0.0134264091678179,0.0371116630695557,0.0185558315347779,0.192468875013039,0.682886632627884,0.124644492359078,0.0147004660001197,0.0383125269048644,0.0191562634524322,0.193069306930693,0.693069306930693,0.113861386138614,0.0112902290003987,0.0284555035720541,0.0142277517860271,0.188140795264288,0.694813823150134,0.117045381585578,29,5,24,0,16,2,13,1,35,3,26,6,24,1,17,6,21,2,16,3,27,7,17,3,18,6,10,2,32,13,17,2
57,3,0.173913043478261,0.695652173913043,0.130434782608696,0.0529177288791652,0.144827355538433,0.0724136777692166,0.154065406852482,0.76806585168226,0.0778687414652575,0.0450487512819236,0.126564290198475,0.0632821450992373,0.199181316657099,0.733666045833443,0.0671526375094583,0.0569025261155623,0.156528004262404,0.0782640021312019,0.150995409353857,0.773916176044245,0.0750884146018973,0.0583798352401541,0.157082748948107,0.0785413744740533,0.15668202764977,0.774193548387097,0.0691244239631336,0.0569172253740775,0.156566977724233,0.0782834888621166,0.150992499530103,0.77393566277516,0.0750718376947368,24,5,19,0,23,6,11,6,24,5,19,0,23,4,17,2,27,0,24,3,33,0,32,1,31,8,21,2,32,6,25,1
57,4,0.173913043478261,0.695652173913043,0.130434782608696,0.040421945232435,0.108056351580777,0.0540281757903887,0.21710173029068,0.706491662891013,0.0764066068183069,0.0935334435279563,0.262867938206215,0.131433969103107,0.305347012581368,0.617028159817531,0.0776248276011011,0.0432318233613339,0.110510938721582,0.0552554693607911,0.224203758015846,0.70061692873625,0.0751793132479046,0.043150327826082,0.106173432620706,0.0530867163103531,0.226519337016575,0.696132596685083,0.0773480662983425,0.0428176540089678,0.107508396006462,0.0537541980032312,0.224933296582428,0.698386118812107,0.0766805846054644,28,3,23,2,27,11,15,1,20,7,10,3,19,1,18,0,28,9,19,0,22,6,15,1,23,4,12,7,14,0,14,0
57,5,0.173913043478261,0.695652173913043,0.130434782608696,0.074830867398747,0.187957784735784,0.0939788923678921,0.263038743831881,0.601673281545151,0.135287974622967,0.0323053819553086,0.0910509029390974,0.0455254514695487,0.193354398067275,0.650126722443495,0.15651887948923,0.0731962124451818,0.179300350883084,0.089650175441542,0.263556239224202,0.606001998471501,0.130441762304296,0.073051827518285,0.183574879227053,0.0917874396135266,0.265700483091787,0.608695652173913,0.1256038647343,0.0743190636367067,0.183314192856248,0.091657096428124,0.264286146191492,0.603995077484919,0.131718776323588,32,6,26,0,24,3,17,4,27,10,16,1,23,3,15,5,26,2,19,5,24,6,17,1,28,16,8,4,23,9,8,6
58,1,0.130434782608696,0.739130434782609,0.130434782608696,0.0382414397873989,0.107816419288869,0.0539082096444347,0.153641851906844,0.769831575128895,0.0765265729642609,0.0313328535758416,0.0790650409382326,0.0395325204691163,0.132865921302668,0.776231816557752,0.0909022621395793,0.0344386729565238,0.0921166257642302,0.0460583128821151,0.16717550910389,0.748448021169529,0.0843764697265806,0.0449752330090543,0.124027459954233,0.0620137299771167,0.173684210526316,0.757894736842105,0.068421052631579,0.0387039117386421,0.108168121269669,0.0540840606348343,0.164768929542334,0.758880348483805,0.0763507219738613,32,11,19,2,19,0,17,2,27,3,22,2,15,1,13,1,25,5,16,4,31,10,21,0,20,2,18,0,21,1,18,2
58,2,0.130434782608696,0.739130434782609,0.130434782608696,0.0307364688437538,0.0811522952888596,0.0405761476444297,0.137221821017742,0.698554287138179,0.16422389184408,0.0292240044004145,0.0823330328846841,0.041166516442342,0.147847537274442,0.697963918340267,0.154188544385291,0.0385651371872778,0.102191336070075,0.0510956680350373,0.139465073211702,0.688034766747571,0.172500160040726,0.0285323886274805,0.0764751552795031,0.0382375776397516,0.138392857142857,0.700892857142857,0.160714285714286,0.0295258881239962,0.0765531547726633,0.0382765773863316,0.135121606948474,0.700853857396277,0.164024535655249,24,3,19,2,20,2,15,3,29,5,22,2,31,5,20,6,30,0,21,9,36,2,31,3,29,5,17,7,25,9,12,4
58,3,0.130434782608696,0.739130434782609,0.130434782608696,0.0498803489030371,0.12394738581275,0.0619736929063751,0.0684610897023205,0.740936468178364,0.190602442119315,0.0325053768129008,0.0918949688475768,0.0459474844237884,0.0844872981849073,0.763337379722078,0.152175322093015,0.0490705717425756,0.132519346736856,0.0662596733684279,0.0641751092402677,0.754396249507957,0.181428641251775,0.0429654540968287,0.109130434782609,0.0545652173913043,0.08,0.735,0.185,0.0495067368982403,0.122566499154524,0.0612832495772619,0.0704734035849818,0.737808564229061,0.191718032185958,25,1,10,14,27,0,23,4,23,0,16,7,18,0,18,0,24,0,20,4,27,4,20,3,26,9,15,2,30,2,25,3
58,4,0.130434782608696,0.739130434782609,0.130434782608696,0.00431751006507638,0.0117927980535537,0.00589639902677683,0.136331181635472,0.737555442693764,0.126113375670763,0.00615205746304364,0.0172734671679312,0.00863673358396555,0.12179804902473,0.744358109714106,0.133843841261164,0.015894603385656,0.0445005983460599,0.0222502991730299,0.144325933860785,0.716880135609579,0.138793930529636,0.00430674591812491,0.0118577075098814,0.0059288537549407,0.136363636363636,0.737373737373737,0.126262626262626,0.00255350895410506,0.00698674268063365,0.00349337134031688,0.133928153949013,0.736591360648986,0.129480485402002,24,2,17,5,24,3,19,2,21,3,15,3,24,10,11,3,24,3,19,2,21,1,20,0,21,3,16,2,39,2,29,8
58,5,0.130434782608696,0.739130434782609,0.130434782608696,0.0225228925293927,0.0636955059365782,0.031847752968289,0.145898762377279,0.755514207982315,0.0985870296404066,0.033757739585695,0.095477881495174,0.047738940747587,0.178173723356283,0.714910785701317,0.106915490942401,0.0306293316398406,0.0827143204310907,0.0413571602155454,0.120910704248392,0.780487594998154,0.0986017007534538,0.0246457331422131,0.0687791697371653,0.0343895848685827,0.096045197740113,0.751412429378531,0.152542372881356,0.020883023992809,0.0586341630125496,0.0293170815062747,0.14818081191925,0.750701486978329,0.101117701102421,18,4,13,1,22,3,13,6,25,1,24,0,23,2,21,0,26,4,22,0,26,2,9,15,19,0,14,5,18,1,17,0
59,1,0.0869565217391304,0.782608695652174,0.130434782608696,0.0156468758934012,0.04404709172104,0.02202354586052,0.0649329758786105,0.795480484343772,0.139586539777617,0.0352198765636973,0.0968929918806647,0.0484464959403323,0.0527151735962454,0.831055191592506,0.116229634811248,0.0174879608508533,0.0481340366976177,0.0240670183488089,0.0628895033903216,0.789709950480943,0.147400546128735,0.017427985558314,0.045570797488956,0.022785398744478,0.0641711229946524,0.802139037433155,0.133689839572193,0.0199127767356558,0.0559423707665982,0.0279711853832991,0.0589853363558313,0.799420523857001,0.141594139787167,25,2,22,1,23,0,21,2,18,0,17,1,29,1,23,5,23,1,21,1,22,2,17,3,32,0,23,9,15,6,6,3
59,2,0.0869565217391304,0.782608695652174,0.130434782608696,0.00671007665312303,0.0170211943955797,0.00851059719778985,0.0863364665349628,0.774718153658552,0.138945379806485,0.0380716252290808,0.103071359881235,0.0515356799406178,0.099225167616123,0.821875729715799,0.0788991026680779,0.00289712126646519,0.00788998673545134,0.00394499336772569,0.0879710320215461,0.778663702284448,0.133365265694006,0.00824847302557676,0.0209486166007905,0.0104743083003953,0.0772727272727273,0.781818181818182,0.140909090909091,0.00124346434919306,0.00327209096048674,0.00163604548024338,0.0866969090378714,0.78123226287319,0.132070828088939,23,2,12,9,29,0,25,4,36,5,28,3,23,0,13,10,37,3,32,2,26,1,24,1,26,4,21,1,20,2,17,1
59,3,0.0869565217391304,0.782608695652174,0.130434782608696,0.0291157319455348,0.0819295174327761,0.0409647587163881,0.103832631893918,0.806697344213774,0.0894700238923075,0.0344972212252395,0.0845341006235361,0.042267050311768,0.129223572050898,0.782575164615993,0.0882012633331081,0.0354688444752826,0.096973615471127,0.0484868077355635,0.100072010288734,0.817980014838134,0.0819479748731321,0.0276109954903095,0.0676328502415458,0.0338164251207729,0.0869565217391304,0.816425120772947,0.0966183574879227,0.0352849758676953,0.0967077527340388,0.0483538763670194,0.100457727479945,0.817461366278379,0.0820809062416762,27,3,24,0,21,3,18,0,21,4,13,4,32,5,26,1,32,1,28,3,22,0,17,5,32,1,31,0,20,1,12,7
59,4,0.0869565217391304,0.782608695652174,0.130434782608696,0.0131856210640016,0.0323213547850086,0.0161606773925043,0.0708191808754023,0.782585359123398,0.1465954600012,0.0198613468048491,0.0561592131487371,0.0280796065743686,0.0735178975643909,0.767967713252545,0.158514389183064,0.0132148152721773,0.0372839470763342,0.0186419735381671,0.0683145482009633,0.793071886854957,0.13861356494408,0.00523993675893535,0.0142057684029273,0.00710288420146363,0.0940594059405941,0.777227722772277,0.128712871287129,0.0132405549249015,0.0342611385353105,0.0171305692676553,0.0718432496661313,0.780591398457518,0.147565351876351,27,12,13,2,21,0,17,4,21,3,16,2,32,2,30,0,27,2,20,5,29,0,21,8,25,0,21,4,20,0,19,1
59,5,0.0869565217391304,0.782608695652174,0.130434782608696,0.0235507429777538,0.0660701589357007,0.0330350794678503,0.0741089800462043,0.815643775120024,0.110247244833771,0.023311571059178,0.0615147043075312,0.0307573521537656,0.0561991695853648,0.787709580904293,0.156091249510342,0.0234391562267493,0.0648158680798565,0.0324079340399283,0.07678458799002,0.815016629692102,0.108198782317878,0.0208444934114106,0.058544984933276,0.029272492466638,0.0693069306930693,0.811881188118812,0.118811881188119,0.0239450857137263,0.0664101199287305,0.0332050599643653,0.0761088757113582,0.815813755616539,0.108077368672103,24,1,19,4,22,2,20,0,24,0,24,0,29,7,22,0,34,2,28,4,24,1,19,4,20,0,14,6,25,1,18,6
60,1,0.0434782608695652,0.826086956521739,0.130434782608696,0.0229787217496057,0.0610214213812958,0.0305107106906479,0.0379107783419652,0.801143728358691,0.160945493299344,0.0285736970497085,0.0744809985360005,0.0372404992680002,0.0384426774197354,0.863327455789739,0.0982298667905252,0.0188011296769915,0.0531701762506325,0.0265850881253163,0.0305711162405469,0.812409013025441,0.157019870734012,0.0353560328505193,0.0993200082423243,0.0496600041211622,0.023696682464455,0.796208530805687,0.180094786729858,0.0269946780967226,0.070864473069742,0.035432236534871,0.0380701249274837,0.79606285592895,0.165867019143567,25,0,22,3,22,0,17,5,25,0,25,0,25,1,23,1,35,0,24,11,23,2,19,2,29,2,26,1,27,0,12,15
60,2,0.0434782608695652,0.826086956521739,0.130434782608696,0.00649190429504636,0.0183544524674634,0.00917722623373174,0.0391157474104647,0.835264182755471,0.125620069834064,0.0242989809058984,0.063809764739128,0.031904882369564,0.0385811157159183,0.857991838891303,0.103427045392779,0.0165999603161395,0.0461878889413839,0.0230939444706919,0.03558372896016,0.849180900992431,0.115235370047409,0.0153105902266276,0.0416059912627418,0.0208029956313709,0.0382775119617225,0.84688995215311,0.114832535885167,0.0144431973656908,0.0402203143438182,0.0201101571719091,0.0365207795956064,0.846197113693648,0.117282106710745,27,2,25,0,23,0,21,2,27,0,22,5,30,2,26,2,22,0,13,9,34,0,33,1,27,0,25,2,19,4,12,3
60,3,0.0434782608695652,0.826086956521739,0.130434782608696,0.0421249912952447,0.118709893800117,0.0593549469000584,0.06873815055637,0.766732009621681,0.164529839821949,0.0707699340318742,0.199523792151957,0.0997618960759786,0.0864131011623518,0.726325060445761,0.187261838391888,0.0320464494111159,0.0906311025206039,0.045315551260302,0.0655546671936598,0.780771405261437,0.153673927544903,0.0414552014061391,0.11533180778032,0.0576659038901602,0.0631578947368421,0.768421052631579,0.168421052631579,0.0373230697881312,0.105565294355895,0.0527826471779476,0.0699764735636968,0.773304309343792,0.156719217092512,23,0,23,0,21,0,12,9,27,3,19,5,27,3,18,6,22,4,18,0,34,2,30,2,17,0,10,7,19,0,16,3
60,4,0.0434782608695652,0.826086956521739,0.130434782608696,0.0150345027603701,0.0420683040737938,0.0210341520368969,0.0302727380980834,0.818258327256324,0.151468934645593,0.112541688136847,0.291197813639992,0.145598906819996,0.0263489619649534,0.697617348606355,0.276033689428691,0.0148764938904793,0.0420329695818849,0.0210164847909425,0.0224617760786227,0.837429243870595,0.140108980050783,0.017371679550638,0.0489895897121862,0.0244947948560931,0.0328638497652582,0.812206572769953,0.154929577464789,0.0186997590556663,0.0528478495386674,0.0264239247693337,0.0311902210727828,0.811951071549188,0.156858707378029,31,0,28,3,29,6,13,10,19,0,19,0,30,1,21,8,27,0,18,9,26,0,25,1,19,0,17,2,32,0,32,0
60,5,0.0434782608695652,0.826086956521739,0.130434782608696,0.0538178026257955,0.145399855205545,0.0726999276027727,0.0993365360821766,0.753387028918966,0.147276434998857,0.072974819608093,0.205196046734922,0.102598023367461,0.104432356502594,0.723488933154278,0.172078710343128,0.0554580759114521,0.14987437230715,0.0749371861535751,0.100989580164083,0.751149770368164,0.147860649467753,0.0578967861446054,0.154376556215284,0.0771882781076422,0.105726872246696,0.748898678414097,0.145374449339207,0.0578486015710566,0.157040724388627,0.0785203621943136,0.102628278472979,0.747566594327426,0.149805127199595,24,0,22,2,27,3,19,5,23,1,21,1,28,1,22,5,31,7,14,10,31,8,19,4,32,4,28,0,31,0,25,6
61,1,0.782608695652174,0.0434782608695652,0.173913043478261,0.0824605595452498,0.211149871060616,0.105574935530308,0.888183631182482,0.0335867784830225,0.0782295903344956,0.0789859649955805,0.200876038413159,0.10043801920658,0.883046714858754,0.0355951370231441,0.0813581481181022,0.0649441635768844,0.159761475169679,0.0798807375848397,0.862489433237014,0.042792412787863,0.0947181539751234,0.0829465457196206,0.21256038647343,0.106280193236715,0.888888888888889,0.0333333333333333,0.0777777777777778,0.0827643346193095,0.212692787319787,0.106346393659894,0.888955089312068,0.0326457778280835,0.0783991328598488,18,14,3,1,23,18,0,5,18,16,1,1,20,19,0,1,20,18,0,2,26,24,1,1,29,25,1,3,26,26,0,0
61,2,0.782608695652174,0.0434782608695652,0.173913043478261,0.0290055130798102,0.0785278119870916,0.0392639059935458,0.743344789658628,0.0528272693399847,0.203827941001387,0.0273856570080141,0.068513931274539,0.0342569656372695,0.748351730014904,0.0449604488029535,0.206687821182142,0.0064383353221913,0.016626243798544,0.00831312189927202,0.774295573752902,0.0444181083104555,0.181286317936643,0.0142259221179762,0.0397936624907886,0.0198968312453943,0.76271186440678,0.0508474576271186,0.186440677966102,0.0245500682575502,0.067423970945965,0.0337119854729825,0.748896710179191,0.0531450044256742,0.197958285395134,18,14,1,3,28,24,0,4,23,22,0,1,28,18,6,4,19,14,0,5,24,21,0,3,18,18,0,0,19,4,2,13
61,3,0.782608695652174,0.0434782608695652,0.173913043478261,0.05420417123857,0.150050155313588,0.0750250776567938,0.857633773308968,0.0195880038410128,0.122778222850019,0.0449382185786601,0.121571160630812,0.060785580315406,0.84339427596758,0.029147853873294,0.127457870159126,0.0446354487640436,0.12460805361402,0.06230402680701,0.844912722459184,0.0211092487910557,0.13397802874976,0.0483775844191099,0.134782608695652,0.067391304347826,0.85,0.02,0.13,0.049215131208571,0.137220786959641,0.0686103934798203,0.851219089131994,0.0193049020539143,0.129476008814091,24,21,0,3,27,21,0,6,21,16,2,3,28,26,0,2,20,20,0,0,25,22,2,1,19,18,0,1,36,26,0,10
61,4,0.782608695652174,0.0434782608695652,0.173913043478261,0.0108385818791095,0.0306249139464259,0.0153124569732129,0.797921152625387,0.0352230484033162,0.166855798971297,0.00469959038600528,0.0122103509807926,0.00610517549039636,0.787936002911499,0.0373730853791689,0.174690911709332,0.00937457556982297,0.0258962223959214,0.0129481111979607,0.795556806850135,0.0394707439334515,0.164972449216414,0.0171933627246881,0.0483091787439613,0.0241545893719807,0.806763285024155,0.0289855072463768,0.164251207729469,0.0169265311464647,0.0476273879774961,0.023813693988748,0.806422389640922,0.0336790592286742,0.159898551130404,27,22,1,4,33,27,0,6,24,21,2,1,24,20,2,2,15,10,0,5,27,20,0,7,22,13,1,8,35,34,0,1
61,5,0.782608695652174,0.0434782608695652,0.173913043478261,0.0346672114387418,0.0936899044569652,0.0468449522284826,0.818556592375761,0.0543753163744605,0.127068091249778,0.0698336026947061,0.193325799745972,0.096662899872986,0.685945795779188,0.109339997144048,0.204714207076764,0.0379838770516813,0.102259558097007,0.0511297790485035,0.822437933905136,0.0547788016651062,0.122783264429757,0.0373642892236926,0.101672240802676,0.0508361204013378,0.82051282051282,0.0564102564102564,0.123076923076923,0.0363004262672259,0.0989349198474741,0.0494674599237371,0.81922978138787,0.0563246350576059,0.124445583554524,35,23,6,6,21,12,3,6,26,22,0,4,17,12,1,4,22,20,1,1,21,21,0,0,32,32,0,0,21,18,0,3
62,1,0.739130434782609,0.0869565217391304,0.173913043478261,0.0486094937883901,0.130396017019467,0.0651980085097335,0.673932426272875,0.100681228806582,0.225386344920542,0.0362618848632686,0.0991202589794692,0.0495601294897346,0.702938463340086,0.073588363691918,0.223473172967995,0.0280678249869276,0.0697660379762534,0.0348830189881267,0.705285101376094,0.0859188361575179,0.208796062466388,0.0398106508648186,0.112407211028632,0.0562036055143159,0.682926829268293,0.11219512195122,0.204878048780488,0.0397118902991586,0.104091934787623,0.0520459673938116,0.687084467388797,0.094704815145081,0.218210717466122,32,27,0,5,26,16,0,10,30,20,2,8,23,18,1,4,25,12,13,0,28,20,3,5,24,22,0,2,17,5,4,8
62,2,0.739130434782609,0.0869565217391304,0.173913043478261,0.0423917294646631,0.119016413548631,0.0595082067743155,0.798638641556924,0.0635006788568085,0.137860679586267,0.0674627540207195,0.189161654333291,0.0945808271666457,0.833711261949254,0.0505143854128183,0.115774352637927,0.0540249257923489,0.150254746815834,0.0751273734079171,0.814257808190526,0.0614322384225396,0.124309953386935,0.0557123802722811,0.155402496771416,0.0777012483857081,0.816831683168317,0.0594059405940594,0.123762376237624,0.0532627027749151,0.14808527672551,0.074042638362755,0.813173073145364,0.0619201530601593,0.124906773794477,14,5,1,8,25,22,0,3,29,23,2,4,26,21,0,5,28,25,1,2,35,33,0,2,30,22,7,1,15,14,1,0
62,3,0.739130434782609,0.0869565217391304,0.173913043478261,0.0356974121587278,0.09136263118032,0.04568131559016,0.693449119192449,0.128408222135561,0.17814265867199,0.0671650844747179,0.171242720615306,0.0856213603076529,0.653509074474956,0.165382645917204,0.18110827960784,0.0449873683798426,0.120832371284778,0.0604161856423889,0.67871424914022,0.134433324846093,0.186852426013688,0.0364759832274813,0.0902827274887146,0.0451413637443573,0.693989071038251,0.131147540983607,0.174863387978142,0.0359341702281533,0.0898437325257659,0.044921866262883,0.694208568519726,0.129994537598053,0.175796893882222,27,17,5,5,17,8,2,7,26,18,6,2,24,14,5,5,18,15,0,3,25,20,0,5,22,15,3,4,24,20,3,1
62,4,0.739130434782609,0.0869565217391304,0.173913043478261,0.0404642437019994,0.111893627911293,0.0559468139556465,0.683183620826962,0.104513689773774,0.212302689399263,0.0987684281436619,0.263490868183776,0.131745434091888,0.607385000690721,0.112640197444063,0.279974801865216,0.0495013359890285,0.139384053106551,0.0696920265532752,0.669438408229333,0.11607196146496,0.214489630305707,0.0441481401580049,0.117436127297176,0.058718063648588,0.680412371134021,0.0979381443298969,0.221649484536082,0.0429106855140047,0.118360342600672,0.0591801713003359,0.679950263482273,0.104916005918614,0.215133730599113,24,13,2,9,21,17,2,2,29,17,4,8,23,21,0,2,22,19,3,0,31,19,4,8,18,10,3,5,26,16,1,9
62,5,0.739130434782609,0.0869565217391304,0.173913043478261,0.0328914111974226,0.0825359231577714,0.0412679615788857,0.778351612944964,0.0456885601602447,0.175959826894791,0.0217290728435685,0.0594039471413471,0.0297019735706736,0.717454971133298,0.0789300118177678,0.203615017048934,0.0300970121193794,0.080702871754517,0.0403514358772585,0.771035024139824,0.0466050858618719,0.182359889998304,0.0253372304766357,0.0698160535117058,0.0349080267558529,0.774038461538462,0.0625,0.163461538461538,0.0318867468632494,0.081074913310297,0.0405374566551485,0.77650714061281,0.0464190650839819,0.177073794303208,23,21,0,2,23,16,0,7,23,21,0,2,30,25,0,5,33,23,4,6,26,17,3,6,24,16,6,2,26,22,0,4
63,1,0.695652173913043,0.130434782608696,0.173913043478261,0.0230143591206908,0.0604757382803818,0.0302378691401909,0.670105174277956,0.160672651748887,0.169222173973157,0.0210724442382483,0.0540978538766576,0.0270489269383288,0.698344346633025,0.154791536827043,0.146864116539932,0.0121276032549883,0.0327026130354761,0.0163513065177381,0.691959178619917,0.146786089126434,0.161254732253649,0.0146412680352024,0.0391304347826086,0.0195652173913043,0.68,0.15,0.17,0.0203835913987255,0.0536381578347193,0.0268190789173597,0.67308900391869,0.157253861526055,0.169657134555255,22,17,3,2,19,18,1,0,30,29,0,1,26,13,1,12,26,9,10,7,21,8,7,6,32,24,3,5,24,18,5,1
63,2,0.695652173913043,0.130434782608696,0.173913043478261,0.019268321871059,0.0540134902978173,0.0270067451489087,0.722658919061952,0.1137883018693,0.163552779068748,0.0257365269025816,0.0727896614443189,0.0363948307221594,0.732047004635203,0.11189759079172,0.156055404573077,0.029002027670734,0.0820237748821188,0.0410118874410594,0.736664061354103,0.109486990596964,0.153848948048933,0.0121810708794697,0.0343366778149387,0.0171683389074694,0.712820512820513,0.123076923076923,0.164102564102564,0.0175308189432249,0.0495286644313194,0.0247643322156598,0.720416506128703,0.119072570747156,0.160510923124141,25,20,0,5,30,18,12,0,26,20,3,3,16,15,1,0,21,8,1,12,24,18,1,5,27,23,0,4,26,17,6,3
63,3,0.695652173913043,0.130434782608696,0.173913043478261,0.0357522965025427,0.099215213190122,0.049607606595061,0.679313244137358,0.09716610578932,0.223520650073322,0.0453683905306137,0.115172811093387,0.0575864055466936,0.63806576836635,0.134727154556003,0.227207077077648,0.037824086321781,0.10317024839154,0.05158512419577,0.682116180682364,0.0923856516436053,0.225498167674031,0.0458985721848559,0.128364389233954,0.0641821946169772,0.671957671957672,0.0899470899470899,0.238095238095238,0.0379102123993644,0.105292321898878,0.0526461609494389,0.678107624591753,0.0953331709805476,0.2265592044277,27,18,5,4,31,18,3,10,22,18,0,4,24,21,3,0,18,15,2,1,18,10,4,4,29,19,0,10,20,8,0,12
63,4,0.695652173913043,0.130434782608696,0.173913043478261,0.0255834806783323,0.0709966240561822,0.0354983120280911,0.731150485941135,0.106629711486666,0.1622198025722,0.0490862448052364,0.13616283992973,0.0680814199648651,0.763733593877909,0.108136275796671,0.12813013032542,0.0200035507354829,0.0558574337233933,0.0279287168616966,0.72358089077474,0.112571303266033,0.163847805959226,0.0284033343520773,0.079595123073384,0.039797561536692,0.735449735449735,0.105820105820106,0.158730158730159,0.0288730431309872,0.0811763088030808,0.0405881544015404,0.736240328314584,0.10627674097055,0.157482930714866,31,25,0,6,21,10,3,8,28,20,7,1,17,10,1,6,14,11,2,1,28,21,5,2,21,18,1,2,29,24,1,4
63,5,0.695652173913043,0.130434782608696,0.173913043478261,0.072627398237121,0.188736055453014,0.0943680277265072,0.790020201639551,0.118366505521095,0.0916132928393546,0.077560799627247,0.193801454117194,0.0969007270585969,0.79255290097164,0.126495128800356,0.0809519702280039,0.0762022434596925,0.188589262743685,0.0942946313718425,0.789946805284886,0.128471144653473,0.0815820500616411,0.0783333399669073,0.212409420289855,0.106204710144928,0.776041666666667,0.15625,0.0677083333333333,0.0642842748042859,0.158157133767441,0.0790785668837205,0.774032636216804,0.131132887188656,0.0948344765945403,32,21,10,1,23,23,0,0,29,12,13,4,24,20,3,1,22,18,0,4,24,22,2,0,16,15,0,1,22,18,2,2
64,1,0.652173913043478,0.173913043478261,0.173913043478261,0.0332493531465524,0.089545030352227,0.0447725151761135,0.68700386946266,0.129140528302147,0.183855602235192,0.0618928962786747,0.175028772637476,0.087514386318738,0.739688299362216,0.128734563899767,0.131577136738017,0.0510342662042123,0.141419240386453,0.0707096201932265,0.700052967612348,0.103203423285034,0.196743609102617,0.0691898541361287,0.189410245372363,0.0947051226861817,0.678217821782178,0.0792079207920792,0.242574257425743,0.02673597787803,0.0745158590684001,0.0372579295342,0.665225801088836,0.136655113944061,0.198119084967104,27,20,4,3,21,21,0,0,23,15,1,7,26,13,1,12,33,7,3,23,20,16,2,2,24,23,1,0,28,22,4,2
64,2,0.652173913043478,0.173913043478261,0.173913043478261,0.0610672305165946,0.168263555893389,0.0841317779466944,0.736305690990173,0.114959498684865,0.148734810324963,0.102337827573554,0.286199413905074,0.143099706952537,0.795273619996015,0.0836174749906834,0.121108905013301,0.0777820501913757,0.212537609718725,0.106268804859362,0.758442717902841,0.0961762665029671,0.145381015594192,0.0612339882184591,0.154589371980676,0.0772946859903382,0.72463768115942,0.0966183574879227,0.178743961352657,0.0563266445322862,0.152397455302491,0.0761987276512457,0.728372640694724,0.115705180090307,0.155922179214969,31,25,6,0,23,17,6,0,28,25,0,3,24,15,5,4,29,21,1,7,30,10,0,20,25,22,1,2,17,15,1,1
64,3,0.652173913043478,0.173913043478261,0.173913043478261,0.0333061960812812,0.0878902834371526,0.0439451417185763,0.6448837273994,0.137258087403763,0.217858185196837,0.051145812848699,0.1425539011378,0.0712769505689001,0.605879993322959,0.14893001262988,0.245189994047161,0.032836767290554,0.0875643437793413,0.0437821718896707,0.660658992960846,0.13013087158859,0.209210135450564,0.0343867254493762,0.0966183574879227,0.0483091787439613,0.671497584541063,0.1256038647343,0.202898550724638,0.0327909085288667,0.0872560340952553,0.0436280170476276,0.660374963784661,0.130285026430633,0.209340009784705,24,17,2,5,24,21,1,2,33,32,0,1,28,20,2,6,27,14,6,7,31,15,6,10,26,17,4,5,14,3,5,6
64,4,0.652173913043478,0.173913043478261,0.173913043478261,0.0172638555705241,0.0478473038408735,0.0239236519204368,0.659916115462169,0.149989391557824,0.190094492980007,0.0872622250829118,0.235220395417133,0.117610197708567,0.534563715334912,0.200346473610572,0.265089811054516,0.0252854882114267,0.0655367115328569,0.0327683557664284,0.680956075295487,0.141144687711832,0.17789923699268,0.0222841419908641,0.060744747243603,0.0303723736218015,0.674641148325359,0.143540669856459,0.181818181818182,0.0209612843772703,0.0578558476909155,0.0289279238454578,0.672245421721317,0.144985119632803,0.18276945864588,22,10,4,8,26,23,1,2,30,27,0,3,22,9,6,7,24,13,9,2,30,23,4,3,26,13,1,12,29,23,5,1
64,5,0.652173913043478,0.173913043478261,0.173913043478261,0.0707883707013575,0.197274676775606,0.0986373383878028,0.617670666444183,0.272550381866064,0.109778951689753,0.0738277103818997,0.204534431327221,0.102267215663611,0.721524509667615,0.206829662517735,0.0716458278146503,0.0575823584617377,0.15088123269701,0.0754406163485048,0.663339992500964,0.23818758036928,0.098472427129756,0.0401874363339892,0.103154305200341,0.0515771526001705,0.647058823529412,0.225490196078431,0.127450980392157,0.0610320720686739,0.161694604246764,0.080847302123382,0.637925747383622,0.254760345601643,0.107313907014735,31,27,2,2,23,16,7,0,21,15,6,0,19,8,11,0,21,3,6,12,28,21,6,1,28,18,2,8,33,24,6,3
65,1,0.608695652173913,0.217391304347826,0.173913043478261,0.0252060430149502,0.0712851175095125,0.0356425587547562,0.644338210928669,0.199097890701844,0.156563898369487,0.0680094422139271,0.192075134763565,0.0960375673817823,0.704733219555695,0.164843107459128,0.130423672985176,0.0369177093838814,0.103496500968009,0.0517482504840043,0.660443902657917,0.185520110812679,0.154035986529403,0.0316900753986342,0.0865302642796249,0.0432651321398124,0.651960784313726,0.205882352941176,0.142156862745098,0.0299283726828256,0.0827322739111736,0.0413661369555868,0.6500617891295,0.188949803541793,0.160988407328708,33,26,1,6,22,14,6,2,24,21,2,1,21,10,9,2,27,20,4,3,24,19,2,3,29,16,2,11,24,7,16,1
65,2,0.608695652173913,0.217391304347826,0.173913043478261,0.0598050156738577,0.14698747671486,0.0734937383574298,0.682189390531343,0.144395812211642,0.173414797257015,0.0940919664672417,0.256636599888481,0.12831829994424,0.737013952118153,0.12272383329647,0.140262214585377,0.0577499751531287,0.144715226500962,0.0723576132504812,0.681053265424394,0.148412020610189,0.170534713965416,0.0652710933937048,0.16885208189556,0.0844260409477801,0.693121693121693,0.142857142857143,0.164021164021164,0.0610848696456364,0.155579909144952,0.077789954572476,0.686485606746389,0.145960436492162,0.167553956761449,23,18,0,5,21,16,2,3,21,13,2,6,24,21,2,1,27,20,4,3,20,5,6,9,24,20,2,2,29,18,9,2
65,3,0.608695652173913,0.217391304347826,0.173913043478261,0.0317977590811103,0.0796743661691903,0.0398371830845952,0.570710645470222,0.215539127966922,0.213750226562856,0.0591090397590398,0.158215949039826,0.0791079745199132,0.529587677654,0.233551614099294,0.236860708246707,0.045179990324516,0.118744829371659,0.0593724146858294,0.549323237488084,0.226631617986491,0.224045144525425,0.0421642443398534,0.112629399585921,0.0563146997929607,0.552380952380952,0.228571428571429,0.219047619047619,0.044495277033056,0.116765149308928,0.0583825746544642,0.550313077519449,0.226251562436243,0.223435360044308,33,17,8,8,26,17,6,3,27,20,3,4,20,12,2,6,32,14,6,12,19,9,7,3,38,12,16,10,15,15,0,0
65,4,0.608695652173913,0.217391304347826,0.173913043478261,0.0586978610145424,0.155062261988368,0.0775311309941839,0.686226783168097,0.204313306399956,0.109459910431947,0.012990915788018,0.0358385576666656,0.0179192788333328,0.603246058923185,0.235310583181159,0.161443357895656,0.0548419343729896,0.144502810807543,0.0722514054037717,0.680947057577685,0.205683985325902,0.113368957096413,0.0559687465727719,0.146245059288537,0.0731225296442687,0.681818181818182,0.207070707070707,0.111111111111111,0.0570543710670963,0.150796643200599,0.0753983216002994,0.684093973774212,0.204574300039553,0.111331726186235,27,16,4,7,23,21,0,2,28,16,6,6,24,19,2,3,24,18,6,0,19,10,7,2,25,20,5,0,28,15,11,2
65,5,0.608695652173913,0.217391304347826,0.173913043478261,0.0306621991740261,0.0857980032039058,0.0428990016019529,0.624666792504073,0.174492302745873,0.200840904750054,0.0260215958304891,0.0735616881964772,0.0367808440982386,0.62811675599438,0.180610460249587,0.191272783756033,0.0262634232591234,0.065130045477322,0.032565022738661,0.607882160568442,0.185639773214636,0.206478066216922,0.0306180023582578,0.0855762594893029,0.0427881297446515,0.624338624338624,0.174603174603175,0.201058201058201,0.029408664677819,0.0822653000940303,0.0411326500470151,0.623934392164693,0.176258654300811,0.199806953534496,26,15,8,3,25,10,7,8,26,22,2,2,29,20,6,3,26,15,4,7,23,12,2,9,17,12,3,2,17,12,1,4
66,1,0.565217391304348,0.260869565217391,0.173913043478261,0.0571233732119257,0.161469359685113,0.0807346798425564,0.645952071146904,0.222962561391723,0.131085367461373,0.038716534774325,0.0987091817226105,0.0493545908613052,0.614571982165653,0.215660626694133,0.169767391140214,0.0820659699301657,0.231995361159069,0.115997680579535,0.681215071883883,0.19960902199902,0.119175906117098,0.0723167421458641,0.195990087857626,0.0979950439288129,0.663212435233161,0.186528497409326,0.150259067357513,0.0724809274525262,0.204964602072801,0.1024823010364,0.667699692340748,0.211434168636199,0.120866139023053,33,28,5,0,25,13,7,5,18,10,8,0,14,7,4,3,29,22,7,0,21,15,2,4,21,7,1,13,32,26,2,4
66,2,0.565217391304348,0.260869565217391,0.173913043478261,0.0327083326001448,0.0866840469345242,0.0433420234672622,0.529551584697443,0.253193348357034,0.217255066945523,0.0337109145215858,0.0921781178976032,0.0460890589488016,0.519128332355546,0.273355324842377,0.207516342802077,0.0342883562348233,0.0885518432815343,0.0442759216407672,0.525954328087929,0.255856706793043,0.218188965119028,0.0263832901928414,0.0670201484623541,0.033510074231177,0.531707317073171,0.263414634146341,0.204878048780488,0.0349876891775174,0.0901767469862054,0.0450883734931027,0.525024223771822,0.255974359256815,0.219001416971364,33,27,3,3,19,14,3,2,25,16,1,8,24,14,5,5,24,11,8,5,32,7,13,12,19,9,6,4,29,11,15,3
66,3,0.565217391304348,0.260869565217391,0.173913043478261,0.0276832469424075,0.0752261154129829,0.0376130577064915,0.593430654946434,0.2232565075109,0.183312837542666,0.0208713150345818,0.0563552335000044,0.0281776167500022,0.543517136113751,0.254392203657986,0.202090660228263,0.0222328346649882,0.0626871905161075,0.0313435952580537,0.578736822076741,0.229525969959338,0.191737207963921,0.0241879768702572,0.0662935858803272,0.0331467929401636,0.589108910891089,0.227722772277228,0.183168316831683,0.0250935671107585,0.0692857014992974,0.0346428507496486,0.589204800062469,0.226226714467743,0.184568485469789,27,15,6,6,26,17,8,1,21,18,1,2,20,9,8,3,24,16,2,6,25,17,5,3,36,16,12,8,23,11,4,8
66,4,0.565217391304348,0.260869565217391,0.173913043478261,0.0540210490445912,0.149957114618631,0.0749785573093154,0.490238833995032,0.311050280657436,0.198710885347532,0.0537544161271904,0.143820460233589,0.0719102301167944,0.493307161187553,0.275470641239228,0.231222197573219,0.0563862064085077,0.159431055863449,0.0797155279317245,0.485501863372623,0.302511247521935,0.211986889105441,0.0734264160538466,0.207357859531773,0.103678929765886,0.461538461538462,0.307692307692308,0.230769230769231,0.0569865870933813,0.161066327121995,0.0805331635609973,0.48468422774335,0.303784512148419,0.21153126010823,36,18,9,9,33,12,5,16,30,18,7,5,34,11,12,11,29,17,1,11,18,11,7,0,28,11,16,1,26,10,15,1
66,5,0.565217391304348,0.260869565217391,0.173913043478261,0.040476490583234,0.104648521535667,0.0523242607678335,0.51895182250242,0.313193825985225,0.167854351512355,0.040690172173745,0.114781070993995,0.0573905354969978,0.597556831636493,0.285920660382244,0.116522507981263,0.0292846559265142,0.0828018812390973,0.0414009406195487,0.545443309662432,0.30227050583694,0.152286184500628,0.0151571869129309,0.042854171000624,0.021427085500312,0.555023923444976,0.282296650717703,0.162679425837321,0.0346435421838194,0.0958746418561984,0.0479373209280992,0.532486740812888,0.308806886145491,0.158706373041621,35,20,11,4,22,14,5,3,27,19,4,4,22,13,7,2,27,4,14,9,19,3,5,11,33,28,5,0,24,15,8,1
67,1,0.521739130434783,0.304347826086957,0.173913043478261,0.0562778725302621,0.157318496793245,0.0786592483966223,0.492913809452653,0.383007074483579,0.124079116063768,0.0732525768250352,0.195262957578688,0.097631478789344,0.502923070693666,0.401979304876301,0.0950976244300339,0.0648179113940321,0.181602453833765,0.0908012269168825,0.487219479664381,0.395149053003839,0.11763146733178,0.061171689526723,0.171120861587555,0.0855604307937774,0.467889908256881,0.389908256880734,0.142201834862385,0.0627370190190477,0.177042913525453,0.0885214567627264,0.482661461241591,0.392869282849683,0.124469255908726,30,9,4,17,26,19,6,1,30,15,12,3,23,16,6,1,23,10,7,6,24,10,12,2,23,11,11,1,39,12,27,0
67,2,0.521739130434783,0.304347826086957,0.173913043478261,0.0378782631161119,0.0963500261909546,0.0481750130954773,0.477365660513863,0.352522839182434,0.170111500303703,0.062438482522729,0.173137387492402,0.086568693746201,0.463380232260928,0.390916519833158,0.145703247905914,0.0338631792612614,0.0904712648933018,0.0452356324466509,0.485506045856257,0.349583458533607,0.164910495610136,0.0409588909742741,0.111304347826087,0.0556521739130434,0.48,0.36,0.16,0.0346121187973678,0.0872776073863361,0.043638803693168,0.480717143849771,0.347986629780125,0.171296226370105,27,13,12,2,23,17,5,1,28,22,3,3,24,5,16,3,23,10,10,3,29,13,5,11,24,6,17,1,22,10,4,8
67,3,0.521739130434783,0.304347826086957,0.173913043478261,0.038201932722187,0.105170977193682,0.0525854885968412,0.537300784977761,0.34137166014082,0.12132755488142,0.0542360546660624,0.143170803325668,0.0715854016628338,0.581384968170771,0.316287390013802,0.102327641815427,0.0327340214225001,0.0829069156254101,0.0414534578127051,0.524619785143689,0.342920629190755,0.132459585665556,0.0416135440118953,0.115021854152289,0.0575109270761445,0.53968253968254,0.343915343915344,0.116402116402116,0.0389913951119133,0.106501813238743,0.0532509066193713,0.535965025392605,0.343372837748505,0.12066213685889,24,9,9,6,26,14,10,2,21,16,3,2,23,14,8,1,23,16,4,3,23,15,6,2,27,13,13,1,22,5,12,5
67,4,0.521739130434783,0.304347826086957,0.173913043478261,0.0672558616650792,0.168350929137844,0.0841754645689222,0.43756366586586,0.384787804275967,0.177648529858173,0.105031577180544,0.257825461843231,0.128912730921615,0.393379876445385,0.433260557008572,0.173359566546043,0.0754544188285872,0.187242862029065,0.0936214310145327,0.42811769942025,0.395501801761165,0.176380498818585,0.0803809210723205,0.211124167645907,0.105562083822953,0.432432432432432,0.40990990990991,0.157657657657658,0.0753817297269965,0.187650304680718,0.093825152340359,0.427913978094424,0.395092335321767,0.17699368658381,28,15,10,3,35,13,15,7,26,18,7,1,25,14,6,5,27,7,17,3,27,8,14,5,22,15,1,6,32,6,21,5
67,5,0.521739130434783,0.304347826086957,0.173913043478261,0.054096523864884,0.146465269727159,0.0732326348635794,0.539188112772741,0.231115191223377,0.229696696003881,0.0764754038978522,0.194320436933703,0.0971602184668513,0.529177411043137,0.207187607620105,0.263634981336758,0.052873851307657,0.14530556622097,0.0726527831104851,0.542747360942369,0.231695042976471,0.22555759608116,0.0522401485034088,0.140610545790934,0.0703052728954672,0.537234042553192,0.234042553191489,0.228723404255319,0.0527171092351587,0.142761451103552,0.071380725551776,0.538795265994496,0.23296710053518,0.228237633470323,24,11,12,1,27,17,3,7,22,9,5,8,18,10,2,6,20,9,8,3,31,19,8,4,21,20,0,1,25,6,6,13
68,1,0.478260869565217,0.347826086956522,0.173913043478261,0.0469748816996508,0.130172527815564,0.0650862639077822,0.434194155098098,0.412912350864304,0.152893494037598,0.0519744090750697,0.14699891091396,0.0734994554569798,0.442128664062731,0.310458837002028,0.247412498935241,0.0470076975007048,0.127715057605852,0.0638575288029258,0.430324374285698,0.411683615759448,0.157992009954854,0.0479134018796542,0.122441021641646,0.0612205108208228,0.417040358744395,0.403587443946188,0.179372197309417,0.0485728548796327,0.133570037542188,0.0667850187710941,0.430946998983823,0.414611105727616,0.154441895288561,27,8,13,6,24,20,4,0,29,5,13,11,31,18,5,8,30,13,17,0,32,15,8,9,22,10,6,6,28,4,24,0
68,2,0.478260869565217,0.347826086956522,0.173913043478261,0.0131616643159084,0.036843191191337,0.0184215955956685,0.459839273969549,0.354728698642011,0.18543202738844,0.0493935207478439,0.125377959952128,0.0626889799760642,0.415571889589153,0.352484462952966,0.23194364745788,0.0116524714300043,0.0321005216808838,0.0160502608404419,0.462210608724776,0.35261671882891,0.185172672446315,0.0100359535544803,0.0252309078621311,0.0126154539310656,0.466321243523316,0.347150259067358,0.186528497409326,0.0119972716947477,0.0330594203263272,0.0165297101631636,0.461731159402054,0.35277758971489,0.185491250883057,22,7,7,8,27,9,12,6,22,9,12,1,28,21,7,0,26,17,3,6,19,11,6,2,25,4,14,7,24,12,6,6
68,3,0.478260869565217,0.347826086956522,0.173913043478261,0.0195509432218666,0.0536675044358141,0.0268337522179071,0.497450212887413,0.320992334738615,0.181557452373973,0.0368436112933328,0.0943841800895353,0.0471920900447676,0.473792226813038,0.305102639663934,0.221105133523028,0.020437631949465,0.0549620180336968,0.0274810090168484,0.499756424499952,0.320345077939673,0.179898497560375,0.0257157740980787,0.0693895476504172,0.0346947738252086,0.505050505050505,0.313131313131313,0.181818181818182,0.0221901714478796,0.0585471667147972,0.0292735833573987,0.50269044181904,0.318552503599123,0.178757054581837,29,12,12,5,32,18,13,1,14,2,8,4,29,16,5,8,25,9,10,6,21,17,4,0,23,14,5,4,25,12,5,8
68,4,0.478260869565217,0.347826086956522,0.173913043478261,0.0351690407483717,0.0945651401677771,0.0472825700838886,0.430978299481329,0.384830046335498,0.184191654183173,0.079973383428595,0.226130427126009,0.113065213563004,0.41931865763146,0.460891300519526,0.119790041849014,0.0323624992654622,0.0854294261436816,0.0427147130718408,0.442670206897084,0.390540800028363,0.166788993074554,0.0432690428108868,0.116096207215541,0.0580481036077706,0.420212765957447,0.393617021276596,0.186170212765957,0.0278301533237059,0.0747982228514732,0.0373991114257366,0.440861758139481,0.377144305459754,0.181993936400765,16,4,11,1,23,9,13,1,29,10,16,3,23,4,0,19,24,12,9,3,24,12,8,4,20,7,10,3,29,21,7,1
68,5,0.478260869565217,0.347826086956522,0.173913043478261,0.0861475727997716,0.243405839501142,0.121702919750571,0.412571440893267,0.469529006707093,0.11789955239964,0.0382439515482986,0.107526205596117,0.0537631027980586,0.500038860620041,0.379811198699757,0.120149940680202,0.0868141021934023,0.243370714499233,0.121685357249617,0.431543978803202,0.469511444206138,0.09894457699066,0.0988555144971794,0.278441090335661,0.139220545167831,0.419689119170984,0.487046632124352,0.0932642487046632,0.0725274416293297,0.205061696951903,0.102530848475951,0.429427217735355,0.450356935432473,0.120215846832172,17,2,15,0,24,4,19,1,33,24,4,5,21,7,14,0,22,13,6,3,28,11,16,1,25,6,18,1,23,14,2,7
69,1,0.434782608695652,0.391304347826087,0.173913043478261,0.0109142492510405,0.0277896821225214,0.0138948410612607,0.435909264759094,0.404072532823906,0.160018202417,0.0752724173822762,0.202041571069738,0.101020785534869,0.355203230818725,0.492325133360956,0.152471635820319,0.0135650006351138,0.0363791789793228,0.0181895894896614,0.452972198185314,0.387488567098491,0.159539234716196,0.00786423872906016,0.0204347826086957,0.0102173913043478,0.445,0.39,0.165,0.00840040899933109,0.0236289612306007,0.0118144806153003,0.446597089310952,0.384318292021197,0.16908461866785,19,5,9,5,19,6,13,0,33,14,17,2,28,3,17,8,36,20,3,13,27,20,4,3,21,16,5,0,17,5,10,2
69,2,0.434782608695652,0.391304347826087,0.173913043478261,0.0615311681182419,0.173232954363246,0.0866164771816229,0.348166131514029,0.441845593086125,0.209988275399846,0.0274675775421671,0.0731865023039546,0.0365932511519773,0.398189357543675,0.398313715025983,0.203496927430342,0.0567875490678599,0.160611734308522,0.0803058671542612,0.354476741541391,0.432138727771984,0.213384530686625,0.05908143309939,0.166862514688602,0.0834312573443008,0.351351351351351,0.436936936936937,0.211711711711712,0.0567510084351764,0.160490683762683,0.0802453418813417,0.35453726681431,0.432663654272535,0.212799078913155,24,4,16,4,32,12,6,14,27,14,9,4,35,13,14,8,32,16,13,3,25,7,9,9,23,9,10,4,24,3,20,1
69,3,0.434782608695652,0.391304347826087,0.173913043478261,0.0502248705976401,0.141885126685843,0.0709425633429213,0.363840045352731,0.423747268624692,0.212412686022577,0.0656909403587678,0.167256193355294,0.0836280966776471,0.351154512018005,0.398079766734176,0.250765721247819,0.051350976998391,0.140879514364484,0.070439757182242,0.36434285151341,0.411225052775667,0.224432095710923,0.0569534453629081,0.153147306943543,0.0765736534717716,0.358208955223881,0.407960199004975,0.233830845771144,0.0508964172382482,0.138804944161755,0.0694024720808773,0.365380136614775,0.409478618527055,0.22514124485817,28,4,9,15,34,14,10,10,20,4,16,0,24,6,11,7,22,8,13,1,30,9,13,8,16,7,7,2,27,20,3,4
69,4,0.434782608695652,0.391304347826087,0.173913043478261,0.0351650522562055,0.0967685505648097,0.0483842752824048,0.449020210721375,0.425451021082769,0.125528768195856,0.0787354183989602,0.219923400707907,0.109961700353953,0.394974678710238,0.50126604818004,0.103759273109722,0.0435911538017729,0.111210237514406,0.055605118757203,0.439534439004379,0.442157636274563,0.118307924721058,0.043219825400271,0.115350488021295,0.0576752440106477,0.423469387755102,0.448979591836735,0.127551020408163,0.041686924170843,0.106742704163097,0.0533713520815484,0.439781340438555,0.439676968164733,0.120541691396712,25,9,8,8,38,11,25,2,22,6,13,3,16,8,8,0,22,11,4,7,32,16,15,1,20,14,2,4,21,8,13,0
69,5,0.434782608695652,0.391304347826087,0.173913043478261,0.0670650952173854,0.188362960679091,0.0941814803395453,0.472179171975955,0.297122867486542,0.230697960537504,0.0694332418007466,0.194052129018955,0.0970260645094774,0.53180867320513,0.329717689265175,0.138473637529695,0.0587540582644687,0.166176866885448,0.0830884334427239,0.475785332256942,0.308215914383363,0.215998753359695,0.0592520607088317,0.167224080267559,0.0836120401337793,0.471794871794872,0.307692307692308,0.220512820512821,0.0599002629671065,0.168642679520305,0.0843213397601523,0.469907939132426,0.306983008065935,0.223109052801639,25,7,12,6,25,8,3,14,30,17,10,3,28,19,8,1,26,13,11,2,24,3,12,9,22,15,4,3,15,10,0,5
70,1,0.391304347826087,0.434782608695652,0.173913043478261,0.080686998427435,0.227978457283333,0.113989228641666,0.338829621568223,0.37326810631185,0.287902272119927,0.0486185587438666,0.137379849538528,0.0686899247692639,0.423019280193617,0.366092683926388,0.210888035879995,0.082046289258055,0.229248103645161,0.114624051822581,0.349593136936949,0.36186976776221,0.288537095300841,0.0825554188692681,0.22360248447205,0.111801242236025,0.364532019704433,0.349753694581281,0.285714285714286,0.0823953272647291,0.230486680866665,0.115243340433332,0.348606293019837,0.36223732306857,0.289156383911593,38,19,5,14,21,1,9,11,27,15,10,2,23,4,10,9,17,9,5,3,27,12,10,5,25,11,10,4,25,3,12,10
70,2,0.391304347826087,0.434782608695652,0.173913043478261,0.0213160671583291,0.0602148195083828,0.0301074097541914,0.405046569928797,0.404675198941461,0.190278231129742,0.0519380574205109,0.146212736291563,0.0731063681457817,0.348591868718494,0.404388719657464,0.247019411624043,0.0174141334884847,0.0492472698284017,0.0246236349142008,0.403984296294185,0.410158973781451,0.185856729924364,0.0156197949584045,0.0416582406471183,0.0208291203235592,0.395348837209302,0.413953488372093,0.190697674418605,0.0193498460504634,0.0546360210447171,0.0273180105223586,0.403577878767699,0.407464598173294,0.188957523059007,27,8,18,1,31,9,21,1,22,8,11,3,28,8,13,7,28,10,8,10,26,6,9,11,26,17,3,6,27,19,6,2
70,3,0.391304347826087,0.434782608695652,0.173913043478261,0.0453790448495548,0.117619006086857,0.0588095030434286,0.398461215605171,0.375973105652224,0.225565678742605,0.126729318771649,0.358250230040159,0.179125115020079,0.485978190034889,0.255657493675573,0.258364316289538,0.0392405794010065,0.0969825128040626,0.0484912564020314,0.390429281171692,0.387166418948016,0.222404299880292,0.030245471409429,0.081493284771227,0.0407466423856135,0.382198952879581,0.403141361256544,0.214659685863874,0.0414778118069804,0.103036338568851,0.0515181692844255,0.38983563130848,0.384733155928833,0.225431212762686,19,7,3,9,20,11,7,2,21,12,3,6,20,11,6,3,26,6,17,3,30,15,5,10,30,7,16,7,25,4,20,1
70,4,0.391304347826087,0.434782608695652,0.173913043478261,0.0270181036734449,0.0723495875160305,0.0361747937580153,0.355129554068072,0.46352388334697,0.181346562584958,0.111077928414047,0.294949654427697,0.147474827213849,0.270707135085807,0.582257435909501,0.147035429004693,0.0313199033469589,0.0812987791108903,0.0406493895554452,0.350654958270642,0.470342948030515,0.179002093698843,0.0389655880446887,0.101863354037267,0.0509316770186335,0.347619047619048,0.485714285714286,0.166666666666667,0.0319397490410617,0.0815505998320662,0.0407752999160331,0.350529047910054,0.472000366816635,0.177470585273311,27,12,11,4,23,12,10,1,20,4,11,5,34,9,22,3,24,12,6,6,30,6,20,4,25,13,3,9,27,5,19,3
70,5,0.391304347826087,0.434782608695652,0.173913043478261,0.0328721756136804,0.092006703748608,0.0460033518743039,0.37410255176801,0.405981052879425,0.219916395352565,0.0280974312718469,0.0787247026926292,0.0393623513463146,0.376329809857407,0.410394795318018,0.213275394824575,0.0368553739161079,0.102550005466497,0.0512750027332485,0.373768293908728,0.401043659879762,0.225188046211509,0.0339341982574249,0.0944816053511706,0.0472408026755853,0.375,0.403846153846154,0.221153846153846,0.035194507062802,0.0979225586169156,0.0489612793084577,0.374574504095492,0.402551173117789,0.222874322786719,27,5,12,10,24,4,16,4,14,6,7,1,27,9,7,11,28,11,15,2,33,12,15,6,27,18,5,4,28,13,7,8
71,1,0.347826086956522,0.478260869565217,0.173913043478261,0.086081654757108,0.235160329932722,0.117580164966361,0.433933847478757,0.360680704598857,0.205385447922387,0.0947623027621137,0.258886454004555,0.129443227002277,0.442600641654745,0.34881764256294,0.208581715782315,0.0886564986560607,0.241546511968566,0.120773255984283,0.437373092349243,0.357487613580934,0.205139294069822,0.0942544967900927,0.251207729468599,0.1256038647343,0.449275362318841,0.352657004830918,0.198067632850242,0.0904901520848373,0.243346940946979,0.121673470473489,0.443004871836644,0.356587399091728,0.200407729071628,22,3,11,8,33,22,9,2,27,15,5,7,23,6,11,6,24,8,11,5,27,13,12,2,27,15,8,4,24,11,6,7
71,2,0.347826086956522,0.478260869565217,0.173913043478261,0.0420092504224283,0.118739940603642,0.0593699703018208,0.379400688828391,0.506056237995169,0.11454307317644,0.0446099636845204,0.110680102843714,0.0553400514218568,0.403166138378379,0.476824073189829,0.120009788431793,0.0434107591495994,0.12245293569163,0.0612264678458151,0.38234197910951,0.504971445258045,0.112686575632446,0.0322508091556732,0.0911415949779121,0.045570797488956,0.368983957219251,0.502673796791444,0.128342245989305,0.0391344602468258,0.108605492437133,0.0543027462185666,0.384233149292278,0.496156553448028,0.119610297259694,21,1,20,0,23,8,15,0,21,8,11,2,33,11,16,6,17,5,12,0,24,12,11,1,24,16,3,5,24,8,6,10
71,3,0.347826086956522,0.478260869565217,0.173913043478261,0.00452612622773381,0.011655778671927,0.00582788933596351,0.341998197620558,0.478882324896279,0.179119477483163,0.0942824018005237,0.234505700910315,0.117252850455158,0.230573236501364,0.591865324304761,0.177561439193875,0.0134526557245312,0.0330631243072837,0.0165315621536418,0.331406073320204,0.494792431718859,0.173801494960936,0.0190101986309548,0.0533792509685751,0.0266896254842875,0.331683168316832,0.504950495049505,0.163366336633663,0.0114451301910009,0.0307527494985509,0.0153763747492754,0.332449712207246,0.490326479961546,0.177223807831208,32,14,15,3,26,14,10,2,31,5,21,5,21,12,1,8,31,4,22,5,24,6,12,6,21,4,13,4,16,8,8,0
71,4,0.347826086956522,0.478260869565217,0.173913043478261,0.0447809457117726,0.112288887047152,0.0561444435235762,0.291681643432946,0.531707305488868,0.176611051078186,0.0613989417730667,0.159587011544455,0.0797935057722275,0.268032581184294,0.547813859631927,0.184153559183778,0.0430054695823367,0.1166897837808,0.0583448918903998,0.289481195066122,0.522303110859348,0.18821569407453,0.0470604237674788,0.122735507246377,0.0613677536231884,0.286458333333333,0.53125,0.182291666666667,0.0475712011506874,0.123579857839095,0.0617899289195473,0.286036158036974,0.532199971706117,0.181763870256908,20,7,12,1,24,5,13,6,25,4,18,3,16,11,4,1,31,6,14,11,32,11,16,5,20,5,13,2,24,6,12,6
71,5,0.347826086956522,0.478260869565217,0.173913043478261,0.0997267610179528,0.268086600034013,0.134043300017006,0.213782786939515,0.583261929589029,0.202955283471455,0.120243744587146,0.331805342851217,0.165902671425608,0.181923415530913,0.593539668508118,0.224536915960969,0.0947409689474468,0.259672563513985,0.129836281756992,0.217989805199529,0.571826553973496,0.210183640826975,0.100093062910513,0.271689040272491,0.135844520136245,0.211981566820276,0.580645161290323,0.207373271889401,0.100418289154441,0.271603196936754,0.135801598468377,0.212024488488145,0.58213657095539,0.205838940556465,26,7,17,2,18,3,12,3,27,5,19,3,26,2,15,9,27,9,16,2,25,10,9,6,34,6,17,11,34,4,21,9
72,1,0.304347826086957,0.521739130434783,0.173913043478261,0.0531942202364412,0.144962260705052,0.0724811303525262,0.23186669573443,0.57542394701257,0.192709357252999,0.0514919099912272,0.143648426899875,0.0718242134499373,0.232523612637019,0.568047725198524,0.199428662164457,0.0586503066424139,0.157456578098115,0.0787282890490573,0.225619537037899,0.583712566886079,0.190667896076021,0.0557307507130679,0.15333850931677,0.0766692546583851,0.227678571428571,0.575892857142857,0.196428571428571,0.056688245246586,0.153344052614179,0.0766720263070894,0.227675799779867,0.580357796525736,0.191966403694397,26,8,16,2,33,10,17,6,24,1,21,2,26,7,13,6,34,3,21,10,26,14,12,0,34,4,23,7,21,4,6,11
72,2,0.304347826086957,0.521739130434783,0.173913043478261,0.0427405356588265,0.11220671429559,0.0561033571477949,0.360451183234751,0.513166673358813,0.126382143406435,0.102927225692823,0.284839302085127,0.142419651042563,0.44676747712952,0.42448121609843,0.12875130677205,0.0427852612561426,0.11855111238765,0.0592755561938248,0.363623382280781,0.502621532924206,0.133755084795013,0.0492490574283111,0.132045088566828,0.0660225442834138,0.37037037037037,0.507936507936508,0.121693121693122,0.044780393174682,0.121780352046836,0.060890176023418,0.365238002110375,0.506367703796361,0.128394294093264,22,3,18,1,29,13,14,2,17,4,13,0,29,11,12,6,24,13,8,3,22,10,10,2,23,3,14,6,23,13,7,3
72,3,0.304347826086957,0.521739130434783,0.173913043478261,0.0796883276387989,0.221779970264894,0.110889985132447,0.415237811219404,0.44889003660486,0.135872152175736,0.127039629088919,0.322701530849987,0.161350765424993,0.45345601461035,0.360388365009789,0.186155620379861,0.0792138622556024,0.220004492448058,0.110002246224029,0.414350072310985,0.448383625572749,0.137266302116265,0.0759751977280383,0.189510625852993,0.0947553129264964,0.399103139013453,0.430493273542601,0.170403587443946,0.079469182210551,0.220679143380379,0.110339571690189,0.414687397777146,0.448078520615624,0.13723408160723,25,12,13,0,29,8,21,0,29,5,11,13,28,8,9,11,30,16,8,6,27,12,14,1,26,11,9,6,29,17,11,1
72,4,0.304347826086957,0.521739130434783,0.173913043478261,0.0437131753063173,0.117459943440894,0.0587299717204469,0.258268913120039,0.509088071681253,0.232643015198708,0.0508303472553935,0.135665009972098,0.0678325049860492,0.291038605249268,0.467215846286422,0.24174554846431,0.0431370076009967,0.120734053486933,0.0603670267434664,0.26654403064906,0.499175899129213,0.234280070221727,0.0478236470367713,0.125603864734299,0.0628019323671498,0.251207729468599,0.51207729468599,0.236714975845411,0.0424549762228229,0.116366922529871,0.0581834612649353,0.262424449591837,0.505479045664967,0.232096504743196,29,10,14,5,15,3,8,4,35,11,12,12,25,5,17,3,30,6,21,3,23,3,18,2,27,9,11,7,23,5,5,13
72,5,0.304347826086957,0.521739130434783,0.173913043478261,0.0762864271854706,0.205439920781917,0.102719960390959,0.224424131811441,0.624459090825741,0.151116777362818,0.0770178740554842,0.194001634414636,0.0970008172073181,0.207347008879638,0.613143623714309,0.179509367406053,0.0662581381895136,0.178111502493293,0.0890557512466463,0.23458077076356,0.610794881681429,0.154624347555011,0.0751114942646592,0.204046491605682,0.102023245802841,0.227722772277228,0.623762376237624,0.148514851485149,0.0749778529608511,0.203751402294698,0.101875701147349,0.227943845286439,0.623614831582132,0.148441323131429,24,4,14,6,32,10,19,3,34,8,24,2,27,12,11,4,29,4,18,7,24,3,17,4,18,2,16,0,14,3,7,4
73,1,0.260869565217391,0.565217391304348,0.173913043478261,0.085434486605734,0.241529719857061,0.12076485992853,0.324486760584252,0.444452531375817,0.231060708039931,0.0795453789038941,0.224945215504042,0.112472607752021,0.315199213240566,0.452744783552327,0.232056003207107,0.0901353808494794,0.254832136195842,0.127416068097921,0.327808622969535,0.437801323206427,0.234390053824038,0.0856040828341515,0.241545893719807,0.120772946859903,0.328502415458937,0.444444444444444,0.227053140096618,0.0867458750923089,0.245006243410915,0.122503121705457,0.327778788803893,0.44271426959889,0.229506941597216,21,4,10,7,22,6,12,4,29,9,18,2,29,10,13,6,25,11,11,3,26,3,15,8,30,16,6,8,25,9,7,9
73,2,0.260869565217391,0.565217391304348,0.173913043478261,0.0672734787091168,0.179530221375754,0.0897651106878771,0.24328627879835,0.493035567035512,0.263678154166138,0.0640364269469695,0.163224399720014,0.0816121998600071,0.267681804088234,0.483605191444341,0.248713004467425,0.0696100618052515,0.18006391492982,0.09003195746491,0.250335843271201,0.485719155785628,0.263945000943171,0.0711091857192258,0.193236714975845,0.0966183574879227,0.236714975845411,0.492753623188406,0.270531400966184,0.068064362143532,0.181798012386486,0.0908990061932431,0.242845672338582,0.492342277989914,0.264812049671504,26,7,12,7,15,6,7,2,33,10,15,8,33,7,20,6,29,6,10,13,26,7,12,7,23,3,8,12,22,3,18,1
73,3,0.260869565217391,0.565217391304348,0.173913043478261,0.0238577857992815,0.0649263865229682,0.0324631932614841,0.269138955664088,0.589411194119135,0.141449850216777,0.0288461866483146,0.0757982729173358,0.0378991364586679,0.228847303386907,0.603116527763016,0.168036168850077,0.0239455852578781,0.0635191712545002,0.03175958562725,0.266571778721451,0.591274763427538,0.142153457851011,0.0255934368365794,0.0674522551808208,0.0337261275904104,0.266355140186916,0.593457943925234,0.14018691588785,0.0237379268405122,0.0630792628859848,0.0315396314429924,0.266680842273078,0.590945745691653,0.142373412035268,21,9,5,7,33,5,23,5,23,1,21,1,23,3,16,4,23,9,14,0,35,8,19,8,28,11,13,4,28,11,16,1
73,4,0.260869565217391,0.565217391304348,0.173913043478261,0.0664977054361396,0.185887207429178,0.0929436037145887,0.167925961502803,0.624100161649899,0.207973876847298,0.0220737197740706,0.0572230833965331,0.0286115416982665,0.232258023519125,0.568710742524528,0.199031233956347,0.0686313073292794,0.193720508758751,0.0968602543793756,0.164009310838016,0.619028304659734,0.21696238450225,0.0640324338340323,0.176284584980237,0.0881422924901186,0.172727272727273,0.627272727272727,0.2,0.0703655861847949,0.196788154586629,0.0983940772933145,0.162475487924077,0.627295724291739,0.210228787784184,35,1,29,5,25,2,18,5,26,7,14,5,29,10,13,6,30,4,20,6,33,1,22,10,27,9,12,6,15,4,10,1
73,5,0.260869565217391,0.565217391304348,0.173913043478261,0.0571846692943554,0.161720301743458,0.0808601508717288,0.221604223316775,0.523622582333235,0.25477319434999,0.040935299680693,0.114825998626121,0.0574129993130605,0.22573198693196,0.542941970276718,0.231326042791321,0.0606417107442359,0.168518456084401,0.0842592280422005,0.232575141483407,0.509252586996132,0.258172271520461,0.0588526084229058,0.166459627329192,0.0832298136645963,0.219047619047619,0.523809523809524,0.257142857142857,0.0580410126126704,0.16415612034021,0.0820780601701048,0.22056043011845,0.523448466233185,0.255991103648366,20,4,9,7,22,6,12,4,32,7,10,15,31,4,21,6,27,8,12,7,30,8,18,4,21,5,13,3,27,4,15,8
74,1,0.217391304347826,0.608695652173913,0.173913043478261,0.0790516655237845,0.223004562445925,0.111502281222963,0.105889023124864,0.671459616373862,0.222651360501275,0.0972716575002961,0.275010520344488,0.137505260172244,0.0798860441755822,0.680896556901797,0.239217398922621,0.0854570419736906,0.23596949199098,0.11798474599549,0.0994065583523359,0.690360890421212,0.210232551226452,0.082590980298922,0.230481533426835,0.115240766713417,0.102150537634409,0.682795698924731,0.21505376344086,0.0839665716317613,0.232503876925698,0.116251938462849,0.101139365884977,0.687790475215454,0.211070158899569,23,1,14,8,18,1,10,7,25,0,19,6,21,4,17,0,28,3,21,4,17,0,8,9,35,2,29,4,19,8,9,2
74,2,0.217391304347826,0.608695652173913,0.173913043478261,0.0444348272834554,0.125487553204427,0.0627437766022133,0.189035155895319,0.671439428776126,0.139525415328554,0.0396235902794495,0.111403893809241,0.0557019469046203,0.194833080013571,0.664397599078533,0.140769320907896,0.0353032097801694,0.0991381961269185,0.0495690980634592,0.19776944057237,0.658264750237372,0.143965809190258,0.0421973469286879,0.119292112737601,0.0596460563688005,0.185929648241206,0.668341708542714,0.14572864321608,0.0437026952754339,0.123401047510708,0.0617005237553542,0.189651088730637,0.670396175929267,0.139952735340096,19,2,15,2,29,9,18,2,17,2,10,5,28,6,20,2,29,4,19,6,30,3,17,10,22,8,12,2,25,3,22,0
74,3,0.217391304347826,0.608695652173913,0.173913043478261,0.0941121105481846,0.256657924487013,0.128328962243507,0.312123613571672,0.480366689930406,0.207509696497922,0.13632617686478,0.351753281281066,0.175876640640533,0.373724033837276,0.43281901153338,0.193456954629344,0.0926865971068661,0.253104297185847,0.126552148592924,0.310241407618401,0.482143503580989,0.207615088800609,0.105083023388748,0.285454131572957,0.142727065786479,0.324607329842932,0.465968586387435,0.209424083769634,0.0936522158923357,0.257352769275747,0.128676384637874,0.30889376252674,0.48001926753604,0.211086969937221,24,13,11,0,26,4,17,5,26,16,7,3,30,1,17,12,18,3,13,2,21,9,9,3,21,5,6,10,25,11,9,5
74,4,0.217391304347826,0.608695652173913,0.173913043478261,0.0155614595600287,0.0438847354457895,0.0219423677228948,0.22982464739779,0.618204676846844,0.151970675755366,0.0479863396176722,0.122350168513693,0.0611750842568467,0.161362850591089,0.66987073643076,0.168766412978151,0.0195809890090649,0.0552795453753605,0.0276397726876802,0.23267915533351,0.62104757387591,0.146273270790581,0.0222825721718881,0.0554134697357204,0.0277067348678602,0.245098039215686,0.607843137254902,0.147058823529412,0.0180514053280908,0.0463795733120037,0.0231897866560019,0.238230395727328,0.611046347450413,0.150723256822259,27,16,11,0,28,15,9,4,22,2,11,9,24,3,21,0,22,2,17,3,26,5,16,5,36,6,24,6,19,1,15,3
74,5,0.217391304347826,0.608695652173913,0.173913043478261,0.0291588303967129,0.0787071398539023,0.0393535699269512,0.22639904597744,0.569342082246962,0.204258871775598,0.047336961922138,0.12901024517458,0.0645051225872897,0.20064676730055,0.5609350666339,0.238418166065551,0.0360356250236058,0.101222609670277,0.0506113048351386,0.237527694397669,0.558084347338774,0.204387958263557,0.0403163387718837,0.113617719442166,0.0568088597210828,0.25,0.55188679245283,0.19811320754717,0.0434385804360032,0.12219093175673,0.0610954658783649,0.242382649767059,0.547600186295548,0.210017163937393,24,3,14,7,26,1,16,9,23,5,17,1,22,1,21,0,36,21,7,8,28,6,15,7,29,12,13,4,24,4,14,6
75,1,0.173913043478261,0.652173913043478,0.173913043478261,0.0363860113665532,0.102773794563241,0.0513868972816207,0.201941620718641,0.675532233084719,0.12252614619664,0.0370138888522633,0.104689395042219,0.0523446975211094,0.22625774099937,0.626259310319211,0.147482948681419,0.0322248265677223,0.0904231230767352,0.0452115615383676,0.201478178885547,0.669820339174559,0.128701481939893,0.0423977901004385,0.119846812345123,0.0599234061725614,0.202072538860104,0.683937823834197,0.113989637305699,0.0370144698134436,0.104576212239593,0.0522881061197963,0.197918888840301,0.680456173801234,0.121624937358465,22,6,13,3,28,2,24,2,23,11,10,2,25,3,19,3,23,4,15,4,26,1,25,0,21,6,13,2,25,6,13,6
75,2,0.173913043478261,0.652173913043478,0.173913043478261,0.0419665945129618,0.103742348945653,0.0518711744728264,0.224825190258179,0.600302738570652,0.17487207117117,0.0733053779660784,0.191578189594834,0.0957890947974172,0.187473138113848,0.556384818246061,0.256142043640091,0.0392145576414789,0.0961855504364092,0.0480927752182046,0.222005818696465,0.604211296103987,0.173782885199547,0.0362885064804752,0.0943478260869565,0.0471739130434783,0.215,0.605,0.18,0.0363722658100783,0.0901398221355487,0.0450699110677744,0.218982954546035,0.608169446162202,0.172847599291763,26,4,14,8,27,5,22,0,29,11,15,3,18,5,8,5,30,3,24,3,29,3,17,9,19,9,9,1,22,3,12,7
75,3,0.173913043478261,0.652173913043478,0.173913043478261,0.0144744327572038,0.0406685273409537,0.0203342636704769,0.153578779807784,0.664378714184287,0.182042506007929,0.0359559776904206,0.0932492389381924,0.0466246194690962,0.133026401835145,0.698798532512575,0.168175065652281,0.0145092302344637,0.0410374309610733,0.0205187154805366,0.153394327997724,0.662548939563467,0.184056732438808,0.0291105221375694,0.0746020432406747,0.0373010216203374,0.136612021857924,0.655737704918033,0.207650273224044,0.0120797608691772,0.0337425813219875,0.0168712906609937,0.157041752817267,0.658285639795591,0.184672607387142,24,6,17,1,19,0,9,10,24,2,16,6,16,1,13,2,23,3,20,0,22,5,16,1,27,3,19,5,28,5,10,13
75,4,0.173913043478261,0.652173913043478,0.173913043478261,0.0308853660247313,0.0812543402628359,0.040627170131418,0.139709406682733,0.645750379707588,0.214540213609679,0.0556678713188256,0.155602301714531,0.0778011508572654,0.202392316698543,0.574372762186213,0.223234921115244,0.0301628342493972,0.0823388415183397,0.0411694207591699,0.143658589012055,0.641258946750514,0.215082464237431,0.0310762195386084,0.0876577840112202,0.0438288920056101,0.149193548387097,0.633064516129032,0.217741935483871,0.0312617940177876,0.0868396623134878,0.0434198311567439,0.144992833553903,0.637674291811092,0.217332874635005,34,3,17,14,28,5,15,8,25,0,24,1,35,10,17,8,33,4,23,6,37,10,21,6,29,5,23,1,27,0,17,10
75,5,0.173913043478261,0.652173913043478,0.173913043478261,0.00106624576547016,0.00294311495513477,0.00147155747756741,0.173462236652543,0.651153162391629,0.175384600955828,0.0325644817086226,0.0921031776784539,0.046051588839227,0.196612375857338,0.675526169503628,0.127861454639034,0.00497667781892739,0.0139854332723177,0.0069927166361588,0.166920326842102,0.656361226284036,0.176718446873862,0.0219311455456482,0.0551431601272535,0.0275715800636267,0.146341463414634,0.653658536585366,0.2,0.00301449189513738,0.00846003205342613,0.00423001602671311,0.172257345152464,0.649599595342562,0.178143059504974,27,7,18,2,31,4,12,15,33,6,22,5,18,4,13,1,22,2,20,0,21,2,7,12,23,4,16,3,30,1,26,3
76,1,0.130434782608696,0.695652173913043,0.173913043478261,0.0587415081508727,0.151422063286765,0.0757110316433825,0.0629696917245416,0.687406233153815,0.249624075121643,0.0855980577203388,0.234565722322928,0.117282861161464,0.0458301263697897,0.662973968990486,0.291195904639725,0.0600577062629381,0.153741344646893,0.0768706723234465,0.0607173920906163,0.688498892107676,0.250783715801707,0.0522333022754968,0.140546006066734,0.070273003033367,0.0755813953488372,0.680232558139535,0.244186046511628,0.0600561012465082,0.153179650241075,0.0765898251205376,0.0603499036848024,0.689147227716399,0.250502868598798,20,0,15,5,23,0,20,3,18,8,10,0,22,1,12,9,19,0,13,6,22,2,13,7,25,0,18,7,23,2,16,5
76,2,0.130434782608696,0.695652173913043,0.173913043478261,0.0134097839881383,0.0330813706041997,0.0165406853020999,0.113894097306596,0.711956056083849,0.174149846609556,0.0348523057986173,0.088485355764865,0.0442426778824325,0.127127372538504,0.739894851795476,0.13297777566602,0.0234264275526558,0.0649132833146838,0.0324566416573419,0.108451370897604,0.728108815570385,0.163439813532011,0.0150450777555321,0.0402745995423341,0.0201372997711671,0.126315789473684,0.715789473684211,0.157894736842105,0.0201334351238312,0.0542623163288341,0.027131158164417,0.109388695032988,0.72278333207746,0.167827972889552,16,5,10,1,18,0,9,9,25,9,15,1,22,0,15,7,26,0,24,2,32,2,25,5,29,3,23,3,22,5,15,2
76,3,0.130434782608696,0.695652173913043,0.173913043478261,0.0356439719420152,0.0987547097070227,0.0493773548535114,0.0969627843715878,0.67974681729664,0.223290398331772,0.100410478216531,0.264426289475852,0.132213144737926,0.109196455941899,0.584677355841915,0.306126188216187,0.0337610573635377,0.0926670753913476,0.0463335376956738,0.0841012449130218,0.708838163487256,0.207060591599722,0.0429716376118113,0.113404127429373,0.0567020637146864,0.0737327188940092,0.705069124423963,0.221198156682028,0.0310710163449442,0.0781801711081172,0.0390900855540586,0.0913446970546371,0.697816595481555,0.210838707463808,18,2,5,11,33,0,30,3,22,4,12,6,26,0,21,5,29,2,14,13,30,4,25,1,33,1,24,8,26,3,22,1
76,4,0.130434782608696,0.695652173913043,0.173913043478261,0.0490105813478224,0.13477587498854,0.0673879374942701,0.178171722418912,0.628264236418773,0.193564041162315,0.044145738101744,0.119336284675536,0.059668142337768,0.190102924946464,0.649910435369854,0.159986639683683,0.0485030326441576,0.135311130845076,0.0676555654225381,0.174053357628957,0.627996608490505,0.197950033880538,0.0524532201936124,0.147523253298724,0.0737616266493619,0.174129353233831,0.621890547263682,0.203980099502488,0.0538863934262633,0.150304561048861,0.0751522805244305,0.178952410142669,0.620499893388613,0.200547696468718,26,6,17,3,17,4,10,3,26,6,19,1,24,0,15,9,26,2,20,4,28,12,7,9,33,3,18,12,21,2,19,0
76,5,0.130434782608696,0.695652173913043,0.173913043478261,0.0654413649847567,0.162592210339349,0.0812961051696743,0.0491386774390214,0.774602521987618,0.176258800573361,0.0719101423437987,0.183270811821886,0.0916354059109432,0.0387993766977525,0.77966434172287,0.181536281579377,0.0600795388826304,0.157251078082767,0.0786255390413836,0.051809243567312,0.762854815186096,0.185335941246592,0.0614724286432692,0.158695652173913,0.0793478260869566,0.06,0.775,0.165,0.0652243441752737,0.162500668272587,0.0812503341362933,0.0491844484724023,0.774094136346442,0.176721415181155,25,1,21,3,27,1,21,5,22,0,17,5,24,0,21,3,24,6,14,4,22,0,20,2,29,0,26,3,27,4,15,8
77,1,0.0869565217391304,0.739130434782609,0.173913043478261,0.0361345965400658,0.0919401819202508,0.0459700909601254,0.0833009008109873,0.785100525742734,0.131598573446279,0.0305677922715597,0.0856396211748392,0.0428198105874195,0.10322514776801,0.765681619341149,0.131093232890841,0.0268192597335728,0.0657431201002715,0.0328715600501358,0.0869068469220734,0.772001994832744,0.141091158245182,0.0264939618391242,0.0727595385980479,0.036379769299024,0.076530612244898,0.775510204081633,0.147959183673469,0.0305570255376816,0.0794085518617535,0.0397042759308768,0.081878535836311,0.778834710713485,0.139286753450204,24,4,18,2,33,0,21,12,27,2,20,5,27,0,24,3,19,2,17,0,17,2,15,0,25,4,19,2,24,1,18,5
77,2,0.0869565217391304,0.739130434782609,0.173913043478261,0.0277950031949494,0.071782798203808,0.035891399101904,0.0910206181120717,0.703239035680705,0.205740346207224,0.0594001566834527,0.158000582372358,0.079000291186179,0.101722411422606,0.66013014359643,0.238147444980965,0.031048597284588,0.0814554789742786,0.0407277394871393,0.0931090749634054,0.698402695295469,0.208488229741125,0.0330972584528263,0.0865173473869126,0.0432586736934563,0.0808080808080808,0.702020202020202,0.217171717171717,0.028932003482471,0.0742837567362324,0.0371418783681161,0.090663010320135,0.701988556414493,0.207348433265373,34,2,30,2,35,4,21,10,24,3,13,8,19,1,13,5,25,0,12,13,20,4,15,1,22,0,20,2,19,2,15,2
77,3,0.0869565217391304,0.739130434782609,0.173913043478261,0.0352569317678233,0.0915790691781579,0.0457895345890789,0.0927613578428173,0.779115133268001,0.128123508889182,0.0310995356531346,0.0869980889197564,0.0434990444598782,0.130455566199009,0.723006436978804,0.146537996822187,0.0332994994850377,0.0866435528411793,0.0433217764205896,0.0926267012486086,0.77678203169372,0.130591267057671,0.0412984617855024,0.114492753623188,0.0572463768115942,0.105555555555556,0.777777777777778,0.116666666666667,0.0349143224118262,0.0901075616445003,0.0450537808222501,0.0919867699172181,0.779153967426771,0.128859262656011,27,2,22,3,20,0,16,4,27,0,22,5,24,1,22,1,16,3,11,2,19,0,19,0,24,8,15,1,23,5,13,5
77,4,0.0869565217391304,0.739130434782609,0.173913043478261,0.0212099986875498,0.0597370248241999,0.0298685124121,0.0696347896264027,0.768998947194709,0.161366263178889,0.0761572202409166,0.215185742931205,0.107592871465602,0.136544180978106,0.631537563317006,0.231918255704888,0.0253938894335628,0.0718119104030426,0.0359059552015214,0.0684151423659585,0.77503638998413,0.156548467649912,0.0138439602580358,0.0389805097451274,0.0194902548725637,0.0788177339901478,0.758620689655172,0.16256157635468,0.015471152406809,0.0434155688554696,0.0217077844277348,0.0737332611239137,0.760838219210343,0.165428519665743,22,0,21,1,31,7,20,4,18,0,16,2,27,5,15,7,25,0,15,10,30,0,29,1,22,1,21,0,28,3,17,8
77,5,0.0869565217391304,0.739130434782609,0.173913043478261,0.0309727621772336,0.0863127974917646,0.0431563987458823,0.0718676929671042,0.711062864808753,0.217069442224143,0.071984088404031,0.193650619909947,0.0968253099549737,0.065769002007065,0.835955744737582,0.0982752532553526,0.0170332075990816,0.0480644744158084,0.0240322372079042,0.0629242845312262,0.749720396748115,0.187355318720659,0.0221425643433542,0.0616977225672877,0.0308488612836439,0.0761904761904762,0.719047619047619,0.204761904761905,0.0221461199283394,0.0623681979302795,0.0311840989651398,0.0738823921559741,0.721020465400625,0.205097142443401,23,1,21,1,30,0,28,2,24,0,12,12,25,0,17,8,27,3,23,1,32,10,17,5,19,0,7,12,30,2,26,2
78,1,0.0434782608695652,0.782608695652174,0.173913043478261,0.0128245727700027,0.0317551093953927,0.0158775546976964,0.0438254677145002,0.798139043504935,0.158035488780565,0.0497935352725005,0.126616521912513,0.0633082609562565,0.0484276669824894,0.840967550495506,0.110604782522004,0.0129987963408974,0.0332020189005823,0.0166010094502911,0.0420157327012454,0.799209705102465,0.158774562196289,0.0105891361622602,0.0269565217391304,0.0134782608695652,0.03,0.795,0.175,0.0100426838220943,0.0259374319326655,0.0129687159663328,0.0449483838996931,0.794107288588379,0.160944327511928,26,1,13,12,25,0,19,6,19,0,17,2,33,1,31,1,28,0,18,10,25,2,21,2,27,2,23,2,17,0,17,0
78,2,0.0434782608695652,0.782608695652174,0.173913043478261,0.0226232518900858,0.0633151977489786,0.0316575988744893,0.0633151289501664,0.794429426446062,0.142255444603772,0.0345256384732884,0.0964639717123549,0.0482319858561775,0.0741734804436543,0.800145461934262,0.125681057622083,0.0183128614845767,0.0474879258110683,0.0237439629055341,0.0672222237750993,0.779692690571942,0.153085085652959,0.00732965326551564,0.0196209587513935,0.00981047937569676,0.0512820512820513,0.784615384615385,0.164102564102564,0.0177104709711293,0.0442035920367548,0.0221017960183774,0.0647332821924123,0.783455470347704,0.151811247459883,26,1,22,3,23,1,22,0,35,1,18,16,27,4,21,2,22,0,19,3,23,0,21,2,19,2,16,1,20,1,14,5
78,3,0.0434782608695652,0.782608695652174,0.173913043478261,0.0637147296814241,0.160865891245743,0.0804329456228717,0.0384364396041865,0.707217571294681,0.254345989101133,0.0556260155013463,0.145688238028878,0.0728441190144391,0.0327793649428949,0.720463472564405,0.2467571624927,0.0678390063208555,0.167961345103647,0.0839806725518233,0.0452985691866967,0.698628023100351,0.256073407712953,0.0596168223499671,0.154967209132864,0.0774836045664319,0.0335195530726257,0.715083798882682,0.251396648044693,0.0601911017996096,0.152479065605778,0.0762395328028889,0.038147262854176,0.711700160864674,0.25015257628115,18,0,12,6,18,2,6,10,21,0,19,2,24,0,19,5,24,2,19,3,22,0,16,6,27,1,22,4,25,1,15,9
78,4,0.0434782608695652,0.782608695652174,0.173913043478261,0.0440002674940178,0.114534717377825,0.0572673586889124,0.0359247269447748,0.732894870888052,0.231180402167173,0.0884320808131326,0.233748751109376,0.116874375554688,0.0235850042544281,0.685627576712623,0.290787419032949,0.0434701310661656,0.117371976130869,0.0586859880654346,0.0299922698939254,0.737408698562379,0.232599031543695,0.0539153672897046,0.147501015847217,0.0737505079236083,0.0233644859813084,0.728971962616822,0.247663551401869,0.0469445812281988,0.122125460841373,0.0610627304206863,0.0355123066950171,0.729511919406036,0.234975773898947,24,0,23,1,26,0,16,10,28,2,23,3,35,1,27,7,31,0,21,10,25,0,16,9,25,2,10,13,20,0,20,0
78,5,0.0434782608695652,0.782608695652174,0.173913043478261,0.0184746425995219,0.0473150295629696,0.0236575147814848,0.0457044079619058,0.804040063341318,0.150255528696776,0.0106254528354622,0.0280606408063786,0.0140303204031893,0.0575085812727546,0.7709338193674,0.171557599359845,0.0116244464040968,0.0309187459609352,0.0154593729804676,0.0405908333140301,0.798068068632642,0.161341098053328,0.00854396687027034,0.0230434782608696,0.0115217391304348,0.055,0.78,0.165,0.00380767685152505,0.010747588577657,0.00537379428882848,0.0458662337518742,0.785594517058694,0.168539249189432,33,0,27,6,24,7,14,3,18,0,18,0,27,3,19,5,30,1,25,4,18,0,18,0,36,0,22,14,14,0,13,1
79,1,0.739130434782609,0.0434782608695652,0.217391304347826,0.0804843703446995,0.215498575784485,0.107749287892242,0.653488370045524,0.0213710377144073,0.325140592240068,0.110189528072455,0.288819216908646,0.144409608454323,0.616210771935931,0.0219883152619196,0.361800912802149,0.0805474207724794,0.215289201067256,0.107644600533628,0.653038791919221,0.0219253031993245,0.325035904881454,0.0858402587630341,0.231884057971014,0.115942028985507,0.65,0.0166666666666667,0.333333333333333,0.0805296130703328,0.215350889846122,0.107675444923061,0.653167538510624,0.0217657122184889,0.325066749270887,26,20,0,6,22,21,1,0,27,14,2,11,22,9,0,13,19,11,0,8,27,17,0,10,20,14,0,6,17,11,0,6
79,2,0.739130434782609,0.0434782608695652,0.217391304347826,0.0206299660528463,0.0582678950409039,0.029133947520452,0.725906247460744,0.0275685006709777,0.246525251868278,0.0201448843178291,0.0565570985834872,0.0282785492917437,0.767408984074352,0.0263444438990806,0.206246572026567,0.0202000482589676,0.0568475854917579,0.028423792745879,0.727394205784625,0.0267906971216702,0.245815097093705,0.0234063350999838,0.0628699734639722,0.0314349867319861,0.732394366197183,0.0187793427230047,0.248826291079812,0.0198472272882368,0.0556057005224551,0.0278028502612276,0.728563643748896,0.0262422016420507,0.245194154609054,20,14,2,4,23,9,1,13,31,17,0,14,23,18,0,5,28,26,0,2,26,22,1,3,27,23,0,4,35,27,0,8
79,3,0.739130434782609,0.0434782608695652,0.217391304347826,0.0420737023227065,0.118638009326117,0.0593190046630586,0.798449439445667,0.00978931626303078,0.191761244291302,0.0257664801506051,0.0700154878967001,0.0350077439483501,0.765392768194865,0.00847051692121515,0.22613671488392,0.033756198228445,0.0932229065095747,0.0466114532547874,0.785741888037396,0.0112422096475843,0.20301590231502,0.0377813744833488,0.106845513413506,0.053422756706753,0.792553191489362,0.0159574468085106,0.191489361702128,0.039068938107651,0.109653952308437,0.0548269761542183,0.793957410936827,0.0101423660496042,0.195900223013569,18,15,0,3,27,21,0,6,29,20,0,9,19,18,0,1,27,18,3,6,24,20,0,4,21,15,0,6,23,22,0,1
79,4,0.739130434782609,0.0434782608695652,0.217391304347826,0.0327351634383536,0.0805718063471771,0.0402859031735886,0.779416337956197,0.0430880531964598,0.177495608847343,0.0111383985618797,0.0306000385207009,0.0153000192603504,0.723830415522258,0.0478835915079748,0.228285992969767,0.0250333018010846,0.0662441502215563,0.0331220751107781,0.766517154942954,0.049213615819998,0.184269229237048,0.0301656420437621,0.0741268709907341,0.0370634354953671,0.775956284153005,0.0437158469945355,0.180327868852459,0.0307705334605734,0.0756986301152086,0.0378493150576043,0.776651075921456,0.0438069347883225,0.179541989290222,21,17,0,4,22,20,0,2,24,15,1,8,23,16,1,6,25,18,0,7,25,17,4,4,21,21,0,0,22,18,2,2
79,5,0.739130434782609,0.0434782608695652,0.217391304347826,0.0611973407549099,0.157177980183932,0.078588990091966,0.817719424874575,0.0355764361536528,0.146704138971773,0.045858375102662,0.114611566492153,0.0573057832460767,0.796436218028685,0.0411221609804994,0.162441620990815,0.0534169966229994,0.137030297065405,0.0685151485327027,0.807645583315311,0.0367764320746861,0.155577984610003,0.0637462986519832,0.156354515050167,0.0781772575250836,0.817307692307692,0.0432692307692308,0.139423076923077,0.0615687668832769,0.158872867824649,0.0794364339123244,0.818566868694933,0.0346381803332168,0.14679495097185,23,20,0,3,28,21,0,7,29,23,2,4,22,15,5,2,28,26,0,2,25,19,0,6,26,25,0,1,27,21,2,4
80,1,0.695652173913043,0.0869565217391304,0.217391304347826,0.0410883104927536,0.116064525161557,0.0580322625807784,0.722105833049423,0.028924259158352,0.248969907792224,0.0469491373454501,0.120209786078251,0.0601048930391254,0.750135822220267,0.0268516287000051,0.223012549079728,0.0385085349600987,0.108753575342826,0.0543767876714131,0.720245453288219,0.0325797340677173,0.247174812644064,0.0398969020095505,0.112374581939799,0.0561872909698997,0.728205128205128,0.0307692307692308,0.241025641025641,0.0409440165141049,0.11544057370618,0.0577202868530897,0.728499182857601,0.0292362348860407,0.242264582256358,32,25,1,6,28,15,0,13,27,17,4,6,20,15,0,5,16,11,0,5,29,26,0,3,14,8,0,6,29,25,1,3
80,2,0.695652173913043,0.0869565217391304,0.217391304347826,0.0537857484924994,0.152024497400656,0.0760122487003279,0.771664422613371,0.0465083394479608,0.181827237938668,0.0417387767547602,0.11707801132081,0.0585390056604052,0.754191179573449,0.0511237240280119,0.194685096398539,0.0506392542938717,0.142826433619424,0.0714132168097118,0.767065390722755,0.0466006701887805,0.186333939088464,0.0469646754305153,0.130708230790265,0.0653541153951327,0.761006289308176,0.0440251572327044,0.19496855345912,0.0502639563682251,0.141769418393305,0.0708847091966522,0.766536883109696,0.0469080335930452,0.186555083297259,19,17,0,2,19,14,0,5,13,13,0,0,16,12,2,2,33,25,2,6,19,16,3,0,19,10,0,9,21,14,0,7
80,3,0.695652173913043,0.0869565217391304,0.217391304347826,0.0442893335234187,0.109641443585783,0.0548207217928916,0.749298653853714,0.0881307635913518,0.162570582554935,0.0123583950629501,0.0347592822177094,0.0173796411088547,0.685363619799363,0.104336162847985,0.210300217352651,0.0450999835439404,0.110820201116272,0.055410100558136,0.751062274471179,0.0866066051756648,0.162331120353156,0.0494137018006734,0.130434782608696,0.0652173913043478,0.75,0.0978260869565217,0.152173913043478,0.0467192699254562,0.115621454013138,0.0578107270065689,0.753462900919612,0.0857545001963465,0.160782598884041,24,16,2,6,24,21,0,3,20,13,3,4,18,10,4,4,21,16,1,4,29,23,0,6,25,17,8,0,23,22,0,1
80,4,0.695652173913043,0.0869565217391304,0.217391304347826,0.025554267089809,0.0689512766470588,0.0344756383235294,0.669028001818172,0.0791050555104724,0.251866942671356,0.0137744705809378,0.0374378497006161,0.0187189248503081,0.690962341988697,0.105675446589439,0.203362211421865,0.0239950092696676,0.0663540020903003,0.0331770010451502,0.67289069550174,0.0765409991052839,0.250568305392976,0.03154315498604,0.0846979107848673,0.0423489553924336,0.662337662337662,0.0779220779220779,0.25974025974026,0.0273097922828765,0.0726112323825667,0.0363056161912833,0.666090430436341,0.0802126490245492,0.253696920539109,32,25,5,2,24,9,0,15,27,24,0,3,35,18,0,17,26,19,1,6,26,17,5,4,39,24,5,10,22,17,2,3
80,5,0.695652173913043,0.0869565217391304,0.217391304347826,0.0398664260129131,0.11205888066124,0.0560294403306202,0.673071075628461,0.053508179693093,0.273420744678446,0.0195268887229902,0.0530960695362528,0.0265480347681264,0.72220020868117,0.0670983975619764,0.210701393756854,0.0389738380523091,0.105273925126688,0.0526369625633441,0.683491824848237,0.0464799082405925,0.27002826691117,0.0506138140500523,0.140438630242401,0.0702193151212005,0.672566371681416,0.0398230088495575,0.287610619469027,0.038205453572284,0.107299021543089,0.0536495107715443,0.674375618188097,0.0545835666925329,0.27104081511937,38,30,3,5,28,21,2,5,28,19,3,6,28,22,0,6,23,23,0,0,27,11,0,16,30,14,0,16,24,12,1,11
81,1,0.652173913043478,0.130434782608696,0.217391304347826,0.022993552127584,0.0640597300858444,0.0320298650429223,0.684203778086401,0.119279990842915,0.196516231070684,0.0424627683999979,0.11783854610434,0.0589192730521698,0.711093186095648,0.111025991695826,0.177880822208526,0.0161144688256187,0.0403186388149738,0.0201593194074869,0.67145767721577,0.131310337843891,0.197231984940339,0.0256025016473181,0.0723963599595551,0.0361981799797776,0.688372093023256,0.111627906976744,0.2,0.0253439364782525,0.0702472988090382,0.0351236494045191,0.687297562447997,0.119055159270179,0.193647278281823,34,26,4,4,28,21,2,5,29,22,1,6,21,16,4,1,24,17,2,5,28,21,5,2,29,17,4,8,22,8,2,12
81,2,0.652173913043478,0.130434782608696,0.217391304347826,0.0134767630059376,0.0375180099694144,0.0187590049847072,0.670932918028185,0.123972386673379,0.205094695298435,0.0212582886547107,0.0586393115018658,0.0293196557509329,0.672590527763669,0.101115126857763,0.226294345378568,0.0096444665026732,0.0267977525210965,0.0133988762605482,0.661081560266584,0.134926011646138,0.203992428087278,0.0128590439696231,0.0355536517455557,0.0177768258727778,0.669950738916256,0.118226600985222,0.211822660098522,0.0143695074198605,0.0402828976273092,0.0201414488136546,0.672315361857133,0.122701930097276,0.204982708045592,25,17,2,6,36,26,2,8,21,14,4,3,25,12,2,11,26,17,2,7,22,18,2,2,28,20,8,0,20,12,2,6
81,3,0.652173913043478,0.130434782608696,0.217391304347826,0.0589099266722819,0.166102577296268,0.0830512886481338,0.735225201691612,0.0832142474855248,0.181560550822863,0.0298263610052585,0.078812919313757,0.0394064596568785,0.691580372700357,0.0977021276506849,0.210717499648958,0.0634467244590076,0.179283298479189,0.0896416492395947,0.741815562283073,0.0822211261230458,0.175963311593881,0.0628147057845287,0.177517458887137,0.0887587294435683,0.740932642487047,0.0829015544041451,0.176165803108808,0.0622537491800087,0.175902927722424,0.0879514638612118,0.74012537690469,0.0830386802370969,0.176835942858213,31,28,0,3,24,21,1,2,23,15,0,8,24,10,5,9,28,23,5,0,20,17,0,3,21,15,2,4,22,14,3,5
81,4,0.652173913043478,0.130434782608696,0.217391304347826,0.0152314407090971,0.0429106038917186,0.0214553019458593,0.639788645431782,0.151890084554555,0.208321270013663,0.0517814445772355,0.141147813634949,0.0705739068174743,0.581600006226004,0.182647153623708,0.235752840150288,0.0172198234876528,0.0485591137006883,0.0242795568503441,0.638402932367799,0.15471433945904,0.206882728173161,0.0270396965863358,0.0757640981489453,0.0378820490744727,0.628712871287129,0.168316831683168,0.202970297029703,0.0186116761716844,0.0508617828813624,0.0254308914406812,0.633581048222998,0.155865674049377,0.210553277727625,20,12,5,3,29,16,4,9,23,16,0,7,25,22,2,1,21,19,0,2,25,11,3,11,32,19,7,6,27,12,13,2
81,5,0.652173913043478,0.130434782608696,0.217391304347826,0.0445423386430033,0.124198389102933,0.0620991945514665,0.590074718492012,0.152330286552683,0.257594994955305,0.0795334035717311,0.224540344941418,0.112270172470709,0.539903740572769,0.180662271565652,0.279433987861578,0.046107025451079,0.129440312425687,0.0647201562128437,0.587453756830635,0.15592007135409,0.256626171815276,0.0449588483685788,0.124347826086957,0.0621739130434783,0.59,0.15,0.26,0.0448079170887932,0.1254762103971,0.0627381051985499,0.589435807844928,0.154085560282444,0.256478631872627,23,8,3,12,20,8,6,6,24,18,0,6,21,20,1,0,32,18,9,5,32,19,4,9,25,13,3,9,23,14,4,5
82,1,0.608695652173913,0.173913043478261,0.217391304347826,0.0442353222989977,0.113982222727911,0.0569911113639556,0.551704540809957,0.2247503879756,0.223545071214442,0.0278875503329687,0.0785039834328126,0.0392519917164064,0.569443660457507,0.190217284516768,0.240339055025725,0.0263531309136531,0.0679111262412435,0.0339555631206217,0.578413883869047,0.207868606598883,0.213717509532071,0.0289922093700841,0.0773913043478262,0.0386956521739131,0.57,0.205,0.225,0.0326391341997255,0.0818296152331315,0.0409148076165657,0.569732748906386,0.214827851094827,0.215439399998788,32,25,2,5,30,18,5,7,25,19,6,0,22,10,11,1,28,14,6,8,19,5,1,13,25,18,2,5,19,5,8,6
82,2,0.608695652173913,0.173913043478261,0.217391304347826,0.0386390802948401,0.10908079806063,0.054540399030315,0.638877285057217,0.198271809625271,0.162850905317511,0.0345053472128043,0.0974685715499116,0.0487342857749558,0.635220460910864,0.196122520516266,0.16865701857287,0.0474780020862343,0.133805544346254,0.0669027721731268,0.647072008292235,0.202439459533066,0.150488532174699,0.055649408152657,0.153701527614571,0.0768507638072855,0.632432432432432,0.227027027027027,0.140540540540541,0.0354548968556801,0.099789539543732,0.049894769771866,0.629346698080001,0.203156767344039,0.16749653457596,19,14,3,2,22,14,3,5,24,22,0,2,22,6,15,1,23,17,4,2,27,11,6,10,28,13,11,4,20,20,0,0
82,3,0.608695652173913,0.173913043478261,0.217391304347826,0.0218784927931621,0.0609748478360632,0.0304874239180316,0.578208228255881,0.193727357966741,0.228064413777377,0.0358555780302118,0.0986500580978979,0.049325029048949,0.559370623124964,0.208759606599004,0.231869770276032,0.0261582470501591,0.0721647529272502,0.0360823764636251,0.572613275710288,0.199020165099135,0.228366559190577,0.0243042557546142,0.0686733556298774,0.0343366778149388,0.574358974358974,0.18974358974359,0.235897435897436,0.0216444131717678,0.0606984282362556,0.0303492141181279,0.578346438055785,0.192539437630168,0.229114124314047,12,7,4,1,22,10,2,10,22,9,6,7,34,18,8,8,20,15,1,4,27,15,2,10,36,23,7,6,22,15,7,0
82,4,0.608695652173913,0.173913043478261,0.217391304347826,0.0298221461838156,0.0732891000401628,0.0366445500200814,0.645098948169579,0.137268493458179,0.217632558372242,0.0683149496773265,0.169377346010553,0.0846886730052763,0.693384325179189,0.0913037094892509,0.21531196533156,0.0367609270342076,0.0904728322948787,0.0452364161474393,0.653932068321352,0.129107031880459,0.216960899798188,0.0373619206566104,0.104246122552759,0.0521230612763793,0.660818713450292,0.140350877192982,0.198830409356725,0.0375480983814134,0.0931357317402469,0.0465678658701234,0.655263518044036,0.128530130039178,0.216206351916785,17,5,9,3,28,24,0,4,26,14,2,10,18,7,6,5,21,16,1,4,20,16,1,3,22,17,4,1,19,14,1,4
82,5,0.608695652173913,0.173913043478261,0.217391304347826,0.0533205639428379,0.142531847496837,0.0712659237484185,0.665671057511485,0.188203561889107,0.146125380599408,0.0406640426972948,0.10479257795187,0.0523962889759353,0.614367758834433,0.220637225793677,0.164995015371891,0.0495103642891435,0.135110501400086,0.0675552507000428,0.658414743429124,0.191749202923093,0.149836053647783,0.0537844529328037,0.147603121516165,0.0738015607580825,0.661538461538462,0.194871794871795,0.143589743589744,0.0504150182875943,0.137016055619123,0.0685080278095616,0.660052259380324,0.191064464081411,0.148883276538265,15,11,4,0,21,17,2,2,21,8,7,6,24,20,1,3,25,23,1,1,32,16,13,3,28,17,7,4,29,17,3,9
83,1,0.565217391304348,0.217391304347826,0.217391304347826,0.00857595319613267,0.0241719369892323,0.0120859684946161,0.570384313913558,0.20530533585321,0.224310350233232,0.0581782526883714,0.164225343095707,0.0821126715478537,0.483104719756494,0.25395369894905,0.262941581294456,0.0118163342700325,0.0314756598148598,0.0157378299074299,0.552482352048345,0.2143885136964,0.233129134255256,0.00624682201089927,0.0168721609344582,0.00843608046722907,0.567164179104478,0.208955223880597,0.223880597014925,0.007409290935492,0.0194357849981833,0.00971789249909166,0.563752308971081,0.209138494182001,0.227109196846918,26,13,5,8,21,17,3,1,24,18,1,5,26,10,9,7,30,14,9,7,28,20,4,4,30,11,9,10,16,11,2,3
83,2,0.565217391304348,0.217391304347826,0.217391304347826,0.0514619577434436,0.145285109550613,0.0726425547753064,0.525049808030599,0.184916332846269,0.290033859123133,0.0918196249269628,0.225308230889975,0.112654115444988,0.452961334059489,0.216993246147698,0.330045419792814,0.0539830011572217,0.150293478981208,0.0751467394906039,0.515983306364025,0.191478649797545,0.29253804383843,0.053378119366881,0.15085275042037,0.0754263752101849,0.524861878453039,0.18232044198895,0.292817679558011,0.052068109998951,0.146920421356801,0.0734602106784003,0.524090673222585,0.185057811751189,0.290851515026226,25,9,6,10,21,15,4,2,25,9,6,10,19,12,4,3,20,8,3,9,22,10,6,6,23,14,0,9,26,18,4,4
83,3,0.565217391304348,0.217391304347826,0.217391304347826,0.0587890159395812,0.149079800671194,0.0745399003355968,0.559839055021487,0.291931204683423,0.14822974029509,0.0521242245180694,0.128428658677269,0.0642143293386345,0.564459741832354,0.281605633686461,0.153934624481186,0.0608822355163093,0.159877897275614,0.0799389486378072,0.552947976014381,0.297330252985633,0.149721770999986,0.0576061213366483,0.152282067921263,0.0761410339606316,0.552238805970149,0.293532338308458,0.154228855721393,0.0608319453819461,0.157639272707961,0.0788196363539807,0.555663679072336,0.296210940701807,0.148125380225857,28,11,5,12,25,16,5,4,31,14,16,1,22,19,3,0,19,9,7,3,26,11,12,3,28,18,7,3,22,13,4,5
83,4,0.565217391304348,0.217391304347826,0.217391304347826,0.0213317819397328,0.0579716203912201,0.0289858101956101,0.543483320101245,0.246377114543436,0.210139565355319,0.0302950405444141,0.0851820615145231,0.0425910307572616,0.582489562718434,0.242710163691002,0.174800273590565,0.0147012904595521,0.0412851495790126,0.0206425747895063,0.55704202825796,0.238033879137332,0.204924092604708,0.0207205260773623,0.0582406471183013,0.0291203235591507,0.553488372093023,0.246511627906977,0.2,0.0158806014660422,0.0442829556719549,0.0221414778359775,0.550889894210799,0.239532782183804,0.209577323605398,25,11,11,3,24,4,11,9,30,16,1,13,23,12,6,5,28,21,4,3,28,15,12,1,27,17,6,4,30,23,2,5
83,5,0.565217391304348,0.217391304347826,0.217391304347826,0.0299432363662279,0.0834979406475171,0.0417489703237586,0.606966361628106,0.202653896161603,0.19037974221029,0.0468595030013716,0.124965244531135,0.0624826222655676,0.627700013569915,0.167027729530605,0.205272256899479,0.02351268749468,0.0610269720379529,0.0305134860189764,0.591918132219333,0.221204049451817,0.18687781832885,0.0351889081866603,0.0995224930887158,0.0497612465443579,0.589595375722543,0.242774566473988,0.167630057803468,0.021061544651903,0.0550585941796491,0.0275292970898245,0.588830204449392,0.221307788292606,0.189862007258002,26,10,12,4,20,9,5,6,12,9,0,3,16,12,1,3,22,16,3,3,22,18,4,0,31,10,16,5,24,18,1,5
84,1,0.521739130434783,0.260869565217391,0.217391304347826,0.0518972014566228,0.131483808674267,0.0657419043371333,0.517125580643989,0.199741210671052,0.283133208684959,0.0681175099751151,0.169812796000557,0.0849063980002784,0.51869621475992,0.179006082891975,0.302297702348104,0.0486735079893488,0.1245854606991,0.0622927303495499,0.527520610843754,0.198576834867841,0.273902554288405,0.0536511587186338,0.143360752056404,0.0716803760282021,0.536036036036036,0.189189189189189,0.274774774774775,0.0482439967194346,0.121830497966194,0.0609152489830967,0.525584273640425,0.199954316234295,0.274461410125281,26,17,4,5,24,18,2,4,32,14,5,13,22,3,5,14,36,18,14,4,20,7,6,7,31,17,4,10,31,25,2,4
84,2,0.521739130434783,0.260869565217391,0.217391304347826,0.0765502125662423,0.216494141990863,0.108247070995431,0.629986201430214,0.20539278118823,0.164621017381556,0.116512481112421,0.326252395913879,0.16312619795694,0.684865328391722,0.159178872305628,0.15595579930265,0.0920359959475142,0.260287624308643,0.130143812154321,0.651882942589104,0.194101208866339,0.154015848544557,0.0783788793933382,0.214253697893321,0.107126848946661,0.628865979381443,0.231958762886598,0.139175257731959,0.0794412170413805,0.223728493390404,0.111864246695202,0.633603377129985,0.195928935833281,0.170467687036735,23,17,1,5,25,12,12,1,35,25,0,10,23,17,3,3,19,15,4,0,24,21,1,2,21,7,11,3,24,8,13,3
84,3,0.521739130434783,0.260869565217391,0.217391304347826,0.0399478533359975,0.112517098129183,0.0562585490645914,0.577997679499374,0.237209991132751,0.184792329367875,0.0463304815807855,0.129062996354152,0.0645314981770762,0.544179677615585,0.302960516213665,0.15285980617075,0.0476604317993599,0.13377300710295,0.066886503551475,0.588625633986258,0.22022063020229,0.191153735811453,0.0261705817229244,0.0706753006475486,0.0353376503237743,0.548936170212766,0.225531914893617,0.225531914893617,0.0377124780258549,0.10661078401492,0.0533053920074601,0.575044522442243,0.235716164206028,0.189239313351729,33,20,2,11,30,11,2,17,29,15,10,4,28,18,10,0,34,18,12,4,26,23,1,2,26,13,13,0,29,11,3,15
84,4,0.521739130434783,0.260869565217391,0.217391304347826,0.0651958851985016,0.174995994095716,0.0874979970478582,0.452814140278267,0.34836756226525,0.198818297456483,0.0695810939874509,0.190585462276192,0.0952927311380962,0.426446399296686,0.329770683311877,0.243782917391437,0.0650369639916592,0.177604451612288,0.088802225806144,0.456593535210271,0.349671791023535,0.193734673766194,0.0597056006120698,0.157872520050654,0.0789362600253272,0.456310679611651,0.339805825242718,0.203883495145631,0.0644881432156289,0.176328684573649,0.0881643422868247,0.457448854854093,0.349033907504216,0.193517237641691,23,6,6,11,22,5,13,4,25,10,7,8,25,14,8,3,21,9,5,7,34,14,13,7,27,20,5,2,29,16,13,0
84,5,0.521739130434783,0.260869565217391,0.217391304347826,0.0291284072223953,0.071594057163881,0.0357970285819405,0.521984720902818,0.296421003331296,0.181594275765886,0.026160370590076,0.0735009505158473,0.0367504752579236,0.507051630642588,0.297620040475315,0.195328328882097,0.0355138774082406,0.0961216900570103,0.0480608450285052,0.510336835818632,0.308930410245896,0.180732753935472,0.0252332041883721,0.0664961636828644,0.0332480818414322,0.516339869281046,0.294117647058824,0.189542483660131,0.0319739907506343,0.0815015422362486,0.0407507711181243,0.518335342229569,0.301620336335516,0.180044321434916,22,13,8,1,22,12,9,1,22,10,7,5,16,8,2,6,18,12,4,2,16,4,5,7,10,8,2,0,27,12,8,7
85,1,0.478260869565217,0.304347826086957,0.217391304347826,0.0784629705605921,0.196220437812049,0.0981102189060244,0.57220969053162,0.308509224026578,0.119281085441802,0.08237256963167,0.20487018167045,0.102435090835225,0.580695960400442,0.301173484827382,0.118130554772176,0.0618281560840282,0.156035602759961,0.0780178013799807,0.551460387798648,0.309166109233506,0.139373502967845,0.0786337991164829,0.198329406725209,0.0991647033626044,0.571428571428571,0.310344827586207,0.118226600985222,0.078052938720643,0.196555838710203,0.0982779193551016,0.57092545146482,0.309961163542455,0.119113384992724,29,12,13,4,25,14,7,4,23,16,4,3,24,15,7,2,16,9,6,1,25,16,7,2,34,13,15,6,27,21,4,2
85,2,0.478260869565217,0.304347826086957,0.217391304347826,0.0161730613863733,0.0457084922276093,0.0228542461138046,0.501115115679022,0.293704570262646,0.205180314058332,0.0538336181363287,0.138497890028832,0.0692489450144161,0.540281060228095,0.23509888107254,0.224620058699365,0.00885021960599825,0.0248771073222882,0.012438553661144,0.490699423226361,0.299333276497599,0.20996730027604,0.0122598444964585,0.0343039489429597,0.0171519744714799,0.495412844036697,0.293577981651376,0.211009174311927,0.00661227300478844,0.0183919352736263,0.00919596763681313,0.487456837202031,0.301219150218503,0.211324012579467,30,20,8,2,24,16,5,3,29,8,15,6,26,17,2,7,35,6,16,13,22,15,7,0,23,12,5,6,29,14,6,9
85,3,0.478260869565217,0.304347826086957,0.217391304347826,0.0139197686767708,0.0384074717219753,0.0192037358609877,0.491611382151887,0.310201049361274,0.198187568486838,0.06958470107452,0.196750225014174,0.0983751125070871,0.525257794663381,0.35572601349588,0.119016191840739,0.0223455835739025,0.0601306563793413,0.0300653281896706,0.501722334792061,0.310951689049784,0.187325976158155,0.0279163696560048,0.0768878718535469,0.0384439359267734,0.505263157894737,0.315789473684211,0.178947368421053,0.0172440679145552,0.0468294334017416,0.0234147167008708,0.495871625134726,0.310151787218319,0.193976587646955,27,19,6,2,23,9,11,3,27,5,11,11,32,19,11,2,14,10,1,3,27,19,1,7,18,3,10,5,22,12,9,1
85,4,0.478260869565217,0.304347826086957,0.217391304347826,0.0516972439708349,0.135064039685312,0.0675320198426562,0.536285430004834,0.2368158062443,0.226898763750865,0.0429053371248385,0.120941907980271,0.0604709539901354,0.443695297497723,0.278442444164316,0.277862258337962,0.0571820314105561,0.145431797697198,0.072715898848599,0.545261527997321,0.231631927238358,0.223106544764321,0.0596599858592711,0.152074647607703,0.0760373238038515,0.547945205479452,0.228310502283105,0.223744292237443,0.0561020399064791,0.143490893898311,0.0717454469491556,0.543469602551174,0.232602379137801,0.223928018311025,27,15,4,8,22,5,9,8,24,9,6,9,30,24,4,2,27,18,6,3,31,20,1,10,31,11,12,8,27,18,8,1
85,5,0.478260869565217,0.304347826086957,0.217391304347826,0.0175788468216941,0.0487290294199347,0.0243645147099674,0.502625384275185,0.296443605732948,0.200931009991867,0.051383002571393,0.143000518008985,0.0715002590044925,0.525240609550269,0.232847567082464,0.241911823367267,0.0229678985331766,0.0646370626822708,0.0323185313411354,0.510579400906353,0.285374143334739,0.204046455758908,0.0288573674893088,0.0809114159497791,0.0404557079748895,0.518716577540107,0.288770053475936,0.192513368983957,0.0252819373327424,0.0713575589112163,0.0356787794556082,0.513939649020826,0.284500189520831,0.201560161458344,23,6,13,4,31,26,4,1,13,5,7,1,25,15,4,6,28,14,5,9,19,10,5,4,24,7,12,5,24,14,4,6
86,1,0.434782608695652,0.347826086956522,0.217391304347826,0.0745477749063899,0.187505525594084,0.0937527627970419,0.346146549183167,0.441578849753564,0.212274601063269,0.0201119552249162,0.0560666245102397,0.0280333122551198,0.406749296440532,0.357679070731607,0.235571632827861,0.078847462413484,0.203255747844765,0.101627873922382,0.344229334484314,0.449453960878904,0.206316704636782,0.0874605109640438,0.21501976284585,0.107509881422925,0.327272727272727,0.454545454545455,0.218181818181818,0.077318325915132,0.198671171905829,0.0993355859529145,0.345535574872241,0.447161672909436,0.207302752218323,17,3,3,11,23,3,20,0,29,11,11,7,19,4,12,3,19,6,12,1,20,10,8,2,15,7,3,5,23,10,6,7
86,2,0.434782608695652,0.347826086956522,0.217391304347826,0.0442064169027534,0.116219926382042,0.0581099631910209,0.376672645504631,0.396849420425026,0.226477934070342,0.0269418103444588,0.0709549815438656,0.0354774907719328,0.405010474204752,0.383303577728455,0.211685948066794,0.0674449475961277,0.175685240098982,0.087842620049491,0.358674546559251,0.435668707006013,0.205656746434737,0.0790882327347089,0.212455934195065,0.106227967097532,0.351351351351351,0.454054054054054,0.194594594594595,0.058221975256471,0.146930870548282,0.073465435274141,0.361317173421511,0.416758493553789,0.221924333024699,20,12,6,2,26,10,15,1,23,9,7,7,33,3,26,4,20,9,9,2,21,13,0,8,22,3,16,3,20,6,5,9
86,3,0.434782608695652,0.347826086956522,0.217391304347826,0.0320282453259319,0.0827710017832695,0.0413855008916347,0.430031720906014,0.389211587848156,0.180756691245829,0.0320072692215238,0.0869170664907648,0.0434585332453824,0.424017594927061,0.391284620201904,0.184697784871034,0.0301635803141851,0.073969095976763,0.0369845479883814,0.434866466852874,0.384726776787682,0.180406756359445,0.0384319964552444,0.104593929450369,0.0522969647251846,0.44811320754717,0.386792452830189,0.165094339622642,0.0295252858893216,0.0731710186355356,0.0365855093177678,0.433917967567466,0.38441159627429,0.181670436158244,30,11,12,7,34,25,4,5,30,16,12,2,22,15,6,1,23,4,14,5,22,10,6,6,29,4,18,7,22,10,10,2
86,4,0.434782608695652,0.347826086956522,0.217391304347826,0.0400298882008832,0.102028490859865,0.0510142454299322,0.481544095585389,0.352078845496717,0.166377058917894,0.0141702398991994,0.0396804737367379,0.019840236868369,0.414942371827283,0.360189010941002,0.224868617231715,0.0461348929576012,0.113659844721057,0.0568299223605284,0.491612531056181,0.347167430748033,0.161220038195786,0.0467320186223822,0.116609897816069,0.0583049489080344,0.493087557603687,0.345622119815668,0.161290322580645,0.0441769408769202,0.108489019393323,0.0542445096966616,0.489027118392314,0.347546951034481,0.163425930573205,22,14,6,2,29,11,11,7,26,5,18,3,24,8,11,5,27,13,5,9,33,27,4,2,25,10,8,7,31,19,12,0
86,5,0.434782608695652,0.347826086956522,0.217391304347826,0.0193675825911654,0.0511431167495505,0.0255715583747753,0.413498215806459,0.343538921470939,0.242962862722601,0.0273175271900951,0.0703756742293108,0.0351878371146554,0.430999302980148,0.316421555557371,0.252579141462481,0.0235053856508253,0.0601931561311825,0.0300965780655912,0.404686030630061,0.350651376216456,0.244662593153483,0.0225311270633676,0.0595994137762579,0.029799706888129,0.410112359550562,0.342696629213483,0.247191011235955,0.0208727423204534,0.0515370681679874,0.0257685340839937,0.409014074611658,0.348240628807657,0.242745296580685,29,9,16,4,26,13,8,5,19,9,4,6,21,14,6,1,22,11,8,3,10,4,3,3,25,4,9,12,26,9,7,10
87,1,0.391304347826087,0.391304347826087,0.217391304347826,0.0930759745048415,0.260576608648009,0.130288304324005,0.521592652150092,0.309929857949775,0.168477489900133,0.0877888612917858,0.247958155143913,0.123979077571957,0.515283425398044,0.334990854641379,0.149725719960577,0.0937977795429731,0.263562303864194,0.131781151932097,0.523085499758184,0.31228627524509,0.164628224996726,0.0919984265280916,0.260045332783845,0.130022666391923,0.52132701421801,0.322274881516588,0.156398104265403,0.0931902514744984,0.261614873553307,0.130807436776653,0.52211178460274,0.31198318291328,0.16590503248398,16,9,4,3,30,20,9,1,14,9,2,3,36,23,11,2,29,19,1,9,37,13,14,10,29,13,13,3,20,4,14,2
87,2,0.391304347826087,0.391304347826087,0.217391304347826,0.0703743170843855,0.198431176185303,0.0992155880926513,0.292088759733436,0.434128553794377,0.273782686472188,0.0517580374995698,0.133267603947685,0.0666338019738426,0.331752089121129,0.45793814979993,0.210309761078942,0.0555373847006843,0.156441258769635,0.0782206293848174,0.31308371844127,0.42427043733789,0.262645844220841,0.0410983080366511,0.115942028985507,0.0579710144927537,0.333333333333333,0.416666666666667,0.25,0.0587207640112304,0.164744333109658,0.0823721665548289,0.308932181271258,0.423362900117985,0.267704918610757,25,18,4,3,28,10,15,3,21,5,12,4,29,13,10,6,30,11,7,12,22,6,11,5,17,0,7,10,20,1,14,5
87,3,0.391304347826087,0.391304347826087,0.217391304347826,0.0761854737717207,0.193697611922303,0.0968488059611516,0.301995091798732,0.488153153787239,0.209851754414029,0.0233143208081426,0.0657830620982026,0.0328915310491013,0.405763477739362,0.358412816776986,0.235823705483652,0.0831317268200937,0.214544597405857,0.107272298702929,0.296005067838792,0.498576646529016,0.205418285632192,0.0851754185306134,0.227391304347826,0.113695652173913,0.3,0.505,0.195,0.0821854192386907,0.210978386864936,0.105489193432468,0.296302358207728,0.496793541258555,0.206904100533717,21,8,7,6,27,4,23,0,26,6,14,6,31,7,19,5,20,9,5,6,30,15,8,7,25,1,18,6,20,10,7,3
87,4,0.391304347826087,0.391304347826087,0.217391304347826,0.0196188015882539,0.0519499688585917,0.0259749844292959,0.412737028112193,0.395846651969277,0.19141631991853,0.0393163028942659,0.108860325529198,0.0544301627645991,0.428351801555635,0.408687056861138,0.162961141583227,0.0251731430818014,0.0670381465105478,0.0335190732552739,0.418450630575872,0.397677138331576,0.183872231092552,0.0281856409381645,0.0739578664276109,0.0369789332138055,0.422680412371134,0.396907216494845,0.180412371134021,0.0176843593215111,0.0460901794018915,0.0230450897009458,0.411241031219809,0.39441275413331,0.19434621464688,30,14,15,1,27,7,5,15,21,13,5,3,25,9,11,5,19,5,11,3,30,23,4,3,15,9,5,1,27,2,21,4
87,5,0.391304347826087,0.391304347826087,0.217391304347826,0.0514993163304913,0.128890457914846,0.0644452289574232,0.45574957678351,0.388465040210814,0.155785383005676,0.0606841172897861,0.169240250658501,0.0846201253292502,0.361380524655645,0.475924473155337,0.162695002189018,0.0504578768219646,0.127355744533219,0.0636778722666096,0.451033110738503,0.39525345718028,0.153713432081216,0.0480096946119649,0.127090301003344,0.0635451505016722,0.443786982248521,0.402366863905325,0.153846153846154,0.0490383750147037,0.122040344964501,0.0610201724822503,0.450354708221491,0.393274159912933,0.156371131865576,20,13,6,1,18,6,3,9,17,5,9,3,23,9,11,3,21,18,1,2,18,8,10,0,30,8,15,7,22,8,13,1
88,1,0.347826086956522,0.434782608695652,0.217391304347826,0.0682731690078305,0.18159604166844,0.0907980208342202,0.364788712775743,0.343984587861432,0.291226699362825,0.0127204223706411,0.03561352820962,0.01780676410481,0.341136995313706,0.423664936233658,0.235198068452636,0.0608464211212852,0.16582821053981,0.0829141052699051,0.369349027989211,0.351868503425747,0.278782468585042,0.0494201753527613,0.131247460381959,0.0656237301909793,0.35981308411215,0.369158878504673,0.271028037383178,0.062231108311544,0.169591776289212,0.0847958881446061,0.369820372586029,0.349986720551046,0.280192906862925,29,8,15,6,29,9,13,7,42,20,10,12,18,3,3,12,28,12,13,3,22,8,8,6,20,12,0,8,26,5,17,4
88,2,0.347826086956522,0.434782608695652,0.217391304347826,0.0377898866698809,0.106817481386512,0.0534087406932562,0.376186692477892,0.459830743867538,0.16398256365457,0.029601722858049,0.0833750170016914,0.0416875085008458,0.365352203419144,0.458944000733876,0.17570379584698,0.0432400033302003,0.121318352905075,0.0606591764525377,0.384856053236939,0.458411818867772,0.156732127895288,0.0299858189545374,0.0847826086956522,0.0423913043478261,0.37,0.455,0.175,0.0417443787727422,0.115897087154146,0.0579485435770729,0.386565831680627,0.45399140754862,0.159442760770753,33,17,9,7,31,14,17,0,22,13,7,2,30,8,16,6,12,2,5,5,21,7,12,2,27,10,4,13,24,3,21,0
88,3,0.347826086956522,0.434782608695652,0.217391304347826,0.0368300465626961,0.103913279827445,0.0519566399137226,0.318676147323159,0.486739248609375,0.194584604067466,0.0686227471722604,0.190780969211453,0.0953904846057267,0.252435602350795,0.497941153660477,0.249623243988728,0.0376831851958375,0.106373418074458,0.0531867090372291,0.324133448917939,0.487969317732881,0.18789723334918,0.0403664434848921,0.113675006072383,0.0568375030361914,0.324022346368715,0.491620111731844,0.184357541899441,0.0387980137719782,0.109451641657479,0.0547258208287394,0.32388986735713,0.489508429524392,0.186601703118479,22,4,10,8,30,13,12,5,18,2,14,2,23,12,10,1,30,10,19,1,20,4,12,4,19,3,9,7,17,10,2,5
88,4,0.347826086956522,0.434782608695652,0.217391304347826,0.00960037519291663,0.0247084119386376,0.0123542059693188,0.335471880987203,0.445836288545069,0.218691830467728,0.0833661780641854,0.205985136035166,0.102992568017583,0.450818654974105,0.33359449771902,0.215586847306876,0.0133134765154478,0.032998123597854,0.016499061798927,0.331327025157595,0.450887628453708,0.217785346388698,0.0157860467799859,0.0444132772323516,0.0222066386161758,0.338709677419355,0.456989247311828,0.204301075268817,0.0134200903028791,0.03291814724596,0.01645907362298,0.331412883044573,0.451241682318632,0.217345434636795,20,11,4,5,20,4,8,8,27,6,18,3,21,11,7,3,23,12,9,2,26,13,6,7,23,3,18,2,26,3,15,8
88,5,0.347826086956522,0.434782608695652,0.217391304347826,0.0303176412663503,0.0822744070985347,0.0411372035492674,0.388963290505789,0.424679995696202,0.186356713798009,0.106232822392013,0.298872804084232,0.149436402042116,0.409139432939585,0.285346206653536,0.305514360406879,0.0235466207862638,0.0657935686585725,0.0328967843292862,0.368748427184395,0.446757052797065,0.18449452001854,0.00900459073284865,0.0224535619514186,0.0112267809757093,0.347417840375587,0.446009389671362,0.206572769953052,0.0220400517824589,0.058189142755825,0.0290945713779125,0.372057135401343,0.439646131628744,0.188296732969914,31,11,8,12,26,4,22,0,26,8,5,13,17,10,6,1,18,9,4,5,25,13,11,1,32,13,9,10,38,6,30,2
89,1,0.304347826086957,0.478260869565217,0.217391304347826,0.0773665179880716,0.213985648487144,0.106992824243572,0.197355001843384,0.551575677905819,0.251069320250796,0.0938400549884755,0.262860136905055,0.131430068452528,0.172917757634429,0.559898739917093,0.267183502448478,0.0696325188406381,0.193786953041792,0.0968934765208959,0.207454349566061,0.541931673508284,0.250613976925656,0.0714145048711124,0.195652173913043,0.0978260869565218,0.206521739130435,0.548913043478261,0.244565217391304,0.0737776869605294,0.202053618491282,0.101026809245641,0.203321016841316,0.551355427836655,0.245323555322029,20,3,10,7,24,5,15,4,23,3,15,5,24,1,15,8,30,10,18,2,20,4,10,6,14,1,7,6,29,11,11,7
89,2,0.304347826086957,0.478260869565217,0.217391304347826,0.0880425466292433,0.242436441145696,0.121218220572848,0.219104546922569,0.599479090138065,0.181416362939366,0.0299554069417633,0.0824624581216043,0.0412312290608022,0.333388339439997,0.490451585272979,0.176160075287024,0.0884409499584451,0.247750676722615,0.123875338361308,0.227447608536057,0.602136207926525,0.170416183537418,0.0853651177121729,0.241447804016773,0.120723902008387,0.243654822335025,0.598984771573604,0.157360406091371,0.0843095761477885,0.23450808192061,0.117254040960305,0.22699183462095,0.595514910525522,0.177493254853527,25,0,21,4,21,4,16,1,23,1,18,4,22,10,7,5,21,5,7,9,35,16,16,3,27,9,14,4,23,3,19,1
89,3,0.304347826086957,0.478260869565217,0.217391304347826,0.022910157532437,0.0647272291722647,0.0323636145861323,0.319202864586362,0.445897254979085,0.234899880434553,0.018920136007569,0.0482902638933185,0.0241451319466592,0.282289431541286,0.502406001511877,0.215304566946837,0.0275376289022131,0.0759000340915836,0.0379500170457918,0.330894403998169,0.440310852519426,0.228794743482406,0.023715629459395,0.0609472049689441,0.030473602484472,0.334821428571429,0.450892857142857,0.214285714285714,0.031949845054282,0.0902078443126077,0.0451039221563039,0.329227028681906,0.433156947408914,0.23761602390918,22,8,11,3,31,7,18,6,25,4,13,8,25,1,22,2,23,10,3,10,29,18,6,5,26,6,18,2,43,21,10,12
89,4,0.304347826086957,0.478260869565217,0.217391304347826,0.0975916262904048,0.274141111606519,0.13707055580326,0.386845028349081,0.341190313761958,0.271964657888962,0.100084713781391,0.273137989475235,0.136568994737617,0.340428175332863,0.3416918748276,0.317879949839537,0.0883437386951033,0.249498132926771,0.124749066463386,0.372653384721428,0.353511803101832,0.27383481217674,0.0847651662187724,0.238818389848138,0.119409194924069,0.373205741626794,0.358851674641148,0.267942583732057,0.0893459730117257,0.252534241164981,0.126267120582491,0.371545255836377,0.351993748982727,0.276460995180896,35,12,12,11,17,5,10,2,20,7,4,9,29,8,11,10,17,14,2,1,32,16,13,3,33,3,21,9,26,13,2,11
89,5,0.304347826086957,0.478260869565217,0.217391304347826,0.034486404140645,0.0961737631262192,0.0480868815631096,0.352434707650066,0.447167111629134,0.2003981807208,0.0350207922109019,0.0895576302666545,0.0447788151333273,0.308411647249354,0.43348205443189,0.258106298318756,0.0413499811266463,0.1164479203372,0.0582239601686,0.362571786255557,0.444436219804931,0.192991993939513,0.0444514452233245,0.1256038647343,0.0628019323671498,0.367149758454106,0.444444444444444,0.188405797101449,0.0398951720492125,0.109524634848676,0.0547623174243379,0.359110143511294,0.439121582941198,0.201768273547508,26,15,10,1,24,6,17,1,30,8,13,9,24,8,10,6,27,13,4,10,24,1,21,2,29,20,6,3,23,5,11,7
90,1,0.260869565217391,0.521739130434783,0.217391304347826,0.0421606583535518,0.10775910671738,0.05387955335869,0.211815834422863,0.575618683793473,0.212565481783665,0.0588937078400623,0.16393509764026,0.0819675488201298,0.178902016397262,0.549928611584153,0.271169372018586,0.0418220990256369,0.104792979465443,0.0523964897327215,0.20847307548467,0.571698432687798,0.219828491827533,0.0483177273780241,0.133389615871676,0.0666948079358379,0.194174757281553,0.567961165048544,0.237864077669903,0.0396080278334027,0.0989136745477303,0.0494568372738651,0.211412727943526,0.569242749146077,0.219344522910396,20,4,10,6,25,11,11,3,23,5,13,5,25,2,22,1,25,6,19,0,30,4,17,9,25,2,15,8,33,6,10,17
90,2,0.260869565217391,0.521739130434783,0.217391304347826,0.036471142889496,0.0972041656498802,0.0486020828249401,0.309471648042331,0.512391167444741,0.178137184512927,0.0596006258822788,0.168528110746447,0.0842640553732233,0.216997239457802,0.606003185808006,0.176999574734192,0.0336536663246325,0.0836042654245018,0.0418021327122509,0.302671697929642,0.520543143656397,0.17678515841396,0.047927100176382,0.124782608695652,0.0623913043478261,0.315,0.53,0.155,0.0345331774066351,0.0855157757381787,0.0427578878690894,0.302684574855197,0.522682008666067,0.174633416478737,26,4,17,5,21,13,4,4,17,2,11,4,23,16,6,1,38,6,27,5,29,11,15,3,24,7,11,6,22,4,15,3
90,3,0.260869565217391,0.521739130434783,0.217391304347826,0.103743875052396,0.25981325840721,0.129906629203605,0.136862138285892,0.651645759638388,0.21149210207572,0.0713540091959085,0.200911154782977,0.100455577391488,0.218924268338829,0.622194707826271,0.1588810238349,0.109093940828314,0.27779330761711,0.138896653808555,0.133257490507738,0.660635784243338,0.206106725248924,0.101382080009857,0.253819036427732,0.126909518213866,0.13963963963964,0.648648648648649,0.211711711711712,0.102285132104562,0.255728586208303,0.127864293104151,0.138359143799942,0.649603423538934,0.212037432661124,24,5,9,10,28,6,19,3,29,9,15,5,33,1,15,17,20,0,15,5,32,8,21,3,23,1,21,1,33,1,29,3
90,4,0.260869565217391,0.521739130434783,0.217391304347826,0.0533125641543847,0.146505942979908,0.0732529714899542,0.208788440330977,0.594992101924737,0.196219457744286,0.238807719014841,0.646145573525775,0.323072786762887,0.0141177340822565,0.44541817480703,0.540464091110713,0.0621049808049573,0.172194663137921,0.0860973315689606,0.202788265475267,0.607836462003743,0.18937527252099,0.0651666867491007,0.171181424994309,0.0855907124971546,0.18848167539267,0.607329842931937,0.204188481675393,0.059808486728006,0.165992732923871,0.0829963664619358,0.205254548324864,0.604735496896718,0.190009954778418,15,1,6,8,30,2,25,3,19,6,12,1,23,8,12,3,31,6,14,11,21,5,7,9,27,6,17,4,25,2,23,0
90,5,0.260869565217391,0.521739130434783,0.217391304347826,0.0661612105531088,0.186171502509311,0.0930857512546552,0.299212388540219,0.57648205836661,0.124305553093171,0.0453128332428419,0.114880582791204,0.0574402913956021,0.318309856612993,0.517622622232922,0.164067521154085,0.0613465207251412,0.173495283698929,0.0867476418494647,0.303135061826764,0.566221275674875,0.130643662498361,0.0669451380892416,0.187163561076605,0.0935817805383023,0.295238095238095,0.580952380952381,0.123809523809524,0.0676974130971171,0.189867917941059,0.0949339589705296,0.297609607315921,0.579933047306783,0.122457345377296,34,12,21,1,23,4,18,1,21,7,11,3,30,7,17,6,23,6,11,6,30,11,14,5,32,7,24,1,17,8,6,3
91,1,0.217391304347826,0.565217391304348,0.217391304347826,0.00162858022435308,0.00460121835882193,0.002300609179411,0.216147146822959,0.567518000483759,0.216334852693282,0.0539346654868899,0.150869761974288,0.0754348809871438,0.245330899495124,0.489782510317204,0.264886590187672,0.00320571149143289,0.00902736565200077,0.00451368282600043,0.214767203136918,0.563327809689255,0.221904987173827,0.0102073647998036,0.0252173913043479,0.0126086956521739,0.205,0.565,0.23,0.00426962920363738,0.0109469542224563,0.00547347711122817,0.216862593541013,0.560272624999933,0.222864781459054,23,8,13,2,30,7,14,9,23,1,16,6,25,5,19,1,24,5,11,8,19,6,9,4,31,8,8,15,25,1,23,1
91,2,0.217391304347826,0.565217391304348,0.217391304347826,0.0698791932293032,0.175452645418422,0.0877263227092109,0.300659055504978,0.569675962856407,0.129664981638615,0.0833068895324404,0.215493478925168,0.107746739462584,0.32513804381041,0.552611888815523,0.122250067374067,0.0617134755654967,0.165128660390695,0.0825643301953477,0.283172002750678,0.582001023096843,0.134826974152478,0.0631439073188855,0.156432093231735,0.0782160466158673,0.293814432989691,0.56701030927835,0.139175257731959,0.0605586220346457,0.159901392255964,0.0799506961279819,0.283954895971536,0.57860449580862,0.137440608219844,28,11,14,3,31,2,18,11,18,11,7,0,26,2,19,5,15,9,6,0,26,8,17,1,24,4,18,2,26,10,11,5
91,3,0.217391304347826,0.565217391304348,0.217391304347826,0.0995681621441046,0.281615694091032,0.140807847045516,0.146218598061874,0.706025238349864,0.147756163588262,0.108309450733263,0.305604120117155,0.152802060058577,0.150212720230713,0.718019451362925,0.131767828406362,0.0955175804011132,0.270156289803683,0.135078144901842,0.148939365021354,0.70029553620619,0.150765098772457,0.0991686862958666,0.278891642261771,0.139445821130885,0.134715025906736,0.704663212435233,0.160621761658031,0.0979819733466304,0.277113318754582,0.138556659377291,0.146616392551953,0.703774050681639,0.149609556766408,33,6,23,4,23,3,19,1,18,0,16,2,26,2,20,4,26,2,15,9,20,6,13,1,24,3,21,0,23,4,9,10
91,4,0.217391304347826,0.565217391304348,0.217391304347826,0.0109335835541716,0.0299465022472481,0.014973251123624,0.228219514428358,0.56936243234744,0.202418053224202,0.0171292981032418,0.0477384744594103,0.0238692372297051,0.225746269932198,0.580731662949681,0.193522067118121,0.0131220061661721,0.035595612215245,0.0177978061076225,0.235189110455449,0.560869218088067,0.203941671456484,0.0245494265031115,0.06291324383891,0.031456621919455,0.248847926267281,0.56221198156682,0.188940092165899,0.013263402396709,0.0353503063224706,0.0176751531612353,0.235066457509061,0.561817505892847,0.203116036598091,20,4,14,2,28,3,15,10,26,7,15,4,36,22,10,4,28,1,20,7,23,7,12,4,30,4,23,3,26,6,13,7
91,5,0.217391304347826,0.565217391304348,0.217391304347826,0.0434568174240752,0.107480276600059,0.0537401383000297,0.164699914113011,0.564168643239134,0.271131442647856,0.085432704715715,0.228431883852487,0.114215941926243,0.126163551586024,0.542229202139907,0.331607246274069,0.0307294087160118,0.08664261823939,0.043321309119695,0.174069995228131,0.589860154542702,0.236069850229167,0.0108736649290814,0.0305272895467161,0.015263644773358,0.202127659574468,0.574468085106383,0.223404255319149,0.0304032681277161,0.0798922424177276,0.0399461212088638,0.183642590599395,0.559019983843915,0.25733742555669,22,2,14,6,19,0,15,4,15,2,4,9,19,2,8,9,27,4,22,1,34,23,5,6,29,5,22,2,23,0,18,5
92,1,0.173913043478261,0.608695652173913,0.217391304347826,0.0450051152286896,0.111712043064932,0.055856021532466,0.229769065010727,0.607192425967728,0.163038509021545,0.0985296605288745,0.247326227536488,0.123663113768244,0.297576157246505,0.491251895856936,0.211171946896559,0.0437118059996557,0.119962019200744,0.0599810096003722,0.216856997283147,0.6257327079694,0.157410294747454,0.0244938595401919,0.0611562350692786,0.0305781175346393,0.203296703296703,0.60989010989011,0.186813186813187,0.0449079631268714,0.111340765616715,0.0556703828083576,0.229583426286618,0.607331087637734,0.163085486075648,25,0,25,0,22,3,8,11,22,6,6,10,27,10,13,4,23,6,10,7,19,5,13,1,22,2,20,0,22,5,16,1
92,2,0.173913043478261,0.608695652173913,0.217391304347826,0.029690969941483,0.083654209290655,0.0418271046453274,0.149805664009259,0.590975926997587,0.259218408993154,0.0901253363247262,0.242705533102474,0.121352766551237,0.146985644027912,0.514270285073025,0.338744070899063,0.027765572380089,0.078238431890167,0.0391192159450835,0.157295496394346,0.586193983312745,0.25651052029291,0.0388796870725005,0.108074534161491,0.0540372670807453,0.138095238095238,0.59047619047619,0.271428571428571,0.0288783045438335,0.0815801943257209,0.0407900971628604,0.151768512095287,0.590050086394027,0.258181401510687,28,3,12,13,23,4,12,7,29,5,16,8,24,1,22,1,25,5,12,8,20,1,12,7,30,4,14,12,31,6,24,1
92,3,0.173913043478261,0.608695652173913,0.217391304347826,0.0874698431649943,0.228653172421307,0.114326586210654,0.288239629688915,0.510623509671096,0.201136860639989,0.188768546801792,0.472947182767105,0.236473591383553,0.399436962470618,0.37222206079036,0.228340976739021,0.0874684180315172,0.226649939370038,0.113324969685019,0.28723801316328,0.509089312546097,0.203672674290624,0.0921122217386122,0.250213128729753,0.125106564364876,0.299019607843137,0.514705882352941,0.186274509803922,0.0876292063952555,0.226171019272744,0.113085509636372,0.286998553114633,0.508254522067968,0.204746924817399,18,9,5,4,26,2,19,5,27,1,21,5,26,9,15,2,23,11,8,4,21,4,16,1,30,12,9,9,33,13,12,8
92,4,0.173913043478261,0.608695652173913,0.217391304347826,0.0773521888550628,0.195362546630659,0.0976812733153297,0.265401286324619,0.511014378858583,0.223584334816798,0.101278822409335,0.283402042598485,0.141701021299243,0.262838819685987,0.46699463087467,0.270166549439343,0.0729553212192677,0.191605585007924,0.0958027925039622,0.254981999975787,0.512892859669951,0.232125140354262,0.0758277157117984,0.195652173913043,0.0978260869565217,0.260869565217391,0.510869565217391,0.228260869565217,0.0733137266351459,0.192680232960085,0.0963401164800427,0.255268794978454,0.51235553569387,0.232375669327676,30,6,14,10,20,13,4,3,21,7,14,0,22,7,9,6,22,5,12,5,19,1,16,2,19,7,7,5,31,2,18,11
92,5,0.173913043478261,0.608695652173913,0.217391304347826,0.0696858473884079,0.195510487004934,0.097755243502467,0.135857171363327,0.54899628078638,0.315146547850293,0.105085392495544,0.276941897096481,0.13847094854824,0.196417833186172,0.470224703625673,0.333357463188156,0.0628598941423704,0.177716070617544,0.0888580353087718,0.131772389471507,0.561978270871895,0.306249339656598,0.055896830592294,0.148131964168669,0.0740659820843347,0.160804020100503,0.547738693467337,0.291457286432161,0.0690492754490813,0.19447468275597,0.0972373413779848,0.133064716499207,0.552306637774982,0.314628645725811,21,5,5,11,30,5,15,10,23,0,12,11,19,10,6,3,30,10,12,8,26,0,19,7,28,2,19,7,22,0,21,1
93,1,0.130434782608696,0.652173913043478,0.217391304347826,0.0694537393191138,0.195809240992481,0.0979046204962407,0.074645307580753,0.750078533539719,0.175276158879528,0.0540742756037476,0.143254912538305,0.0716274562691526,0.0714225296414266,0.723801369312631,0.204776101045942,0.0786820942624895,0.222534923722499,0.11126746186125,0.0738152096453751,0.763441374904728,0.162743415449897,0.0700453639319029,0.1929783771216,0.0964891885607998,0.101604278074866,0.748663101604278,0.149732620320856,0.0718885404518877,0.203159839632569,0.101579919816285,0.0760277396158106,0.753753832859763,0.170218427524427,26,8,15,3,25,0,21,4,26,0,26,0,25,0,21,4,22,2,14,6,22,1,18,3,24,8,14,2,17,0,11,6
93,2,0.130434782608696,0.652173913043478,0.217391304347826,0.00301048932590124,0.00851239705589685,0.00425619852794842,0.128216408541674,0.650136088582551,0.221647502875775,0.00342510126182199,0.00898046513125131,0.00449023256562564,0.129762986576356,0.656664145609104,0.21357286781454,0.00639829897132108,0.0180775442151576,0.00903877210757886,0.126279805226666,0.661212685151057,0.212507509622277,0.0110038357138287,0.0289855072463767,0.0144927536231884,0.118279569892473,0.666666666666667,0.21505376344086,0.00760008425782636,0.0214904996506934,0.0107452498253466,0.125278087620432,0.662919162868825,0.211802749510743,23,5,16,2,27,0,20,7,15,2,3,10,20,1,14,5,26,1,23,2,28,5,18,5,22,6,15,1,25,2,15,8
93,3,0.130434782608696,0.652173913043478,0.217391304347826,0.0335689059539303,0.0934089120926916,0.0467044560463458,0.114453274324934,0.698878369089824,0.186668356585242,0.0390621045682888,0.10527618780152,0.0526380939007601,0.0777966887079356,0.693008307830785,0.22919500346128,0.0315846176164811,0.0892837034012679,0.0446418517006339,0.106805838209985,0.696815764744112,0.196378397045903,0.03198135943246,0.080267558528428,0.040133779264214,0.0923076923076923,0.692307692307692,0.215384615384615,0.024942486857854,0.0700558547455085,0.0350279273727543,0.116522860559796,0.687201840416233,0.196275299023972,28,6,8,14,32,1,22,9,19,0,19,0,24,2,20,2,21,4,17,0,24,1,15,8,20,1,14,5,27,3,20,4
93,4,0.130434782608696,0.652173913043478,0.217391304347826,0.0498186285245715,0.128409075287491,0.0642045376437454,0.194639320252441,0.594948415297589,0.21041226444997,0.0200926047371838,0.0503118338821592,0.0251559169410796,0.129300338887881,0.628152439823213,0.242547221288906,0.0394565938167655,0.109316057717706,0.0546580288588529,0.185092811467549,0.615118177461452,0.199789011070999,0.0385742215276494,0.09995517705065,0.049977588525325,0.180412371134021,0.608247422680412,0.211340206185567,0.0426985957464693,0.117214771924875,0.0586073859624375,0.189042168571133,0.610275147570685,0.200682683858182,31,12,19,0,15,4,7,4,29,2,20,7,22,8,12,2,31,2,20,9,25,2,21,2,18,3,4,11,23,2,15,6
93,5,0.130434782608696,0.652173913043478,0.217391304347826,0.0471372874080239,0.129078127810102,0.0645390639050512,0.112619236922068,0.605450394825055,0.281930368252877,0.0316161720453537,0.0863469509396203,0.0431734754698101,0.118918385687059,0.620516834495305,0.260564779817636,0.0462748911787946,0.12894721403763,0.0644736070188153,0.107914656972998,0.61022043166036,0.281864911366641,0.0446958106739759,0.117981210399825,0.0589906051999126,0.120603015075377,0.603015075376884,0.276381909547739,0.0465315613616575,0.129491904503051,0.0647459522515255,0.108247608091689,0.60961513530896,0.282137256599352,31,2,19,10,21,10,8,3,27,4,18,5,25,2,16,7,25,1,22,2,22,5,12,5,22,0,11,11,26,0,14,12
94,1,0.0869565217391304,0.695652173913043,0.217391304347826,0.0350981708597602,0.0895289184551938,0.0447644592275969,0.127911036863791,0.699462118015979,0.172626845120229,0.0243035705957122,0.0610117698452968,0.0305058849226484,0.115922179262241,0.665146288990395,0.218931531747364,0.0352686792701094,0.0906910579835613,0.0453455289917807,0.132302050730911,0.690969875128981,0.176728074140108,0.0426691169507919,0.107336956521739,0.0536684782608696,0.140625,0.692708333333333,0.166666666666667,0.0366175862073644,0.0914484375550213,0.0457242187775106,0.130871975099103,0.697460939330581,0.171667085570315,27,9,17,1,21,0,16,5,23,2,17,4,29,8,19,2,23,0,21,2,21,3,12,6,18,3,12,3,30,2,19,9
94,2,0.0869565217391304,0.695652173913043,0.217391304347826,0.0641197611119525,0.158335996106273,0.0791679980531366,0.0856652989343863,0.617775398664651,0.296559302400963,0.0600869348193599,0.154184683461701,0.0770923417308506,0.0793657662128558,0.626150587708468,0.294483646078677,0.0726678632597645,0.187119308149137,0.0935596540745686,0.0969141968404531,0.602092519838475,0.300993283321072,0.0639623926133961,0.158182215424951,0.0790911077124754,0.085427135678392,0.618090452261307,0.296482412060302,0.0643013331699493,0.159230687762711,0.0796153438813556,0.0852019697117971,0.617791382059021,0.297006648229182,19,0,12,7,28,3,19,6,27,4,11,12,22,1,14,7,30,1,22,7,24,1,19,4,28,2,14,12,21,5,12,4
94,3,0.0869565217391304,0.695652173913043,0.217391304347826,0.026913497169441,0.0704331958600841,0.0352165979300421,0.0818521388610632,0.730868771843086,0.187279089295851,0.00304852239475895,0.00772450382339968,0.00386225191169987,0.0833663325491184,0.699514425824743,0.217119241626138,0.0160434322167576,0.0414449286880377,0.0207224643440188,0.0893163678078642,0.714014792188329,0.196668840003807,0.0289012826101522,0.0720375106564365,0.0360187553282182,0.0882352941176471,0.730392156862745,0.181372549019608,0.0278182112839538,0.0710909102689612,0.0355454551344806,0.0837841292029781,0.731197629047524,0.185018241749498,30,2,21,7,21,1,17,3,22,1,14,7,21,2,13,6,29,0,26,3,28,5,19,4,30,7,20,3,23,0,19,4
94,4,0.0869565217391304,0.695652173913043,0.217391304347826,0.0309013573078768,0.0864373969810519,0.0432186984905259,0.130175220229656,0.668434892714523,0.201389887055821,0.079899816983845,0.203439036458302,0.101719518229151,0.188676039968281,0.602179906781455,0.209144053250263,0.0210249164671971,0.0566119329812305,0.0283059664906152,0.108993023516987,0.667346207422428,0.223660769060584,0.0427975349902979,0.118577075098814,0.0592885375494071,0.106060606060606,0.636363636363636,0.257575757575758,0.0342592975945647,0.0856063380953099,0.0428031690476549,0.128016838346127,0.652849004865389,0.219134156788484,26,1,14,11,26,2,13,11,17,2,14,1,23,0,23,0,23,4,19,0,23,5,13,5,34,0,15,19,26,7,15,4
94,5,0.0869565217391304,0.695652173913043,0.217391304347826,0.0940292951246815,0.262908649387444,0.131454324693722,0.170064216355021,0.564197849219321,0.265737934425657,0.108477024012851,0.284740677801561,0.142370338900781,0.207628174788427,0.553281835012263,0.23908999019931,0.100184188080838,0.281150376767505,0.140575188383752,0.17254998474919,0.555076985529291,0.272373029721519,0.0958824904792518,0.26830969541967,0.134154847709835,0.171122994652406,0.561497326203209,0.267379679144385,0.0946367555972574,0.264929659500382,0.132464829750191,0.16974112451801,0.563187344162852,0.267071531319138,23,5,16,2,22,6,12,4,24,6,12,6,16,2,10,4,28,7,14,7,19,4,10,5,24,0,13,11,31,2,18,11
95,1,0.0434782608695652,0.739130434782609,0.217391304347826,0.0312221844937572,0.0824597667133129,0.0412298833566565,0.0365494342587312,0.704829378036786,0.258621187704483,0.014444063628412,0.0404953407112081,0.0202476703556041,0.0310155488180231,0.731345476478547,0.23763897470343,0.0295072753558243,0.0804667027164885,0.0402333513582443,0.03295205062491,0.70942329366902,0.25762465570607,0.0341436504431493,0.0962908376320314,0.0481454188160157,0.0225988700564972,0.711864406779661,0.265536723163842,0.033838637785821,0.0890236713751982,0.0445118356875991,0.0364408341990102,0.701656025765565,0.261903140035425,19,0,16,3,28,1,23,4,23,0,17,6,26,1,15,10,21,0,5,16,22,2,15,5,18,0,17,1,20,0,18,2
95,2,0.0434782608695652,0.739130434782609,0.217391304347826,0.0188274357533153,0.049732346848542,0.024866173424271,0.064155349643405,0.714264261358338,0.221580388998257,0.0432340976954931,0.11785449615448,0.0589272480772403,0.0870651062421339,0.680203186705368,0.232731707052498,0.032513586150157,0.0911773295259461,0.045588664762973,0.0714644291847528,0.693541770019636,0.234993800795612,0.0194208570871263,0.0512338425381903,0.0256169212690951,0.0648648648648649,0.713513513513514,0.221621621621622,0.0192245908415573,0.0511159833303749,0.0255579916651875,0.0642865241699663,0.713572443117421,0.222141032712612,12,2,8,2,28,0,20,8,28,4,16,8,22,1,17,4,27,0,20,7,26,2,22,2,17,0,14,3,25,3,15,7
95,3,0.0434782608695652,0.739130434782609,0.217391304347826,0.0214426430248641,0.0540317110464712,0.0270158555232356,0.0180418766864998,0.737550963442438,0.244407159871062,0.0390978786999552,0.110367947942043,0.0551839739710215,0.0128841178539931,0.79431440875363,0.192801473392377,0.0202298773341901,0.0497593796751583,0.0248796898375791,0.0185985710319861,0.739338244685753,0.242063184282261,0.0147690046996038,0.0365363536719036,0.0182681768359518,0.0252100840336134,0.739495798319328,0.235294117647059,0.0197902603707561,0.0513384310418861,0.025669215520943,0.0178090453486222,0.742305842823745,0.239885111827633,25,0,15,10,27,0,16,11,36,0,30,6,31,0,20,11,30,5,22,3,37,0,31,6,23,1,18,4,29,0,24,5
95,4,0.0434782608695652,0.739130434782609,0.217391304347826,0.0552599909933088,0.155734200770092,0.0778671003850459,0.0881594988658702,0.661263334397563,0.250577166736567,0.0386493921314879,0.105414887860646,0.0527074439303228,0.0572977383840555,0.686422990852286,0.256279270763659,0.0244591242918184,0.0679061209922409,0.0339530604961205,0.0661788983750078,0.705177374286488,0.228643727338504,0.0374421370655009,0.103959193587564,0.0519795967937818,0.0782122905027933,0.687150837988827,0.23463687150838,0.0374902364190573,0.104386715007799,0.0521933575038996,0.0776475361361318,0.686937077278709,0.235415386585159,24,1,21,2,16,2,10,4,28,0,21,7,31,0,28,3,22,1,14,7,25,1,17,7,16,0,4,12,17,9,8,0
95,5,0.0434782608695652,0.739130434782609,0.217391304347826,0.0342667307556219,0.0969199526447041,0.0484599763223521,0.0919382371919173,0.715090909597442,0.192970853210641,0.0525276125519125,0.136557335416812,0.0682786677084062,0.10296010392431,0.670851767074202,0.226188129001488,0.0407314832037199,0.111664404892286,0.055832202446143,0.0993104633157082,0.698940195566503,0.201749341117789,0.0326956821606644,0.0924156755702866,0.0462078377851433,0.0896860986547085,0.717488789237668,0.192825112107623,0.0327457971795277,0.0926163947332792,0.0463081973666397,0.0897864582362049,0.716282917040336,0.19393062472346,33,2,22,9,19,2,15,2,27,1,22,4,31,2,21,8,29,3,24,2,33,0,29,4,21,5,11,5,30,5,16,9
96,1,0.695652173913043,0.0434782608695652,0.260869565217391,0.0682222688568668,0.175679195279722,0.0878395976398612,0.77413453581528,0.0528354966071897,0.17302996757753,0.112632277789719,0.279519497101227,0.139759748550614,0.835411922463657,0.0397758337643668,0.124812243771976,0.0767828086089242,0.19607389308335,0.0980369465416752,0.785105377075406,0.0520620042488782,0.162832618675716,0.0797351080805533,0.198695652173913,0.0993478260869566,0.795,0.04,0.165,0.0769718619108457,0.196413082808717,0.0982065414043586,0.785420020207241,0.0519169559797266,0.162663023813033,18,16,0,2,22,7,1,14,19,16,0,3,23,19,1,3,46,43,1,2,21,18,0,3,27,19,4,4,24,21,1,2
96,2,0.695652173913043,0.0434782608695652,0.260869565217391,0.0959778524466468,0.24300569518524,0.12150284759262,0.574149326320423,0.0518329694962303,0.374017704183346,0.151061477148964,0.416651197612328,0.208325598806164,0.487326575106879,0.106657057549874,0.406016367343247,0.1067677225552,0.267105652448479,0.13355282622424,0.562099347688804,0.0492485117923224,0.388652140518874,0.113926191526909,0.294857647318473,0.147428823659236,0.548223350253807,0.0609137055837563,0.390862944162437,0.105945263300212,0.26923421801169,0.134617109005845,0.561035064907198,0.0538195116289515,0.38514542346385,26,11,0,15,32,12,5,15,23,9,0,14,26,16,0,10,24,11,5,8,26,15,2,9,21,15,0,6,19,19,0,0
96,3,0.695652173913043,0.0434782608695652,0.260869565217391,0.0439052589313218,0.118772305508952,0.0593861527544761,0.75503832666752,0.02948458857357,0.21547708475891,0.0688449623225284,0.175322350043609,0.0876611750218044,0.783313348934848,0.0363366642296719,0.18034998683548,0.0299067446126023,0.0757680014149863,0.0378840007074931,0.733536174620537,0.0408218961429939,0.225641929236469,0.0437794979329374,0.11849957374254,0.0592497868712702,0.754901960784314,0.0294117647058824,0.215686274509804,0.0437796237022183,0.118498791082656,0.0592493955413279,0.754901569454371,0.0294136088331593,0.215684821712469,16,13,0,3,21,13,0,8,33,27,2,4,35,23,0,12,32,24,2,6,26,21,1,4,22,19,0,3,19,14,1,4
96,4,0.695652173913043,0.0434782608695652,0.260869565217391,0.079047967453067,0.215634203122047,0.107817101561023,0.616160890754487,0.0151524424670987,0.368686666778415,0.0837015977186567,0.226412669489442,0.113206334744721,0.609096034714278,0.0168280653236095,0.374075899962112,0.0835343180899531,0.21962772448944,0.10981386224472,0.603027074856603,0.0262894976812854,0.370683427462111,0.0790479268588313,0.215634606938955,0.107817303469477,0.616161616161616,0.0151515151515152,0.368686868686869,0.0790456642043964,0.215629172659361,0.10781458632968,0.616164873414522,0.0151509750384063,0.368684151547072,28,18,0,10,27,12,1,14,21,15,1,5,20,13,0,7,26,13,0,13,26,15,1,10,23,18,0,5,27,18,0,9
96,5,0.695652173913043,0.0434782608695652,0.260869565217391,0.0474190491696376,0.131911331609259,0.0659556658046294,0.761607839717673,1.04953661048964e-06,0.238391110745717,0.0587602060482877,0.166138350961587,0.0830691754807934,0.778721349393837,2.77656881201256e-07,0.221278372949282,0.0516970808713374,0.145284989370144,0.072642494685072,0.768294668598115,2.76790828177941e-06,0.231702563493603,0.0489512100783493,0.136785539814362,0.0683927699071812,0.764044943820225,0,0.235955056179775,0.0489695556966212,0.136843660629137,0.0684218303145684,0.764074004227612,9.58606724241755e-07,0.235925037165664,28,18,0,10,21,21,0,0,22,19,0,3,23,20,0,3,25,20,0,5,18,7,0,11,21,15,0,6,20,16,0,4
97,1,0.652173913043478,0.0869565217391304,0.260869565217391,0.0692634781478734,0.194983549079636,0.0974917745398179,0.55468213850366,0.127476867657896,0.317840993838444,0.080593351714101,0.224509476752132,0.112254738376066,0.539919174667412,0.125993314726815,0.334087510605772,0.069843020938508,0.192357540205346,0.0961787701026732,0.555995142940805,0.115570165549678,0.328434691509516,0.0762707924071668,0.194347826086956,0.0971739130434782,0.555,0.095,0.35,0.0722583105455647,0.201902692626359,0.10095134631318,0.551222566730299,0.123702139450958,0.325075293818744,19,17,2,0,23,10,3,10,29,22,2,5,34,16,0,18,25,16,5,4,21,14,2,5,22,4,2,16,27,12,3,12
97,2,0.652173913043478,0.0869565217391304,0.260869565217391,0.0527406816436077,0.13549560014323,0.0677478000716151,0.713067175385619,0.0938110594686044,0.193121765145776,0.0264604045691954,0.0741500751612414,0.0370750375806207,0.629241999386418,0.124031559319751,0.246726441293831,0.0487392715536786,0.127227749055923,0.0636138745279616,0.706964129295245,0.0957801800153255,0.19725569068943,0.0569107089046417,0.153579926454683,0.0767899632273416,0.711442786069652,0.104477611940299,0.18407960199005,0.0530179875548869,0.137043039219825,0.0685215196099125,0.712796795663498,0.094855158729023,0.192348045607479,30,23,0,7,17,10,2,5,31,19,8,4,22,20,0,2,23,16,5,2,25,15,3,7,26,24,0,2,27,16,3,8
97,3,0.652173913043478,0.0869565217391304,0.260869565217391,0.068951808640219,0.175889555558359,0.0879447777791795,0.659665965885217,0.167409246676571,0.172924787438212,0.0468520267361246,0.119552402915506,0.0597762014577529,0.647040062826088,0.146732723196883,0.206227213977029,0.0748703353636869,0.211765171507054,0.105882585753527,0.705019279820103,0.139993740716032,0.154986979463864,0.0650063513806206,0.183710961420698,0.091855480710349,0.694835680751174,0.136150234741784,0.169014084507042,0.0716209720329663,0.197262393401862,0.098631196700931,0.681533040502849,0.156228590980691,0.16223836851646,21,4,10,7,33,31,1,1,27,17,3,7,27,22,1,4,36,31,4,1,27,14,1,12,20,12,4,4,22,17,5,0
97,4,0.652173913043478,0.0869565217391304,0.260869565217391,0.0456516305784406,0.124595536160463,0.0622977680802315,0.606350284342146,0.0704823823602309,0.323167333297623,0.0600554801301182,0.169231224658677,0.0846156123293387,0.56755830071414,0.1355999141503,0.296841785135561,0.0433321912549064,0.119386790034623,0.0596933950173112,0.610325459750434,0.0691115800148635,0.320562960234703,0.0425605952585435,0.108095123708864,0.0540475618544319,0.602209944751381,0.0828729281767956,0.314917127071823,0.043898085111992,0.120610218917228,0.0603051094586139,0.609252915001144,0.0695724103228505,0.321174674676005,23,11,1,11,20,12,4,4,18,14,0,4,25,14,4,7,22,11,6,5,26,13,0,13,28,25,0,3,19,9,0,10
97,5,0.652173913043478,0.0869565217391304,0.260869565217391,0.0203871502971583,0.0501944798608358,0.0250972399304179,0.677271152973896,0.0866981522499963,0.236030694776107,0.0220638491327541,0.0622772743791199,0.0311386371895599,0.66600855203899,0.104260519933179,0.229730928027831,0.0134420628196185,0.0342015595117162,0.0171007797558581,0.669274692799336,0.0855968257134022,0.245128481487261,0.0143445681260572,0.0394021739130435,0.0197010869565217,0.671875,0.0729166666666667,0.255208333333333,0.0118404218621863,0.0299312766977648,0.0149656383488824,0.66616177921388,0.0879342939176112,0.245903926868509,19,16,0,3,27,24,1,2,23,17,2,4,30,12,5,13,31,13,2,16,16,10,3,3,25,23,1,1,21,14,0,7
98,1,0.608695652173913,0.130434782608696,0.260869565217391,0.0258210526511443,0.0652590917167663,0.0326295458583831,0.578183178979309,0.128317709944917,0.293499111075774,0.0430971329885595,0.119470974094592,0.0597354870472958,0.56834945465327,0.190170269655991,0.241480275690738,0.0248135247995084,0.0626167437566896,0.0313083718783448,0.579315363102053,0.128506699802211,0.292177937095736,0.021197228365679,0.0594965675057208,0.0297482837528604,0.578947368421053,0.142105263157895,0.278947368421053,0.0232700727555313,0.059236029458285,0.0296180147291425,0.581463910339838,0.128048509713628,0.290487579946534,24,18,0,6,24,12,1,11,17,14,0,3,25,13,1,11,28,15,7,6,31,20,5,6,16,4,6,6,25,14,7,4
98,2,0.608695652173913,0.130434782608696,0.260869565217391,0.0217151531059067,0.058555789800618,0.029277894900309,0.615308052154931,0.153100277527986,0.231591670317082,0.022148112652791,0.062632182186717,0.0313160910933585,0.623819684522782,0.0991186915153371,0.277061623961881,0.0235040495502908,0.0637246518198849,0.0318623259099425,0.632827708897264,0.138165051795288,0.229007239307449,0.0321025922996807,0.0903665814151747,0.0451832907075874,0.627450980392157,0.156862745098039,0.215686274509804,0.0207597556703652,0.0578132198078811,0.0289066099039406,0.627593854327838,0.140443190358711,0.231962955313451,24,12,8,4,27,14,3,10,31,21,2,8,27,19,2,6,22,13,1,8,21,16,4,1,33,28,0,5,19,5,12,2
98,3,0.608695652173913,0.130434782608696,0.260869565217391,0.110218371014527,0.27418167915568,0.13709083957784,0.471604812596073,0.263219678123419,0.265175509280508,0.0915795589033349,0.259024114004648,0.129512057002324,0.479183595171589,0.194750661516945,0.326065743311466,0.103088273256179,0.254069570347278,0.127034785173639,0.481660867000274,0.25589901241362,0.262440120586105,0.107578035469095,0.279246974450919,0.139623487225459,0.469072164948454,0.252577319587629,0.278350515463918,0.10607329284994,0.261227527024154,0.130613763512077,0.478081888661836,0.259634925120092,0.262283186218072,25,16,2,7,24,15,8,1,19,10,3,6,24,11,5,8,32,19,11,2,19,4,13,2,27,10,3,14,24,6,4,14
98,4,0.608695652173913,0.130434782608696,0.260869565217391,0.0274431158533245,0.0685143037057424,0.0342571518528712,0.641620511581139,0.0961776307558244,0.262201857663037,0.0147510785014784,0.0395806554335022,0.0197903277167512,0.628485979890664,0.114825717098833,0.256688303010502,0.0195764336763218,0.0542481488514066,0.0271240744257033,0.627060664832967,0.103310708182992,0.269628626984041,0.0255747485457768,0.0713958810068649,0.0356979405034325,0.631578947368421,0.0947368421052632,0.273684210526316,0.0247141455664102,0.0666237576842095,0.0333118788421047,0.634512515818168,0.0971229037665909,0.268364580415241,31,19,5,7,23,14,3,6,20,15,4,1,17,15,0,2,27,15,3,9,24,12,0,12,28,15,1,12,20,15,2,3
98,5,0.608695652173913,0.130434782608696,0.260869565217391,0.03075345905449,0.0826266230399666,0.0413133115199833,0.56738234065393,0.162863039116415,0.269754620229655,0.104406099687378,0.284162622035932,0.142081311017966,0.466614341155947,0.166681382986691,0.366704275857362,0.0328496089709248,0.0900608749374998,0.0450304374687499,0.563665214705163,0.16284141127006,0.273493374024777,0.0260764032804963,0.0730614074406097,0.0365307037203049,0.572164948453608,0.144329896907216,0.283505154639175,0.0328812744701324,0.0901433508828443,0.0450716754414221,0.563623976732491,0.162878968872308,0.273497054395201,19,17,0,2,16,12,3,1,21,6,4,11,24,13,2,9,32,22,4,6,26,20,4,2,22,6,5,11,34,15,6,13
99,1,0.565217391304348,0.173913043478261,0.260869565217391,0.039975792679732,0.105060260771975,0.0525301303859876,0.51268726091836,0.218276038160086,0.269036700921553,0.0270131261582408,0.073564082072535,0.0367820410362675,0.537889113367615,0.210695084514528,0.251415802117857,0.0524924086871445,0.140237151171598,0.0701185755857989,0.495098815718549,0.23008437695677,0.274816807324681,0.0399736451076058,0.105054071948797,0.0525270359743986,0.512690355329949,0.218274111675127,0.269035532994924,0.0403194400354322,0.105893099286266,0.0529465496431328,0.512270841661215,0.218716158119686,0.269013000219099,19,13,2,4,26,16,4,6,33,17,7,9,29,16,8,5,22,11,3,8,21,4,7,10,20,11,6,3,27,13,6,8
99,2,0.565217391304348,0.173913043478261,0.260869565217391,0.0533912785046523,0.147950574188694,0.0739752870943471,0.491242104210001,0.197797801655269,0.310960094134731,0.0265180882021915,0.0747839580117904,0.0373919790058952,0.549010062558882,0.152728393217831,0.298261544223286,0.0620010840165129,0.172942081843021,0.0864710409215103,0.478746350382837,0.204567986039058,0.316685663578104,0.0533328096168723,0.149852258336851,0.0749261291684254,0.490291262135922,0.203883495145631,0.305825242718447,0.0565558862905774,0.157347916451086,0.0786739582255429,0.486543433078805,0.200773699654637,0.312682867266558,20,14,1,5,26,7,9,10,29,7,10,12,26,13,3,10,27,13,9,5,29,17,3,9,28,16,5,7,21,14,2,5
99,3,0.565217391304348,0.173913043478261,0.260869565217391,0.0320186728309361,0.0854177055037416,0.0427088527518708,0.522508538552477,0.182238328008086,0.295253133439437,0.0346536886128935,0.0930717223087074,0.0465358611543537,0.611753252458701,0.163954035535396,0.224292712005902,0.0221421719911034,0.0614036627726362,0.0307018313863181,0.53451555991803,0.183928995922251,0.281555444159719,0.0207557998287542,0.0552902739381754,0.0276451369690877,0.53757225433526,0.179190751445087,0.283236994219653,0.0232079967082911,0.0646479476852125,0.0323239738426062,0.532893417461742,0.185146825545364,0.281959756992894,17,12,4,1,14,5,1,8,27,21,1,5,25,9,11,5,18,7,1,10,22,5,6,11,20,13,2,5,30,21,5,4
99,4,0.565217391304348,0.173913043478261,0.260869565217391,0.0415971410829754,0.116526573848959,0.0582632869244797,0.529048328785219,0.232176330402741,0.23877534081204,0.0637091134804986,0.174258721649164,0.0871293608245823,0.501787349771971,0.261042404302843,0.237170245925185,0.0374238593313927,0.105699756659278,0.0528498783296391,0.541239009167386,0.2267629218079,0.231998069024714,0.0498767912564437,0.140653175716289,0.0703265878581447,0.525345622119816,0.244239631336406,0.230414746543779,0.0372863100488804,0.104726276490014,0.052363138245007,0.533652543400045,0.226276181723268,0.240071274876687,32,27,2,3,25,8,14,3,26,9,13,4,27,14,5,8,24,18,4,2,26,11,6,9,29,12,0,17,28,15,9,4
99,5,0.565217391304348,0.173913043478261,0.260869565217391,0.0162201033772349,0.0408605038608116,0.0204302519304058,0.585647643234754,0.154665130850162,0.259687225915084,0.0164202038919948,0.043149718796422,0.021574859398211,0.586792250702559,0.155687285657689,0.257520463639752,0.00959823605476916,0.0270590984047965,0.0135295492023983,0.578746940506746,0.166198175813452,0.255054883679802,0.0219823789152786,0.0561680882047015,0.0280840441023508,0.593301435406699,0.148325358851675,0.258373205741627,0.0196861691493817,0.0537865596164764,0.0268932798082382,0.592110671112586,0.154230899622258,0.253658429265156,27,17,5,5,27,18,7,2,28,19,4,5,34,26,2,6,23,13,3,7,20,6,2,12,23,12,3,8,27,13,5,9
100,1,0.521739130434783,0.217391304347826,0.260869565217391,0.0214409804274326,0.0579715932304909,0.0289857966152455,0.514956041364037,0.246377100963072,0.238666857672891,0.0240115304960398,0.0611984489277369,0.0305992244638685,0.549790056003025,0.219939603243452,0.230270340753523,0.0244296947831555,0.0649228987584395,0.0324614493792197,0.515750754545495,0.249852753727046,0.234396491727459,0.0220491827663903,0.0576797028621368,0.0288398514310684,0.517587939698492,0.246231155778894,0.236180904522613,0.0239400341428141,0.0603466528204799,0.03017332641024,0.519951551113318,0.247564630758066,0.232483818128616,25,16,7,2,29,17,7,5,27,15,7,5,24,8,14,2,27,12,6,9,19,5,2,12,22,12,3,7,26,18,3,5
100,2,0.521739130434783,0.217391304347826,0.260869565217391,0.0564126192485162,0.159552236077496,0.0797761180387479,0.56226253087254,0.256644021948817,0.181093447178643,0.0639052502924476,0.159211320969696,0.0796056604848479,0.524487600117498,0.294248495149959,0.181263904732543,0.0558745279666134,0.157425387981188,0.0787126939905941,0.567110306338297,0.250732822434906,0.182156871226797,0.063164601200063,0.177989130434783,0.0889945652173913,0.572916666666667,0.255208333333333,0.171875,0.0581683449360276,0.163420466018395,0.0817102330091977,0.570835174986756,0.250005492805051,0.179159332208194,26,10,13,3,26,23,2,1,31,22,2,7,23,11,10,2,19,11,5,3,24,10,5,9,17,6,6,5,26,17,6,3
100,3,0.521739130434783,0.217391304347826,0.260869565217391,0.0430335176872896,0.11470137308924,0.0573506865446199,0.464388443890163,0.228431468815855,0.307180087293982,0.0429431944098386,0.121437440049316,0.060718720024658,0.461020410410125,0.248801710556657,0.290177879033219,0.045969910794942,0.125594213580928,0.062797106790464,0.458942023644319,0.234221344373373,0.306836631982308,0.044636309913333,0.117162471395881,0.0585812356979405,0.463157894736842,0.226315789473684,0.310526315789474,0.0435529254671324,0.11485835728066,0.0574291786403299,0.464309951794453,0.226826291606714,0.308863756598833,22,8,6,8,21,12,6,3,31,13,7,11,25,13,7,5,16,8,6,2,22,8,6,8,27,16,3,8,26,10,2,14
100,4,0.521739130434783,0.217391304347826,0.260869565217391,0.0225062647432683,0.0624959485758801,0.0312479742879401,0.532121838515747,0.186143330059886,0.281734831424367,0.0269806254073212,0.0732874112974052,0.0366437056487026,0.494205309943113,0.208281419190793,0.297513270866094,0.0191791413992032,0.0512707292410556,0.0256353646205278,0.526883465509623,0.191755939727298,0.281360594763079,0.0241539410393554,0.0660675248967695,0.0330337624483847,0.53072625698324,0.184357541899441,0.284916201117318,0.0230813397217952,0.0646316459671843,0.0323158229835921,0.533911059776689,0.185075481364234,0.281013458859077,23,14,7,2,23,13,1,9,20,11,6,3,21,8,3,10,20,8,6,6,22,12,1,9,25,18,4,3,25,11,5,9
100,5,0.521739130434783,0.217391304347826,0.260869565217391,0.0718708526794002,0.20147974268193,0.100739871340965,0.459675694905385,0.178714868536259,0.361609436558356,0.0842359566486825,0.238250030353746,0.119125015176873,0.461492767517776,0.15851265208796,0.379994580394264,0.0736266106962527,0.207386791668001,0.103693395834001,0.461702411196914,0.173734627751694,0.364562961051392,0.0794913778875966,0.223158828748891,0.111579414374445,0.454081632653061,0.173469387755102,0.372448979591837,0.0743830076274077,0.209803355249628,0.104901677624814,0.462507712062102,0.171721045095693,0.365771242842205,24,17,2,5,20,8,11,1,25,10,7,8,30,11,1,18,32,15,4,13,17,4,3,10,25,13,4,8,23,11,2,10
101,1,0.478260869565217,0.260869565217391,0.260869565217391,0.067437915697906,0.188710659819942,0.0943553299099711,0.419057710911335,0.355224895127362,0.225717393961302,0.0537908498332963,0.135595730064119,0.0677978650320593,0.542039065986225,0.264889233828443,0.193071700185332,0.063241383756075,0.17860826143336,0.0893041307166798,0.429391209302391,0.350173695934071,0.220435094763538,0.0665547776401993,0.18472853125676,0.0923642656283798,0.447761194029851,0.353233830845771,0.199004975124378,0.0633107830148502,0.178488401946435,0.0892442009732173,0.427394786902212,0.350113766190609,0.22249144690718,32,21,7,4,25,14,5,6,22,13,3,6,21,5,10,6,23,16,5,2,26,3,15,8,31,15,11,5,21,3,15,3
101,2,0.478260869565217,0.260869565217391,0.260869565217391,0.0550865291543422,0.14778681349189,0.0738934067459451,0.493839094494065,0.319184747034489,0.186976158471446,0.0791592760521747,0.196661260228273,0.0983306301141363,0.475437780001475,0.359200195331528,0.165362024666997,0.0499510439483621,0.123865954584131,0.0619329772920657,0.479801350495249,0.321262061579425,0.198936587925326,0.0565130288717755,0.146739130434783,0.0733695652173913,0.4875,0.325,0.1875,0.0555060856330828,0.14484856968276,0.0724242848413797,0.488254115415462,0.323300604208526,0.188445280376012,20,7,11,2,25,11,10,4,16,9,5,2,23,12,9,2,22,7,5,10,15,11,1,3,21,8,8,5,18,13,3,2
101,3,0.478260869565217,0.260869565217391,0.260869565217391,0.0305726747299116,0.0757765821038839,0.037888291051942,0.440372578513275,0.297852300241545,0.261775121245179,0.0502114412662122,0.125286756839161,0.0626433784195805,0.475898438049321,0.323512943636972,0.200588618313707,0.030251878406984,0.0743598723302754,0.0371799361651377,0.44108093340008,0.297789931025968,0.261129135573952,0.0361512790992651,0.0966183574879227,0.0483091787439613,0.439613526570048,0.309178743961353,0.251207729468599,0.0302896710350122,0.0747476044736821,0.0373738022368411,0.440887067328376,0.297683667909276,0.261429264762348,26,5,9,12,29,17,2,10,21,12,1,8,29,16,9,4,28,13,9,6,26,13,8,5,26,5,16,5,22,10,10,2
101,4,0.478260869565217,0.260869565217391,0.260869565217391,0.0515496164447937,0.145783666336722,0.0728918331683612,0.515769766123277,0.296252501827693,0.18797773204903,0.0436778907650952,0.123502631228195,0.0617513156140974,0.510447434492347,0.290434315904359,0.199118249603294,0.0537755953110259,0.150809389990651,0.0754046949953253,0.524525982742222,0.290009147035713,0.185464870222066,0.0504115885408698,0.141208156983455,0.0706040784917276,0.52212389380531,0.287610619469027,0.190265486725664,0.0512645060387973,0.144472047931165,0.0722360239655827,0.51972135291767,0.291645105830522,0.188633541251809,33,21,4,8,24,21,2,1,25,11,8,6,24,5,6,13,21,7,13,1,37,15,16,6,34,20,7,7,28,18,9,1
101,5,0.478260869565217,0.260869565217391,0.260869565217391,0.0605251085397282,0.165250051349137,0.0826250256745684,0.560885895239786,0.238915822868609,0.200198281891605,0.0526318592806347,0.148251209392816,0.0741256046964079,0.521173027715448,0.292083011763568,0.186743960520983,0.0547327813432072,0.151491211376525,0.0757456056882624,0.55400647525348,0.236797792933827,0.209195731812693,0.0615344933164636,0.162290142057684,0.0811450710288421,0.559405940594059,0.247524752475248,0.193069306930693,0.0609003558378752,0.165534301548758,0.0827671507743788,0.561028020339596,0.240113133992402,0.198858845668002,27,11,9,7,27,19,4,4,15,9,0,6,29,21,2,6,22,13,6,3,30,14,9,7,25,11,11,3,27,15,9,3
102,1,0.434782608695652,0.304347826086957,0.260869565217391,0.0072870066164397,0.0199205483538162,0.00996027417690809,0.437472461547889,0.294387551910048,0.268139986542063,0.0757230681369708,0.207119492217689,0.103559746108845,0.331222862586807,0.37973932364115,0.289037813772043,0.0035205410413091,0.00983251230928123,0.00491625615464064,0.436559463772053,0.299431569932316,0.264008966295631,0.0128939907677671,0.0348687042617305,0.0174343521308652,0.430693069306931,0.321782178217822,0.247524752475248,0.00841382669294727,0.0206695593609402,0.01033477968047,0.434842850002162,0.294013046406487,0.271144103591352,28,7,15,6,28,20,0,8,21,6,7,8,29,8,12,9,26,13,3,10,21,14,6,1,24,14,5,5,25,5,17,3
102,2,0.434782608695652,0.304347826086957,0.260869565217391,0.00589279956617436,0.0164411172386472,0.00822055861932364,0.429487237794443,0.301422638368842,0.269090123836715,0.0422942047455636,0.11937309792622,0.0596865489631099,0.375096059732542,0.330824123104198,0.29407981716326,0.0143337881155981,0.0405256047485327,0.0202628023742664,0.414519806321386,0.314979579720231,0.270500613958383,0.0155416764448162,0.0430346051464063,0.0215173025732032,0.413265306122449,0.311224489795918,0.275510204081633,0.0141689715658481,0.0400747521726856,0.0200373760863428,0.414745232609309,0.314498053217702,0.270756714172988,20,9,5,6,21,17,4,0,17,11,2,4,31,11,13,7,26,10,8,8,22,8,3,11,29,8,16,5,30,7,10,13
102,3,0.434782608695652,0.304347826086957,0.260869565217391,0.0275900566616997,0.0724604151664272,0.0362302075832137,0.429211263660958,0.273688963538437,0.297099772800605,0.0277779337002721,0.0754406077277475,0.0377203038638738,0.397062304831778,0.313705114855728,0.289232580312493,0.0404694207233077,0.113934694887642,0.0569673474438208,0.401534271876377,0.280628815462411,0.317836912661212,0.0433080908981229,0.122491638795987,0.0612458193979933,0.403846153846154,0.274038461538462,0.322115384615385,0.0400900274046356,0.112302148850052,0.0561510744250259,0.399916778658595,0.283062581698987,0.317020639642417,28,13,8,7,17,14,2,1,37,5,17,15,20,14,5,1,27,11,10,6,24,12,1,11,35,9,7,19,20,6,7,7
102,4,0.434782608695652,0.304347826086957,0.260869565217391,0.0368287482596742,0.103692589386734,0.051846294693367,0.456403856172732,0.334572873303243,0.209023270524024,0.0667680867587595,0.181027528531579,0.0905137642657894,0.412815423275374,0.394861590352746,0.19232298637188,0.0381607567614311,0.107280067589415,0.0536400337947077,0.456462089066083,0.336308379511233,0.207229531422684,0.0400982776846687,0.107231358414057,0.0536156792070286,0.44559585492228,0.347150259067358,0.207253886010363,0.0332458358887822,0.0929989951582807,0.0464994975791404,0.452009405585913,0.333620526775836,0.214370067638251,24,4,16,4,22,14,1,7,25,8,15,2,23,18,4,1,23,7,12,4,29,10,4,15,22,13,8,1,25,12,7,6
102,5,0.434782608695652,0.304347826086957,0.260869565217391,0.0663597484167924,0.168148036954643,0.0840740184773212,0.51293185793291,0.220273807609635,0.266794334457455,0.0651593848180433,0.172327105056182,0.086163552528091,0.506157490243547,0.218184273558866,0.275658236197588,0.0645662677797849,0.169630779880061,0.0848153899400306,0.506481370981605,0.219532436146926,0.27398619287147,0.0660935321973639,0.168504264614104,0.0842521323070522,0.511961722488038,0.220095693779904,0.267942583732057,0.0684346498850447,0.176236634216517,0.0881183171082587,0.513501882654079,0.216229508978698,0.270268608367223,27,13,5,9,30,15,9,6,25,16,2,7,24,12,8,4,29,16,2,11,20,5,10,5,22,15,5,2,32,15,5,12
103,1,0.391304347826087,0.347826086956522,0.260869565217391,0.0615797669802322,0.172576761526591,0.0862883807632953,0.305015967062792,0.40116037355685,0.293823659380358,0.0445125249748309,0.117271733572201,0.0586358667861006,0.332668481039986,0.396978930587191,0.270352588372822,0.0606392001463056,0.171454366123649,0.0857271830618246,0.305577164764262,0.392640692272334,0.301782142963403,0.0586866898677107,0.164961636828645,0.0824808184143223,0.308823529411765,0.397058823529412,0.294117647058824,0.0603986467216755,0.170531935860499,0.0852659679302497,0.306038379895837,0.394850064363099,0.299111555741063,31,11,10,10,27,14,5,8,33,5,17,11,26,8,12,6,22,7,11,4,16,1,12,3,26,6,6,14,23,11,8,4
103,2,0.391304347826087,0.347826086956522,0.260869565217391,0.0228209918691288,0.0623550314643548,0.0311775157321774,0.36012683209391,0.356192076003547,0.283681091902544,0.0224675757699814,0.0628905732460927,0.0314452866230463,0.359859061203041,0.359601148303648,0.280539790493311,0.0148535714398567,0.0415165144481502,0.0207582572240751,0.370546090602012,0.360991601138207,0.268462308259781,0.0140634432279434,0.0397515527950311,0.0198757763975155,0.371428571428571,0.357142857142857,0.271428571428571,0.0161243122972124,0.0453135279272977,0.0226567639636489,0.368647583862438,0.361389073066303,0.269963343071259,29,12,12,5,35,25,9,1,24,8,9,7,20,8,3,9,21,6,10,5,23,6,3,14,29,2,21,6,29,11,8,10
103,3,0.391304347826087,0.347826086956522,0.260869565217391,0.0118084039999644,0.0333134233966095,0.0166567116983048,0.398596810780567,0.357190335700346,0.244212853519087,0.0193476430965798,0.0479843973124605,0.0239921986562303,0.367312149169857,0.348430182825239,0.284257668004904,0.0113453786092245,0.0316024720261172,0.0158012360130586,0.39679309331843,0.358138577477237,0.245068329204333,0.0065607219558766,0.0166886253842776,0.00834431269213876,0.398989898989899,0.348484848484849,0.252525252525253,0.0106864922553829,0.0289418529351773,0.0144709264675886,0.394765438202866,0.358835923047331,0.246398638749803,30,9,10,11,20,7,7,6,31,3,12,16,15,7,2,6,20,12,7,1,27,9,17,1,34,24,5,5,21,8,9,4
103,4,0.391304347826087,0.347826086956522,0.260869565217391,0.0711730470895276,0.198173265539193,0.0990866327695964,0.292217715056491,0.412692045176184,0.295090239767325,0.0834147728970688,0.215931051710714,0.107965525855357,0.296155817247525,0.455791612811879,0.248052569940596,0.070793662762587,0.193553900776663,0.0967769503883315,0.294527397437756,0.418424479668886,0.287048122893359,0.0690131897860161,0.18832298136646,0.0941614906832298,0.297142857142857,0.417142857142857,0.285714285714286,0.0708069124336611,0.192877020271062,0.0964385101355312,0.294865837690556,0.419393545268038,0.285740617041406,16,5,8,3,14,0,4,10,25,6,12,7,20,10,2,8,24,10,8,6,22,6,12,4,27,11,14,2,27,4,13,10
103,5,0.391304347826087,0.347826086956522,0.260869565217391,0.0401071342057079,0.104734554151913,0.0523672770759566,0.383991971567816,0.302771186138837,0.313236842293348,0.0406365678982575,0.109953441092196,0.0549767205460981,0.404295600652417,0.292849366410424,0.302855032937159,0.0416567404430666,0.112138278972418,0.0560691394862088,0.37892591855465,0.30413537674175,0.3169387047036,0.0399804228837627,0.102599493903842,0.0512997469519209,0.386243386243386,0.301587301587302,0.312169312169312,0.040624790452278,0.10543513456024,0.0527175672801201,0.384724441150778,0.301688426351711,0.313587132497511,19,3,10,6,17,11,3,3,25,10,8,7,19,9,3,7,23,5,6,12,33,15,11,7,20,6,9,5,33,14,7,12
104,1,0.347826086956522,0.391304347826087,0.260869565217391,0.0156920617125212,0.042473180951021,0.0212365904755105,0.326589496481011,0.396344415754387,0.277066087764602,0.0352220238550089,0.0902238385471668,0.0451119192735834,0.352090723479484,0.346192428552504,0.301716847968012,0.016545305662743,0.0430695220693302,0.0215347610346651,0.326291325921857,0.394146372856421,0.279562301221722,0.0117682312902435,0.0332346915547462,0.0166173457773731,0.340314136125654,0.382198952879581,0.277486910994764,0.016112568794921,0.0417604515567995,0.0208802257783997,0.326945861178122,0.393842914136364,0.279211224685514,26,12,7,7,25,7,10,8,21,6,7,8,27,8,8,11,22,6,14,2,20,14,5,1,28,12,10,6,22,0,12,10
104,2,0.347826086956522,0.391304347826087,0.260869565217391,0.0614409604815383,0.15232010627578,0.0761600531378901,0.273521453186583,0.467464400963977,0.259014145849439,0.106979794843422,0.302041547776394,0.151020773888197,0.264469736224054,0.542325121714284,0.193205142061662,0.0624081095397826,0.162509167943519,0.0812545839717596,0.277358760751887,0.472558931797847,0.250082307450266,0.0577205909344847,0.145319232275754,0.072659616137877,0.279279279279279,0.463963963963964,0.256756756756757,0.061461961960654,0.15898479138455,0.079492395692275,0.277631926577459,0.470796743518362,0.251571329904179,29,1,9,19,34,6,22,6,29,9,14,6,26,7,16,3,20,4,9,7,36,20,12,4,21,7,5,9,27,8,16,3
104,3,0.347826086956522,0.391304347826087,0.260869565217391,0.048375550393908,0.121851524093666,0.0609257620468328,0.35133846792651,0.448717728902932,0.199943803170559,0.0456067322310758,0.123955884926381,0.0619779424631903,0.394275071875617,0.406833305370182,0.198891622754201,0.0445833439472716,0.113146870442611,0.0565734352213054,0.343645315847234,0.447877783047392,0.208476901105374,0.0541177336367038,0.137900746596399,0.0689503732981994,0.353535353535354,0.454545454545455,0.191919191919192,0.0518125524455038,0.128626585504263,0.0643132927521315,0.349574491556531,0.453869235978209,0.19655627246526,27,15,8,4,21,7,10,4,21,9,8,4,27,13,9,5,25,7,12,6,26,2,16,8,35,10,22,3,16,7,5,4
104,4,0.347826086956522,0.391304347826087,0.260869565217391,0.0725561274757945,0.197387902067488,0.0986939510337438,0.421487985328244,0.292610396792343,0.285901617879412,0.0110219787591415,0.0270704359181886,0.0135352179590943,0.361288800845651,0.391376851896052,0.247334347258297,0.0822001184538298,0.216668910453493,0.108334455226747,0.438503909864665,0.28296989259934,0.278526197535994,0.082632496605799,0.219794625300415,0.109897312650208,0.437185929648241,0.281407035175879,0.281407035175879,0.0783945737829726,0.20947626761792,0.10473813380896,0.431675406283483,0.286566214017127,0.28175837969939,33,24,5,4,20,5,12,3,24,4,3,17,28,18,2,8,23,4,10,9,21,8,4,9,31,11,15,5,19,13,5,1
104,5,0.347826086956522,0.391304347826087,0.260869565217391,0.0700362109381553,0.198086951719563,0.0990434758597816,0.396716412920798,0.441457497721592,0.16182608935761,0.0609065897394309,0.154135345967662,0.0770676729838311,0.419674324931489,0.396523782834951,0.18380189223356,0.0708646969261536,0.199784513218926,0.0998922566094628,0.404762258734318,0.434260432657754,0.160977308607928,0.0757585043192219,0.211739130434783,0.105869565217391,0.415,0.43,0.155,0.0690096191413552,0.194730816403992,0.0973654082019959,0.402294485942007,0.434201357042597,0.163504157015395,28,10,11,7,31,14,12,5,26,14,9,3,29,12,8,9,16,0,13,3,21,17,4,0,20,7,10,3,29,9,19,1
105,1,0.304347826086957,0.434782608695652,0.260869565217391,0.0652808819542165,0.182612912756549,0.0913064563782743,0.246873490047358,0.526089065073926,0.227037444878716,0.0755138114357307,0.213583443743339,0.106791721871669,0.197556104215287,0.488565356035572,0.313878539749141,0.0687766901321944,0.193157149208622,0.0965785746043111,0.246069351938042,0.531361183299963,0.222569464761994,0.0589686714358613,0.163298632373954,0.081649316186977,0.248826291079812,0.516431924882629,0.234741784037559,0.0670358084314648,0.188460308662468,0.0942301543312339,0.248221204707169,0.529012763026886,0.222766032265945,31,4,16,11,32,5,24,3,29,7,12,10,21,1,12,8,26,13,10,3,22,2,9,11,27,12,11,4,25,9,16,0
105,2,0.304347826086957,0.434782608695652,0.260869565217391,0.0121286746045604,0.0302411664530021,0.0151205832265011,0.304895051775606,0.449355966233504,0.24574898199089,0.0295280612020144,0.0834505239804234,0.0417252619902116,0.326663550819924,0.393057346705441,0.280279102474635,0.00711612336840034,0.0198553503765647,0.0099276751882823,0.31073986769608,0.438318242274811,0.250941890029109,0.00454762052494341,0.0124860646599778,0.00624303232998885,0.302564102564103,0.441025641025641,0.256410256410256,0.00709054842316395,0.0197570902118819,0.00987854510594094,0.310778599680579,0.43823038020797,0.25099102011145,13,0,13,0,23,7,7,9,33,11,15,7,29,8,9,12,27,6,17,4,23,10,11,2,23,8,4,11,24,9,10,5
105,3,0.304347826086957,0.434782608695652,0.260869565217391,0.0311806005328657,0.0780931767441393,0.0390465883720697,0.267080019319229,0.43300382709131,0.299916153589461,0.0616752082716457,0.151114487268502,0.0755572436342508,0.228832296953224,0.434740894195133,0.336426808851642,0.0309048511184464,0.076516095602453,0.0382580478012265,0.266918363180426,0.433954023800956,0.299127613018618,0.0290985116018279,0.0760869565217392,0.0380434782608696,0.266304347826087,0.440217391304348,0.293478260869565,0.0312948059617612,0.0797159247199712,0.0398579623599856,0.264489863726971,0.438051624459747,0.297458511813282,19,9,4,6,19,3,9,7,21,2,11,8,23,6,11,6,27,8,8,11,26,3,14,9,28,7,19,2,21,11,5,5
105,4,0.304347826086957,0.434782608695652,0.260869565217391,0.0254607229508103,0.06820926643819,0.034104633219095,0.311398737069787,0.461836330931917,0.226764931998296,0.0521124517570023,0.140749228768491,0.0703746143842457,0.233973211702711,0.488920421946727,0.277106366350562,0.0255902332406338,0.0650549426932641,0.032527471346632,0.306872465654248,0.464785440474993,0.228342093870759,0.0185250795354784,0.051150895140665,0.0255754475703325,0.312217194570136,0.452488687782805,0.235294117647059,0.0246238427242454,0.063848903239234,0.0319244516196171,0.308263372381122,0.462791514021103,0.228945113597774,24,2,10,12,23,10,13,0,32,6,18,8,25,7,15,3,31,5,16,10,25,19,4,2,35,14,14,7,26,6,10,10
105,5,0.304347826086957,0.434782608695652,0.260869565217391,0.0431945491716556,0.118214520950333,0.0591072604751664,0.261437458352721,0.493889869170819,0.244672672476461,0.0936783078812616,0.247316389053309,0.123658194526655,0.201349246849105,0.558440803222307,0.240209949928588,0.0449782702286149,0.125582383066583,0.0627911915332913,0.264147862738843,0.497573800228943,0.238278337032214,0.0468575877812704,0.12502937720329,0.0625146886016452,0.254054054054054,0.497297297297297,0.248648648648649,0.0444872982748312,0.12425053114139,0.0621252655706949,0.264681816347258,0.496907874266347,0.238410309386395,24,2,16,6,24,4,16,4,29,10,10,9,29,10,18,1,21,10,10,1,18,5,3,10,17,2,11,4,23,4,8,11
106,1,0.260869565217391,0.478260869565217,0.260869565217391,0.0560938291753696,0.144460393561159,0.0722301967805795,0.253160021074685,0.550491066345797,0.196348912579518,0.0826762961864856,0.217310771206624,0.108655385603312,0.243939202684351,0.58691625516853,0.16914454214712,0.0552664402979333,0.140096564426037,0.0700482822130184,0.255870376301711,0.548309151778236,0.195820471920054,0.0537782099649036,0.147251845775226,0.0736259228876128,0.240566037735849,0.55188679245283,0.207547169811321,0.0577009893232545,0.150340842617062,0.0751704213085311,0.250782755853872,0.553431290873749,0.195785953272379,26,4,9,13,29,5,17,7,20,6,14,0,30,7,20,3,26,7,17,2,34,9,20,5,26,4,13,9,21,9,7,5
106,2,0.260869565217391,0.478260869565217,0.260869565217391,0.0258438949189583,0.0709131783536252,0.0354565891768126,0.225412976040579,0.503669207762438,0.270917816196983,0.038973739136047,0.095734164364073,0.0478670821820365,0.308736647399428,0.430663318968188,0.260600033632384,0.0327021308659368,0.0846755472816611,0.0423377736408306,0.218531791576561,0.515547409351019,0.26592079907242,0.0315111321833008,0.0845298281092012,0.0422649140546006,0.218604651162791,0.511627906976744,0.269767441860465,0.0315442812376729,0.0829111168471747,0.0414555584235873,0.219414006793804,0.513258898425966,0.26732709478023,31,5,24,2,26,9,8,9,22,5,14,3,34,6,23,5,24,9,10,5,30,0,15,15,24,9,9,6,24,4,7,13
106,3,0.260869565217391,0.478260869565217,0.260869565217391,0.0101552927257935,0.0286965608148356,0.0143482804074178,0.254234027401733,0.492609149972635,0.253156822625632,0.0196467101053975,0.0551203586822447,0.0275601793411224,0.250141886554897,0.461428368886589,0.288429744558514,0.0114045903711085,0.0322497065178771,0.0161248532589386,0.252509056665553,0.494385722824156,0.253105220510291,0.017024649375032,0.0478835472131775,0.0239417736065888,0.246696035242291,0.502202643171806,0.251101321585903,0.0148711418551169,0.0419999310915907,0.0209999655457954,0.249380959453122,0.499260835111013,0.251358205435866,25,5,11,9,37,6,18,13,30,7,16,7,23,5,10,8,28,10,14,4,33,3,28,2,26,10,7,9,25,10,10,5
106,4,0.260869565217391,0.478260869565217,0.260869565217391,0.0780157622267048,0.207228022942258,0.103614011471129,0.36448357668852,0.459283594316914,0.176232828994566,0.0616634259274521,0.17140995473962,0.08570497736981,0.289773584947037,0.535061827205382,0.175164587847581,0.0722820328735352,0.181971809841941,0.0909859049209706,0.351855470138362,0.473119029156078,0.17502550070556,0.0746566152345881,0.186713749724123,0.0933568748620613,0.350253807106599,0.482233502538071,0.16751269035533,0.0709991640953876,0.182200079781164,0.0911000398905821,0.351969605107973,0.469274615868993,0.178755779023033,21,6,13,2,24,10,4,10,20,9,9,2,28,4,23,1,33,6,20,7,23,15,4,4,22,13,8,1,26,6,14,6
106,5,0.260869565217391,0.478260869565217,0.260869565217391,0.0116503814310316,0.0314762498653645,0.0157381249326823,0.264515992376812,0.490352567338479,0.245131440284709,0.0216323858247632,0.0544068606853819,0.027203430342691,0.2336661348747,0.479741520100984,0.286592345024316,0.0131769913595295,0.0345530256260455,0.0172765128130227,0.258280377392056,0.49553738237824,0.246182240229704,0.0155583388804099,0.0434782608695652,0.0217391304347826,0.252941176470588,0.5,0.247058823529412,0.0140564756546319,0.0376815624229632,0.0188407812114816,0.256939664958578,0.497101650776699,0.245958684264724,24,8,13,3,22,3,11,8,15,6,6,3,17,4,7,6,20,12,3,5,26,3,17,6,21,4,17,0,25,3,11,11
107,1,0.217391304347826,0.521739130434783,0.260869565217391,0.0400171372376589,0.111185452028154,0.0555927260140771,0.18042196364599,0.503115745122542,0.316462291231468,0.0790841222557024,0.218373936045349,0.109186968022674,0.14181920980233,0.488124256957604,0.370056533240066,0.0392024466033253,0.110779596857693,0.0553897984288466,0.187640826859858,0.496099809493904,0.316259363646238,0.0467268387959354,0.132107023411371,0.0660535117056856,0.182692307692308,0.490384615384615,0.326923076923077,0.0397147810493741,0.112021606740488,0.0560108033702439,0.185781990890131,0.497337640522234,0.316880368587635,30,7,21,2,15,1,9,5,26,2,12,12,31,12,13,6,26,7,14,5,32,2,12,18,28,5,9,14,20,2,12,6
107,2,0.217391304347826,0.521739130434783,0.260869565217391,0.0366951375812197,0.103146728853388,0.051573364426694,0.196598693063143,0.490958377292771,0.312442929644085,0.0335202091985307,0.0897323974690922,0.0448661987345461,0.226570166830085,0.476872931700236,0.296556901469678,0.0319225438457855,0.0900213312515976,0.0450106656257988,0.19790312140211,0.4962166477547,0.30588023084319,0.0288790166581527,0.0816128248724799,0.04080641243624,0.195530726256983,0.502793296089385,0.301675977653631,0.0302721462642271,0.0856061893735109,0.0428030946867555,0.19526479280421,0.501062547291643,0.303672659904147,16,0,5,11,25,3,12,10,22,2,16,4,28,4,20,4,23,6,9,8,25,5,15,5,25,9,9,7,15,6,4,5
107,3,0.217391304347826,0.521739130434783,0.260869565217391,0.0188222095397419,0.0522846158899904,0.0261423079449951,0.226121011623805,0.539151731103799,0.234727257272396,0.0170095060137673,0.0475756190811862,0.0237878095405931,0.241179113888419,0.506748448275985,0.252072437835596,0.0143540803768637,0.0399526947830016,0.0199763473915008,0.23050495302648,0.52860182914763,0.240893217825891,0.022582939813769,0.0610061461415889,0.0305030730707944,0.240837696335079,0.528795811518325,0.230366492146597,0.0181575463615171,0.0512550913372037,0.0256275456686018,0.231607365333243,0.533150615117968,0.235242019548789,26,13,11,2,31,10,13,8,26,3,16,7,24,7,11,6,19,2,15,2,23,7,12,4,16,0,10,6,26,4,13,9
107,4,0.217391304347826,0.521739130434783,0.260869565217391,0.0763799162683489,0.200397835766029,0.100198917883014,0.132349463474849,0.621938048317797,0.245712488207354,0.0473206307045363,0.130290475983923,0.0651452379919613,0.23669981347391,0.56757585930066,0.19572432722543,0.088260572683406,0.240750776198234,0.120375388099117,0.128616594179155,0.6421145185339,0.229268887286945,0.0774682361026256,0.218203982121089,0.109101991060545,0.154205607476636,0.630841121495327,0.214953271028037,0.0833417509556013,0.223939602099983,0.111969801049991,0.129534097377623,0.633708931484774,0.236756971137603,23,8,11,4,21,0,8,13,30,1,23,6,27,5,18,4,26,7,14,5,23,1,17,5,35,0,31,4,29,11,13,5
107,5,0.217391304347826,0.521739130434783,0.260869565217391,0.0514033310932465,0.131312178523189,0.0656560892615942,0.223193211104742,0.581593312939461,0.195213475955797,0.055198370562803,0.153266277426872,0.0766331387134359,0.294024443061262,0.470545771595502,0.235429785343236,0.0553721652344852,0.137030858396855,0.0685154291984275,0.215971707773998,0.59025455963321,0.193773732592792,0.0512224540237082,0.138760407030527,0.0693802035152636,0.234042553191489,0.574468085106383,0.191489361702128,0.0482664927499735,0.119077132419858,0.059538566209929,0.218249502488295,0.580419498504243,0.201330999007462,17,4,11,2,21,0,14,7,29,1,20,8,21,13,6,2,27,8,11,8,27,9,10,8,21,7,13,1,25,2,23,0
108,1,0.173913043478261,0.565217391304348,0.260869565217391,0.0308895357230817,0.0820581949501162,0.0410290974750581,0.207416240954898,0.52418829382929,0.268395465215812,0.0540173982322616,0.137711912530755,0.0688559562653777,0.242768999743639,0.502136979893499,0.255094020362862,0.0314190134772736,0.0805868805392848,0.0402934402696423,0.210278907094019,0.524923951034705,0.264797141871275,0.0234996146893933,0.0651081494428665,0.0325540747214332,0.195979899497487,0.532663316582915,0.271356783919598,0.031899876053107,0.0818590402686959,0.0409295201343479,0.210808991100946,0.52428787117,0.264903137729054,31,10,13,8,22,2,19,1,27,8,13,6,25,5,18,2,21,4,4,13,24,1,16,7,23,5,7,11,26,4,16,6
108,2,0.173913043478261,0.565217391304348,0.260869565217391,0.0470391464160629,0.126333816406475,0.0631669082032373,0.124260880945752,0.628384299507585,0.247354819546663,0.0303193668913653,0.085140199721349,0.0425700998606745,0.131342943617586,0.590944958699927,0.277712097682487,0.0470518334817584,0.127461723299877,0.0637308616499386,0.125476689142214,0.628948252954286,0.245575057903499,0.0456939334127611,0.124110671936759,0.0620553359683795,0.127272727272727,0.627272727272727,0.245454545454545,0.0496458451669767,0.134665549000324,0.0673327745001618,0.123019119489055,0.63255016580451,0.244430714706436,31,3,19,9,28,1,17,10,23,6,12,5,22,4,10,8,28,0,22,6,24,4,16,4,34,9,24,1,30,1,18,11
108,3,0.173913043478261,0.565217391304348,0.260869565217391,0.0354850358317154,0.0935533040675371,0.0467766520337686,0.220689695512029,0.526089298124288,0.253221006363683,0.0372329420109017,0.102883604862108,0.0514418024310539,0.209367581124437,0.513775588873294,0.276856830002269,0.0317951264570897,0.0814116684197372,0.0407058342098686,0.210808977103543,0.524511557094479,0.264679465801978,0.0286265059968283,0.0809298321136461,0.040464916056823,0.193069306930693,0.524752475247525,0.282178217821782,0.0377262548329989,0.0934509904442129,0.0467254952221065,0.219579412494217,0.518491896082241,0.261928691423542,22,2,20,0,24,5,10,9,24,5,18,1,26,10,8,8,23,3,15,5,26,7,5,14,32,2,15,15,25,5,15,5
108,4,0.173913043478261,0.565217391304348,0.260869565217391,0.0462728164325994,0.119237701129901,0.0596188505649505,0.22708814452441,0.505598540739397,0.267313314736193,0.155100843199014,0.38516481074672,0.19258240537336,0.168552694724807,0.377995334684441,0.453451970590752,0.0495397581305224,0.140069386002162,0.0700346930010808,0.210554516091286,0.495182698303267,0.294262785605447,0.0645261161016515,0.168530020703934,0.0842650103519668,0.185714285714286,0.480952380952381,0.333333333333333,0.0524261733007865,0.142667241948556,0.0713336209742778,0.227083892341435,0.49388377033007,0.279032337328495,20,5,15,0,30,10,17,3,31,6,9,16,22,3,19,0,29,3,12,14,28,3,11,14,26,6,10,10,24,3,8,13
108,5,0.173913043478261,0.565217391304348,0.260869565217391,0.0205534592505831,0.0507986883145079,0.025399344157254,0.173453551873552,0.540277538751802,0.286268909374645,0.068192085410975,0.173197518980155,0.0865987594900774,0.180460118395829,0.47861863181427,0.340921249789901,0.0207217526633258,0.0512544325728926,0.0256272162864463,0.174417269459253,0.539590175017902,0.285992555522846,0.0183411685933645,0.0455291222313371,0.0227645611156685,0.174528301886792,0.542452830188679,0.283018867924528,0.0187005335378449,0.0479271538352028,0.0239635769176014,0.171620174870803,0.543546682994204,0.284833142134993,31,1,20,10,19,3,7,9,23,5,10,8,30,2,19,9,27,12,12,3,27,6,16,5,25,2,20,3,30,6,11,13
109,1,0.130434782608696,0.608695652173913,0.260869565217391,0.0416327994414208,0.114407160201804,0.0572035801009022,0.187638362709598,0.568021256699441,0.244340380590961,0.0628011723203662,0.168630382076096,0.0843151910380479,0.214749973646744,0.542367986580899,0.242882039772358,0.0378609545781776,0.102424876138911,0.0512124380694555,0.181647220678151,0.596622446942211,0.221730332379638,0.0289711263860173,0.0816718712466971,0.0408359356233486,0.171270718232044,0.591160220994475,0.237569060773481,0.0396681767107909,0.109192031159034,0.0545960155795168,0.185030798188212,0.592569156254473,0.222400045557314,17,7,7,3,17,3,9,5,25,5,17,3,27,7,12,8,30,5,25,0,15,1,7,7,17,0,5,12,33,3,25,5
109,2,0.130434782608696,0.608695652173913,0.260869565217391,0.0160827488103616,0.0412915750035134,0.0206457875017567,0.12837601662607,0.62934143967567,0.24228254369826,0.0239006433191273,0.0617271229685459,0.0308635614842729,0.103068113681826,0.639559213658186,0.257372672659988,0.0262763804992256,0.0741541544339162,0.0370770772169581,0.114050313868146,0.645772729390871,0.240176956740983,0.0135511440949887,0.0375106564364876,0.0187553282182438,0.117647058823529,0.627450980392157,0.254901960784314,0.0175828940912679,0.0475637685398542,0.0237818842699271,0.124833016283483,0.63247753644384,0.242689447272676,27,2,16,9,25,6,7,12,22,8,12,2,31,1,24,6,19,3,16,0,32,4,26,2,26,0,12,14,22,0,15,7
109,3,0.130434782608696,0.608695652173913,0.260869565217391,0.0571907936309197,0.149021443501768,0.0745107217508839,0.120424505185565,0.544195207846159,0.335380286968275,0.0591667608437192,0.167218232948392,0.0836091164741962,0.0914929354834657,0.564028382824947,0.344478681691588,0.0576830747789566,0.15113451896452,0.0755672594822599,0.119263135970815,0.544300039329534,0.336436824699651,0.0583415636258249,0.152064671181997,0.0760323355909985,0.14070351758794,0.532663316582915,0.326633165829146,0.0609603685191551,0.156569503038977,0.0782847515194885,0.122563368692741,0.538282314570379,0.33915431673688,21,0,13,8,37,2,23,12,32,7,11,14,19,0,8,11,23,12,5,6,24,4,19,1,14,0,11,3,29,3,16,10
109,4,0.130434782608696,0.608695652173913,0.260869565217391,0.0526588186727951,0.131277803732792,0.0656389018663962,0.193718601208919,0.543056750307517,0.263224648483564,0.126616308358684,0.35260380531894,0.17630190265947,0.245710697580067,0.432393749514443,0.32189555290549,0.0520589908984043,0.139341771667683,0.0696708858338416,0.200105668442537,0.553252357588609,0.246641973968853,0.0683956599133292,0.185732376530182,0.0928661882650908,0.223300970873786,0.538834951456311,0.237864077669903,0.0527207601324847,0.133541708894144,0.0667708544470718,0.197205637055767,0.54657944753788,0.256214915406352,23,4,10,9,27,10,8,9,30,0,24,6,20,5,9,6,24,0,22,2,25,3,11,11,22,8,10,4,35,16,17,2
109,5,0.130434782608696,0.608695652173913,0.260869565217391,0.0414064745429454,0.103044841508078,0.0515224207540391,0.128773869342836,0.558834144685733,0.31239198597143,0.0624464601788108,0.154902139873567,0.0774510699367836,0.132413352974126,0.531244582237129,0.336342064788745,0.0386276473585575,0.0979063752743826,0.0489531876371913,0.126954183070059,0.563223064075358,0.309822752854583,0.0366341289246558,0.0951762924507896,0.0475881462253948,0.124378109452736,0.567164179104478,0.308457711442786,0.0381086477896508,0.0975852463668284,0.0487926231834142,0.125859255479126,0.564478556120069,0.309662188400805,22,2,17,3,24,9,7,8,32,2,18,12,28,1,25,2,25,0,12,13,34,5,19,10,20,4,8,8,16,2,8,6
110,1,0.0869565217391304,0.652173913043478,0.260869565217391,0.0568458410749216,0.160782212701191,0.0803911063505954,0.126795723867985,0.571782806692883,0.301421469439132,0.0288439615633348,0.0813430302226485,0.0406715151113242,0.1100000591811,0.669801890712833,0.220198050106067,0.056073215111833,0.15727005769208,0.0786350288460399,0.11740231940305,0.573538884197438,0.309058796399512,0.0558355502472417,0.153662894580107,0.0768314472900536,0.10958904109589,0.575342465753425,0.315068493150685,0.0610836168502877,0.172131624161208,0.0860658120806042,0.1235614137433,0.566108100962874,0.310330485293826,20,2,14,4,33,0,22,11,37,3,24,10,24,2,18,4,29,1,7,21,24,3,17,4,28,8,7,13,24,5,17,2
110,2,0.0869565217391304,0.652173913043478,0.260869565217391,0.0332771802210448,0.093777344462823,0.0468886722314115,0.113885882600413,0.605285240812067,0.28082887658752,0.0389536291859957,0.100141924806094,0.050070962403047,0.0818145541328614,0.6072449182467,0.310940527620438,0.0334184518181457,0.0915965155071933,0.0457982577535967,0.119959069489455,0.606375655289882,0.273665275220663,0.0270614884021836,0.0752975467573476,0.0376487733786738,0.111731843575419,0.614525139664804,0.273743016759777,0.0259142169103247,0.0718912214054805,0.0359456107027403,0.111114370382048,0.616228302340738,0.272657327277214,22,1,12,9,35,2,28,5,15,1,10,4,22,1,15,6,21,9,11,1,23,3,12,8,24,1,16,7,17,2,6,9
110,3,0.0869565217391304,0.652173913043478,0.260869565217391,0.0102690765416377,0.0290273613013262,0.0145136806506631,0.0724428410884673,0.658988367784794,0.268568791126738,0.0296136719601412,0.0827266302571297,0.0413633151285648,0.0605949458985383,0.693537228172043,0.245867825929418,0.00676197501017124,0.0172485519690397,0.00862427598451984,0.0783322457546106,0.660064159036399,0.26160359520899,0.0163355800012755,0.0425371729719556,0.0212685864859778,0.108225108225108,0.649350649350649,0.242424242424242,0.00796435920854699,0.0220735870515193,0.0110367935257596,0.0794917391187025,0.648601902138147,0.271906358743151,40,10,24,6,27,2,21,4,27,0,21,6,30,2,15,13,20,0,16,4,25,0,21,4,31,11,9,11,31,0,23,8
110,4,0.0869565217391304,0.652173913043478,0.260869565217391,0.0588344295873496,0.165513480186967,0.0827567400934834,0.169713261832614,0.60333051559371,0.226956222573676,0.0505927187573203,0.140603412612861,0.0703017063064305,0.157258228045561,0.605504060164191,0.237237711790249,0.0556988579047103,0.157470635522889,0.0787353177614444,0.165691839500575,0.610779813789353,0.223528346710072,0.0527480731894554,0.140693698094773,0.0703468490473864,0.157303370786517,0.595505617977528,0.247191011235955,0.0623498894497734,0.175720499536945,0.0878602497684723,0.174816771507603,0.601786586399602,0.223396642092795,22,2,20,0,15,1,6,8,21,3,14,4,28,5,16,7,26,12,12,2,22,1,14,7,20,3,16,1,24,1,8,15
110,5,0.0869565217391304,0.652173913043478,0.260869565217391,0.129938047282514,0.32240421289433,0.161202106447165,0.0827508535537626,0.813376019490643,0.103873126955594,0.109641247589325,0.290921838539347,0.145460919269674,0.113182729059456,0.771408624992827,0.115408645947718,0.132522815055189,0.334794817714429,0.167397408857215,0.0762442913734995,0.819571321900693,0.104184386725808,0.120901752569668,0.315652173913044,0.157826086956522,0.065,0.81,0.125,0.127941524965976,0.317452644224591,0.158726322112296,0.0828131500834935,0.810900235155774,0.106286614760733,28,1,17,10,27,0,25,2,25,0,25,0,25,5,17,3,28,2,24,2,21,1,20,0,24,1,15,8,22,3,19,0
111,1,0.0434782608695652,0.695652173913043,0.260869565217391,0.0363800368065729,0.101361029374977,0.0506805146874886,0.0611455337659228,0.644971659225555,0.293882807008522,0.0366734813508908,0.103128724720464,0.0515643623602322,0.0644382275813891,0.644087811552811,0.2914739608658,0.0371355431514336,0.103857248012264,0.0519286240061319,0.0626501981516428,0.643723549906912,0.293626251941446,0.0365527080278642,0.103346232642841,0.0516731163214205,0.0680628272251309,0.643979057591623,0.287958115183246,0.0366432145410695,0.10246130777164,0.0512306538858202,0.0623368996682916,0.644421520027223,0.293241580304485,17,0,12,5,24,5,11,8,26,4,18,4,24,1,18,5,23,0,14,9,26,3,10,13,26,0,24,2,25,0,16,9
111,2,0.0434782608695652,0.695652173913043,0.260869565217391,0.0378069587050455,0.094375102286962,0.0471875511434809,0.0416571850063714,0.742839725056524,0.215503089937104,0.0262010903670334,0.0695239579283596,0.0347619789641798,0.0719700252347413,0.660890194948864,0.267139779816395,0.0281495512726659,0.069662979548461,0.0348314897742304,0.0442005535864604,0.729761370970379,0.226038075443161,0.0398243258336703,0.100686498855835,0.0503432494279176,0.0467836257309941,0.742690058479532,0.210526315789474,0.0375587739852945,0.0939965613467184,0.0469982806733592,0.0414118866919412,0.742650454586403,0.215937658721656,24,0,18,6,26,0,21,5,22,2,14,6,20,3,13,4,22,3,12,7,17,0,12,5,19,0,18,1,21,0,19,2
111,3,0.0434782608695652,0.695652173913043,0.260869565217391,0.0462329934188297,0.130766559849255,0.0653832799246274,0.076237357645424,0.728276357061812,0.195486285292764,0.0308856074723207,0.0848843923898916,0.0424421961949457,0.0736367025328696,0.707935928444685,0.218427369022446,0.0472483447360879,0.133129741833885,0.0665648709169424,0.0818052567953512,0.7238900489042,0.194304694300449,0.0523613081156078,0.147354893981581,0.0736774469907903,0.0738916256157636,0.738916256157635,0.187192118226601,0.0506284128102619,0.142870855582154,0.0714354277910769,0.075002048471186,0.7355638141025,0.189434137426314,31,1,27,3,24,7,11,6,22,1,12,9,26,1,18,7,22,0,20,2,27,3,20,4,32,1,29,2,19,1,13,5
111,4,0.0434782608695652,0.695652173913043,0.260869565217391,0.0754905005605337,0.210369068903618,0.105184534451809,0.111894048450847,0.590467639461234,0.297638312087919,0.0428463042108445,0.118887030870134,0.0594435154350672,0.0630235736610435,0.636208658477976,0.30076776786098,0.0562122790218026,0.156201987488528,0.0781009937442639,0.0953703523216671,0.61755118016878,0.287078467509553,0.0642324170699383,0.161304347826087,0.0806521739130435,0.12,0.615,0.265,0.0626957589104912,0.174481028864666,0.087240514432333,0.100808250367219,0.60841165948071,0.29078009015207,22,1,14,7,30,2,21,7,30,1,22,7,30,1,18,11,18,1,9,8,19,3,11,5,20,15,3,2,31,0,25,6
111,5,0.0434782608695652,0.695652173913043,0.260869565217391,0.00601906848798163,0.0150391708026191,0.00751958540130954,0.0506928552633465,0.695957164920572,0.253349979816082,0.0206222204730114,0.0507682930421306,0.0253841465210654,0.0437345874736219,0.670268027391978,0.2859973851344,0.00759599119762814,0.0208094262482361,0.0104047131241181,0.0538829739936833,0.688135712337103,0.257981313669214,0.0126961842477289,0.0351092059604001,0.0175546029802,0.0610328638497653,0.690140845070423,0.248826291079812,0.00625993417546425,0.0170247026903974,0.00851235134519875,0.051990612214764,0.693501958770378,0.254507429014858,29,0,18,11,32,3,25,4,27,7,16,4,22,0,17,5,27,0,23,4,22,0,15,7,22,1,16,5,32,2,17,13
112,1,0.652173913043478,0.0434782608695652,0.304347826086957,0.061032631633398,0.16663313729061,0.0833165686453051,0.59099038280621,0.0213452224615281,0.387664394732262,0.0725709418589137,0.198950171426209,0.0994750857131043,0.580565318652702,0.0156117695472369,0.403822911800061,0.0596730331156374,0.164454496330221,0.0822272481651104,0.594618997459799,0.0188059282881343,0.386575074252067,0.064815373261352,0.179481687727565,0.0897408438637824,0.591133004926108,0.0147783251231527,0.394088669950739,0.0598790689328276,0.164205072154424,0.0821025360772122,0.593160615006539,0.0203890228292927,0.386450362164169,30,17,1,12,30,28,0,2,34,19,0,15,17,11,2,4,19,8,0,11,24,15,0,9,21,13,0,8,28,9,0,19
112,2,0.652173913043478,0.0434782608695652,0.304347826086957,0.0544896122377703,0.145526639368247,0.0727633196841233,0.710528311543782,0.0578871820533846,0.231584506402833,0.0373193984536584,0.105509114582776,0.0527545572913882,0.677200723193941,0.0712060080104908,0.251593268795568,0.0420326249078519,0.117751237592159,0.0588756187960796,0.688708092534763,0.0658197001743598,0.245472207290877,0.0544920403840494,0.145537757437071,0.0727688787185355,0.710526315789474,0.0578947368421053,0.231578947368421,0.0544896317022439,0.145531273152172,0.0727656365760859,0.710523787229548,0.0578940232595818,0.231582189510871,32,20,4,8,23,15,1,7,23,18,0,5,26,23,0,3,25,17,3,5,19,14,2,3,19,13,0,6,23,15,1,7
112,3,0.652173913043478,0.0434782608695652,0.304347826086957,0.0672325799612314,0.175287773769006,0.0876438868845029,0.727921418833125,0.0553746419644216,0.216703939202454,0.0555858939157589,0.153048965048117,0.0765244825240585,0.706014667855902,0.0661619885812003,0.227823343562898,0.0663424134147798,0.177506240226244,0.0887531201131221,0.722896943056859,0.0615083509693062,0.215594705973834,0.067402413966043,0.173913043478261,0.0869565217391305,0.729468599033816,0.0531400966183575,0.217391304347826,0.0699994023704296,0.182894622439263,0.0914473112196314,0.730729206616558,0.0563702785161166,0.212900514867325,29,25,3,1,24,13,1,10,26,19,1,6,28,24,2,2,28,18,4,6,28,23,0,5,18,13,0,5,26,16,0,10
112,4,0.652173913043478,0.0434782608695652,0.304347826086957,0.0610457960659753,0.1683937041247,0.0841968520623498,0.736370765105828,0.0179041019351803,0.245725132958992,0.101775701646303,0.276235898645826,0.138117949322913,0.790291862366391,0.00949084483501974,0.200217292798589,0.066247268517293,0.184770128733019,0.0923850643665094,0.744558977409988,0.0107690810328311,0.244671941557181,0.048915438634929,0.138275124732716,0.0691375623663578,0.721311475409836,0.0109289617486339,0.26775956284153,0.0542762707977756,0.151281955621766,0.075640977810883,0.727814890854361,0.0169583124127185,0.25522679673292,16,16,0,0,25,15,0,10,26,16,0,10,24,21,0,3,22,6,0,16,16,14,2,0,22,18,0,4,32,26,0,6
112,5,0.652173913043478,0.0434782608695652,0.304347826086957,0.0323152319335876,0.0912763205679355,0.0456381602839677,0.697812073327446,0.0227280129594194,0.279459913713135,0.0212100790495111,0.05992789213741,0.029963946068705,0.622209966974773,0.0596529752520601,0.318137057773167,0.0278167338611037,0.0786707611018268,0.0393353805509133,0.691509293594392,0.0242599053638806,0.284230801041728,0.029909174459223,0.0816986855409505,0.0408493427704752,0.693023255813954,0.0325581395348837,0.274418604651163,0.0300725920123254,0.084996614871072,0.042498307435536,0.694672220479014,0.0236296728752334,0.281698106645752,25,21,0,4,26,22,0,4,26,20,0,6,30,17,0,13,27,16,3,8,32,18,4,10,26,22,0,4,23,13,0,10
113,1,0.608695652173913,0.0869565217391304,0.304347826086957,0.0364353609588016,0.10207635406765,0.0510381770338248,0.659733829207738,0.0675718978357938,0.272694272956468,0.0400639464325357,0.109350769914618,0.0546753849573089,0.568488172771957,0.0724886161837779,0.359023211044265,0.0335889760685128,0.0918834603371901,0.045941730168595,0.654637382342508,0.0744425702450704,0.270920047412422,0.0397389714684475,0.112395929694727,0.0561979648473635,0.664893617021277,0.0585106382978723,0.276595744680851,0.0390039319814956,0.109055416909406,0.0545277084547031,0.663223360628616,0.0669042431395367,0.269872396231847,27,24,1,2,21,16,3,2,26,18,0,8,23,10,3,10,20,9,1,10,27,15,1,11,27,21,2,4,17,12,0,5
113,2,0.608695652173913,0.0869565217391304,0.304347826086957,0.0318967835701892,0.0900736137793614,0.0450368068896807,0.653732459063594,0.0622309205071757,0.284036620429231,0.0432575556321652,0.121238554110975,0.0606192770554874,0.669314929229401,0.0637744084380936,0.266910662332506,0.0401388862863979,0.113503197839414,0.0567515989197072,0.66544725109362,0.0596471666102642,0.274905582296116,0.0401617585709767,0.108924485125858,0.054462242562929,0.663157894736842,0.0736842105263158,0.263157894736842,0.0380651378012942,0.107652902798824,0.053826451399412,0.662522103573325,0.0607266122600224,0.276751284166653,21,8,0,13,30,23,1,6,29,26,0,3,20,13,2,5,24,13,3,8,23,10,8,5,19,14,0,5,24,19,0,5
113,3,0.608695652173913,0.0869565217391304,0.304347826086957,0.117595651788459,0.309680717909256,0.154840358954628,0.453855293219285,0.111827168312429,0.434317538468286,0.119795498975075,0.311153645753722,0.155576822876861,0.453118829297052,0.106664544923975,0.440216625778973,0.115957482090876,0.306199413957804,0.153099706978902,0.455595945195011,0.112618594067337,0.431785460737651,0.110403253515888,0.293478260869565,0.146739130434783,0.46195652173913,0.114130434782609,0.423913043478261,0.115835994619741,0.305720457607131,0.152860228803566,0.455835423370347,0.112374095409166,0.431790481220487,31,22,0,9,22,2,4,16,17,10,4,3,16,7,1,8,21,11,1,9,28,12,3,13,29,10,8,11,20,11,0,9
113,4,0.608695652173913,0.0869565217391304,0.304347826086957,0.0340373831335634,0.0928738794254681,0.046436939712734,0.596455485850352,0.133393461451864,0.270151052697784,0.0695317427533949,0.196468998726522,0.0982344993632611,0.555772850413607,0.185191021102392,0.259036128484001,0.0346154724025626,0.0934618383681931,0.0467309191840965,0.597960010024565,0.133687440923227,0.268352549052208,0.0412609540091446,0.111801242236025,0.0559006211180124,0.595238095238095,0.142857142857143,0.261904761904762,0.0346815564431146,0.0930935659878259,0.0465467829939129,0.598811184482237,0.133503304733043,0.26768551078472,25,14,8,3,28,14,7,7,27,19,0,8,27,16,5,6,22,8,1,13,27,24,0,3,30,16,4,10,24,14,5,5
113,5,0.608695652173913,0.0869565217391304,0.304347826086957,0.0756984339054786,0.207168331212614,0.103584165606307,0.71227981778022,0.0585763978533137,0.229143784366466,0.0385252770160644,0.108965274691212,0.0544826373456059,0.663178289519519,0.0595505074466578,0.277271203033823,0.068128809739476,0.18001722425753,0.0900086121287652,0.698704264302678,0.0717203090259639,0.229575426671358,0.0769852328564044,0.211180124223602,0.105590062111801,0.714285714285714,0.0571428571428571,0.228571428571429,0.0774038430309722,0.211113268236243,0.105556634118122,0.714252286292035,0.0592855764896563,0.226462137218309,24,13,2,9,23,19,0,4,28,21,0,7,18,13,1,4,40,30,4,6,33,21,1,11,16,9,1,6,28,24,3,1
114,1,0.565217391304348,0.130434782608696,0.304347826086957,0.0356534666003132,0.0988791202536823,0.0494395601268411,0.531921368370193,0.114291245416009,0.353787386213798,0.0553447943634694,0.154926589706289,0.0774632948531445,0.516782761986977,0.101406117072922,0.381811120940101,0.0316338184898238,0.0890903985488351,0.0445451992744176,0.54652831292039,0.104578661718236,0.348893025361374,0.0199411601492936,0.0535117056856187,0.0267558528428093,0.538461538461538,0.136094674556213,0.325443786982249,0.0358177969937171,0.100700203036647,0.0503501015183236,0.535244181518478,0.110057890876242,0.35469792760528,26,21,0,5,21,9,3,9,24,13,1,10,17,14,0,3,18,8,0,10,18,2,13,3,27,12,4,11,18,12,2,4
114,2,0.565217391304348,0.130434782608696,0.304347826086957,0.0284352567455476,0.0790631677056642,0.0395315838528321,0.539065196020588,0.169966366461528,0.290968437517884,0.0419582529000405,0.11295102869834,0.0564755143491701,0.521211638414291,0.186910296957866,0.291878064627844,0.0354710599910833,0.0954923366684314,0.0477461683342157,0.528020580091586,0.178180950942911,0.293798468965503,0.0284312135168164,0.0789362600253272,0.0394681300126636,0.538834951456311,0.169902912621359,0.29126213592233,0.0283225454853997,0.0786792458798358,0.0393396229399179,0.539024894469632,0.169774405548614,0.291200699981755,23,12,4,7,29,17,2,10,21,12,6,3,25,14,1,10,29,12,5,12,28,15,6,7,25,11,7,7,26,18,4,4
114,3,0.565217391304348,0.130434782608696,0.304347826086957,0.0963476254876229,0.261208404818051,0.130604202409025,0.434613188895322,0.229370262181752,0.336016548922926,0.0679215109019932,0.186424066750928,0.0932120333754639,0.498520702892581,0.22364681598416,0.277832481123259,0.0837706083314082,0.225386572817489,0.112693286408744,0.452524104895604,0.218426956763248,0.329048938341148,0.0873434056475846,0.23596242079965,0.117981210399825,0.447236180904523,0.221105527638191,0.331658291457286,0.0886873021850563,0.238514378160544,0.119257189080272,0.445960202224076,0.223700387907807,0.330339409868117,33,19,6,8,26,15,6,5,19,3,5,11,25,22,0,3,29,8,3,18,21,5,3,13,23,11,6,6,23,6,15,2
114,4,0.565217391304348,0.130434782608696,0.304347826086957,0.031857394758443,0.0878380549884582,0.0439190274942292,0.551957283810753,0.0997758626080618,0.348266853581186,0.0191144589258158,0.0519499622369035,0.0259749811184518,0.539242410185896,0.149904485518817,0.310853104295287,0.0370274860318841,0.104090558115853,0.0520452790579267,0.544196629282777,0.0994102655723394,0.356393105144883,0.0315956006632054,0.0887402452619843,0.0443701226309922,0.538461538461538,0.112820512820513,0.348717948717949,0.0370098117814236,0.104031608335572,0.0520158041677858,0.544244997112269,0.0993913726329885,0.356363630254742,24,9,7,8,21,17,0,4,31,19,4,8,16,12,0,4,29,10,0,19,27,14,1,12,26,14,4,8,21,10,6,5
114,5,0.565217391304348,0.130434782608696,0.304347826086957,0.0742930088916101,0.209485257014204,0.104742628507102,0.610453364968924,0.189941437451222,0.199605197579854,0.0945049244241745,0.240662803297524,0.120331401648762,0.575014089323812,0.240969486237993,0.184016424438195,0.07647604233237,0.215977150180065,0.107988575090032,0.624381622151956,0.17925912685112,0.196359250996924,0.0653332432492525,0.184453227931489,0.0922266139657444,0.616161616161616,0.171717171717172,0.212121212121212,0.075284120596706,0.212930822836017,0.106465411418008,0.617829331578801,0.184288253752251,0.197882414668948,24,7,2,15,26,16,2,8,33,25,6,2,21,9,7,5,18,12,6,0,24,13,8,3,27,19,1,7,25,21,2,2
115,1,0.521739130434783,0.173913043478261,0.304347826086957,0.0863630805994319,0.232420871484482,0.116210435742241,0.431088198492762,0.290123479220502,0.278788322286737,0.0257573066626943,0.0716532204599905,0.0358266102299953,0.485912520204787,0.197527117782159,0.316560362013054,0.0522637531893792,0.145418406683284,0.0727092033416418,0.473883282821528,0.246622246819903,0.279494470358569,0.0631233807364361,0.170308628069385,0.0851543140346925,0.455958549222798,0.259067357512953,0.284974093264249,0.0712799932435716,0.190085154584117,0.0950425772920583,0.445124242295604,0.268955620770319,0.285920136934076,14,0,12,2,18,10,8,0,30,16,2,12,30,7,9,14,22,5,1,16,29,21,2,6,22,17,2,3,28,12,14,2
115,2,0.521739130434783,0.173913043478261,0.304347826086957,0.342348168435296,0.956521739130435,0.478260869565217,1,1.7296787356741e-52,6.86124474564999e-36,0.0292003531194202,0.0791980647149201,0.03959903235746,0.491794250255048,0.164258891300535,0.343946858444417,0.0248352090137502,0.0657927166923215,0.0328963583461607,0.488842772088622,0.179705068757664,0.331452159153714,0.0247767686567062,0.0630861040068201,0.0315430520034101,0.490196078431373,0.176470588235294,0.333333333333333,0.0230319978542905,0.0578339259923975,0.0289169629961987,0.492822167438584,0.175388215458082,0.331789617103334,28,14,4,10,22,12,3,7,20,11,2,7,27,8,7,12,26,15,6,5,32,18,10,4,22,11,0,11,27,11,4,12
115,3,0.521739130434783,0.173913043478261,0.304347826086957,0.089513835245521,0.227787588325528,0.113893794162764,0.416935752194096,0.287806837641025,0.295257410164879,0.110216986074543,0.311321118738693,0.155660559369346,0.436907513617066,0.329573602847607,0.233518883535327,0.0846120116052134,0.209807529115305,0.104903764557653,0.41683536587713,0.276216594716567,0.306948039406303,0.0892371520720396,0.224825411128633,0.112412705564316,0.409326424870466,0.27979274611399,0.310880829015544,0.0841548716539221,0.208513697651323,0.104256848825662,0.417482281609121,0.275750076193271,0.306767642197608,22,9,8,5,17,6,9,2,26,15,7,4,27,14,2,11,19,5,10,4,32,10,8,14,28,9,3,16,22,11,7,4
115,4,0.521739130434783,0.173913043478261,0.304347826086957,0.0518836875843475,0.133705770959419,0.0668528854797095,0.454886244955073,0.233529070661228,0.311584684383699,0.0292200777755069,0.0811856738542567,0.0405928369271283,0.481146293507654,0.187509789527021,0.331343916965325,0.0470547185169074,0.12343193995286,0.0617159699764299,0.460023160458353,0.22632500929275,0.313651830248898,0.04373758834555,0.108964036500268,0.0544820182501342,0.469135802469136,0.228395061728395,0.302469135802469,0.0423328591771695,0.110121170382523,0.0550605851912613,0.466678545243521,0.221799058069635,0.311522396686844,25,17,3,5,15,6,3,6,14,2,11,1,18,8,3,7,22,6,7,9,26,16,2,8,20,9,5,6,22,12,3,7
115,5,0.521739130434783,0.173913043478261,0.304347826086957,0.114864230233135,0.302976522848619,0.151488261424309,0.395209499148587,0.148954413340147,0.455836087511266,0.118181306963933,0.322150757973415,0.161075378986707,0.402584428022619,0.131992366903718,0.465423205073664,0.11116153377357,0.286418307095757,0.143209153547878,0.393976885961641,0.158466134403524,0.447556979634835,0.111840022673058,0.284705363054513,0.142352681527257,0.390862944162437,0.16243654822335,0.446700507614213,0.112127459613434,0.290786613504412,0.145393306752206,0.394229699690738,0.1560291674701,0.449741132839162,20,8,1,11,19,5,3,11,20,9,0,11,22,12,1,9,24,12,4,8,31,12,4,15,28,5,8,15,33,14,11,8
116,1,0.478260869565217,0.217391304347826,0.304347826086957,0.0107990860013715,0.0305383859960578,0.0152691929980289,0.462991676567188,0.225288953292632,0.311719370140179,0.0169816345638743,0.0475063149824148,0.0237531574912074,0.463317614998814,0.241144461839034,0.295537923162153,0.0201256968233449,0.0569115061956058,0.0284557530978029,0.449805116467415,0.232136960449675,0.318057923082911,0.0124222751191826,0.0350557705440473,0.0175278852720237,0.460732984293194,0.225130890052356,0.31413612565445,0.014229822002849,0.0402479584256259,0.0201239792128129,0.458136890352405,0.227424193595905,0.31443891605169,27,13,7,7,20,11,3,6,14,12,0,2,18,7,6,5,21,11,5,5,26,5,6,15,32,13,8,11,33,16,8,9
116,2,0.478260869565217,0.217391304347826,0.304347826086957,0.0682076854749701,0.178760422206721,0.0893802111033606,0.554364601684324,0.128011093244465,0.317624305071211,0.129569082337429,0.36407094639163,0.182035473195815,0.660296342761032,0.108220454506538,0.23148320273243,0.0788818732170071,0.193524235067611,0.0967621175338053,0.574718371015793,0.120629186814021,0.304652442170186,0.0944733176860319,0.2358297291145,0.11791486455725,0.591623036649215,0.0994764397905759,0.308900523560209,0.0744155594973529,0.183988484549006,0.0919942422745028,0.568522059474004,0.125397062073323,0.306080878452673,25,19,2,4,21,2,4,15,25,10,2,13,13,8,1,4,28,20,3,5,29,23,0,6,28,22,3,3,22,9,4,9
116,3,0.478260869565217,0.217391304347826,0.304347826086957,0.128383208431305,0.349187350204909,0.174593675102455,0.303667194462763,0.261546992501552,0.434785813035686,0.121702793937261,0.343410674408142,0.171705337204071,0.306555532361146,0.292981762665024,0.400462704973829,0.123333738461221,0.342252467451319,0.17112623372566,0.307134635839558,0.273736692647597,0.419128671512845,0.122377336581451,0.339010218393108,0.169505109196554,0.308755760368664,0.271889400921659,0.419354838709677,0.120348656187009,0.336116878596682,0.168058439298341,0.310202430266876,0.278118822246204,0.41167874748692,31,12,8,11,18,3,2,13,37,6,16,15,34,20,10,4,19,2,3,14,27,3,3,21,28,6,16,6,23,15,1,7
116,4,0.478260869565217,0.217391304347826,0.304347826086957,0.0533627553315404,0.144346267112648,0.0721731335563238,0.495251505380042,0.272573802089326,0.232174692530633,0.0654141529645533,0.184818564955631,0.0924092824778156,0.528195188545758,0.259866267845101,0.211938543609141,0.0536127159936655,0.146676916804002,0.0733384584020013,0.498269130494848,0.270721501820197,0.231009367684955,0.0678824797917167,0.180124223602485,0.0900621118012423,0.494505494505495,0.291208791208791,0.214285714285714,0.0545741327130698,0.149739459684626,0.0748697298423132,0.499466236432524,0.271055667322832,0.229478096244643,24,14,6,4,30,17,9,4,20,11,2,7,18,5,12,1,25,16,2,7,20,12,1,7,21,9,7,5,24,6,14,4
116,5,0.478260869565217,0.217391304347826,0.304347826086957,0.0730959605197811,0.199768929635906,0.0998844648179528,0.378376404747265,0.290395397750388,0.331228197502347,0.0614147929595753,0.173452524485049,0.0867262622425247,0.391534607322693,0.256682363578529,0.351783029098779,0.0750084727878892,0.203817376576445,0.101908688288223,0.376352181276995,0.293848019430493,0.329799799292512,0.0686764620150061,0.184948135069521,0.0924740675347606,0.385786802030457,0.289340101522843,0.3248730964467,0.0712929407592071,0.193293424531855,0.0966467122659277,0.38161415729929,0.290586026733651,0.327799815967059,25,7,6,12,26,15,4,7,20,6,4,10,22,3,10,9,28,7,14,7,18,8,5,5,28,16,7,5,30,14,7,9
117,1,0.434782608695652,0.260869565217391,0.304347826086957,0.0745443736820697,0.188882407163488,0.0944412035817438,0.340341405113908,0.348660350283691,0.310998244602401,0.108571076129652,0.306549098802559,0.153274549401279,0.281508059294373,0.329651762750862,0.388840177954765,0.0761289906663911,0.186782076922398,0.093391038461199,0.341697216850663,0.35426060367859,0.304042179470747,0.082162443980248,0.202898550724638,0.101449275362319,0.333333333333333,0.360655737704918,0.306010928961749,0.0748355702886461,0.183594293211163,0.0917971466055815,0.342985462090071,0.352380711095574,0.304633826814356,24,3,13,8,24,12,10,2,16,3,4,9,24,9,3,12,23,14,6,3,25,4,19,2,24,11,2,11,23,5,9,9
117,2,0.434782608695652,0.260869565217391,0.304347826086957,0.0792338680021378,0.21323726456624,0.10661863228312,0.541401240978772,0.237415888332561,0.221182870688667,0.0661732438526505,0.185483033102099,0.0927415165510496,0.527524125246702,0.225343420066919,0.247132454686379,0.0738913138160377,0.196368539932061,0.0981842699660303,0.532966878661682,0.242757685795273,0.224275435543044,0.0762278736269981,0.208154989862582,0.104077494931291,0.538860103626943,0.233160621761658,0.227979274611399,0.0779641994753521,0.211427857072727,0.105713928536363,0.540496537232016,0.235142816296774,0.22436064647121,23,11,7,5,31,21,4,6,25,11,5,9,24,12,8,4,27,10,6,11,20,11,9,0,16,12,2,2,27,16,4,7
117,3,0.434782608695652,0.260869565217391,0.304347826086957,0.0832944685649342,0.21167550434609,0.105837752173045,0.328944856522607,0.269003059743743,0.40205208373365,0.103668828274775,0.286582746161741,0.143291373080871,0.291491235614782,0.305654020694336,0.402854743690882,0.0816195717748255,0.210659146558638,0.105329573279319,0.329453035416333,0.272645569903363,0.397901394680304,0.0783074345330351,0.196095829636202,0.0980479148181012,0.336734693877551,0.26530612244898,0.397959183673469,0.081543534943611,0.207635683310419,0.10381784165521,0.330964767040443,0.26929959516459,0.399735637794967,22,4,4,14,29,6,10,13,25,15,2,8,27,11,6,10,24,6,10,8,23,7,8,8,21,3,6,12,25,14,6,5
117,4,0.434782608695652,0.260869565217391,0.304347826086957,0.0402227651966397,0.107674844551609,0.0538374222758043,0.445796753441522,0.303692842747326,0.250510403811152,0.0915675575850322,0.258566130539377,0.129283065269688,0.505854007502307,0.319081231680425,0.175064760817268,0.0369516663213539,0.104374086917372,0.052187043458686,0.458526058688231,0.289313158683498,0.252160782628271,0.0331911140321008,0.0857375050792361,0.042868752539618,0.429906542056075,0.303738317757009,0.266355140186916,0.0353161490976739,0.0997312689335407,0.0498656344667704,0.457284488855904,0.288233319523909,0.254482191620186,26,7,1,18,18,4,11,3,27,14,10,3,31,11,9,11,32,20,7,5,30,15,11,4,21,6,15,0,29,15,1,13
117,5,0.434782608695652,0.260869565217391,0.304347826086957,0.00779782264182803,0.0197130515461332,0.00985652577306662,0.435427679817419,0.251013039444325,0.313559280738256,0.0119014173672242,0.0324802139523462,0.0162401069761731,0.446731473627926,0.244629458241218,0.308639068130856,0.0134253775264603,0.0379653949832272,0.0189826974916136,0.443951405820174,0.241886867725778,0.314161726454049,0.016458934411406,0.0455291222313372,0.0227645611156686,0.457547169811321,0.245283018867925,0.297169811320755,0.0139532269201961,0.0392793391101171,0.0196396695550586,0.446261161971242,0.241229895662333,0.312508942366426,35,12,10,13,21,5,10,6,20,2,10,8,22,8,6,8,32,21,1,10,28,17,6,5,25,16,4,5,29,16,5,8
118,1,0.391304347826087,0.304347826086957,0.304347826086957,0.0639988673051366,0.176420125848276,0.0882100629241378,0.479514410750225,0.242692264043152,0.277793325206624,0.0874120646786834,0.240901654832525,0.120450827416263,0.511755175242349,0.220039177377298,0.268205647380353,0.0686697467036739,0.184960723025135,0.0924803615125673,0.483784709338654,0.232439801256837,0.283775489404509,0.0712228306139283,0.176877470355731,0.0884387351778656,0.477272727272727,0.215909090909091,0.306818181818182,0.0637060287782509,0.173158145358706,0.0865790726793532,0.47788342050544,0.239477388827011,0.282639190667549,29,13,6,10,18,7,10,1,23,14,5,4,20,12,6,2,18,3,1,14,26,6,5,15,21,18,2,1,21,11,3,7
118,2,0.391304347826087,0.304347826086957,0.304347826086957,0.0160643913147744,0.0426604495960884,0.0213302247980443,0.369974123028043,0.308240705839356,0.321785171132601,0.0562860699839042,0.150925931780963,0.0754629658904813,0.315841381935606,0.320143309041121,0.364015309023273,0.00850559706282594,0.0231585274158365,0.0115792637079182,0.394272940672943,0.292768562379038,0.312958496948018,0.0103493889626959,0.029272492466638,0.014636246233319,0.405940594059406,0.297029702970297,0.297029702970297,0.010850666263592,0.030689717988629,0.0153448589943145,0.383548765582525,0.296758549336204,0.319692685081271,29,9,9,11,27,8,11,8,26,5,9,12,17,0,13,4,31,17,2,12,27,23,2,2,17,7,3,7,28,13,11,4
118,3,0.391304347826087,0.304347826086957,0.304347826086957,0.0557983103479117,0.157819694089883,0.0789098470449418,0.430436492739102,0.344125528218883,0.225437979042015,0.0524425749939077,0.148146524488474,0.0740732622442372,0.425147333169506,0.344578102987774,0.230274563842719,0.0554042290899649,0.154848327107167,0.0774241635535836,0.419596877064457,0.35347946040217,0.226923662533373,0.0584158574455354,0.163151097718467,0.0815755488592338,0.420792079207921,0.356435643564356,0.222772277227723,0.0577212716801237,0.161650170089053,0.0808250850445264,0.421812496009735,0.354664762947835,0.22352274104243,23,4,8,11,20,13,2,5,18,12,4,2,34,12,13,9,30,10,18,2,26,11,12,3,17,8,4,5,34,15,11,8
118,4,0.391304347826087,0.304347826086957,0.304347826086957,0.0280393240648289,0.075854982240399,0.0379274911201995,0.429231838946286,0.295405787168648,0.275362373885065,0.0880577717923504,0.244715636799926,0.122357818399963,0.51366216622605,0.263235804210417,0.223102029563533,0.0358457681295592,0.0911401622834789,0.0455700811417395,0.433322287755833,0.30789996729895,0.258777744945217,0.0351563572218813,0.0935441370223979,0.046772068511199,0.429292929292929,0.313131313131313,0.257575757575758,0.0358477956862662,0.0911437913437667,0.0455718956718834,0.43332563883546,0.307898430749467,0.258775930415073,18,5,2,11,21,10,10,1,27,5,15,7,33,19,8,6,14,5,1,8,30,17,8,5,33,11,15,7,22,13,3,6
118,5,0.391304347826087,0.304347826086957,0.304347826086957,0.166554980231852,0.443055821966457,0.221527910983228,0.612832258809315,0.262901117017887,0.124266624172797,0.143352100364849,0.359128861019308,0.179564430509654,0.562586247070045,0.312630357352653,0.124783395577302,0.158518762280074,0.423911889081065,0.211955944540532,0.603260292366619,0.261602006813866,0.135137700819515,0.171153934248608,0.454504706409682,0.227252353204841,0.618556701030928,0.262886597938144,0.118556701030928,0.168039418788127,0.448807234561164,0.224403617280582,0.615707965106669,0.259881767339318,0.124410267554014,24,12,10,2,19,16,2,1,26,14,11,1,21,10,8,3,16,10,4,2,37,30,4,3,28,11,9,8,23,17,3,3
119,1,0.347826086956522,0.347826086956522,0.304347826086957,0.0315773269660167,0.0892423377311177,0.0446211688655589,0.327066255334974,0.392447255822081,0.280486488842945,0.0765020173686068,0.196571631563772,0.0982858157818859,0.43613226596042,0.357805723734509,0.206062010305071,0.0285563801186299,0.0731085583772005,0.0365542791886003,0.344416320128481,0.384380366145122,0.271203313726397,0.0238675820260479,0.0666395774075579,0.033319788703779,0.35981308411215,0.369158878504673,0.271028037383178,0.02845342758713,0.0744984610833607,0.0372492305416804,0.342383559161633,0.385075317498202,0.272541123340165,25,9,6,10,28,12,11,5,19,7,10,2,23,1,7,15,36,18,9,9,22,1,13,8,36,17,15,4,25,12,8,5
119,2,0.347826086956522,0.347826086956522,0.304347826086957,0.0150827829523978,0.0425205427222846,0.0212602713611423,0.338691330365565,0.369086358317664,0.292222311316771,0.040823357047571,0.103182707029598,0.0515913535147992,0.344470751168757,0.399417440471321,0.256111808359922,0.00974271296643991,0.0258728792388038,0.0129364396194019,0.337250911899946,0.360762526575924,0.30198656152413,0.0123589588996956,0.0335144927536232,0.0167572463768116,0.34375,0.364583333333333,0.291666666666667,0.00985782796409922,0.0276422265253815,0.0138211132626907,0.339335093869772,0.361647200219212,0.299017705911015,23,1,14,8,18,8,7,3,29,12,4,13,23,13,6,4,19,7,9,3,19,5,8,6,32,13,7,12,29,7,15,7
119,3,0.347826086956522,0.347826086956522,0.304347826086957,0.0289636919947452,0.0802855482058926,0.0401427741029463,0.374951653367748,0.307683312853575,0.317365033778676,0.00791326793373904,0.0222896579453236,0.0111448289726618,0.34313361818687,0.358970915929184,0.297895465883946,0.0276365113062351,0.0714121558062474,0.0357060779031237,0.379444013715528,0.312120009053398,0.308435977231074,0.0255364868266249,0.0639632107023412,0.0319816053511706,0.379807692307692,0.317307692307692,0.302884615384615,0.0277472468745954,0.0711898789986463,0.0355949394993232,0.379927918810425,0.312231147457199,0.307840933732377,21,6,9,6,20,3,6,11,34,11,19,4,29,10,13,6,18,10,2,6,29,17,5,7,32,17,4,11,25,5,8,12
119,4,0.347826086956522,0.347826086956522,0.304347826086957,0.0820372409567694,0.231773969968238,0.115886984984119,0.463713071940641,0.294659454224438,0.241627473834921,0.0500088874159173,0.132313060995323,0.0661565304976617,0.40255656537747,0.28166955645886,0.31577387816367,0.0934430178400488,0.264284081587875,0.132142040793938,0.479968127750459,0.282876300564358,0.237155571685183,0.0962898520883625,0.272089761570828,0.136044880785414,0.483870967741935,0.28494623655914,0.231182795698925,0.0907912756145613,0.256794127807654,0.128397063903827,0.476223150860349,0.284106175142392,0.23967067399726,16,2,10,4,21,14,1,6,29,10,7,12,19,9,5,5,25,16,5,4,22,8,13,1,24,7,8,9,30,24,4,2
119,5,0.347826086956522,0.347826086956522,0.304347826086957,0.0398619733465389,0.100898338306959,0.0504491691534794,0.300815580838268,0.398275256110001,0.300909163051731,0.0278874576664776,0.072941236475985,0.0364706182379925,0.311355468718529,0.379060855550947,0.309583675730523,0.0374914387782674,0.0944375922992181,0.0472187961496091,0.303331264774625,0.395044883106131,0.301623852119244,0.0397076199904966,0.100464330941326,0.0502321654706627,0.300970873786408,0.398058252427184,0.300970873786408,0.0397332242928449,0.100676125311891,0.0503380626559455,0.301031763605252,0.398164149612467,0.30080408678228,20,4,7,9,19,7,8,4,27,12,10,5,25,4,10,11,32,11,11,10,24,5,15,4,30,9,13,8,29,10,8,11
120,1,0.304347826086957,0.391304347826087,0.304347826086957,0.0498669206139454,0.131134157950797,0.0655670789753985,0.369914905062355,0.336031182435503,0.294053912502142,0.141378949702365,0.397262389964164,0.198631194982082,0.502979021069038,0.272208775274179,0.224812203656782,0.0492524985111876,0.139195560484831,0.0695977802424156,0.373945606329372,0.354092025835502,0.271962367835126,0.050677577441864,0.140072820732491,0.0700364103662454,0.374384236453202,0.369458128078818,0.25615763546798,0.0486096300130972,0.135522086707333,0.0677610433536662,0.372108869440623,0.347390135515583,0.280500995043794,30,18,8,4,22,6,14,2,26,12,3,11,22,11,5,6,24,2,16,6,34,5,20,9,33,18,9,6,12,4,0,8
120,2,0.304347826086957,0.391304347826087,0.304347826086957,0.105955840184188,0.281751181620068,0.140875590810034,0.44522341689699,0.365087712957049,0.189688870145961,0.148614838870066,0.384736998938642,0.192368499469321,0.496716325556278,0.368436711539574,0.134846962904149,0.102535374621526,0.271576645984516,0.135788322992258,0.440136149079215,0.367471542157686,0.1923923087631,0.104583142551559,0.280193236714976,0.140096618357488,0.444444444444444,0.36231884057971,0.193236714975845,0.103902546602498,0.274860766511525,0.137430383255762,0.441778209342719,0.367625542646909,0.190596248010372,22,9,10,3,20,12,7,1,31,16,12,3,36,12,18,6,22,14,5,3,27,18,6,3,22,4,12,6,27,7,5,15
120,3,0.304347826086957,0.391304347826087,0.304347826086957,0.0338040774630914,0.0952933954829376,0.0476466977414688,0.324792177259282,0.343657650084618,0.3315501726561,0.0520543384495087,0.135946598412485,0.0679732992062424,0.372321125293199,0.332839050928068,0.294839823778733,0.0345615773477491,0.0977095306280743,0.0488547653140372,0.32748568451798,0.34244958251205,0.330064732969971,0.0264489040300516,0.0740885162799765,0.0370442581399883,0.327354260089686,0.354260089686099,0.318385650224215,0.0365006981663496,0.103067087465794,0.0515335437328971,0.327531604981364,0.33977080409319,0.332697590925447,31,5,11,15,29,11,8,10,27,11,11,5,22,2,12,8,29,3,22,4,31,15,2,14,26,12,3,11,28,14,10,4
120,4,0.304347826086957,0.391304347826087,0.304347826086957,0.0340216537282983,0.0961463859297719,0.0480731929648859,0.256274633122071,0.413627622320992,0.330097744556937,0.088057243789756,0.248904036877451,0.124452018438725,0.179895807648231,0.457388932646387,0.362715259705382,0.0326254401611473,0.0917919979833954,0.0458959989916977,0.258451827095259,0.410153935925009,0.331394236979733,0.0199237311165592,0.0548557496952459,0.0274278748476229,0.285046728971963,0.383177570093458,0.331775700934579,0.0272147479107981,0.0768773849173194,0.0384386924586597,0.265909133628297,0.412201176491648,0.321889689880056,32,7,18,7,30,26,4,0,30,5,13,12,24,1,9,14,23,1,13,9,26,13,7,6,23,4,11,8,26,4,7,15
120,5,0.304347826086957,0.391304347826087,0.304347826086957,0.0529044301131657,0.141019445799013,0.0705097228995067,0.290763274299835,0.334379176713702,0.374857548986463,0.0572264961481546,0.159124584771639,0.0795622923858194,0.331295850491807,0.311742055440268,0.356962094067926,0.0503182878414177,0.128454127519734,0.0642270637598671,0.29876839203467,0.332656718118507,0.368574889846824,0.0519208840242305,0.131304347826087,0.0656521739130435,0.3,0.33,0.37,0.0511168958400113,0.130425008022134,0.0652125040110669,0.298758282817551,0.331681387084425,0.369560330098023,29,9,12,8,20,4,6,10,26,9,6,11,21,10,3,8,39,17,10,12,27,5,13,9,20,1,5,14,18,5,11,2
121,1,0.260869565217391,0.434782608695652,0.304347826086957,0.0327864384632594,0.0923386561672913,0.0461693280836457,0.234080757700194,0.415402088129204,0.350517154170602,0.0536770838270273,0.147589687788092,0.0737948438940459,0.23938592779107,0.382471402227928,0.378142669981002,0.0312388424384024,0.0883347064410959,0.044167353220548,0.237930553903325,0.41355426678917,0.348515179307505,0.030996208222341,0.0840417779936847,0.0420208889968424,0.229050279329609,0.424581005586592,0.346368715083799,0.0315189219841366,0.0888190387134709,0.0444095193567355,0.235346732688568,0.415895921867741,0.348757345443692,20,10,3,7,22,6,8,8,21,1,14,6,24,4,18,2,16,2,8,6,22,4,5,13,26,7,7,12,28,7,13,8
121,2,0.260869565217391,0.434782608695652,0.304347826086957,0.03383335042838,0.093713914504644,0.046856957252322,0.214012607965069,0.466599327280523,0.319388064754408,0.0650462330691573,0.182866630230413,0.0914333151152065,0.169436250102185,0.471753963513315,0.3588097863845,0.02959169291424,0.0811420173425474,0.0405710086712736,0.220298556546118,0.463956159826992,0.315745283626891,0.0232455713120738,0.0616452337211675,0.0308226168605838,0.230046948356808,0.460093896713615,0.309859154929577,0.0263548538050706,0.0735157482115672,0.0367578741057836,0.224111691111608,0.45850116156314,0.317387147325252,29,13,12,4,25,1,13,11,24,2,10,12,23,3,17,3,25,4,18,3,34,7,16,11,22,2,8,12,31,17,4,10
121,3,0.260869565217391,0.434782608695652,0.304347826086957,0.0294173467810646,0.0733418360902586,0.0366709180451293,0.224198647172262,0.436103272252162,0.339698080575576,0.0297253447094025,0.0755845411236513,0.0377922705618256,0.257917155707939,0.399942747643279,0.342140096648782,0.0318344727554584,0.0791244203805034,0.0395622101902517,0.222480017762041,0.433609945960751,0.343910036277208,0.0266248885085128,0.0652173913043478,0.0326086956521739,0.228260869565217,0.434782608695652,0.33695652173913,0.0313448452606126,0.0796058391231609,0.0398029195615805,0.224070038020521,0.431779216330942,0.344150745648537,21,7,7,7,21,1,8,12,26,2,13,11,23,1,20,2,21,7,11,3,25,4,11,10,29,13,4,12,18,7,6,5
121,4,0.260869565217391,0.434782608695652,0.304347826086957,0.0228151696335436,0.0644133279198674,0.0322066639599337,0.275285874512275,0.402575944735719,0.322138180752006,0.0709468581856859,0.198890085525495,0.0994450427627475,0.322133214449466,0.335337565932905,0.342529219617629,0.0228640662540088,0.0646095887108546,0.0323047943554273,0.278225492511771,0.402477814340225,0.319296693148005,0.0230840016915554,0.0650959436482875,0.0325479718241438,0.279329608938547,0.402234636871508,0.318435754189944,0.022040841059782,0.0622726352237001,0.03113631761185,0.277700778303367,0.403646291083802,0.318652930612831,19,1,10,8,29,12,13,4,21,6,13,2,21,7,8,6,18,6,3,9,18,6,6,6,26,2,13,11,27,10,6,11
121,5,0.260869565217391,0.434782608695652,0.304347826086957,0.0167371117940608,0.0454401805626518,0.0227200902813259,0.283589655498717,0.42917099725615,0.287239347245133,0.0321189755748009,0.0880926992052715,0.0440463496026357,0.292504306122825,0.390736259093016,0.316759434784159,0.0231935285142255,0.0634392013480267,0.0317196006740133,0.292589165891405,0.426155363040163,0.281255471068433,0.0147728202908572,0.0407608695652174,0.0203804347826087,0.28125,0.428571428571429,0.290178571428571,0.0177117048850586,0.048449445526476,0.0242247227632381,0.285094287980629,0.428186481553649,0.286719230465722,23,7,16,0,32,12,10,10,30,5,17,8,30,8,12,10,23,6,6,11,27,10,11,6,35,10,14,11,24,5,10,9
122,1,0.217391304347826,0.478260869565217,0.304347826086957,0.0365073054537219,0.0894253821922255,0.0447126910961128,0.217390192380404,0.433549290436526,0.349060517183069,0.05372871707589,0.137815591595986,0.0689077957979929,0.224115266858724,0.409353073767224,0.366531659374052,0.0354462785741195,0.0890195281278744,0.0445097640639373,0.219675741358198,0.43375110550128,0.346573153140522,0.0360260345820968,0.0898550724637681,0.0449275362318841,0.219047619047619,0.433333333333333,0.347619047619048,0.0348951642971371,0.0859698432736269,0.0429849216368134,0.216892440669834,0.435774811606396,0.34733274772377,33,3,12,18,22,8,8,6,34,3,19,12,27,5,19,3,24,6,11,7,20,4,7,9,33,15,9,9,17,2,6,9
122,2,0.217391304347826,0.478260869565217,0.304347826086957,0.0310197609354968,0.0871848370127778,0.0435924185063889,0.173798885841437,0.504313149696104,0.321887964462459,0.0264735457155741,0.0726941844259074,0.0363470922129537,0.181044212134872,0.488660124715011,0.330295663150117,0.0210786387171058,0.0595502707249588,0.0297751353624794,0.187616168985347,0.491905657757196,0.320478173257458,0.0316453392647806,0.0889882161722876,0.0444941080861438,0.172897196261682,0.504672897196262,0.322429906542056,0.0311045997159873,0.0874518190049761,0.0437259095024881,0.173665394845338,0.504280483296082,0.32205412185858,28,7,9,12,30,5,13,12,26,3,15,8,25,5,11,9,29,4,21,4,26,2,12,12,27,7,13,7,23,4,14,5
122,3,0.217391304347826,0.478260869565217,0.304347826086957,0.0642749097735303,0.164087639268264,0.0820438196341318,0.292302811159763,0.396217049931086,0.311480138909152,0.0683649223242433,0.177793352853124,0.0888966764265619,0.306287980774388,0.400893242221806,0.292818777003806,0.0613226423021225,0.153189632305477,0.0765948161527384,0.290911223582079,0.401666053412479,0.307422723005442,0.0639128528059088,0.160501838632922,0.0802509193164612,0.293532338308458,0.398009950248756,0.308457711442786,0.0609668008497065,0.151838280327033,0.0759191401635164,0.290743519518584,0.402341729401701,0.306914751079715,26,13,10,3,25,10,10,5,33,4,16,13,27,11,10,6,27,6,12,9,17,6,4,7,16,2,4,10,30,7,14,9
122,4,0.217391304347826,0.478260869565217,0.304347826086957,0.0153162461351423,0.0412569492339009,0.0206284746169504,0.238019778964777,0.462225564197213,0.29975465683801,0.060552837749867,0.157574737508311,0.0787873687541554,0.227726734597373,0.399473500811062,0.372799764591564,0.0132052461111042,0.0344474628011084,0.0172237314005542,0.23461503574838,0.463397996365071,0.301986967886549,0.0127226164569933,0.0358868184955141,0.0179434092477571,0.227513227513228,0.46031746031746,0.312169312169312,0.0129465917893151,0.0336062991787281,0.016803149589364,0.23419445393719,0.463561518865755,0.302244027197055,25,5,15,5,28,9,10,9,24,5,8,11,18,10,4,4,28,3,11,14,21,4,8,9,21,1,13,7,24,6,18,0
122,5,0.217391304347826,0.478260869565217,0.304347826086957,0.0654508217283193,0.18214472966666,0.0910723648333301,0.157534389753058,0.569333234398548,0.273132375848395,0.141388731726896,0.39931890890295,0.199659454451475,0.126955025642993,0.677920324016692,0.195124650340314,0.065806274455249,0.182532080410833,0.0912660402054166,0.155991830444824,0.569526909770634,0.274481259784542,0.0759371741812704,0.200885668276973,0.100442834138486,0.134259259259259,0.578703703703704,0.287037037037037,0.0658742732960383,0.182707753885033,0.0913538769425167,0.155903556311579,0.569614746507734,0.274481697180687,27,3,18,6,28,5,20,3,31,4,10,17,20,4,15,1,23,1,17,5,24,3,10,11,37,3,28,6,26,6,7,13
123,1,0.173913043478261,0.521739130434783,0.304347826086957,0.0921618036937992,0.232490934270911,0.116245467135456,0.180987362594741,0.405493663299327,0.413518974105932,0.0589349867830107,0.163653458472184,0.0818267292360921,0.146721515018795,0.467103929658157,0.386174555323049,0.0845528003423471,0.208818759976437,0.104409379988218,0.172183843540773,0.419058950384052,0.408757206075175,0.0771054076057696,0.191304347826087,0.0956521739130435,0.171428571428571,0.428571428571429,0.4,0.0863148465554689,0.214800234073656,0.107400117036828,0.177370786671862,0.414339013397954,0.408290199930183,26,2,13,11,16,6,1,9,19,5,12,2,19,2,10,7,17,0,7,10,26,9,9,8,24,5,3,16,28,1,20,7
123,2,0.173913043478261,0.521739130434783,0.304347826086957,0.0492978515539037,0.122208012036202,0.0611040060181008,0.114289704274412,0.582843136452883,0.302867159272705,0.0518241783000342,0.131848976788802,0.0659244883944008,0.113218335323399,0.587663618829183,0.299118045847418,0.0342875266064588,0.086464096715775,0.0432320483578875,0.130680995120373,0.562373414714716,0.306945590164911,0.049305347801862,0.122236024844721,0.0611180124223603,0.114285714285714,0.582857142857143,0.302857142857143,0.049307041318121,0.122240435209029,0.0611202176045146,0.114283780314328,0.582859348039297,0.302856871646375,25,1,13,11,17,3,9,5,18,5,9,4,22,1,15,6,21,2,15,4,29,3,14,12,24,4,13,7,19,1,14,4
123,3,0.173913043478261,0.521739130434783,0.304347826086957,0.0105013917387244,0.0261107306007785,0.0130553653003893,0.161254543563601,0.534794495735172,0.303950960701227,0.0304266413344223,0.079531973168098,0.039765986584049,0.168266288719933,0.561505117018832,0.270228594261236,0.0316114510514977,0.0872127698673535,0.0436063849336767,0.143578253790863,0.565345515368459,0.291076230840678,0.0306573533230044,0.082837528604119,0.0414187643020595,0.142105263157895,0.563157894736842,0.294736842105263,0.0215310856047202,0.0598386120536467,0.0299193060268234,0.154053613313626,0.551658436461606,0.294287950224769,20,5,2,13,19,6,13,0,30,7,17,6,28,0,17,11,19,4,5,10,34,3,25,6,22,0,18,4,18,2,10,6
123,4,0.173913043478261,0.521739130434783,0.304347826086957,0.015245960403748,0.0427355248489112,0.0213677624244556,0.182102328595327,0.534917607742172,0.282980063662501,0.0346115617979706,0.0936415970302889,0.0468207985151444,0.184962215654944,0.474918331919638,0.340119452425418,0.0137703099804747,0.0370088022290233,0.0185044011145117,0.188420956164475,0.52573561886308,0.285843424972445,0.0127696213206926,0.0358313305658728,0.0179156652829364,0.180904522613065,0.532663316582915,0.28643216080402,0.0134748393021908,0.0375499865301767,0.0187749932650884,0.186125723689214,0.528301443488918,0.285572832821868,26,11,8,7,29,4,14,11,25,1,22,2,16,1,14,1,29,5,11,13,30,5,17,8,28,7,14,7,16,2,6,8
123,5,0.173913043478261,0.521739130434783,0.304347826086957,0.048337684724625,0.121854386729868,0.0609271933649339,0.112985850113327,0.525356768793699,0.361657381092974,0.0579934301120736,0.163830596561605,0.0819152982808024,0.12945256192375,0.603654428715585,0.266893009360665,0.041896057215771,0.110688695564737,0.0553443477823687,0.118568695695892,0.531089956347477,0.35034134795663,0.0485521220835936,0.125603864734299,0.0628019323671498,0.111111111111111,0.529100529100529,0.35978835978836,0.0425605814939575,0.113144722008127,0.0565723610040636,0.117340682474197,0.532226978894875,0.350432338630928,22,2,10,10,19,2,10,7,17,3,12,2,26,2,18,6,21,0,6,15,33,8,18,7,20,0,6,14,31,4,20,7
124,1,0.130434782608696,0.565217391304348,0.304347826086957,0.0621004055500743,0.164948970228751,0.0824744851143756,0.115334870310441,0.647691876418723,0.236973253270836,0.0311663501695127,0.0881312143883645,0.0440656071941823,0.107578103238778,0.60928299849853,0.283138898262692,0.071785605140853,0.196725590726486,0.0983627953632429,0.103009534044147,0.663580186667591,0.233410279288263,0.0555449086001846,0.152584085315833,0.0762920426579163,0.108490566037736,0.641509433962264,0.25,0.0661587165400348,0.176906947419769,0.0884534737098845,0.112617341519224,0.653670865014232,0.233711793466544,20,1,7,12,29,4,24,1,30,5,15,10,21,0,14,7,23,9,14,0,35,1,23,11,26,3,20,3,28,0,19,9
124,2,0.130434782608696,0.565217391304348,0.304347826086957,0.037156750275556,0.102515062376832,0.0512575311884159,0.0947842776988065,0.616474922492764,0.28874079980843,0.0585021677286431,0.156637051148674,0.0783185255743372,0.0681798090222929,0.643535916878685,0.288284274099022,0.0292563801283108,0.0749475020733376,0.0374737510366688,0.0965093536783456,0.602691142341017,0.300799503980638,0.0318837981034749,0.0798216276477146,0.0399108138238573,0.0923076923076923,0.605128205128205,0.302564102564103,0.0279415036465409,0.0715706590717996,0.0357853295358999,0.098028362932047,0.601002720840248,0.300968916227705,37,2,25,10,19,1,15,3,19,0,15,4,22,1,13,8,33,2,11,20,17,1,10,6,21,1,19,1,27,10,10,7
124,3,0.130434782608696,0.565217391304348,0.304347826086957,0.0419053105342813,0.112791240353043,0.0563956201765214,0.0864656981540125,0.621613011480869,0.291921290365118,0.0852224086118586,0.240682009456795,0.120341004728397,0.064535377196813,0.685558396032745,0.249906226770442,0.0440589456023456,0.113243982745447,0.0566219913727235,0.0796016067186748,0.621839382677071,0.298559010604254,0.0491733479910664,0.12474391076713,0.0623719553835648,0.0680628272251309,0.62303664921466,0.308900523560209,0.0338579959836283,0.0849641183604565,0.0424820591802283,0.0900625788806261,0.607699450484576,0.302237970634798,23,2,17,4,14,1,12,1,26,0,4,22,22,1,16,5,23,0,21,2,34,7,17,10,31,1,22,8,18,1,10,7
124,4,0.130434782608696,0.565217391304348,0.304347826086957,0.0348340730395934,0.0925858915431716,0.0462929457715858,0.0841418368371098,0.602952947287901,0.312905215874989,0.0174327599345029,0.0457698767516873,0.0228849383758437,0.111051194163931,0.561716041373268,0.3272327644628,0.0413692855976536,0.10153601221202,0.0507680061060101,0.0798697578666201,0.615985397410358,0.304144844723022,0.0392888929847,0.0997321244590975,0.0498660622295487,0.0805687203791469,0.611374407582938,0.308056872037915,0.035698071589678,0.0901710111316285,0.0450855055658142,0.0853492770428814,0.607432494321502,0.307218228635617,27,2,19,6,29,6,18,5,22,0,20,2,26,0,12,14,26,3,7,16,20,1,10,9,33,0,29,4,28,5,14,9
124,5,0.130434782608696,0.565217391304348,0.304347826086957,0.0232239044101006,0.0613589767524747,0.0306794883762374,0.125248921855178,0.539723763681628,0.335027314463194,0.024729714323309,0.0608753938621874,0.0304376969310937,0.0999970856776019,0.595352610304206,0.304650304018192,0.0213372195073466,0.0530273517898034,0.0265136758949017,0.131214275190961,0.538703715409446,0.330082009399593,0.0221092103672117,0.056543156992932,0.028271578496466,0.133004926108374,0.536945812807882,0.330049261083744,0.020458531032414,0.0508290800318788,0.0254145400159394,0.12970261614266,0.540535017754444,0.329762366102896,23,1,13,9,21,1,14,6,26,2,6,18,33,4,20,9,28,2,18,8,28,7,16,5,17,0,9,8,27,10,13,4
125,1,0.0869565217391304,0.608695652173913,0.304347826086957,0.0413715581267358,0.105504085984147,0.0527520429920734,0.0824968229928766,0.661447695165986,0.256055481841137,0.00267662358489594,0.00705209763179471,0.00352604881589735,0.0899118990871784,0.605169603358016,0.304918497554806,0.0344169737089163,0.085950202042634,0.042975101021317,0.0886539828594892,0.649973292074871,0.26137272506564,0.0401855209718916,0.101192766448634,0.050596383224317,0.084070796460177,0.65929203539823,0.256637168141593,0.0403961542609292,0.102905677530154,0.0514528387650769,0.0827295896963038,0.66014849093899,0.257121919364706,25,1,16,8,28,0,23,5,29,6,21,2,30,0,23,7,34,3,17,14,29,3,18,8,28,4,16,8,23,2,15,6
125,2,0.0869565217391304,0.608695652173913,0.304347826086957,0.0320311340618287,0.0847776987616089,0.0423888493808044,0.0519281023234555,0.601335222208784,0.346736675467761,0.032227594381666,0.0864104238017867,0.0432052119008933,0.052787730691648,0.651900864074806,0.295311405233546,0.0323381941113758,0.0903958064001202,0.0451979032000601,0.0583160175806907,0.592138253132293,0.349545729287017,0.0327043444632717,0.0831962397179788,0.0415981198589894,0.0486486486486487,0.605405405405405,0.345945945945946,0.0329117175842493,0.0843535012539299,0.0421767506269649,0.0488207709258478,0.604654652360231,0.346524576713921,32,0,17,15,25,0,16,9,18,2,5,11,19,2,12,5,16,3,9,4,25,1,19,5,20,0,13,7,30,1,21,8
125,3,0.0869565217391304,0.608695652173913,0.304347826086957,0.0427755997472883,0.114549607107834,0.0572748035539172,0.098731967549907,0.551420848619996,0.349847183830097,0.0211903094771552,0.0566124029873735,0.0283062014936867,0.115262723232817,0.586021222812615,0.298716053954568,0.0391526094883181,0.105528017026039,0.0527640085130198,0.0988003074374542,0.555931643660893,0.345268048901653,0.0372863240240493,0.10181341490059,0.050906707450295,0.100502512562814,0.557788944723618,0.341708542713568,0.038571778846673,0.103665895038372,0.0518329475191862,0.0981528613722986,0.556862704654727,0.344984433972975,23,0,5,18,25,1,18,6,31,5,16,10,30,1,23,6,28,4,16,8,20,2,12,6,21,0,12,9,21,7,9,5
125,4,0.0869565217391304,0.608695652173913,0.304347826086957,0.0236195049025437,0.0588031481116632,0.0294015740558317,0.0575549476832987,0.609667560877599,0.332777491439102,0.0140594844577099,0.0391556955810638,0.0195778477905318,0.0741618430729368,0.628273499964445,0.297564656962618,0.0276328664244146,0.067797605160298,0.0338988025801491,0.0530577191589814,0.608807109766244,0.338135171074774,0.0222352922912362,0.0579710144927537,0.0289855072463768,0.0619047619047619,0.604761904761905,0.333333333333333,0.0274867366745747,0.0700835048618654,0.0350417524309327,0.0548638326833539,0.605746588798757,0.339389578517889,29,2,9,18,22,6,9,7,29,0,20,9,31,0,20,11,22,0,17,5,29,0,16,13,24,4,16,4,24,1,20,3
125,5,0.0869565217391304,0.608695652173913,0.304347826086957,0.05325289601474,0.132558764350717,0.0662793821753586,0.0847859931324522,0.674975034349272,0.240238972518276,0.060359844985436,0.151736162972037,0.0758680814860187,0.0910085320128495,0.680511723386213,0.228479744600938,0.0454856639991017,0.113684242524486,0.0568421212622432,0.0892979278103254,0.663196367364961,0.247505704824713,0.0529347407216639,0.131665299425759,0.0658326497128794,0.0849056603773585,0.674528301886792,0.240566037735849,0.0514263692961936,0.128649306990838,0.0643246534954192,0.0841840130072474,0.673020305669332,0.24279568132342,27,0,17,10,22,2,17,3,30,1,22,7,30,4,15,11,30,0,26,4,22,2,18,2,27,6,12,9,24,3,16,5
126,1,0.0434782608695652,0.652173913043478,0.304347826086957,0.0415399866717509,0.104876174929511,0.0524380874647556,0.0401948003282215,0.603019286120066,0.356785913551712,0.0425622401482901,0.115479873807882,0.0577399369039408,0.0293355187147552,0.608576718294347,0.362087762990897,0.0501617618374705,0.128233614541799,0.0641168072708996,0.0492482679202402,0.588057105772579,0.362694626307181,0.041540645273829,0.104872187022067,0.0524360935110334,0.0402010050251256,0.603015075376884,0.35678391959799,0.041541690515385,0.104883900281113,0.0524419501405564,0.0401908741666924,0.603019349605795,0.356789776227513,20,1,12,7,30,1,17,12,29,1,18,10,21,4,11,6,29,0,19,10,32,0,19,13,22,0,14,8,16,1,10,5
126,2,0.0434782608695652,0.652173913043478,0.304347826086957,0.0966704096240741,0.241799572416086,0.120899786208043,0.0383020813775897,0.773073699251521,0.188624219370889,0.128429940797067,0.325345774897544,0.162672887448772,0.0321026869690793,0.81484680049225,0.153050512538671,0.0931080947133633,0.229439800699661,0.114719900349831,0.0420931648661672,0.766893813393309,0.191013021740524,0.100353902656283,0.248163589438158,0.124081794719079,0.0410958904109589,0.776255707762557,0.182648401826484,0.100291025900713,0.251042708739902,0.125521354369951,0.0379078539425293,0.777695267413429,0.184396878644042,23,0,13,10,21,0,16,5,31,0,23,8,21,0,17,4,34,1,30,3,34,2,28,4,30,1,25,4,25,5,18,2
126,3,0.0434782608695652,0.652173913043478,0.304347826086957,0.0530782111561791,0.139928966336342,0.0699644831681708,0.0320475175513643,0.722138396211649,0.245814086236987,0.0107537533038033,0.0303741984854809,0.0151870992427405,0.0282911616268247,0.659075488950062,0.312633349423113,0.0516190245777463,0.135664337774274,0.0678321688871371,0.032926319799704,0.720006081930615,0.247067598269681,0.0515964629294131,0.141979857528863,0.0709899287644313,0.0225988700564972,0.72316384180791,0.254237288135593,0.0517071204588109,0.135954170518005,0.0679770852590027,0.0328301631582884,0.720150998302481,0.247018838539231,25,2,10,13,27,0,23,4,20,0,13,7,24,1,15,8,27,1,20,6,19,0,19,0,14,0,9,5,21,0,19,2
126,4,0.0434782608695652,0.652173913043478,0.304347826086957,0.030660137907432,0.0819583637424994,0.0409791818712497,0.035260429165053,0.619412562876741,0.345327007958206,0.0779976794116875,0.192540275763803,0.0962701378819017,0.041974752105841,0.557407283925301,0.400617963968858,0.0314169374480902,0.0800819805761729,0.0400409902880864,0.0401333544853783,0.615477829139579,0.344388816375043,0.0280383059005082,0.0755148741418764,0.0377574370709382,0.0350877192982456,0.62280701754386,0.342105263157895,0.0287206680277871,0.0768202254541192,0.0384101127270596,0.035710537593974,0.62153152359201,0.342757938814016,28,0,22,6,23,0,12,11,35,2,20,13,33,0,27,6,30,4,13,13,23,1,11,11,30,0,17,13,26,1,20,5
126,5,0.0434782608695652,0.652173913043478,0.304347826086957,0.0297533424714949,0.0838563328379314,0.0419281664189657,0.0854064272885309,0.628141649934326,0.286451922777143,0.119466533712584,0.330451858895461,0.165225929447731,0.0955351591818309,0.486947983595748,0.417516857222421,0.0249917536573449,0.0690346172723852,0.0345173086361926,0.0779955695057578,0.641495393958756,0.280509036535487,0.0146240594486424,0.0408973595394085,0.0204486797697042,0.0639269406392694,0.639269406392694,0.296803652968037,0.0300838942433339,0.0849293529939868,0.0424646764969933,0.0859429373665585,0.633205305514486,0.280851757118956,25,0,16,9,25,2,10,13,29,4,11,14,32,0,30,2,36,3,28,5,21,1,19,1,25,3,15,7,26,1,11,14
127,1,0.608695652173913,0.0434782608695652,0.347826086956522,0.0166659342063095,0.0470607094919661,0.023530354745983,0.595759215393403,0.0670086156155482,0.337232168991049,0.101215133750664,0.263951145296831,0.131975572648415,0.476720079525498,0.0614703065667215,0.461809613907781,0.0129069950127626,0.0365064800693426,0.0182532400346713,0.599554834737045,0.0617315009042365,0.338713664358718,0.00876787094006687,0.0247307538891106,0.0123653769445553,0.596330275229358,0.0504587155963303,0.353211009174312,0.0180354737217131,0.0507432250600374,0.0253716125300187,0.593745242903993,0.068849873399584,0.337404883696423,24,18,0,6,31,21,4,6,23,13,1,9,28,27,0,1,29,11,2,16,25,10,0,15,31,11,2,18,27,19,2,6
127,2,0.608695652173913,0.0434782608695652,0.347826086956522,0.0651573249121359,0.175233655416403,0.0876168277082016,0.677216089646527,0.062574651105153,0.26020925924832,0.0820754037722853,0.217543079883741,0.108771539941871,0.698168769302777,0.0627766836825713,0.239054547014651,0.064191028685539,0.172213784274629,0.0861068921373145,0.676647583947553,0.0616332212332403,0.261719194819207,0.0522681352345907,0.128985507246377,0.0644927536231884,0.672222222222222,0.0444444444444444,0.283333333333333,0.0641169923801211,0.172602814604408,0.086301407302204,0.675940616366752,0.0625347039789308,0.261524679654318,25,23,2,0,17,11,1,5,23,13,0,10,23,18,2,3,22,18,2,2,23,14,0,9,27,12,0,15,20,12,1,7
127,3,0.608695652173913,0.0434782608695652,0.347826086956522,0.0155208621774418,0.0405882538507085,0.0202941269253543,0.605791312877592,0.0260884732405318,0.368120213881876,0.0516805965005976,0.136932448020512,0.0684662240102561,0.55231286275986,0.0313948262733623,0.416292310966778,0.014800439191055,0.0366269622103132,0.0183134811051566,0.590382171068756,0.0438576551414913,0.365760173789752,0.0160654196044659,0.0417215634606939,0.0208607817303469,0.606060606060606,0.0252525252525253,0.368686868686869,0.0153677466942479,0.0404834037066689,0.0202417018533345,0.605427288915851,0.0265049222742925,0.368067788809856,18,7,1,10,22,19,0,3,30,21,0,9,20,11,1,8,21,14,0,7,26,18,1,7,27,13,1,13,34,17,1,16
127,4,0.608695652173913,0.0434782608695652,0.347826086956522,0.069858375713497,0.189588679158285,0.0947943395791426,0.703489991753056,0.0201811714493164,0.276328836797628,0.0732360200941263,0.197536899594556,0.0987684497972779,0.707464101971191,0.0210915720126257,0.271444326016183,0.0644693668437916,0.174251169337331,0.0871255846686656,0.695821236842579,0.0231812860357299,0.280997477121691,0.0732627662964528,0.196973336536152,0.0984866682680758,0.707182320441989,0.0220994475138122,0.270718232044199,0.0730621380295694,0.197840377722323,0.0989201888611616,0.707615841035075,0.0198679478100495,0.272516211154876,22,18,0,4,17,13,0,4,28,20,0,8,20,10,0,10,19,12,0,7,20,11,2,7,24,19,2,3,31,25,0,6
127,5,0.608695652173913,0.0434782608695652,0.347826086956522,0.0529239614720622,0.148161252212503,0.0740806261062515,0.534615026067662,0.089763257455609,0.375621716476729,0.0955820450851312,0.262005247309163,0.131002623654582,0.477693028519332,0.0801243225559175,0.442182648924751,0.0401750170498376,0.113623127643269,0.0568115638216344,0.551884088352279,0.0712654520130867,0.376850459634635,0.0456138375654657,0.127343910982897,0.0636719554914487,0.545023696682464,0.0663507109004739,0.388625592417062,0.0474191624429669,0.130542206411689,0.0652711032058447,0.543424548968068,0.0894415191359649,0.367133931895967,28,27,1,0,28,19,0,9,27,12,6,9,22,3,0,19,25,10,2,13,28,16,2,10,28,11,3,14,25,17,0,8
128,1,0.565217391304348,0.0869565217391304,0.347826086956522,0.111198828875168,0.291512381837426,0.145756190918713,0.441210840739598,0.0652068813851672,0.493582277875235,0.0391607686833729,0.0990312290400533,0.0495156145200267,0.518976994702334,0.0836813038211179,0.397341701476548,0.103365590934427,0.266482137044316,0.133241068522158,0.446522090330973,0.0724107541903478,0.48106715547868,0.106401522174314,0.281620553359684,0.140810276679842,0.448863636363636,0.0625,0.488636363636364,0.104294658559517,0.273152476772109,0.136576238386055,0.448697933364548,0.0668997412928756,0.484402325342576,20,12,1,7,31,20,3,8,18,8,1,9,20,3,0,17,20,7,0,13,22,8,0,14,23,11,2,10,22,10,4,8
128,2,0.565217391304348,0.0869565217391304,0.347826086956522,0.0802280850509791,0.219043393721931,0.109521696860966,0.455695694443382,0.116054812153278,0.42824949340334,0.0648424123866181,0.161744836264152,0.080872418132076,0.484344973172272,0.164829967018294,0.350825059809434,0.0888342529616725,0.234743611821968,0.117371805910984,0.447845585393364,0.106845760768669,0.445308653837967,0.0937685605929593,0.246939636977628,0.123469818488814,0.441747572815534,0.106796116504854,0.451456310679612,0.0886761832567675,0.236450059324098,0.118225029662049,0.446992361642299,0.109842941189374,0.443164697168327,19,13,4,2,28,14,5,9,33,13,1,19,26,17,0,9,26,11,6,9,32,8,0,24,22,4,3,15,20,11,3,6
128,3,0.565217391304348,0.0869565217391304,0.347826086956522,0.010382024891983,0.0293394139369028,0.0146697069684514,0.558411153352866,0.0790930527221607,0.362495793924973,0.0208040517924261,0.0588402916198529,0.0294201458099265,0.550739959463949,0.0720138077696025,0.377246232766448,0.00892247853447782,0.0243323190222876,0.0121661595111437,0.553051231793204,0.0901405746132505,0.356808193593545,0.014485756842645,0.0406662340471555,0.0203331170235778,0.557213930348259,0.0746268656716418,0.368159203980099,0.0105376954758935,0.0296943680397774,0.0148471840198888,0.558905277554951,0.078421451468639,0.362673270976411,29,16,2,11,22,9,1,12,20,13,1,6,24,19,4,1,31,18,2,11,28,16,1,11,22,10,4,8,25,11,0,14
128,4,0.565217391304348,0.0869565217391304,0.347826086956522,0.0423114806105675,0.109609652634777,0.0548048263173887,0.510412564986959,0.0935571237644574,0.396030311248584,0.0256892116651664,0.0721335462998783,0.0360667731499391,0.529150618154409,0.108770688640924,0.362078693204667,0.0390007422329286,0.0962541186023599,0.0481270593011799,0.517090332003168,0.0876871033474231,0.395222564649409,0.046677112000142,0.121000820344545,0.0605004101722723,0.504716981132076,0.0943396226415094,0.400943396226415,0.0416885104849644,0.111200966383863,0.0556004831919313,0.509616908112416,0.097776258003973,0.392606833883611,24,14,1,9,26,11,3,12,28,26,0,2,20,13,2,5,27,8,0,19,24,12,4,8,37,18,10,9,26,5,0,21
128,5,0.565217391304348,0.0869565217391304,0.347826086956522,0.115717874016733,0.323576854239531,0.161788427119765,0.727005818424113,0.0273770492757976,0.245617132300089,0.127383061536586,0.352474911395995,0.176237455697998,0.741454847002346,0.0311632630510368,0.227381889946618,0.105149462954365,0.292770914112925,0.146385457056462,0.71160284836081,0.03641523491259,0.2519819167266,0.114553199335407,0.321488294314381,0.160744147157191,0.725961538461538,0.0240384615384615,0.25,0.114568655162199,0.320647771786241,0.16032388589312,0.725541277197468,0.0270715072485641,0.247387215553968,28,24,1,3,25,22,0,3,26,21,1,4,29,21,0,8,19,15,1,3,27,16,2,9,23,14,0,9,31,18,0,13
129,1,0.521739130434783,0.130434782608696,0.347826086956522,0.0339367481540418,0.0923966008752334,0.0461983004376167,0.567937430872399,0.096073213004468,0.335989356123133,0.0310976695819341,0.0775457299342754,0.0387728649671377,0.56051199540192,0.0930734707981105,0.346414533799969,0.0239954306824977,0.0677596286631225,0.0338798143315613,0.555618944766344,0.111824643093201,0.332556412140455,0.0350314310484204,0.0937766410912191,0.0468883205456095,0.568627450980392,0.0931372549019608,0.338235294117647,0.0347141277311633,0.0939871608243579,0.0469935804121789,0.568732710846962,0.0946372385136636,0.336630050639375,24,10,4,10,18,8,2,8,26,18,2,6,22,10,1,11,21,13,2,6,27,19,5,3,28,18,2,8,38,20,1,17
129,2,0.521739130434783,0.130434782608696,0.347826086956522,0.00310473550214703,0.00852113262274712,0.0042605663113735,0.517478564123409,0.131645960309481,0.35087547556711,0.053889375036143,0.152405785160518,0.0762028925802588,0.484605405426981,0.206637675188954,0.308756919384065,0.00351804131711284,0.00907760960245504,0.00453880480122754,0.521234483058424,0.126400625183826,0.352364891757749,0.0109166352188249,0.0277902285970416,0.0138951142985208,0.520618556701031,0.144329896907216,0.335051546391753,0.00309627690988631,0.00866659732740332,0.00433329866370169,0.523360538469212,0.126101483944994,0.350537977585794,25,13,0,12,24,6,8,10,24,10,7,7,24,15,1,8,18,7,6,5,22,13,4,5,33,22,2,9,24,15,0,9
129,3,0.521739130434783,0.130434782608696,0.347826086956522,0.104033834555767,0.264814970073707,0.132407485036853,0.654146615471636,0.119780581296534,0.22607280323183,0.102911318468575,0.269266299586683,0.134633149793342,0.63692579448902,0.1498812683478,0.21319293716318,0.098411885999597,0.247397431719366,0.123698715859683,0.645437846294466,0.123824176746543,0.230737976958992,0.106449795551148,0.27284826974268,0.13642413487134,0.658163265306122,0.11734693877551,0.224489795918367,0.106496015663884,0.273532719605328,0.136766359802664,0.658505490237447,0.116671417318633,0.22482309244392,18,8,4,6,26,17,4,5,21,15,0,6,35,27,1,7,25,12,2,11,25,15,6,4,20,15,4,1,26,20,2,4
129,4,0.521739130434783,0.130434782608696,0.347826086956522,0.0741471058742843,0.185018705361685,0.0925093526808426,0.518241964712113,0.222944135289538,0.258813899998349,0.0747805438867208,0.202620041839194,0.101310020919597,0.497359666818842,0.231744803528293,0.270895529652865,0.0674840993623107,0.169185642738539,0.0845928213692693,0.517707539489741,0.215027603977965,0.267264856532295,0.076946788965129,0.206420154408777,0.103210077204388,0.5,0.233644859813084,0.266355140186916,0.0694022046696903,0.179491400348784,0.0897457001743919,0.511279664294483,0.220180482783088,0.26853985292243,31,14,1,16,31,20,1,10,24,14,5,5,25,14,4,7,21,19,2,0,26,9,12,5,29,9,9,11,27,8,16,3
129,5,0.521739130434783,0.130434782608696,0.347826086956522,0.057695833510733,0.158076645958484,0.079038322979242,0.600777453414025,0.0733679308944578,0.325854615691518,0.0608017304167671,0.165565654274695,0.0827828271373473,0.583268276767372,0.0476519554713483,0.36907976776128,0.0612107860339541,0.168479312235819,0.0842396561179094,0.605978786552692,0.0710551531837335,0.322966060263574,0.052769512292143,0.148011100832562,0.0740055504162812,0.595744680851064,0.0851063829787234,0.319148936170213,0.0591628919481188,0.163052897676739,0.0815264488383693,0.603265579273152,0.0733789132123833,0.323355507514465,30,13,13,4,36,25,0,11,29,24,2,3,25,13,1,11,25,16,1,8,33,21,1,11,26,13,0,13,31,15,2,14
130,1,0.478260869565217,0.173913043478261,0.347826086956522,0.0418341221995346,0.106319663618097,0.0531598318090487,0.531420701374266,0.124846133958901,0.343733164666833,0.0325032146830173,0.0880215317040138,0.0440107658520069,0.522271635417224,0.140419500824288,0.337308863758488,0.0399125377343383,0.10301757676732,0.0515087883836599,0.524006500387831,0.122404255094601,0.353589244517568,0.0322888587245195,0.087360970677452,0.043680485338726,0.511627906976744,0.130232558139535,0.358139534883721,0.034552768350529,0.0860570189064673,0.0430285094532337,0.51983132611827,0.130884534025027,0.349284139856703,28,6,5,17,22,15,2,5,33,20,2,11,19,18,1,0,30,15,0,15,29,12,6,11,20,9,0,11,34,15,12,7
130,2,0.478260869565217,0.173913043478261,0.347826086956522,0.0420205510080663,0.118383768144475,0.0591918840722374,0.41906898549298,0.208073052288252,0.372857962218768,0.03236677781638,0.0913499177009624,0.0456749588504812,0.45802359394497,0.148475360248027,0.393501045807003,0.0443221963291706,0.123978962613571,0.0619894813067856,0.416271388258432,0.212949163780015,0.370779447961553,0.0475016407460887,0.127253446447508,0.063626723223754,0.414634146341463,0.224390243902439,0.360975609756098,0.0429054588808933,0.119890969541433,0.0599454847707165,0.418315384794501,0.212023460247181,0.369661154958318,29,14,5,10,25,9,3,13,25,4,13,8,31,13,9,9,27,10,11,6,24,13,2,9,21,10,1,10,23,12,2,9
130,3,0.478260869565217,0.173913043478261,0.347826086956522,0.0431531855707844,0.114001737237608,0.057000868618804,0.468640897906032,0.230913912097065,0.300445189996904,0.0349381021701807,0.093897585631087,0.0469487928155435,0.441449883835083,0.220861836293804,0.337688279871113,0.0438679814185133,0.108725949712621,0.0543629748563105,0.479556068843434,0.226980819056355,0.293463112100211,0.0482579168028454,0.130222693531283,0.0651113467656416,0.463414634146341,0.239024390243902,0.297560975609756,0.0437431407103742,0.107766585669755,0.0538832928348774,0.478884525866301,0.227172680012054,0.293942794121644,25,10,7,8,26,13,11,2,22,8,0,14,36,25,3,8,25,9,14,2,21,8,4,9,28,12,5,11,22,10,5,7
130,4,0.478260869565217,0.173913043478261,0.347826086956522,0.025945606173194,0.0733439318386762,0.0366719659193381,0.514932835484555,0.15451080245888,0.330556362056564,0.0298191268798634,0.0736587156244476,0.0368293578122237,0.477635774526371,0.137708780704883,0.384655444768745,0.028076095617326,0.079248950109625,0.0396244750548125,0.51788534462003,0.151903887622205,0.330210767757765,0.0268816996888315,0.0757363253856942,0.0378681626928471,0.516129032258065,0.152073732718894,0.331797235023041,0.029105378426991,0.0819690608377077,0.0409845304188539,0.519245399984071,0.150121417750936,0.330633182264993,22,8,4,10,27,18,1,8,35,17,3,15,22,6,5,11,30,13,6,11,28,20,1,7,25,13,11,1,28,17,2,9
130,5,0.478260869565217,0.173913043478261,0.347826086956522,0.0232073199005092,0.0649560577743293,0.0324780288871646,0.498592899419256,0.141435014591096,0.359972085989648,0.00597930528426097,0.014771262271161,0.00738563113558047,0.485519842318333,0.16652741234268,0.347952745338987,0.0191375710722542,0.0541147085030656,0.0270573542515328,0.491246752532335,0.146855689226728,0.361897558240937,0.024296011118488,0.0678260869565217,0.0339130434782609,0.5,0.14,0.36,0.0242127683403213,0.0677986409134265,0.0338993204567132,0.49939553642235,0.140013723021548,0.360590740556103,28,12,6,10,27,14,4,9,32,22,0,10,23,14,4,5,17,8,1,8,31,10,4,17,20,7,5,8,22,13,4,5
131,1,0.434782608695652,0.217391304347826,0.347826086956522,0.0673340010244748,0.177893560804066,0.0889467804020332,0.360861735868266,0.202365396773179,0.436772867358555,0.103594866578912,0.2927884565297,0.14639422826485,0.366524322390556,0.139255362388072,0.494220315221372,0.0798065672372546,0.21530159341167,0.107650796705835,0.351595470991312,0.192927645346331,0.455476883662357,0.0812598980259576,0.225696140693698,0.112848070346849,0.359550561797753,0.179775280898876,0.460674157303371,0.0787331783277162,0.210148954404309,0.105074477202154,0.350341048523722,0.196758387317602,0.452900564158676,21,0,8,13,20,9,3,8,13,10,3,0,22,11,1,10,21,7,3,11,23,8,8,7,29,10,2,17,29,9,4,16
131,2,0.434782608695652,0.217391304347826,0.347826086956522,0.0192557418874667,0.0540382376324405,0.0270191188162203,0.424214274755155,0.200940519472103,0.374845205772742,0.0499948086590803,0.129728357207019,0.0648641786035096,0.491580659703362,0.152527125744317,0.355892214552321,0.0231896255137433,0.0629427016657851,0.0314713508328926,0.427034652275655,0.193667909934931,0.379297437789414,0.0312171692697283,0.0843478260869565,0.0421739130434783,0.425,0.185,0.39,0.0201899168485172,0.056414602810146,0.028207301405073,0.424514348991122,0.199452262647284,0.376033388361595,18,11,2,5,24,6,4,14,28,7,1,20,23,8,11,4,25,4,7,14,33,18,4,11,28,20,6,2,21,11,2,8
131,3,0.434782608695652,0.217391304347826,0.347826086956522,0.131239454031864,0.341488886470227,0.170744443235114,0.412421836594202,0.38813574758294,0.199442415822858,0.13989162759582,0.38147988409124,0.19073994204562,0.384890182554206,0.408131246393446,0.206978571052348,0.128243607474685,0.33992532133039,0.169962660665195,0.404611448695643,0.387353965013021,0.208034586291336,0.131202257327951,0.34072759538598,0.17036379769299,0.413265306122449,0.387755102040816,0.198979591836735,0.131793509252289,0.343076820909704,0.171538410454852,0.412142033466959,0.388929714802678,0.198928251730363,19,5,8,6,20,14,4,2,22,6,8,8,26,8,14,4,29,12,12,5,33,17,12,4,29,10,11,8,18,9,7,2
131,4,0.434782608695652,0.217391304347826,0.347826086956522,0.0138568687065469,0.0388402414318065,0.0194201207159033,0.42734485972933,0.236811425063729,0.335843715206941,0.0512210702721614,0.130827509499549,0.0654137547497743,0.440541803853123,0.151977549598052,0.407480646548825,0.00989042809928765,0.0267493044375894,0.0133746522187947,0.44501533471204,0.220533230550233,0.334451434737727,0.0186836483489313,0.0527950310559006,0.0263975155279503,0.448979591836735,0.229591836734694,0.321428571428571,0.00874581559881068,0.0232277584543253,0.0116138792271626,0.436905489039181,0.22688230323146,0.336212207729359,17,14,1,2,34,15,3,16,29,18,3,8,22,3,15,4,26,6,12,8,26,10,3,13,28,20,4,4,14,2,4,8
131,5,0.434782608695652,0.217391304347826,0.347826086956522,0.0381282114005539,0.107295583260382,0.053647791630191,0.488430400325843,0.185868834620286,0.325700765053871,0.0126867109791399,0.0331359532919161,0.016567976645958,0.437103748236666,0.23163814145277,0.331258110310564,0.0375957022908172,0.103229946450878,0.051614973225439,0.486397581921091,0.180535010092988,0.333067407985921,0.0372119110914873,0.0974677496416627,0.0487338748208314,0.483516483516484,0.175824175824176,0.340659340659341,0.0355210430722169,0.0989175373093953,0.0494587686546977,0.48424137735035,0.185046842622429,0.330711780027221,29,19,0,10,20,18,2,0,17,8,2,7,22,12,6,4,25,6,6,13,21,11,5,5,23,7,2,14,25,7,9,9
132,1,0.391304347826087,0.260869565217391,0.347826086956522,0.0734801644730616,0.193565182184379,0.0967825910921894,0.406926001894225,0.164086974125202,0.428987023980573,0.0362127860772173,0.102391341835624,0.0511956709178121,0.364565778976871,0.236412463148795,0.399021757874334,0.0771665890244951,0.213317413031461,0.10665870651573,0.424634602709114,0.154210858701661,0.421154538589225,0.0765411486949399,0.214046822742475,0.107023411371237,0.430769230769231,0.153846153846154,0.415384615384615,0.0736652074939803,0.202150903257117,0.101075451628559,0.419986662382306,0.159794113588833,0.420219224028861,20,4,0,16,30,22,3,5,21,8,6,7,23,6,5,12,19,6,7,6,27,3,5,19,27,19,0,8,28,16,4,8
132,2,0.391304347826087,0.260869565217391,0.347826086956522,0.0565046412484072,0.143498906636974,0.0717494533184872,0.457645017524903,0.266278348837063,0.276076633638035,0.104613247808615,0.256607803314868,0.128303901657434,0.519248767177425,0.261229047523487,0.219522185299088,0.0587054910357521,0.14452394960871,0.0722619748043548,0.463566322630442,0.260138539180366,0.276295138189192,0.0543744787748123,0.137177400604511,0.0685887003022553,0.459893048128342,0.25668449197861,0.283422459893048,0.0581282820100366,0.142495472511061,0.0712477362555307,0.462552084081618,0.260758593521827,0.276689322396555,26,13,8,5,16,8,2,6,16,2,8,6,18,9,3,6,25,15,7,3,33,10,2,21,28,19,6,3,25,10,12,3
132,3,0.391304347826087,0.260869565217391,0.347826086956522,0.0716211950936839,0.202302692944987,0.101151346472493,0.49245569429858,0.205744473328998,0.301799832372421,0.0930155191625378,0.249466658717672,0.124733329358836,0.516037677184923,0.234683387238815,0.249278935576262,0.0740967107902724,0.209111490278287,0.104555745139143,0.49586009296523,0.202545541499793,0.301594365534977,0.0770996165832488,0.217391304347826,0.108695652173913,0.5,0.199074074074074,0.300925925925926,0.0723320423042516,0.204109340710384,0.102054670355192,0.493359018181279,0.203799076072212,0.302841905746509,24,10,3,11,28,9,11,8,26,15,7,4,32,21,6,5,28,13,6,9,19,11,5,3,29,5,5,19,30,24,0,6
132,4,0.391304347826087,0.260869565217391,0.347826086956522,0.0224712091403335,0.0603624396626155,0.0301812198313078,0.361123127994779,0.284577212759957,0.354299659245264,0.0538081171437552,0.140280870600841,0.0701404353004206,0.330676162577987,0.25135731516507,0.417966522256942,0.0245773811572525,0.0690504251291943,0.0345252125645971,0.35677913526149,0.281607623966685,0.361613240771825,0.032975626272456,0.0929535232383808,0.0464767616191904,0.344827586206897,0.280788177339901,0.374384236453202,0.0235903964486024,0.0643879216368937,0.0321939608184468,0.35911038700764,0.284544267713006,0.356345345279354,21,3,8,10,28,5,5,18,28,11,5,12,25,14,6,5,24,9,15,0,25,8,5,12,22,12,1,9,30,8,12,10
132,5,0.391304347826087,0.260869565217391,0.347826086956522,0.050064297987933,0.140706893177964,0.070353446588982,0.320950901237105,0.289158232594189,0.389890866168706,0.0526198409281085,0.129016917519263,0.0645084587596314,0.326921228793937,0.325378023977023,0.34770074722904,0.0566475053140601,0.159088231662128,0.0795441158310641,0.311760231995023,0.292397836687946,0.395841931317031,0.0575872145094419,0.159493117762727,0.0797465588813633,0.311557788944724,0.28643216080402,0.402010050251256,0.0569304473304769,0.159534595075856,0.0797672975379282,0.311537050288159,0.291292905720023,0.397170043991818,27,10,4,13,28,10,11,7,26,8,8,10,28,6,13,9,15,6,4,5,20,12,6,2,25,8,2,15,30,2,9,19
133,1,0.347826086956522,0.304347826086957,0.347826086956522,0.0288153547340143,0.0782185705402713,0.0391092852701356,0.308716801686386,0.333818862064111,0.357464336249503,0.0712348651955149,0.199486626077013,0.0997433130385066,0.310204436854068,0.404091139125463,0.285704424020469,0.0229133453766927,0.0608227910662362,0.0304113955331181,0.317414691423404,0.329243330911636,0.353341977664961,0.0172682503374845,0.0485933503836317,0.0242966751918158,0.323529411764706,0.318627450980392,0.357843137254902,0.0229482834108725,0.0608801174432892,0.0304400587216446,0.317386028234877,0.329314018078564,0.353299953686559,27,15,7,5,23,7,9,7,15,2,5,8,27,8,13,6,30,18,5,7,34,5,6,23,29,9,14,6,19,2,6,11
133,2,0.347826086956522,0.304347826086957,0.347826086956522,0.0436779841479459,0.119470908001445,0.0597354540007227,0.391310204827373,0.320599162216827,0.288090632955799,0.040748238330804,0.11421914629636,0.0571095731481799,0.404935660104702,0.28246393763235,0.312600402262948,0.0434435849401098,0.117457806628395,0.0587289033141977,0.392817583929563,0.318085232428113,0.289097183642324,0.0418103986499598,0.111920116496775,0.0559600582483877,0.392344497607655,0.315789473684211,0.291866028708134,0.0439378263889786,0.11785045064848,0.05892522532424,0.394366821501556,0.316732316866162,0.288900861632282,26,16,5,5,33,15,6,12,22,9,7,6,28,12,7,9,23,7,14,2,24,5,6,13,25,6,9,10,28,12,12,4
133,3,0.347826086956522,0.304347826086957,0.347826086956522,0.116802773623958,0.304563553200242,0.152281776600121,0.327111070557656,0.172781065885702,0.500107863556642,0.041951614717301,0.116614211077666,0.0583071055388328,0.386472692388062,0.246040720548124,0.367486587063814,0.118700091957347,0.313282407296363,0.156641203648181,0.321776105329257,0.17375660406604,0.504467290604703,0.112493499483314,0.298822964208504,0.149411482104252,0.320441988950276,0.18232044198895,0.497237569060773,0.109425051303467,0.285662431799076,0.142831215899538,0.327987563091104,0.181355134052836,0.49065730285606,22,1,10,11,32,13,10,9,23,14,6,3,21,6,0,15,23,4,4,15,18,3,0,15,18,13,1,4,24,4,2,18
133,4,0.347826086956522,0.304347826086957,0.347826086956522,0.0163050528902694,0.0459120877383302,0.0229560438691651,0.357420717790071,0.317709239122572,0.324870043087357,0.0427453126965596,0.117349455324187,0.0586747276620936,0.364565836464835,0.346282804240737,0.289151359294428,0.00506505333761362,0.0133406038123013,0.00667030190615064,0.346752009272916,0.311018127993107,0.342229862733977,0.0026243853003547,0.00731812311665953,0.00365906155832973,0.346534653465347,0.301980198019802,0.351485148514851,0.00475140223690265,0.0124584316977893,0.00622921584889458,0.346893539355754,0.310577041935851,0.342529418708395,26,10,9,7,21,9,7,5,21,7,7,7,31,11,6,14,24,15,3,6,34,3,7,24,28,8,13,7,17,7,9,1
133,5,0.347826086956522,0.304347826086957,0.347826086956522,0.0185989909253497,0.0474128419071527,0.0237064209535764,0.34981076667434,0.28064140513338,0.36954782819228,0.0814706705556733,0.199919995975648,0.0999599979878243,0.248225483946816,0.303988431108838,0.447786084944346,0.0144684657770897,0.0357431293603649,0.0178715646801825,0.34813284068235,0.286476261406774,0.365390897910876,0.016252877457134,0.0440738534842168,0.0220369267421084,0.342465753424658,0.287671232876712,0.36986301369863,0.0143428111889989,0.0382975566885483,0.0191487783442741,0.35160672387763,0.285199047742682,0.363194228379688,29,17,4,8,30,17,8,5,30,6,9,15,30,6,10,14,24,6,0,18,25,15,8,2,29,5,19,5,22,3,5,14
134,1,0.304347826086957,0.347826086956522,0.347826086956522,0.0230387928994377,0.0636915772920735,0.0318457886460368,0.282461436435799,0.379671875602558,0.337866687961643,0.0199005831158014,0.049439647640451,0.0247198238202255,0.28033683932316,0.347117249900093,0.372545910776747,0.0227415593406124,0.0637943659150449,0.0318971829575225,0.284836220239062,0.379723269914044,0.335440509846894,0.0237586999793017,0.060472301920106,0.030236150960053,0.274111675126904,0.375634517766497,0.350253807106599,0.0231096987801232,0.0639557642658878,0.0319778821329439,0.282515208328478,0.379803969089466,0.337680822582056,27,12,7,8,23,10,11,2,11,2,4,5,24,5,6,13,23,6,7,10,31,9,13,9,27,6,18,3,31,4,8,19
134,2,0.304347826086957,0.347826086956522,0.347826086956522,0.0603759050218118,0.16937567601667,0.0846878380083351,0.271430063823993,0.432513924964857,0.29605601121115,0.144693990438204,0.397510466603935,0.198755233301967,0.247122246512575,0.546581320258489,0.206296433228936,0.0796829055325714,0.22403398897883,0.112016994489415,0.258978542174908,0.459843081445937,0.281178376379155,0.0863316902256539,0.233759590792839,0.116879795396419,0.276470588235294,0.464705882352941,0.258823529411765,0.0661012935446675,0.186832113611089,0.0934160568055445,0.260664985379999,0.441242143762066,0.298092870857935,24,4,15,5,26,1,15,10,20,10,2,8,27,4,20,3,18,8,9,1,18,0,10,8,15,6,7,2,22,14,1,7
134,3,0.304347826086957,0.347826086956522,0.347826086956522,0.0896855204857953,0.251610277732845,0.125805138866422,0.353284753633302,0.424694298276598,0.222020948090099,0.0519887067479929,0.131978154203108,0.0659890771015542,0.370336903188511,0.342908580326107,0.286754516485382,0.0861326709358318,0.242604535258622,0.121302267629311,0.355377348560432,0.418098832112357,0.226523819327211,0.0897360595463256,0.252353204840879,0.126176602420439,0.355670103092784,0.422680412371134,0.221649484536082,0.0874571087500079,0.24626683705842,0.12313341852921,0.355827923564205,0.419479408008484,0.224692668427312,28,13,13,2,27,14,5,8,27,9,8,10,19,10,8,1,21,3,15,3,24,3,17,4,23,7,8,8,25,10,8,7
134,4,0.304347826086957,0.347826086956522,0.347826086956522,0.028382102120148,0.0774761715185229,0.0387380857592615,0.294080217979868,0.319355609304349,0.386564172715783,0.0478603798136314,0.135174153065256,0.0675870765326281,0.273702977736638,0.310883858774212,0.41541316348915,0.0290670976166803,0.0777840407549448,0.0388920203774724,0.296430142273073,0.316851750392933,0.386718107333994,0.029111860038771,0.0789143000753958,0.0394571500376979,0.294797687861272,0.317919075144509,0.38728323699422,0.0302779474966329,0.0822560122421966,0.0411280061210983,0.29410353674775,0.31694237017463,0.38895409307762,18,7,4,7,23,5,7,11,24,6,6,12,16,8,5,3,24,5,8,11,21,4,11,6,19,3,10,6,28,13,4,11
134,5,0.304347826086957,0.347826086956522,0.347826086956522,0.0623332682040539,0.175911740205275,0.0879558701026374,0.265466769822087,0.435781957059159,0.298751273118754,0.0919736288486472,0.249559108338537,0.124779554169268,0.27375851678775,0.47260564112579,0.25363584208646,0.0586011166968798,0.165591336116257,0.0827956680581287,0.259820402581918,0.43062175501465,0.309557842403432,0.0551670233484249,0.155026559118631,0.0775132795593154,0.257918552036199,0.425339366515837,0.316742081447964,0.0531775360332644,0.150370144251453,0.0751850721257264,0.265279076983677,0.423011159082248,0.311709763934075,28,18,7,3,24,6,15,3,29,4,13,12,27,9,13,5,34,9,17,8,23,1,18,4,36,4,4,28,20,6,7,7
135,1,0.260869565217391,0.391304347826087,0.347826086956522,0.431874331181198,1.21739130434783,0.608695652173913,7.95321441002507e-32,1,1.07941004600765e-25,0.0596195230159783,0.16417344330371,0.0820867216518553,0.285237828342937,0.449022806352396,0.265739365304666,0.0606009196301304,0.162948103798103,0.0814740518990514,0.278580707027773,0.455067257914757,0.26635203505747,0.0637788958679847,0.174325159695034,0.087162579847517,0.28436018957346,0.454976303317536,0.260663507109005,0.0634760956888178,0.170657681636618,0.0853288408183091,0.279387271993078,0.458115481868709,0.262497246138213,35,12,12,11,22,8,9,5,29,11,13,5,30,4,18,8,32,8,15,9,22,2,11,9,23,4,12,7,18,11,6,1
135,2,0.260869565217391,0.391304347826087,0.347826086956522,0.0601066491635555,0.169476497399341,0.0847382486996703,0.345607813917062,0.354747780227866,0.299644405855072,0.0945964544096251,0.266088321415167,0.133044160707583,0.393913725924975,0.312650810160025,0.293435463915001,0.0514614163468086,0.145280636866021,0.0726403184330107,0.333509883650402,0.358851249779575,0.307638866570023,0.0585875330646239,0.163706878954889,0.0818534394774444,0.342723004694836,0.36150234741784,0.295774647887324,0.0549311725513568,0.154269716563127,0.0771348582815635,0.338004423498955,0.360725085259229,0.301270491241817,35,8,17,10,23,11,6,6,16,10,3,3,24,9,6,9,27,11,9,7,29,14,7,8,32,4,16,12,27,6,13,8
135,3,0.260869565217391,0.391304347826087,0.347826086956522,0.0427923242786546,0.115677446810143,0.0578387234050715,0.318708288622463,0.346964672186798,0.33432703919074,0.111553646923594,0.308140149056072,0.154070074528036,0.414939639745427,0.284890179973759,0.300170180280814,0.043609188659044,0.120763975299563,0.0603819876497815,0.321251552867173,0.350243502169346,0.328504944963481,0.0477246189743635,0.134977287475665,0.0674886437378326,0.328358208955224,0.358208955223881,0.313432835820896,0.0435890283644105,0.120662186802751,0.0603310934013755,0.321200658618767,0.350178670315233,0.328620671066,25,12,6,7,24,9,8,7,22,9,2,11,28,3,19,6,24,10,7,7,31,17,7,7,22,3,7,12,25,3,16,6
135,4,0.260869565217391,0.391304347826087,0.347826086956522,0.0721068222475198,0.179615821426347,0.0898079107131734,0.171061654504218,0.394375360398856,0.434562985096926,0.0481240690512686,0.135782339867651,0.0678911699338254,0.192978395283566,0.429370711462041,0.377650893254393,0.0701989389309193,0.179037982108801,0.0895189910544003,0.171350574162991,0.398893973552707,0.429755452284302,0.0699201276871362,0.182289589150379,0.0911447945751895,0.169724770642202,0.403669724770642,0.426605504587156,0.0714626519346104,0.183402547655321,0.0917012738276604,0.169168291389731,0.400364724940899,0.43046698366937,31,2,19,10,36,1,15,20,17,1,5,11,21,4,7,10,28,10,3,15,28,6,10,12,25,6,13,6,32,7,16,9
135,5,0.260869565217391,0.391304347826087,0.347826086956522,0.0759214070815215,0.195363231218824,0.0976816156094119,0.348308514930853,0.401547013722037,0.25014447134711,0.10918590109909,0.286727835568328,0.143363917784164,0.382224774520656,0.413313056306986,0.204462169172358,0.0792621816818858,0.200647577744529,0.100323788872265,0.354333806093334,0.398163895822409,0.247502298084257,0.0862408790703889,0.222745769972157,0.111372884986078,0.359605911330049,0.403940886699507,0.236453201970443,0.0794643152228648,0.201362182085887,0.100681091042944,0.354446143403298,0.398408860683123,0.247144995913578,21,4,12,5,25,2,17,6,33,14,15,4,20,7,9,4,25,13,10,2,29,13,9,7,26,15,2,9,24,5,8,11
136,1,0.217391304347826,0.434782608695652,0.347826086956522,0.0361742332230975,0.0895026492136995,0.0447513246068497,0.218299504449867,0.478625733200461,0.303074762349672,0.0969295961466291,0.256688101893646,0.128344050946823,0.239863529418329,0.540654434571972,0.219482036009699,0.037551223760131,0.0989410806591821,0.049470540329591,0.22540410942972,0.47624034394335,0.298355546626931,0.0386114130576568,0.097612958226769,0.0488064791133845,0.220588235294118,0.480392156862745,0.299019607843137,0.0383590989015933,0.100053370946915,0.0500266854734574,0.224235201352278,0.477965397164658,0.297799401483064,31,8,18,5,30,8,16,6,22,8,9,5,28,5,19,4,29,11,6,12,21,2,14,5,18,1,9,8,25,2,7,16
136,2,0.217391304347826,0.434782608695652,0.347826086956522,0.0406451776324351,0.100422600914335,0.0502113004571673,0.216517135232834,0.484993909152819,0.298488955614346,0.00191897702332369,0.00539451919754513,0.00269725959877254,0.218480507439473,0.43208534909688,0.349434143463647,0.0403058930116793,0.101134767536125,0.0505673837680623,0.219892277093362,0.482849019718178,0.297258703188459,0.0308112581899895,0.0778511267926247,0.0389255633963123,0.219895287958115,0.471204188481675,0.308900523560209,0.0402887242756909,0.101040749005507,0.0505203745027537,0.219836128886327,0.482858158659905,0.297305712453768,20,0,8,12,24,4,11,9,23,9,10,4,24,2,16,6,20,6,14,0,27,5,11,11,30,11,13,6,23,5,7,11
136,3,0.217391304347826,0.434782608695652,0.347826086956522,0.0464925717972303,0.117974163725,0.0589870818625001,0.213051927654152,0.493769690558152,0.293178381787696,0.0479276967133051,0.12878853065479,0.0643942653273951,0.267908647519938,0.448659530850935,0.283431821629127,0.0550693636649685,0.142057606155958,0.0710288030779789,0.209537959760427,0.505811411773631,0.284650628465942,0.0592473807471812,0.147009368244055,0.0735046841220274,0.215469613259669,0.50828729281768,0.276243093922652,0.0557768611909139,0.144037625783668,0.0720188128918343,0.209248639884135,0.506801421587486,0.283949938528379,25,2,18,5,20,4,11,5,18,9,5,4,18,0,6,12,23,9,8,6,29,8,12,9,18,4,8,6,30,3,24,3
136,4,0.217391304347826,0.434782608695652,0.347826086956522,0.034204353061254,0.0947001525237487,0.0473500762618744,0.2647413806097,0.419674037806489,0.315584581583811,0.0269516993590534,0.0742931849061354,0.0371465924530677,0.206213219366109,0.47192920114872,0.321857579485171,0.0342759555509646,0.0964445075747647,0.0482222537873823,0.265613558135208,0.414940248971357,0.319446192893434,0.0397436966024113,0.112387202625103,0.0561936013125513,0.273584905660377,0.405660377358491,0.320754716981132,0.0346407923156468,0.0975559599826028,0.0487779799913014,0.266169284339128,0.414331668897728,0.319499046763145,22,11,8,3,21,3,11,7,26,6,9,11,28,7,14,7,30,3,7,20,30,4,15,11,31,20,7,4,24,4,15,5
136,5,0.217391304347826,0.434782608695652,0.347826086956522,0.0585894939371445,0.156258053113279,0.0781290265566393,0.139262277791187,0.449951837780223,0.41078588442859,0.0662741692364041,0.187318719815446,0.0936593599077232,0.123731944440103,0.478555903820997,0.3977121517389,0.0527984699356222,0.147168455846187,0.0735842279230937,0.143807076424732,0.460595711224659,0.395597212350609,0.0537703877755423,0.150572082379863,0.0752860411899313,0.142105263157895,0.463157894736842,0.394736842105263,0.050213234401611,0.139322555699364,0.0696612778496819,0.147730026498144,0.457674523238519,0.394595450263337,29,2,24,3,17,0,2,15,27,10,7,10,23,2,14,7,33,8,12,13,19,1,9,9,20,1,9,10,22,3,11,8
137,1,0.173913043478261,0.478260869565217,0.347826086956522,0.0303910497052856,0.0851593305795508,0.0425796652897754,0.147558338560381,0.520840534854993,0.331601126584627,0.0424231963439318,0.118210641369008,0.0591053206845037,0.212382664184906,0.419155548880714,0.36846178693438,0.0412603126326027,0.113430959257654,0.0567154796288268,0.133675241556928,0.534976349194044,0.331348409249028,0.0376846131054558,0.105333930972658,0.052666965486329,0.154639175257732,0.530927835051546,0.314432989690722,0.0377185438301138,0.103471315715403,0.0517356578577014,0.136793587888368,0.529996527422919,0.333209884688713,25,8,8,9,29,0,20,9,19,10,5,4,24,1,21,2,19,6,6,7,25,3,12,10,24,1,16,7,29,1,15,13
137,2,0.173913043478261,0.478260869565217,0.347826086956522,0.0492164810365487,0.138610692918258,0.0693053464591291,0.133695325543889,0.547566216024347,0.318738458431765,0.0454553738332046,0.127999437972063,0.0639997189860313,0.136686952766064,0.542260588551249,0.321052458682687,0.0491772349574998,0.138548084648607,0.0692740423243033,0.133943954036756,0.547534911889521,0.318521134073723,0.0514490819506742,0.145519077196096,0.0727595385980478,0.137755102040816,0.551020408163265,0.311224489795918,0.0525387825284762,0.148166961131374,0.0740834805656869,0.131950537521573,0.552344350130904,0.315705112347523,34,7,22,5,16,4,6,6,24,2,15,7,24,0,15,9,22,7,6,9,21,4,14,3,20,0,12,8,35,3,18,14
137,3,0.173913043478261,0.478260869565217,0.347826086956522,0.0493305924644271,0.138470560014901,0.0692352800074503,0.20110653160756,0.409025589557767,0.389867878834673,0.0873590445417921,0.243027975571728,0.121513987785864,0.215352504553441,0.356746881779354,0.427900613667206,0.0489312393534231,0.136195571829074,0.068097785914537,0.197312150421417,0.41016308365068,0.392524765927903,0.0465229862894186,0.127506195088984,0.063753097544492,0.191709844559585,0.414507772020725,0.393782383419689,0.0491347440946216,0.137049877146902,0.0685249385734512,0.198196323870367,0.409735930991766,0.392067745137866,28,5,17,6,25,9,4,12,19,2,10,7,34,1,13,20,23,3,18,2,25,6,8,11,23,9,5,9,16,2,5,9
137,4,0.173913043478261,0.478260869565217,0.347826086956522,0.060265895441842,0.16676514524915,0.0833825726245749,0.200324370137749,0.394878296940642,0.404797332921608,0.0662984074703514,0.187485310364332,0.0937426551821658,0.22235095946624,0.384518214383052,0.393130826150708,0.0548471615836902,0.153799287044796,0.076899643522398,0.203579339735585,0.401361226042819,0.395059434221595,0.0461874934314077,0.128935532233883,0.0644677661169415,0.197044334975369,0.413793103448276,0.389162561576355,0.0551468093695659,0.154696127046797,0.0773480635233985,0.203943367855389,0.400912806041819,0.395143826102792,19,4,1,14,22,4,11,7,33,9,18,6,28,8,6,14,26,6,7,13,22,2,12,8,27,7,11,9,26,0,18,8
137,5,0.173913043478261,0.478260869565217,0.347826086956522,0.0278007258746923,0.073562229138693,0.0367811145693465,0.204332014915146,0.484623012697679,0.311044972387175,0.059112356095885,0.162982681511892,0.0814913407559461,0.255404384234207,0.453663790492953,0.290931825272841,0.0404834766175732,0.10445990416307,0.052229952081535,0.220335454062535,0.484068411062478,0.295596134874987,0.0402585655718659,0.10262891809909,0.051314459049545,0.22093023255814,0.482558139534884,0.296511627906977,0.0401539686164136,0.101527768426886,0.0507638842134432,0.221335467388813,0.481602329868108,0.297062202743078,26,7,8,11,29,11,15,3,16,1,2,13,16,2,7,7,14,2,9,3,21,4,14,3,20,0,16,4,30,11,12,7
138,1,0.130434782608696,0.521739130434783,0.347826086956522,0.0373991281439555,0.0933842371412814,0.0466921185706407,0.132265109825808,0.475047011864142,0.39268787831005,0.0382122336086327,0.107909750658481,0.0539548753292404,0.184389657937936,0.492131908141021,0.323478433921043,0.044794591728669,0.116000003547058,0.0580000017735289,0.137370490669489,0.463739128661254,0.398890380669257,0.0483154878037985,0.135989274085424,0.0679946370427121,0.158590308370044,0.45374449339207,0.387665198237885,0.0451651694651572,0.116890533879019,0.0584452669395096,0.137342580688028,0.463293863495273,0.399363555816699,28,10,12,6,23,4,14,5,25,0,14,11,28,2,13,13,23,0,11,12,33,1,18,14,26,7,12,7,41,12,9,20
138,2,0.130434782608696,0.521739130434783,0.347826086956522,0.0157743846226795,0.0446098007280656,0.0223049003640329,0.119622008962914,0.510247003716532,0.370130987320555,0.0606387496268562,0.168138077844956,0.0840690389224779,0.15781036433724,0.437670091512305,0.404519544150455,0.012112001412372,0.0339488525784582,0.0169744262892291,0.123935660617322,0.511263826136927,0.364800513245751,0.00979774550183975,0.024416363246948,0.012208181623474,0.118226600985222,0.522167487684729,0.359605911330049,0.0116173273034106,0.0312561603686609,0.0156280801843304,0.118231463210544,0.518314369648603,0.363454167140852,34,1,27,6,26,6,9,11,28,5,15,8,28,1,18,9,17,0,10,7,24,4,8,12,25,3,12,10,21,4,7,10
138,3,0.130434782608696,0.521739130434783,0.347826086956522,0.0242747154463864,0.0682825021604806,0.0341412510802404,0.110253860296315,0.507778801666923,0.381967338036762,0.0250582395163624,0.065616049774224,0.0328080248871119,0.158440440571059,0.488931105547671,0.35262845388127,0.0259880054873376,0.071012788364757,0.0355063941823785,0.104463518656072,0.512204000205028,0.3833324811389,0.0329890738765325,0.0932367149758454,0.0466183574879227,0.105555555555556,0.5,0.394444444444444,0.0245046274622942,0.0680412222520075,0.0340206111260037,0.107709263614976,0.510444038302498,0.381846698082525,17,0,8,9,28,0,12,16,18,4,12,2,22,5,7,10,21,4,12,5,24,0,7,17,21,3,9,9,29,3,23,3
138,4,0.130434782608696,0.521739130434783,0.347826086956522,0.0249371015295264,0.0635078224960268,0.0317539112480134,0.162188693856709,0.492574760111865,0.345236546031426,0.0302128517722377,0.0773665305540586,0.0386832652770293,0.126807104244871,0.486683543521578,0.386509352233551,0.0158955474319122,0.0409885483445831,0.0204942741722915,0.148681368854219,0.501244856262491,0.35007377488329,0.0176420010408937,0.0468227424749164,0.0234113712374582,0.153846153846154,0.502564102564103,0.343589743589744,0.0150759849181574,0.0391244126562775,0.0195622063281388,0.147558776522344,0.502176924106644,0.350264299371012,25,2,12,11,27,2,14,11,28,1,17,10,31,1,23,7,19,11,3,5,33,6,16,11,7,3,4,0,25,4,9,12
138,5,0.130434782608696,0.521739130434783,0.347826086956522,0.0379926258591097,0.0979251828800295,0.0489625914400148,0.125114851900453,0.570701721874797,0.30418342622475,0.0438106360930941,0.118174759031418,0.0590873795157089,0.117033240749966,0.580826509950491,0.302140249299543,0.0479024066506236,0.122893751336644,0.0614468756683221,0.124413003571747,0.583186006103105,0.292400990325149,0.041004950685539,0.11441647597254,0.0572082379862701,0.110047846889952,0.578947368421053,0.311004784688995,0.0465072277001987,0.115512601672305,0.0577563008361524,0.128806230863446,0.579495431270935,0.291698337865619,25,5,16,4,26,2,15,9,34,6,27,1,21,1,16,4,24,1,12,11,27,4,11,12,21,0,5,16,31,4,19,8
139,1,0.0869565217391304,0.565217391304348,0.347826086956522,0.0290768550188688,0.0816831058159903,0.0408415529079952,0.111521078318817,0.581494387632657,0.306984534048527,0.0709483976098557,0.197379388107758,0.0986896940538791,0.151978450789618,0.598885156307739,0.249136392902643,0.0238185007450912,0.065249241556324,0.032624620778162,0.110528794657502,0.574269739164138,0.31520146617836,0.0284091617767766,0.0749625187406297,0.0374812593703148,0.118226600985222,0.571428571428571,0.310344827586207,0.0245130657950526,0.0683459839806078,0.0341729919903039,0.109091835004875,0.577255070028907,0.313653094966218,31,1,12,18,30,0,19,11,27,2,19,6,26,5,13,8,21,3,15,3,20,0,13,7,23,5,13,5,25,8,12,5
139,2,0.0869565217391304,0.565217391304348,0.347826086956522,0.0483072744284408,0.132393343408226,0.0661966717041131,0.105429891419246,0.499020719600235,0.39554938898052,0.138464284909269,0.354884305759494,0.177442152879747,0.103954177463012,0.387775238424601,0.508270584112387,0.0345053870546169,0.0881335462973596,0.0440667731486798,0.0908371610866598,0.521150618155668,0.388012220757672,0.0377439554786363,0.0943478260869565,0.0471739130434783,0.085,0.52,0.395,0.0397872272647432,0.11071534551597,0.0553576727579851,0.105907172153138,0.509859718546363,0.384233109300499,29,2,21,6,19,3,7,9,28,8,8,12,20,0,4,16,30,2,10,18,32,1,27,4,21,1,8,12,21,0,19,2
139,3,0.0869565217391304,0.565217391304348,0.347826086956522,0.0500396959448739,0.125492246016903,0.0627461230084516,0.0839233577459991,0.627963514312799,0.288113127941201,0.007852734231493,0.0198045106908534,0.00990225534542663,0.0770542663937038,0.565814537273934,0.357131196332363,0.048585424168535,0.12514922228472,0.0625746111423601,0.0802482457000844,0.627792002446708,0.291959751853208,0.0461333487013011,0.123296560674887,0.0616482803374433,0.0746268656716418,0.626865671641791,0.298507462686567,0.043644025771044,0.107183497346489,0.0535917486732446,0.0872355177929841,0.618530143923739,0.294234338283277,23,0,20,3,30,3,26,1,23,4,7,12,15,0,12,3,32,5,10,17,25,2,15,8,23,0,18,5,30,1,18,11
139,4,0.0869565217391304,0.565217391304348,0.347826086956522,0.0073092759904948,0.0194558512503728,0.00972792562518637,0.0948476731039891,0.567054165564676,0.338098161331335,0.0807602824300408,0.221507623970107,0.110753811985053,0.118177068830645,0.454463579319294,0.427359351850061,0.00252997072081448,0.00645319868255823,0.00322659934127911,0.0901831210804095,0.562265091898678,0.347551787020912,0.00220009854770888,0.00618174325159683,0.00309087162579848,0.0900473933649289,0.563981042654028,0.345971563981043,0.00467467568373217,0.0115851004253978,0.00579255021269887,0.092612083102311,0.559424841091649,0.34796307580604,25,0,21,4,23,2,7,14,21,1,17,3,28,1,21,6,20,7,8,5,31,0,18,13,38,5,13,20,25,3,14,8
139,5,0.0869565217391304,0.565217391304348,0.347826086956522,0.00883010867730359,0.0248709914181439,0.012435495709072,0.0993920174482024,0.559987096604006,0.340620885947792,0.0229092834285168,0.0641408773912216,0.0320704386956109,0.0749047835592829,0.597287829999959,0.327807386440759,0.00653501449076119,0.0171954070117841,0.00859770350589208,0.0955542252450225,0.5579826849211,0.346463089833878,0.0159953455993036,0.0404876926616056,0.0202438463308028,0.105820105820106,0.544973544973545,0.349206349206349,0.0124559665849895,0.0317713694027991,0.0158856847013995,0.10284220644053,0.550682097093729,0.346475696465741,34,1,14,19,18,1,13,4,29,12,15,2,18,2,12,4,24,0,16,8,17,1,9,7,24,3,5,16,25,0,19,6
140,1,0.0434782608695652,0.608695652173913,0.347826086956522,0.0232306240705334,0.0632177431704155,0.0316088715852078,0.0670384861056788,0.577086780588705,0.355874733305616,0.035436520362565,0.0991914002286489,0.0495957001143245,0.0620455121804411,0.559099952059589,0.37885453575997,0.0267802794333006,0.075056065335464,0.037528032667732,0.0666593036755867,0.571167619506181,0.362173076818232,0.0278292172826622,0.0732865008543764,0.0366432504271882,0.074235807860262,0.572052401746725,0.353711790393013,0.0286548413753545,0.0802662108110628,0.0401331054055314,0.0684079698778046,0.568562546768382,0.363029483353814,35,5,10,20,23,0,19,4,23,2,15,6,29,8,12,9,32,0,24,8,29,0,21,8,28,1,12,15,30,1,18,11
140,2,0.0434782608695652,0.608695652173913,0.347826086956522,0.0847914662204638,0.223025784919948,0.111512892459974,0.0259061730489037,0.720208544633887,0.253885282317209,0.0853345007604045,0.225555916769729,0.112777958384865,0.0242889403710986,0.721473610558778,0.254237449070124,0.0720346823978199,0.181413775830185,0.0907068879150927,0.0382831107727057,0.699402540089006,0.262314349138289,0.0847905926421746,0.223023203424195,0.111511601712097,0.0259067357512953,0.72020725388601,0.253886010362694,0.0847883858372172,0.223019091752187,0.111509545876094,0.0259049159195044,0.720205198050007,0.253889886030489,28,1,18,9,25,1,18,6,23,1,19,3,23,0,17,6,29,0,19,10,22,0,16,6,23,0,16,7,20,2,16,2
140,3,0.0434782608695652,0.608695652173913,0.347826086956522,0.0665028191530687,0.180681126901912,0.090340563450956,0.0209547091394194,0.540878640453103,0.438166650407478,0.158799236993504,0.410050982847049,0.205025491423524,0.0203330614502585,0.426815360169695,0.552851578380046,0.0604116173890065,0.166600029969393,0.0833000149846964,0.0182652817277302,0.550608616331052,0.431126101941218,0.0635274173907552,0.1763857407789,0.0881928703894498,0.014218009478673,0.549763033175355,0.436018957345972,0.0603205816595672,0.165515596889438,0.0827577984447192,0.0200219439126104,0.549394170686149,0.430583885401241,31,0,14,17,27,0,24,3,20,1,7,12,31,0,24,7,29,0,12,17,26,0,11,15,20,2,7,11,27,0,17,10
140,4,0.0434782608695652,0.608695652173913,0.347826086956522,0.036735997261062,0.0924767860142458,0.0462383930071228,0.089716653876688,0.565062838211788,0.345220507911524,0.0489488872098996,0.138314935574498,0.0691574677872489,0.112635728656814,0.571485601960851,0.315878669382335,0.0331552152682706,0.0900389710568235,0.0450194855284117,0.0884977463979769,0.57483527544962,0.336666978152403,0.0265851811835741,0.0726678914064095,0.0363339457032047,0.07981220657277,0.582159624413146,0.338028169014085,0.0319046368503079,0.0870684725759529,0.0435342362879765,0.0870124971575417,0.576660307214062,0.336327195628397,26,3,9,14,30,1,21,8,27,4,15,8,21,0,6,15,35,0,27,8,23,2,18,3,29,3,19,7,22,4,9,9
140,5,0.0434782608695652,0.608695652173913,0.347826086956522,0.0275603383757425,0.077930316600128,0.0389651583000641,0.0621572816419091,0.569730493873849,0.368112224484242,0.0313847238597748,0.0887660087728252,0.0443830043864126,0.0660059607103483,0.630550956719543,0.303443082570109,0.0376462578641459,0.106312419814669,0.0531562099073343,0.072639795322215,0.555539442266579,0.371820762411206,0.030004541529883,0.0787774429616876,0.0393887214808438,0.0495049504950495,0.569306930693069,0.381188118811881,0.0309340660664168,0.086769141898636,0.043384570949318,0.0603013659450347,0.565311081224595,0.37438755283037,14,1,9,4,24,2,12,10,23,2,17,4,28,0,19,9,29,1,20,8,24,2,17,5,37,1,15,21,23,1,6,16
141,1,0.565217391304348,0.0434782608695652,0.391304347826087,0.0244287810545354,0.0689989813967138,0.0344994906983569,0.599716882002705,0.0246515336304685,0.375631584366827,0.0195453343303189,0.0551546077150498,0.0275773038575249,0.54980104926742,0.0313172990489679,0.418881651683612,0.0167079457117398,0.0444280684901508,0.0222140342450754,0.587431425549423,0.0253973146694822,0.387171259781095,0.0173541292243247,0.0427495749332039,0.0213747874666019,0.58659217877095,0.0223463687150838,0.391061452513966,0.0165129220723494,0.0439052743779255,0.0219526371889628,0.587170028493311,0.0256043931894626,0.387225578317227,30,18,0,12,33,17,2,14,29,15,2,12,18,16,0,2,15,11,0,4,14,6,0,8,17,15,0,2,23,7,0,16
141,2,0.565217391304348,0.0434782608695652,0.391304347826087,0.0229274201479198,0.0648312595469805,0.0324156297734902,0.580777053624281,0.011062631096075,0.408160315279644,0.0930212904696525,0.255724055491063,0.127862027745531,0.474492402053525,0.00634122237485678,0.519166375571618,0.0261274206239997,0.0675280727390987,0.0337640363695493,0.5691011192661,0.00971422450001591,0.421184656233884,0.0294190307907848,0.0759278897136796,0.0379639448568398,0.560975609756098,0.00975609756097561,0.429268292682927,0.0253280605186505,0.0650381453771719,0.032519072688586,0.568471220898891,0.0109591881809793,0.420569590920129,26,22,2,2,25,10,0,15,24,18,0,6,28,11,0,17,22,13,0,9,16,12,0,4,34,15,0,19,30,14,0,16
141,3,0.565217391304348,0.0434782608695652,0.391304347826087,0.0360817593084237,0.100849636313219,0.0504248181566095,0.514792573147738,0.0754614392978911,0.409745987554371,0.0434371074676903,0.12279121279795,0.0613956063989751,0.503821784905373,0.0759390427745683,0.420239172320059,0.0363044673316935,0.102645412000023,0.0513227060000114,0.513894685304336,0.0703669724089911,0.415738342286673,0.0387221598403185,0.109382151029748,0.0546910755148741,0.510526315789474,0.068421052631579,0.421052631578947,0.0396426945250045,0.111031982677814,0.0555159913389069,0.509701399965441,0.0780035213519282,0.412295078682631,29,13,3,13,28,9,7,12,23,5,0,18,22,15,1,6,20,18,1,1,18,6,0,12,26,13,1,12,24,18,0,6
141,4,0.565217391304348,0.0434782608695652,0.391304347826087,0.0625502947139176,0.162217663654463,0.0811088318272317,0.494088032988279,0.0334987873584022,0.472413179653319,0.0954798853689959,0.249199928152232,0.124599964076116,0.457853571443843,0.0262421166539542,0.515904311902203,0.0615378849924182,0.153228830783115,0.0766144153915576,0.491160492006157,0.040920744776198,0.467918763217645,0.0631723250120619,0.162664936188622,0.0813324680943111,0.492537313432836,0.0348258706467662,0.472636815920398,0.062360065035508,0.161533792017927,0.0807668960089635,0.494163143690838,0.0337656124741116,0.47207124383505,29,11,1,17,24,16,0,8,23,13,0,10,26,16,4,6,29,11,1,17,27,14,0,13,28,13,1,14,15,5,0,10
141,5,0.565217391304348,0.0434782608695652,0.391304347826087,0.0369212164353627,0.102736925555547,0.0513684627777735,0.616585854082121,0.0259011318290341,0.357513014088845,0.0229014029508124,0.0647194223000503,0.0323597111500251,0.597577102454373,0.0284595281943438,0.373963369351283,0.0287141255904364,0.0790291130703242,0.0395145565351621,0.60473194783951,0.0318266213187748,0.363441430841715,0.0369177750405434,0.102725839152962,0.0513629195764812,0.616580310880829,0.0259067357512953,0.357512953367876,0.036918827179077,0.102734362012807,0.0513671810064033,0.616584572310751,0.0258915362420828,0.357523891447166,29,18,0,11,18,14,0,4,20,11,0,9,22,12,2,8,27,19,0,8,28,13,1,14,25,16,2,7,24,16,0,8
142,1,0.521739130434783,0.0869565217391304,0.391304347826087,0.0782302357129415,0.220385614024483,0.110192807012241,0.585386184888391,0.133502274297764,0.281111540813846,0.081071183307548,0.229202756274911,0.114601378137456,0.46738771942619,0.201557899876586,0.331054380697224,0.0744090521544,0.20946038849947,0.104730194249735,0.582978368255169,0.130447478168479,0.286574153576352,0.0689494399951374,0.194979829672792,0.0974899148363962,0.572164948453608,0.134020618556701,0.293814432989691,0.0718085533994523,0.203105092739479,0.10155254636974,0.572628347629736,0.137619850913917,0.289751801456347,17,12,4,1,27,10,8,9,24,7,1,16,30,12,7,11,21,20,0,1,22,19,0,3,22,11,1,10,31,20,5,6
142,2,0.521739130434783,0.0869565217391304,0.391304347826087,0.122286891462692,0.308033603358854,0.154016801679427,0.367722328755355,0.095845583652645,0.536432087592,0.0944701990717756,0.249519931072301,0.12475996553615,0.417969039928804,0.0659666467089591,0.516064313362237,0.118400284199891,0.290294334991745,0.145147167495872,0.376866405793843,0.0866820788841974,0.536451515321959,0.115790192523594,0.289379900213828,0.144689950106914,0.377049180327869,0.092896174863388,0.530054644808743,0.118174106322574,0.290154913870843,0.145077456935422,0.376661673499361,0.0876476495191938,0.535690676981445,28,13,0,15,26,14,0,12,22,11,1,10,17,4,9,4,19,2,2,15,27,10,2,15,23,12,1,10,21,3,2,16
142,3,0.521739130434783,0.0869565217391304,0.391304347826087,0.0471569704471535,0.129204770751119,0.0646023853755596,0.475100272474326,0.0689929943240276,0.455906733201647,0.151994511325252,0.386562892251753,0.193281446125877,0.343641614241248,0.0717725918067881,0.584585793951964,0.0462814566149683,0.128433975515112,0.0642169877575559,0.478671909343676,0.0658067550726813,0.455521335583643,0.051568296626568,0.142923219241443,0.0714616096207215,0.473404255319149,0.0638297872340425,0.462765957446808,0.044478591731837,0.121484055251557,0.0607420276257786,0.477214592551789,0.0707390319963452,0.452046375451866,23,15,4,4,22,8,0,14,27,20,3,4,24,6,3,15,27,7,2,18,22,7,0,15,24,17,0,7,19,9,0,10
142,4,0.521739130434783,0.0869565217391304,0.391304347826087,0.0324897884104929,0.0885903729071729,0.0442951864535864,0.554461782489753,0.042661335285544,0.402876882224703,0.0624035992798331,0.175676392559412,0.0878381962797059,0.609577326714488,0.035644706888699,0.354777966396813,0.0266392691590616,0.073688582917435,0.0368442914587175,0.546969332580785,0.0501122302804129,0.402918437138802,0.029670458742572,0.0797953964194374,0.0398976982097187,0.552941176470588,0.0470588235294118,0.4,0.0319078912017434,0.086760596493089,0.0433802982465445,0.554189510710037,0.043576223492586,0.402234265797377,16,11,0,5,21,14,1,6,23,12,0,11,25,16,0,9,19,6,1,12,21,9,0,12,24,11,5,8,21,15,1,5
142,5,0.521739130434783,0.0869565217391304,0.391304347826087,0.0171381645960112,0.0461582858532845,0.0230791429266423,0.503789418574507,0.081827090672764,0.414383490752729,0.10409825854284,0.255491877973322,0.127745938986661,0.393993191448122,0.0874622879503983,0.51854452060148,0.0217890592621888,0.0594282961335885,0.0297141480667942,0.499814757851357,0.0791667462557617,0.421018495892881,0.0236665675631225,0.0579710144927535,0.0289855072463768,0.492753623188406,0.0869565217391304,0.420289855072464,0.0209168815990282,0.0543285960921388,0.0271642980460694,0.498015502846476,0.0835158512813681,0.418468645872156,23,7,5,11,23,8,1,14,26,10,3,13,27,13,0,14,28,11,1,16,33,14,8,11,28,21,0,7,19,18,0,1
143,1,0.478260869565217,0.130434782608696,0.391304347826087,0.0173719399718019,0.048625418757376,0.0243127093786881,0.453948160186529,0.145648189730764,0.400403650082707,0.0486946225384563,0.126142875403254,0.0630714377016271,0.422782621484361,0.193506220310323,0.383711158205316,0.0055160925853817,0.0153986385375039,0.00769931926875192,0.473324343695225,0.138134101877448,0.388541554427327,0.0160971540302298,0.0445491539944314,0.0222745769972157,0.463054187192118,0.152709359605911,0.38423645320197,0.0162358232953613,0.0430443903757974,0.0215221951878987,0.460571621219604,0.151956977796594,0.387471400983802,15,2,1,12,20,18,0,2,29,20,1,8,24,4,4,16,29,6,3,20,28,13,7,8,26,18,0,8,32,13,15,4
143,2,0.478260869565217,0.130434782608696,0.391304347826087,0.0363814535710182,0.0947901671409016,0.0473950835704509,0.519298964568916,0.136791771175447,0.343909264255636,0.110465812162158,0.304347899591006,0.152173949795503,0.63043481936072,0.0849478115948411,0.284617369044439,0.0510876387382298,0.134872610354897,0.0674363051774483,0.545697174742666,0.11917055630876,0.335132268948574,0.0581584112973898,0.149861239592969,0.0749306197964847,0.553191489361702,0.122340425531915,0.324468085106383,0.0477461167161096,0.123648152884023,0.0618240764420115,0.540084946007229,0.123036042141765,0.336879011851006,19,11,4,4,18,1,5,12,19,11,0,8,26,13,1,12,31,21,2,8,17,7,8,2,31,22,2,7,27,18,1,8
143,3,0.478260869565217,0.130434782608696,0.391304347826087,0.0320915341684624,0.0816491417226286,0.0408245708613143,0.481502958188018,0.0896102117473813,0.428886830064601,0.11406683015649,0.305561157537471,0.152780578768736,0.35703272032735,0.0988823530778274,0.544084926594823,0.0370424827909877,0.0948773582927489,0.0474386791463744,0.473787233086914,0.0874697399406242,0.438743026972461,0.0406701889866733,0.108695652173913,0.0543478260869565,0.467391304347826,0.0869565217391304,0.445652173913043,0.0358992135958856,0.0924440025060657,0.0462220012530328,0.473337096746369,0.0891365541745116,0.43752634907912,25,15,0,10,24,9,0,15,22,7,4,11,23,15,3,5,28,7,3,18,24,8,1,15,21,14,5,2,17,11,0,6
143,4,0.478260869565217,0.130434782608696,0.391304347826087,0.0358517391866789,0.0922808108275272,0.0461404054137636,0.473392810832456,0.0891624359276931,0.437444753239851,0.0862683010333474,0.24383811711,0.121919058555,0.413410708518034,0.0733658851008792,0.513223406381087,0.0325289868823294,0.0856905932358178,0.0428452966179089,0.485177901731495,0.0875894859907867,0.427232612277718,0.0233687103622495,0.0646819447419147,0.0323409723709573,0.467980295566502,0.108374384236453,0.423645320197044,0.0260073202833535,0.0643318135936456,0.0321659067968228,0.478897564761884,0.0982688758118728,0.422833559426243,21,18,0,3,22,5,0,17,27,15,3,9,18,6,1,11,22,9,1,12,27,6,2,19,30,21,0,9,36,15,15,6
143,5,0.478260869565217,0.130434782608696,0.391304347826087,0.124585413090527,0.312559879734505,0.156279939867253,0.63454080943247,0.122755603393892,0.242703587173638,0.0724991501264451,0.199232818644915,0.0996164093224577,0.549083792850798,0.159228268645573,0.291687938503629,0.140507610674152,0.359697327970878,0.179848663985439,0.658109533550656,0.113684397708013,0.228206068741331,0.138770891307814,0.363675305204541,0.18183765260227,0.660098522167488,0.103448275862069,0.236453201970443,0.140394033012513,0.35923343639113,0.179616718195565,0.657877587760783,0.113900584487133,0.228221827752084,18,9,5,4,35,27,1,7,16,9,2,5,20,9,4,7,31,24,2,5,33,28,5,0,22,8,2,12,28,20,0,8
144,1,0.434782608695652,0.173913043478261,0.391304347826087,0.018210887594554,0.0461553146364289,0.0230776573182144,0.457860266013867,0.172274767328964,0.369864966657169,0.0546555864480048,0.153397713074031,0.0766988565370156,0.358083752158637,0.203967066428238,0.437949181413125,0.00719211916412944,0.0180010490625302,0.00900052453126515,0.435180093154953,0.182516083550225,0.382303823294822,0.0137614082031251,0.0389142445351909,0.0194571222675955,0.425414364640884,0.193370165745856,0.38121546961326,0.00767237488227583,0.0192329140851918,0.00961645704259589,0.435238731983595,0.183073377232914,0.381687890783491,18,12,3,3,20,10,0,10,18,6,1,11,25,8,12,5,31,8,6,17,33,13,7,13,14,13,0,1,22,7,6,9
144,2,0.434782608695652,0.173913043478261,0.391304347826087,0.050786525644119,0.126510790215172,0.063255395107586,0.373693529252367,0.17174672781396,0.454559742933673,0.120938951863307,0.326345610667816,0.163172805333908,0.308807898826354,0.136714948013651,0.554477153159995,0.0513251226530677,0.134717932345682,0.0673589661728408,0.377683484704145,0.163653201296928,0.458663313998928,0.0501995687801217,0.136583223539745,0.0682916117698726,0.383838383838384,0.156565656565657,0.45959595959596,0.0505377687195889,0.130126970970313,0.0650634854851566,0.37663531905038,0.166996847638376,0.456367833311244,34,25,2,7,24,10,6,8,26,3,6,17,19,5,9,5,32,9,3,20,27,7,3,17,19,6,1,12,17,11,1,5
144,3,0.434782608695652,0.173913043478261,0.391304347826087,0.0236083975358594,0.0588087029057422,0.0294043514528711,0.406384713271304,0.172906587449738,0.420708699278958,0.0238120836578387,0.0673499278146767,0.0336749639073384,0.417801611685435,0.157219076581139,0.424979311733425,0.030464181441106,0.0756770837063162,0.0378385418531581,0.396944066842494,0.174991824245233,0.428064108912273,0.0361292749949015,0.0895652173913043,0.0447826086956521,0.39,0.175,0.435,0.0294880523851197,0.0763288809083335,0.0381644404541667,0.396618168241485,0.178437638081067,0.424944193677448,26,5,0,21,21,6,3,12,16,8,2,6,25,15,7,3,21,14,1,6,30,14,4,12,32,6,6,20,29,10,12,7
144,4,0.434782608695652,0.173913043478261,0.391304347826087,0.0910155735196794,0.250240676339567,0.125120338169783,0.559902946865436,0.137514442902988,0.302582610231576,0.103183210484704,0.276655558303805,0.138327779151902,0.573110387847555,0.144988829908374,0.281900782244071,0.0947281119740916,0.260090258653493,0.130045129326747,0.564827738022399,0.136753017303984,0.298419244673617,0.0915177019122696,0.253587491968302,0.126793745984151,0.561576354679803,0.133004926108374,0.305418719211823,0.0927353328690158,0.253652117007033,0.126826058503516,0.561608667199168,0.139415859481963,0.298975473318868,29,18,5,6,22,8,6,8,30,20,8,2,26,17,2,7,25,6,1,18,26,14,1,11,24,13,4,7,21,18,0,3
144,5,0.434782608695652,0.173913043478261,0.391304347826087,0.0273856489266473,0.0769919877237638,0.0384959938618819,0.457705451628786,0.189486194407009,0.352808353964205,0.108436020056174,0.266754295831953,0.133377147915976,0.568159756611629,0.172764213025906,0.259076030362465,0.0362362359720156,0.0985536424612585,0.0492768212306292,0.471604752859549,0.186367720544993,0.342027526595458,0.0405913515296882,0.10924186148132,0.0546209307406598,0.477386934673367,0.185929648241206,0.336683417085427,0.0348353712027702,0.0960888322713218,0.0480444161356609,0.468241722447539,0.188498345862035,0.343259931690426,28,18,4,6,23,6,0,17,30,17,5,8,22,17,1,4,17,3,5,9,26,6,10,10,25,9,8,8,28,19,4,5
145,1,0.391304347826087,0.217391304347826,0.391304347826087,0.0454324998919277,0.121607334573487,0.0608036672867435,0.439688217032967,0.22981110242769,0.330500680539344,0.0269098969268688,0.0714034784163377,0.0357017392081688,0.427006087034256,0.21095328679991,0.362040626165835,0.039815131934814,0.109717847408534,0.0548589237042671,0.429722029005619,0.233832546872561,0.33644542412182,0.0508568490524031,0.14012164902005,0.0700608245100248,0.440414507772021,0.238341968911917,0.321243523316062,0.0397051048383513,0.10951908489939,0.0547595424496951,0.429444574820173,0.234010619803435,0.336544805376392,29,19,2,8,25,11,5,9,29,11,5,13,22,13,3,6,30,11,10,9,20,7,4,9,25,2,16,7,13,11,1,1
145,2,0.391304347826087,0.217391304347826,0.391304347826087,0.0442274128903927,0.111407880045021,0.0557039400225105,0.335600407803576,0.269878602161697,0.394520990034727,0.0991721366045469,0.24956667564311,0.124783337821555,0.273464433049005,0.342174642169381,0.384360924781614,0.0508366455356372,0.133591748187098,0.0667958740935491,0.324508473732538,0.27381705494763,0.401674471319832,0.0494235402680284,0.125603864734299,0.0628019323671498,0.328502415458937,0.27536231884058,0.396135265700483,0.0515269290950809,0.131423376191134,0.0657116880955669,0.32559265973052,0.277523826504892,0.396883513764588,23,10,1,12,19,16,2,1,28,15,3,10,18,1,4,13,39,7,10,22,21,5,7,9,29,5,17,7,30,9,13,8
145,3,0.391304347826087,0.217391304347826,0.391304347826087,0.0178559073919408,0.0470275321122132,0.0235137660561066,0.36779058176998,0.221174653179655,0.411034765050365,0.066194538909763,0.171601217923503,0.0858006089617513,0.380827292697469,0.303191913309577,0.315980793992954,0.0221914150473623,0.058657347924108,0.029328673962054,0.361975673864033,0.222382998699917,0.41564132743605,0.0360943069881617,0.101980423400865,0.0509902117004325,0.340314136125654,0.240837696335079,0.418848167539267,0.0198446462260371,0.0538764526135538,0.0269382263067769,0.36436612151931,0.224043970601362,0.411589907879328,27,6,7,14,29,9,16,4,22,10,8,4,26,4,1,21,21,6,9,6,18,6,1,11,20,11,3,6,28,13,1,14
145,4,0.391304347826087,0.217391304347826,0.391304347826087,0.00902866886687043,0.0255091350902749,0.0127545675451375,0.398197429343695,0.204636736802689,0.397165833853617,0.0259054432069126,0.0707718242072395,0.0353859121036199,0.355918435722467,0.226867454446832,0.417214109830701,0.0137658065560129,0.0386285649442605,0.0193142824721302,0.398848430935545,0.198077021875696,0.40307454718876,0.0128975149324844,0.0347826086956521,0.0173913043478261,0.404761904761905,0.2,0.395238095238095,0.00784061661830669,0.0203754118909172,0.0101877059454586,0.390001390408441,0.208506555820013,0.401492053771546,36,10,9,17,26,11,5,10,24,18,1,5,22,16,2,4,22,5,13,4,34,6,9,19,26,18,3,5,20,1,0,19
145,5,0.391304347826087,0.217391304347826,0.391304347826087,0.0317423000666942,0.0873575684713053,0.0436787842356526,0.422114987129091,0.173712520112173,0.404172492758736,0.0097051814208449,0.0259340234443304,0.0129670117221651,0.3887167725169,0.207011867934848,0.404271359548252,0.0336933187027486,0.0920363917070156,0.0460181958535078,0.425018763384683,0.171373108494318,0.403608128120999,0.0333741494371594,0.0840579710144927,0.0420289855072464,0.433333333333333,0.177777777777778,0.388888888888889,0.0311002877967257,0.0861767419657224,0.0430883709828613,0.420489610865301,0.174302933364965,0.405207455769734,20,3,10,7,22,13,4,5,21,17,0,4,21,15,0,6,21,2,2,17,24,9,6,9,28,9,6,13,23,10,4,9
146,1,0.347826086956522,0.260869565217391,0.391304347826087,0.0560486298974469,0.13819185978465,0.0690959298923248,0.416011645816454,0.261779936249784,0.322208417933762,0.0306347247775997,0.0854961499769303,0.0427480749884652,0.390574161944987,0.233397896471243,0.376027941583771,0.0548788145497721,0.135215795508044,0.0676078977540219,0.415433984710544,0.260071760473613,0.324494254815844,0.050078703023684,0.130434782608696,0.0652173913043478,0.41304347826087,0.252173913043478,0.334782608695652,0.055944958097724,0.139154999307626,0.0695774996538129,0.4152336375167,0.263039514311026,0.321726848172274,31,8,15,8,35,17,8,10,32,8,8,16,23,4,6,13,35,14,6,15,25,16,1,8,21,9,5,7,28,19,9,0
146,2,0.347826086956522,0.260869565217391,0.391304347826087,0.058602840461482,0.154796274053431,0.0773981370267154,0.283464094723794,0.247833420423404,0.468702484852802,0.0663622130831746,0.173753797568268,0.0868768987841338,0.2736432343147,0.248175519075079,0.478181246610221,0.0518456704990997,0.136054242397114,0.0680271211985569,0.290123005249178,0.250545525726178,0.459331469024644,0.0450662303486751,0.111622073578595,0.0558110367892977,0.293269230769231,0.259615384615385,0.447115384615385,0.0502015960253239,0.131075572940298,0.0655377864701487,0.291416143117051,0.251741722586713,0.456842134296236,25,11,7,7,28,18,1,9,30,5,8,17,27,3,17,7,25,4,10,11,33,12,7,14,14,1,1,12,26,7,3,16
146,3,0.347826086956522,0.260869565217391,0.391304347826087,0.0652074939156007,0.171872269790977,0.0859361348954883,0.27588801030015,0.34680570011288,0.377306289586971,0.0560621630436814,0.152302533013525,0.0761512665067625,0.328860337134666,0.337020831724154,0.33411883114118,0.0660114166549619,0.174534970121688,0.0872674850608438,0.275477361724398,0.348137050278235,0.376385587997367,0.0596013214332109,0.158673240699238,0.079336620349619,0.283505154639175,0.34020618556701,0.376288659793814,0.0629779244424916,0.167064165437698,0.0835320827188489,0.279299593095041,0.34440164793624,0.376298758968719,26,10,10,6,25,4,6,15,25,8,6,11,23,10,6,7,23,6,10,7,32,12,9,11,19,0,8,11,21,5,11,5
146,4,0.347826086956522,0.260869565217391,0.391304347826087,0.0673560631828473,0.186619219125122,0.0933096095625612,0.284580729330343,0.230805313281009,0.484613957388648,0.0298854838071157,0.0755573248323518,0.0377786624161759,0.310047424540346,0.296169036982815,0.393783538476839,0.0689519343178245,0.192648422516731,0.0963242112583654,0.286519073060458,0.225852367855089,0.487628559084452,0.0577994493837859,0.154891304347826,0.077445652173913,0.286458333333333,0.244791666666667,0.46875,0.067560362480097,0.188719640258243,0.0943598201291215,0.287654944211302,0.226680887833489,0.485664167955208,23,8,9,6,27,16,1,10,20,4,5,11,24,0,13,11,29,5,0,24,24,7,10,7,18,5,2,11,27,10,7,10
146,5,0.347826086956522,0.260869565217391,0.391304347826087,0.0477321473617594,0.134344292423539,0.0671721462117694,0.414998233168291,0.221498691542293,0.363503075289416,0.0252026736544975,0.0700083468218645,0.0350041734109323,0.359514997089262,0.284184828495584,0.356300174415155,0.047740521212462,0.134265095270218,0.0671325476351088,0.414958634591631,0.221086231445873,0.363955133962496,0.0504920008855012,0.142731664470795,0.0713658322353974,0.419191919191919,0.227272727272727,0.353535353535354,0.0495897145121298,0.139768033763942,0.0698840168819712,0.417710103838493,0.220840532457408,0.3614493637041,16,4,7,5,29,10,7,12,28,14,7,7,27,10,8,9,29,18,1,10,19,5,3,11,29,8,11,10,21,14,1,6
147,1,0.304347826086957,0.304347826086957,0.391304347826087,0.0869297367143735,0.228156923547371,0.114078461773686,0.401070140364052,0.321703973583547,0.277225886052401,0.142952954664088,0.395999509810258,0.197999754905129,0.367986797669891,0.438708609409151,0.193304592920958,0.0894856716779569,0.243730285638267,0.121865142819134,0.394830243143104,0.335730551849942,0.269439205006953,0.0923116229922168,0.260386473429952,0.130193236714976,0.377777777777778,0.361111111111111,0.261111111111111,0.0878288629623982,0.237479459340095,0.118739729670047,0.395285414981764,0.332149966862197,0.27256461815604,20,7,10,3,24,7,13,4,23,11,1,11,19,6,1,12,28,5,18,5,24,11,10,3,22,8,9,5,20,13,3,4
147,2,0.304347826086957,0.304347826086957,0.391304347826087,0.0595321890520042,0.154977412345739,0.0774887061728696,0.237094744306903,0.29411220169414,0.468793053998957,0.0165959551207449,0.0427957265225655,0.0213978632612828,0.282949962825674,0.306695878994778,0.410354158179549,0.0577374772656973,0.150163152385935,0.0750815761929675,0.239013295730837,0.294600780250109,0.466385924019054,0.0540341673511849,0.147391304347826,0.0736956521739131,0.25,0.285,0.465,0.0578828149506339,0.1516137898162,0.0758068949081,0.239693370928369,0.293195386337444,0.467111242734187,20,1,8,11,24,0,6,18,21,7,1,13,20,9,7,4,36,11,9,16,26,5,10,11,27,10,7,10,26,7,9,10
147,3,0.304347826086957,0.304347826086957,0.391304347826087,0.0959364831431912,0.241324754828177,0.120662377414088,0.425010203501045,0.297739595269541,0.277250201229414,0.105312703823566,0.293113173723998,0.146556586861999,0.450904412948956,0.25402652539164,0.295069061659405,0.107208154240732,0.279979298752217,0.139989649376109,0.444337475463065,0.284776766175271,0.270885758361664,0.106489034091391,0.274553078790554,0.137276539395277,0.441624365482233,0.289340101522843,0.269035532994924,0.103275158417907,0.267769320689841,0.133884660344921,0.438232486431877,0.287950632303763,0.27381688126436,23,9,8,6,28,20,3,5,22,7,3,12,21,2,16,3,26,7,5,14,20,10,4,6,33,22,5,6,24,10,13,1
147,4,0.304347826086957,0.304347826086957,0.391304347826087,0.034818567242879,0.0856904920693043,0.0428452460346521,0.347193072121609,0.261908243098147,0.390898684780244,0.0691300826239299,0.179585778923293,0.0897928894616465,0.382731286764016,0.21455493662531,0.402713776610674,0.0415191407379179,0.106596306222731,0.0532981531113657,0.357645979198322,0.256362425395879,0.385991595405799,0.0317405353540639,0.082025997310623,0.0410129986553115,0.345360824742268,0.268041237113402,0.38659793814433,0.0401541370549768,0.102227422819212,0.0511137114096059,0.355461537496562,0.257364970676272,0.387173491827166,24,8,6,10,31,14,7,10,20,5,12,3,13,3,0,10,29,12,5,12,29,11,5,13,26,9,5,12,22,5,12,5
147,5,0.304347826086957,0.304347826086957,0.391304347826087,0.0268898926525445,0.0753960897502416,0.0376980448751208,0.342045870962077,0.281169536997516,0.376784592040407,0.0763388674175671,0.187919317993187,0.0939596589965935,0.39830748508355,0.303412766963027,0.298279747953423,0.0271576295340982,0.0767178062467103,0.0383589031233552,0.325185944657642,0.265988922963601,0.408825132378757,0.0396242424703188,0.111286325749043,0.0556431628745213,0.326424870466321,0.248704663212435,0.424870466321244,0.0217410286711194,0.0573921179465733,0.0286960589732866,0.328256746801351,0.27565176711367,0.396091486084979,25,12,3,10,34,4,11,19,21,14,6,1,20,4,9,7,20,10,6,4,19,3,4,12,30,3,1,26,24,13,8,3
148,1,0.260869565217391,0.347826086956522,0.391304347826087,0.0566802139423477,0.142730736950451,0.0713653684752256,0.193576627649223,0.343753656049465,0.462669716301313,0.055002175183153,0.138550579339595,0.0692752896697975,0.256867840365278,0.282552522138838,0.460579637495884,0.0583747966592719,0.158040633990986,0.0790203169954929,0.20066478292587,0.32901055225255,0.47032466482158,0.0533535130380106,0.147391304347826,0.0736956521739131,0.21,0.325,0.465,0.0578848310013505,0.155900029883876,0.0779500149419379,0.200242147534252,0.330503489697724,0.469254362768025,23,7,7,9,26,7,7,12,23,0,7,16,30,9,3,18,19,0,12,7,22,6,13,3,26,3,9,14,31,10,7,14
148,2,0.260869565217391,0.347826086956522,0.391304347826087,0.0654926594911658,0.181983869264015,0.0909919346320074,0.321341631651057,0.256834152324514,0.421824216024428,0.0833965236131035,0.221204729885576,0.110602364942788,0.371471930160179,0.257059317250131,0.37146875258969,0.0596513437983458,0.158106126871263,0.0790530634356313,0.325898726142883,0.26877302352089,0.405328250336227,0.0570222462533205,0.150197628458498,0.075098814229249,0.323863636363636,0.272727272727273,0.403409090909091,0.0597686091500698,0.158332489931433,0.0791662449657167,0.326103403150736,0.268659841990805,0.405236754858459,24,5,14,5,24,7,8,9,31,12,10,9,15,7,2,6,15,0,0,15,21,7,4,10,25,11,6,8,21,8,4,9
148,3,0.260869565217391,0.347826086956522,0.391304347826087,0.0652516440271768,0.184110821676325,0.0920554108381624,0.312466523183892,0.255770676118359,0.431762800697749,0.0655406518095317,0.180389163777382,0.0901945818886911,0.351064147106082,0.321223892872441,0.327711960021477,0.0467081259877511,0.129629892149402,0.0648149460747012,0.304310651621705,0.283011140881821,0.412678207496474,0.030859751595853,0.0860265054638456,0.0430132527319228,0.288770053475936,0.304812834224599,0.406417112299465,0.0511608124120244,0.141318414669339,0.0706592073346694,0.309675088301028,0.277166879621852,0.413158032077119,23,7,3,13,25,3,9,13,30,12,13,5,18,5,0,13,23,11,7,5,28,3,16,9,14,5,0,9,26,8,9,9
148,4,0.260869565217391,0.347826086956522,0.391304347826087,0.0885144666553444,0.239829874661214,0.119914937330607,0.380784502547998,0.256763601578997,0.362451895873005,0.127732796837995,0.323949799055124,0.161974899527562,0.422844464744954,0.197581146447249,0.379574388807797,0.0875472664328734,0.233109369444386,0.116554684722193,0.377424249939584,0.253381910454386,0.369193839606029,0.0708715944520766,0.183022774327122,0.0915113871635611,0.352380952380952,0.266666666666667,0.380952380952381,0.088717307283024,0.240654292352983,0.120327146176491,0.381196711393883,0.256886316294636,0.361916972311481,23,12,3,8,26,13,4,9,31,11,3,17,23,4,6,13,21,9,8,4,25,6,11,8,32,11,20,1,29,8,1,20
148,5,0.260869565217391,0.347826086956522,0.391304347826087,0.0775270914104464,0.211765155103681,0.10588257755184,0.232572437658268,0.270240636963805,0.497186925377927,0.104814936975139,0.276492519215299,0.13824625960765,0.23806312029088,0.232386272275383,0.529550607433737,0.0936186666445357,0.258801460035414,0.129400730017707,0.220423486832027,0.258871435324178,0.520705077843794,0.103049022433342,0.277299138449209,0.138649569224604,0.230414746543779,0.23963133640553,0.529953917050691,0.0826922078005345,0.228121177970437,0.114060588985219,0.22619186289323,0.268443200295465,0.505364936811306,29,2,6,21,25,7,2,16,25,16,8,1,29,9,7,13,25,2,12,11,20,6,4,10,30,1,5,24,34,7,8,19
149,1,0.217391304347826,0.391304347826087,0.391304347826087,0.0757394036594631,0.20311743298705,0.101558716493525,0.196091705736745,0.311045229943644,0.492863064319612,0.126925661990835,0.335978470854538,0.167989235427269,0.188168012098696,0.252538404647947,0.559293583253356,0.0734346577019102,0.194854883584813,0.0974274417924065,0.199820698534021,0.311447511847485,0.488731789618494,0.0792830337728496,0.217391304347826,0.108695652173913,0.186868686868687,0.313131313131313,0.5,0.0748890408631481,0.199929543487404,0.0999647717437021,0.19770472626807,0.311026154162141,0.491269119569789,20,1,7,12,31,6,8,17,27,3,16,8,26,5,5,16,23,7,13,3,24,4,6,14,25,9,4,12,22,2,3,17
149,2,0.217391304347826,0.391304347826087,0.391304347826087,0.118352998464144,0.331884820333567,0.165942410166784,0.153353819163326,0.289399422843803,0.557246757992871,0.0607798800005823,0.170771819868885,0.0853859099344426,0.183255539797337,0.340054202442133,0.47669025776053,0.119869489337084,0.338059477609619,0.169029738804809,0.144045690094421,0.295620223274683,0.560334086630896,0.119420993384729,0.337391304347826,0.168695652173913,0.14,0.3,0.56,0.113861597630203,0.319761564867089,0.159880782433544,0.154042979870359,0.29477188987001,0.551185130259631,27,9,5,13,27,7,15,5,35,2,7,26,23,1,3,19,32,1,14,17,24,6,9,9,16,1,0,15,16,1,7,8
149,3,0.217391304347826,0.391304347826087,0.391304347826087,0.036886061922696,0.0936419618108714,0.0468209809054358,0.220883984766882,0.434632648312467,0.344483366920651,0.0693047891867958,0.176557983586933,0.0882789917934666,0.298406882090196,0.398567761877183,0.30302535603262,0.0512069834109249,0.129774611807575,0.0648873059037877,0.212794749529873,0.456191653729875,0.331013596740253,0.053638528694818,0.137748882568062,0.0688744412840309,0.224299065420561,0.453271028037383,0.322429906542056,0.0490394759671734,0.125006016794668,0.0625030083973338,0.212165475177188,0.453807356223421,0.334027168599391,28,7,11,10,24,8,13,3,19,5,9,5,21,6,3,12,22,0,8,14,24,9,8,7,35,12,13,10,41,1,32,8
149,4,0.217391304347826,0.391304347826087,0.391304347826087,0.0303162680335288,0.0807161263036309,0.0403580631518155,0.250101665270483,0.398952050055245,0.350946284674271,0.0457171955388792,0.129142530664654,0.0645712653323272,0.252506552172776,0.420760365333465,0.32673308249376,0.0273115312259905,0.0702340880984193,0.0351170440492097,0.252508348397036,0.387673299362641,0.359818352240323,0.0365479206730724,0.0967489228358794,0.0483744614179397,0.265765765765766,0.382882882882883,0.351351351351351,0.0285399317756014,0.0747520577009328,0.0373760288504663,0.254767333198292,0.385809737402885,0.359422929398823,30,1,15,14,24,2,10,12,35,21,3,11,29,11,7,11,24,6,12,6,27,8,12,7,31,3,12,16,22,7,14,1
149,5,0.217391304347826,0.391304347826087,0.391304347826087,0.0389942055516751,0.10455737148994,0.0522786857449701,0.176052410084151,0.380364556344792,0.443583033571057,0.103730812436255,0.2595682657945,0.12978413289725,0.0932777780294051,0.385633741247258,0.521088480723337,0.0353386932066684,0.0999012132392856,0.0499506066196427,0.191024049142349,0.367720996411922,0.44125495444573,0.0368750569422155,0.101527614571093,0.0507638072855464,0.232432432432432,0.340540540540541,0.427027027027027,0.0334243479041668,0.0942588777532567,0.0471294388766283,0.190681343645509,0.370884869651775,0.438433786702715,27,17,6,4,26,9,8,9,18,1,8,9,19,1,11,7,19,1,7,11,27,12,6,9,19,0,8,11,30,2,9,19
150,1,0.173913043478261,0.434782608695652,0.391304347826087,0.0930318925062883,0.246935309799938,0.123467654899969,0.0728192975822357,0.558250263595621,0.368930438822143,0.0788846029326892,0.19770001831601,0.098850009158005,0.0797032464260447,0.533632617853657,0.386664135720298,0.0801536332512698,0.21543970654022,0.10771985327011,0.0894879030591007,0.542502461965762,0.368009634975137,0.0930340846390695,0.246939636977628,0.123469818488814,0.0728155339805825,0.558252427184466,0.368932038834951,0.0930407525631599,0.24695726929802,0.12347863464901,0.0728082267260725,0.558261243344662,0.368930529929265,21,3,10,8,26,2,12,12,29,3,20,6,25,0,16,9,33,1,21,11,18,2,10,6,25,1,13,11,29,3,13,13
150,2,0.173913043478261,0.434782608695652,0.391304347826087,0.0398841010657253,0.111799890640272,0.0558999453201358,0.229812988798397,0.413352556405946,0.356834454795657,0.0592414909087943,0.155194226172082,0.0775971130860409,0.185355661028454,0.5009371042315,0.313707234740046,0.0400572246778699,0.09976009076974,0.04988004538487,0.222109413210644,0.436466284348139,0.341424302441217,0.0365281275559961,0.0945353011567611,0.0472676505783806,0.215596330275229,0.440366972477064,0.344036697247706,0.0438039022913468,0.113243285071342,0.0566216425356711,0.230534686013932,0.42823563316672,0.341229680819348,26,7,4,15,24,5,13,6,28,3,15,10,23,1,3,19,27,16,6,5,32,6,16,10,19,3,10,6,39,6,29,4
150,3,0.173913043478261,0.434782608695652,0.391304347826087,0.00855267687861286,0.023931803580103,0.0119659017900515,0.178367819498454,0.422816706905601,0.398815473595945,0.0201281828396362,0.0493964565580063,0.0246982282790032,0.174005985436065,0.410084380416649,0.415909634147286,0.0215463344416378,0.0553701415305028,0.0276850707652515,0.176731993493656,0.407097537930401,0.416170468575944,0.0178366522098881,0.0459627329192546,0.0229813664596273,0.171428571428571,0.414285714285714,0.414285714285714,0.0224661292397908,0.0611341920178297,0.0305670960089148,0.181691264993164,0.404215512686737,0.414093222320099,28,2,18,8,33,8,5,20,20,3,12,5,20,0,17,3,21,2,8,11,35,7,14,14,30,4,5,21,23,10,8,5
150,4,0.173913043478261,0.434782608695652,0.391304347826087,0.0479959149588101,0.118150176407401,0.0590750882037006,0.232988131681962,0.376296623454532,0.390715244863506,0.050997022682707,0.129446081697434,0.0647230408487172,0.233828882461101,0.43958981056153,0.32658130697737,0.0499103847585795,0.124303942073073,0.0621519710365367,0.236065014514798,0.374733892337346,0.389201093147857,0.0543810140047601,0.144176616355035,0.0720883081775174,0.233160621761658,0.362694300518135,0.404145077720207,0.0519217263882713,0.135955876544017,0.0679779382720086,0.241890981750269,0.376751001644415,0.381358016605316,20,6,12,2,24,5,13,6,17,2,3,12,27,6,11,10,30,12,16,2,19,0,6,13,28,2,6,20,28,12,3,13
150,5,0.173913043478261,0.434782608695652,0.391304347826087,0.0410691896252407,0.106734768292013,0.0533673841460064,0.180748329147464,0.381415224549646,0.43783644630289,0.0439448610225863,0.123698900742562,0.0618494503712808,0.199573708252062,0.372933158324371,0.427493133423567,0.0407018560946334,0.102264664999846,0.0511323324999232,0.176586523905883,0.383650276195729,0.439763199898388,0.0365302144266822,0.097287989668532,0.048643994834266,0.183168316831683,0.386138613861386,0.430693069306931,0.0406245561304329,0.101395455733874,0.0506977278669368,0.175855986514667,0.384084880828715,0.440059132656618,23,6,8,9,27,2,19,6,23,6,8,9,30,4,12,14,20,2,10,8,31,0,13,18,24,10,4,10,24,7,4,13
151,1,0.130434782608696,0.478260869565217,0.391304347826087,0.108867639441898,0.301813169554407,0.150906584777204,0.028549570508555,0.429239496888154,0.542210932603291,0.172332690449755,0.486548389757163,0.243274194878581,0.0214895674612593,0.343931889834072,0.634578542704668,0.109829291272008,0.303765424285629,0.151882712142815,0.0263430953478598,0.430469844683239,0.543187059968902,0.106124370731534,0.298731017266486,0.149365508633243,0.0430622009569378,0.416267942583732,0.54066985645933,0.105420380009366,0.290971935476713,0.145485967738357,0.0294861313054001,0.433723553130156,0.536790315564444,29,0,11,18,20,0,4,16,24,0,7,17,26,0,15,11,30,7,18,5,26,2,7,17,32,0,11,21,22,0,14,8
151,2,0.130434782608696,0.478260869565217,0.391304347826087,0.0850868202676666,0.21171031696364,0.10585515848182,0.232917024011554,0.372405711083397,0.394677264905048,0.097098091915172,0.253239175166658,0.126619587583329,0.239762716416245,0.351641281981889,0.408596001601866,0.084329133063526,0.22068175026339,0.110340875131695,0.224794153322149,0.367919994433522,0.407285852244328,0.0850129059775672,0.224281301971965,0.112140650985982,0.224043715846995,0.366120218579235,0.409836065573771,0.0849454054839534,0.220636012760778,0.110318006380389,0.226776743080297,0.367942863184828,0.405280393734874,23,6,14,3,24,7,4,13,25,5,10,10,19,6,5,8,18,2,9,7,27,0,15,12,28,5,3,20,19,10,7,2
151,3,0.130434782608696,0.478260869565217,0.391304347826087,0.0532686828212737,0.150224256548881,0.0751121282744406,0.205546910883136,0.43570930807206,0.358743781044804,0.0840216111366116,0.21656297317273,0.108281486586365,0.142198805240965,0.369979382978852,0.487821811780183,0.0402180695419244,0.113725772132085,0.0568628860660424,0.187297668674738,0.448734521194368,0.363967810130894,0.0398220175430128,0.110989731265021,0.0554948656325104,0.185929648241206,0.442211055276382,0.371859296482412,0.049127616692478,0.138923723062944,0.0694618615314721,0.199896644140168,0.44478350461806,0.355319851241772,22,4,18,0,30,4,12,14,24,4,7,13,22,15,3,4,21,2,6,13,19,2,6,11,34,5,20,9,27,1,16,10
151,4,0.130434782608696,0.478260869565217,0.391304347826087,0.077899649904059,0.220271375403981,0.11013568770199,0.18323747667001,0.368125181863227,0.448637341466763,0.0486186526043541,0.127790514587481,0.0638952572937405,0.14038906810089,0.414365612271477,0.445245319627633,0.0800265807117425,0.226010333670845,0.113005166835422,0.192299700591995,0.365255702729795,0.442444596678211,0.0852735691788733,0.234782608695652,0.117391304347826,0.21304347826087,0.360869565217391,0.426086956521739,0.0805296556740732,0.227288226495774,0.113644113247887,0.193683331864957,0.36461675631733,0.441699911817713,32,1,16,15,31,4,17,10,29,5,12,12,37,22,4,11,26,4,9,13,29,10,9,10,22,1,10,11,24,2,6,16
151,5,0.130434782608696,0.478260869565217,0.391304347826087,0.0105419272455585,0.0287370868683811,0.0143685434341906,0.116066239174505,0.482001732395641,0.401932028429854,0.119832776737064,0.335789038431474,0.167894519215737,0.0664478432327249,0.374353289725451,0.559198867041824,0.0225080139874906,0.0596782444003238,0.0298391222001619,0.100595660408534,0.483581673962763,0.415822665628703,0.02968734163185,0.0759771629336847,0.0379885814668423,0.095959595959596,0.474747474747475,0.429292929292929,0.0116647820030653,0.0302101724835781,0.015105086241789,0.117139593234579,0.476450972697545,0.406409434067876,26,8,15,3,25,0,21,4,27,4,4,19,13,0,6,7,22,1,7,14,32,1,14,17,23,3,18,2,30,2,9,19
152,1,0.0869565217391304,0.521739130434783,0.391304347826087,0.0544603461129275,0.145180680618252,0.0725903403091258,0.0729520630685862,0.463153248796201,0.463894688135213,0.107330316474082,0.269558380153343,0.134779190076671,0.0800286724029101,0.393887789694332,0.526083537902758,0.0457193224766404,0.127229613870218,0.0636148069351089,0.0651617066253018,0.479919138613502,0.454919154761196,0.0344555438467345,0.0906307409675444,0.0453153704837722,0.07981220657277,0.483568075117371,0.436619718309859,0.0482835198418269,0.127925471454648,0.0639627357273242,0.0756759693468816,0.469056947099707,0.455267083553411,25,6,2,17,24,0,9,15,24,0,17,7,24,2,8,14,33,0,28,5,18,0,10,8,31,1,20,10,34,8,9,17
152,2,0.0869565217391304,0.521739130434783,0.391304347826087,0.0315517447583662,0.089130697361742,0.044565348680871,0.0666015840663763,0.497528719426666,0.435869696506958,0.027672712482543,0.0778928995515608,0.0389464497757804,0.0708073097286519,0.560685580210563,0.368507110060785,0.0365082760835008,0.103002852605186,0.051501426302593,0.0643655001048351,0.492828725766485,0.44280577412868,0.0351612092890207,0.0994425863991081,0.049721293199554,0.0615384615384615,0.497435897435897,0.441025641025641,0.0364615453489771,0.102304588070704,0.0511522940353519,0.0670149594482958,0.490528398690265,0.442456641861439,20,1,14,5,24,6,10,8,26,1,3,22,22,0,15,7,21,0,9,12,30,3,14,13,22,1,16,5,30,0,16,14
152,3,0.0869565217391304,0.521739130434783,0.391304347826087,0.0646393196728609,0.177262281881414,0.0886311409407071,0.0620253035488204,0.458039207684385,0.479935488766794,0.0478525974534266,0.12761451378017,0.0638072568900849,0.0745793394807746,0.585546387324868,0.339874273194358,0.0586771488269243,0.164584727058018,0.0822923635290089,0.0550562509785579,0.471347037666346,0.473596711355096,0.0594714120118917,0.167886353852777,0.0839431769263883,0.0495049504950495,0.475247524752475,0.475247524752475,0.0583713975989107,0.161606763163707,0.0808033815818535,0.0611815267534157,0.466710743838644,0.47210772940794,29,2,16,11,31,2,19,10,27,3,16,8,20,0,9,11,18,0,3,15,20,3,13,4,30,0,17,13,27,0,3,24
152,4,0.0869565217391304,0.521739130434783,0.391304347826087,0.0193834670257473,0.0507866643212855,0.0253933321606427,0.0615631895784877,0.543377955216547,0.395058855204965,0.0245246139713429,0.0635942543207886,0.0317971271603943,0.0551593945787361,0.549633195835428,0.395207409585836,0.0196935536312362,0.0485322187466141,0.024266109373307,0.0626904123658234,0.545709458196414,0.391600129437763,0.0172793300742709,0.0464688290775248,0.0232344145387624,0.0687830687830688,0.544973544973545,0.386243386243386,0.0192340493999022,0.0475505488805211,0.0237752744402606,0.0631812472988699,0.545071208595585,0.391747544105545,26,5,7,14,24,0,20,4,18,0,11,7,14,0,7,7,30,2,22,6,27,1,15,11,26,0,10,16,24,5,11,8
152,5,0.0869565217391304,0.521739130434783,0.391304347826087,0.0130730831374882,0.0325727021797384,0.0162863510898692,0.0712354619107922,0.538025481524652,0.390739056564556,0.0574665630108696,0.160874708690804,0.080437354345402,0.0567868652081413,0.602176484780185,0.341036650011674,0.0156668097641778,0.0438019813713112,0.0219009906856557,0.0731020037516727,0.543640121120438,0.383257875127889,0.0198003088804759,0.0559981789210107,0.0279990894605053,0.0732984293193717,0.549738219895288,0.37696335078534,0.0168461900344261,0.0470235827185821,0.023511791359291,0.0718707719602983,0.545250921794074,0.382878306245628,26,0,20,6,21,1,13,7,28,4,8,16,28,2,16,10,23,6,10,7,17,0,11,6,16,0,4,12,32,1,23,8
153,1,0.0434782608695652,0.565217391304348,0.391304347826087,0.0897869300580231,0.225894671139653,0.112947335569827,0.0497053988775454,0.452270055734521,0.498024545387933,0.0183300884862268,0.0510422076358183,0.0255211038179092,0.0346538442232744,0.548520704132729,0.416825451643996,0.100342772499759,0.251686452992045,0.125843226496022,0.0496053343429581,0.439374164808325,0.511020500848716,0.0981334853128015,0.25475910693302,0.12737955346651,0.0594594594594595,0.437837837837838,0.502702702702703,0.100329680109275,0.251859812700652,0.125929906350326,0.0498277472428656,0.439287484954022,0.510884767803112,21,0,8,13,24,8,4,12,25,0,9,16,18,1,11,6,21,0,13,8,21,0,13,8,34,1,10,23,21,1,13,7
153,2,0.0434782608695652,0.565217391304348,0.391304347826087,0.11773423201097,0.289441650489962,0.144720825244981,0.0424195742859879,0.421555252642944,0.536025173071068,0.0340290807766509,0.0848593477649232,0.0424296738824615,0.0450268935906951,0.522787717421886,0.432185388987419,0.116533976981372,0.28853025407418,0.14426512703709,0.0403452011707699,0.424085323966053,0.535569474863177,0.109579812317635,0.274982927384475,0.137491463692238,0.0366492146596859,0.43455497382199,0.528795811518325,0.116900950429768,0.28847096431612,0.14423548215806,0.0456257040926574,0.420981909146288,0.533392386761055,18,0,7,11,20,0,14,6,23,0,2,21,25,1,16,8,18,0,10,8,22,0,12,10,40,4,19,17,25,2,3,20
153,3,0.0434782608695652,0.565217391304348,0.391304347826087,0.0211753579392863,0.0566777089342901,0.028338854467145,0.0151394064024202,0.587769877132659,0.397090716464921,0.0222644566932433,0.0590065902192713,0.0295032951096357,0.019201607749223,0.559990749315054,0.420807642935723,0.0171872351556975,0.0476286089022059,0.0238143044511029,0.0196639564184623,0.58133889473483,0.398997148846708,0.0208242689617269,0.0563442768411713,0.0281721384205856,0.0153061224489796,0.586734693877551,0.397959183673469,0.0208638340852836,0.05634405387093,0.028172026935465,0.0153062339341002,0.586899590187665,0.397794175878235,22,0,13,9,26,1,12,13,21,0,13,8,26,2,15,9,26,0,11,15,23,0,12,11,20,0,17,3,32,0,22,10
153,4,0.0434782608695652,0.565217391304348,0.391304347826087,0.0530395174859675,0.134623547701478,0.0673117738507391,0.0484700683832985,0.497905617453609,0.453624314163093,0.055100973360774,0.145478041615683,0.0727390208078413,0.0313151966503782,0.504641434715693,0.464043368633928,0.0413070872522264,0.103802157910456,0.0519010789552282,0.0462098062182999,0.51331631234912,0.440473881432581,0.0437629318097083,0.118806875631951,0.0594034378159757,0.0581395348837209,0.505813953488372,0.436046511627907,0.0421832374391806,0.10818506777929,0.0540925338896449,0.0487383713308852,0.511124857414703,0.440136771254412,18,3,3,12,22,0,12,10,28,1,22,5,12,0,5,7,18,0,11,7,26,0,12,14,23,0,8,15,25,6,14,5
153,5,0.0434782608695652,0.565217391304348,0.391304347826087,0.13789862662549,0.341663885825406,0.170831942912703,0.0474302384494952,0.394385448391645,0.55818431315886,0.202080063862439,0.511955351193077,0.255977675596538,0.0614166533569852,0.309239715707809,0.629343630935205,0.133153769860223,0.330971301597679,0.16548565079884,0.0484022956285038,0.399731740505508,0.551865963865988,0.13446455839931,0.348256564786913,0.174128282393457,0.0643564356435644,0.391089108910891,0.544554455445545,0.131801078541249,0.328764811289293,0.164382405644647,0.0495701536239653,0.400834985659701,0.549594860716334,15,0,4,11,25,0,12,13,26,0,14,12,23,4,6,13,31,2,7,22,31,7,15,9,27,0,16,11,24,0,5,19
154,1,0.521739130434783,0.0434782608695652,0.434782608695652,0.0460357270619912,0.129955883453224,0.0649779417266118,0.550716325975122,0.0794790070558381,0.36980466696904,0.0310568495271517,0.0821657076651428,0.0410828538325714,0.487746265136045,0.0845611147021366,0.427692620161818,0.0514339162464008,0.144748060576109,0.0723740302880543,0.551627620707024,0.0859638008853786,0.362408578407598,0.0448000893502208,0.1256038647343,0.0628019323671498,0.560386473429952,0.0676328502415459,0.371980676328502,0.0489650906347535,0.138482396968608,0.0692411984843042,0.55714233791056,0.0773162518780924,0.365541410211348,23,8,4,11,30,17,1,12,21,8,2,11,29,15,0,14,25,11,2,12,23,12,2,9,29,25,2,2,27,20,1,6
154,2,0.521739130434783,0.0434782608695652,0.434782608695652,0.0531770873570917,0.14975787012425,0.0748789350621252,0.553131884590203,0.0869644417762704,0.359903673633527,0.0650101063361684,0.178436032287554,0.0892180161437771,0.547123672706904,0.107311734741221,0.345564592551875,0.0511843235330603,0.141318391694922,0.0706591958474609,0.543459503731514,0.0924170834202946,0.364123412848191,0.0491574921528853,0.138795986622074,0.0693979933110368,0.552884615384615,0.0817307692307692,0.365384615384615,0.0503904323693449,0.141713344438679,0.0708566722193393,0.550587761911635,0.085486301612052,0.363925936476313,24,16,2,6,31,20,3,8,27,13,3,11,32,10,2,20,25,20,0,5,23,9,3,11,26,16,0,10,20,11,4,5
154,3,0.521739130434783,0.0434782608695652,0.434782608695652,0.0765226270352607,0.188007617032188,0.094003808516094,0.615174122689629,0.0440470771308123,0.340778800179558,0.0962355402005414,0.254048105434217,0.127024052717109,0.648763183151891,0.0222815546684428,0.328955262179666,0.0966448750025433,0.242449432338466,0.121224716169233,0.642963846604016,0.0375355830350879,0.319500570360896,0.0931871097797948,0.260869565217391,0.130434782608696,0.603260869565217,0.0923913043478261,0.304347826086957,0.0803996740076432,0.19760160651845,0.0988008032592251,0.620539933694008,0.0428114444487372,0.336648621857255,29,27,0,2,25,13,5,7,24,15,0,9,25,8,0,17,20,6,12,2,17,12,0,5,19,12,0,7,25,18,0,7
154,4,0.521739130434783,0.0434782608695652,0.434782608695652,0.0149353727554309,0.0412144299678435,0.0206072149839218,0.542346345418704,0.0371877640128003,0.420465890568495,0.0128751782503632,0.036154525776806,0.018077262888403,0.514588552833991,0.0325515755819537,0.452859871584055,0.0200133473509765,0.0527340801004301,0.0263670400502151,0.548106170484998,0.0392045953622947,0.412689234152708,0.0224514702200228,0.0634984833164813,0.0317492416582407,0.553488372093023,0.027906976744186,0.418604651162791,0.0205499094618717,0.0550109325120232,0.0275054662560116,0.549244596690794,0.037851729982843,0.412903673326363,32,25,2,5,25,12,0,13,23,18,0,5,29,16,2,11,17,3,0,14,30,13,1,16,35,17,1,17,24,15,0,9
154,5,0.521739130434783,0.0434782608695652,0.434782608695652,0.0113092795744255,0.0319785050292659,0.0159892525146329,0.537728382949415,0.0351556715712571,0.427115945479327,0.0373491290235114,0.0998611741322519,0.049930587066126,0.481852760712438,0.0334340435257843,0.484713195761778,0.00680219823211554,0.0191493214419048,0.00957466072095237,0.531313791155735,0.0378851667456431,0.430801042098622,0.00395312863565565,0.0107089312486614,0.00535446562433073,0.527093596059113,0.0394088669950739,0.433497536945813,0.00704394455039427,0.0197423352896137,0.00987116764480689,0.531610298079589,0.037382604101338,0.431007097819073,22,12,0,10,25,21,0,4,21,8,0,13,18,7,0,11,32,16,5,11,29,13,0,16,39,17,2,20,17,13,1,3
155,1,0.478260869565217,0.0869565217391304,0.434782608695652,0.0465591134896383,0.126772672550849,0.0633863362754245,0.414874533289793,0.103214151221012,0.481911315489195,0.0762160431380649,0.212502745878182,0.106251372939091,0.547080891282033,0.124387872961406,0.328531235756561,0.0425827326652803,0.107380869723189,0.0536904348615943,0.424570434703623,0.0901810578684967,0.48524850742788,0.0482511384262723,0.120700843608047,0.0603504218040234,0.417910447761194,0.0895522388059701,0.492537313432836,0.0414513358362289,0.113990930845778,0.0569954654228891,0.421265404142328,0.103581699762011,0.475152896095661,22,2,1,19,24,14,7,3,22,6,0,16,26,17,2,7,25,5,1,19,29,16,6,7,30,12,0,18,23,12,1,10
155,2,0.478260869565217,0.0869565217391304,0.434782608695652,0.0665148010371623,0.171226284998142,0.085613142499071,0.40170343893262,0.0779008098726572,0.520395751194723,0.0568943153860348,0.156788482693318,0.0783942413466592,0.423372927446543,0.063450222511146,0.513176850042311,0.0579196590979303,0.152189342086906,0.0760946710434531,0.413960321971019,0.0751623982898761,0.510877279739105,0.0534534552273212,0.135562987736901,0.0677814938684504,0.415384615384615,0.0820512820512821,0.502564102564103,0.0567402873693317,0.146345782457084,0.0731728912285419,0.41315274258267,0.0788917574931361,0.507955499924194,25,5,8,12,22,9,1,12,24,5,4,15,20,4,0,16,28,13,2,13,30,24,0,6,25,13,1,11,21,8,0,13
155,3,0.478260869565217,0.0869565217391304,0.434782608695652,0.0784468885632726,0.211178000182272,0.105589000091136,0.372671869474082,0.110270625201488,0.51705750532443,0.0737081283705946,0.185236232276864,0.0926181161384318,0.385642753426786,0.0918440189484505,0.522513227624764,0.0773352025315305,0.210821902165965,0.105410951082983,0.372849918482235,0.114413257317505,0.51273682420026,0.0830399119659194,0.222853397421892,0.111426698710946,0.366834170854271,0.110552763819095,0.522613065326633,0.0790252246409453,0.212065765514982,0.106032882757491,0.372227986807726,0.109391105343537,0.518380907848737,41,15,2,24,22,11,1,10,30,15,7,8,28,5,0,23,16,5,1,10,22,10,5,7,24,6,5,13,16,6,1,9
155,4,0.478260869565217,0.0869565217391304,0.434782608695652,0.0242632653821306,0.0631090145943034,0.0315545072971516,0.482363626546654,0.114408272054846,0.403228101398501,0.066738044351699,0.178961067325599,0.0894805336627994,0.388780335902418,0.157694392640896,0.453525271456686,0.0217124440985576,0.0532359920303022,0.0266179960151511,0.478312527749038,0.113522859570461,0.408164612680501,0.0171116139385635,0.0454446143762289,0.0227223071881145,0.482412060301508,0.105527638190955,0.412060301507538,0.0207056536293441,0.0516424546533979,0.0258212273266989,0.479211788297894,0.111826830333153,0.408961381368953,21,8,4,9,18,15,2,1,23,15,0,8,28,7,5,16,24,7,1,16,30,18,1,11,32,18,2,12,23,8,6,9
155,5,0.478260869565217,0.0869565217391304,0.434782608695652,0.0131543288218251,0.0370578462274611,0.0185289231137306,0.467559812618848,0.0791286555717697,0.453311531809383,0.143409043295049,0.387600340989926,0.193800170494963,0.329588678070315,0.0418285427390692,0.628582779190615,0.0316096663702709,0.0890687752210503,0.0445343876105252,0.459351167707284,0.0613318359865392,0.479316996306177,0.0482095337235194,0.135670384702937,0.0678351923514682,0.450261780104712,0.0471204188481675,0.50261780104712,0.012721397525297,0.0350012352559738,0.0175006176279869,0.465898467248254,0.0818183064281065,0.452283226323639,18,8,1,9,25,7,1,17,22,17,0,5,24,8,0,16,26,7,1,18,21,9,0,12,28,7,2,19,27,23,4,0
156,1,0.434782608695652,0.130434782608696,0.434782608695652,0.014175969728501,0.0362319159159436,0.0181159579579718,0.433160773008979,0.148550740566667,0.418288486424353,0.00970218743557671,0.0252925102888439,0.012646255144422,0.447428863840074,0.119501575355044,0.433069560804882,0.0199155088645631,0.0504327997986861,0.025216399899343,0.433039081869874,0.155651182508039,0.411309735622088,0.0153740598155123,0.0401013085690165,0.0200506542845082,0.432038834951456,0.150485436893204,0.41747572815534,0.0158397144891186,0.0397785180745658,0.0198892590372829,0.435802112789064,0.149304537552567,0.414893349658369,23,10,8,5,31,16,2,13,22,7,2,13,36,17,10,9,24,5,2,17,24,14,1,9,31,13,3,15,15,7,3,5
156,2,0.434782608695652,0.130434782608696,0.434782608695652,0.0555817129935214,0.143720285891132,0.0718601429455658,0.498300360767271,0.138777173482642,0.362922465750086,0.0822675520967355,0.231988189158837,0.115994094579419,0.500586877578814,0.180624608304952,0.318788514116233,0.0507638870119739,0.133244729650322,0.0666223648251608,0.491257420264176,0.140582335865333,0.368160243870491,0.0523387274250296,0.142292490118577,0.0711462450592885,0.488038277511962,0.148325358851675,0.363636363636364,0.0516111221566809,0.134940248994099,0.0674701244970494,0.492629879898817,0.14005763590258,0.367312484198603,21,11,4,6,28,13,0,15,32,17,2,13,29,17,6,6,20,11,0,9,33,11,8,14,26,8,8,10,20,14,3,3
156,3,0.434782608695652,0.130434782608696,0.434782608695652,0.0806682166003467,0.217137030281983,0.108568515140992,0.543351123836644,0.106493562036511,0.350155314126845,0.0676819960423445,0.172384484600059,0.0861922423000296,0.520974850995682,0.123386572741911,0.355638576262407,0.0783741238049445,0.206205436737412,0.103102718368706,0.537885327064358,0.114113056150596,0.348001616785046,0.0853208788632125,0.229911222399272,0.114955611199636,0.549738219895288,0.104712041884817,0.345549738219895,0.0832508062617165,0.223620515085093,0.111810257542547,0.546592866238199,0.106465446391245,0.346941687370556,18,4,3,11,23,13,3,7,27,13,2,12,22,17,1,4,27,21,1,5,24,13,0,11,27,12,7,8,23,12,3,8
156,4,0.434782608695652,0.130434782608696,0.434782608695652,0.0617037962451249,0.165578283406421,0.0827891417032104,0.351993466992442,0.147944081457995,0.500062451549564,0.0921688095090213,0.260665500970672,0.130332750485336,0.304449858210316,0.19723357405465,0.498316567735034,0.0634823340167568,0.169008917132788,0.0845044585663941,0.350278150129258,0.146433298628374,0.503288551242368,0.0610284642607379,0.165654602866165,0.0828273014330823,0.35195530726257,0.150837988826816,0.497206703910615,0.0627352190914135,0.168943866617596,0.0844719333087978,0.350310675386854,0.14917753888271,0.500511785730435,20,14,2,4,26,6,10,10,27,8,1,18,20,2,2,16,23,15,0,8,20,6,1,13,22,4,7,11,21,8,4,9
156,5,0.434782608695652,0.130434782608696,0.434782608695652,0.0377458304874915,0.0954389520688529,0.0477194760344264,0.437923749172599,0.175013118166175,0.387063132661226,0.0832496648916714,0.23263740320135,0.116318701600675,0.39237856812118,0.246753484209371,0.36086794766945,0.0299200225196642,0.0775055365862566,0.0387527682931283,0.430119444236843,0.169187550901824,0.400693004861333,0.0403813592751741,0.112867808519982,0.0564339042599912,0.414141414141414,0.186868686868687,0.398989898989899,0.0322693884947707,0.0844003191388427,0.0422001595694213,0.428726798583351,0.172634942178117,0.398638259238532,24,9,10,5,28,11,1,16,26,10,9,7,21,9,9,3,29,5,2,22,27,9,5,13,20,11,1,8,23,18,0,5
157,1,0.391304347826087,0.173913043478261,0.434782608695652,0.0473048576685245,0.132358723022227,0.0661793615111135,0.432870078430781,0.198526674384681,0.368603247184539,0.0425578837381384,0.105328109996388,0.0526640549981942,0.392404784297987,0.225476662004555,0.382118553697458,0.0467619307790468,0.132260597777788,0.0661302988888938,0.424045565293527,0.207302124899715,0.368652309806758,0.0536524167670504,0.142292490118577,0.0711462450592885,0.404040404040404,0.232323232323232,0.363636363636364,0.0459967786762528,0.130017851531798,0.065008925765899,0.425792532201875,0.204433784868372,0.369773682929753,22,7,0,15,30,11,5,14,26,16,0,10,35,11,14,10,16,9,5,2,26,11,12,3,20,10,2,8,23,5,8,10
157,2,0.391304347826087,0.173913043478261,0.434782608695652,0.0474125132561275,0.125099709454722,0.0625498547273608,0.339111572220218,0.163555964356769,0.497332463423013,0.0411657223623746,0.116309581343528,0.058154790671764,0.359894510022181,0.147168090610403,0.492937399367416,0.0417989997744249,0.102838117263475,0.0514190586317375,0.340340217339679,0.173458115332932,0.48620166732739,0.0445285803321788,0.116216773130023,0.0581083865650113,0.341232227488152,0.165876777251185,0.492890995260663,0.0448292226135268,0.117474892379464,0.0587374461897319,0.341273506942113,0.165206438172503,0.493520054885384,28,7,3,18,18,7,1,10,31,15,2,14,25,3,6,16,20,6,3,11,30,10,10,10,26,10,3,13,33,14,7,12
157,3,0.391304347826087,0.173913043478261,0.434782608695652,0.0174148770247166,0.0442628790804585,0.0221314395402292,0.413435787366316,0.153489628982046,0.433074583651638,0.0297941425589231,0.0829190449288955,0.0414595224644478,0.349844825361639,0.20115182875385,0.449003345884511,0.0205882033625737,0.0577107359523147,0.0288553679761574,0.420159715802244,0.156118316162803,0.423721968034953,0.0248498959412786,0.0695652173913043,0.0347826086956521,0.426086956521739,0.152173913043478,0.421739130434783,0.0205111816485838,0.0575249813523975,0.0287624906761988,0.420066838502286,0.156275695176804,0.42365746632091,31,17,5,9,27,8,7,12,36,14,7,15,34,27,1,6,30,9,7,14,19,10,0,9,23,4,2,17,30,9,6,15
157,4,0.391304347826087,0.173913043478261,0.434782608695652,0.0475082161404935,0.130351146420532,0.0651755732102659,0.372846472537474,0.127195345556608,0.499958181905918,0.0208886888910786,0.0584739384952463,0.0292369692476232,0.362067378578464,0.18487014758476,0.453062473836777,0.0489071489717006,0.134693090212927,0.0673465451064636,0.371276439961183,0.126594406236701,0.502129153802116,0.0447492806130328,0.125253435458437,0.0626267177292183,0.367875647668394,0.134715025906736,0.49740932642487,0.0495049289637142,0.136311253523422,0.0681556267617108,0.371090693023825,0.125971071518813,0.502938235457363,27,10,6,11,26,10,7,9,24,4,7,13,26,10,3,13,14,2,2,10,25,14,0,11,17,11,1,5,34,10,0,24
157,5,0.391304347826087,0.173913043478261,0.434782608695652,0.020995963144367,0.0577335973773624,0.0288667986886812,0.41176075743439,0.182323432558639,0.405915810006971,0.0433148970278169,0.118916643790936,0.0594583218954681,0.433792874934675,0.190882838265141,0.375324286800184,0.0238975050684831,0.0670099884787735,0.0335049942393867,0.41189059552599,0.186831790017744,0.401277614456265,0.0203350944933366,0.0543478260869565,0.0271739130434783,0.41304347826087,0.179347826086957,0.407608695652174,0.0217595607541063,0.0579758013758699,0.0289879006879349,0.414742231119114,0.179463060873169,0.405794708007717,14,7,1,6,38,22,6,10,26,8,1,17,18,6,5,7,19,8,5,6,19,8,7,4,29,7,6,16,21,10,2,9
158,1,0.347826086956522,0.217391304347826,0.434782608695652,0.0941901429341817,0.243771473373221,0.121885736686611,0.333418956849695,0.339277041034437,0.327304002115869,0.128626619193232,0.325259383458545,0.162629691729272,0.337086720358077,0.380020996077098,0.282892283564825,0.0935019950788313,0.245073097236121,0.12253654861806,0.329598843248106,0.339927852965886,0.330473303786008,0.0896673608777539,0.235487661574618,0.117743830787309,0.32972972972973,0.335135135135135,0.335135135135135,0.0934931336691388,0.24501195394396,0.12250597697198,0.329650508670296,0.339897281319806,0.330452210009898,21,7,10,4,23,9,11,3,20,15,2,3,27,9,8,10,24,5,7,12,24,10,9,5,23,3,3,17,23,3,12,8
158,2,0.347826086956522,0.217391304347826,0.434782608695652,0.0358687677536751,0.0980503261028377,0.0490251630514188,0.298800923905103,0.25318452375829,0.448014552336607,0.117859067837197,0.332550556451253,0.166275278225627,0.25466154924931,0.383666582573453,0.361671868177237,0.034406157221322,0.0904245895651244,0.0452122947825621,0.30261379217396,0.255571846831005,0.441814360995036,0.0447124988148233,0.112585812356979,0.0562929061784897,0.294736842105263,0.273684210526316,0.431578947368421,0.0312108538513392,0.0808067029176629,0.0404033514588314,0.30742273549769,0.252983009003956,0.439594255498354,21,7,4,10,26,3,13,10,26,7,1,18,19,9,6,4,18,2,0,16,33,19,5,9,27,6,13,8,20,3,10,7
158,3,0.347826086956522,0.217391304347826,0.434782608695652,0.0628411290005539,0.159706043653052,0.0798530218265259,0.421533249432116,0.223537163698757,0.354929586869126,0.0936696433531247,0.24799848523019,0.123999242615095,0.450188364296774,0.239028269622669,0.310783366080557,0.0582207066900295,0.142973287581627,0.0714866437908138,0.419312730747335,0.217027649648051,0.363659619604614,0.0553940617672406,0.146560522555624,0.0732802612778118,0.408450704225352,0.230046948356808,0.36150234741784,0.0582290504393246,0.142969823913735,0.0714849119568677,0.419310998913389,0.217051729530214,0.363637271556397,20,11,4,5,28,11,8,9,31,10,5,16,29,10,0,19,28,7,12,9,31,18,3,10,25,13,6,6,21,7,11,3
158,4,0.347826086956522,0.217391304347826,0.434782608695652,0.0361752203234088,0.0982951026059396,0.0491475513029698,0.396973638259492,0.180514744504858,0.422511617235651,0.0629311959371004,0.155462089977146,0.0777310449885732,0.425557131945095,0.140990243801596,0.433452624253309,0.0280275052789238,0.077585609228687,0.0387928046143434,0.37426878693376,0.178598499733483,0.447132713332758,0.0355600171771068,0.0913482652613088,0.0456741326306544,0.388888888888889,0.171717171717172,0.439393939393939,0.0237810574736751,0.0657075633818433,0.0328537816909217,0.370480321802703,0.184537522656904,0.444982155540393,19,11,2,6,35,12,4,19,31,7,3,21,28,1,14,13,19,12,2,5,16,13,1,2,23,10,2,11,27,11,6,10
158,5,0.347826086956522,0.217391304347826,0.434782608695652,0.0230367134510498,0.0638250291814288,0.0319125145907144,0.326192787358015,0.249303818938541,0.424503393703444,0.0481786667036235,0.124963789545612,0.0624818947728057,0.285344192183716,0.272164899422245,0.442490908394039,0.0280633431465298,0.0782962909349356,0.0391481454674678,0.322604548181871,0.256539449815294,0.420856002002835,0.0449782393476794,0.122909698996656,0.0614548494983278,0.302884615384615,0.278846153846154,0.418269230769231,0.0272276092596222,0.0769723412673645,0.0384861706336823,0.327522312496568,0.255877474981508,0.416600212521924,33,8,20,5,21,3,1,17,28,6,9,13,24,6,13,5,34,12,2,20,21,12,1,8,26,12,7,7,21,4,5,12
159,1,0.304347826086957,0.260869565217391,0.434782608695652,0.0831629350407535,0.234817809056219,0.117408904528109,0.369008157800837,0.143460660689282,0.487531181509881,0.068108955627231,0.192195124875015,0.0960975624375077,0.400445388524464,0.207147281982672,0.392407329492864,0.0739579600728632,0.207156015512932,0.103578007756466,0.343552434107225,0.157291557460925,0.499156008431849,0.0533241554812189,0.148533388807988,0.0742666944039942,0.330143540669856,0.186602870813397,0.483253588516746,0.0760217856944696,0.213912925597617,0.106956462798808,0.348381262653272,0.153913102418583,0.497705634928145,33,8,6,19,20,10,5,5,22,8,7,7,26,12,4,10,22,10,0,12,39,5,17,17,18,9,0,9,29,7,0,22
159,2,0.304347826086957,0.260869565217391,0.434782608695652,0.05154900863599,0.136041100051065,0.0680205500255326,0.372368376112489,0.249571710104276,0.378059913783235,0.0498642087682577,0.141033410983594,0.0705167054917972,0.374864531578754,0.225158819872153,0.399976648549093,0.049361206634915,0.132898782616872,0.0664493913084361,0.370797217395393,0.246169228573296,0.383033554031312,0.0453781103593132,0.122581880865734,0.0612909404328673,0.365638766519824,0.246696035242291,0.387665198237885,0.0492716236622883,0.132907635780489,0.0664538178902445,0.370801643977201,0.245793604273267,0.383404751749532,27,4,10,13,29,8,4,17,28,11,2,15,24,10,7,7,27,13,4,10,38,11,10,17,30,18,5,7,24,8,14,2
159,3,0.304347826086957,0.260869565217391,0.434782608695652,0.0892786070316123,0.251972287159608,0.125986143579804,0.248539685032585,0.386855708797195,0.36460460617022,0.0778639396680459,0.196524894836319,0.0982624474181595,0.212175247595659,0.359132012635551,0.42869273976879,0.0856519807620683,0.242203796284186,0.121101898142093,0.246064124793552,0.381971463359484,0.371964411846964,0.0823279214823709,0.232546583850932,0.116273291925466,0.251428571428571,0.377142857142857,0.371428571428571,0.0855607487246628,0.24192834464351,0.120964172321755,0.246456945122869,0.381833737539146,0.371709317337985,19,3,14,2,24,10,8,6,15,1,10,4,21,8,6,7,31,4,12,15,15,1,3,11,19,12,3,4,31,5,10,16
159,4,0.304347826086957,0.260869565217391,0.434782608695652,0.027724255810103,0.0766878895087598,0.0383439447543799,0.330609083748351,0.272952252310376,0.396438663941272,0.1166353670575,0.329783739084394,0.164891869542197,0.390497379644611,0.339611881201934,0.269890739153455,0.0231810492735216,0.061272472296773,0.0306362361483865,0.329770762028255,0.266082865424479,0.404146372547266,0.0150357208912411,0.0407363885624755,0.0203681942812378,0.31981981981982,0.265765765765766,0.414414414414414,0.0255814342393177,0.0669928039236496,0.0334964019618248,0.33293274782658,0.265781045439593,0.401286206733827,34,9,0,25,22,8,9,5,29,5,7,17,33,11,10,12,31,16,10,5,24,11,7,6,23,1,4,18,26,10,12,4
159,5,0.304347826086957,0.260869565217391,0.434782608695652,0.0343766573570596,0.0898775449947551,0.0449387724973775,0.342879961209631,0.267276202592094,0.389843836198275,0.0374013085845891,0.105756021178988,0.0528780105894942,0.331893096644871,0.286202305248971,0.381904598106158,0.0415086307096797,0.111237495071485,0.0556187475357423,0.348416530314763,0.272419608525327,0.37916386115991,0.0413762875857102,0.107188979767542,0.053594489883771,0.351485148514851,0.267326732673267,0.381188118811881,0.0425598121000263,0.115032508012731,0.0575162540063653,0.348465536508669,0.274268108802045,0.377266354689287,28,12,12,4,24,13,5,6,30,10,10,10,21,5,4,12,35,7,8,20,15,2,0,13,23,2,12,9,26,20,3,3
160,1,0.260869565217391,0.304347826086957,0.434782608695652,0.0417989795766929,0.117021866844318,0.0585109334221589,0.31938049863955,0.282378307703306,0.398241193657144,0.0119211943476845,0.0309926588934116,0.0154963294467058,0.258872065001055,0.290848996856587,0.450278938142358,0.0505564157766931,0.14234589145932,0.0711729457296598,0.332042510947051,0.274655045732002,0.393302443320947,0.0550484599919756,0.154877784988103,0.0774388924940515,0.338308457711443,0.258706467661692,0.402985074626866,0.0508684487612636,0.141134508851193,0.0705672544255966,0.331436819642988,0.281171864676896,0.387391315680116,26,11,3,12,24,1,7,16,19,3,7,9,27,16,4,7,27,9,3,15,22,4,6,12,30,17,12,1,26,7,10,9
160,2,0.260869565217391,0.304347826086957,0.434782608695652,0.070892398671456,0.185908816843499,0.0929544084217495,0.181862271084862,0.290400711797736,0.527737017117402,0.0778950599636389,0.218032542663612,0.109016271331806,0.192648297568206,0.263552822404336,0.543798880027458,0.0797052131206025,0.215151391558806,0.107575695779403,0.177927236435655,0.27971445908929,0.542358304475055,0.0850168217387053,0.217139984920834,0.108569992460417,0.161849710982659,0.294797687861272,0.543352601156069,0.0770935335185625,0.209207559436469,0.104603779718234,0.181947075871018,0.278666535715095,0.539386388413887,21,4,11,6,27,2,0,25,18,0,10,8,17,3,3,11,27,6,5,16,19,3,9,7,23,3,5,15,21,7,8,6
160,3,0.260869565217391,0.304347826086957,0.434782608695652,0.0708866064141314,0.195196318676544,0.0975981593382719,0.192238291425972,0.275380940540104,0.532380768033924,0.037974757095418,0.0987595311579034,0.0493797655789517,0.21148979963844,0.347323012489166,0.441187187872395,0.0634902544502962,0.17352702867581,0.0867635143379049,0.197473112196462,0.280980764769981,0.521546123033557,0.0701384505245271,0.188212560386473,0.0941062801932367,0.186666666666667,0.284444444444444,0.528888888888889,0.0656450775811584,0.179115044448143,0.0895575222240716,0.194912938873748,0.280746930206529,0.524340130919724,29,6,10,13,14,1,3,10,33,7,14,12,33,7,14,12,30,8,11,11,28,5,7,16,27,7,2,18,31,1,3,27
160,4,0.260869565217391,0.304347826086957,0.434782608695652,0.0527239693755588,0.147681604292362,0.0738408021461809,0.334710367363572,0.258462082082404,0.406827550554024,0.057846804281363,0.159430110671769,0.0797150553358845,0.340584620553276,0.248568250405422,0.410847129041302,0.051398925752659,0.14460508894815,0.072302544474075,0.333172109691466,0.26171342962453,0.405114460684003,0.0491382336403344,0.138054683998207,0.0690273419991035,0.329896907216495,0.262886597938144,0.407216494845361,0.0503704420284315,0.140965490406737,0.0704827452033683,0.33135231042076,0.260167263552333,0.408480426026907,31,11,6,14,23,6,10,7,20,9,2,9,28,5,12,11,23,6,3,14,28,8,10,10,25,10,4,11,16,9,4,3
160,5,0.260869565217391,0.304347826086957,0.434782608695652,0.0209391820370281,0.0572094459327514,0.0286047229663757,0.232264842251016,0.325283541516857,0.442451616232127,0.0491404319505289,0.123521167140268,0.0617605835701338,0.202395871753042,0.36610840965709,0.431495718589868,0.0158588631210304,0.041763034185086,0.020881517092543,0.239988048124848,0.321875685039794,0.438136266835358,0.0120902478463748,0.0317537860283341,0.0158768930141671,0.258426966292135,0.320224719101124,0.421348314606742,0.0161135223456257,0.0408433084637713,0.0204216542318857,0.240447910985506,0.323315675093899,0.436236413920595,15,8,2,5,28,8,15,5,20,0,10,10,24,5,8,11,19,1,9,9,29,18,3,8,24,3,2,19,19,3,8,8
161,1,0.217391304347826,0.347826086956522,0.434782608695652,0.0675359520206204,0.191019258077554,0.0955096290387772,0.169336000804197,0.300371761461374,0.530292237734429,0.0653386454729422,0.18452439950354,0.09226219975177,0.166847409316757,0.306107782235821,0.527044808447422,0.0609017046930578,0.17225561667283,0.0861278083364151,0.174163311316701,0.304926271651231,0.520910417032067,0.0671317720264867,0.189840723202755,0.0949203616013776,0.168316831683168,0.301980198019802,0.52970297029703,0.0679170860286203,0.192006686395142,0.0960033431975711,0.166817778729943,0.302396269376833,0.530785951893223,29,3,8,18,22,4,6,12,23,7,7,9,23,8,3,12,31,3,14,14,29,1,9,19,24,4,10,10,21,4,4,13
161,2,0.217391304347826,0.347826086956522,0.434782608695652,0.0321108931567861,0.0830032569619392,0.0415016284809696,0.222177303711198,0.384541716074119,0.393280980214683,0.0878962461601832,0.247978308019155,0.123989154009578,0.341380458357404,0.293489342515143,0.365130199127453,0.0313844932731913,0.0843996967618745,0.0421998483809373,0.226580761524281,0.380836478161004,0.392582760314715,0.0408848118222409,0.115638515820624,0.0578192579103118,0.246073298429319,0.37696335078534,0.37696335078534,0.0306242364015043,0.0813135783592312,0.0406567891796156,0.224795500588566,0.381078679895397,0.394125819516037,20,8,2,10,21,0,16,5,28,1,10,17,20,1,10,9,22,8,5,9,26,11,9,6,24,7,13,4,30,11,7,12
161,3,0.217391304347826,0.347826086956522,0.434782608695652,0.0386944388204571,0.0989001318753352,0.0494500659376676,0.22182082974687,0.298376021018854,0.479803149234276,0.0386069744640075,0.0979130150463669,0.0489565075231834,0.220936498269868,0.298869579433338,0.480193922296793,0.0395868419249532,0.0981488396412087,0.0490744198206043,0.218594996095619,0.298751667135917,0.482653336768464,0.0421776827556846,0.103886110042324,0.051943055021162,0.216814159292035,0.29646017699115,0.486725663716814,0.0400773207825523,0.0986721747663101,0.049336087383155,0.217898422499337,0.298489999573367,0.483611577927297,23,9,2,12,20,8,7,5,28,2,5,21,33,10,7,16,33,4,7,22,24,2,12,10,33,10,15,8,32,4,12,16
161,4,0.217391304347826,0.347826086956522,0.434782608695652,0.0414884927998694,0.117157359069335,0.0585786795346675,0.243791651178465,0.289247407421854,0.46696094139968,0.049530272014051,0.134488272583462,0.0672441362917311,0.200755741712605,0.297217513300012,0.502026744987383,0.0367486447941435,0.103867410853442,0.0519337054267209,0.245049908164964,0.295892381529801,0.459057710305235,0.0313829345301392,0.0885093167701863,0.0442546583850932,0.236607142857143,0.303571428571429,0.459821428571429,0.035793878141259,0.10123847403121,0.050619237015605,0.242432219384412,0.297206849940917,0.460360930674671,27,4,7,16,22,5,4,13,35,6,16,13,30,8,14,8,20,7,0,13,28,13,8,7,38,8,10,20,24,2,9,13
161,5,0.217391304347826,0.347826086956522,0.434782608695652,0.0187082653192805,0.0502252755776839,0.025112637788842,0.242503942136668,0.328057600957152,0.42943845690618,0.0591391126935176,0.157286959933616,0.078643479966808,0.20271818033566,0.28385573100188,0.51342608866246,0.0201004346988616,0.0539256288619932,0.0269628144309966,0.238669902794436,0.320863272525525,0.440466824680038,0.0238385223953795,0.0662105495475612,0.0331052747737806,0.228426395939086,0.314720812182741,0.456852791878173,0.0205208023592205,0.0522700765815284,0.0261350382907642,0.241384702146868,0.321691048665758,0.436924249187374,23,5,14,4,23,12,8,3,20,1,6,13,21,7,10,4,31,7,5,19,28,4,9,15,28,6,8,14,23,3,2,18
162,1,0.173913043478261,0.391304347826087,0.434782608695652,0.0710236432850611,0.194489607317588,0.0972448036587938,0.147065006834728,0.488549151484881,0.364385841680391,0.0102379765227064,0.0274572828887482,0.0137286414443741,0.171032131847304,0.405032989270461,0.423934878882235,0.0621372384302168,0.171322352970518,0.0856611764852591,0.148058224201171,0.476965524311346,0.374976251487483,0.0617972978755411,0.169198533263489,0.0845992666317443,0.150602409638554,0.475903614457831,0.373493975903614,0.0626612226453007,0.173079771933245,0.0865398859666226,0.147159133244036,0.47784423379271,0.374996632963255,20,3,9,8,29,2,9,18,22,4,6,12,20,0,13,7,22,3,16,3,14,0,11,3,17,4,7,6,22,9,8,5
162,2,0.173913043478261,0.391304347826087,0.434782608695652,0.0275782554652832,0.0766227579003389,0.0383113789501695,0.148431301208185,0.429615726776256,0.421952972015559,0.0550363416223121,0.144460713409028,0.0722303567045139,0.162909217668346,0.463534704530601,0.373556077801053,0.0286908777624802,0.0754870670201609,0.0377435335100805,0.142144805934573,0.429047881336167,0.42880731272926,0.0282364010289562,0.0745341614906832,0.0372670807453416,0.142857142857143,0.428571428571429,0.428571428571429,0.0278799612073063,0.0738446512817248,0.0369223256408624,0.143472950933771,0.428226673466949,0.42830037559928,33,1,5,27,22,6,11,5,26,3,13,10,24,3,10,11,31,0,18,13,32,5,14,13,31,5,19,7,25,9,6,10
162,3,0.173913043478261,0.391304347826087,0.434782608695652,0.0804538346319936,0.22105679885761,0.110528399428805,0.0952643627931766,0.359424629082366,0.545311008124457,0.103340325959464,0.291739617663408,0.145869808831704,0.0932106679382975,0.326136914534346,0.580652417527356,0.0748697341878322,0.208545844014766,0.104272922007383,0.105852263083568,0.355092206213397,0.539055530703035,0.083078095631636,0.22902633190447,0.114513165952235,0.0938967136150235,0.356807511737089,0.549295774647887,0.0818613587058428,0.226533098817717,0.113266549408859,0.0965447823376671,0.355406059557822,0.548049158104511,32,2,11,19,25,4,15,6,24,1,7,16,28,0,14,14,24,2,9,13,31,4,5,22,32,6,8,18,17,1,7,9
162,4,0.173913043478261,0.391304347826087,0.434782608695652,0.0638296582171636,0.162406306255022,0.0812031531275111,0.167456361756815,0.472507500953598,0.360036137289587,0.0728209222845645,0.205966686171448,0.102983343085724,0.225796338217436,0.442404396172636,0.331799265609928,0.0582005161414283,0.145655471849372,0.072827735924686,0.170711233247352,0.464132083750773,0.365156683001875,0.0592625461033561,0.147872587770286,0.073936293885143,0.171122994652406,0.46524064171123,0.363636363636364,0.0595766795449069,0.151417326812018,0.0757086634060092,0.168077765982892,0.467013011232096,0.364909222785012,21,0,12,9,28,9,11,8,29,4,7,18,20,1,11,8,17,6,7,4,25,5,9,11,23,5,14,4,24,2,16,6
162,5,0.173913043478261,0.391304347826087,0.434782608695652,0.033541207277745,0.0870709910681992,0.0435354955340996,0.13583534936172,0.434839843360187,0.429324807278093,0.0573850147326706,0.159209308042987,0.0796046540214934,0.147781274883028,0.47090900184758,0.381309723269391,0.0292735952908278,0.0813438168404086,0.0406719084202043,0.133241135058057,0.418330740808844,0.448428124133099,0.029899294829182,0.0844114528101803,0.0422057264050901,0.131707317073171,0.414634146341463,0.453658536585366,0.0281512915857966,0.0779310591817948,0.0389655295908974,0.134947513887364,0.417858778245594,0.447193707867043,19,4,12,3,26,0,14,12,24,5,11,8,23,2,11,10,25,7,13,5,33,1,7,25,22,1,11,10,33,7,6,20
163,1,0.130434782608696,0.434782608695652,0.434782608695652,0.0252240672703844,0.065121951371578,0.032560975685789,0.15933341220398,0.402221633009863,0.438444954786157,0.0180718560622895,0.0508055884506485,0.0254027942253243,0.140704820746723,0.409379814470328,0.449915364782949,0.0301127771825458,0.0750987523655356,0.0375493761827678,0.166607812163628,0.397233232512884,0.436158955323488,0.0312879705459178,0.0774860094705123,0.0387430047352561,0.168316831683168,0.396039603960396,0.435643564356436,0.0279857049881626,0.072420191907578,0.0362100959537889,0.162375337037822,0.398572512741863,0.439052150220315,26,5,10,11,26,2,8,16,33,11,8,14,23,8,9,6,22,1,13,8,26,2,14,10,23,1,10,12,23,4,8,11
163,2,0.130434782608696,0.434782608695652,0.434782608695652,0.0366026635798095,0.0984001247829514,0.0492000623914757,0.0919010560233188,0.483982671087128,0.424116272889553,0.0447510151739752,0.119975673654336,0.0599878368271679,0.0704469457815277,0.482242912346309,0.447310141872163,0.0356176620559982,0.094521142435137,0.0472605712175685,0.0917129238001158,0.482043179913221,0.426243896286664,0.0379138578558992,0.0978260869565217,0.0489130434782609,0.0869565217391304,0.483695652173913,0.429347826086957,0.0394039552738242,0.101886153634653,0.0509430768173265,0.0854028318802401,0.485725685512979,0.428871482606781,25,1,14,10,27,1,16,10,18,3,9,6,18,1,5,12,27,2,8,17,29,1,13,15,23,0,17,6,17,7,7,3
163,3,0.130434782608696,0.434782608695652,0.434782608695652,0.0186581382482257,0.0489494914598573,0.0244747457299286,0.13413229011018,0.410307862965724,0.455559846924096,0.0141999833747934,0.0351516512579322,0.0175758256289661,0.130059779924587,0.417581785750795,0.452358434324618,0.0185641330032862,0.0524416278594354,0.0262208139297177,0.142408422714039,0.408561794765934,0.449029782520027,0.0180756395496326,0.0483091787439614,0.0241545893719807,0.135265700483092,0.410628019323671,0.454106280193237,0.0179339638879833,0.0471589491783906,0.0235794745891953,0.134134595634405,0.411203134106457,0.454662270259139,20,1,7,12,30,4,15,11,26,5,8,13,28,1,12,15,30,2,16,12,26,8,8,10,22,2,8,12,25,5,11,9
163,4,0.130434782608696,0.434782608695652,0.434782608695652,0.053113475446072,0.150182884508281,0.0750914422541404,0.0944760038515827,0.509874050949793,0.395649945198625,0.0576684860304777,0.163038421408685,0.0815192107043427,0.091783526415664,0.391914654184341,0.516301819399995,0.0459445982364422,0.129607171847416,0.0648035859237083,0.0939426841284776,0.49958619461936,0.406471121252162,0.0411976357804516,0.114218566392479,0.0571092831962398,0.0918918918918919,0.491891891891892,0.416216216216216,0.0452079178916984,0.127829690191234,0.0639148450956172,0.0971345300432483,0.498697453791269,0.404168016165482,20,2,7,11,26,3,8,15,17,0,16,1,28,2,13,13,15,0,9,6,26,3,8,15,26,7,16,3,27,0,14,13
163,5,0.130434782608696,0.434782608695652,0.434782608695652,0.0683706037244493,0.192125665415836,0.0960628327079179,0.0919300818255122,0.377224476770918,0.53084544140357,0.0227688086264173,0.0640490622723266,0.0320245311361633,0.11151562462236,0.421677235545825,0.466807139831815,0.067763757732427,0.190102907129939,0.0950514535649695,0.0934828997071477,0.376683038032231,0.529834062260622,0.071604529517091,0.202506854680768,0.101253427340384,0.0810810810810811,0.382882882882883,0.536036036036036,0.0686180287988993,0.192894317997665,0.0964471589988323,0.0914907480959877,0.377279484209528,0.531229767694484,30,0,16,14,25,1,6,18,33,5,17,11,23,1,9,13,28,3,16,9,21,4,8,9,30,3,10,17,32,1,3,28
164,1,0.0869565217391304,0.478260869565217,0.434782608695652,0.430412823330942,1.1304347826087,0.565217391304348,1.86325067261642e-28,2.39675690988975e-43,1,0.0440174034063214,0.110203837368385,0.0551019186841924,0.0844880587230132,0.425627413897142,0.489884527379845,0.097382563408408,0.259192100560011,0.129596050280006,0.0625155690630163,0.373105771961326,0.564378658975658,0.0985884944673355,0.260434782608696,0.130217391304348,0.065,0.37,0.565,0.0995070602279986,0.265971137259529,0.132985568629764,0.0603211263877954,0.371910696286788,0.567768177325417,25,0,8,17,28,2,14,12,28,0,10,18,29,4,12,13,20,0,6,14,24,3,10,11,21,0,11,10,25,4,3,18
164,2,0.0869565217391304,0.478260869565217,0.434782608695652,0.058641198460536,0.152561078667691,0.0762805393338456,0.0969162178750697,0.401980330231372,0.501103451893559,0.00560618243439897,0.0157446357905005,0.00787231789525022,0.0917074692781934,0.481382239921405,0.426910290800402,0.0571982334820498,0.145788597552198,0.0728942987760989,0.0808783165977326,0.411444775930516,0.507676907471751,0.0481060981787021,0.120533792509686,0.0602668962548429,0.0841584158415842,0.420792079207921,0.495049504950495,0.0571782873159815,0.147243112910022,0.0736215564550111,0.0948029316938839,0.404639313110206,0.50055775519591,31,2,20,9,21,0,1,20,26,0,14,12,32,1,10,21,23,0,19,4,26,7,5,14,24,5,5,14,19,2,11,6
164,3,0.0869565217391304,0.478260869565217,0.434782608695652,0.0677551420403951,0.172052751020688,0.0860263755103439,0.0804910554832004,0.564287245075561,0.355221699441238,0.0323817116040183,0.0893800008154739,0.044690000407737,0.0732697989202891,0.522950869972954,0.403779331106757,0.0650232384032623,0.166075499719438,0.0830377498597189,0.0942616366834622,0.553993504480604,0.351744858835933,0.0668627689098161,0.175898352193766,0.087949176096883,0.0730593607305936,0.5662100456621,0.360730593607306,0.0674316259169565,0.172616211821422,0.0863081059107113,0.0789268107887949,0.564568975475929,0.356504213735276,28,1,18,9,26,1,20,5,27,2,10,15,28,4,21,3,28,3,11,14,30,2,16,12,16,2,8,6,36,1,20,15
164,4,0.0869565217391304,0.478260869565217,0.434782608695652,0.0711494001696391,0.192987573354569,0.0964937866772847,0.0140100825289913,0.574754656242502,0.411235261228507,0.0611144007100749,0.153617982909802,0.076808991454901,0.0101475302842294,0.550983568698267,0.438868901017503,0.0752327832190731,0.207668476092109,0.103834238046054,0.0149447326919759,0.582095107611272,0.402960159696752,0.0677365525791926,0.191407254952405,0.0957036274762028,0.0355029585798817,0.57396449704142,0.390532544378698,0.074512817845879,0.205432939735648,0.102716469867824,0.015220967344136,0.580977339433041,0.403801693222823,19,0,11,8,28,6,11,11,17,0,6,11,26,0,19,7,26,0,14,12,11,0,5,6,20,0,12,8,22,0,19,3
164,5,0.0869565217391304,0.478260869565217,0.434782608695652,0.395309614405387,1.04347826086957,0.521739130434783,2.31175813270368e-17,1,1.22602412948703e-19,0.0669187719401906,0.187976397045338,0.0939881985226692,0.0495461044853724,0.572249068087887,0.378204827426741,0.0946467537281008,0.262232274975183,0.131116137487592,0.0447100564290937,0.609377007052809,0.345912936518097,0.0947156645858134,0.265700483091787,0.132850241545894,0.0353535353535354,0.611111111111111,0.353535353535354,0.0955872977585733,0.265546218015293,0.132773109007647,0.0425670893768946,0.611033978572864,0.346398932050241,23,0,15,8,21,1,15,5,20,0,13,7,30,0,19,11,20,2,9,9,33,3,15,15,24,0,10,14,27,1,25,1
165,1,0.0434782608695652,0.521739130434783,0.434782608695652,0.0568293065539689,0.158290810005961,0.0791454050029803,0.0160034414594722,0.470068544841895,0.513928013698633,0.0217257313001373,0.0578850679010206,0.0289425339505102,0.014535726919055,0.527279641720774,0.458184631360171,0.0577693152878767,0.162283041362652,0.0811415206813262,0.0111525535539951,0.472923317069027,0.515924129376978,0.0590486869578557,0.16458112407211,0.0822905620360552,0.0146341463414634,0.468292682926829,0.517073170731707,0.0508817781624954,0.142520584015883,0.0712602920079415,0.016503235354257,0.477453863942149,0.506042900703594,21,0,5,16,33,3,19,11,30,0,16,14,28,0,4,24,27,0,25,2,27,0,8,19,20,0,13,7,19,0,6,13
165,2,0.0434782608695652,0.521739130434783,0.434782608695652,0.0841948462322381,0.21165512518624,0.10582756259312,0.037824964598074,0.627566693027903,0.334608342374023,0.109737640401185,0.280933638555942,0.140466819277971,0.0303879093625782,0.662205949712754,0.307406140924668,0.0779550732011133,0.195580515794592,0.0977902578972959,0.0386658865078492,0.619529388332078,0.341804725160072,0.0789791001781653,0.198279980888677,0.0991399904443383,0.0384615384615385,0.620879120879121,0.340659340659341,0.0754333593522345,0.187289674817138,0.093644837408569,0.0409081966200102,0.615383967843352,0.343707835536638,21,1,14,6,15,0,10,5,21,0,18,3,20,1,14,5,24,0,6,18,25,0,17,8,33,5,14,14,23,0,20,3
165,3,0.0434782608695652,0.521739130434783,0.434782608695652,0.0661486032460635,0.177616240423077,0.0888081202115388,0.0624206850208767,0.432931010223244,0.504648304755879,0.0354202266276375,0.0951206514026245,0.0475603257013123,0.0910385865708775,0.511575143476007,0.397386269953116,0.0683506153339632,0.178960563004627,0.0894802815023134,0.056553447152143,0.432258848932469,0.511187703915388,0.0700487119542369,0.189206904085646,0.0946034520428228,0.0653266331658292,0.42713567839196,0.507537688442211,0.0679399018230146,0.180772341065518,0.0903861705327588,0.0604490053064073,0.431352959902024,0.508198034791569,22,6,9,7,26,0,4,22,28,0,6,22,24,0,10,14,22,0,13,9,23,4,10,9,24,2,13,9,30,1,20,9
165,4,0.0434782608695652,0.521739130434783,0.434782608695652,0.0574017825740706,0.156854443719971,0.0784272218599856,0.121905482729551,0.464378202416174,0.413716314854275,0.0878045773469463,0.217320589377572,0.108660294688786,0.152138555558351,0.51945868023863,0.328402764203019,0.0548654074612487,0.148749777635292,0.0743748888176462,0.117853149687211,0.465404849763659,0.416742000549129,0.0649638631829601,0.166850584859854,0.0834252924299272,0.126903553299492,0.446700507614213,0.426395939086294,0.0605330591161693,0.166250053094168,0.0831250265470839,0.126603287416649,0.462455179857725,0.410941532725626,23,0,3,20,27,0,14,13,18,2,14,2,30,11,16,3,19,0,7,12,26,3,6,17,22,4,13,5,32,5,15,12
165,5,0.0434782608695652,0.521739130434783,0.434782608695652,0.00724919098019416,0.0202463368441125,0.0101231684220563,0.0398192637770452,0.531862298856839,0.428318437366116,0.0227817723077562,0.0627626011480312,0.0313813005740156,0.0341061709356868,0.499729919794645,0.466163909269668,0.00354575039181756,0.00933577777260436,0.00466788888630221,0.0427307050201906,0.526407019321085,0.430862275658725,0.00497674788724312,0.0124223602484473,0.00621118012422361,0.0494505494505494,0.521978021978022,0.428571428571429,0.00440911037411398,0.0124114808512898,0.00620574042564492,0.0409016707758968,0.527944870860428,0.431153458363676,31,4,12,15,23,0,14,9,20,0,9,11,30,1,14,15,21,0,14,7,20,4,13,3,17,0,6,11,20,0,13,7
166,1,0.478260869565217,0.0434782608695652,0.478260869565217,0.0639341382070187,0.177143232876787,0.0885716164383936,0.41823776127489,0.0149297527214993,0.566832486003611,0.0782883456588528,0.211849689138596,0.105924844569298,0.397396062503858,0.0184182233616262,0.584185714134515,0.0614084630743221,0.169492815782408,0.0847464078912042,0.419454961402755,0.017537761140823,0.563007277456422,0.0637952425976049,0.177406832298137,0.0887034161490683,0.419642857142857,0.0133928571428571,0.566964285714286,0.0634296499947765,0.175832551679948,0.0879162758399739,0.418874605397627,0.014948249197182,0.566177145405191,33,14,2,17,15,5,0,10,35,15,0,20,34,20,0,14,29,6,0,23,22,15,0,7,33,11,0,22,23,8,1,14
166,2,0.478260869565217,0.0434782608695652,0.478260869565217,0.0540144854496337,0.143614453325816,0.0718072266629083,0.419793156277875,0.0301387474939997,0.550068096228126,0.0455975230036998,0.12099095588002,0.0604954779400099,0.538756347505227,0.032567636930421,0.428676015564352,0.050308211998723,0.132623257899698,0.0663116289498488,0.422779056987725,0.0326484444972087,0.544572498515066,0.0516324173580826,0.138716356107661,0.0693581780538303,0.423809523809524,0.0285714285714286,0.547619047619048,0.051031471007627,0.135429852943838,0.0677149264719191,0.422785517915253,0.03123868604761,0.545975796037137,34,21,2,11,25,6,0,19,22,6,0,16,23,14,1,8,26,12,0,14,24,14,0,10,29,7,3,19,27,9,0,18
166,3,0.478260869565217,0.0434782608695652,0.478260869565217,0.108887626807285,0.274360513712541,0.13718025685627,0.615441126421488,0.0354765451473235,0.349082328431189,0.119567055702427,0.309843845769997,0.154921922884998,0.633182792450216,0.0247013651624238,0.34211584238736,0.101564261687834,0.259949055136621,0.129974527568311,0.608235397133528,0.031433565174218,0.360331037692254,0.0962443238680237,0.247559893522626,0.123779946761313,0.602040816326531,0.0306122448979592,0.36734693877551,0.100588775582454,0.255558002591314,0.127779001295657,0.606039870860874,0.0337325297680036,0.360227599371122,19,10,4,5,33,11,0,22,22,15,0,7,20,14,1,5,23,12,0,11,24,22,1,1,33,21,0,12,22,13,0,9
166,4,0.478260869565217,0.0434782608695652,0.478260869565217,0.0424388098496775,0.118889466345061,0.0594447331725304,0.500819323413276,0.0803645401940365,0.418816136392687,0.094416353465189,0.248490425299317,0.124245212649659,0.582739314362754,0.063245028721687,0.354015656915559,0.0312296127884933,0.0871952757494391,0.0435976378747195,0.493946788111809,0.071389980197693,0.434663231690498,0.0312615176898474,0.0827353313634445,0.0413676656817223,0.485436893203884,0.0776699029126214,0.436893203883495,0.0343032378480872,0.0925365935913039,0.0462682967956519,0.488765618768475,0.0792418084619594,0.431992572769565,22,7,0,15,27,16,1,10,23,17,3,3,31,18,1,12,16,10,0,6,24,10,8,6,28,16,3,9,35,6,0,29
166,5,0.478260869565217,0.0434782608695652,0.478260869565217,0.0322618853046706,0.0882379092903942,0.0441189546451971,0.44613251713768,0.031487658651906,0.522379824210415,0.00909045347858875,0.0245378725329748,0.0122689362664874,0.475451971884728,0.0340182222835672,0.490529805831705,0.0163037538169594,0.0408430582845324,0.0204215291422663,0.479201281208619,0.0230567317272989,0.497741987064082,0.0115457973629844,0.0286999357464125,0.0143499678732062,0.477832512315271,0.0295566502463054,0.492610837438424,0.0110724804993453,0.0298826903102094,0.0149413451551046,0.474848138624702,0.0319496466549762,0.493202214720322,42,35,0,7,21,12,1,8,14,4,0,10,21,2,0,19,27,10,5,12,22,7,0,15,33,10,0,23,23,17,0,6
167,1,0.434782608695652,0.0869565217391304,0.478260869565217,0.0164591794199819,0.0428913676818423,0.0214456838409211,0.431896785609874,0.108402205580052,0.459701008810074,0.0424947733333661,0.117754585873831,0.0588772929369153,0.394912906513762,0.0679489309841051,0.537138162502133,0.00424309845141077,0.0106070633074412,0.00530353165372062,0.434561941530104,0.0922600533928511,0.473178005077045,0.00190506193814247,0.00538302277432709,0.00269151138716356,0.433333333333333,0.0857142857142857,0.480952380952381,0.0117449553428424,0.0313836703130516,0.0156918351565258,0.431652695366047,0.102648356895656,0.465698947738297,30,17,0,13,24,2,3,19,31,13,2,16,24,8,1,15,31,9,2,20,19,10,1,8,30,20,1,9,21,12,8,1
167,2,0.434782608695652,0.0869565217391304,0.478260869565217,0.00435718900856626,0.0119790995618548,0.00598954978092736,0.428793058914725,0.0912049369890675,0.480002004096208,0.0479707843735177,0.133753909659529,0.0668769548297647,0.458351997265104,0.130264087999444,0.411383914735453,0.00721126359924586,0.0197830997830595,0.00989154989152979,0.431986581317451,0.0968480716306602,0.471165347051889,0.0129568765829676,0.0366132723112128,0.0183066361556064,0.426315789473684,0.105263157894737,0.468421052631579,0.00617980549851674,0.0170657366235154,0.00853286831175772,0.432152515818327,0.0954893900508881,0.472358094130785,25,5,2,18,32,18,4,10,19,8,0,11,24,13,0,11,21,10,1,10,17,7,0,10,24,8,6,10,28,12,7,9
167,3,0.434782608695652,0.0869565217391304,0.478260869565217,0.0787403459847198,0.220014881698953,0.110007440849476,0.544790049545129,0.0469139291796895,0.408296021275182,0.0273884288575903,0.0760714875162049,0.0380357437581024,0.472818352453755,0.0742751079012015,0.452906539645044,0.0764488371009299,0.21410615937683,0.107053079688415,0.541835688384067,0.0465206517802341,0.411643659835699,0.0748536183858106,0.200857317819963,0.100428658909982,0.535211267605634,0.0657276995305164,0.39906103286385,0.0761897934970603,0.213381668696203,0.106690834348102,0.541473443043754,0.0466543537487185,0.411872203207528,30,22,0,8,25,13,0,12,29,10,3,16,34,17,4,13,24,13,0,11,30,16,0,14,22,8,7,7,19,15,0,4
167,4,0.434782608695652,0.0869565217391304,0.478260869565217,0.0370342688883835,0.104476353599336,0.0522381767996678,0.411932353670376,0.0575685999647385,0.530499046364885,0.0177825707831254,0.0495446614107475,0.0247723307053737,0.450920901318702,0.0621841910337567,0.486894907647542,0.0365269187190916,0.102710717176464,0.0513553585882321,0.404278538941549,0.0661052329050018,0.52961622815345,0.0435297712909909,0.121909633418585,0.0609548167092924,0.411764705882353,0.0490196078431373,0.53921568627451,0.0406299343355896,0.114906564391205,0.0574532821956023,0.406782342078298,0.0575035061608822,0.53571415176082,24,13,2,9,20,9,2,9,28,5,1,22,23,10,1,12,25,7,0,18,32,17,1,14,31,8,3,20,21,15,0,6
167,5,0.434782608695652,0.0869565217391304,0.478260869565217,0.0257982572867567,0.0637135838539887,0.0318567919269943,0.403453442470876,0.0864288960369118,0.510117661492212,0.026371728968922,0.0736789187422373,0.0368394593711186,0.421397043106365,0.123795981110249,0.454806975783386,0.0276475245648353,0.0707217709528583,0.0353608854764291,0.402652797265799,0.0837254476925545,0.513621755041647,0.028801830128426,0.0731812311665949,0.0365906155832975,0.400990099009901,0.0841584158415842,0.514851485148515,0.0272946796332602,0.069123443306828,0.034561721653414,0.402615013784956,0.0845623949964128,0.512822591218631,25,10,0,15,19,6,5,8,30,7,2,21,25,4,0,21,28,17,4,7,22,12,2,8,27,9,4,14,26,16,0,10
168,1,0.391304347826087,0.130434782608696,0.478260869565217,0.0476388038415985,0.133208841982076,0.066604420991038,0.324699926835049,0.154957939879414,0.520342133285537,0.0793063276366156,0.218949375842824,0.109474687921412,0.315455160431152,0.0968092820822186,0.587735557486629,0.059677226339915,0.167413602404834,0.083706801202417,0.30759754662367,0.162964257546191,0.529438195830139,0.0697747782899157,0.187053140096618,0.0935265700483092,0.297777777777778,0.204444444444444,0.497777777777778,0.0555751548097967,0.156767376949053,0.0783836884745263,0.312920659351561,0.16463715953515,0.522442181113289,28,11,9,8,35,6,10,19,29,13,0,16,31,1,21,9,30,10,3,17,18,10,0,8,31,8,2,21,23,8,1,14
168,2,0.391304347826087,0.130434782608696,0.478260869565217,0.383989602883819,1.04347826086957,0.521739130434783,3.88796087792189e-34,1.54092471185518e-33,1,0.0276706066785016,0.0711044978491206,0.0355522489245603,0.387688799207998,0.165987031533256,0.446324169258746,0.0453210088263696,0.127487295316635,0.0637436476583176,0.327560700167769,0.168098954749982,0.504340345082249,0.0456343475205168,0.128403088175538,0.0642015440877692,0.327102803738318,0.168224299065421,0.504672897196262,0.0456036428733252,0.128804818089607,0.0644024090448035,0.326901938781283,0.165600046323494,0.507498014895223,27,4,10,13,22,4,1,17,31,14,6,11,33,6,7,20,28,10,6,12,29,12,3,14,20,8,0,12,24,12,3,9
168,3,0.391304347826087,0.130434782608696,0.478260869565217,0.0333117532585907,0.0915551073330758,0.0457775536665378,0.378049938796275,0.176212336275233,0.445737724928492,0.0602035465856767,0.166658894054565,0.0833294470272827,0.417841183984381,0.187227393477685,0.394931422537935,0.0370434604935956,0.100562895979519,0.0502814479897594,0.378897788077466,0.180716230598455,0.440385981324079,0.0501241215834747,0.131090233777584,0.0655451168887918,0.381909547738693,0.195979899497487,0.422110552763819,0.0367943560618056,0.100293619608287,0.0501468098041432,0.37826049224453,0.180581592412839,0.441157915342631,21,9,0,12,27,10,10,7,22,12,2,8,22,3,9,10,21,10,3,8,24,2,7,15,38,15,8,15,24,15,0,9
168,4,0.391304347826087,0.130434782608696,0.478260869565217,0.0160709785458682,0.043135132000259,0.0215675660001295,0.412871913826217,0.12585942934208,0.461268656831704,0.0168571739150582,0.0453402576389008,0.0226701288194504,0.409026540940161,0.107764653789245,0.483208805270594,0.0124060229342258,0.0349331956638971,0.0174665978319486,0.408770945658036,0.123134165687978,0.468094888653987,0.0153379438237795,0.0391734825656478,0.0195867412828239,0.410891089108911,0.128712871287129,0.46039603960396,0.0119518843215115,0.0332286141971851,0.0166143070985925,0.407918654924679,0.124819265732026,0.467262079343294,24,10,1,13,22,13,6,3,24,14,0,10,32,7,5,20,23,2,8,13,26,12,3,11,25,14,0,11,26,11,3,12
168,5,0.391304347826087,0.130434782608696,0.478260869565217,0.0351388200926581,0.0883658873276726,0.0441829436638363,0.435487291489923,0.0886454521836463,0.47586725632643,0.12023602940321,0.319695972862702,0.159847986431351,0.551152334257438,0.100725529015529,0.348122136727033,0.0352687152650763,0.0956741267850647,0.0478370633925324,0.439141411218619,0.094287802966853,0.466570785814528,0.04347210970718,0.111008325624422,0.0555041628122109,0.446808510638298,0.0797872340425532,0.473404255319149,0.0370781572815025,0.0992499628387273,0.0496249814193637,0.440929329245451,0.0909524065745263,0.468118264180023,21,5,0,16,16,7,0,9,19,12,1,6,21,12,3,6,30,17,4,9,23,3,3,17,26,9,1,16,32,19,3,10
169,1,0.347826086956522,0.173913043478261,0.478260869565217,0.0380896724421159,0.104146998994016,0.052073499497008,0.309852096835015,0.15981353410276,0.530334369062225,0.0463571772236373,0.130257667153277,0.0651288335766387,0.282697253379883,0.212970387027714,0.504332359592403,0.0385703258010478,0.102539598359817,0.0512697991799087,0.306064786105364,0.16440454514951,0.529530668745126,0.0384676790336122,0.104084321475626,0.0520421607378129,0.308080808080808,0.161616161616162,0.53030303030303,0.0409940027391195,0.110815369328006,0.0554076846640029,0.305348830970485,0.160982614800294,0.53366855422922,24,4,7,13,21,10,0,11,27,13,2,12,22,2,4,16,32,7,9,16,24,9,5,10,30,7,2,21,18,9,3,6
169,2,0.347826086956522,0.173913043478261,0.478260869565217,0.0531706386947528,0.14422314576619,0.0721115728830951,0.293314514943602,0.246024616361356,0.460660868695042,0.0806042156953483,0.221110030820061,0.110555015410031,0.316605819483072,0.284468058888292,0.398926121628637,0.0622515244823737,0.172989838548477,0.0864949192742386,0.29037122940928,0.260407962752499,0.449220807838221,0.0651845050988622,0.179370565763144,0.0896852828815718,0.284518828451883,0.263598326359833,0.451882845188285,0.0615160197246378,0.172667223594744,0.0863336117973721,0.295374259266879,0.260246655275633,0.444379085457488,22,5,6,11,37,16,10,11,36,14,17,5,25,13,3,9,37,3,12,22,34,9,12,13,26,4,0,22,22,4,3,15
169,3,0.347826086956522,0.173913043478261,0.478260869565217,0.0493308983927454,0.129999727070014,0.0649998635350069,0.402270713064023,0.184468280905767,0.413261006030211,0.0761854981671297,0.210098435990385,0.105049217995193,0.452875304951714,0.142121054802502,0.405003640245784,0.0548176659443113,0.154030040484228,0.0770150202421141,0.394013424041986,0.204740726634911,0.401245849323103,0.0576323100172514,0.162404092071611,0.0812020460358057,0.382352941176471,0.220588235294118,0.397058823529412,0.0556188976830792,0.156733367201284,0.0783666836006418,0.392856637090649,0.207249176944776,0.399894185964576,22,12,3,7,23,6,2,15,35,13,16,6,14,10,0,4,38,11,17,10,22,12,3,7,29,12,2,15,21,2,2,17
169,4,0.347826086956522,0.173913043478261,0.478260869565217,0.0362429310099755,0.0935030394534395,0.0467515197267197,0.394577606683241,0.132342596898105,0.473079796418654,0.060370264811046,0.169624369024846,0.084812184512423,0.398718835132868,0.0891008589658378,0.512180305901294,0.0318127421205665,0.078095186724867,0.0390475933624334,0.386702917800268,0.134865450115827,0.478431632083905,0.021942070778163,0.0616293794850148,0.0308146897425074,0.378640776699029,0.155339805825243,0.466019417475728,0.0313289183618153,0.0785072387057117,0.0392536193528558,0.387079706309378,0.136492506975848,0.476427786714774,15,9,0,6,26,10,0,16,32,13,1,18,23,13,2,8,24,7,2,15,29,16,7,6,31,6,8,17,26,4,12,10
169,5,0.347826086956522,0.173913043478261,0.478260869565217,0.0542058240809403,0.142950109531065,0.0714750547655328,0.336086360642579,0.245388098243794,0.418525541113627,0.0370996095027424,0.0962676084348109,0.0481338042174054,0.299692282739116,0.179898900081951,0.520408817178932,0.0540802340881309,0.142131334904631,0.0710656674523157,0.336773056348613,0.244978710930577,0.418248232720811,0.0509538971395227,0.142739950779327,0.0713699753896637,0.320754716981132,0.245283018867925,0.433962264150943,0.0556833092961237,0.145003704416097,0.0725018522080485,0.338193903705108,0.246414895686309,0.415391200608583,21,5,2,14,31,10,3,18,24,14,9,1,21,3,5,13,29,9,2,18,32,10,13,9,26,9,6,11,28,8,12,8
170,1,0.304347826086957,0.217391304347826,0.478260869565217,0.0413319810833072,0.114155934595931,0.0570779672979657,0.264896545372023,0.274469271645792,0.460634182982185,0.0242932302281229,0.0686352345021992,0.0343176172510996,0.322909279368201,0.233147468317681,0.443943252314118,0.0410774380187253,0.114788483375925,0.0573942416879625,0.267875125710159,0.274785546035789,0.457339328254052,0.0319230564382891,0.0878304566309811,0.0439152283154905,0.291457286432161,0.261306532663317,0.447236180904523,0.0423367332550965,0.118406252952644,0.0592031264763222,0.267010576994184,0.276594430824148,0.456394992181668,24,1,12,11,19,2,7,10,19,6,2,11,24,9,7,8,31,16,7,8,20,6,3,11,34,2,10,22,28,16,4,8
170,2,0.304347826086957,0.217391304347826,0.478260869565217,0.370629329059259,1.04347826086957,0.521739130434783,1.89028478429861e-74,8.39133850113165e-78,1,0.0291131306525344,0.0811803847910425,0.0405901923955212,0.290026738221818,0.257981496743347,0.451991765034835,0.019060344030003,0.0481537356778384,0.0240768678389192,0.305889908349125,0.239926089924577,0.454184001726298,0.0155758170587259,0.0416281221091582,0.0208140610545791,0.308510638297872,0.234042553191489,0.457446808510638,0.0150272711880053,0.0386621444747959,0.019331072237398,0.306367412058607,0.234702790613574,0.458929797327819,26,11,8,7,22,2,5,15,23,6,6,11,18,10,1,7,31,6,11,14,22,9,2,11,23,8,5,10,23,6,6,11
170,3,0.304347826086957,0.217391304347826,0.478260869565217,0.0256336874743428,0.0724160257841927,0.0362080128920964,0.323989282403002,0.18118329145573,0.494827426141268,0.0171136468408405,0.0419374700486315,0.0209687350243157,0.304330047125971,0.196440348284495,0.499229604589533,0.01678242369232,0.0474481567128321,0.023724078356416,0.316802062096284,0.19366722599141,0.489530711912306,0.0268202420635063,0.0749942489072923,0.0374971244536462,0.328042328042328,0.17989417989418,0.492063492063492,0.023117991811438,0.0653874874451301,0.0326937437225651,0.320653965369114,0.184697560625261,0.494648474005625,26,14,2,10,31,9,8,14,18,11,2,5,21,1,5,15,15,6,1,8,26,9,3,14,26,7,7,12,26,5,6,15
170,4,0.304347826086957,0.217391304347826,0.478260869565217,0.370629329059259,1.04347826086957,0.521739130434783,6.09430368644422e-22,1.79324372383399e-22,1,0.0356017605344415,0.100560616337275,0.0502803081686374,0.327219503242207,0.244799935361213,0.42798056139658,0.0469884362748236,0.132177122833679,0.0660885614168393,0.343400122501017,0.244427569350605,0.412172308148378,0.0430006818824805,0.119083315485115,0.0595416577425573,0.344827586206897,0.236453201970443,0.41871921182266,0.0430001798862955,0.119081008741342,0.0595405043706709,0.344828795327898,0.236450839477555,0.418720365194546,22,7,5,10,29,10,7,12,32,11,9,12,27,7,6,14,23,13,3,7,23,6,9,8,22,8,5,9,25,8,4,13
170,5,0.304347826086957,0.217391304347826,0.478260869565217,0.0381671670162122,0.107502684704973,0.0537513423524865,0.335488922628213,0.16363996199534,0.500871115376448,0.0849628624704411,0.224280769879111,0.112140384939556,0.416488211026512,0.123952240501422,0.459559548472066,0.0379273094470498,0.106617139428065,0.0533085697140327,0.336137137635383,0.164082734633793,0.499780127730823,0.0390323789172212,0.103176391079072,0.0515881955395359,0.347150259067358,0.16580310880829,0.487046632124352,0.0371300485483606,0.104362657402107,0.0521813287010536,0.33551711811136,0.165209975646772,0.499272906241867,32,15,3,14,27,12,2,13,29,4,14,11,25,1,4,20,19,10,0,9,13,3,3,7,27,11,3,13,21,11,3,7
171,1,0.260869565217391,0.260869565217391,0.478260869565217,0.0201929001921009,0.0544385793229762,0.0272192896614881,0.233650275555903,0.266998399263519,0.499351325180578,0.0696502838272917,0.19690213543276,0.09845106771638,0.214342828306363,0.359320632933771,0.426336538759866,0.0232156833709814,0.0655177428617867,0.0327588714308933,0.228110693786498,0.27535316641919,0.496536139794312,0.0314141433638727,0.0822772470267109,0.0411386235133554,0.219730941704036,0.295964125560538,0.484304932735426,0.0198747555286102,0.0558804212256414,0.0279402106128206,0.232929354604571,0.27219064538869,0.494880000006739,20,3,3,14,33,13,0,20,36,3,18,15,25,6,3,16,28,3,9,16,26,3,13,10,23,9,7,7,32,9,13,10
171,2,0.260869565217391,0.260869565217391,0.478260869565217,0.0157208798952823,0.0420479763500795,0.0210239881750397,0.265119527850608,0.277643590759214,0.457236881390178,0.0505261312330999,0.142575732794116,0.0712878663970582,0.332157431614449,0.220998933012187,0.446843635373364,0.0037966625838086,0.0105112749403319,0.005255637470166,0.255613927747225,0.264449054194511,0.479937018058263,0.0116918224960998,0.0292812777284827,0.0146406388642413,0.275510204081633,0.260204081632653,0.464285714285714,0.00917038649244944,0.0258476385259618,0.012923819262981,0.255343152445704,0.273793384480372,0.470863463073924,22,6,4,12,23,15,2,6,26,2,10,14,26,10,4,12,24,8,6,10,31,1,3,27,21,11,5,5,23,1,17,5
171,3,0.260869565217391,0.260869565217391,0.478260869565217,0.0609577710033119,0.158332324025841,0.0791661620129206,0.181703403204471,0.330004530472514,0.488292066323016,0.12757283518132,0.359872518946144,0.179936259473072,0.159523856237893,0.440805824690463,0.399670319071644,0.0681891014053433,0.177935563969378,0.0889677819846892,0.171901783232702,0.337574267066167,0.490523949701131,0.0771837225368066,0.205460060667341,0.10273003033367,0.158139534883721,0.344186046511628,0.497674418604651,0.0646402190617571,0.164581591355792,0.0822907956778962,0.178578769539495,0.336492573045316,0.484928657415189,17,2,4,11,24,8,5,11,31,5,17,9,28,1,3,24,25,8,13,4,27,4,12,11,29,3,3,23,34,3,17,14
171,4,0.260869565217391,0.260869565217391,0.478260869565217,0.059087805838001,0.160727258273311,0.0803636291366553,0.281219119901542,0.180505936080736,0.538274944017722,0.0347553409086354,0.0882668183820677,0.0441334091910339,0.301673458166441,0.216736156026357,0.481590385807201,0.0599845517591483,0.165913319564927,0.0829566597824633,0.286990026671845,0.177912905434928,0.535097067893227,0.0627143436099359,0.169980336464933,0.0849901682324667,0.281407035175879,0.175879396984925,0.542713567839196,0.0624549396654919,0.171162330484,0.0855811652420001,0.284743822883569,0.175288399975391,0.53996777714104,25,8,8,9,35,15,3,17,24,6,6,12,25,2,0,23,26,5,4,17,19,7,6,6,21,4,5,12,24,9,3,12
171,5,0.260869565217391,0.260869565217391,0.478260869565217,0.0820322279548149,0.216606360224775,0.108303180112388,0.369172745329779,0.242728328089264,0.388098926580958,0.108252795123039,0.295937028001537,0.147968514000769,0.40883807921816,0.22089987313013,0.37026204765171,0.0778610019453145,0.216531579512379,0.108265789756189,0.369135354973581,0.224126107139949,0.406738537886471,0.0815375044677086,0.229529905098212,0.114764952549106,0.375634517766497,0.213197969543147,0.411167512690355,0.0773404289003085,0.212754045770492,0.106377022885246,0.367246588102638,0.229709663927916,0.403043747969447,30,14,5,11,26,5,7,14,21,8,5,8,34,15,6,13,30,7,1,22,20,1,10,9,15,7,5,3,21,17,3,1
172,1,0.217391304347826,0.304347826086957,0.478260869565217,0.0564076452114465,0.146958084650896,0.0734790423254481,0.281026111559445,0.230868783761508,0.488105104679046,0.0938095884802135,0.261190447359435,0.130595223679717,0.347986528027543,0.218825872471061,0.433187599501395,0.0571290905889711,0.152394314998814,0.0761971574994067,0.278751318544256,0.22815066858755,0.493098012868194,0.0729832848232969,0.194902548725637,0.0974512743628186,0.295566502463054,0.206896551724138,0.497536945812808,0.0580437941217896,0.155311649859098,0.0776558249295489,0.279258372503782,0.226692001157408,0.494049626338811,24,10,4,10,23,8,7,8,29,1,5,23,17,4,6,7,28,2,7,19,27,15,6,6,29,12,4,13,26,8,3,15
172,2,0.217391304347826,0.304347826086957,0.478260869565217,0.0349929007911816,0.0989705739071695,0.0494852869535848,0.167906017394241,0.328691170160736,0.503402812445022,0.0637887263931575,0.17247977049131,0.086239885245655,0.151347268135418,0.390587711332612,0.458065020531971,0.0351181005112926,0.0977303378450051,0.0488651689225026,0.168526135425323,0.336465976559462,0.495007888015215,0.0404160470356736,0.11392699372239,0.0569634968611951,0.160427807486631,0.336898395721925,0.502673796791444,0.0402067139917756,0.11326817076689,0.0566340853834448,0.160757218964381,0.337058620547974,0.502184160487644,18,1,7,10,23,7,8,8,19,4,8,7,14,6,3,5,29,3,12,14,38,4,18,16,23,1,4,18,23,4,3,16
172,3,0.217391304347826,0.304347826086957,0.478260869565217,0.0678528594957303,0.186833718912639,0.0934168594563194,0.310808163804145,0.276638964501512,0.412552871694342,0.139243048862506,0.34897438718211,0.174487193591055,0.383683015854126,0.312543308171712,0.303773675974162,0.0702501911438045,0.188085051784322,0.0940425258921609,0.311433830239987,0.285068886880576,0.403497282879437,0.0694423169496089,0.188332969193795,0.0941664845968976,0.311557788944724,0.281407035175879,0.407035175879397,0.070068705775889,0.187858296641736,0.0939291483208678,0.311320452668694,0.28472226462723,0.403957282704076,26,9,9,8,21,5,1,15,26,8,11,7,23,12,5,6,31,3,12,16,18,2,2,14,24,10,8,6,30,13,8,9
172,4,0.217391304347826,0.304347826086957,0.478260869565217,0.109972216590347,0.302737574170902,0.151368787085451,0.368760091433277,0.259589964113431,0.371649944453292,0.137984682531141,0.361977742283142,0.180988871141571,0.398380175489397,0.27703511502575,0.324584709484853,0.110860232531303,0.30874722688687,0.154373613443435,0.371764917791261,0.250858642445505,0.377376439763234,0.116013004486017,0.32383808095952,0.16191904047976,0.379310344827586,0.246305418719212,0.374384236453202,0.109893957989661,0.305526821043318,0.152763410521659,0.370154714869485,0.252715430074938,0.377129855055577,34,9,4,21,23,1,12,10,27,12,8,7,27,15,1,11,22,15,5,2,24,9,7,8,27,12,8,7,19,4,5,10
172,5,0.217391304347826,0.304347826086957,0.478260869565217,0.0245887913214508,0.0641331303331539,0.032066565166577,0.249457869514403,0.276664885277435,0.473877245208162,0.0394897636024688,0.109191208950964,0.0545956044754821,0.271986908823308,0.287230992518053,0.440782098658639,0.0169943185625627,0.0479575650968256,0.0239787825484128,0.241370086896239,0.290953519964531,0.46767639313923,0.0157874359667034,0.0444800641154078,0.0222400320577039,0.23963133640553,0.294930875576037,0.465437788018433,0.024042914447065,0.0677049573812301,0.0338524786906151,0.251243783038441,0.290178372467712,0.458577844493847,26,3,7,16,22,8,4,10,24,1,5,18,29,4,21,4,20,2,0,18,24,15,4,5,33,7,10,16,39,12,13,14
173,1,0.173913043478261,0.347826086956522,0.478260869565217,0.0220757015581106,0.0619095886670745,0.0309547943335372,0.142958249144724,0.366818513248413,0.490223237606864,0.028544700980792,0.0704306012675874,0.0352153006337937,0.138697742844467,0.382525018152214,0.478777239003318,0.0150872361487148,0.0390560380315129,0.0195280190157564,0.154385024462504,0.365035188599547,0.480579786937949,0.0259919169943505,0.0700483091787439,0.035024154589372,0.138888888888889,0.375,0.486111111111111,0.0225395076667217,0.0615293590486002,0.0307646795243001,0.143148363953961,0.370433035989258,0.486418600056781,30,4,11,15,26,1,16,9,27,3,8,16,28,6,3,19,17,2,4,11,23,6,9,8,25,2,11,12,40,6,19,15
173,2,0.173913043478261,0.347826086956522,0.478260869565217,0.0202085574186002,0.056995064839352,0.028497532419676,0.202410575897937,0.335447260292077,0.462142163809986,0.0510239772365102,0.13267025092395,0.0663351254619751,0.240248168940236,0.290063652259901,0.469688178799863,0.021063679797426,0.0592571520491409,0.0296285760245704,0.203541619502831,0.330341869735451,0.466116510761718,0.0182547166103777,0.0502321654706627,0.0251160827353314,0.199029126213592,0.330097087378641,0.470873786407767,0.0185701056100428,0.0508487697984114,0.0254243848992057,0.199337428377467,0.329415322499389,0.471247249123144,25,5,13,7,20,2,12,6,27,7,6,14,26,7,7,12,31,9,5,17,28,5,9,14,34,1,11,22,15,5,5,5
173,3,0.173913043478261,0.347826086956522,0.478260869565217,0.0789398518297126,0.220052422056054,0.110026211028027,0.135268351920937,0.276444567485819,0.588287080593244,0.0614176245286194,0.170505426766219,0.0852527133831096,0.202146066653193,0.262573373573412,0.535280559773395,0.0781652831337522,0.221047280981836,0.110523640490918,0.120414997749339,0.290800492194526,0.588784510056136,0.0649169407762561,0.183478260869565,0.0917391304347825,0.125,0.305,0.57,0.0646469110956217,0.182075748333491,0.0910378741667457,0.135668291690003,0.295032964578034,0.569298743731963,31,0,17,14,17,4,0,13,29,5,20,4,26,8,6,12,21,0,1,20,19,0,5,14,25,5,7,13,32,3,5,24
173,4,0.173913043478261,0.347826086956522,0.478260869565217,0.0883922898013662,0.239063105627216,0.119531552813608,0.145832456923639,0.46735763977013,0.386809903306232,0.0334513554623994,0.0944014488891688,0.0472007244445843,0.153061950674834,0.395026811401106,0.45191123792406,0.0875098839560403,0.233352191505312,0.116676095752656,0.151309939213715,0.464502182709178,0.384187878077107,0.0843586751741838,0.228970941664846,0.114485470832423,0.14572864321608,0.462311557788945,0.391959798994975,0.0876149504459961,0.234837637379336,0.117418818689668,0.149470018179947,0.46524490564619,0.385285076173863,25,8,15,2,21,0,10,11,28,6,9,13,25,1,19,5,21,2,10,9,21,2,7,12,29,5,8,16,29,5,14,10
173,5,0.173913043478261,0.347826086956522,0.478260869565217,0.0510914562132055,0.142155154611674,0.0710775773058367,0.149620981025817,0.301040572103129,0.549338446871054,0.0673002719575414,0.189270714646924,0.0946353573234621,0.268548400801723,0.29172764713564,0.439723952062637,0.0637243548308167,0.176272249264457,0.0881361246322286,0.146130181468405,0.287472824334149,0.566396994197446,0.0595490553257452,0.158017765310893,0.0790088826554465,0.188172043010753,0.268817204301075,0.543010752688172,0.0532163882692413,0.14945582592621,0.0747279129631051,0.14428085514946,0.302730362322218,0.552988782528323,14,3,6,5,23,8,7,8,21,13,3,5,22,2,2,18,21,0,6,15,32,0,17,15,24,0,3,21,29,9,6,14
174,1,0.130434782608696,0.391304347826087,0.478260869565217,0.0205297787730846,0.0568242081574211,0.0284121040787105,0.158846886687406,0.371924131016154,0.46922898229644,0.0322251308442279,0.0907286848487737,0.0453643424243868,0.111526987397068,0.364847800613328,0.523625211989604,0.0211326831190878,0.0594737002972579,0.0297368501486289,0.160171632757325,0.373852272011801,0.465976095230875,0.0303854329340164,0.0852842809364549,0.0426421404682274,0.173076923076923,0.365384615384615,0.461538461538462,0.0250884175745694,0.0709407326402544,0.0354703663201273,0.165905148928823,0.374299150577484,0.459795700493694,28,8,6,14,23,7,2,14,19,1,8,10,24,1,9,14,22,3,12,7,34,14,16,4,30,2,7,21,28,0,16,12
174,2,0.130434782608696,0.391304347826087,0.478260869565217,0.0202644591595956,0.0560507593858673,0.0280253796929337,0.139260370437026,0.363278968133153,0.497460661429821,0.383989602883819,1.04347826086957,0.521739130434783,1.01361535068641e-105,1.00774477569712e-94,1,0.0255788072884922,0.0721088881791305,0.0360544440895652,0.151005795033412,0.355249903736522,0.493744301230066,0.0149439819468404,0.0389120508239031,0.0194560254119515,0.127853881278539,0.374429223744292,0.497716894977169,0.0204089007014034,0.0571218398066831,0.0285609199033416,0.141111046052711,0.362743427922745,0.496145526024543,29,3,14,12,27,2,14,11,33,7,12,14,24,3,10,11,22,3,12,7,26,3,0,23,23,2,7,14,35,5,13,17
174,3,0.130434782608696,0.391304347826087,0.478260869565217,0.0127532090327168,0.0340749569692174,0.0170374784846088,0.113397304124087,0.404947514462074,0.481655181413839,0.084078376742563,0.207121310356835,0.103560655178417,0.129252411280182,0.494865003004504,0.375882585715313,0.0148223905567114,0.0410669159140028,0.0205334579570014,0.116515969161077,0.411837805783088,0.471646225055835,0.0223769544730816,0.0569860700717602,0.0284930350358801,0.101941747572816,0.41747572815534,0.480582524271845,0.0169540363424655,0.0449694508125759,0.022484725406288,0.111982228160159,0.413789073232375,0.474228698607466,31,2,17,12,18,2,2,14,17,3,9,5,33,1,11,21,21,0,4,17,29,4,13,12,26,4,12,10,31,5,18,8
174,4,0.130434782608696,0.391304347826087,0.478260869565217,0.0452533131058866,0.127640492066554,0.0638202460332771,0.0943984424651858,0.455124593859364,0.45047696367545,0.072044217543246,0.185974370854663,0.0929871854273315,0.140864661816191,0.473861654045923,0.385273684137886,0.0439358798656946,0.123606936390919,0.0618034681954593,0.0939841027895912,0.453107816021546,0.452908081188863,0.0415135814127609,0.117391304347826,0.058695652173913,0.1,0.45,0.45,0.0435890006157634,0.122732390772084,0.0613661953860423,0.0946876934165603,0.452670543212129,0.452641763371311,29,2,15,12,27,5,12,10,29,5,16,8,24,4,6,14,28,0,14,14,30,0,6,24,23,0,17,6,30,6,13,11
174,5,0.130434782608696,0.391304347826087,0.478260869565217,0.0810263076193814,0.224331102026173,0.112165551013087,0.0540527296742746,0.503469898839173,0.442477371486552,0.101444661406535,0.286908257097041,0.143454128548521,0.0572198528773944,0.534758476374608,0.408021670747998,0.079759812050942,0.222961383205484,0.111480691602742,0.0598121326364943,0.502785039428829,0.437402827934677,0.0810647131334662,0.227700582698342,0.113850291349171,0.0618556701030928,0.505154639175258,0.43298969072165,0.0816214864601071,0.227876635958785,0.113938317979392,0.0574454691267258,0.505242665805479,0.437311865067795,18,0,11,7,24,1,14,9,17,0,5,12,23,0,11,12,29,3,19,7,30,0,20,10,34,6,10,18,19,2,8,9
175,1,0.0869565217391304,0.434782608695652,0.478260869565217,0.0688059601596073,0.187320311541882,0.093660155770941,0.0629786132463131,0.365100361417529,0.571921025336158,0.0612607950344991,0.168943532982056,0.0844717664910283,0.0613855120845641,0.37588185185919,0.562732636056246,0.0679559276864943,0.182441224308714,0.0912206121543572,0.067539957285407,0.362978560995018,0.569481481719575,0.0742265848365402,0.206268958543984,0.103134479271992,0.0523255813953488,0.366279069767442,0.581395348837209,0.0700278197749535,0.189876484328323,0.0949382421641616,0.0638982782474667,0.362902610023154,0.573199111729379,23,2,8,13,25,3,13,9,23,0,2,21,20,1,5,14,22,0,6,16,14,0,7,7,21,2,14,5,24,1,8,15
175,2,0.0869565217391304,0.434782608695652,0.478260869565217,0.0345641216539976,0.0948428352559039,0.047421417627952,0.134377939367082,0.421339549134793,0.444282511498124,0.0222239831125738,0.0568448124108691,0.0284224062054345,0.115378927944565,0.408953176071966,0.475667895983469,0.0259145645857113,0.0659072721578335,0.0329536360789167,0.119910157818047,0.432194289076982,0.447895553104971,0.0263321099059398,0.0711849957374254,0.0355924978687127,0.122549019607843,0.426470588235294,0.450980392156863,0.0332943714693383,0.0872454614389386,0.0436227307194693,0.1305792524586,0.428319395691818,0.441101351849582,25,2,11,12,25,1,13,11,22,11,7,4,20,4,7,9,26,0,12,14,32,3,25,4,27,1,3,23,27,3,9,15
175,3,0.0869565217391304,0.434782608695652,0.478260869565217,0.0303889622470594,0.0785898117834975,0.0392949058917488,0.0823811064092774,0.400063118133756,0.517555775456966,0.01065636284437,0.0301028215464021,0.0150514107732011,0.0800853229671488,0.449834019468853,0.470080657563998,0.03656406486665,0.101311559334995,0.0506557796674977,0.0706225325645688,0.400460818202716,0.528916649232715,0.036905088381982,0.103943377148635,0.0519716885743174,0.0651162790697674,0.404651162790698,0.530232558139535,0.0350168223746035,0.0947794794476059,0.0473897397238029,0.0757085872632773,0.398640803447702,0.52565060928902,30,1,21,8,29,1,8,20,28,0,12,16,29,3,12,14,15,5,6,4,29,0,2,27,29,1,14,14,26,3,12,11
175,4,0.0869565217391304,0.434782608695652,0.478260869565217,0.116016670656934,0.322705780965291,0.161352890482646,0.141869905144742,0.541222115772686,0.316907979082572,0.071303523112088,0.201671822474813,0.100835911237406,0.13798918540685,0.484585856265339,0.377424958327811,0.129957527786871,0.353551314266288,0.176775657133144,0.131798812915841,0.566715974652086,0.301485212432073,0.12168221289567,0.331521739130435,0.165760869565217,0.129807692307692,0.557692307692308,0.3125,0.12821914384309,0.354067070048362,0.177033535024181,0.141494341659893,0.55727832379907,0.301227334541037,24,5,10,9,30,5,13,12,29,2,20,7,33,0,30,3,20,1,4,15,21,1,12,8,27,10,16,1,24,3,11,10
175,5,0.0869565217391304,0.434782608695652,0.478260869565217,0.0597945528087533,0.156736964513143,0.0783684822565713,0.165325003995702,0.368087123320708,0.46658787268359,0.0522185017387425,0.145179375909573,0.0725896879547866,0.13500767413918,0.362192920740866,0.502799405119954,0.0629197948009444,0.155575407350893,0.0777877036754466,0.164744225414577,0.358470101960069,0.476785672625354,0.0637345395276017,0.16699604743083,0.083498023715415,0.170454545454545,0.363636363636364,0.465909090909091,0.0631966653302704,0.156643214689327,0.0783216073446636,0.165278129083794,0.358338804466625,0.476383066449581,23,2,5,16,17,7,3,7,26,3,8,15,25,2,10,13,22,4,10,8,15,0,12,3,22,1,13,8,26,11,3,12
176,1,0.0434782608695652,0.478260869565217,0.478260869565217,0.0436938054909862,0.122464093386089,0.0612320466930447,0.066903992096723,0.417028822872173,0.516067185031104,0.0964936899235289,0.268046721310491,0.134023360655246,0.0882446632355022,0.344237508909972,0.567517827854526,0.0580156171089421,0.149454896702792,0.0747274483513959,0.051506441928352,0.403533421213821,0.544960136857827,0.0550103178294112,0.142088749439713,0.0710443747198566,0.0515463917525773,0.407216494845361,0.541237113402062,0.0531971068518635,0.145440347517897,0.0727201737589486,0.0631431235078349,0.405540695806269,0.531316180685896,22,4,3,15,25,0,17,8,26,1,4,21,22,0,9,13,29,0,7,22,32,1,17,14,16,0,15,1,22,4,7,11
176,2,0.0434782608695652,0.478260869565217,0.478260869565217,0.0137517319572461,0.0368948445047062,0.0184474222523531,0.0250308386172121,0.492816996365219,0.482152165017569,0.0255213398408284,0.0718930307019277,0.0359465153509638,0.0226953401362112,0.463097274947608,0.514207384916181,0.00990194743286845,0.0279272768041113,0.0139636384020557,0.0295146224675095,0.484328661207901,0.486156716324589,0.0131540521700288,0.0372052779580359,0.018602638979018,0.0248756218905473,0.487562189054726,0.487562189054726,0.0134412620863742,0.0380028012696562,0.0190014006348281,0.0244768602347371,0.487301819789682,0.488221319975581,26,1,8,17,29,0,15,14,27,0,16,11,25,0,15,10,22,3,11,8,19,0,13,6,21,0,11,10,32,1,9,22
176,3,0.0434782608695652,0.478260869565217,0.478260869565217,0.0310796980877423,0.084434659305166,0.042217329652583,0.053994746619214,0.509961713468152,0.436043539912634,0.0369573263994004,0.0909525040931326,0.0454762520465664,0.088525551752511,0.478689830728838,0.432784617518651,0.0324451849308598,0.0854440771985275,0.0427220385992638,0.0503425356643505,0.514118633369696,0.435538830965954,0.0397010533983173,0.110706761156866,0.0553533805784333,0.079295154185022,0.497797356828194,0.422907488986784,0.0310656086766382,0.0831738490425679,0.041586924521284,0.0520037222612472,0.511322332694819,0.436673945043933,26,0,7,19,23,7,10,6,33,0,17,16,28,6,16,6,30,0,18,12,30,0,22,8,31,5,9,17,26,0,14,12
176,4,0.0434782608695652,0.478260869565217,0.478260869565217,0.0323653437052459,0.0910000285385114,0.0455000142692557,0.0619172662805565,0.505321878423482,0.432760855295962,0.114659413972368,0.298786654085686,0.149393327042843,0.063572752318505,0.607559705159121,0.328867542522374,0.0191275561090905,0.0540481482302931,0.0270240741151466,0.058024545346235,0.490738659203694,0.451236795450071,0.0127031612336625,0.0334448160535117,0.0167224080267558,0.0461538461538462,0.492307692307692,0.461538461538462,0.0209169799629862,0.0584586669391,0.0292293334695499,0.062031788461534,0.488936675442799,0.449031536095667,24,1,16,7,27,0,7,20,27,4,10,13,23,2,16,5,22,0,14,8,25,0,11,14,18,1,15,2,29,1,7,21
176,5,0.0434782608695652,0.478260869565217,0.478260869565217,0.131135532281709,0.322410396452204,0.161205198226102,0.0446802630775977,0.638264065583287,0.317055671339115,0.11034056123767,0.270954184436978,0.135477092218489,0.0441569285537542,0.613059294099517,0.342783777346728,0.129706172231442,0.320900258171698,0.160450129085849,0.0467140162218658,0.635475243298766,0.317810740479368,0.12903980734172,0.318089659833296,0.159044829916648,0.0414507772020725,0.637305699481865,0.321243523316062,0.130871730735794,0.321666473599612,0.160833236799806,0.0445814673264284,0.63799089990816,0.317427632765411,21,0,8,13,21,0,17,4,29,1,19,9,22,0,21,1,30,2,17,11,19,0,10,9,22,4,13,5,29,1,18,10
177,1,0.434782608695652,0.0434782608695652,0.521739130434783,0.0526627626724528,0.134669558736065,0.0673347793680324,0.496010304510705,0.0495853444225453,0.45440435106675,0.131304870378698,0.328390663404298,0.164195331702149,0.591989350317675,0.0504668509496915,0.357543798732633,0.0587950969463096,0.144876525464846,0.0724382627324228,0.507220871428075,0.0426119045941482,0.450167223977777,0.0618560625525118,0.159846547314578,0.079923273657289,0.514705882352941,0.0343137254901961,0.450980392156863,0.0565611374599961,0.142935538893646,0.071467769446823,0.501629382289669,0.048099256722371,0.45027136098796,16,8,0,8,30,22,0,8,37,17,1,19,25,2,0,23,20,10,3,7,22,9,0,13,27,18,2,7,27,19,1,7
177,2,0.434782608695652,0.0434782608695652,0.521739130434783,0.0257277654674351,0.0655455517219887,0.0327727758609943,0.402009832834658,0.0461775838957525,0.55181258326959,0.066077695867281,0.169637308306336,0.084818654153168,0.349963954542484,0.0519208429235939,0.598115202533922,0.0291796083413469,0.0780169104842741,0.039008455242137,0.395774153453515,0.0513236022167116,0.552902244329773,0.0326224948990177,0.0829585207396301,0.0414792603698151,0.396551724137931,0.0402298850574713,0.563218390804598,0.0311420961300316,0.079754954718962,0.039877477359481,0.394905131336171,0.0472279499588802,0.557866918704949,29,8,3,18,25,12,2,11,19,16,0,3,18,4,1,13,25,11,0,14,22,6,1,15,26,7,0,19,10,5,0,5
177,3,0.434782608695652,0.0434782608695652,0.521739130434783,0.0432756225820214,0.106379640929906,0.0531898204649527,0.487972429160605,0.0430997865880703,0.468927784251325,0.102475952154226,0.265582628729818,0.132791314364909,0.567573923060561,0.0273502003752635,0.405075876564175,0.0456062884994454,0.118626807514739,0.0593134037573697,0.494096012453022,0.0357610308869492,0.470142956660029,0.0462007207211104,0.114727976325973,0.0573639881629866,0.492146596858639,0.0418848167539267,0.465968586387435,0.0430722464783035,0.106636498357675,0.0533182491788374,0.48810085787449,0.0423279750112443,0.469571167114266,18,13,0,5,22,7,1,14,24,13,6,5,23,2,0,21,29,16,0,13,21,14,1,6,25,10,0,15,29,19,0,10
177,4,0.434782608695652,0.0434782608695652,0.521739130434783,0.08040396347122,0.202004600812451,0.101002300406225,0.333780308289427,0.0487456018442938,0.617474089866279,0.0334839655607226,0.0895125019045545,0.0447562509522773,0.390026357743375,0.0524615207237549,0.55751212153287,0.0729526513718253,0.188189629762131,0.0940948148810656,0.340687793814587,0.0538820007447174,0.605430205440696,0.0754256049114332,0.196095829636202,0.0980479148181012,0.336734693877551,0.0561224489795918,0.607142857142857,0.0745659140023332,0.190186078099091,0.0950930390495455,0.339689569646107,0.0515520209297877,0.608758409424106,30,9,3,18,21,10,1,10,27,12,1,14,22,2,0,20,30,11,0,19,30,11,6,13,22,9,0,13,14,2,0,12
177,5,0.434782608695652,0.0434782608695652,0.521739130434783,0.0363657903655086,0.0975236572642731,0.0487618286321366,0.386020780063516,0.0537022293744852,0.560276990561999,0.0756684723049606,0.206058060834282,0.103029030417141,0.331753578278511,0.0699460054294525,0.598300416292036,0.0427349025979657,0.114751365011836,0.0573756825059178,0.377406926189734,0.0557213113722131,0.566871762438052,0.0464029437469205,0.128824476650564,0.0644122383252818,0.37037037037037,0.0648148148148148,0.564814814814815,0.0439559203912456,0.117019703417275,0.0585098517086374,0.376272756987015,0.0545498881799667,0.569177354833019,34,10,7,17,32,11,1,20,18,11,0,7,25,6,4,15,19,6,0,13,25,8,2,15,42,14,0,28,21,14,0,7
178,1,0.391304347826087,0.0869565217391304,0.521739130434783,0.0375760278642288,0.102646710183772,0.0513233550918861,0.405034063183685,0.0356331666472444,0.55933277016907,0.0715132087805206,0.200984840820036,0.100492420410018,0.491796768236105,0.0268531504199058,0.481350081343989,0.0390901126949477,0.109939135800808,0.0549695679004042,0.413708253959641,0.0319869538387262,0.554304792201632,0.0456931641529704,0.129220306048093,0.0646101530240466,0.424581005586592,0.0223463687150838,0.553072625698324,0.0373627632302961,0.105160097044094,0.0525800485220471,0.413070216102937,0.0343764732170834,0.552553310679979,25,18,0,7,24,4,0,20,28,15,0,13,23,13,0,10,17,3,2,12,21,8,0,13,20,12,1,7,21,3,1,17
178,2,0.391304347826087,0.0869565217391304,0.521739130434783,0.0403558989748853,0.100119337267435,0.0500596686337175,0.441364016459804,0.0381902164268072,0.520445767113388,0.0998090638395435,0.281523623864412,0.140761811932206,0.532066159758293,0.0256507500949418,0.442283090146765,0.0515003337137666,0.137430289866391,0.0687151449331954,0.460019492759282,0.0316920556354701,0.508288451605248,0.0574735905489296,0.157391304347826,0.078695652173913,0.47,0.03,0.5,0.0487280658328367,0.131121448019545,0.0655607240097727,0.45686507183586,0.035791921914859,0.507343006249281,23,4,0,19,21,12,1,8,30,16,0,14,16,11,0,5,28,19,0,9,18,3,1,14,41,25,0,16,23,4,4,15
178,3,0.391304347826087,0.0869565217391304,0.521739130434783,0.0558718869007136,0.157835680525973,0.0789178402629867,0.43415184951016,0.123026860318044,0.442821290171796,0.024377470865854,0.0673787054824336,0.0336893527412168,0.414486394521345,0.0974638277850897,0.488049777693566,0.0580210729141576,0.163494550380118,0.0817472751900589,0.438318392770436,0.121689751984841,0.439991855244724,0.0481474084202988,0.12977267711322,0.06488633855661,0.441624365482233,0.101522842639594,0.456852791878173,0.0588183968324639,0.165957885530376,0.0829789427651882,0.437821443109742,0.123418369220664,0.438760187669594,27,20,5,2,26,13,2,11,26,4,2,20,30,11,2,17,25,11,2,12,19,4,3,12,19,9,0,10,25,15,4,6
178,4,0.391304347826087,0.0869565217391304,0.521739130434783,0.0852301118052618,0.222803727851878,0.111401863925939,0.295747720249115,0.19835838566507,0.505893894085816,0.104382289564106,0.295060731024613,0.147530365512306,0.243773982313781,0.165147424868436,0.591078592817784,0.0819158845266,0.209600066372161,0.104800033186081,0.296148828782366,0.191756554925211,0.512094616292423,0.086398153444526,0.219869339941428,0.109934669970714,0.290155440414508,0.196891191709845,0.512953367875648,0.081930643109991,0.208521944848672,0.104260972424336,0.295399638120247,0.191217494163467,0.513382867716286,19,4,3,12,24,4,3,17,24,17,0,7,31,7,4,20,17,4,9,4,27,7,5,15,24,5,10,9,27,8,4,15
178,5,0.391304347826087,0.0869565217391304,0.521739130434783,0.031090705326429,0.0816529614785596,0.0408264807392797,0.425854305968116,0.0461300409998507,0.528015653032034,0.0837051439246072,0.236615409202285,0.118307704601143,0.50961205242723,0.0313086576252749,0.459079289947496,0.02924253626046,0.0782037053170608,0.0391018526585304,0.422516008669928,0.0478546690806001,0.529629322249472,0.0302780788550411,0.0766157461809636,0.0383078730904818,0.427027027027027,0.0486486486486487,0.524324324324324,0.0300805888738239,0.0806753915218108,0.0403376957609054,0.423174283947362,0.046618825978225,0.530206890074413,30,13,0,17,23,12,1,10,25,6,6,13,21,12,1,8,22,2,0,20,21,12,0,9,22,10,1,11,21,12,0,9
179,1,0.347826086956522,0.130434782608696,0.521739130434783,0.0413801165390455,0.106283943076198,0.0531419715380989,0.300032019107803,0.183576754146795,0.516391226745403,0.0344445417842844,0.0959598576841887,0.0479799288420943,0.316550210833797,0.17841471145079,0.505035077715413,0.0445952020077311,0.1193753478918,0.0596876739458998,0.288138413010622,0.177917617494267,0.533943969495111,0.0443009355301768,0.114699792960663,0.0573498964803312,0.29047619047619,0.180952380952381,0.528571428571429,0.0447853552616992,0.116622001820616,0.0583110009103078,0.289515086046214,0.181002019296661,0.529482894657126,32,5,6,21,33,9,8,16,27,16,5,6,24,1,12,11,27,10,2,15,15,8,2,5,19,6,3,10,33,6,0,27
179,2,0.347826086956522,0.130434782608696,0.521739130434783,0.0914022506243925,0.258517087526434,0.129258543763217,0.282343130727041,0.0666591950749599,0.650997674197999,0.0253074797379068,0.0701928652014627,0.0350964326007314,0.324204724020879,0.118959712943608,0.556835563035514,0.0903518654003818,0.255466394191076,0.127733197095538,0.281067751593718,0.069459920875962,0.64947232753032,0.0939325719129244,0.263784308962837,0.131892154481419,0.268156424581006,0.0782122905027933,0.653631284916201,0.0932203760450998,0.263517852579562,0.131758926289781,0.278106471183441,0.0683954720919955,0.653498056724563,33,11,6,16,13,7,0,6,24,3,0,21,20,4,4,12,18,6,3,9,25,4,0,21,22,4,0,18,24,9,1,14
179,3,0.347826086956522,0.130434782608696,0.521739130434783,0.0733155653288888,0.198264474305275,0.0991322371526375,0.271947274731001,0.107181357681579,0.62087136758742,0.0582310755332733,0.153870792204313,0.0769353961021565,0.283922275668632,0.117403197794428,0.598674526536939,0.0777516290749629,0.211475129032672,0.105737564516336,0.268829746003918,0.103693559044964,0.627476694951119,0.077818665333764,0.197547380156076,0.0987736900780379,0.256410256410256,0.123076923076923,0.620512820512821,0.0700261543820515,0.189863805951953,0.0949319029759765,0.275937936666456,0.107391029922785,0.616671033410759,27,12,1,14,27,6,3,18,22,7,6,9,28,7,0,21,25,9,10,6,27,2,4,21,17,1,0,16,22,6,0,16
179,4,0.347826086956522,0.130434782608696,0.521739130434783,0.0356057732393581,0.090017448758774,0.045008724379387,0.392834811335909,0.127483365958336,0.479681822705755,0.0414697944292564,0.115527520929781,0.0577637604648905,0.310162022615141,0.110335086485186,0.579502890899673,0.024553564937549,0.062867822634386,0.031433911317193,0.379259998273715,0.127494690461571,0.493245311264714,0.0242119662199516,0.0681669215643435,0.0340834607821717,0.381909547738693,0.110552763819095,0.507537688442211,0.0240342761149096,0.0633056457506846,0.0316528228753424,0.379478909831864,0.125334215919492,0.495186874248644,36,13,4,19,33,9,4,20,24,5,1,18,18,14,1,3,21,15,1,5,20,8,7,5,21,5,2,14,26,7,2,17
179,5,0.347826086956522,0.130434782608696,0.521739130434783,0.0293946220600477,0.0793382193195354,0.0396691096597677,0.387495196616289,0.121362988260238,0.491141815123472,0.0214970550691579,0.060110485443336,0.030055242721668,0.37788132967819,0.111445235746817,0.510673434574993,0.0374739110876437,0.105759465333947,0.0528797326669737,0.400705819623495,0.107034887181152,0.492259293195353,0.0362501355580581,0.102469891814656,0.051234945907328,0.39906103286385,0.103286384976526,0.497652582159624,0.0388043066642503,0.101982824191525,0.0509914120957624,0.398817499052284,0.122505187197489,0.478677313750227,29,14,2,13,33,9,2,22,15,3,0,12,26,18,0,8,32,11,4,17,18,6,5,7,33,22,8,3,27,2,1,24
180,1,0.304347826086957,0.173913043478261,0.521739130434783,0.0146927292640428,0.0395998255379072,0.0197999127689536,0.308790032880617,0.154113130709307,0.537096836410076,0.179014192717223,0.473742318318424,0.236871159159212,0.541218985246168,0.132860680814385,0.325920333939447,0.011782686746639,0.0315531726362554,0.0157765863181277,0.307591546761482,0.158136457160133,0.534271996078385,0.00609670076074762,0.0157308280533101,0.00786541402665503,0.296482412060302,0.180904522613065,0.522613065326633,0.0117849102624608,0.0315854901191866,0.0157927450595933,0.307632467114009,0.158120298418668,0.534247234467323,28,2,12,14,23,7,0,16,23,6,5,12,28,9,0,19,31,10,10,11,29,10,5,14,23,11,1,11,14,4,3,7
180,2,0.304347826086957,0.173913043478261,0.521739130434783,0.0319471331498042,0.0863409553430513,0.0431704776715256,0.271223030589597,0.163867361304095,0.564909608106308,0.0731945716516615,0.206004295737206,0.103002147868603,0.364741938295445,0.216521079138375,0.41873698256618,0.0294599535536268,0.0802212766412781,0.0401106383206391,0.274536185119422,0.163614046125156,0.561849768755422,0.0273878534748237,0.0765217391304348,0.0382608695652175,0.28,0.16,0.56,0.0272451459698923,0.0729004043841266,0.0364502021920633,0.275306809010325,0.166503858362829,0.558189332626846,16,1,0,15,26,3,2,21,21,1,6,14,21,11,1,9,17,6,5,6,25,12,5,8,21,6,1,14,28,9,8,11
180,3,0.304347826086957,0.173913043478261,0.521739130434783,0.0308245600532967,0.0871398088783333,0.0435699044391666,0.324917120422778,0.130343139039094,0.544739740538128,0.053207198263123,0.138567810178891,0.0692839050894453,0.373631731176402,0.113848378800792,0.512519890022806,0.0350270359418353,0.097851773374131,0.0489258866870655,0.322100100371502,0.124987156791195,0.552912742837303,0.0473394349978888,0.133191940615058,0.0665959703075292,0.331707317073171,0.107317073170732,0.560975609756098,0.0337549028627402,0.0944514664352369,0.0472257332176184,0.321928463219586,0.126687310260642,0.551384226519771,23,8,3,12,26,11,1,14,24,16,4,4,27,2,6,19,38,10,1,27,21,2,1,18,22,7,3,12,24,12,3,9
180,4,0.304347826086957,0.173913043478261,0.521739130434783,0.0634888039295233,0.174761471867367,0.0873807359336833,0.27853754697247,0.112342586659064,0.609119866368466,0.0427344384847398,0.105433556645948,0.0527167783229738,0.303583465747518,0.121960625494726,0.574455908757756,0.0825978599367649,0.22803932070165,0.114019660350825,0.269320886743099,0.0949203224712932,0.635758790785607,0.0809827247880855,0.219679633867277,0.109839816933638,0.277511961722488,0.0909090909090909,0.631578947368421,0.0735321487353457,0.204328889008359,0.10216444450418,0.270066944728373,0.106029480332665,0.623903574938962,33,11,2,20,23,5,5,13,24,6,1,17,26,12,0,14,21,12,5,4,23,8,4,11,31,4,0,27,28,0,2,26
180,5,0.304347826086957,0.173913043478261,0.521739130434783,0.0406898404902682,0.105764703626149,0.0528823518130747,0.258257545144213,0.167120972607929,0.574621482247857,0.068058384929623,0.171547971504006,0.0857739857520031,0.22364505389855,0.168841829914664,0.607513116186786,0.0464241803183586,0.115605929462279,0.0578029647311396,0.246544861355817,0.17585307691086,0.577602061733323,0.0502649621981074,0.137009544008484,0.0685047720042418,0.253658536585366,0.15609756097561,0.590243902439024,0.0507113833380829,0.129815533867224,0.0649077669336118,0.245479875461496,0.16787322717011,0.586646897368394,27,8,5,14,32,2,6,24,29,4,5,20,27,8,1,18,21,6,3,12,21,12,4,5,31,4,6,21,17,8,2,7
181,1,0.260869565217391,0.217391304347826,0.521739130434783,0.0546902612721819,0.154671218218132,0.077335609109066,0.223171136661426,0.294726913456892,0.482101949881682,0.0314273847522231,0.0868987322538877,0.0434493661269438,0.217420199090447,0.247217543182968,0.535362257726584,0.0494784238923352,0.139840728125992,0.0699203640629959,0.223558072215817,0.287311668410822,0.489130259373362,0.0368304959654809,0.102059496567506,0.0510297482837529,0.226315789473684,0.268421052631579,0.505263157894737,0.0499331824472538,0.141188113808777,0.0705940569043887,0.224041716298569,0.287985361252215,0.487972922449216,18,3,10,5,24,1,7,16,24,7,6,11,27,8,6,13,20,3,5,12,27,5,5,17,26,2,4,20,24,14,8,2
181,2,0.260869565217391,0.217391304347826,0.521739130434783,0.0295588934145288,0.0829518558647537,0.0414759279323768,0.277090580938534,0.24264621655906,0.480263202502406,0.0490756671411824,0.128746158103381,0.0643730790516904,0.206217236631693,0.207670553881834,0.586112209486473,0.018715145191452,0.048830702564985,0.0244153512824924,0.281926136587488,0.220750084260222,0.49732377915229,0.0117404722797244,0.0326086956521739,0.0163043478260869,0.271739130434783,0.222826086956522,0.505434782608696,0.0238771120997372,0.0645983966048971,0.0322991983024485,0.285548294752157,0.225011773115509,0.489439932132334,16,2,3,11,29,5,8,16,14,3,11,0,25,4,3,18,33,18,2,13,24,4,4,16,21,5,8,8,22,9,2,11
181,3,0.260869565217391,0.217391304347826,0.521739130434783,0.0288490675815891,0.0804045057436193,0.0402022528718097,0.234748704691517,0.203309912001891,0.561941383306592,0.00945848690544421,0.0252113473564619,0.012605673678231,0.258441932263126,0.207213263623861,0.534344804113014,0.0223668257146592,0.0627104068556845,0.0313552034278423,0.241579381002837,0.205326285134538,0.553094333862625,0.0263927157077673,0.0732730081659678,0.0366365040829839,0.248730964467005,0.192893401015228,0.558375634517767,0.027859285211286,0.0787470024027462,0.0393735012013732,0.242409685060056,0.196477683303789,0.561112631636156,21,6,5,10,29,10,2,17,25,4,5,16,17,2,6,9,33,12,6,15,17,2,6,9,26,1,5,20,29,12,3,14
181,4,0.260869565217391,0.217391304347826,0.521739130434783,0.0295306901036631,0.0766809648732301,0.038340482436615,0.265701116052906,0.250900235948926,0.483398647998168,0.111106040374402,0.312764778525242,0.156382389262621,0.352298567745135,0.282344691082703,0.365356741172162,0.0264256507440889,0.0744892270783112,0.0372446135391555,0.276826989698375,0.238678493405998,0.484494516895627,0.0323890769243177,0.0916066031155545,0.0458033015577772,0.283422459893048,0.240641711229947,0.475935828877005,0.0298319110752454,0.083241197271655,0.0416205986358276,0.27570418846489,0.244177279736155,0.480118531798955,26,8,7,11,24,6,3,15,20,0,0,20,19,7,8,4,28,14,2,12,20,4,11,5,22,1,7,14,28,13,7,8
181,5,0.260869565217391,0.217391304347826,0.521739130434783,0.0190861936147477,0.0522878079810952,0.0261439039905476,0.253611079756744,0.198505885817926,0.54788303442533,0.0394017720950045,0.102436346172795,0.0512181730863973,0.25426767535358,0.172775021125241,0.57295730352118,0.00971494014143047,0.0274014606132853,0.0137007303066427,0.254906659767858,0.209653479490716,0.535439860741425,0.0215959338622268,0.0593254774481918,0.0296627387240959,0.252336448598131,0.196261682242991,0.551401869158878,0.0208614060975285,0.057789159091939,0.0288945795459695,0.251582202885295,0.197784087133953,0.550633709980752,23,8,3,12,27,7,4,16,22,5,5,12,24,10,8,6,37,6,6,25,32,3,9,20,18,4,3,11,31,11,4,16
182,1,0.217391304347826,0.260869565217391,0.521739130434783,0.0196287814961633,0.0507212676160878,0.0253606338080439,0.19493539108466,0.286230199025435,0.518834409889905,0.0638905843063595,0.180450649320182,0.0902253246600911,0.168088983678737,0.351094889877482,0.480816126443781,0.0157483809993667,0.0424445862149368,0.0212222931074684,0.20092969092406,0.28209185832486,0.516978450751081,0.011153632568863,0.0303442028985508,0.0151721014492754,0.213541666666667,0.276041666666667,0.510416666666667,0.016138759888318,0.0441961083560959,0.0220980541780479,0.20139795149514,0.282967619395439,0.515634429109421,29,8,4,17,27,16,3,8,23,0,3,20,20,3,6,11,21,4,5,12,17,2,8,7,28,6,12,10,27,2,12,13
182,2,0.217391304347826,0.260869565217391,0.521739130434783,0.0904102090741969,0.251759618655818,0.125879809327909,0.173860522794846,0.178520537442462,0.647618939762691,0.0857829377056242,0.242630571911256,0.121315285955628,0.15659349276196,0.200352090847629,0.64305441639041,0.084059759984579,0.231050468125378,0.115525234062689,0.183908413304808,0.178827222197721,0.637264364497472,0.0912464403558126,0.256014124917237,0.128007062458618,0.16751269035533,0.182741116751269,0.649746192893401,0.0923389042449195,0.257691488581547,0.128845744290773,0.171374694434248,0.178040430840196,0.650584874725556,24,5,7,12,27,3,4,20,19,4,5,10,28,4,4,20,24,6,1,17,24,3,9,12,20,6,0,14,31,2,6,23
182,3,0.217391304347826,0.260869565217391,0.521739130434783,0.0607191015214908,0.159477553375235,0.0797387766876174,0.137652527660209,0.273143491005965,0.589203981333826,0.0845535589538742,0.227825721147479,0.11391286057374,0.128941197797614,0.235406811193864,0.635651991008522,0.0559415226302968,0.150390769473344,0.0751953847366719,0.142195919611154,0.277173560935734,0.580630519453112,0.0644360804189524,0.17896865520728,0.08948432760364,0.127906976744186,0.290697674418605,0.581395348837209,0.059109738975689,0.158098008946617,0.0790490044733085,0.138342299874518,0.276848727543667,0.584808972581815,25,7,2,16,24,2,7,15,22,3,9,10,23,3,5,15,17,3,2,12,19,3,2,14,18,1,6,11,24,0,17,7
182,4,0.217391304347826,0.260869565217391,0.521739130434783,0.0525284872438279,0.145612273178923,0.0728061365894613,0.290197440937287,0.237245887141877,0.472556671920835,0.0893314464622585,0.251218457093371,0.125609228546685,0.343000532894511,0.186364426661396,0.470635040444093,0.0495302909675827,0.133417956208746,0.0667089781043732,0.284100282452199,0.209013487984651,0.50688622956315,0.0581794531855576,0.146612740141557,0.0733063700707786,0.290697674418605,0.191860465116279,0.517441860465116,0.0477338704430602,0.135011765798916,0.0675058828994579,0.284897187247284,0.227096333725834,0.488006479026882,32,11,7,14,24,9,3,12,15,9,6,0,25,5,1,19,18,7,1,10,19,0,6,13,21,1,3,17,18,8,6,4
182,5,0.217391304347826,0.260869565217391,0.521739130434783,0.0770819586859562,0.194134415828955,0.0970672079144775,0.308888967622835,0.26643910985686,0.424671922520305,0.0966445105941113,0.262403856615698,0.131201928307849,0.316155239541594,0.293307558331472,0.390537202126934,0.0812684064878382,0.204262186584294,0.102131093292147,0.314105078525994,0.266286884331371,0.419608037142636,0.0763168474323331,0.19442165709598,0.0972108285479901,0.306603773584906,0.268867924528302,0.424528301886792,0.0769394247119496,0.195208983088797,0.0976044915443987,0.30784129958237,0.268024061527246,0.424134638890384,26,9,9,8,38,11,13,14,21,9,5,7,24,7,6,11,30,6,11,13,18,8,3,7,30,9,9,12,25,6,1,18
183,1,0.173913043478261,0.304347826086957,0.521739130434783,0.0465053029703615,0.124622108064486,0.0623110540322432,0.124533515375912,0.291416300157063,0.584050184467026,0.0313578258324886,0.0850799858414779,0.042539992920739,0.141792627065712,0.346887819007695,0.511319553926592,0.0473792464427265,0.127881207324035,0.0639406036620177,0.124596592428377,0.289723673474823,0.5856797340968,0.0502737669603528,0.137474120082816,0.0687370600414079,0.123809523809524,0.285714285714286,0.59047619047619,0.0488821632182854,0.132328498988615,0.0661642494943075,0.12348393374841,0.288612686322499,0.58790337992909,26,4,13,9,31,4,9,18,29,7,5,17,29,2,12,15,26,0,3,23,26,5,4,17,18,4,8,6,25,0,6,19
183,2,0.173913043478261,0.304347826086957,0.521739130434783,0.0377135727912284,0.0991389360260398,0.0495694680130199,0.223482511491281,0.262515475247042,0.514002013261677,0.0554921846505141,0.14468427997352,0.0723421399867601,0.236428656028538,0.31417435352344,0.449396990448023,0.0402550710175106,0.102563297484985,0.0512816487424924,0.225194692220753,0.257297880046993,0.517507427732254,0.0389405625893683,0.109885355829548,0.054942677914774,0.228855721393035,0.27363184079602,0.497512437810945,0.0425690121259934,0.114649926593263,0.0573249632966313,0.231238006774892,0.259761537502033,0.509000455723075,34,19,1,14,19,0,1,18,25,8,6,11,24,3,12,9,16,4,3,9,33,4,5,24,21,5,9,7,29,3,18,8
183,3,0.173913043478261,0.304347826086957,0.521739130434783,0.00911645397751796,0.0238913837068561,0.0119456918534281,0.185858735331689,0.302574972338034,0.511566292330277,0.029430699452983,0.0810646820166223,0.0405323410083111,0.214445384486572,0.292272876781573,0.493281738731855,0.0138298508350303,0.0387643075067993,0.0193821537533997,0.193295197231661,0.296925283558347,0.509779519209993,0.00443393001181982,0.0121739130434783,0.00608695652173913,0.18,0.3,0.52,0.00689021353149934,0.0184704547381483,0.00923522736907417,0.183148270847335,0.297038466622147,0.519813262530518,24,1,13,10,41,5,6,30,18,4,7,7,18,4,4,10,24,6,6,12,21,3,10,8,19,5,3,11,35,8,11,16
183,4,0.173913043478261,0.304347826086957,0.521739130434783,0.0125281151139474,0.0353845673960265,0.0176922836980132,0.164249695642837,0.32204010978497,0.513710194572193,0.0474938952252157,0.134308970085071,0.0671544850425357,0.141436473251337,0.371502311129492,0.487061215619171,0.00976581604644522,0.0246048456613681,0.0123024228306841,0.162326343220983,0.30363210351355,0.534041553265467,0.0122667824945711,0.0346947738252086,0.0173473869126043,0.156565656565657,0.313131313131313,0.53030303030303,0.00362710824903048,0.00972751721359835,0.00486375860679919,0.169049284871462,0.305368407924771,0.525582307203768,20,1,8,11,39,5,6,28,24,5,15,4,24,3,11,10,19,6,3,10,32,10,3,19,20,1,13,6,20,0,3,17
183,5,0.173913043478261,0.304347826086957,0.521739130434783,0.0394578605136,0.105272372489863,0.0526361862449314,0.184185636993118,0.34671141881703,0.469102944189851,0.0477838104373263,0.125197283875574,0.062598641937787,0.164659046968854,0.366946468024744,0.468394485006402,0.0365681832268266,0.0995909586179837,0.0497954793089919,0.1867212952587,0.341335053615509,0.471943651125791,0.0357330437758787,0.095529699938763,0.0477648499693815,0.164319248826291,0.352112676056338,0.483568075117371,0.0363380266208419,0.0986696725287778,0.0493348362643889,0.18612117928281,0.341474526546796,0.472404294170394,28,7,15,6,30,3,7,20,27,4,11,12,23,2,9,12,34,8,4,22,24,3,3,18,20,4,8,8,27,4,18,5
184,1,0.130434782608696,0.347826086956522,0.521739130434783,0.0143608070422468,0.0395571823002138,0.0197785911501069,0.144318407594884,0.328047495806415,0.527634096598702,0.0164267747154897,0.0426740857563885,0.0213370428781943,0.149059832325927,0.326489044078327,0.524451123595745,0.0156177872347203,0.0440125047451875,0.0220062523725937,0.143070869158496,0.325819834583928,0.531109296257576,0.0207185620126825,0.0560582652836018,0.0280291326418009,0.137055837563452,0.319796954314721,0.543147208121827,0.016730920375241,0.0469087745270448,0.0234543872635224,0.139459323196961,0.324371699692999,0.53616897711004,24,5,11,8,21,5,10,6,19,0,4,15,30,1,13,16,27,3,7,17,18,6,7,5,30,3,4,23,28,4,7,17
184,2,0.130434782608696,0.347826086956522,0.521739130434783,0.0420687911060137,0.113058056093654,0.0565290280468272,0.086107064709875,0.404355115003349,0.509537820286776,0.0512294738013951,0.142503603027172,0.071251801513586,0.083447805109219,0.419077888470108,0.497474306420673,0.0365222584470977,0.101103831253059,0.0505519156265293,0.0959832641596389,0.398378002583051,0.50563873325731,0.0464286366816441,0.120861587554846,0.0604307937774232,0.0779816513761468,0.408256880733945,0.513761467889908,0.0405043313201876,0.108553842824399,0.0542769214121998,0.0874403093189189,0.402103008368721,0.51045668231236,27,2,3,22,28,2,7,19,29,2,10,17,25,1,12,12,30,5,16,9,23,0,15,8,32,3,14,15,24,2,12,10
184,3,0.130434782608696,0.347826086956522,0.521739130434783,0.0676579688630676,0.178267998890112,0.089133999445056,0.115996651653685,0.436960086401578,0.447043261944737,0.0953166464511841,0.250237368431915,0.125118684215957,0.111313681499872,0.472944771172479,0.415741547327649,0.0702956359498199,0.185292487125333,0.0926462435626667,0.115332163957192,0.440472330519188,0.44419550552362,0.0630181440372942,0.167783949434974,0.0838919747174871,0.114537444933921,0.431718061674009,0.45374449339207,0.0701463839595011,0.18558050583151,0.0927902529157553,0.114424677078296,0.440616339872277,0.444958983049427,34,4,19,11,35,4,13,18,32,1,10,21,22,5,11,6,33,2,18,13,20,1,6,13,27,9,14,4,24,0,7,17
184,4,0.130434782608696,0.347826086956522,0.521739130434783,0.0581099506343607,0.160562316940937,0.0802811584704687,0.105504438088001,0.42810724542699,0.466388316485009,0.0937237340267278,0.264910463570139,0.13245523178507,0.06843991516626,0.277365722613888,0.654194362219852,0.0634467481540773,0.178561765552495,0.0892808827762476,0.0780530393267798,0.437106969732769,0.484839990940451,0.0693925810921686,0.185703758290346,0.0928518791451732,0.0564971751412429,0.440677966101695,0.502824858757062,0.0672491022617445,0.184783576872693,0.0923917884363465,0.103770419427948,0.440217875392868,0.456011705179184,27,2,25,0,23,1,6,16,31,1,9,21,21,2,4,15,21,0,13,8,19,1,6,12,15,3,2,10,20,0,13,7
184,5,0.130434782608696,0.347826086956522,0.521739130434783,0.0284298580776631,0.0798777702115264,0.0399388851057632,0.0904958975029324,0.371801691994324,0.537702410502743,0.0278169455588217,0.0785812499609933,0.0392906249804967,0.091144157628199,0.369162192697039,0.539693649674762,0.0258921890439108,0.0676306498570235,0.0338153249285117,0.0966194576801839,0.376899316822786,0.52648122549703,0.0245564840736834,0.0689503732981994,0.0344751866490997,0.095959595959596,0.368686868686869,0.535353535353535,0.0268212867415384,0.0720642493491072,0.0360321246745536,0.094402657934142,0.376105512645342,0.529491829420516,24,1,11,12,24,1,9,14,30,7,11,12,31,0,7,24,16,1,4,11,18,0,5,13,26,4,8,14,29,5,18,6
185,1,0.0869565217391304,0.391304347826087,0.521739130434783,0.0693601432684351,0.187978884735497,0.0939894423677486,0.180945964106879,0.368614621064687,0.450439414828434,0.0680961690707732,0.19146841545785,0.0957342077289251,0.125776335066683,0.44821874222746,0.426004922705857,0.0688162089371138,0.181541475777419,0.0907707378887097,0.17772725962784,0.37631652444168,0.445956215930479,0.073575231315828,0.194802040320622,0.0974010201603109,0.184357541899441,0.374301675977654,0.441340782122905,0.0760959996025101,0.201118370636745,0.100559185318372,0.187515707057503,0.374217968619906,0.438266324322592,24,2,5,17,12,0,4,8,25,14,8,3,17,2,10,5,30,3,21,6,25,8,2,15,25,1,13,11,21,3,4,14
185,2,0.0869565217391304,0.391304347826087,0.521739130434783,0.0836079745031247,0.224383844180069,0.112191922090034,0.110723400457542,0.279112425736053,0.610164173806406,0.0612190974929295,0.15546888504389,0.0777344425219452,0.0928133782471195,0.313569905304142,0.593616716448739,0.079490868957472,0.215188510727919,0.107594255363959,0.112543641783265,0.283710092462128,0.603746265754608,0.0753263804442278,0.191059399877526,0.095529699938763,0.0938967136150235,0.295774647887324,0.610328638497653,0.0797885390972129,0.214799722161499,0.107399861080749,0.110685318887889,0.283904486745338,0.605410194366773,29,6,5,18,24,1,2,21,23,4,12,7,29,2,15,12,28,1,8,19,32,3,13,16,22,2,1,19,26,1,7,18
185,3,0.0869565217391304,0.391304347826087,0.521739130434783,0.0647490178835353,0.163234835632751,0.0816174178163753,0.168573939555506,0.314542880928227,0.516883179516268,0.0474295959569337,0.130137771590743,0.0650688857953715,0.152025407534502,0.372872384673774,0.475102207791724,0.0596403347084742,0.155996271881063,0.0779981359405316,0.164954657679662,0.324508294793408,0.51053704752693,0.0686542678054177,0.185637518319492,0.092818759159746,0.179775280898876,0.320224719101124,0.5,0.0605946146699087,0.160435697567989,0.0802178487839945,0.167174370523125,0.325092099070262,0.507733530406613,22,10,4,8,31,5,11,15,17,2,1,14,19,0,3,16,23,1,10,12,26,1,15,10,19,3,8,8,21,10,5,6
185,4,0.0869565217391304,0.391304347826087,0.521739130434783,0.0565810557420847,0.15999816530776,0.0799990826538799,0.0454623619871022,0.352799424924235,0.601738213088662,0.102868102783787,0.270048570980818,0.135024285490409,0.0663389586525303,0.276897625422278,0.656763415925191,0.0580330482755165,0.164033783709168,0.0820168918545842,0.0485315088200154,0.347712468890618,0.603756022289367,0.060550305878108,0.171181424994309,0.0855907124971546,0.0418848167539267,0.350785340314136,0.607329842931937,0.0604752936502769,0.17101360280056,0.0855068014002799,0.0457301766537745,0.347023891511163,0.607245931835062,32,3,8,21,21,1,11,9,21,0,11,10,22,1,3,18,28,0,10,18,21,3,4,14,25,0,6,19,21,0,14,7
185,5,0.0869565217391304,0.391304347826087,0.521739130434783,0.360284141874089,0.956521739130435,0.478260869565217,4.24473442099343e-69,5.47317680536071e-119,1,0.0382436309940038,0.10585541763917,0.0529277088195851,0.139884230558716,0.374476685441166,0.485639084000118,0.0271237327378357,0.0715647592900119,0.035782379645006,0.116816892680482,0.355521968181081,0.527661139138437,0.0315689965418408,0.0878718535469108,0.0439359267734554,0.115789473684211,0.347368421052632,0.536842105263158,0.0286255342795186,0.0799878824545736,0.0399939412272868,0.11238445156944,0.3513104065988,0.53630514183176,22,6,8,8,24,4,11,9,29,6,10,13,21,2,6,13,27,2,12,13,20,0,8,12,25,2,5,18,22,0,6,16
186,1,0.0434782608695652,0.434782608695652,0.521739130434783,0.037794421073082,0.104618839556808,0.052309419778404,0.0268325387398031,0.487092028474056,0.486075432786141,0.0839756137355289,0.226723060622052,0.113361530311026,0.0174524812391645,0.548144139006678,0.434403379754157,0.0339954791019814,0.0954204561398096,0.0477102280699048,0.0247553493051054,0.482492836765557,0.492751813929338,0.0353120868107708,0.0981767180925666,0.0490883590462833,0.0268817204301075,0.483870967741935,0.489247311827957,0.0333198805562724,0.0931242312507947,0.0465621156253974,0.0264660707211053,0.48134472432105,0.492189204957845,28,3,5,20,27,0,14,13,19,0,4,15,23,0,13,10,27,0,18,9,25,0,11,14,17,2,12,3,20,0,13,7
186,2,0.0434782608695652,0.434782608695652,0.521739130434783,0.0495937638403725,0.138321975606776,0.069160987803388,0.0679651705552005,0.479456686813405,0.452578142631395,0.0589864700766487,0.166040945188918,0.083020472594459,0.0779311374764027,0.483350204683274,0.438718657840324,0.0587378494980704,0.159882643228356,0.0799413216141779,0.0638979301565062,0.494304261022889,0.441797808820605,0.0599018659101738,0.158862876254181,0.0794314381270903,0.0576923076923077,0.5,0.442307692307692,0.0587184432814156,0.160620354892836,0.0803101774464178,0.0653442839801493,0.493226763031486,0.441428952988365,34,1,24,9,22,3,10,9,28,2,21,5,21,4,4,13,23,0,5,18,23,0,13,10,28,2,12,14,29,0,15,14
186,3,0.0434782608695652,0.434782608695652,0.521739130434783,0.010413268786541,0.0262159510186415,0.0131079755093208,0.0303702853602444,0.435523681194917,0.534106033444838,0.0388243923143059,0.108460533091361,0.0542302665456806,0.0238001162783774,0.400230486741159,0.575969396980463,0.0063471510552281,0.0165512260446499,0.00827561302232493,0.036329613677568,0.433655642865324,0.530014743457108,0.0144874594664371,0.0376028202115159,0.018801410105758,0.027027027027027,0.432432432432432,0.540540540540541,0.0112829450021616,0.0289058325445221,0.0144529162722611,0.0303958501804367,0.43341210311252,0.536192046707044,31,3,21,7,43,1,17,25,27,0,8,19,22,0,8,14,27,0,9,18,17,1,9,7,32,1,11,20,23,0,13,10
186,4,0.0434782608695652,0.434782608695652,0.521739130434783,0.0181226425613169,0.0511485857626621,0.025574292881331,0.0179039679882342,0.446116511239785,0.535979520771981,0.0702813908378939,0.194349567572432,0.0971747837862161,0.012974200921644,0.531957392481868,0.455068406596488,0.0209002502814656,0.0528204873500777,0.0264102436750388,0.0170680171945264,0.436494038153842,0.546437944651632,0.024604471373245,0.0678177657582692,0.0339088828791346,0.00956937799043062,0.444976076555024,0.545454545454545,0.0202802197404334,0.0506860098147659,0.0253430049073829,0.0181352559621823,0.435825265730358,0.54603947830746,25,0,16,9,26,1,15,10,23,1,10,12,33,0,3,30,24,0,14,10,24,0,8,16,30,0,13,17,24,0,14,10
186,5,0.0434782608695652,0.434782608695652,0.521739130434783,0.0306332275370755,0.0846243984816803,0.0423121992408402,0.0142691934384592,0.421679476885918,0.564051329675623,0.0390207609421307,0.110356471387418,0.0551782356937092,0.0165610106074955,0.406521623264013,0.576917366128492,0.0242057187459571,0.0683626695690573,0.0341813347845287,0.0247743686716558,0.419305166109033,0.555920465219311,0.0305999181766831,0.0844838244384917,0.0422419122192459,0.014218009478673,0.421800947867299,0.563981042654028,0.030457522134941,0.0840307446754184,0.0420153723377092,0.0142533764316304,0.421992120795878,0.563754502772492,31,1,10,20,34,0,20,14,25,1,12,12,27,0,10,17,24,0,12,12,16,1,4,11,22,0,6,16,32,0,15,17
187,1,0.391304347826087,0.0434782608695652,0.565217391304348,0.017906020776451,0.0450476727986127,0.0225238363993064,0.390064703094216,0.0660020972688716,0.543933199636913,0.0154759846383531,0.0435370057805501,0.021768502890275,0.369535844935812,0.05239824089077,0.578065914173418,0.0207765394287007,0.0580370206838486,0.0290185103419243,0.409806274921996,0.0539948441155804,0.536198880962424,0.0233022910462005,0.0618073316283035,0.0309036658141517,0.416666666666667,0.0490196078431373,0.534313725490196,0.0266918414386427,0.0748665734924645,0.0374332867462323,0.405808701844324,0.0664071935975608,0.527784104558116,21,1,0,20,23,15,4,4,21,7,0,14,33,20,3,10,30,20,0,10,32,10,2,20,22,3,1,18,22,9,0,13
187,2,0.391304347826087,0.0434782608695652,0.565217391304348,0.0404251349421261,0.100441862541509,0.0502209312707544,0.440072388344729,0.0449311516216778,0.514996460033593,0.0938025040120574,0.239931589381589,0.119965794690795,0.511270142516882,0.0325312760429807,0.456198581440138,0.036019659087716,0.0936214255052581,0.046810712752629,0.438115060578716,0.0374709400112645,0.52441399941002,0.0420827685351947,0.116912835448305,0.0584564177241523,0.449760765550239,0.0239234449760766,0.526315789473684,0.036188329636648,0.0899717101164924,0.0449858550582461,0.434930127418878,0.04483833633502,0.520231536246102,21,9,0,12,25,5,0,20,30,9,1,20,33,18,0,15,23,14,1,8,28,3,2,23,26,19,1,6,23,17,0,6
187,3,0.391304347826087,0.0434782608695652,0.565217391304348,0.0468005207651879,0.131195585446791,0.0655977927233953,0.325706555102692,0.0686528337725535,0.605640611124755,0.0567368559016015,0.15031956367171,0.0751597818358548,0.453212445052509,0.0567299454789979,0.490057609468493,0.0576003478079795,0.145707965555178,0.0728539827775891,0.318450365048498,0.0483470045807341,0.633202630370768,0.0471206209779731,0.123802505526898,0.0619012527634488,0.338983050847458,0.0338983050847458,0.627118644067797,0.0536003305788762,0.148310783205248,0.0741553916026239,0.317148956223463,0.0669461594849039,0.615904884291633,26,13,0,13,23,0,0,23,25,2,0,23,19,5,1,13,16,7,1,8,19,14,2,3,25,6,0,19,24,13,2,9
187,4,0.391304347826087,0.0434782608695652,0.565217391304348,0.0194952638013677,0.0547491794537736,0.0273745897268868,0.418678937552974,0.0269498669246316,0.554371195522395,0.0522684509190275,0.144947365198145,0.0724736825990725,0.34247145793547,0.0198374681611093,0.63769107390342,0.0204942769386254,0.0556748528450444,0.0278374264225222,0.419141774248609,0.022571604578713,0.558286621172678,0.0211029289100394,0.0589754627636675,0.0294877313818338,0.420792079207921,0.0247524752475248,0.554455445544555,0.0205154699217471,0.057736963946488,0.028868481973244,0.420172829799331,0.0265370654386969,0.553290104761972,29,9,0,20,30,4,2,24,19,4,0,15,24,13,0,11,27,9,0,18,33,25,0,8,19,10,3,6,21,11,0,10
187,5,0.391304347826087,0.0434782608695652,0.565217391304348,0.0217815649691259,0.0597586378346317,0.0298793189173159,0.39975751481698,0.0649044127959885,0.535338072387032,0.0605050664697647,0.170189993053291,0.0850949965266453,0.441625248006437,0.0782523572158609,0.480122394777703,0.0199588345889544,0.055360429387265,0.0276802146936325,0.400360429346293,0.0621023940429914,0.537537176610715,0.0218959097201873,0.0611278519156262,0.0305639259578131,0.410891089108911,0.0544554455445545,0.534653465346535,0.0209706927932256,0.0575542270990363,0.0287771135495182,0.399482974153541,0.0640767480916298,0.53644027775483,25,11,0,14,25,13,0,12,26,3,1,22,25,10,4,11,27,12,1,14,25,3,3,19,21,12,2,7,28,19,0,9
188,1,0.347826086956522,0.0869565217391304,0.565217391304348,0.0556961342395313,0.145628209801803,0.0728141049009016,0.41024599487215,0.0973507187244038,0.492403286403446,0.0135147124802804,0.0371462506803951,0.0185731253401975,0.329252961616324,0.100148265769929,0.570598772613747,0.0536240210068981,0.13708224391653,0.0685411219582647,0.410201618918544,0.0931221117353729,0.496676269346083,0.051124824594393,0.12582648767782,0.0629132438389099,0.410138248847926,0.0875576036866359,0.502304147465438,0.0552599712667893,0.144236411672012,0.0721182058360061,0.409956628784876,0.0969441857467828,0.493099185468342,24,19,0,5,28,9,6,13,25,8,5,12,27,7,2,18,31,11,1,19,28,20,3,5,19,4,0,15,35,11,2,22
188,2,0.347826086956522,0.0869565217391304,0.565217391304348,0.046721863821492,0.118659320049536,0.0593296600247679,0.343348404846196,0.0321045438246881,0.624547051329116,0.0494929097286619,0.124142163707429,0.0620710818537147,0.344803181897185,0.0279083449447524,0.627288473158062,0.0511593254929862,0.136776477277995,0.0683882386389976,0.334081942923991,0.0323124271326635,0.633605629943345,0.0555656058284322,0.147052128386069,0.0735260641930344,0.335078534031414,0.0261780104712042,0.638743455497382,0.0517919148222197,0.138573264523374,0.0692866322616871,0.333752787933192,0.0317431885007734,0.634504023566035,34,11,1,22,18,4,0,14,13,7,0,6,27,7,3,17,25,9,0,16,20,14,1,5,28,10,0,18,26,2,0,24
188,3,0.347826086956522,0.0869565217391304,0.565217391304348,0.325361511893386,0.869565217391304,0.434782608695652,2.21005584268478e-19,5.86410156811118e-20,1,0.0113897557630145,0.0301594922745676,0.0150797461372838,0.335383077459226,0.102036267876414,0.562580654664359,0.0350743246514093,0.089250024061581,0.0446250120307906,0.392451098987312,0.0833995109336073,0.52414939007908,0.0328288324747224,0.0845676063067367,0.0422838031533684,0.39010989010989,0.0824175824175824,0.527472527472527,0.0327679314924537,0.0868817610723858,0.0434408805361929,0.391266967492715,0.0792101082751221,0.529522924232163,39,14,6,19,19,8,0,11,24,8,1,15,21,10,0,11,16,13,0,3,22,8,1,13,20,5,4,11,21,5,3,13
188,4,0.347826086956522,0.0869565217391304,0.565217391304348,0.0904798251356923,0.236346340131635,0.118173170065818,0.449412372486313,0.103543406275157,0.44704422123853,0.0685592472241359,0.172854728920084,0.0864273644600421,0.429096155960363,0.0921138171953316,0.478790026844306,0.0858139819417305,0.230109841072594,0.115054920536297,0.438787559701985,0.111049969529964,0.450162470768051,0.0878465809789749,0.231884057971014,0.115942028985507,0.444444444444444,0.106280193236715,0.449275362318841,0.0852893294970885,0.224758070412694,0.112379035206347,0.441957915027857,0.105203728874142,0.452838356098001,28,14,1,13,21,8,3,10,26,7,6,13,31,9,7,15,18,10,1,7,34,12,3,19,22,18,0,4,27,14,1,12
188,5,0.347826086956522,0.0869565217391304,0.565217391304348,0.0268081315340863,0.0716511492354884,0.0358255746177442,0.312000512338778,0.115612214940015,0.572387272721207,0.0465921314381956,0.128923142594465,0.0644615712972323,0.283364515659289,0.107364894886483,0.609270589454227,0.0193780288321874,0.0476808516083539,0.0238404258041769,0.323985661152345,0.110580903780388,0.565433435067267,0.0101670069226479,0.0255490811295383,0.0127745405647692,0.335051546391753,0.0876288659793814,0.577319587628866,0.0219893897161717,0.0583663341280819,0.029183167064041,0.323930904109251,0.116139688803171,0.559929407087577,24,3,1,20,25,20,2,3,20,4,1,15,27,9,6,12,24,7,2,15,25,7,3,15,17,1,1,15,32,14,1,17
189,1,0.304347826086957,0.130434782608696,0.565217391304348,0.100143096297338,0.269462468692514,0.134731234346257,0.274778775856835,0.265166016954953,0.460055207188212,0.138359566901694,0.359755691991793,0.179877845995896,0.281102418663941,0.310312628604592,0.408584952731467,0.101767451880247,0.270646743744518,0.135323371872259,0.279119737242512,0.265758154480955,0.455122108276533,0.0998468821111343,0.262066214599122,0.131033107299561,0.284403669724771,0.261467889908257,0.454128440366972,0.10264259456319,0.272575822135346,0.136287911067673,0.279475770217943,0.266722693676369,0.453801536105688,35,22,5,8,23,5,11,7,30,10,11,9,23,4,2,17,25,6,9,10,34,2,12,20,26,6,3,17,22,7,4,11
189,2,0.304347826086957,0.130434782608696,0.565217391304348,0.0155872233511737,0.0436472365975754,0.0218236182987877,0.312568992012013,0.108611164309908,0.578819843678079,0.039775614295528,0.108390374043293,0.0541951870216465,0.264199925428541,0.184629969630342,0.551170104941116,0.0138248154943283,0.0388296886060878,0.0194148443030439,0.316051782910041,0.111019938305652,0.572928278784307,0.00475802974073446,0.0133448127421437,0.00667240637107189,0.306930693069307,0.123762376237624,0.569306930693069,0.013760380417474,0.0389092728337383,0.0194546364168691,0.314475075872006,0.110980146191827,0.574544777936167,27,16,2,9,25,9,0,16,23,5,0,18,21,7,0,14,23,4,6,13,27,5,6,16,27,8,4,15,29,8,7,14
189,3,0.304347826086957,0.130434782608696,0.565217391304348,0.0218787402345016,0.060829550674006,0.030414775337003,0.294062327514414,0.110305505844235,0.595632166641351,0.0338943892565608,0.094804000463598,0.047402000231799,0.286813852412649,0.100566756051204,0.612619391536147,0.0201881498381108,0.0570183651039559,0.028509182551978,0.288765841315234,0.117507584828441,0.593726573856326,0.024277093928718,0.0676784249384743,0.0338392124692372,0.292452830188679,0.108490566037736,0.599056603773585,0.02489943132474,0.0703541718239004,0.0351770859119502,0.288138409847648,0.111467112936054,0.600394477216298,29,6,2,21,27,13,0,14,30,5,8,17,20,10,3,7,25,2,3,20,25,10,2,13,23,9,1,13,33,7,4,22
189,4,0.304347826086957,0.130434782608696,0.565217391304348,0.0312432589111757,0.0876591586646518,0.0438295793323259,0.321421353237035,0.157190834790944,0.521387811972022,0.112428325210472,0.302488178521669,0.151244089260835,0.337495036259863,0.248531661696624,0.413973302043513,0.0203586904623758,0.0532151555304685,0.0266075777652343,0.30812575437252,0.153264432088367,0.538609813539114,0.0286458995227061,0.080593849416755,0.0402969247083775,0.28780487804878,0.170731707317073,0.541463414634146,0.0270674471193912,0.0748977901427608,0.0374488950713804,0.316205306767396,0.156026196999637,0.527768496232967,26,7,9,10,25,12,9,4,22,8,8,6,18,7,0,11,29,10,5,14,32,8,3,21,28,3,1,24,25,4,0,21
189,5,0.304347826086957,0.130434782608696,0.565217391304348,0.0659924582651938,0.184594645516323,0.0922973227581617,0.212050503328795,0.188558834611127,0.599390662060079,0.0439823558033248,0.114054984502797,0.0570274922513984,0.254326632910226,0.187462274860094,0.55821109222968,0.0639521501332741,0.177717119589302,0.088858559794651,0.215489266292306,0.189456304397471,0.595054429310224,0.0665781992035522,0.187643020594966,0.0938215102974829,0.210526315789474,0.184210526315789,0.605263157894737,0.0652771578824826,0.183553903213707,0.0917769516068535,0.212570874480103,0.184949055600603,0.602480069919294,21,6,5,10,27,7,6,14,21,3,2,16,21,2,11,8,28,5,2,21,20,5,3,12,26,11,4,11,26,1,2,23
190,1,0.260869565217391,0.173913043478261,0.565217391304348,0.00987708600920311,0.0256558034550026,0.0128279017275014,0.249668240856412,0.172286466111739,0.578045293031849,0.121056124237348,0.304909718357588,0.152454859178794,0.413324424396185,0.165139411095789,0.421536164508026,0.00896310782425884,0.0232967496695532,0.0116483748347767,0.250716119712831,0.172418114148044,0.576865766139124,0.0166999524416227,0.0443224989447024,0.0221612494723512,0.242718446601942,0.169902912621359,0.587378640776699,0.0135358358293022,0.0364086830554348,0.0182043415277174,0.246641017608879,0.169937249559056,0.583421732832065,28,11,6,11,30,4,0,26,23,4,4,15,32,6,6,20,23,6,7,10,23,4,7,12,22,11,3,8,25,4,2,19
190,2,0.260869565217391,0.173913043478261,0.565217391304348,0.0338615129092535,0.0875704920238487,0.0437852460119244,0.265968074417863,0.212599780289713,0.521432145292423,0.0100099546914833,0.0277306030417396,0.0138653015208698,0.274734866738261,0.16450777271268,0.560757360549059,0.0313723387516966,0.0828937547986338,0.0414468773993169,0.2678834188208,0.208346067274169,0.523770513905031,0.0558477472079518,0.149852258336851,0.0749261291684254,0.276699029126214,0.233009708737864,0.490291262135922,0.0381384551545478,0.104179536062387,0.0520897680311935,0.274798150614783,0.212074226112063,0.513127623273154,18,1,7,10,31,22,2,7,30,2,15,13,26,2,15,9,23,8,4,11,19,5,0,14,31,7,4,20,28,10,1,17
190,3,0.260869565217391,0.173913043478261,0.565217391304348,0.00973778007821214,0.027507757333784,0.013753878666892,0.254592340390813,0.166436389637947,0.57897126997124,0.0280393937633673,0.0775159541436457,0.0387579770718228,0.287506364297867,0.135155066406438,0.577338569295695,0.00453723248433458,0.0128321571248167,0.00641607856240833,0.254453486654983,0.177049181187129,0.568497332157888,0.00541856671213573,0.0151051234945908,0.00755256174729546,0.258215962441315,0.169014084507042,0.572769953051643,0.00766889529421799,0.0213133968902257,0.0106566984451129,0.253796505062341,0.170329405188199,0.575874089749461,35,13,3,19,20,8,2,10,20,1,4,15,36,4,13,19,26,12,4,10,32,7,4,21,24,5,5,14,20,5,1,14
190,4,0.260869565217391,0.173913043478261,0.565217391304348,0.0294287629879357,0.0721570602083041,0.0360785301041521,0.260797851073633,0.209991573582413,0.529210575343954,0.0347718158735112,0.0953349401325751,0.0476674700662876,0.226572657060298,0.221580513544548,0.551846829395153,0.0327575852440682,0.0853369694456028,0.0426684847228014,0.266578846934725,0.210872246483728,0.522548906581546,0.0335022500161357,0.0869565217391303,0.0434782608695652,0.255434782608696,0.217391304347826,0.527173913043478,0.0298284050376598,0.0740946154995021,0.0370473077497511,0.259816554204399,0.210960351228012,0.52922309456759,21,4,2,15,29,6,7,16,22,12,0,10,24,5,6,13,23,4,3,16,22,4,10,8,20,5,4,11,23,7,8,8
190,5,0.260869565217391,0.173913043478261,0.565217391304348,0.0177013767472297,0.0445502722820729,0.0222751361410364,0.262114113498949,0.19494363133774,0.542942255163311,0.0343434680174117,0.0957216595675654,0.0478608297837827,0.277643415116194,0.205000023363241,0.517356561520565,0.0253266075009057,0.0692828223253346,0.0346414111626673,0.270307692175478,0.199116327682842,0.530575980141681,0.0174029413499717,0.0455291222313371,0.0227645611156685,0.264150943396226,0.193396226415094,0.542452830188679,0.021411290912412,0.0580959863188809,0.0290479931594404,0.267989128134721,0.195841473720371,0.536169398144907,36,11,6,19,31,5,5,21,25,3,1,21,19,4,5,10,30,9,7,14,29,14,5,10,26,8,11,7,16,2,1,13
191,1,0.217391304347826,0.217391304347826,0.565217391304348,0.0557081674714117,0.138798113628509,0.0693990568142547,0.286790361162081,0.150397379065959,0.56281225977196,0.0715334795916184,0.201884630220198,0.100942315110099,0.262070672983476,0.116448989237727,0.621480337778797,0.0539521228612018,0.133021703074426,0.0665108515372128,0.283902155885039,0.151755679186822,0.564342164928139,0.0430740915269666,0.109423757021011,0.0547118785105055,0.267942583732057,0.162679425837321,0.569377990430622,0.0539467644012466,0.132308587938531,0.0661542939692654,0.283545598317091,0.151403868301618,0.56505053338129,35,9,9,17,27,8,1,18,24,5,1,18,25,7,1,17,22,6,12,4,28,7,5,16,22,11,1,10,26,3,4,19
191,2,0.217391304347826,0.217391304347826,0.565217391304348,0.0281634244191522,0.0747053840144156,0.0373526920072078,0.210687844895967,0.254743996355034,0.534568158748999,0.0602920462639894,0.15269713522932,0.0763485676146601,0.22268902459628,0.288442151714032,0.488868823689688,0.0293526433252069,0.0765391989798222,0.038269599489911,0.222599696751814,0.25045251143375,0.526947791814437,0.0275124699510127,0.076845298281092,0.038422649140546,0.203488372093023,0.255813953488372,0.540697674418605,0.0258882747413692,0.0685376489955332,0.0342688244977667,0.211416636911566,0.251660128845593,0.536923234242841,23,7,4,12,22,3,9,10,21,4,7,10,28,6,6,16,21,7,8,6,19,2,0,17,14,3,6,5,24,3,4,17
191,3,0.217391304347826,0.217391304347826,0.565217391304348,0.0377407810329315,0.0954480661414044,0.0477240330707022,0.169667271277124,0.261950236838542,0.568382491884334,0.030150362715803,0.0753518152036223,0.0376759076018112,0.181262860454775,0.215843840639066,0.602893298906159,0.0368196462781831,0.0924582052220082,0.0462291026110041,0.17352387175052,0.26362040695883,0.56285572129065,0.037854434515306,0.101449275362319,0.0507246376811594,0.166666666666667,0.257575757575758,0.575757575757576,0.0377896023646934,0.100079560578047,0.0500397802890236,0.167351524058802,0.258662236360235,0.573986239580962,35,4,7,24,32,7,5,20,13,3,2,8,22,3,13,6,29,9,8,12,18,5,3,10,17,1,5,11,32,1,8,23
191,4,0.217391304347826,0.217391304347826,0.565217391304348,0.0095085986289481,0.0268711895309703,0.0134355947654851,0.210190012598103,0.230826899113311,0.558983088288586,0.00842967941871172,0.023821383385588,0.011910691692794,0.210999140229394,0.211872776773464,0.577128082997142,0.0100298094470869,0.026857051845198,0.0134285259225989,0.203962778425227,0.220149352580768,0.575887868994005,0.0116756859070827,0.030970815961882,0.015485407980941,0.232876712328767,0.214611872146119,0.552511415525114,0.0116395300578685,0.0312893951159741,0.0156446975579871,0.205136059372059,0.233036001905813,0.561827938722128,29,2,11,16,28,1,1,26,28,17,3,8,22,5,2,15,33,5,7,21,27,13,3,11,29,0,13,16,23,8,7,8
191,5,0.217391304347826,0.217391304347826,0.565217391304348,0.0672467509797069,0.180560590126254,0.090280295063127,0.146361206671928,0.198141106960597,0.655497686367475,0.0229621488898463,0.0644381798017536,0.0322190899008768,0.22998828514531,0.185172214446949,0.584839500407741,0.069672929371466,0.188392630356451,0.0941963151782254,0.145257845962932,0.195328447554495,0.659413706482573,0.0600065827238992,0.160570508396595,0.0802852541982977,0.153439153439153,0.201058201058201,0.645502645502645,0.0668179180665097,0.179735728996159,0.0898678644980794,0.147163569299872,0.1977511748977,0.655085255802427,24,0,6,18,21,5,2,14,24,5,0,19,23,6,5,12,28,1,8,19,28,9,6,13,22,3,1,18,19,0,10,9
192,1,0.173913043478261,0.260869565217391,0.565217391304348,0.0410873972737502,0.108279552603244,0.054139776301622,0.228052819779883,0.215526067992175,0.556421112227943,0.0642036517524961,0.17662549202972,0.0883127460148601,0.262225789493121,0.234983592206125,0.502790618300754,0.0389879647344063,0.0986700734040964,0.0493350367020482,0.223248080180309,0.214879929091563,0.561871990728128,0.0338156627529643,0.0903761602344894,0.0451880801172448,0.219101123595506,0.224719101123595,0.556179775280899,0.040495523737581,0.106660500049995,0.0533302500249974,0.227243293503258,0.216128365178081,0.556628341318661,15,4,2,9,27,4,0,23,16,1,3,12,26,1,7,18,29,4,15,10,15,4,5,6,22,10,6,6,28,11,2,15
192,2,0.173913043478261,0.260869565217391,0.565217391304348,0.072984804064788,0.197744677546174,0.0988723387730869,0.150135554995424,0.185774714927142,0.664089730077435,0.0407037632525379,0.113241088993821,0.0566205444969106,0.154590539030156,0.223571525168586,0.621837935801258,0.0659305744803205,0.178339973546869,0.0891699867734344,0.152924576765544,0.192688045156674,0.654387378077782,0.0692209510559749,0.190319934372436,0.0951599671862182,0.14622641509434,0.193396226415094,0.660377358490566,0.0701993427333958,0.191266633104082,0.0956333165520411,0.149175015019541,0.189974277124071,0.660850707856389,24,4,6,14,25,4,5,16,29,2,8,19,32,4,13,15,26,0,3,23,29,4,1,24,19,4,1,14,28,9,4,15
192,3,0.173913043478261,0.260869565217391,0.565217391304348,0.0661276438060781,0.185788478533526,0.092894239266763,0.229703243240933,0.297973604721482,0.472323152037585,0.0651441801202775,0.173365182337205,0.0866825911686024,0.244277340312191,0.277187859552064,0.478534800135745,0.0656298069197188,0.18510968328073,0.0925548416403651,0.226199482618814,0.301137967717204,0.472662549663983,0.0618939255795201,0.174337221633086,0.0871686108165429,0.224390243902439,0.297560975609756,0.478048780487805,0.0625312996781435,0.176435910971079,0.0882179554855395,0.223354882237428,0.299645681943764,0.476999435818808,34,9,7,18,19,10,3,6,21,7,4,10,26,3,6,17,26,2,5,19,23,7,10,6,27,5,13,9,29,3,13,13
192,4,0.173913043478261,0.260869565217391,0.565217391304348,0.00831849039016215,0.0234867436773551,0.0117433718386776,0.162169671639583,0.267346095704157,0.57048423265626,0.0316097523144112,0.0803605814549916,0.0401802907274958,0.133732752750765,0.297927999824845,0.56833924742439,0.0166075393714351,0.0463776899475859,0.0231888449737929,0.150724198504468,0.269235420290294,0.580040381205238,0.0159776906870811,0.044168391994479,0.0220841959972395,0.158730158730159,0.253968253968254,0.587301587301587,0.0173828907577638,0.0480886775244518,0.0240443387622259,0.149868704716035,0.26845894013451,0.581672355149455,32,3,11,18,15,11,2,2,16,1,5,10,22,3,5,14,26,3,2,21,22,5,7,10,31,4,10,17,25,0,6,19
192,5,0.173913043478261,0.260869565217391,0.565217391304348,0.0393255415761732,0.111035461794527,0.0555177308972635,0.204515058132134,0.205351834320128,0.590133107547738,0.0692439904619184,0.190955960835465,0.0954779804177325,0.269391023895993,0.231973657668978,0.498635318435028,0.0387680192348088,0.106149473564404,0.053074736782202,0.212356007600392,0.207794828435189,0.579849163964418,0.0458316028582452,0.125905797101449,0.0629528985507246,0.21875,0.197916666666667,0.583333333333333,0.0395591073927983,0.109044049205091,0.0545220246025456,0.212032052441072,0.206347540614846,0.581620406944082,30,13,6,11,21,0,7,14,23,6,5,12,29,9,8,12,22,2,1,19,21,4,6,11,24,2,1,21,22,6,4,12
193,1,0.130434782608696,0.304347826086957,0.565217391304348,0.0122466951494685,0.032363412664155,0.0161817063320775,0.143872279419379,0.30709203560835,0.54903568497227,0.0408207482282959,0.109440847439515,0.0547204237197573,0.173724735515576,0.249627402367199,0.576647862117224,0.0159577235765329,0.0426611460752493,0.0213305730376247,0.15176535564632,0.300064420406304,0.548170223947376,0.0138969463003851,0.0361601377529057,0.0180800688764529,0.148514851485149,0.301980198019802,0.54950495049505,0.0123432336074265,0.0342834677374243,0.0171417338687122,0.147576516477408,0.298632452772264,0.553791030750328,18,1,7,10,27,6,8,13,21,1,12,8,30,5,6,19,22,4,7,11,29,8,4,17,31,5,5,21,24,0,12,12
193,2,0.130434782608696,0.304347826086957,0.565217391304348,0.0106163038765787,0.0292892283228507,0.0146446141614254,0.120247110098055,0.318992440248382,0.560760449653563,0.0257691092169929,0.0677450004938059,0.0338725002469029,0.159014089891829,0.309641019050726,0.531344891057445,0.0201242127259608,0.0567080177840982,0.0283540088920491,0.118382287887709,0.332701834979006,0.548915877133285,0.024945309426963,0.0705496308449548,0.0352748154224774,0.113207547169811,0.339622641509434,0.547169811320755,0.0206403072907088,0.0515526814517543,0.0257763407258772,0.129409100250807,0.330124166812834,0.54046673293636,13,0,5,8,34,5,8,21,35,5,24,6,32,7,12,13,25,5,7,13,25,0,9,16,25,1,7,17,23,1,0,22
193,3,0.130434782608696,0.304347826086957,0.565217391304348,0.0555028071135895,0.150427369683496,0.0752136848417479,0.112270640762257,0.379561510928704,0.508167848309038,0.0817270204965353,0.227440795388683,0.113720397694342,0.169414484258018,0.379088522131975,0.451496993610006,0.062147351197993,0.162588650742427,0.0812943253712136,0.1187162283967,0.38564215145817,0.49564162014513,0.0622592999824762,0.165173694559755,0.0825868472798776,0.115577889447236,0.386934673366834,0.49748743718593,0.0617495864390102,0.164389083317265,0.0821945416586325,0.114882768271117,0.386542367745589,0.498574863983294,26,7,10,9,20,3,3,14,20,1,5,14,23,0,12,11,22,1,5,16,26,3,15,8,32,7,11,14,30,1,16,13
193,4,0.130434782608696,0.304347826086957,0.565217391304348,0.0125308168945405,0.0341068424152787,0.0170534212076394,0.11773462296327,0.299994564524742,0.582270812511987,0.0304997684669358,0.0833233680046531,0.0416616840023265,0.119277713365498,0.273843211327828,0.606879075306674,0.0211509842597443,0.059658628169939,0.0298293140849695,0.117445020017631,0.287508274593052,0.595046705389317,0.0288305827187651,0.0809937888198759,0.040496894409938,0.114285714285714,0.28,0.605714285714286,0.0225530210004401,0.0636568785185205,0.0318284392592603,0.11630128617741,0.286652883258982,0.597045830563608,26,0,3,23,17,1,2,14,14,2,8,4,19,7,7,5,30,5,8,17,23,2,4,17,15,0,8,7,31,3,9,19
193,5,0.130434782608696,0.304347826086957,0.565217391304348,0.0597101796363742,0.166868136367401,0.0834340681837004,0.0999883087536014,0.25136023175835,0.648651459488048,0.0541047045658029,0.141505164324377,0.0707525821621886,0.120288090657716,0.243741935875747,0.635969973466536,0.0523167796488671,0.144399856218658,0.0721999281093293,0.108332887527927,0.254249793058396,0.637417319413677,0.0595838358353789,0.167994536763032,0.0839972683815161,0.0942408376963351,0.256544502617801,0.649214659685864,0.059573821355646,0.166897882539182,0.083448941269591,0.0987485357764407,0.25258513164962,0.648666332573939,21,2,6,13,24,1,5,18,25,4,10,11,23,4,3,16,25,4,4,17,19,2,8,9,31,0,12,19,23,1,1,21
194,1,0.0869565217391304,0.347826086956522,0.565217391304348,0.053772272497071,0.144638267640084,0.0723191338200421,0.0711597418900211,0.420145220776564,0.508695037333415,0.0606015855417281,0.170226865327958,0.0851134326639789,0.120818070426225,0.399077970933406,0.480103958640369,0.0628076227045729,0.169682950172445,0.0848414750862224,0.0673094374733352,0.432667562042744,0.500023000483921,0.0649669660847793,0.169212690951821,0.0846063454759107,0.0756756756756757,0.432432432432432,0.491891891891892,0.0620673662250657,0.165661354234677,0.0828306771173387,0.0706976161825189,0.43065676407386,0.498645619743621,19,0,14,5,30,0,15,15,21,3,7,11,18,4,6,8,25,1,7,17,24,0,14,10,17,0,1,16,31,6,16,9
194,2,0.0869565217391304,0.347826086956522,0.565217391304348,0.0455673965047014,0.126097618722858,0.0630488093614292,0.106938952372715,0.390892465684366,0.502168581942919,0.035944449653902,0.0998896247644053,0.0499448123822026,0.103734907033091,0.380992514044764,0.515272578922145,0.041494243612336,0.113201159570976,0.0566005797854878,0.101842671502899,0.389540516978241,0.50861681151886,0.0406136299404665,0.107707509881423,0.0538537549407114,0.0965909090909091,0.392045454545455,0.511363636363636,0.0431669441345013,0.119170469588284,0.059585234794142,0.105247945947581,0.389119897542213,0.505632156510206,27,2,13,12,29,0,13,16,15,2,6,7,22,1,4,17,21,6,11,4,19,0,15,4,26,5,4,17,17,1,3,13
194,3,0.0869565217391304,0.347826086956522,0.565217391304348,0.0471287979161662,0.122545267408921,0.0612726337044604,0.0948786655110234,0.286553453252061,0.618567881236915,0.157062357106882,0.408620787209818,0.204310393604909,0.060272003539096,0.170200211551647,0.769527784909257,0.0735458501778568,0.193790967910532,0.096895483955266,0.0712492288937517,0.266637895846634,0.662112875259614,0.0672353594783428,0.170640486208509,0.0853202431042543,0.0806451612903226,0.268817204301075,0.650537634408602,0.0594358416362102,0.149013398718063,0.0745066993590316,0.0834002449217215,0.276875664414899,0.639724090663379,20,1,2,17,18,2,13,3,32,0,9,23,22,0,12,10,18,8,3,7,32,1,4,27,26,0,6,20,18,3,1,14
194,4,0.0869565217391304,0.347826086956522,0.565217391304348,0.0282774612224328,0.0759702850525764,0.0379851425262882,0.116778170997306,0.309840944430234,0.573380884572461,0.0420084355062467,0.118422842977965,0.0592114214889826,0.120753730361979,0.288614665467539,0.590631604170482,0.0274702764987645,0.0714793664493399,0.0357396832246699,0.1226962049638,0.316767977124741,0.560535817911459,0.0290528153867766,0.078005115089514,0.039002557544757,0.117647058823529,0.308823529411765,0.573529411764706,0.0280925363542852,0.0757735888436006,0.0378867944218003,0.116255062819404,0.309939292534721,0.573805644645874,25,0,12,13,22,6,7,9,25,1,8,16,23,2,5,16,26,5,7,14,29,3,8,18,26,5,9,12,28,2,7,19
194,5,0.0869565217391304,0.347826086956522,0.565217391304348,0.0925837497477348,0.250750861534692,0.125375430767346,0.0569548445973978,0.252452333330908,0.690592822071694,0.127156357483194,0.34392856712016,0.17196428356008,0.0465191135442377,0.216299211591334,0.737181674864428,0.0936008726408205,0.252404348356864,0.126202174178432,0.0584450785214866,0.250135355995734,0.69141956548278,0.0928270493132417,0.242699545749513,0.121349772874757,0.0696517412935323,0.243781094527363,0.686567164179104,0.0908696554381589,0.244486347818342,0.122243173909171,0.0601627113457163,0.252376723440765,0.687460565213519,23,0,10,13,13,0,4,9,24,1,6,17,31,9,10,12,28,0,5,23,29,0,10,19,25,2,1,22,28,2,3,23
195,1,0.0434782608695652,0.391304347826087,0.565217391304348,0.0596189846262402,0.149433745281323,0.0747168726406613,0.0470036261070754,0.316587475185426,0.636408898707499,0.039363574071049,0.109197171261185,0.0545985856305924,0.0980768465001576,0.354598552960369,0.547324600539474,0.0659622236981832,0.162912295102839,0.0814561475514193,0.0448338258050345,0.309848200274668,0.645317973920298,0.0668047138674323,0.177957532861476,0.0889787664307382,0.0604651162790698,0.302325581395349,0.637209302325581,0.0641354833397945,0.159149440427289,0.0795747202136444,0.0455702862248064,0.311729627612443,0.642700086162751,37,0,9,28,26,0,9,17,26,0,6,20,22,0,13,9,30,4,12,14,26,0,7,19,22,4,7,11,26,5,2,19
195,2,0.0434782608695652,0.391304347826087,0.565217391304348,0.0390189701722237,0.100025075616563,0.0500125378082815,0.0482909764352584,0.341291810017805,0.610417213546936,0.0730162549121524,0.18923885293182,0.0946194264659102,0.0319796258602728,0.308183556369469,0.659836817770258,0.0367842982300148,0.0920942828103123,0.0460471414051561,0.045540618088135,0.345257206420931,0.609202175490934,0.0321410417466757,0.0854658385093168,0.0427329192546584,0.0514285714285714,0.348571428571429,0.6,0.0336130635763801,0.0881298689161251,0.0440649344580625,0.0500683115814305,0.347239413368024,0.602692275050545,21,3,1,17,19,0,3,16,22,1,4,17,27,5,14,8,24,0,8,16,20,0,13,7,19,0,7,12,23,0,11,12
195,3,0.0434782608695652,0.391304347826087,0.565217391304348,0.0111753114522996,0.0314174640842497,0.0157087320421249,0.034121169888509,0.407013079868212,0.558865750243279,0.0225224781982785,0.0622592447257761,0.0311296223628881,0.0337532266484068,0.422433970188975,0.543812803162618,0.0151503709403807,0.0388176962112907,0.0194088481056454,0.0453231002733312,0.408868356527966,0.545808543198702,0.0202598127108962,0.056769542689795,0.0283847713448975,0.0259067357512953,0.419689119170984,0.55440414507772,0.015789399441263,0.0443955083674229,0.0221977541837114,0.0344775934844054,0.413502102009798,0.552020304505796,26,0,8,18,20,1,2,17,22,1,9,12,16,0,6,10,24,1,7,16,33,1,17,15,31,1,19,11,21,0,13,8
195,4,0.0434782608695652,0.391304347826087,0.565217391304348,0.0446149470280342,0.115011381242233,0.0575056906211168,0.0372101194065729,0.340066798667963,0.622723081925465,0.0463774878630029,0.118353540394262,0.059176770197131,0.0485740047773277,0.332127577628956,0.619298417593716,0.0403041980489125,0.0995658364413839,0.0497829182206919,0.044330411324651,0.341521429605395,0.614148159069954,0.0468796764616587,0.122090469916557,0.0610452349582785,0.0353535353535354,0.338383838383838,0.626262626262626,0.046705717705471,0.120646757152405,0.0603233785762023,0.0366179362934045,0.337841293826045,0.62554076988055,31,0,7,24,22,2,7,13,26,1,10,15,23,2,7,14,25,0,16,9,18,0,7,11,26,2,7,17,27,0,6,21
195,5,0.0434782608695652,0.391304347826087,0.565217391304348,0.036018806767541,0.101611319398893,0.0508056596994467,0.0942839205690119,0.369082770609242,0.536633308821746,0.0817900931605298,0.230388322225437,0.115194161112718,0.110139443310007,0.276110186713369,0.613750369976624,0.0318006474124169,0.0877131543110299,0.043856577155515,0.0873348380250802,0.377999993612937,0.534665168361983,0.0247641938029207,0.0645007166746296,0.0322503583373148,0.0714285714285714,0.395604395604396,0.532967032967033,0.0365186526812984,0.100641067612326,0.050320533806163,0.0937987946757283,0.376208915674906,0.529992289649366,22,2,2,18,24,3,8,13,20,2,6,12,25,0,20,5,31,1,19,11,15,0,9,6,23,1,4,18,22,4,4,14
196,1,0.347826086956522,0.0434782608695652,0.608695652173913,0.0135301613568605,0.0342306888085043,0.0171153444042521,0.331859188144492,0.0423298152773423,0.625810996578165,0.0122096300848759,0.0327102832598313,0.0163551416299157,0.360798926993672,0.0468605624623304,0.592340510543997,0.00980460921427709,0.025844730837193,0.0129223654185965,0.334903721537925,0.0455857214060294,0.619510557056045,0.0121777843300238,0.0337935297753967,0.0168967648876983,0.336492890995261,0.037914691943128,0.625592417061611,0.0111648171975311,0.0275043517770348,0.0137521758885174,0.334231520142021,0.0433206517955487,0.62244782806243,25,7,2,16,26,10,0,16,27,8,2,17,27,4,0,23,25,10,1,14,32,18,3,11,23,11,0,12,26,3,0,23
196,2,0.347826086956522,0.0434782608695652,0.608695652173913,0.00379436316559713,0.00935353689141413,0.00467676844570714,0.343149318510815,0.0480951677338663,0.608755513755319,0.0318056652886295,0.0840968511608453,0.0420484255804227,0.305777661376099,0.0506696161699359,0.643552722453965,0.00982735022674642,0.0270842535505556,0.0135421267752778,0.343761187000834,0.057020387644843,0.599218425354323,0.00308835636254208,0.00815217391304343,0.00407608695652173,0.34375,0.046875,0.609375,0.00423755944464924,0.0110661615633594,0.00553308078167969,0.342293006174842,0.0482383227345706,0.609468671090587,15,5,0,10,32,7,1,24,25,15,0,10,26,7,4,15,24,12,1,11,23,6,0,17,22,4,2,16,25,10,1,14
196,3,0.347826086956522,0.0434782608695652,0.608695652173913,0.0549549928605584,0.150105412608666,0.0750527063043329,0.422878793260855,0.023427471163328,0.553693735575817,0.0717414945685515,0.183520325922164,0.0917601629610818,0.439586249917604,0.0350857431190274,0.525328006963369,0.0523498320977085,0.14422789424718,0.0721139471235899,0.419940034080112,0.0219278842098513,0.558132081710037,0.0525451541796818,0.145373467112598,0.0726867335562988,0.420512820512821,0.0205128205128205,0.558974358974359,0.0526873153302568,0.144680472295274,0.0723402361476371,0.420166323104159,0.022770919734025,0.557062757161816,27,12,0,15,19,8,2,9,28,7,0,21,20,3,0,17,24,16,0,8,27,12,2,13,28,8,0,20,22,16,0,6
196,4,0.347826086956522,0.0434782608695652,0.608695652173913,0.0329420158504629,0.0905235349221846,0.0452617674610923,0.393087854417614,0.0112925920989608,0.595619553483425,0.116183791751122,0.312534063718097,0.156267031859049,0.50409311881557,0.00931599991387868,0.486590881270551,0.0364317249165666,0.10137221002623,0.0506861050131152,0.398512191969637,0.0101292768404328,0.59135853118993,0.0401430906045974,0.111166007905138,0.0555830039525692,0.403409090909091,0.00568181818181818,0.590909090909091,0.0370877220860621,0.103909356226208,0.0519546781131042,0.399780765069626,0.0112733812934932,0.588945853636881,20,3,0,17,30,15,1,14,25,14,0,11,18,10,0,8,26,5,0,21,22,16,0,6,20,4,0,16,15,4,0,11
196,5,0.347826086956522,0.0434782608695652,0.608695652173913,0.0185749603737051,0.046396002571816,0.023198001285908,0.370099041018024,0.0444033080939712,0.585497650888005,0.0481260149193244,0.120995391224565,0.0604976956122827,0.405078482441167,0.0467235609972023,0.54819795656163,0.0236245760740472,0.0592013101954196,0.0296006550977098,0.376044007633709,0.0448609952900873,0.579094997076203,0.0236317898293006,0.0626416649495158,0.0313208324747579,0.37914691943128,0.037914691943128,0.582938388625592,0.0243344467245459,0.06212775403305,0.031063877016525,0.376184739954914,0.0461834848876981,0.577631775157388,26,17,1,8,28,13,0,15,21,9,0,12,27,9,2,16,18,3,0,15,35,6,0,29,21,4,1,16,35,19,4,12
197,1,0.304347826086957,0.0869565217391304,0.608695652173913,0.0342318040386042,0.0851899322016396,0.0425949661008198,0.345569572204256,0.0443615556383106,0.610068872157434,0.0274726864558254,0.0738202226589291,0.0369101113294646,0.333307904973226,0.0500464104096658,0.616645684617108,0.032125774110816,0.0831136753448585,0.0415568376724292,0.345904663759386,0.0502762169981155,0.603819119242499,0.0318784724488681,0.0806487947735975,0.0403243973867988,0.341968911917098,0.0466321243523316,0.61139896373057,0.0330548448043789,0.0847513718183839,0.042375685909192,0.34262835988754,0.0445808358299385,0.612790804282522,20,8,2,10,21,11,0,10,24,12,0,12,20,8,0,12,24,5,0,19,30,8,1,21,26,5,4,17,28,9,2,17
197,2,0.304347826086957,0.0869565217391304,0.608695652173913,0.0575205670291999,0.162024319686505,0.0810121598432526,0.385359985930209,0.0528297768290458,0.561810237240745,0.0348662440593959,0.0970012760164005,0.0485006380082002,0.352848464095157,0.0550088949711313,0.592142640933712,0.0557081914985928,0.145928526443993,0.0729642632219964,0.377312089308953,0.0762089217815206,0.546478988909527,0.0573200569241382,0.16203605514316,0.0810180275715801,0.385365853658537,0.0487804878048781,0.565853658536585,0.0555645079938925,0.156557100898797,0.0782785504493986,0.382626376536355,0.0537731870413947,0.56360043642225,24,13,1,10,29,10,1,18,21,8,2,11,26,10,1,15,29,11,1,17,22,4,1,17,21,15,1,5,33,8,2,23
197,3,0.304347826086957,0.0869565217391304,0.608695652173913,0.0168831937781278,0.047752679623247,0.0238763398116235,0.292349273032567,0.0750787349818964,0.632571991985537,0.0232731409814659,0.0639374058915403,0.0319687029457701,0.327111569913778,0.0961614808580789,0.576726949228143,0.0093951620702798,0.0255143632757729,0.0127571816378864,0.294752972998901,0.0837941931892996,0.621452833811799,0.0167129867006005,0.0468574003153864,0.0234287001576932,0.295336787564767,0.0725388601036269,0.632124352331606,0.0162893956416384,0.0460302424027184,0.0230151212013592,0.293703261789745,0.0745859648349827,0.631710773375272,22,10,2,10,24,4,0,20,20,7,3,10,20,1,1,18,25,9,1,15,34,10,3,21,22,5,4,13,26,11,0,15
197,4,0.304347826086957,0.0869565217391304,0.608695652173913,0.0404549501425488,0.102958163697282,0.0514790818486409,0.256990408634867,0.138435603587771,0.604573987777361,0.0660197683190673,0.18669121470514,0.0933456073525701,0.211002218734386,0.135321337336133,0.65367644392948,0.0408737370359615,0.113713996301525,0.0568569981507625,0.266894090732645,0.143813519889893,0.589292389377462,0.0375742303001352,0.100198631648643,0.0500993158243213,0.263959390862944,0.137055837563452,0.598984771573604,0.0370440896149099,0.0984127325344322,0.0492063662672161,0.264173933201425,0.136162888006346,0.599663178792229,27,10,2,15,29,4,5,20,27,9,1,17,19,3,4,12,33,14,2,17,20,2,3,15,24,7,9,8,18,3,1,14
197,5,0.304347826086957,0.0869565217391304,0.608695652173913,0.0892427097822963,0.223597182986126,0.111798591493063,0.410963963997173,0.0921389753219769,0.49689706068085,0.107983274754571,0.285616621558915,0.142808310779457,0.422601967808809,0.111510690796736,0.465887341394456,0.0930060325998257,0.230400665585525,0.115200332792763,0.419548158879719,0.0843276718929949,0.496124169227286,0.0977665305537824,0.249890206411946,0.124945103205973,0.429292929292929,0.0757575757575758,0.494949494949495,0.0929189668786751,0.227911200810291,0.113955600405146,0.417995657707622,0.087264290523611,0.494740051768767,23,2,3,18,24,10,4,10,33,23,0,10,17,7,4,6,17,7,1,9,28,6,0,22,31,13,2,16,25,17,1,7
198,1,0.260869565217391,0.130434782608696,0.608695652173913,0.109260028108998,0.30102083821746,0.15051041910873,0.366400027344678,0.175414739590139,0.458185233065183,0.160028295801534,0.446538011759263,0.223269005879632,0.404547732833018,0.210025620872701,0.385426646294281,0.106754894010858,0.292790037950675,0.146395018975337,0.36602462322356,0.171674743577864,0.462300633198576,0.124238365040113,0.343604896580836,0.171802448290418,0.378640776699029,0.184466019417476,0.436893203883495,0.104854734146215,0.289104736963951,0.144552368481976,0.361785450643944,0.174071265664119,0.464143283691937,20,9,5,6,31,3,8,20,30,14,2,14,28,14,5,9,23,16,0,7,23,1,10,12,26,8,8,10,25,13,0,12
198,2,0.260869565217391,0.130434782608696,0.608695652173913,0.0249890926333129,0.0692943776241534,0.0346471888120767,0.24957600866527,0.165081971420772,0.585342019913958,0.0310242550318296,0.0766048737738128,0.0383024368869064,0.260250726459597,0.168737219495602,0.571012054044801,0.0226127685288912,0.0638354305723847,0.0319177152861923,0.246628420878078,0.162352497894888,0.591019081227034,0.0200080460324714,0.0549199084668193,0.0274599542334096,0.241228070175439,0.157894736842105,0.600877192982456,0.024958658862858,0.0697454034523569,0.0348727017261784,0.248157934884293,0.165307484334874,0.586534580780832,25,8,5,12,25,8,6,11,31,1,1,29,28,7,1,20,24,6,4,14,33,14,12,7,32,5,3,24,30,6,4,20
198,3,0.260869565217391,0.130434782608696,0.608695652173913,0.0107179189372831,0.0295451621840264,0.0147725810920133,0.246096984125378,0.134881886969858,0.619021128904764,0.0452428367353378,0.11127381617667,0.0556369080883348,0.261324315974754,0.0747978745203608,0.663877809504885,0.0201606621434008,0.0553999693452239,0.0276999846726119,0.241170505951794,0.122433857201681,0.636395636846525,0.0271992016022118,0.0736516987407935,0.0368258493703968,0.224043715846995,0.158469945355191,0.617486338797814,0.0129905626739334,0.035107217072167,0.0175536085360835,0.247398594527125,0.126352144762878,0.626249260709997,22,5,2,15,27,3,2,22,33,11,2,20,20,5,1,14,20,2,10,8,23,7,0,16,19,7,0,12,19,1,12,6
198,4,0.260869565217391,0.130434782608696,0.608695652173913,0.0687452268421053,0.193857774203099,0.0969288871015495,0.302818453972135,0.185414780955502,0.511766765072364,0.0428283054661043,0.120157174883171,0.0600785874415856,0.224173085761265,0.190513370050281,0.585313544188454,0.0685111735196181,0.193609699557039,0.0968048497785197,0.312777291815709,0.175331905788898,0.511890802395393,0.0653401896498407,0.183244962884411,0.0916224814422057,0.317073170731707,0.165853658536585,0.517073170731707,0.0763211947944836,0.21586799229465,0.107933996147325,0.315113184039005,0.184125159934407,0.500761656026588,27,8,1,18,24,3,8,13,32,22,7,3,24,3,2,19,26,4,4,18,25,7,4,14,20,4,7,9,27,14,1,12
198,5,0.260869565217391,0.130434782608696,0.608695652173913,0.0417777852531689,0.109292110518131,0.0546460552590656,0.26873927707667,0.0757887273496301,0.6554719955737,0.0399597529083623,0.1055320640807,0.0527660320403501,0.252007456016888,0.0865308597688492,0.661461684214263,0.0271027209185603,0.0742008057495476,0.0371004028747739,0.271082722713359,0.0933343797339218,0.635582897552719,0.0419944433649163,0.109926168990976,0.0549630844954881,0.268867924528302,0.0754716981132075,0.655660377358491,0.041384789717239,0.107724598943243,0.0538622994716216,0.267971676861753,0.0765724831370741,0.655455840001173,25,5,3,17,30,9,3,18,22,5,1,16,26,9,3,14,23,4,2,17,29,4,1,24,35,9,3,23,22,12,0,10
199,1,0.217391304347826,0.173913043478261,0.608695652173913,0.0556146736958426,0.138290358469808,0.0691451792349041,0.28653648358273,0.171801138340226,0.541662378077043,0.076547542299171,0.209062956443044,0.104531478221522,0.294032582297404,0.201803243750206,0.504164173952391,0.0604214895829034,0.150458964212847,0.0752294821064237,0.29009918392732,0.176434646005191,0.533466170067489,0.0619195160270843,0.157391304347826,0.0786956521739131,0.29,0.18,0.53,0.0606410981653152,0.151189844371893,0.0755949221859465,0.290261119009082,0.176638151002952,0.533100729987967,39,12,10,17,22,15,1,6,26,9,3,14,21,4,0,17,23,3,10,10,26,9,4,13,21,2,2,17,22,4,6,12
199,2,0.217391304347826,0.173913043478261,0.608695652173913,0.0358624251896344,0.101301134604288,0.0506505673021441,0.189816501925681,0.224563610780405,0.585619887293914,0.0459730455354888,0.121049031077759,0.0605245155388794,0.166565276549519,0.23443755901714,0.598997164433341,0.0371572439498043,0.104447260372044,0.0522236301860219,0.196330281723638,0.226136673664283,0.57753304461208,0.0369390353713357,0.104096989966555,0.0520484949832776,0.1875,0.225961538461538,0.586538461538462,0.0349014966672192,0.0984424138724724,0.0492212069362362,0.189598516846213,0.223134250414497,0.58726723273929,21,1,4,16,33,4,8,21,20,8,4,8,25,5,3,17,36,10,2,24,28,5,12,11,27,3,10,14,18,3,4,11
199,3,0.217391304347826,0.173913043478261,0.608695652173913,0.0948902507647286,0.239643540794569,0.119821770397284,0.33721307474511,0.166330898369888,0.496456026885002,0.054884794337418,0.15504328279841,0.0775216413992053,0.252789490623234,0.216036498602058,0.531174010774708,0.0852145867726237,0.237396575298259,0.11869828764913,0.336089591996956,0.132600697598921,0.531309710404123,0.0937448323023129,0.263781984605783,0.131890992302892,0.349282296650718,0.119617224880383,0.5311004784689,0.0899776762142628,0.23489875947627,0.117449379738135,0.334840684085961,0.157593609471216,0.507565706442823,28,5,9,14,21,17,3,1,23,4,5,14,39,16,1,22,24,1,1,22,28,15,2,11,25,3,1,21,21,12,3,6
199,4,0.217391304347826,0.173913043478261,0.608695652173913,0.0676235456846254,0.178556410738259,0.0892782053691293,0.143062684472987,0.26319124884739,0.593746066679623,0.0866380930864882,0.23405648017451,0.117028240087255,0.190302206612136,0.290941283565516,0.518756509822348,0.0727807280132412,0.198375473854866,0.099187736927433,0.143987854039464,0.273100780405694,0.582911365554842,0.0749795131367678,0.205169304748547,0.102584652374274,0.142857142857143,0.276497695852535,0.580645161290323,0.0723963603300838,0.198641720963923,0.0993208604819613,0.146204739098278,0.273233903960222,0.5805613569415,29,6,6,17,37,9,13,15,19,1,3,15,30,0,8,22,20,4,0,16,27,3,5,19,27,7,12,8,28,1,13,14
199,5,0.217391304347826,0.173913043478261,0.608695652173913,0.0491680546017305,0.134117191382661,0.0670585956913304,0.150332708656496,0.191517362582711,0.658149928760793,0.0695549814650628,0.185058595060971,0.0925292975304854,0.142220082043092,0.156554968252509,0.701224949704399,0.0385502734181878,0.107614619917017,0.0538073099585086,0.163583994389318,0.193216342071312,0.64319966353937,0.0289425975156013,0.0758082497212932,0.0379041248606466,0.179487179487179,0.179487179487179,0.641025641025641,0.0383442036461089,0.107254694468462,0.053627347234231,0.163763957113595,0.193762691582369,0.642473351304036,19,1,5,13,36,18,5,13,28,5,5,18,23,4,2,17,25,0,11,14,21,3,2,16,20,3,3,14,23,1,2,20
200,1,0.173913043478261,0.217391304347826,0.608695652173913,0.0622662389052869,0.170614374446234,0.0853071872231172,0.150170811985159,0.302698491570943,0.547130696443897,0.0871912588041106,0.243553729043766,0.121776864521883,0.129795713392856,0.339168168869709,0.531036117737435,0.0646235014582048,0.167432218139598,0.0837161090697989,0.163804086926423,0.301107413417625,0.535088499655952,0.0634795598854333,0.173913043478261,0.0869565217391305,0.14975845410628,0.304347826086957,0.545893719806763,0.0627924939867485,0.171903198609841,0.0859515993049207,0.150265665497229,0.303342903652747,0.546391430850025,21,2,8,11,25,6,4,15,26,3,10,13,28,8,8,12,28,2,8,18,30,3,13,14,23,4,2,17,26,3,10,13
200,2,0.173913043478261,0.217391304347826,0.608695652173913,0.0380991690565344,0.107138054674478,0.0535690273372392,0.142119587126382,0.195615733362466,0.662264679511152,0.0251225744317475,0.0706550394083127,0.0353275197041563,0.152979668544498,0.202997159577432,0.644023171878069,0.0230800814825828,0.0648901274309476,0.0324450637154737,0.160776548275868,0.198082735834745,0.641140715889387,0.0380444414406905,0.106809608894183,0.0534048044470915,0.141552511415525,0.19634703196347,0.662100456621005,0.0379210090690842,0.106626858765582,0.0533134293827908,0.14223008975445,0.195760828688846,0.662009081556704,31,5,6,20,23,5,4,14,25,4,2,19,26,3,5,18,28,5,5,18,28,4,10,14,33,3,10,20,25,2,1,22
200,3,0.173913043478261,0.217391304347826,0.608695652173913,0.0515213454893929,0.132800920308453,0.0664004601542263,0.166691799717714,0.158212087954147,0.675096112328139,0.0311644992797111,0.0870078283420063,0.0435039141710032,0.158276322437603,0.189524111217481,0.652199566344916,0.0467571690882277,0.120484393085744,0.0602421965428718,0.167403544231143,0.163658607052072,0.668937848716785,0.0491668080984587,0.131665299425759,0.0658326497128794,0.160377358490566,0.165094339622642,0.674528301886792,0.0507356586294917,0.134091252777627,0.0670456263888133,0.162522188431547,0.161736533005727,0.675741278562726,22,5,2,15,24,6,0,18,27,1,1,25,37,4,7,26,31,2,10,19,24,9,4,11,28,5,7,16,19,2,4,13
200,4,0.173913043478261,0.217391304347826,0.608695652173913,0.0117729745545697,0.0318644387147182,0.0159322193573591,0.177692545394615,0.229544021788831,0.592763432816554,0.00916860115539093,0.0257437690089162,0.0128718845044581,0.168830176500314,0.230263188852284,0.600906634647402,0.0211191221594402,0.0566528160302766,0.0283264080151383,0.179876434201494,0.239754321639731,0.580369244158775,0.010435975359755,0.0289855072463769,0.0144927536231885,0.178743961352657,0.227053140096618,0.594202898550725,0.0109337282893003,0.02782179250894,0.01391089625447,0.175021710824211,0.230193533256346,0.594784755919443,24,6,4,14,29,5,7,17,21,5,7,9,27,1,7,19,22,10,3,9,22,3,3,16,34,5,7,22,28,2,9,17
200,5,0.173913043478261,0.217391304347826,0.608695652173913,0.0355457091659638,0.0959876745356921,0.0479938372678461,0.162865636356266,0.265385141615672,0.571749222028062,0.0932819668734983,0.238341401005111,0.119170700502555,0.163328163857175,0.336562004850381,0.500109831292443,0.0331482903684777,0.0927057861122298,0.0463528930561149,0.14467271118894,0.263744197403941,0.591583091407119,0.0469690758798423,0.130873956960914,0.0654369784804567,0.131313131313131,0.282828282828283,0.585858585858586,0.0326660990136315,0.0906362560192314,0.0453181280096157,0.159020026887075,0.262709432357442,0.578270540755483,23,3,16,4,27,1,0,26,20,7,2,11,20,3,7,10,28,4,3,21,27,3,9,15,28,5,12,11,25,0,7,18
201,1,0.130434782608696,0.260869565217391,0.608695652173913,0.00948383759445313,0.0248192210837133,0.0124096105418566,0.128636329335341,0.250258407948889,0.62110526271577,0.0244481593634798,0.0685556038785437,0.0342778019392719,0.143656673870379,0.28192547589498,0.574417850234641,0.0067011658189877,0.0165213570800235,0.00826067854001172,0.138695461148707,0.252716872464125,0.608587666387167,0.00830340700772002,0.0227833681412569,0.0113916840706284,0.122270742358079,0.25764192139738,0.620087336244541,0.00790020494363766,0.0210977017089076,0.0105488508544538,0.128348015642641,0.252407481328992,0.619244503028367,26,2,3,21,33,4,12,17,30,6,4,20,22,4,5,13,26,4,11,11,31,1,13,17,27,2,2,23,34,5,9,20
201,2,0.130434782608696,0.260869565217391,0.608695652173913,0.111155496468929,0.303947232989588,0.151973616494794,0.171617402746021,0.37166056157486,0.456722035679119,0.15076806872177,0.414214192312985,0.207107096156492,0.190096374016526,0.408315069966054,0.401588556017421,0.103136928469192,0.276699755517591,0.138349877758796,0.159605690263934,0.370048535320949,0.470345774415117,0.100310639129762,0.282608695652174,0.141304347826087,0.190217391304348,0.342391304347826,0.467391304347826,0.106700846440428,0.285810809233664,0.142905404616832,0.159921547001581,0.374288205441338,0.465790247557081,17,9,4,4,22,5,6,11,26,5,13,8,24,4,11,9,24,0,5,19,20,11,6,3,28,1,10,17,23,0,8,15
201,3,0.130434782608696,0.260869565217391,0.608695652173913,0.0258150567694878,0.0687931989313559,0.0343965994656779,0.164831382074374,0.254267547517233,0.580901070408394,0.035167588526431,0.0971403758973698,0.048570187948685,0.179004970557381,0.227319399407461,0.593675630035159,0.0276511505388477,0.0734469379060794,0.0367234689530397,0.167158251561735,0.254144811028918,0.578696937409347,0.0209398814704292,0.0526439482961222,0.0263219741480611,0.156756756756757,0.259459459459459,0.583783783783784,0.0230667862148313,0.0630674386471127,0.0315337193235563,0.161968501932252,0.252336884751519,0.585694613316229,25,5,9,11,29,2,6,21,21,3,6,12,22,5,1,16,17,5,4,8,21,4,4,13,22,0,14,8,28,5,4,19
201,4,0.130434782608696,0.260869565217391,0.608695652173913,0.0342480196478353,0.0858781832676639,0.042939091633832,0.171309639089031,0.217930473583559,0.61075988732741,0.0335370060205605,0.0933970330262128,0.0466985165131064,0.160962660220042,0.277040204119152,0.561997135660807,0.0146074594586766,0.0379385718693733,0.0189692859346866,0.149404068543382,0.244300329735203,0.606295601721415,0.0114296202290371,0.0307470574105213,0.0153735287052607,0.12707182320442,0.276243093922652,0.596685082872928,0.0315577918346278,0.0891953587686778,0.0445976793843389,0.175032461993035,0.237112444562808,0.587855093444157,24,7,12,5,29,2,18,9,19,2,0,17,21,2,4,15,24,5,8,11,26,3,7,16,21,2,0,19,17,0,1,16
201,5,0.130434782608696,0.260869565217391,0.608695652173913,0.0531765396064731,0.146017780560094,0.0730088902800469,0.109547411517138,0.208748046028902,0.68170454245396,0.0321804543578334,0.0870279006149648,0.0435139503074824,0.120222267619612,0.227568129898993,0.652209602481395,0.0363499601830373,0.0942099112066268,0.0471049556033134,0.124709861458751,0.219489530764023,0.655800607777226,0.0536033066558355,0.147192028985507,0.0735960144927535,0.109375,0.208333333333333,0.682291666666667,0.0535621375198912,0.147097209506969,0.0735486047534845,0.109354616642135,0.208401126430467,0.682244256927398,29,2,2,25,28,5,8,15,26,1,5,20,22,1,5,16,17,4,4,9,22,4,4,14,21,1,7,13,27,3,5,19
202,1,0.0869565217391304,0.304347826086957,0.608695652173913,0.0610218658304393,0.171840153707449,0.0859200768537248,0.136902793717036,0.218427749233232,0.644669457049732,0.0812224344758451,0.226267420560749,0.113133710280375,0.160733795000955,0.191214115806582,0.648052089192463,0.060007827517352,0.16783063494932,0.0839153174746601,0.139871993436795,0.220432508612296,0.639695497950909,0.0682221163483625,0.190091001011122,0.0950455005055612,0.148837209302326,0.209302325581395,0.641860465116279,0.0636576375729366,0.179207038159548,0.0896035190797742,0.139298126001651,0.214744307007182,0.645957566991166,31,8,6,17,27,10,3,14,15,0,7,8,28,2,9,17,37,5,7,25,23,3,2,18,26,4,4,18,28,0,7,21
202,2,0.0869565217391304,0.304347826086957,0.608695652173913,0.00668277363494239,0.0185262149684544,0.0092631074842271,0.080701599589796,0.301339640752064,0.61795875965814,0.0741037542817986,0.201746233787529,0.100873116893764,0.0611270824671639,0.405220942980721,0.533651974552115,0.0151097377250038,0.0427365243367008,0.0213682621683504,0.06558825957078,0.314966458269693,0.619445282159527,0.0182466660733068,0.0510981622590767,0.0255490811295383,0.077319587628866,0.329896907216495,0.592783505154639,0.00622381916943923,0.0171163142573742,0.00855815712868707,0.0808963346712573,0.312905983215644,0.606197682113099,24,0,16,8,17,0,0,17,22,0,2,20,26,4,2,20,24,8,8,8,27,2,10,15,24,0,12,12,30,1,14,15
202,3,0.0869565217391304,0.304347826086957,0.608695652173913,0.0210083923320446,0.0594122686752902,0.0297061343376451,0.101375988168791,0.319634493994941,0.578989517836268,0.0707375876834151,0.192813692922512,0.0964068464612562,0.0618831532738954,0.233014348090935,0.705102498635169,0.00182580691497885,0.00508362650677091,0.00254181325338548,0.0844147084857449,0.305225355827111,0.610359935687144,0.00753478048995133,0.0209587513935341,0.010479375696767,0.0974358974358974,0.297435897435897,0.605128205128205,0.0119580591282238,0.0337966006896275,0.0168983003448138,0.0948326524847327,0.313369995686168,0.591797351829099,26,0,8,18,21,0,14,7,27,1,4,22,33,2,5,26,17,7,5,5,31,2,9,20,24,7,12,5,16,0,1,15
202,4,0.0869565217391304,0.304347826086957,0.608695652173913,0.0101405230943667,0.0279726217600325,0.0139863108800162,0.082707932552054,0.318334136966973,0.598957930480973,0.0273076028633164,0.0755043146965846,0.0377521573482923,0.0751259184125559,0.342099983435249,0.582774098152195,0.0137010673733686,0.0383597149842925,0.0191798574921462,0.0941634543269819,0.316320750991251,0.589515794681767,0.011793676561949,0.0333117023577764,0.0166558511788882,0.0945273631840796,0.313432835820896,0.592039800995025,0.00960696392302169,0.0259117866402844,0.0129558933201422,0.0898919756419498,0.314368265504279,0.595739758853771,24,0,7,17,28,2,10,16,41,9,9,23,25,5,3,17,26,1,15,10,20,1,6,13,19,0,5,14,18,1,8,9
202,5,0.0869565217391304,0.304347826086957,0.608695652173913,0.0935416682151281,0.256221306512143,0.128110653256072,0.122449444224122,0.396965556858037,0.480584998917841,0.134960182788138,0.34368062104337,0.171840310521685,0.100942282117068,0.462202376230704,0.436855341652228,0.0948703651959763,0.262698128154634,0.131349064077317,0.128942516188134,0.39371089571527,0.477346588096596,0.107940936121022,0.304769945124525,0.152384972562263,0.155339805825243,0.388349514563107,0.456310679611651,0.0966630586409149,0.268622544980166,0.134311272490083,0.132067160358942,0.393548459957228,0.47438437968383,23,0,13,10,29,5,19,5,17,0,9,8,25,2,3,20,28,10,8,10,31,13,4,14,31,2,16,13,22,0,8,14
203,1,0.0434782608695652,0.347826086956522,0.608695652173913,0.0204043442887562,0.0565869832540502,0.0282934916270251,0.0342421817566896,0.376119578583547,0.589638239659764,0.0054680963362031,0.0154660618347964,0.00773303091739819,0.0396288022546355,0.343942514654053,0.616428683091311,0.0258907946852634,0.0651368903869922,0.0325684451934961,0.045272067412577,0.378600725607006,0.576127206980417,0.0205420488118114,0.0571568148510015,0.0285784074255007,0.0337078651685393,0.376404494382022,0.589887640449438,0.0203887677147313,0.0565739119642964,0.0282869559821482,0.034176152967207,0.37611304293867,0.589710804094123,21,1,7,13,30,0,11,19,19,0,5,14,17,0,6,11,22,0,15,7,22,2,8,12,22,2,8,12,25,1,7,17
203,2,0.0434782608695652,0.347826086956522,0.608695652173913,0.0241039005591589,0.0664729169978646,0.0332364584989323,0.0203025623609034,0.337765326966251,0.641932110672845,0.0602594379417956,0.166876717413607,0.0834383587068036,0.0167700779463728,0.431264445663325,0.551965476390302,0.0244971028383052,0.066491006962921,0.0332455034814605,0.0184166439857072,0.339642200358919,0.641941155655374,0.0217866441352522,0.059204440333025,0.0296022201665125,0.0212765957446809,0.340425531914894,0.638297872340426,0.0219325023492385,0.0588891471697748,0.0294445735848874,0.0203111647985089,0.341548609442691,0.6381402257588,29,4,11,14,31,0,13,18,31,0,11,20,26,0,5,21,29,0,3,26,29,0,5,24,28,0,13,15,32,1,19,12
203,3,0.0434782608695652,0.347826086956522,0.608695652173913,0.0951456768459019,0.244589122585027,0.122294561292513,0.0309322141829618,0.470120648249035,0.498947137568003,0.0937343067672736,0.236156605277696,0.118078302638848,0.0366149299285361,0.46590438959537,0.497480680476094,0.0902845988874221,0.224213613711588,0.112106806855794,0.0403494366732726,0.459932893812315,0.499717669514412,0.0922604592867289,0.241189931350114,0.120594965675057,0.0263157894736842,0.468421052631579,0.505263157894737,0.0910323716639476,0.234360111273105,0.117180055636553,0.0310614391009609,0.465006142593074,0.503932418305965,21,0,13,8,14,1,5,8,32,2,17,13,27,1,8,18,21,0,13,8,17,0,11,6,31,1,7,23,27,0,15,12
203,4,0.0434782608695652,0.347826086956522,0.608695652173913,0.0381785173733143,0.0994675117484887,0.0497337558742443,0.0501431079250113,0.39089499577532,0.558961896299669,0.038075585693785,0.095884238365543,0.0479421191827716,0.0462174989402748,0.393028968068584,0.560753532991142,0.0399782949517715,0.103492894681225,0.0517464473406127,0.0496252332083297,0.39342556195837,0.5569492048333,0.0390843929854174,0.101369204900312,0.0506846024501562,0.0497237569060773,0.392265193370166,0.558011049723757,0.0383897241597106,0.0969055101299711,0.0484527550649856,0.0464936913098748,0.393263411581198,0.560242897108927,23,0,16,7,24,0,4,20,23,1,11,11,32,0,14,18,26,1,9,16,18,3,4,11,18,4,6,8,17,0,7,10
203,5,0.0434782608695652,0.347826086956522,0.608695652173913,0.0230542000565738,0.0612659976963656,0.0306329988481828,0.0128452620213824,0.372809992782964,0.614344745195654,0.0546050919123,0.153018891738854,0.0765094458694273,0.0142956167314112,0.424335532825949,0.56136885044264,0.0248871381088682,0.0664151796984051,0.0332075898492025,0.0102706710203627,0.354330552835084,0.635398776144554,0.0234568427506107,0.0662311331380941,0.0331155665690471,0.0103626943005181,0.362694300518135,0.626943005181347,0.0224783479145246,0.0616224218239801,0.0308112109119901,0.0126670499575752,0.356455546822857,0.630877403219568,19,0,11,8,29,0,1,28,23,0,9,14,28,0,7,21,26,0,15,11,22,2,8,12,27,0,7,20,19,0,12,7
204,1,0.304347826086957,0.0434782608695652,0.652173913043478,0.0644016414105481,0.160123085587646,0.0800615427938232,0.226714273560668,0.0410502706020309,0.732235455837301,0.0143229137164543,0.0395623282036224,0.0197811641018112,0.298231889195056,0.0632594249713764,0.638508685833567,0.0566430632801025,0.142336115141563,0.0711680575707815,0.233179768516175,0.0472191489048352,0.71960108257899,0.0659478123596581,0.162941893539212,0.0814709467696059,0.224299065420561,0.0420560747663551,0.733644859813084,0.0649992460947509,0.160847991285052,0.0804239956425261,0.225582765054099,0.0418193262598964,0.732597908686004,28,8,3,17,23,8,1,14,20,5,0,15,28,5,0,23,33,3,2,28,23,3,0,20,29,5,0,24,30,11,3,16
204,2,0.304347826086957,0.0434782608695652,0.652173913043478,0.0448416138531438,0.112814991879949,0.0564074959399747,0.247940330146982,0.0967778511399813,0.655281818713037,0.0761205277151337,0.215298058480623,0.107649029240312,0.358689048709321,0.0967860674875123,0.544524883803167,0.039230027328576,0.100543778356281,0.0502718891781406,0.254075936908816,0.0889377247195015,0.656986338371683,0.0250577478598878,0.0654244306418219,0.032712215320911,0.276190476190476,0.0761904761904762,0.647619047619048,0.0439310827838581,0.109787323314658,0.0548936616573288,0.251703287342068,0.098371922526894,0.649924790131037,28,12,2,14,23,11,0,12,24,10,2,12,24,0,1,23,36,15,4,17,21,5,2,14,28,1,0,27,26,4,5,17
204,3,0.304347826086957,0.0434782608695652,0.652173913043478,0.0187208797363493,0.0514569808451221,0.025728490422561,0.278619335664396,0.0617499632084076,0.659630701127197,0.0212393360449054,0.0598065519337786,0.0299032759668893,0.286944727665595,0.0733815368364545,0.63967373549795,0.0173016714432622,0.046618393426323,0.0233091967131615,0.28624863592513,0.0667874575827267,0.646963906492144,0.0123220272856476,0.0313866735271418,0.0156933367635709,0.289940828402367,0.0591715976331361,0.650887573964497,0.0144187123717683,0.036351112241087,0.0181755561205435,0.286172269966413,0.0605713977270056,0.653256332306581,14,0,0,14,28,9,0,19,22,11,1,10,19,3,1,15,23,10,0,13,23,7,1,15,17,3,4,10,23,6,3,14
204,4,0.304347826086957,0.0434782608695652,0.652173913043478,0.0738052024271683,0.198766654557355,0.0993833272786772,0.403731153365634,0.0214095505885737,0.574859296045792,0.0552318912100464,0.154842451835847,0.0774212259179235,0.38176905200488,0.0137291234019495,0.60450182459317,0.0741126530081709,0.199315872885479,0.0996579364427394,0.404005762529696,0.0217606743617559,0.574233563108548,0.0697252478584627,0.179765886287625,0.0898829431438127,0.394230769230769,0.0336538461538462,0.572115384615385,0.0737148005884888,0.198556221047509,0.0992781105237543,0.403625936610711,0.0213837207935816,0.574990342595708,34,12,1,21,26,10,6,10,27,11,0,16,25,10,0,15,25,5,0,20,25,17,0,8,25,10,0,15,21,7,0,14
204,5,0.304347826086957,0.0434782608695652,0.652173913043478,0.053435762122896,0.139625856017468,0.0698129280087342,0.244387673279989,0.0336254856677988,0.721986841052212,0.0633225299824043,0.169994453972289,0.0849972269861448,0.237431641900671,0.0253972180697063,0.737171140029623,0.0445982720609513,0.117761987014689,0.0588809935073445,0.255329784570853,0.0336153088783237,0.711054906550823,0.0531640381145369,0.130646871686108,0.0653234358430541,0.239024390243902,0.0439024390243902,0.717073170731707,0.0511951944816997,0.135876124600861,0.0679380623004305,0.24870538553315,0.0311826391229416,0.720111975343909,25,5,0,20,32,8,1,23,34,10,0,24,22,3,0,19,18,3,2,13,22,4,6,12,29,11,0,18,23,5,0,18
205,1,0.260869565217391,0.0869565217391304,0.652173913043478,0.0183962165171197,0.0513669939510686,0.0256834969755343,0.277302923448423,0.0962066604836331,0.626490416067944,0.0423258411573185,0.110798033868805,0.0553990169344028,0.205470548282989,0.0950237370000314,0.69950571471698,0.0146254259604967,0.0413526309578692,0.0206763154789346,0.271679008911068,0.0662802062601958,0.662040784828736,0.033845123265026,0.0936454849498329,0.0468227424749164,0.307692307692308,0.0549450549450549,0.637362637362637,0.0149162123573113,0.0412689894822708,0.0206344947411354,0.27498198145326,0.0934786002443971,0.631539418302343,30,5,0,25,22,15,1,6,27,15,1,11,21,3,2,16,23,1,5,17,18,14,0,4,23,3,0,20,18,0,1,17
205,2,0.260869565217391,0.0869565217391304,0.652173913043478,0.0444815871535003,0.117194972604256,0.0585974863021281,0.211754961175475,0.0774736394789184,0.710771399345606,0.063610243118332,0.179829112940408,0.0899145564702042,0.218346202641223,0.0395653278450945,0.742088469513682,0.0477139888957284,0.1319462115971,0.0659731057985499,0.215611130311572,0.0662418508464002,0.718147018842028,0.0292770209788697,0.0749306197964848,0.0374653098982424,0.223404255319149,0.0904255319148936,0.686170212765957,0.0362782077382875,0.0958000822255783,0.0479000411127891,0.221002507213709,0.0789235386300231,0.700073954156267,30,15,0,15,22,0,6,16,26,7,9,10,18,4,0,14,26,6,0,20,21,5,1,15,22,0,1,21,23,5,0,18
205,3,0.260869565217391,0.0869565217391304,0.652173913043478,0.033136918825131,0.0937171928098433,0.0468585964049216,0.283763101294012,0.110921582067431,0.605315316638557,0.0845320740317982,0.217604774794276,0.108802387397138,0.369671952614529,0.0754509884584692,0.554877058927002,0.0343578210402206,0.0971594410136971,0.0485797205068486,0.285994809547212,0.110410997916158,0.60359419253663,0.044392413110376,0.125400457665904,0.062700228832952,0.289473684210526,0.121052631578947,0.589473684210526,0.0386472547340655,0.109179069254598,0.0545895346272989,0.285840009059398,0.116575612524422,0.597584378416179,26,13,1,12,27,3,2,22,28,9,2,17,24,11,2,11,19,7,0,12,18,6,0,12,19,0,3,16,29,6,13,10
205,4,0.260869565217391,0.0869565217391304,0.652173913043478,0.0339105875322526,0.0918893472585535,0.0459446736292767,0.295745983012865,0.0980247775729338,0.606229239414202,0.0711325708420628,0.200566227545853,0.100283113772927,0.317884023303954,0.130225177425494,0.551890799270552,0.042774583748263,0.116137425714683,0.0580687128573414,0.304584383579342,0.101310416234521,0.594105200186137,0.0410629564403625,0.108175577283129,0.0540877886415644,0.30622009569378,0.0956937799043062,0.598086124401914,0.0408334205363336,0.109849480077357,0.0549247400386783,0.303775608627744,0.0989752183674558,0.5972491730048,31,14,2,15,21,3,0,18,28,10,5,13,18,3,0,15,30,17,1,12,29,4,4,21,29,6,3,20,23,7,5,11
205,5,0.260869565217391,0.0869565217391304,0.652173913043478,0.0363997992842134,0.0943764955921436,0.0471882477960718,0.219460558935547,0.134144769535202,0.646394671529251,0.0549951338781682,0.142920350493082,0.0714601752465409,0.198554150048335,0.158416696985671,0.643029152965993,0.0396181777786109,0.100065836724368,0.0500329183621839,0.21401437150637,0.136989440101314,0.648996188392315,0.0408583736025382,0.103864734299517,0.0519323671497585,0.212962962962963,0.138888888888889,0.648148148148148,0.0398102209852699,0.0984051904603459,0.0492025952301729,0.212569976328336,0.136159116969303,0.65127090670236,24,3,6,15,26,5,6,15,30,6,3,21,34,1,7,26,25,5,2,18,18,9,0,9,29,6,0,23,30,11,6,13
206,1,0.217391304347826,0.130434782608696,0.652173913043478,0.0659119666519974,0.166248690439446,0.0831243452197231,0.222424879314947,0.208525552861298,0.569049567823755,0.114292892849987,0.307111363332144,0.153555681666072,0.184314579119304,0.283990464274768,0.531694956605929,0.0668987480985421,0.167746013672987,0.0838730068364932,0.213364598988689,0.214307789445189,0.572327611566122,0.0814095155786661,0.218722271517303,0.109361135758651,0.193877551020408,0.239795918367347,0.566326530612245,0.0670898637288683,0.165346724790153,0.0826733623950765,0.216371010456896,0.213108145003772,0.570520844539332,14,2,9,3,32,8,11,13,23,5,0,18,25,9,2,14,16,4,0,12,35,3,10,22,21,4,4,13,30,3,11,16
206,2,0.217391304347826,0.130434782608696,0.652173913043478,0.0521346806756853,0.137375103796609,0.0686875518983046,0.206254263507189,0.199122334507,0.594623401985811,0.0369532733673961,0.10068301617948,0.0503415080897402,0.180070816096553,0.180776290698436,0.639152893205011,0.0555670962443174,0.141115271882601,0.0705576359413007,0.212075268045756,0.200992418549996,0.586932313404248,0.0541278876370227,0.147090633787584,0.0735453168937919,0.199004975124378,0.203980099502488,0.597014925373134,0.053454882428525,0.138012543185148,0.069006271592574,0.209622744363399,0.19944105420127,0.590936201435331,28,11,2,15,18,3,2,13,32,6,4,22,23,2,1,20,26,2,5,19,25,6,13,6,20,3,5,12,29,7,9,13
206,3,0.217391304347826,0.130434782608696,0.652173913043478,0.0369392341683982,0.102991027116223,0.0514955135581117,0.235528568766897,0.078939269050584,0.685532162182519,0.0379067411820011,0.102174314191019,0.0510871570955095,0.177777959438014,0.118960970422998,0.703261070138988,0.0373427550608794,0.105572853186104,0.0527864265930518,0.242399992831459,0.0776483560156438,0.679951651152898,0.0324649906863746,0.0910582444626743,0.0455291222313372,0.245283018867925,0.0849056603773585,0.669811320754717,0.036428829441517,0.103029360040924,0.0515146800204618,0.243666069242251,0.0789201025882339,0.677413828169515,23,3,2,18,22,10,0,12,35,5,6,24,19,3,2,14,25,3,7,15,30,12,1,17,37,15,0,22,21,1,0,20
206,4,0.217391304347826,0.130434782608696,0.652173913043478,0.0626567315710685,0.157118229812425,0.0785591149062123,0.213610311874417,0.0556566601758921,0.730733027949691,0.0680308219014231,0.180454857872481,0.0902274289362407,0.201200718921036,0.056397939099245,0.742401341979719,0.0609296036437511,0.151502463080928,0.0757512315404639,0.21970095196936,0.0546835510682318,0.725615496962408,0.0625079076119107,0.161422051405237,0.0807110257026183,0.226519337016575,0.0497237569060773,0.723756906077348,0.0599665405056735,0.149904810572789,0.0749524052863947,0.220507913328323,0.0554823773223009,0.724009709349376,20,1,0,19,23,2,2,19,20,2,4,14,32,6,2,24,14,1,0,13,27,8,1,18,23,14,0,9,22,7,0,15
206,5,0.217391304347826,0.130434782608696,0.652173913043478,0.0527936561883778,0.142255976391785,0.0711279881958924,0.146263316151934,0.146342679128315,0.707394004719752,0.0831472478291226,0.225436550801901,0.11271827540095,0.132029752518301,0.10307805903727,0.764892188444429,0.0573922691793446,0.150923124175605,0.0754615620878027,0.141929742260023,0.142281720665454,0.715788537074522,0.0636919295517058,0.178372352285396,0.0891861761426979,0.128205128205128,0.164102564102564,0.707692307692308,0.0495697322195727,0.133616951018969,0.0668084755094846,0.150582828838341,0.145448581854415,0.703968589307244,24,0,12,12,16,2,2,12,17,2,0,15,23,1,3,19,27,8,10,9,29,3,0,26,35,6,2,27,24,3,3,18
207,1,0.173913043478261,0.173913043478261,0.652173913043478,0.0382498003560957,0.0981203106005646,0.0490601553002823,0.178709983710447,0.218176258546357,0.603113757743196,0.0472926249093922,0.122222440783919,0.0611112203919598,0.235024263870221,0.166893631209828,0.598082104919951,0.0256013290240715,0.0645816623476395,0.0322908311738198,0.171949261727974,0.206203874652081,0.621846863619945,0.0312938106375263,0.0800487606663958,0.0400243803331979,0.177570093457944,0.210280373831776,0.61214953271028,0.0296905666044436,0.0732905961649464,0.0366452980824732,0.174483616182506,0.209987768856489,0.615528614961005,27,8,4,15,28,6,3,19,24,7,2,15,21,1,11,9,27,5,6,16,34,2,1,31,29,0,11,18,24,9,7,8
207,2,0.173913043478261,0.173913043478261,0.652173913043478,0.0551300052823032,0.150647210183464,0.0753236050917319,0.153679439652538,0.118823042212252,0.72749751813521,0.0766789132045884,0.209668740000225,0.104834370000112,0.0974792028957789,0.14551251406063,0.757008283043591,0.0576647988851367,0.156667195276161,0.0783335976380803,0.15438623336852,0.115106255949921,0.730507510681559,0.0536166597409643,0.133747412008282,0.0668737060041408,0.171428571428571,0.10952380952381,0.719047619047619,0.0520149912685502,0.14050081413761,0.0702504070688048,0.157682262533645,0.119893417354072,0.722424320112283,25,1,0,24,32,10,2,20,26,13,1,12,22,1,3,18,26,7,1,18,22,1,2,19,30,1,6,23,27,2,8,17
207,3,0.173913043478261,0.173913043478261,0.652173913043478,0.0419576292028178,0.118639235826533,0.0593196179132665,0.204818312369931,0.202327392499857,0.592854295130212,0.0846154511182177,0.229887779398888,0.114943889699444,0.202565055686133,0.260204920969833,0.537230023344034,0.0400453893550723,0.11036006569265,0.0551800328463249,0.190465723528553,0.212540396274294,0.596993880197153,0.0475742909910705,0.12899237584999,0.0644961879249949,0.18957345971564,0.222748815165877,0.587677725118483,0.04169169777297,0.116204295014282,0.0581021475071409,0.194280694169304,0.211647540294359,0.594071765536337,19,6,4,9,26,4,6,16,31,1,9,21,24,1,0,23,31,5,12,14,29,6,10,13,33,7,6,20,18,10,0,8
207,4,0.173913043478261,0.173913043478261,0.652173913043478,0.0527099458672821,0.134083590392711,0.0670417951963553,0.106871248281906,0.17921061982193,0.713918131896164,0.0522417568770181,0.138707473471864,0.0693537367359321,0.117182918140666,0.161289432079923,0.72152764977941,0.0487797535165832,0.123698011044457,0.0618490055222285,0.112064037956032,0.178375839630741,0.709560122413227,0.0561191212871938,0.142697881828317,0.0713489409141583,0.102564102564103,0.179487179487179,0.717948717948718,0.0543141124195288,0.133605582968878,0.0668027914844393,0.107110251993822,0.174480394399644,0.718409353606535,16,2,7,7,27,2,4,21,25,4,1,20,20,0,4,16,28,0,7,21,28,4,9,15,20,3,2,15,31,5,1,25
207,5,0.173913043478261,0.173913043478261,0.652173913043478,0.0391602115250565,0.105826507296167,0.0529132536480833,0.120999789830178,0.214526786580378,0.664473423589445,0.0355851143462608,0.090394442213024,0.0451972211065121,0.128715822371749,0.177345043800663,0.693939133827588,0.0400889634991274,0.104023933233381,0.0520119666166905,0.128368534428454,0.225925010094951,0.645706455476595,0.0380234237504532,0.0933503836317136,0.0466751918158568,0.127450980392157,0.220588235294118,0.651960784313726,0.0392906357786879,0.0963834304550301,0.0481917152275151,0.125863062473888,0.222104758705776,0.652032178820336,20,4,2,14,33,8,9,16,36,7,12,17,16,2,1,13,30,2,6,22,21,0,9,12,26,3,3,20,22,0,3,19
208,1,0.130434782608696,0.217391304347826,0.652173913043478,0.0476930652594792,0.121568490211863,0.0607842451059316,0.125358650475698,0.161683191374892,0.71295815814941,0.0520132124751964,0.131879226370613,0.0659396131853066,0.135172746050149,0.151451691162519,0.713375562787332,0.0393841181364923,0.100156848875028,0.050078424437514,0.134360570271594,0.167312879910312,0.698326549818094,0.0464335204317956,0.119380987472365,0.0596904937361827,0.124293785310734,0.163841807909605,0.711864406779661,0.0486151496158479,0.123266400845363,0.0616332004226813,0.126003038138862,0.160189848394979,0.71380711346616,17,1,6,10,18,2,3,13,19,3,1,15,22,3,2,17,27,0,3,24,28,2,10,16,29,8,1,20,17,3,3,11
208,2,0.130434782608696,0.217391304347826,0.652173913043478,0.0832523621831693,0.233893756491125,0.116946878245562,0.200698237214063,0.264074727988021,0.535227034797916,0.0965430443064108,0.271380248126951,0.135690124063476,0.211394027026437,0.27212218399356,0.516483788980003,0.079554243074088,0.223810705921926,0.111905352960963,0.196447795596888,0.263283644320596,0.540268560082516,0.0819269844955055,0.231177094379639,0.11558854718982,0.195121951219512,0.268292682926829,0.536585365853659,0.0826713331350477,0.232592791616993,0.116296395808496,0.198984193180427,0.265138289584591,0.535877517234982,25,6,8,11,23,3,4,16,23,2,16,5,27,4,8,15,25,0,2,23,31,7,6,18,31,8,10,13,20,10,1,9
208,3,0.130434782608696,0.217391304347826,0.652173913043478,0.0191918122600614,0.0490867101001019,0.0245433550500509,0.152741711944389,0.219627730062183,0.627630557993427,0.0698497840210056,0.181099334909266,0.0905496674546328,0.209901088731381,0.228474665679774,0.561624245588845,0.0259098101715576,0.0694835240511273,0.0347417620255637,0.157892034287309,0.224675814694776,0.617432151017915,0.0296440408286617,0.0744013020227854,0.0372006510113927,0.165775401069519,0.219251336898396,0.614973262032086,0.0238682702206078,0.0629627342683486,0.0314813671341743,0.156722225275546,0.22258522881515,0.620692545909304,23,6,6,11,15,2,4,9,28,10,2,16,29,1,9,19,28,8,7,13,22,3,2,17,25,0,10,15,17,1,1,15
208,4,0.130434782608696,0.217391304347826,0.652173913043478,0.0221824819771734,0.0616243117362126,0.0308121558681063,0.161246938476802,0.207089347108964,0.631663714414234,0.0314462294077875,0.0874384182068839,0.043719209103442,0.145239524831644,0.24630577122832,0.608454703940036,0.0328422523941844,0.0826145403034691,0.0413072701517345,0.17174205276043,0.215127948985538,0.613129998254032,0.0277120625738738,0.0760869565217391,0.0380434782608696,0.168478260869565,0.206521739130435,0.625,0.0260218051423905,0.0709570524903332,0.0354785262451666,0.165913308853862,0.208117095619993,0.625969595526145,30,3,7,20,31,12,4,15,19,3,6,10,17,3,1,13,16,0,1,15,22,2,8,12,23,4,5,14,26,4,6,16
208,5,0.130434782608696,0.217391304347826,0.652173913043478,0.0123487531897172,0.0326286672922773,0.0163143336461387,0.133195705712966,0.201076970701687,0.665727323585347,0.0147745377751294,0.038759637429781,0.0193798187148905,0.127508557131842,0.200937711109789,0.671553731758369,0.00646902993172389,0.0171064087604677,0.00855320438023385,0.13898798698893,0.21592620415998,0.645085808851091,0.0038591919887821,0.0104872187022067,0.00524360935110335,0.135678391959799,0.21608040201005,0.648241206030151,0.00383849958438067,0.0101600064118466,0.00508000320592328,0.135514785814619,0.213194108079234,0.651291106106147,22,3,3,16,29,2,7,20,15,0,2,13,16,1,1,14,27,3,7,17,24,8,3,13,35,2,17,16,31,8,3,20
209,1,0.0869565217391304,0.260869565217391,0.652173913043478,0.0157281224684273,0.0436203927763027,0.0218101963881514,0.065146325350979,0.2755558344874,0.659297840161621,0.00771317370702499,0.0216509635883765,0.0108254817941882,0.0803834873899792,0.27169504701158,0.647921465598441,0.0164039344652865,0.0424977565763019,0.0212488782881509,0.0682699812849973,0.282118443505542,0.64961157520946,0.0119732998990195,0.0330679730557257,0.0165339865278628,0.0704225352112676,0.272300469483568,0.657276995305164,0.0161087341157389,0.0447663012314244,0.0223831506157122,0.0645733711234182,0.275733047196598,0.659693581679983,32,0,6,26,23,2,5,16,33,0,14,19,24,4,7,13,30,2,9,19,20,0,7,13,28,6,4,18,23,1,6,16
209,2,0.0869565217391304,0.260869565217391,0.652173913043478,0.0445951618669819,0.1254586453818,0.0627293226909,0.123966247209032,0.28658916243839,0.589444590352578,0.124830319315951,0.308700802383082,0.154350401191541,0.083982926043734,0.415219966408932,0.500797107547334,0.0419005386279905,0.117837258799682,0.0589186293998409,0.110945092595044,0.295799623761319,0.593255283643637,0.0580526930809765,0.150501672240803,0.0752508361204014,0.0961538461538462,0.326923076923077,0.576923076923077,0.0482941502763011,0.136051793209531,0.0680258966047653,0.126246350720784,0.289605632840503,0.584148016438713,14,1,2,11,29,2,4,23,25,1,11,13,31,2,17,12,26,5,0,21,29,2,14,13,31,7,4,20,23,0,16,7
209,3,0.0869565217391304,0.260869565217391,0.652173913043478,0.0315771481070838,0.0850636187749499,0.0425318093874749,0.0539025588280408,0.303401374604866,0.642696066567093,0.0444310262807339,0.120154360301112,0.0600771801505562,0.040973545084021,0.320946745367948,0.638079709548032,0.0288199118360345,0.0748583119134719,0.0374291559567359,0.0495273657823945,0.29355463676721,0.656917997450395,0.033010973126114,0.0846273291925466,0.0423136645962733,0.0446428571428571,0.299107142857143,0.65625,0.0283460336671019,0.0725688076933513,0.0362844038466757,0.0506721178924548,0.29377076321442,0.655557118893125,29,0,11,18,35,1,4,30,25,1,6,18,31,0,12,19,30,1,12,17,31,2,2,27,20,5,7,8,23,0,13,10
209,4,0.0869565217391304,0.260869565217391,0.652173913043478,0.255993068589213,0.695652173913043,0.347826086956522,1.15371997505488e-60,6.47069118536293e-62,1,0.0830525614907937,0.234102923917974,0.117051461958987,0.153897025158862,0.310980523756647,0.535122451084491,0.08756112193022,0.243828423360759,0.12191421168038,0.129122170656506,0.340618127980395,0.530259701363099,0.085010924998782,0.235040895393887,0.117520447696944,0.123762376237624,0.341584158415842,0.534653465346535,0.0848160929688208,0.235357344059232,0.117678672029616,0.125684864447962,0.339819894538176,0.534495241013862,30,4,9,17,27,4,11,12,20,4,3,13,27,6,7,14,24,0,7,17,18,0,11,7,32,5,17,10,24,2,4,18
209,5,0.0869565217391304,0.260869565217391,0.652173913043478,0.030706301029313,0.0868003792489523,0.0434001896244762,0.0639785224806142,0.240447374851431,0.695574102667954,0.0657214902730255,0.181552744537501,0.0907763722687505,0.0588515385444598,0.198198176143312,0.742950285312229,0.0300509373197429,0.0841999219158316,0.0420999609579158,0.0608782994005208,0.244847826598085,0.694273874001394,0.0329266378481875,0.0840016884761503,0.0420008442380752,0.0485436893203883,0.257281553398058,0.694174757281553,0.0279996137890311,0.0786039118672667,0.0393019559336334,0.0631240663605124,0.245400064662376,0.691475868977112,28,2,3,23,34,0,8,26,25,1,6,18,24,2,4,18,31,3,12,16,17,2,0,15,24,0,16,8,23,0,4,19
210,1,0.0434782608695652,0.304347826086957,0.652173913043478,0.0289304668493453,0.0721074814130183,0.0360537407065091,0.078254868653074,0.305624959009957,0.616120172336969,0.0458221893263961,0.119302167794983,0.0596510838974916,0.0952314268206271,0.312245744033386,0.592522829145987,0.0311310892179468,0.0812494295538537,0.0406247147769268,0.0841029756464921,0.298730416327309,0.617166608026198,0.0303427692250195,0.0832562442183164,0.0416281221091582,0.0851063829787234,0.292553191489362,0.622340425531915,0.0273098338303981,0.0742887382170778,0.0371443691085389,0.0806226299781041,0.294938742449538,0.624438627572357,17,3,4,10,24,2,9,13,25,0,5,20,15,0,9,6,22,1,10,11,30,7,6,17,33,3,5,25,22,0,7,15
210,2,0.0434782608695652,0.304347826086957,0.652173913043478,0.0132689945879283,0.0375119239285159,0.0187559619642579,0.0335906288713584,0.323103788051214,0.643305583077427,0.0131888635526876,0.0330235511196842,0.0165117755598421,0.0442214837685555,0.287836050527114,0.66794246570433,0.00934851756215873,0.0247018278067286,0.0123509139033643,0.0311273469662009,0.306438755498182,0.662433897535617,0.0119941620480446,0.0319106501794974,0.0159553250897487,0.0275229357798165,0.307339449541284,0.665137614678899,0.00764362083531276,0.0213592339429716,0.0106796169714858,0.0327986438980794,0.308239620340102,0.658961735761819,23,0,12,11,20,0,15,5,26,0,3,23,27,3,9,15,36,0,6,30,26,1,6,19,29,0,8,21,31,2,8,21
210,3,0.0434782608695652,0.304347826086957,0.652173913043478,0.0375856526026665,0.106163872872956,0.0530819364364779,0.0724177579010125,0.328490265491987,0.599091976607,0.0326602984081422,0.0919661275670665,0.0459830637835333,0.0627000418447624,0.258364762303423,0.678935195851814,0.0203644095796833,0.0506803573179618,0.0253401786589809,0.0688184395285461,0.303529752427463,0.627651808043991,0.0103973513422332,0.0293478260869566,0.0146739130434783,0.05,0.3125,0.6375,0.0233238713299486,0.0575944703262733,0.0287972351631367,0.0718068424117205,0.304816479707938,0.623376677880342,30,3,3,24,16,2,4,10,14,0,10,4,19,1,5,13,29,1,7,21,17,1,13,3,19,0,2,17,16,0,6,10
210,4,0.0434782608695652,0.304347826086957,0.652173913043478,0.0274700315366664,0.074729062511423,0.0373645312557115,0.0713704560285787,0.266983294831245,0.661646249140176,0.0585593236755272,0.150465898438447,0.0752329492192233,0.0511148405854975,0.371944195590248,0.576940963824255,0.0136581144120668,0.037607185910981,0.0188035929554904,0.0490545112538966,0.285544233131466,0.665401255614637,0.00750342852907423,0.0194264569842739,0.00971322849213691,0.0531914893617021,0.303191489361702,0.643617021276596,0.0206338065847772,0.0532397348567805,0.0266198674283902,0.0700981282979554,0.280685696719752,0.649216174982293,27,1,18,8,22,7,7,8,18,0,0,18,27,1,5,21,19,0,0,19,26,0,7,19,28,0,11,17,21,1,9,11
210,5,0.0434782608695652,0.304347826086957,0.652173913043478,0.0784286135962113,0.200143909406305,0.100071954703153,0.0348641866291856,0.212889945624184,0.752245867746631,0.0670882055366924,0.179903194025213,0.0899515970126066,0.0246323997792114,0.233242090164704,0.742125510056085,0.0714616096611417,0.182940685601916,0.0914703428009579,0.0349590104431601,0.221396733712404,0.743644255844436,0.0795720798512655,0.196635350666375,0.0983176753331877,0.0452261306532663,0.206030150753769,0.748743718592965,0.0772298499327677,0.199066843584246,0.0995334217921231,0.0326537897745244,0.215638875389874,0.751707334835601,24,2,7,15,22,0,4,18,29,1,6,22,22,0,6,16,32,0,8,24,30,0,7,23,20,6,2,12,20,0,1,19
211,1,0.260869565217391,0.0434782608695652,0.695652173913043,0.0557307516834013,0.150374278371396,0.075187139185698,0.202805392296886,0.026355294604373,0.770839313098741,0.0812787892069564,0.221186621008177,0.110593310504088,0.178439865236954,0.015314650345914,0.806245484417132,0.0695797495925177,0.187078033161945,0.0935390165809727,0.187645348218726,0.0231634612872576,0.789191190494016,0.0620542869761879,0.158102766798419,0.0790513833992095,0.181818181818182,0.05,0.768181818181818,0.0572769168684384,0.154014526573881,0.0770072632869405,0.200608662152098,0.0267319006479181,0.772659437199984,31,1,1,29,28,2,0,26,29,3,10,16,21,3,0,18,28,5,0,23,30,9,0,21,24,11,0,13,29,6,0,23
211,2,0.260869565217391,0.0434782608695652,0.695652173913043,0.0558726488366662,0.143799171602268,0.0718995858011341,0.196539030549613,0.0359092097362095,0.767551759714178,0.0682333046775473,0.174408829434374,0.087204414717187,0.181487218937838,0.035656192431931,0.78285658863023,0.0464993976134443,0.117018782077217,0.0585093910386086,0.202360174178783,0.0467372002383328,0.750902625582885,0.0555398366778232,0.147911338448423,0.0739556692242115,0.200980392156863,0.0294117647058824,0.769607843137255,0.0560178466470315,0.14396677206877,0.0719833860343848,0.196228390255074,0.0361360497974982,0.767635559947428,14,4,0,10,26,2,0,24,19,5,1,13,33,3,1,29,24,4,0,20,23,2,1,20,35,7,2,26,30,14,1,15
211,3,0.260869565217391,0.0434782608695652,0.695652173913043,0.0186681300782434,0.0515571970213531,0.0257785985106765,0.243046047174207,0.035523180402073,0.72143077242372,0.0214190250618516,0.0605817851877813,0.0302908925938906,0.245815340076868,0.0282415934161978,0.725943066506934,0.0204073348151137,0.0572327418816718,0.0286163709408359,0.243318471019212,0.0324129841269082,0.724268544853879,0.0197766261299244,0.055504162812211,0.0277520814061055,0.25,0.0265957446808511,0.723404255319149,0.0164686043397695,0.0460949597895675,0.0230474798947837,0.246441923373504,0.0348584228186683,0.718699653807827,28,4,0,24,17,2,0,15,18,5,1,12,31,6,0,25,25,17,0,8,22,1,3,18,21,3,0,18,26,9,1,16
211,4,0.260869565217391,0.0434782608695652,0.695652173913043,0.0256284688837521,0.0663627507519322,0.0331813753759661,0.231650541451065,0.039515909259926,0.72883354928901,0.0164509323678337,0.0424686814932937,0.0212343407466468,0.239635224470744,0.0623281005213199,0.698036675007936,0.0145714155840838,0.0357243833106198,0.0178621916553099,0.243007373562081,0.0435101539161923,0.713482472521726,0.0254989951545659,0.0636385717755648,0.0318192858877824,0.229050279329609,0.0446927374301676,0.726256983240223,0.0248611544826798,0.063292051928862,0.031646025964431,0.23177959011827,0.0409222100042559,0.727298199877474,26,4,0,22,24,7,2,15,20,8,0,12,33,7,4,22,16,2,2,12,18,4,0,14,20,2,0,18,22,7,0,15
211,5,0.260869565217391,0.0434782608695652,0.695652173913043,0.0162120968993257,0.0454039387985202,0.0227019693992601,0.252295911584808,0.0661802302688253,0.681523858146367,0.023500748075344,0.0643742126369224,0.0321871063184612,0.251946812591172,0.0756653671880264,0.672387820220802,0.0236441038345769,0.0642395820492318,0.032119791024616,0.252859808685973,0.0755980518941812,0.671542139419846,0.0119970181839367,0.0339225991399904,0.0169612995699952,0.252747252747253,0.0604395604395604,0.686813186813187,0.0148589671004171,0.0420167657027188,0.0210083828513594,0.249953982961783,0.0644866437209246,0.685559373317292,17,4,2,11,25,11,1,13,24,5,1,18,24,1,0,23,17,6,3,8,29,4,3,22,23,9,0,14,23,6,1,16
212,1,0.217391304347826,0.0869565217391304,0.695652173913043,0.0256179716321589,0.0698231991089111,0.0349115995544555,0.243231963589061,0.0520449221846749,0.704723114226264,0.0417555657965241,0.112361549384793,0.0561807746923964,0.273572079040223,0.0746167321182066,0.651811188841571,0.023874093071124,0.0623911740391914,0.0311955870195957,0.244173238094144,0.0557609347195347,0.700065827186321,0.0269857483853251,0.0708202599731062,0.0354101299865531,0.247422680412371,0.0515463917525773,0.701030927835051,0.0243555317720696,0.0648547628192313,0.0324273814096157,0.243661664135234,0.0545291403295147,0.701809195535251,23,4,2,17,14,6,0,8,21,0,0,21,30,8,3,19,25,11,0,14,25,6,1,18,30,10,4,16,26,3,0,23
212,2,0.217391304347826,0.0869565217391304,0.695652173913043,0.0197996434913058,0.0552377826025432,0.0276188913012717,0.199589809594208,0.114575413040402,0.68583477736539,0.0725360753755749,0.189723451224569,0.0948617256122843,0.122529578735542,0.100576689392239,0.77689373187222,0.0164606896831861,0.0451064011322372,0.0225532005661186,0.194838103781707,0.103227750680813,0.701934145537479,0.002800568818475,0.00724637681159419,0.0036231884057971,0.220588235294118,0.0833333333333333,0.696078431372549,0.0195936063729652,0.0549800979258773,0.0274900489629387,0.200631811080737,0.114446570702069,0.684921618217194,27,3,4,20,22,4,1,17,27,12,4,11,28,1,2,25,31,2,1,28,27,19,0,8,25,2,3,20,17,2,2,13
212,3,0.217391304347826,0.0869565217391304,0.695652173913043,0.001742591620165,0.00457744022713084,0.00228872011356537,0.215102584234261,0.0888922467643852,0.696005169001354,0.0444206738905933,0.122277833915544,0.061138916957772,0.260463523652412,0.105023219392317,0.634513256955271,0.0126334808293368,0.0352810692893601,0.0176405346446801,0.223758836485681,0.098229524245956,0.678011639268363,0.00382306091404286,0.0107023411371237,0.00535117056856188,0.215384615384615,0.0923076923076923,0.692307692307692,0.00327043470906338,0.00876123275137383,0.00438061637568693,0.21648601168758,0.0913371381148174,0.692176850197602,23,4,0,19,27,8,1,18,21,6,1,14,20,1,2,17,31,10,4,17,17,2,0,15,36,5,6,25,20,6,4,10
212,4,0.217391304347826,0.0869565217391304,0.695652173913043,0.0564945021317051,0.143694801854928,0.0718474009274642,0.151203658476398,0.0812967666830944,0.767499574840508,0.0530114337226556,0.148151153324429,0.0740755766622146,0.170357273491773,0.0599149759329686,0.769727750575258,0.0551627885801536,0.137225451219126,0.0686127256095632,0.148778578738263,0.089112919081595,0.762108502180142,0.0552219909806191,0.135265700483092,0.0676328502415459,0.14975845410628,0.0869565217391304,0.763285024154589,0.0579836574604819,0.142496874190602,0.0712484370953009,0.146611688528214,0.0864877004634416,0.766900611008344,21,4,1,16,17,3,0,14,32,6,1,25,24,10,1,13,36,2,6,28,21,2,0,19,25,4,2,19,31,0,7,24
212,5,0.217391304347826,0.0869565217391304,0.695652173913043,0.0419142206679125,0.114850850565048,0.0574254252825238,0.17595289959813,0.0709695012063023,0.753077599195567,0.0217718616721266,0.0603995610382586,0.0301997805191293,0.207487651520542,0.11715630225826,0.675356046221198,0.0411410813673114,0.112537904430262,0.056268952215131,0.176441344380254,0.0716375294915713,0.751921126128174,0.0409364107675514,0.106183089359843,0.0530915446799214,0.170854271356784,0.0804020100502513,0.748743718592965,0.0409214897610896,0.111935441443615,0.0559677207218076,0.176657417935782,0.071722687429367,0.751619894634851,27,2,0,25,27,6,3,18,22,2,5,15,24,0,0,24,19,4,0,15,26,5,5,16,31,7,3,21,23,8,0,15
213,1,0.173913043478261,0.130434782608696,0.695652173913043,0.0553436833947029,0.151270290899853,0.0756351454499266,0.153527582418727,0.206069928058622,0.640402489522651,0.0480263646446999,0.125310655657686,0.062655327828843,0.18253542227063,0.184467731645169,0.6329968460842,0.0417727543354436,0.118133820529191,0.0590669102645957,0.143502324987768,0.189501692873291,0.666995982138941,0.0367626112949248,0.102766798418972,0.0513833992094862,0.155080213903743,0.181818181818182,0.663101604278075,0.0475539099667247,0.133873618626101,0.0669368093130507,0.146071289595175,0.197371591921746,0.656557118483078,26,0,3,23,18,2,3,13,19,5,9,5,26,4,3,19,27,9,4,14,22,2,9,11,18,7,1,10,31,0,2,29
213,2,0.173913043478261,0.130434782608696,0.695652173913043,0.0511155565270146,0.133291639305146,0.0666458196525729,0.164837839125425,0.072864167308959,0.762297993565616,0.0499933319942299,0.141364068461573,0.0706820342307866,0.13999939932617,0.0936663925300002,0.76633420814383,0.0479523191282014,0.123792660244163,0.0618963301220817,0.166960098831357,0.0754913971335179,0.757548504035125,0.0533592319670882,0.135265700483092,0.0676328502415459,0.169082125603865,0.0676328502415459,0.763285024154589,0.0531715849633032,0.139236750044821,0.0696183750224106,0.163716608062136,0.0710128430024097,0.765270548935454,28,10,0,18,23,2,4,17,20,6,1,13,29,2,4,23,29,1,0,28,21,1,3,17,31,5,1,25,26,8,1,17
213,3,0.173913043478261,0.130434782608696,0.695652173913043,0.0168295362989807,0.0473935381456784,0.0236967690728391,0.187684261780107,0.140360333379689,0.671955404840204,0.0381187982936645,0.105390693500182,0.0526953467500912,0.157412425409009,0.183130129358787,0.659457445232204,0.0108166207669521,0.0305425080962716,0.0152712540481358,0.182317128095213,0.137301952039879,0.680380919864908,0.0215911633475498,0.0579710144927537,0.0289855072463768,0.19672131147541,0.136612021857924,0.666666666666667,0.0275283988146007,0.0773402293437966,0.0386701146718983,0.197144995140496,0.145872945618359,0.656982059241145,24,12,5,7,16,2,5,9,17,0,0,17,28,13,6,9,22,3,0,19,17,1,0,16,33,4,5,24,26,1,4,21
213,4,0.173913043478261,0.130434782608696,0.695652173913043,0.0447339613859022,0.123255371757594,0.061627685878797,0.130721308883523,0.111998831324637,0.75727985979184,0.04277589148939,0.116338998153036,0.0581694990765179,0.15921222149677,0.0869661055136689,0.753821672989561,0.0320539071947428,0.0875446365365749,0.0437723182682874,0.141820633086256,0.118754874732413,0.739424492181331,0.0373466403633225,0.102948525737131,0.0514742628685657,0.137931034482759,0.114942528735632,0.747126436781609,0.0394961997673481,0.109442592534394,0.0547212962671969,0.136851390488378,0.112775139331381,0.75037347018024,24,1,6,17,24,4,1,19,28,9,2,17,24,5,1,18,23,3,1,19,13,1,2,10,23,1,7,15,15,0,0,15
213,5,0.173913043478261,0.130434782608696,0.695652173913043,0.0214582014794664,0.0597586554680969,0.0298793277340485,0.154379802930582,0.160314110342744,0.685306086726674,0.0856679047875524,0.225950651154353,0.112975325577176,0.1925072144235,0.224815937240633,0.582676848335867,0.024334161474804,0.0688272996518486,0.0344136498259243,0.156757709018293,0.16484843243462,0.678393858547087,0.0358638013512652,0.0970251716247139,0.048512585812357,0.136842105263158,0.178947368421053,0.684210526315789,0.0242451907454316,0.0677815657657016,0.0338907828828508,0.152461540840455,0.164325565491546,0.683212893667998,20,3,1,16,25,4,8,13,21,2,2,17,22,2,0,20,23,5,7,11,22,6,4,12,29,1,11,17,28,3,1,24
214,1,0.130434782608696,0.173913043478261,0.695652173913043,0.0293123756181822,0.0829048855585207,0.0414524427792604,0.0889823398294353,0.194946327233237,0.716071332937328,0.027844582716487,0.0787272570222686,0.0393636285111343,0.111680191525291,0.153304006050531,0.735015802424178,0.0270009251003866,0.0714008525085532,0.0357004262542766,0.094734356354419,0.203497165091588,0.701768478553993,0.0273277983067265,0.0772946859903381,0.0386473429951691,0.0917874396135266,0.193236714975845,0.714975845410628,0.0292045653461002,0.0826028607716625,0.0413014303858312,0.0891333522228644,0.194501777664348,0.716364870112788,25,6,5,14,28,0,8,20,24,2,3,19,24,1,9,14,24,2,3,19,29,4,4,21,26,0,6,20,27,4,2,21
214,2,0.130434782608696,0.173913043478261,0.695652173913043,0.0826395933394561,0.222013238004569,0.111006619002284,0.106587459653976,0.0867537474306964,0.806658792915328,0.0635320265932784,0.166832677654193,0.0834163388270963,0.143233378917719,0.0904967046511646,0.766269916431116,0.0911313580053183,0.246824385292966,0.123412192646483,0.100891703051311,0.0800439303891626,0.819064366559526,0.081253056268968,0.223045427958666,0.111522713979333,0.0986547085201794,0.0941704035874439,0.807174887892377,0.083941234203026,0.22492078315446,0.11246039157723,0.107124055892545,0.0847633786171815,0.808112565490274,25,1,11,13,27,0,2,25,32,0,0,32,30,6,3,21,33,5,3,25,28,6,0,22,24,2,2,20,24,2,0,22
214,3,0.130434782608696,0.173913043478261,0.695652173913043,0.0752222744422722,0.212418983945455,0.106209491972727,0.188759080259153,0.221798237800531,0.589442681940316,0.118660895387946,0.317277377979116,0.158638688989558,0.257145443904753,0.205841071171762,0.537013484923485,0.0776776743729103,0.216650169055138,0.108325084527569,0.200408355532974,0.212264555081552,0.587327089385474,0.0890818177764076,0.25,0.125,0.206521739130435,0.222826086956522,0.570652173913043,0.0877651133148057,0.245533554150254,0.122766777075127,0.207639407118223,0.219475196043861,0.572885396837916,30,10,6,14,22,1,2,19,25,4,15,6,31,15,3,13,17,1,2,14,24,5,5,14,15,0,8,7,20,2,0,18
214,4,0.130434782608696,0.173913043478261,0.695652173913043,0.0605539490663674,0.16915185899609,0.0845759294980448,0.161088520548228,0.227835235036773,0.611076244414999,0.136931062400533,0.387296292539322,0.193648146269661,0.226573027812426,0.271422944544192,0.502004027643382,0.0557942939759408,0.155066649193996,0.0775333245969978,0.156515131687311,0.225366018996643,0.618118849316046,0.0516483283494645,0.146021328958162,0.0730106644790812,0.165094339622642,0.212264150943396,0.622641509433962,0.0576759057529598,0.160232939441172,0.0801164697205857,0.157234864646317,0.227229431161225,0.615535704192458,26,1,3,22,26,6,5,15,21,8,7,6,28,1,7,20,31,6,11,14,28,0,3,25,26,8,7,11,26,5,2,19
214,5,0.130434782608696,0.173913043478261,0.695652173913043,0.0118916718384007,0.0331692731488866,0.0165846365744433,0.147019419183139,0.163206152570772,0.689774428246089,0.03705604260775,0.10282322846186,0.0514116142309298,0.147345143047123,0.122501429247331,0.730153427705546,0.0226636600152498,0.0577406736470653,0.0288703368235326,0.13281424835732,0.145042706654728,0.722143044987952,0.0113295184557438,0.0320366132723112,0.0160183066361556,0.138755980861244,0.157894736842105,0.703349282296651,0.0154964013481027,0.0437691297906873,0.0218845648953437,0.152319347504039,0.163974278154676,0.683706374341285,31,0,4,27,31,4,3,24,24,6,2,16,14,0,3,11,29,1,6,22,20,1,0,19,28,9,15,4,32,8,0,24
215,1,0.0869565217391304,0.217391304347826,0.695652173913043,0.0648230121623332,0.175513248505742,0.0877566242528711,0.020119212824893,0.305147928600697,0.67473285857441,0.109922420405955,0.310907431194396,0.155453715597198,0.00935004718045913,0.372845019945024,0.617804932874517,0.0666392863735243,0.182333841701974,0.0911669208509872,0.0206936962491276,0.308558225198813,0.670748078552059,0.0678816730695833,0.185907046476762,0.0929535232383808,0.0197044334975369,0.310344827586207,0.669950738916256,0.0664628206759878,0.180483136768036,0.0902415683840181,0.0190694400877801,0.307632872731844,0.673297687180376,26,0,11,15,26,2,1,23,23,0,7,16,18,0,3,15,34,0,12,22,22,0,11,11,35,0,12,23,19,2,6,11
215,2,0.0869565217391304,0.217391304347826,0.695652173913043,0.0398900266824136,0.112801162930464,0.0564005814652321,0.0597819750648875,0.188165269556837,0.752052755378276,0.0178325560813369,0.0445998400091725,0.0222999200045862,0.0860063294024673,0.196041576679903,0.71795209391763,0.0282928103596912,0.0799626740757989,0.0399813370378994,0.0656078423326729,0.198758646716384,0.735633510950943,0.0401861295777628,0.113646147223418,0.056823073611709,0.0594059405940594,0.188118811881188,0.752475247524752,0.03948648184584,0.111684357531053,0.0558421787655267,0.0591434873516072,0.189362159969823,0.75149435267857,25,0,3,22,21,3,6,12,25,0,5,20,26,1,3,22,19,2,3,14,31,2,12,17,28,4,3,21,27,0,3,24
215,3,0.0869565217391304,0.217391304347826,0.695652173913043,0.0523568113369342,0.146225939973954,0.0731129699869768,0.113377733928222,0.144278334360849,0.742343931710929,0.0791975530637063,0.213675496879937,0.106837748439969,0.111260962285654,0.110553555907858,0.778185481806489,0.043324074978188,0.122505268093891,0.0612526340469454,0.118827557930419,0.156138670300881,0.7250337717687,0.04714773957917,0.133058470764618,0.0665292353823088,0.116379310344828,0.150862068965517,0.732758620689655,0.0466095668151602,0.131440043095139,0.0657200215475696,0.115419186280747,0.151671282800257,0.732909530918997,23,2,1,20,25,7,3,15,48,7,14,27,27,6,2,19,23,0,7,16,30,3,3,24,27,1,3,23,29,1,2,26
215,4,0.0869565217391304,0.217391304347826,0.695652173913043,0.0123068985161408,0.033767939484244,0.016883969742122,0.103840491481252,0.205290316751949,0.690869191766799,0.0186774463260958,0.0467594089076121,0.0233797044538061,0.109291211524014,0.19401159989402,0.696697188581966,0.0141953700777432,0.0393315415683278,0.0196657707841639,0.106622292523294,0.204064725771637,0.689312981705068,0.017528300167793,0.0470814316598606,0.0235407158299303,0.110497237569061,0.198895027624309,0.69060773480663,0.0137582203666023,0.0354356290662387,0.0177178145331194,0.10467433627225,0.201568760990008,0.693756902737742,26,8,2,16,22,5,6,11,27,2,2,23,21,0,7,14,23,0,4,19,24,1,5,18,18,3,1,14,20,1,9,10
215,5,0.0869565217391304,0.217391304347826,0.695652173913043,0.0820179928475372,0.223620246439524,0.111810123219762,0.116135210881088,0.300022738425631,0.583842050693281,0.116338918244442,0.329032542268499,0.164516271134249,0.17092148081557,0.297942616405636,0.531135902778794,0.0837816500779831,0.226721890809594,0.113360945404797,0.113787046746727,0.303921724745026,0.582291228508247,0.0895984847091696,0.240766713417485,0.120383356708742,0.112903225806452,0.311827956989247,0.575268817204301,0.0847245161861719,0.230028169464,0.115014084732,0.115374292897061,0.303987617921895,0.580638089181044,23,2,1,20,27,2,15,10,28,1,8,19,27,6,9,12,21,0,12,9,20,5,5,10,21,5,2,14,19,0,6,13
216,1,0.0434782608695652,0.260869565217391,0.695652173913043,0.0589016007975427,0.149815054834487,0.0749075274172433,0.0493766032223274,0.329878750281872,0.6207446464958,0.0200663064594167,0.0503732201132112,0.0251866100566056,0.0422079849314492,0.286056175273997,0.671735839794554,0.03346362559224,0.090548665043555,0.0452743325217775,0.0327741356166117,0.306143897739169,0.661081966644219,0.0441238026238178,0.121825226000861,0.0609126130004305,0.0247524752475248,0.321782178217822,0.653465346534653,0.049799177752656,0.125998042817066,0.0629990214085329,0.0477146163375725,0.319632231157917,0.632653152504511,27,0,11,16,22,2,6,14,22,1,4,17,29,0,6,23,19,0,17,2,30,2,17,11,25,0,3,22,28,0,1,27
216,2,0.0434782608695652,0.260869565217391,0.695652173913043,0.101924638088665,0.262720236846865,0.131360118423433,0.0291921433250748,0.392229683640824,0.578578173034101,0.083922025147485,0.223358328491407,0.111679164245703,0.0224263584957071,0.372548729463095,0.605024912041198,0.103281552769394,0.267383451760794,0.133691725880397,0.0275785512387791,0.394561291097788,0.577860157663432,0.107510892045429,0.270092226613966,0.135046113306983,0.0505050505050505,0.388888888888889,0.560606060606061,0.104836441781051,0.269945425460353,0.134972712730177,0.0291218809929009,0.395842277947568,0.575035841059531,34,0,19,15,25,0,9,16,33,0,15,18,20,2,5,13,17,0,12,5,23,0,9,14,28,8,4,16,18,0,4,14
216,3,0.0434782608695652,0.260869565217391,0.695652173913043,0.036816518708327,0.0965250467568096,0.0482625233784049,0.0362653531949406,0.219819949513611,0.743914697291448,0.00883205676056817,0.0226779848320955,0.0113389924160477,0.0321392684535176,0.262002732714392,0.705857998832091,0.0435190271435502,0.112036860286295,0.0560184301431477,0.0375441493878855,0.210785246555923,0.751670604056191,0.0417066352442367,0.111398354876616,0.0556991774383079,0.0324324324324324,0.216216216216216,0.751351351351351,0.0440137170729476,0.113617497790989,0.0568087488954946,0.0371053519328251,0.210433725258637,0.752460922808538,24,0,8,16,26,2,4,20,25,0,7,18,21,0,0,21,23,0,8,15,14,1,7,6,21,0,4,17,31,3,2,26
216,4,0.0434782608695652,0.260869565217391,0.695652173913043,0.0505313533390197,0.130160880092215,0.0650804400461075,0.0365022491847926,0.325950005263499,0.637547745551709,0.0389252687040733,0.0970132745200866,0.0485066372600433,0.0417658921267688,0.309376202477435,0.648857905395797,0.0569794676395891,0.140870165900008,0.0704350829500038,0.0421600396842982,0.331304648167395,0.626535312148307,0.0516622334987864,0.132638749749549,0.0663193748747746,0.0368663594470046,0.327188940092166,0.63594470046083,0.0514576015722319,0.133037722647287,0.0665188613236435,0.0357777416772145,0.327388426541035,0.636833831781751,28,0,12,16,19,0,7,12,24,0,6,18,21,2,4,15,39,2,11,26,28,1,11,16,37,0,16,21,21,3,4,14
216,5,0.0434782608695652,0.260869565217391,0.695652173913043,0.0405201615151086,0.114471501438991,0.0572357507194956,0.0745203605377372,0.287063216268715,0.638416423193548,0.12186966659886,0.331488393023626,0.165744196511813,0.0854239685276447,0.384668054071125,0.52990797740123,0.0244441733616187,0.0690714235580732,0.0345357117790366,0.0620651603276529,0.27681837753834,0.661116462134007,0.0409475245685408,0.115794143744454,0.0578970718722271,0.0714285714285714,0.290816326530612,0.637755102040816,0.0386138499604796,0.108137356289556,0.054068678144778,0.0771441643058842,0.28127233992585,0.641583495768265,28,8,2,18,31,4,14,13,21,0,7,14,24,0,0,24,19,1,14,4,25,0,5,20,23,1,5,17,25,0,10,15
217,1,0.217391304347826,0.0434782608695652,0.739130434782609,0.0349832202137557,0.0934129325380654,0.0467064662690326,0.170684838078793,0.080960119247925,0.748355042673282,0.0241183773287406,0.0681169774836054,0.0340584887418027,0.198762467552075,0.0775367496113679,0.723700782836557,0.0362344240214708,0.09292474420323,0.046462372101615,0.170928932246211,0.0854267172948134,0.743644350458975,0.0341798254976583,0.0906965871902759,0.0453482935951379,0.172043010752688,0.0806451612903226,0.747311827956989,0.03644263896717,0.0979833547258824,0.0489916773629412,0.168399626984885,0.0818290829220601,0.749771290093055,17,0,4,13,30,5,3,22,26,6,1,19,15,2,0,13,36,1,3,32,15,3,0,12,26,8,4,14,21,7,0,14
217,2,0.217391304347826,0.0434782608695652,0.739130434782609,0.0638976108363599,0.160118730980992,0.0800593654904959,0.13733193885733,0.0472142733149283,0.815453787827741,0.0590171997061574,0.153148330952359,0.0765741654761797,0.140817138871646,0.0530104713604223,0.806172389767931,0.0558191435631749,0.151904825945559,0.0759524129727794,0.141438891375047,0.0628241585850632,0.79573695003989,0.0638933092968797,0.160104497107669,0.0800522485538347,0.137339055793991,0.0472103004291846,0.815450643776824,0.06389614206247,0.160116591999689,0.0800582959998445,0.137333008347982,0.047215848047418,0.815451143604601,37,7,2,28,30,3,1,26,22,3,0,19,25,0,2,23,33,4,2,27,24,1,2,21,26,6,2,18,36,8,0,28
217,3,0.217391304347826,0.0434782608695652,0.739130434782609,0.0216004964181659,0.0598682804533437,0.0299341402266718,0.227082712897504,0.0637209925465589,0.709196294555937,0.0349326860178309,0.0984688506734178,0.0492344253367089,0.23848469097712,0.0716192995769804,0.6898960094459,0.0245257917725475,0.0677054558314,0.0338527279157,0.227778073317856,0.0669442198152355,0.705277706866909,0.02087195071951,0.0579710144927535,0.0289855072463767,0.227053140096618,0.0628019323671498,0.710144927536232,0.0211877749245669,0.0580550696409802,0.02902753482049,0.22546811781501,0.0644289822228712,0.710102899962119,19,4,1,14,29,10,3,16,24,13,0,11,35,6,3,26,24,2,5,17,27,4,0,23,26,2,0,24,23,6,1,16
217,4,0.217391304347826,0.0434782608695652,0.739130434782609,0.0884767096901606,0.24203983640031,0.121019918200155,0.305429917347364,0.076459566070182,0.618110516582454,0.0361403276569503,0.10212396934072,0.0510619846703599,0.24484329014227,0.0670882597454816,0.688068450112249,0.077490292064395,0.209130236094732,0.104565118047366,0.298076682107388,0.0673580011573694,0.634565316735243,0.0769720541561963,0.192546583850932,0.0962732919254657,0.30952380952381,0.0476190476190476,0.642857142857143,0.0833723897899729,0.227615906779439,0.113807953389719,0.300983206737077,0.0736943118700333,0.625322481392889,21,3,0,18,17,2,2,13,27,9,2,16,26,16,0,10,13,1,0,12,23,7,1,15,29,4,2,23,12,10,1,1
217,5,0.217391304347826,0.0434782608695652,0.739130434782609,0.0116296438810998,0.0305474496719368,0.0152737248359684,0.219745371821073,0.0282045360335968,0.75205009214533,0.0229671773986433,0.0645745444154312,0.0322872722077157,0.204311309301563,0.0242709837081126,0.771417706990324,0.00976245236781096,0.024061178926046,0.0120305894630229,0.229272338779479,0.0314476714065423,0.739279989813979,0.00895826920324041,0.0221417069243157,0.0110708534621578,0.217592592592593,0.0324074074074074,0.75,0.0115524505074573,0.0311118626303957,0.0155559313151979,0.220845103059236,0.0279223295543673,0.751232567386396,24,4,0,20,28,6,1,21,26,2,2,22,27,4,0,23,28,9,0,19,26,6,4,16,29,10,0,19,28,6,0,22
218,1,0.173913043478261,0.0869565217391304,0.739130434782609,0.0519227240053399,0.13127763460519,0.0656388173025949,0.169600005159566,0.0256307427552306,0.804769252085204,0.0498060233467359,0.134586130379432,0.0672930651897158,0.158285736045793,0.0352907639818828,0.806423499972324,0.0429386267056615,0.109121098929012,0.0545605494645058,0.178107644587017,0.0323959722746247,0.789496383138359,0.0508256720606275,0.125800044140366,0.0629000220701832,0.17258883248731,0.0253807106598985,0.802030456852792,0.0508251487093511,0.127197511527922,0.0635987557639611,0.17111698111276,0.0261538283406699,0.80272919054657,20,6,0,14,27,2,0,25,26,3,2,21,33,5,2,26,15,0,1,14,32,7,0,25,15,2,0,13,29,9,0,20
218,2,0.173913043478261,0.0869565217391304,0.739130434782609,0.0210039746080481,0.0561132455156642,0.0280566227578321,0.179493286227495,0.109432901747728,0.711073812024777,0.0517838213058432,0.145497949691096,0.072748974845548,0.203004933991648,0.130613606071292,0.666381459937061,0.0243970025647305,0.0676928554409209,0.0338464277204604,0.185036679841989,0.109679313095863,0.705284007062148,0.0239930183989554,0.0676328502415458,0.0338164251207729,0.188405797101449,0.106280193236715,0.705314009661836,0.0219647263101429,0.0607049008782376,0.0303524504391187,0.183369096753302,0.107852918903208,0.70877798434349,22,4,3,15,29,7,3,19,24,1,2,21,25,2,0,23,23,4,4,15,34,14,0,20,29,1,7,21,21,6,3,12
218,3,0.173913043478261,0.0869565217391304,0.739130434782609,0.0665759408982986,0.180164766160691,0.0900823830803454,0.152586974827608,0.0182002073094376,0.829212817862954,0.0478632366476322,0.132385384528825,0.0661926922644123,0.194752564912672,0.0207638294747182,0.784483605612609,0.0556202408198255,0.149044553074189,0.0745222765370948,0.158451893927134,0.0278953947531628,0.813652711319703,0.0674436802546376,0.181313598519889,0.0906567992599445,0.154255319148936,0.0159574468085106,0.829787234042553,0.0665920720938021,0.180573216835627,0.0902866084178134,0.151964617021253,0.018618339778325,0.829417043200422,24,6,0,18,23,7,1,15,25,4,1,20,16,4,0,12,22,1,1,20,26,2,0,24,20,0,0,20,32,5,0,27
218,4,0.173913043478261,0.0869565217391304,0.739130434782609,0.0537355080721056,0.149192616333893,0.0745963081669465,0.198649336730334,0.136816536654004,0.664534126615662,0.0512181851556346,0.128563993238863,0.0642819966194313,0.170682638710012,0.151238518358562,0.678078842931427,0.0592133139474006,0.166232942435043,0.0831164712175212,0.206635896683845,0.137350139751068,0.656013963565087,0.0564851257132537,0.159111933395005,0.0795559666975023,0.207446808510638,0.132978723404255,0.659574468085106,0.0551528138862743,0.154860706563768,0.077430353281884,0.204494671549053,0.133805246950222,0.661700081500725,31,7,1,23,26,2,1,23,18,2,3,13,12,1,2,9,30,5,10,15,21,11,1,9,19,1,5,13,31,10,2,19
218,5,0.173913043478261,0.0869565217391304,0.739130434782609,0.116081890008836,0.321686952992401,0.160843476496201,0.225882368234753,0.195830673478839,0.578286958286408,0.0588043752497547,0.166236103510392,0.0831180517551962,0.213132426843351,0.130855190129236,0.656012383027412,0.103494202066077,0.28745098224391,0.143725491121955,0.221821411709495,0.182773644629851,0.595404943660654,0.107604715279908,0.303948942959713,0.151974471479856,0.243119266055046,0.169724770642202,0.587155963302752,0.11151390323882,0.308436390752506,0.154218195376253,0.222463655833577,0.192624104760067,0.584912239406356,29,2,10,17,23,17,2,4,29,5,3,21,20,6,2,12,22,0,8,14,33,8,2,23,30,3,4,23,32,12,6,14
219,1,0.130434782608696,0.130434782608696,0.739130434782609,0.0852137637412923,0.23847765151985,0.119238825759925,0.174932848988399,0.205175541988918,0.619891609022684,0.0358218282486712,0.0897352569222573,0.0448676284611287,0.128371952787863,0.175302411069824,0.696325636142312,0.0810592621507989,0.227375462581277,0.113687731290638,0.17454166328352,0.20001563322451,0.62544270349197,0.0854208227233489,0.235836627140975,0.117918313570487,0.166666666666667,0.212121212121212,0.621212121212121,0.0859284991604596,0.241499852466672,0.120749926233336,0.17897116735055,0.202648324100177,0.618380508549273,27,3,2,22,27,12,3,12,22,1,5,16,27,2,18,7,26,7,1,18,30,4,3,23,17,2,4,11,22,2,6,14
219,2,0.130434782608696,0.130434782608696,0.739130434782609,0.0129077429615714,0.0336713389629098,0.0168356694814549,0.113599113127241,0.144962847899607,0.741438038973152,0.0400515440140985,0.100187803464355,0.0500939017321775,0.128281936306995,0.180528684340873,0.691189379352132,0.0126116601204433,0.0335492703133862,0.016774635156693,0.113660147452003,0.144069925261323,0.742269927286675,0.00430674591812491,0.0118577075098814,0.0059288537549407,0.126262626262626,0.136363636363636,0.737373737373737,0.0129565713102517,0.0335779064986132,0.0167889532493067,0.115683624713843,0.147223735858002,0.737092639428155,21,1,2,18,28,12,3,13,17,2,0,15,24,2,6,16,28,0,7,21,25,5,6,14,27,3,2,22,28,0,1,27
219,3,0.130434782608696,0.130434782608696,0.739130434782609,0.0214024802237467,0.0592616572186706,0.0296308286093352,0.150599003933153,0.10080395399936,0.748597042067487,0.0257107310249224,0.0720063749872899,0.0360031874936449,0.166437970102341,0.108029735390228,0.725532294507432,0.0214564980200221,0.0586161202343268,0.0293080601171634,0.159742842725859,0.108972656630448,0.731284500643693,0.0212534715589052,0.0571658615136876,0.0285829307568438,0.152777777777778,0.101851851851852,0.74537037037037,0.0208344176118919,0.0566957271232714,0.0283478635616357,0.151566329602949,0.10208691904706,0.746346751349991,28,6,2,20,23,6,0,17,27,5,3,19,31,1,6,24,27,2,4,21,25,2,3,20,21,2,0,19,34,9,4,21
219,4,0.130434782608696,0.130434782608696,0.739130434782609,0.0359019061425189,0.096194253097507,0.0480971265487535,0.120472386673743,0.0923000519948953,0.787227561331362,0.0296337531657953,0.0814534700332973,0.0407267350166486,0.142240184167118,0.089708047592047,0.768051768240835,0.0436224179819893,0.11936965714019,0.0596848285700949,0.114107691287302,0.0870770453599944,0.798815263352704,0.0366230333586111,0.0974967061923584,0.0487483530961792,0.121212121212121,0.0909090909090909,0.787878787878788,0.0374515009454357,0.101048243539555,0.0505241217697774,0.118935251438343,0.0914101920092711,0.789654556552386,26,5,1,20,17,0,0,17,28,0,4,24,18,7,3,8,22,1,0,21,32,3,3,26,25,1,7,17,30,7,0,23
219,5,0.130434782608696,0.130434782608696,0.739130434782609,0.0301083802744794,0.0741321057239176,0.0370660528619588,0.0933687297467369,0.130819733713216,0.775811536540048,0.0208609266881904,0.0547952517713547,0.0273976258856773,0.103037156723018,0.153609616093219,0.743353227183763,0.0231081602608478,0.0587431661276011,0.0293715830638005,0.101063199544895,0.132712383812984,0.766224416642121,0.0385509523632536,0.0946557971014493,0.0473278985507247,0.0833333333333333,0.130208333333333,0.786458333333333,0.0347397460650198,0.0897330182208382,0.0448665091104191,0.0906659517672302,0.125337104339742,0.783996943893028,24,3,1,20,22,3,1,18,24,0,2,22,23,2,2,19,20,3,7,10,35,1,1,33,20,1,5,14,24,3,6,15
220,1,0.0869565217391304,0.173913043478261,0.739130434782609,0.0217193305641147,0.0613968251815184,0.0306984125907592,0.0707131238895695,0.159458028737063,0.769828847373368,0.0148228125507837,0.0394419805623483,0.0197209902811742,0.0672355314579563,0.177618413549373,0.755146054992671,0.0225317210280838,0.0636990575975852,0.0318495287987927,0.0718822367352818,0.157137799683317,0.770979963581401,0.023232530921568,0.0654284508231321,0.0327142254115661,0.0679611650485437,0.160194174757282,0.771844660194175,0.0237554824536305,0.0671733630472457,0.0335866815236229,0.0708231340666899,0.156459749627079,0.772717116306232,27,7,2,18,27,1,11,15,23,0,5,18,22,1,6,15,22,1,4,17,27,0,0,27,25,3,2,20,33,1,3,29
220,2,0.0869565217391304,0.173913043478261,0.739130434782609,0.0390788553867294,0.108241337711225,0.0541206688556126,0.0502033905285992,0.15654550583318,0.793251103638221,0.0382119045929627,0.106779004406982,0.0533895022034913,0.0530233129439196,0.154456750069981,0.7925199369861,0.0255996346980322,0.0644771336848383,0.0322385668424192,0.0565712630281206,0.172059735346852,0.771369001625028,0.0392447721929735,0.10997442455243,0.0549872122762148,0.0529411764705882,0.152941176470588,0.794117647058823,0.0398500030637365,0.110805883112803,0.0554029415564017,0.0503152709612224,0.155151352699767,0.79453337633901,26,2,2,22,21,2,5,14,17,0,6,11,21,4,2,15,22,0,4,18,22,1,3,18,19,0,2,17,22,0,2,20
220,3,0.0869565217391304,0.173913043478261,0.739130434782609,0.0416035639451557,0.105826091711038,0.0529130458555193,0.0827809768672547,0.125175542494617,0.792043480638128,0.0355089223695232,0.0960891641921681,0.0480445820960841,0.0755878448063013,0.137237138315006,0.787175016878693,0.022463155531339,0.0595556793968714,0.0297778396984356,0.0922615889283586,0.144135203779825,0.763603207291816,0.0422237685584532,0.106008793356131,0.0530043966780656,0.0842696629213483,0.123595505617978,0.792134831460674,0.0414289248059501,0.105551644124191,0.0527758220620957,0.0826042221159402,0.125489521039355,0.791906256844704,24,2,3,19,20,5,4,11,29,2,5,22,19,1,1,17,16,0,2,14,20,1,4,15,26,4,1,21,24,0,2,22
220,4,0.0869565217391304,0.173913043478261,0.739130434782609,0.0334777327088402,0.0914045281076124,0.0457022640538062,0.0412542576853242,0.207470023264868,0.751275719049808,0.0360084336931846,0.101359512274693,0.0506797561373465,0.036276765601784,0.19494215781541,0.768781076582806,0.0336860119684808,0.0904975983393713,0.0452487991696856,0.0417077225694448,0.209442121818774,0.748850155611781,0.03983253079272,0.106605351170569,0.0533026755852843,0.0336538461538462,0.216346153846154,0.75,0.0333412398530913,0.0882206851540798,0.0441103425770398,0.0428461791620906,0.210396162324011,0.746757658513898,23,1,4,18,25,0,5,20,30,1,1,28,20,1,4,15,29,0,5,24,34,4,10,20,26,0,15,11,21,0,1,20
220,5,0.0869565217391304,0.173913043478261,0.739130434782609,0.0203224588710515,0.0569868683105351,0.0284934341552676,0.104458489863603,0.145419609322993,0.750121900813404,0.0259892065285329,0.07263910383962,0.0363195519198099,0.109997475347132,0.137593491558451,0.752409033094417,0.0204925535411899,0.057896518073022,0.0289482590365109,0.10262054622086,0.14496478444175,0.752414669337391,0.0204958487300449,0.0579710144927537,0.0289855072463768,0.101449275362319,0.144927536231884,0.753623188405797,0.0208256803473435,0.058895647940343,0.0294478239701715,0.102107856771017,0.144465219508089,0.753426923720894,30,1,7,22,24,0,1,23,26,4,5,17,24,0,8,16,22,7,5,10,22,3,0,19,27,3,2,22,32,3,2,27
221,1,0.0434782608695652,0.217391304347826,0.739130434782609,0.0750491708136195,0.199734756535345,0.0998673782676727,0.0246644549002579,0.136337732049461,0.838997813050281,0.0625215672417046,0.170844985397906,0.0854224926989529,0.0205323341826062,0.154914738335832,0.824552927481562,0.0753503710382913,0.200233524053152,0.100116762026576,0.0250267318728523,0.135726071317963,0.839247196809185,0.0776842105737142,0.203557312252965,0.101778656126482,0.0284090909090909,0.130681818181818,0.840909090909091,0.0738404033926633,0.196114570559096,0.0980572852795478,0.025549206048457,0.137263073889387,0.837187720062156,29,0,0,29,19,0,3,16,19,0,1,18,26,4,9,13,23,0,1,22,19,0,2,17,20,1,4,15,21,0,3,18
221,2,0.0434782608695652,0.217391304347826,0.739130434782609,0.0334081825876892,0.0921072274839144,0.0460536137419573,0.029587015924299,0.185228935551135,0.785184048524566,0.02439440534872,0.0685054306453607,0.0342527153226804,0.0227890197910961,0.203827830103615,0.773383150105289,0.0396411790405063,0.10999871607608,0.05499935803804,0.0253827072822283,0.180487499897123,0.794129792820649,0.0273618303289355,0.0739779364049319,0.036988968202466,0.0348258706467662,0.189054726368159,0.776119402985075,0.029992424630105,0.0833528347568018,0.0416764173784009,0.0294683373724747,0.189724810466516,0.78080685216101,22,4,0,18,19,0,2,17,27,3,9,15,29,0,13,16,29,0,1,28,24,0,4,20,27,0,3,24,24,0,6,18
221,3,0.0434782608695652,0.217391304347826,0.739130434782609,0.0276017249119863,0.075261572682652,0.037630786341326,0.0533089021418421,0.1797605180065,0.766930579851658,0.00526247571301799,0.0133504680709973,0.00667523403549872,0.0372908344066694,0.224066538383325,0.738642627210006,0.0280367993082869,0.0697360570904338,0.0348680285452169,0.0445642290140521,0.182523275802609,0.772912495183339,0.0145399788563018,0.0389805097451274,0.0194902548725637,0.0394088669950739,0.201970443349754,0.758620689655172,0.0243474774778517,0.0660362939439782,0.0330181469719891,0.0515285538758549,0.184373157375837,0.764098288748308,22,3,0,19,21,0,7,14,28,1,7,20,27,0,14,13,30,1,7,22,24,0,2,22,21,3,0,18,30,0,4,26
221,4,0.0434782608695652,0.217391304347826,0.739130434782609,0.0254083299753499,0.0717984500555083,0.0358992250277541,0.00757903584181112,0.236685937311138,0.755735026847051,0.0226437466116152,0.0638925125819126,0.0319462562909563,0.011532004578609,0.235284438394585,0.753183557026806,0.0262813187675442,0.0678002007305152,0.0339001003652575,0.00957816050430768,0.247537905998964,0.742883933496729,0.0239665567007711,0.0677257525083612,0.0338628762541806,0.00961538461538462,0.235576923076923,0.754807692307692,0.0252059700414583,0.0711625919272468,0.0355812959636234,0.00789696490594182,0.237050085557788,0.75505294953627,20,0,6,14,27,0,6,21,28,0,6,22,17,0,2,15,26,0,5,21,33,2,9,22,26,0,11,15,31,0,4,27
221,5,0.0434782608695652,0.217391304347826,0.739130434782609,0.0451145492013136,0.126806597546842,0.0634032987734208,0.0179410338355881,0.179525232608382,0.802533733556029,0.0201170909202584,0.0565398757586406,0.0282699378793203,0.0152083229902449,0.228759690582154,0.756031986427601,0.0365621744942359,0.10327214770473,0.051636073852365,0.0200002695530385,0.189233221811988,0.790766508634974,0.0449874577590808,0.125800044140366,0.0629000220701832,0.0203045685279188,0.177664974619289,0.802030456852792,0.0454176197401927,0.127872991485385,0.0639364957426928,0.016823548394317,0.180109521080382,0.803066930525301,24,0,3,21,19,3,1,15,22,0,5,17,33,0,4,29,31,0,9,22,26,1,8,17,27,0,2,25,15,0,3,12
222,1,0.173913043478261,0.0434782608695652,0.782608695652174,0.0187321453099493,0.0516590212891122,0.0258295106445561,0.181731997905031,0.0614888170873512,0.756779185007618,0.0972817509101321,0.263563768812701,0.131781884406351,0.274020353065262,0.0751528356889147,0.650826811245823,0.0297045779008444,0.0839360886174301,0.041968044308715,0.19329851470215,0.0660608339543909,0.740640651343459,0.027091385349183,0.0756340579710146,0.0378170289855073,0.1875,0.0677083333333333,0.744791666666667,0.0260455265855442,0.0734240477954259,0.036712023897713,0.189675860741455,0.0644274675040842,0.745896671754461,33,4,5,24,19,1,0,18,33,12,2,19,22,2,4,16,23,4,0,19,23,8,2,13,22,4,0,18,17,1,0,16
222,2,0.173913043478261,0.0434782608695652,0.782608695652174,0.0215316807195227,0.0607553788802989,0.0303776894401495,0.143535354038111,0.0568458697126677,0.799618776249221,0.014484153751798,0.0409325410189262,0.0204662705094631,0.164411272314593,0.0639445313790283,0.771644196306378,0.0172682856011546,0.0431707556272245,0.0215853778136123,0.153228735397261,0.0650636386831775,0.781707625919562,0.0185953429609323,0.0522595844934675,0.0261297922467338,0.147783251231527,0.0591133004926108,0.793103448275862,0.0190620262034869,0.0537538914937282,0.0268769457468641,0.147036097731397,0.0587232787780647,0.794240623490538,31,9,2,20,30,7,0,23,22,4,1,17,29,2,5,22,18,0,0,18,20,2,0,18,28,2,3,23,25,4,1,20
222,3,0.173913043478261,0.0434782608695652,0.782608695652174,0.0377085811898751,0.106376596028925,0.0531882980144625,0.150659457114305,0.0135435492190585,0.835796993666636,0.0426751428404655,0.120413695109514,0.0602068475547572,0.234119891033018,0.00975498138789718,0.756125127579085,0.0412136935943632,0.11655724101848,0.0582786205092403,0.14551845007591,0.0135942337626755,0.840887316161414,0.0290943023027824,0.0818414322250639,0.0409207161125319,0.149732620320856,0.0267379679144385,0.823529411764706,0.0342328560710907,0.0963648761495155,0.0481824380747577,0.153904978620572,0.0153038876524964,0.830791133726932,20,4,0,16,16,0,0,16,26,8,0,18,21,7,0,14,20,0,0,20,25,5,0,20,34,2,5,27,25,2,0,23
222,4,0.173913043478261,0.0434782608695652,0.782608695652174,0.0250438532631362,0.0662154934912441,0.0331077467456221,0.179571977270282,0.070927073823166,0.749500948906552,0.0745882673442807,0.209767754408364,0.104883877204182,0.236083479656873,0.0861917018951347,0.677724818447992,0.0219729024968822,0.0614206222355247,0.0307103111177623,0.185160856892407,0.0629407585731818,0.751898384534412,0.032205704948442,0.0873848789890769,0.0436924394945385,0.206896551724138,0.0541871921182266,0.738916256157635,0.0281279848196457,0.0774038502275096,0.0387019251137548,0.185301843050854,0.0707913864107273,0.743906770538419,29,8,0,21,30,12,2,16,24,0,0,24,28,11,0,17,20,3,3,14,21,6,1,14,28,2,4,22,23,0,1,22
222,5,0.173913043478261,0.0434782608695652,0.782608695652174,0.0197559769732837,0.0551012048641747,0.0275506024320873,0.201463645910348,0.0337242987930586,0.764812055296593,0.016122944787006,0.0399996793987838,0.0199998396993919,0.173396204979383,0.0239952596690511,0.802608535351566,0.0256421659967701,0.0695083217817393,0.0347541608908697,0.208667204369131,0.0350673524661744,0.756265443164695,0.012049764236892,0.0316610925306577,0.0158305462653289,0.18974358974359,0.041025641025641,0.769230769230769,0.018314927245204,0.0516725522915293,0.0258362761457646,0.199749319624026,0.0321475629327246,0.76810311744325,28,5,0,23,22,3,2,17,27,5,0,22,21,7,5,9,25,5,0,20,18,3,0,15,27,7,0,20,27,2,1,24
223,1,0.130434782608696,0.0869565217391304,0.782608695652174,0.0514450341515397,0.140394859913374,0.0701974299566872,0.148976688447394,0.138612045857119,0.712411265695487,0.080236354953788,0.225103880896578,0.112551940448289,0.174226582439937,0.155716662356177,0.670056755203885,0.0682352500584498,0.183169512064101,0.0915847560320506,0.14989755043541,0.159078509944467,0.691023939620123,0.0522547384918431,0.142995169082126,0.0714975845410628,0.15,0.138888888888889,0.711111111111111,0.0525294085748286,0.142976710656542,0.0714883553282712,0.148684119971301,0.140195539704796,0.711120340323903,25,5,1,19,20,3,2,15,35,6,8,21,19,0,2,17,20,6,2,12,19,0,3,16,25,3,4,18,17,4,3,10
223,2,0.130434782608696,0.0869565217391304,0.782608695652174,0.0146279005012782,0.0407732090095606,0.0203866045047802,0.123283351028638,0.0737213488144081,0.802995300156954,0.0335690414744509,0.0947534751649174,0.0473767375824586,0.109374030665914,0.0606405360994537,0.829985433234633,0.0336171287606313,0.0947935594377047,0.0473967797188524,0.109949798010862,0.0600447266181113,0.830005475371026,0.0282201504850724,0.0753908759905761,0.0376954379952881,0.137931034482759,0.0492610837438424,0.812807881773399,0.0167165838056513,0.0470594255666289,0.0235297127833144,0.120652531434446,0.073209060130066,0.806138408435488,29,3,3,23,21,4,1,16,25,16,0,9,27,0,4,23,34,0,0,34,29,3,1,25,19,1,1,17,19,1,0,18
223,3,0.130434782608696,0.0869565217391304,0.782608695652174,0.0292341475775334,0.0810254303392535,0.0405127151696268,0.11731936397237,0.127469236908757,0.755211399118873,0.0565888540260387,0.143483896515477,0.0717419482577386,0.0586928343509571,0.0921148397616249,0.849192325887418,0.0241408478238068,0.0681600044837614,0.0340800022418807,0.0963547803668149,0.102239853889163,0.801405365744022,0.0203350944933366,0.0543478260869565,0.0271739130434783,0.108695652173913,0.114130434782609,0.777173913043478,0.0206386465549413,0.0568411497374909,0.0284205748687454,0.110468299336166,0.115377096607876,0.774154604055958,29,4,0,25,27,1,1,25,20,1,3,16,26,1,1,24,24,2,4,18,17,0,10,7,19,11,0,8,22,0,2,20
223,4,0.130434782608696,0.0869565217391304,0.782608695652174,0.00506865902046855,0.0141445781150235,0.00707228905751178,0.137507071666207,0.0824084473640337,0.780084480969759,0.0556975753651316,0.15469141012243,0.0773457050612147,0.156201772759383,0.138535236649658,0.705262990590959,0.00688620022644256,0.0194647713736662,0.0097323856868331,0.140167168295529,0.0823905487651943,0.777442282939277,0.00154633332612639,0.00397061743101054,0.00198530871550526,0.132420091324201,0.0867579908675799,0.780821917808219,0.00506235099930835,0.0131839342534086,0.00659196712670429,0.1370267497354,0.081241742295462,0.781731507969138,23,1,4,18,19,6,2,11,25,2,0,23,26,1,3,22,33,5,0,28,32,6,7,19,32,7,0,25,29,1,3,25
223,5,0.130434782608696,0.0869565217391304,0.782608695652174,0.0162249248419431,0.0424089853267558,0.0212044926633779,0.127425256300596,0.0687615553838517,0.803813188315552,0.0194587631959665,0.0515734153981663,0.0257867076990831,0.12586305583603,0.0657415408127133,0.808395403351257,0.0107113414959105,0.0300858901781347,0.0150429450890673,0.13641300946686,0.0719135766500631,0.791673413883077,0.010909803095534,0.0308417219961448,0.0154208609980724,0.123152709359606,0.0788177339901478,0.798029556650246,0.014489413002087,0.035845018484966,0.017922509242483,0.130075991620473,0.0693928034848703,0.800531204894657,25,4,0,21,29,8,0,21,29,3,6,20,24,1,6,17,25,1,0,24,18,1,1,16,27,5,1,21,26,2,2,22
224,1,0.0869565217391304,0.130434782608696,0.782608695652174,0.0184740243107742,0.0500938450689487,0.0250469225344743,0.0619095992046561,0.136522164711049,0.801568236084295,0.0356324327339507,0.0999362804866175,0.0499681402433088,0.0676199390480114,0.0998032250565059,0.832576835895483,0.018972326302585,0.0524300706105209,0.0262150353052605,0.06074148643387,0.138592280972919,0.800666232593211,0.0208252618922686,0.0588687956906502,0.0294343978453251,0.0575221238938053,0.146017699115044,0.79646017699115,0.0177261639104148,0.0496948595514789,0.0248474297757394,0.062109091963391,0.13998112792991,0.797909780106699,23,4,0,19,29,2,2,25,36,5,4,27,33,1,3,29,35,0,8,27,27,0,13,14,21,0,1,20,22,1,2,19
224,2,0.0869565217391304,0.130434782608696,0.782608695652174,0.021646855632607,0.0608439123004598,0.0304219561502299,0.0992081120120962,0.14860514848596,0.752186739501944,0.0102193395776939,0.0289019079637893,0.0144509539818947,0.0725055677572357,0.137832883080678,0.789661549162086,0.00433165281617821,0.0121438088118179,0.00607190440590891,0.084623283449504,0.136506687014605,0.778870029535891,0.017228905690452,0.0475881462253948,0.0237940731126974,0.0796019900497512,0.154228855721393,0.766169154228856,0.0137849369578108,0.0388257219111681,0.019412860955584,0.0951162290563021,0.141687936247108,0.76319583469659,28,6,0,22,23,1,0,22,21,1,5,15,21,4,10,7,34,1,4,29,29,0,3,26,23,0,8,15,22,3,1,18
224,3,0.0869565217391304,0.130434782608696,0.782608695652174,0.0742632928278494,0.189305409421458,0.0946527047107289,0.0790408799921782,0.225087487319425,0.695871632688397,0.00985975883349583,0.0277083662117396,0.0138541831058697,0.0813963516301062,0.144288965714565,0.774314682655328,0.0553863174852078,0.150880669304679,0.0754403346523394,0.067485551039542,0.205875117261035,0.726639331699423,0.0621620035213598,0.155217391304348,0.077608695652174,0.09,0.205,0.705,0.0749196225805564,0.193113486838793,0.0965567434193964,0.0764540847842488,0.226991526028092,0.696554389187659,21,0,1,20,28,4,3,21,15,0,2,13,22,3,3,16,36,0,6,30,26,0,18,8,23,10,5,8,29,1,3,25
224,4,0.0869565217391304,0.130434782608696,0.782608695652174,0.0216001035180591,0.0594277900061379,0.029713895003069,0.095676691519723,0.151428507831172,0.752894800649105,0.0305060031764961,0.085935187051596,0.042967593525798,0.111796473244877,0.148562424628747,0.739641102126376,0.0356646526654734,0.100409601793805,0.0502048008969024,0.107868498605163,0.159727606639565,0.732403894755272,0.0218827314424724,0.0562353553762042,0.0281176776881021,0.0898203592814371,0.155688622754491,0.754491017964072,0.0220537587167555,0.0599469437928913,0.0299734718964457,0.0944769569192326,0.152887819325039,0.752635223755728,20,4,4,12,20,0,4,16,16,2,1,13,24,3,9,12,23,1,3,19,19,3,3,13,22,1,2,19,23,1,0,22
224,5,0.0869565217391304,0.130434782608696,0.782608695652174,0.0172469321426155,0.0459282763465047,0.0229641381732524,0.0913202152408493,0.107470644435443,0.801209140323707,0.047894725410682,0.120584529485934,0.0602922647429672,0.090372723464054,0.187310845626739,0.722316430909207,0.0208394700163063,0.0517716114007129,0.0258858057003565,0.0876982335296891,0.104548976908339,0.807752789561972,0.00774102547373436,0.0216351154566257,0.0108175577283129,0.0909090909090909,0.119617224880383,0.789473684210526,0.0163693242898212,0.0452100839106167,0.0226050419553084,0.0939357077532344,0.107829740653387,0.798234551593378,21,2,6,13,21,2,0,19,18,0,0,18,25,0,6,19,28,7,0,21,34,0,6,28,34,6,1,27,28,2,6,20
225,1,0.0434782608695652,0.173913043478261,0.782608695652174,0.0307427837919519,0.0869240083027637,0.0434620041513818,0.0227315246507438,0.1511977755457,0.826070699803556,0.0383140615393612,0.108247614034462,0.054123807017231,0.014200256520714,0.149067240809881,0.836732502669405,0.0282028970265891,0.0796888615767505,0.0398444307883753,0.0220000562718931,0.155546817287558,0.822453126440549,0.0242949594915828,0.0685854255970606,0.0342927127985303,0.028169014084507,0.154929577464789,0.816901408450704,0.0216573259456893,0.0606126064820907,0.0303063032410453,0.0244903160899408,0.16259468501684,0.812914998893219,31,0,4,27,16,0,0,16,24,0,5,19,35,0,6,29,33,5,13,15,25,0,1,24,26,0,2,24,23,1,2,20
225,2,0.0434782608695652,0.173913043478261,0.782608695652174,0.0287397840950298,0.0723192773496723,0.0361596386748362,0.0414708770327911,0.139760788640199,0.81876833432701,0.025318374642934,0.0716111100856168,0.0358055550428085,0.0613384602597408,0.191858399130894,0.746803140609365,0.0184353005159467,0.046746814530615,0.0233734072653075,0.0451622982437931,0.150539636212953,0.804298065543254,0.0313451678760308,0.0779750969585629,0.0389875484792814,0.0422535211267606,0.136150234741784,0.821596244131455,0.0300622539175177,0.076767023571984,0.038383511785992,0.040118061537215,0.138889731024619,0.820992207438166,25,0,3,22,24,3,5,16,22,0,2,20,35,1,8,26,27,0,1,26,34,0,4,30,16,2,4,10,30,3,2,25
225,3,0.0434782608695652,0.173913043478261,0.782608695652174,0.0216522152160425,0.0599067806307715,0.0299533903153857,0.0639616285346213,0.143959653162875,0.792078718302504,0.119873752560552,0.330316603376817,0.165158301688408,0.0929420622973252,0.289607543738909,0.617450393963766,0.0302038424933203,0.0814649323558603,0.0407324661779302,0.0527063701784771,0.133180577300331,0.814113052521192,0.0181452507189483,0.0483608463148105,0.0241804231574053,0.0481283422459893,0.149732620320856,0.802139037433155,0.0244325403558908,0.0691054365546122,0.0345527182773061,0.0608306930006916,0.139360325200955,0.799808981798354,17,2,7,8,25,0,0,25,30,2,0,28,27,0,5,22,28,1,9,18,22,0,1,21,21,4,5,12,17,0,1,16
225,4,0.0434782608695652,0.173913043478261,0.782608695652174,0.041037906955874,0.10294528145404,0.0514726407270201,0.0459962661904457,0.2228676788844,0.731136054925154,0.0139047382561428,0.0374723028250374,0.0187361514125187,0.0476762213311574,0.188451234429187,0.763872544239655,0.0476303389186774,0.122910745331794,0.0614553726658973,0.0503228641491498,0.228523812864573,0.721153322986277,0.0455725298507898,0.117927337701013,0.0589636688505062,0.0365296803652968,0.232876712328767,0.730593607305936,0.0432194795242483,0.10763190465257,0.0538159523262849,0.0452910667417602,0.225916189932351,0.728792743325889,27,2,10,15,24,2,6,16,37,0,18,19,15,1,2,12,34,2,3,29,31,1,3,27,20,0,5,15,31,0,4,27
225,5,0.0434782608695652,0.173913043478261,0.782608695652174,0.0349677668656469,0.0975335182766496,0.0487667591383248,0.060757452820582,0.125146284339936,0.814096262839482,0.0191284885468317,0.0507398046400662,0.0253699023200331,0.0642949186975201,0.178466287970339,0.757238793332141,0.0337344108373822,0.0950793008684809,0.0475396504342405,0.0637837045746984,0.12637339304402,0.809842902381281,0.0368086290536859,0.102543068088597,0.0512715340442986,0.0613207547169811,0.122641509433962,0.816037735849057,0.0371125488489564,0.102864063218285,0.0514320316091423,0.0601349435575984,0.122481011869119,0.817384044573283,21,1,4,16,24,0,5,19,27,3,0,24,27,5,1,21,29,0,1,28,25,3,6,16,32,0,4,28,27,1,5,21
226,1,0.130434782608696,0.0434782608695652,0.826086956521739,0.0321042740108415,0.0897268677297679,0.0448634338648839,0.10196312850496,0.0270864811084172,0.870950390386623,0.0193091900623919,0.0524212258331465,0.0262106129165733,0.156645395525269,0.0237381929836512,0.81961641149108,0.0281548481650394,0.0783847509064742,0.0391923754532371,0.104754887743826,0.0299657802811981,0.865279331974976,0.0304333438950474,0.0860459822444799,0.04302299112224,0.109947643979058,0.0209424083769634,0.869109947643979,0.0313503496949367,0.0878107317622764,0.0439053658811382,0.103143019773167,0.026864657823956,0.869992322402877,23,0,0,23,27,6,1,20,30,4,0,26,21,0,2,19,18,2,0,16,25,0,0,25,20,5,0,15,27,4,1,22
226,2,0.130434782608696,0.0434782608695652,0.826086956521739,0.0242587338979285,0.0680440528056572,0.0340220264028286,0.096412756205867,0.0566675538981151,0.846919689896018,0.054848473977686,0.153234837962614,0.0766174189813073,0.158262033326666,0.0922684291329023,0.749469537540432,0.0276744482587691,0.0755109451647218,0.0377554725823609,0.0926793100263347,0.0534281840353,0.853892505938365,0.0171263297968747,0.0462354188759279,0.0231177094379639,0.107317073170732,0.0487804878048781,0.84390243902439,0.0238136572453845,0.0672613740867875,0.0336306870433938,0.0968040955653019,0.0587547496733105,0.844441154761388,27,0,1,26,32,8,4,20,25,3,0,22,26,0,0,26,31,3,3,25,19,7,0,12,23,0,2,21,22,1,0,21
226,3,0.130434782608696,0.0434782608695652,0.826086956521739,0.0106471948843058,0.0268887305794358,0.0134443652897179,0.117840554338669,0.0426281238498741,0.839531321811457,0.0382006933724353,0.106912253747458,0.0534561268737289,0.0969412675278474,0.0235156490766845,0.879543083395468,0.0214407092008298,0.0548861052215736,0.0274430526107868,0.105545661929266,0.0409243289382085,0.853530009132526,0.0253282920809846,0.0712143928035982,0.0356071964017991,0.0948275862068965,0.0646551724137931,0.84051724137931,0.0078402104716945,0.0206413702879449,0.0103206851439725,0.120114097464723,0.0451291955171372,0.83475670701814,28,2,0,26,26,2,0,24,33,1,4,28,27,4,0,23,32,8,10,14,29,3,1,25,31,0,0,31,26,2,0,24
226,4,0.130434782608696,0.0434782608695652,0.826086956521739,0.0300026475779312,0.0818068628097636,0.0409034314048818,0.171338214013577,0.0327948749633543,0.795866911023068,0.0302865708253973,0.0856633571378497,0.0428316785689249,0.173266461177621,0.0220559586956812,0.804677580126698,0.0282754539029296,0.0783137606928933,0.0391568803464467,0.169591662955142,0.0309216424881269,0.799486694556731,0.0254765543277712,0.0691304347826087,0.0345652173913044,0.165,0.035,0.8,0.0270195661578721,0.0754405798844168,0.0377202899422084,0.168155072550904,0.0299068045871849,0.801938122861911,20,2,0,18,35,4,1,30,23,6,0,17,28,0,1,27,26,9,0,17,21,5,0,16,29,5,0,24,18,2,5,11
226,5,0.130434782608696,0.0434782608695652,0.826086956521739,0.0947466472970065,0.239846581989297,0.119923290994648,0.250358073603344,0.0352775462834476,0.714364380113208,0.148829501308759,0.380462205395847,0.190231102697924,0.320665885306619,0.0263654425782973,0.652968672115083,0.0841006840757096,0.216323222842422,0.108161611421211,0.238596394029907,0.0322365372462156,0.729167068723877,0.0902595911383378,0.231408885721074,0.115704442860537,0.234972677595628,0.0546448087431694,0.710382513661202,0.0943059054749349,0.238622880316575,0.119311440158288,0.249746222766983,0.0354364042060539,0.714817373026963,26,8,0,18,22,8,0,14,23,10,0,13,25,1,0,24,21,1,0,20,26,4,5,17,21,8,5,8,19,3,0,16
227,1,0.0869565217391304,0.0869565217391304,0.826086956521739,0.027892377463123,0.0788909063693381,0.039445453184669,0.126401974923799,0.0673725327050006,0.8062254923712,0.0372250417047481,0.091527371732861,0.0457636858664305,0.132373212948279,0.087303516396412,0.780323270655309,0.0282937488071934,0.0797408721609559,0.039870436080478,0.126826957819608,0.0699480044713022,0.803225037709089,0.0229510556906967,0.0607808340727596,0.0303904170363798,0.11734693877551,0.0816326530612245,0.801020408163265,0.0273668572930588,0.0772714498685212,0.0386357249342606,0.125592246673391,0.0696078942125513,0.804799859114058,31,3,3,25,29,1,8,20,24,5,2,17,18,0,0,18,29,4,0,25,19,6,0,13,20,1,3,16,26,3,0,23
227,2,0.0869565217391304,0.0869565217391304,0.826086956521739,0.0346074138565932,0.0959348080911901,0.047967404045595,0.0545552338030646,0.134923925784725,0.81052084041221,0.0540514942599063,0.14486711923463,0.0724335596173152,0.102021927396999,0.144324675698577,0.753653396904424,0.0311237132442108,0.0812471490237891,0.0406235745118945,0.051970873894735,0.127580096251025,0.82044902985424,0.0346637248326292,0.0941281936351412,0.0470640968175706,0.0515463917525773,0.134020618556701,0.814432989690722,0.0315995722622604,0.0852879409638234,0.0426439704819117,0.054062229602395,0.129600492221042,0.816337278176563,25,1,8,16,25,4,3,18,30,0,2,28,25,0,5,20,17,0,6,11,26,4,2,20,16,1,0,15,30,0,0,30
227,3,0.0869565217391304,0.0869565217391304,0.826086956521739,0.024372264920783,0.0675244428563614,0.0337622214281807,0.0978297002607678,0.0531943003109497,0.848975999428283,0.0270822751565731,0.0710213513231975,0.0355106756615988,0.122467197400729,0.0567746648049354,0.820758137794335,0.0253470916900055,0.0691085968151605,0.0345542984075803,0.0959745588912383,0.0524022233315502,0.851623217777212,0.0348300428287463,0.0984413453650534,0.0492206726825267,0.113207547169811,0.0377358490566038,0.849056603773585,0.0247752642430855,0.0677424408548577,0.0338712204274289,0.0961283765767744,0.0530853013117016,0.850786322111524,31,7,1,23,31,0,1,30,31,1,2,28,20,5,0,15,24,0,0,24,34,4,2,28,18,0,2,16,23,7,0,16
227,4,0.0869565217391304,0.0869565217391304,0.826086956521739,0.0162647763825516,0.0445252857650105,0.0222626428825052,0.103097381589872,0.0930783047708946,0.803824313639234,0.0562464113347398,0.138409489026656,0.0692047445133281,0.156161266252459,0.0863175957841722,0.757521137963369,0.021921636152673,0.0620032839029282,0.0310016419514642,0.102353205064695,0.102561480365029,0.795085314570275,0.0208494038901317,0.0557520282920741,0.027876014146037,0.114832535885167,0.0813397129186603,0.803827751196172,0.0163624134434083,0.0452717396259399,0.0226358698129699,0.102434493772523,0.0941144195187075,0.803451086708769,22,6,4,12,18,0,1,17,27,2,1,24,29,4,2,23,25,6,1,18,34,0,5,29,31,6,2,23,23,0,1,22
227,5,0.0869565217391304,0.0869565217391304,0.826086956521739,0.0282867128784482,0.079968589533664,0.039984294766832,0.10587660699703,0.0469722269722984,0.847151166030672,0.043090691794136,0.12106878165703,0.0605343908285147,0.147490912567645,0.0627640464181208,0.789745041014234,0.0237813064061246,0.0657512100381864,0.0328756050190933,0.109536127529832,0.0540809167200372,0.836382955750131,0.0333556843984447,0.0943110534285096,0.0471555267142548,0.109452736318408,0.0398009950248756,0.850746268656716,0.0297396492726116,0.0838813139180589,0.0419406569590295,0.105205439064358,0.045015864780101,0.849778696155541,25,0,0,25,30,0,0,30,29,2,1,26,26,3,2,21,29,6,0,23,21,5,2,14,26,5,2,19,15,1,1,13
228,1,0.0434782608695652,0.130434782608696,0.826086956521739,0.0253851331224482,0.0663331777736729,0.0331665888868364,0.0103116719827288,0.13511889591746,0.854569432099812,0.0785551865357342,0.218035212565987,0.109017606282993,0.00748288900756585,0.239452388891689,0.753064722100745,0.0250704632840631,0.069563375481994,0.034781687740997,0.00869657312856826,0.141870138058236,0.849433288813196,0.0276903868325088,0.0772477838750527,0.0386238919375264,0.00485436893203883,0.155339805825243,0.839805825242718,0.023201418390893,0.0656201850240597,0.0328100925120298,0.0106681683575354,0.147126351181361,0.842205480461103,29,0,5,24,25,0,1,24,24,0,6,18,25,0,0,25,35,0,8,27,19,0,1,18,31,1,11,19,18,0,0,18
228,2,0.0434782608695652,0.130434782608696,0.826086956521739,0.0600595871802783,0.153989230716866,0.0769946153584331,0.0360390104823523,0.0608794176374755,0.903081571880172,0.0167909816330544,0.0444498956272111,0.0222249478136056,0.0618325831118578,0.10820983479509,0.829957582093052,0.0530126811219026,0.13179797472089,0.0658989873604447,0.0414885659330321,0.0665254901847839,0.891985943882184,0.0582851083856374,0.149627888758324,0.0748139443791618,0.036036036036036,0.0630630630630631,0.900900900900901,0.0584075537007086,0.14898891595978,0.07449445797989,0.037135647904796,0.0622829375935749,0.900581414501629,34,2,5,27,21,0,0,21,27,1,2,24,30,4,2,24,25,0,1,24,26,1,4,21,32,0,0,32,27,0,0,27
228,3,0.0434782608695652,0.130434782608696,0.826086956521739,0.0478923972699293,0.135316413548116,0.0676582067740581,0.0746059078937793,0.16696534235854,0.758428749747681,0.0655653298363089,0.180288228641641,0.0901441143208207,0.107358499887935,0.156698657911146,0.735942842200918,0.0543546628777698,0.152715140986991,0.0763575704934956,0.0739898995752487,0.176280714396508,0.749729386028244,0.0471400573100244,0.132860608322448,0.0664303041612241,0.0815450643776824,0.158798283261803,0.759656652360515,0.0460460227626222,0.130045844830389,0.0650229224151945,0.0729288416769198,0.166007124216535,0.761064034106545,33,0,8,25,22,3,5,14,26,0,6,20,30,0,3,27,30,1,4,25,24,4,2,18,44,5,6,33,24,6,3,15
228,4,0.0434782608695652,0.130434782608696,0.826086956521739,0.017264350792714,0.0467962818009263,0.0233981409004632,0.0200801199691021,0.148173883211367,0.831745996819531,0.020529190252805,0.0556992162904309,0.0278496081452155,0.0156286527243498,0.151463879276084,0.832907467999566,0.0207814102700056,0.0553279643178293,0.0276639821589146,0.0158142787106506,0.152859130032537,0.831326591256812,0.0310337725376516,0.0812356979405034,0.0406178489702517,0.0087719298245614,0.171052631578947,0.820175438596491,0.0215374079635853,0.0579122611918231,0.0289561305959115,0.0208180938630479,0.159390913204607,0.819790992932345,20,0,0,20,24,1,0,23,34,0,3,31,26,0,4,22,26,0,4,22,38,0,11,27,28,0,2,26,32,1,15,16
228,5,0.0434782608695652,0.130434782608696,0.826086956521739,0.0376443731590237,0.0987007286090627,0.0493503643045313,0.085446632521205,0.137816775261587,0.776736592217208,0.0345398912505689,0.0928025683852403,0.0464012841926201,0.0798961927924044,0.140418134878477,0.779685672329119,0.0218364419458899,0.0584450034339407,0.0292225017169703,0.0727007625865355,0.124471036612052,0.802828200801412,0.0353671833647414,0.0997929606625259,0.0498964803312629,0.0714285714285714,0.152380952380952,0.776190476190476,0.0386455947098184,0.0997545218220522,0.0498772609110261,0.0877667522735033,0.136023552115784,0.776209695610713,25,1,15,9,21,0,0,21,26,0,2,24,30,6,0,24,24,2,5,17,30,5,1,24,26,1,2,23,28,0,7,21
229,1,0.0869565217391304,0.0434782608695652,0.869565217391304,0.0255120355966716,0.0678548018387444,0.0339274009193721,0.0530291208197583,0.0498120723095626,0.897158806870679,0.0129271830585345,0.0333740429369692,0.0166870214684846,0.0702695002706459,0.0582890414007189,0.871441458328635,0.0204185189268023,0.0576702011890283,0.0288351005945141,0.0581214211446163,0.0565629184387808,0.885315660416603,0.0214157101260182,0.0539130434782609,0.0269565217391304,0.06,0.045,0.895,0.0240950915953357,0.0642129045597785,0.0321064522798892,0.0548500694592412,0.0496450341582177,0.895504896382541,24,2,2,20,21,0,3,18,26,0,0,26,25,0,2,23,25,2,0,23,31,2,1,28,19,0,0,19,29,6,1,22
229,2,0.0869565217391304,0.0434782608695652,0.869565217391304,0.0181413353495466,0.0512615636182236,0.0256307818091118,0.0613257399300186,0.0572731109551697,0.881401149114812,0.0346834828348694,0.0980563694026564,0.0490281847013282,0.110208155771926,0.0692548115380978,0.820537032689976,0.0275046707075266,0.067766350783972,0.033883175391986,0.0530733463471445,0.0438757201475622,0.903050933505293,0.012856170018806,0.0352285395763656,0.0176142697881828,0.0820512820512821,0.0307692307692308,0.887179487179487,0.0211954314309451,0.0595420085888688,0.0297710042944344,0.0571855174446961,0.0553413554017475,0.887473127153556,23,0,0,23,36,0,2,34,21,0,1,20,21,7,2,12,22,5,0,17,27,0,0,27,25,4,0,21,20,0,1,19
229,3,0.0869565217391304,0.0434782608695652,0.869565217391304,0.0226071053055795,0.0630393439729463,0.0315196719864731,0.10735365477323,0.0546007998219386,0.838045545404831,0.0118989468478819,0.0310683381578537,0.0155341690789268,0.100326694480966,0.0456422572066564,0.854031048312378,0.020739125118361,0.0563222684633807,0.0281611342316903,0.108134965657308,0.0504609511830782,0.841404083159614,0.0291694861655843,0.0748431754272118,0.0374215877136059,0.124378109452736,0.0398009950248756,0.835820895522388,0.024351234312267,0.0672387678196774,0.0336193839098387,0.110229702530472,0.0538244639880621,0.835945833481466,20,0,4,16,28,0,0,28,29,1,1,27,32,12,1,19,23,1,0,22,25,3,1,21,23,2,1,20,21,6,0,15
229,4,0.0869565217391304,0.0434782608695652,0.869565217391304,0.0236221425393545,0.0609434107107501,0.030471705355375,0.114050485850591,0.0468560021134798,0.839093512035929,0.0373524796545367,0.100023540559554,0.0500117702797771,0.126690907468895,0.0537556454195779,0.819553447111527,0.0446822993664954,0.124771005999111,0.0623855029995556,0.126855511039187,0.0659647745690644,0.807179714391749,0.0234662161147213,0.0603739580986709,0.0301869790493354,0.113989637305699,0.0466321243523316,0.839378238341969,0.0234666299273044,0.060375515910908,0.030187757955454,0.113989769730117,0.0466327708340329,0.83937745943585,22,6,1,15,23,2,2,19,21,4,2,15,22,3,1,18,21,2,0,19,34,1,2,31,30,1,1,28,20,3,0,17
229,5,0.0869565217391304,0.0434782608695652,0.869565217391304,0.00908783611224426,0.0255411688396717,0.0127705844198358,0.0741859373192946,0.0486116433437589,0.877202419336947,0.0282763477703162,0.0739363562574191,0.0369681781287096,0.0552685272212822,0.038198077258704,0.906533395520014,0.00745037554799285,0.0210725623108382,0.010536281155419,0.0764202405837114,0.0486991968959552,0.874880562520334,0.00584201602235013,0.0158454106280193,0.00792270531400966,0.0888888888888889,0.0355555555555556,0.875555555555556,0.00702512741581734,0.0194592163707083,0.00972960818535414,0.0772269135537763,0.0500836586058938,0.87268942784033,24,0,1,23,27,0,1,26,37,3,0,34,23,0,1,22,32,11,3,18,30,2,2,26,23,3,0,20,29,1,0,28
230,1,0.0434782608695652,0.0869565217391304,0.869565217391304,0.0272732966186611,0.0677382608903957,0.0338691304451978,0.0096091304243674,0.0879095174255782,0.902481352150054,0.0258251282820951,0.0649432706176804,0.0324716353088402,0.0110066255607251,0.117669927295451,0.871323447143824,0.0246770651532722,0.0660650849100143,0.0330325424550071,0.0104457184145582,0.0937221688283095,0.895832112757132,0.0266248885085128,0.0652173913043479,0.0326086956521739,0.0108695652173913,0.0869565217391304,0.902173913043478,0.0275240542284167,0.0684551753401967,0.0342275876700983,0.00925067319946696,0.0880168261258529,0.90273250067468,19,2,1,16,22,0,0,22,21,0,2,19,21,0,4,17,28,0,2,26,26,0,6,20,24,0,0,24,23,0,1,22
230,2,0.0434782608695652,0.0869565217391304,0.869565217391304,0.0141801509278509,0.0347848744539516,0.0173924372269758,0.0434274089911688,0.0696149363905511,0.88695765461828,0.0128214726526302,0.0354789118489658,0.0177394559244829,0.0612177167940481,0.0813377965607559,0.857444486645196,0.0115556630464802,0.0304658215130736,0.0152329107565368,0.0459694021034889,0.0717236109825936,0.882306986913917,0.0134890532575557,0.0374653098982424,0.0187326549491212,0.0372340425531915,0.074468085106383,0.888297872340426,0.0146781048409725,0.036210280014093,0.0181051400070465,0.0432190446959412,0.069110597905708,0.887670357398351,22,3,2,17,24,2,0,22,27,0,1,26,25,0,0,25,23,1,7,15,26,0,3,23,31,1,1,29,10,0,0,10
230,3,0.0434782608695652,0.0869565217391304,0.869565217391304,0.0397130653721547,0.102855333465015,0.0514276667325076,0.0373114902677561,0.0416956256084319,0.920992884123812,0.0286491663141849,0.0795660235929825,0.0397830117964912,0.0700140180459402,0.0471735099426393,0.882812472011421,0.051944808798963,0.13803706301731,0.0690185315086551,0.0307572137903113,0.0306590373097294,0.938583748899959,0.0523239487208036,0.139627329192547,0.0698136645962733,0.0571428571428571,0.0171428571428571,0.925714285714286,0.0425703125068788,0.111708176561596,0.0558540882807981,0.0350085515194349,0.0395721428084628,0.925419305672102,26,0,0,26,29,0,1,28,19,7,0,12,22,3,1,18,24,0,0,24,20,0,0,20,17,0,1,16,18,0,0,18
230,4,0.0434782608695652,0.0869565217391304,0.869565217391304,0.0308087279286714,0.0869557322848257,0.0434778661424129,3.94727152359884e-07,0.106241286590518,0.89375831868233,0.0381494288178696,0.0988064539779587,0.0494032269889793,8.61616612763605e-08,0.13635974872811,0.863640165110229,0.0308617443546452,0.0869553381857298,0.0434776690928649,5.91776700313313e-07,0.112002940692002,0.887996467531297,0.0308115150189976,0.0869565217391304,0.0434782608695652,0,0.106194690265487,0.893805309734513,0.0308259031617172,0.0869545499077271,0.0434772749538636,9.85915701608778e-07,0.105929407863725,0.894069606220574,31,0,0,31,25,0,5,20,28,0,3,25,33,0,4,29,21,0,0,21,25,0,5,20,31,0,4,27,32,0,3,29
230,5,0.0434782608695652,0.0869565217391304,0.869565217391304,0.019536466576503,0.0542208252000274,0.0271104126000137,0.0253100906703939,0.114066934339144,0.860622974990462,0.0620773520194252,0.169704568433879,0.0848522842169395,0.0205576012722059,0.17180880595607,0.807633592771724,0.0163873441387921,0.0411888315856498,0.0205944157928249,0.0239767007146292,0.107550937531955,0.868472361753415,0.0189375572655349,0.052687941743414,0.026343970871707,0.0344827586206897,0.113300492610837,0.852216748768473,0.0201635160887811,0.0568254402399424,0.0284127201199712,0.0271768893222755,0.115369241859102,0.857453868818623,30,1,0,29,20,0,0,20,25,0,6,19,32,6,1,25,20,0,1,19,20,0,4,16,28,0,8,20,28,0,3,25
231,1,0.0434782608695652,0.0434782608695652,0.91304347826087,0.0227655333602455,0.0591207591361283,0.0295603795680641,0.0472111779762048,0.0693057233309897,0.883483098692805,0.0636722558238373,0.16309632800236,0.0815481640011799,0.0511818582415355,0.117322827498775,0.83149531425969,0.00733479998214085,0.0203441731869798,0.0101720865934899,0.0366328350339938,0.0536503474630551,0.909716817502951,0.0197363754400335,0.0514390691977954,0.0257195345988976,0.0469483568075117,0.0657276995305164,0.887323943661972,0.0195537822714982,0.0503959564731512,0.0251979782365755,0.0462120575785012,0.0659424423972049,0.887845500024294,28,0,3,25,23,0,1,22,31,0,0,31,21,1,2,18,29,7,0,22,28,0,0,28,29,0,0,29,24,2,8,14
231,2,0.0434782608695652,0.0434782608695652,0.91304347826087,0.0354610667005534,0.0993804700309622,0.0496902350154812,0.0244975517199909,0.0127687350036585,0.962733713276351,0.0680514061830909,0.192478443065754,0.0962392215328769,0.0915999461027981,0.0915957971692093,0.816804256727993,0.0379273546773391,0.106636466851768,0.0533182334258842,0.0218788711737871,0.0117594171394593,0.966361711686754,0.032328503666978,0.0914388166741373,0.0457194083370687,0.0206185567010309,0.0206185567010309,0.958762886597938,0.0328265385477575,0.0916470961196236,0.0458235480598118,0.0270104205721475,0.0141225531071712,0.958867026320681,31,0,0,31,29,3,4,22,21,0,0,21,22,0,0,22,26,0,0,26,21,0,0,21,24,1,0,23,20,0,0,20
231,3,0.0434782608695652,0.0434782608695652,0.91304347826087,0.0394313232249742,0.10818432771875,0.0540921638593749,0.0281698206820034,0.00469453719775228,0.967135642120244,0.0256000996072906,0.0695656115823771,0.0347828057911885,0.0521711026298829,0.00869545507837673,0.93913344229174,0.0308224818574493,0.0797223399471398,0.0398611699735699,0.0388235859385777,0.00827176582698282,0.952904648234439,0.0394315620950827,0.108185343947744,0.0540926719738722,0.028169014084507,0.00469483568075117,0.967136150234742,0.0394315053373415,0.108185199704702,0.0540925998523508,0.0281690134125269,0.00469490847425279,0.96713607811322,19,0,0,19,26,0,0,26,33,1,1,31,25,0,0,25,32,0,0,32,23,1,0,22,24,2,0,22,31,2,0,29
231,4,0.0434782608695652,0.0434782608695652,0.91304347826087,0.0126597257904491,0.034330817060132,0.017165408530066,0.0564671594257065,0.0263128523394992,0.917219988234794,0.0110648101333111,0.0311690077175641,0.0155845038587821,0.0524901293518289,0.0278937570107832,0.919616113637388,0.0148039569251259,0.0409294426476523,0.0204647213238261,0.0498854291421891,0.0230135395457391,0.927101031312072,0.0149617907485233,0.0420127015144114,0.0210063507572057,0.0561797752808989,0.0224719101123595,0.921348314606742,0.0130601193234477,0.0368593860253153,0.0184296930126576,0.0537466189840115,0.0250485678569076,0.921204813159081,21,0,3,18,23,0,0,23,26,1,0,25,20,1,1,18,23,0,0,23,21,7,0,14,16,1,0,15,28,0,0,28
231,5,0.0434782608695652,0.0434782608695652,0.91304347826087,0.0234688575641556,0.0628044287833221,0.031402214391661,0.0498731007403586,0.0684856353904329,0.881641263869208,0.0513765699375086,0.140578421583856,0.070289210791928,0.0626886878272945,0.0945570447037638,0.842754267468942,0.0248255609654231,0.0667838980782394,0.0333919490391197,0.0507829617588588,0.0695655090193913,0.87965152922175,0.02087195071951,0.0579710144927535,0.0289855072463767,0.0531400966183575,0.0628019323671498,0.884057971014493,0.0229367794853299,0.0612944956471097,0.0306472478235548,0.0495984381242914,0.0680053314383939,0.882396230437315,33,0,2,31,33,2,0,31,25,6,4,15,19,0,0,19,26,0,0,26,18,1,1,16,25,0,3,22,28,2,3,23
