"p1","p2","p3","rmse_i","rmse_ii","rmse_iii","Sample size by group"
0.02,0.02,0.96,0.00709787072118512,0.00616654785162175,0.00783151930728512,"96-210-382-72-157-75-214-98-135-119"
0.02,0.04,0.94,0.00668415022896317,0.00695786812062782,0.00284652435197587,"218-140-112-212-312-126-355-323-55-416"
0.02,0.06,0.92,0.0237331605354512,0.0173644753169684,0.0157492779034909,"216-195-290-316-367-52-90-177-79-198"
0.02,0.08,0.9,0.02652945842006,0.0356041524837733,0.025767461705429,"157-228-145-154-157-162-137-58-350-157"
0.02,0.1,0.88,0.023883460336151,0.0291126672469276,0.0122624344712112,"422-78-425-490-421-236-76-81-348-117"
0.02,0.12,0.86,0.0188717656919477,0.0391401730218268,0.0187370299409284,"270-210-191-61-248-477-101-111-52-101"
0.02,0.14,0.84,0.0277070660542432,0.00994970407409665,0.030722692300696,"148-175-142-162-64-84-204-216-337-56"
0.02,0.16,0.82,0.0246342375051273,0.0101538353648021,0.0291265389232379,"97-137-235-468-447-303-135-86-159-148"
0.02,0.18,0.8,0.0293918599904627,0.0372139040293795,0.0270943959520924,"383-146-148-429-495-130-120-274-469-82"
0.02,0.2,0.78,0.0107013957992061,0.00984444815898413,0.0102894743566748,"170-281-412-300-167-323-110-330-269-61"
0.02,0.22,0.76,0.0180031868416995,0.00809816954479661,0.0150012968410893,"159-302-196-144-222-116-152-207-135-444"
0.02,0.24,0.74,0.00555454142930066,0.016578658283618,0.0055044977363319,"176-59-58-84-82-254-341-232-435-376"
0.02,0.26,0.72,0.0592047802273449,0.0694154571694404,0.0595297457851048,"61-104-154-350-108-54-65-187-147-322"
0.02,0.28,0.7,0.0170261181539074,0.00835878261429074,0.0140300676701317,"487-492-353-252-161-292-110-85-312-373"
0.02,0.3,0.68,0.0596957459082254,0.0726934943230739,0.0518864781369492,"164-202-327-96-168-212-203-154-383-145"
0.02,0.32,0.66,0.0387118598440298,0.0248215089156624,0.0260009241557825,"74-70-75-426-103-112-413-129-73-142"
0.02,0.34,0.64,0.022807781348096,0.0370004264070256,0.0277895670166213,"346-485-277-291-61-63-213-152-123-192"
0.02,0.36,0.62,0.00422856743833185,0.00969854706078797,0.00743749602124888,"181-217-255-164-130-60-125-114-311-85"
0.02,0.38,0.6,0.00220886368785621,0.0222139726338418,0.00215060146226278,"63-236-52-53-202-172-60-79-58-341"
0.02,0.4,0.58,0.0374629179693155,0.0580282152739401,0.0360183451034046,"70-106-133-456-79-300-112-125-273-377"
0.02,0.42,0.56,0.0215225575755587,0.0113725067198197,0.0137506925103896,"415-122-149-205-193-62-161-327-154-245"
0.02,0.44,0.54,0.44929574521318,0.0308743360161426,0.0163094003178804,"69-131-57-84-446-298-72-243-90-213"
0.02,0.46,0.52,0.00779273647732243,0.00899089648747004,0.00990995034552782,"225-95-489-86-121-70-362-140-329-196"
0.02,0.48,0.5,0.0348263114632965,0.0218692782581875,0.0303255622210614,"76-368-326-261-64-353-109-424-93-492"
0.02,0.5,0.48,0.400331253801485,0.0412238082383901,0.0156904803480578,"367-114-104-61-75-223-247-78-133-85"
0.02,0.52,0.46,0.0189979483315529,0.0168325426302722,0.00860645692401034,"147-141-494-156-159-194-215-294-478-187"
0.02,0.54,0.44,0.0170738993952126,0.00547751374124645,0.0121610493783711,"58-124-187-378-76-74-258-60-478-85"
0.02,0.56,0.42,0.0366421437259082,0.0315708919588818,0.0384247119609538,"81-141-215-56-190-299-113-151-112-447"
0.02,0.58,0.4,0.0156034163287853,0.0269877808287867,0.0178474184214292,"178-66-111-239-140-74-211-107-455-133"
0.02,0.6,0.38,0.0491637911948332,0.0440727937963104,0.0595703219029591,"458-53-192-472-163-66-55-210-114-94"
0.02,0.62,0.36,0.0292920079412828,0.0109695696125232,0.0120385703730984,"53-110-399-171-127-301-219-120-372-315"
0.02,0.64,0.34,0.0260095343302693,0.00873059108626988,0.0225511155959206,"60-51-79-226-335-54-90-56-75-62"
0.02,0.66,0.32,0.030417264621095,0.0414916509148575,0.0116643698491374,"145-214-121-109-50-65-108-353-53-72"
0.02,0.68,0.3,0.00810563888549857,0.0189709842373666,0.00934823031631991,"310-207-433-61-126-216-63-431-436-482"
0.02,0.7,0.28,0.016684467784483,0.0229890186750926,0.0268323800491803,"266-233-55-104-120-63-221-175-364-53"
0.02,0.72,0.26,0.0177754322509258,0.0306915548217287,0.0232273063546313,"191-490-122-492-52-231-179-465-75-256"
0.02,0.74,0.24,0.0763710593352047,0.0357821176521115,0.0660339625279703,"73-53-80-137-112-280-94-63-66-83"
0.02,0.76,0.22,0.00571477266296769,0.0289340714426746,0.00853574164937267,"189-438-308-129-193-463-229-170-454-111"
0.02,0.78,0.2,0.0443577497276442,0.0318709601868798,0.0435269998182695,"68-302-441-293-106-283-472-230-158-356"
0.02,0.8,0.18,0.00885371564182248,0.006609077680915,0.00907879638148721,"310-270-248-69-87-156-391-54-243-85"
0.02,0.82,0.16,0.0342644820759843,0.00497391030102669,0.0380226008340243,"145-70-71-90-76-137-57-146-93-500"
0.02,0.84,0.14,0.0407193201401358,0.0396337569552883,0.0232991555396626,"53-66-162-391-245-115-280-55-74-200"
0.02,0.86,0.12,0.00870488216630403,0.010768956062416,0.0111981383793151,"187-207-109-472-192-87-130-362-137-76"
0.02,0.88,0.1,0.00733013329438217,0.0157868105261382,0.0152848963013846,"119-75-75-64-61-137-176-67-454-182"
0.02,0.9,0.08,0.0104247425359511,0.0109127220213497,0.0133327596660765,"65-191-145-259-316-360-108-302-161-55"
0.02,0.92,0.06,0.0106929792722246,0.0155626381437027,0.00647352354689681,"185-66-100-53-259-450-388-66-89-76"
0.02,0.94,0.04,0.00938006369256687,0.0140449691908313,0.000486956096441853,"75-164-116-460-53-331-152-475-465-207"
0.02,0.96,0.02,0.0030030759115381,0.0272697452741274,0.00331143674490282,"187-66-312-57-446-296-236-347-352-274"
0.04,0.02,0.94,0.00532530424200792,0.00355986090587676,0.00892230165730673,"291-421-379-116-96-102-200-138-153-62"
0.04,0.04,0.92,0.0181903510517428,0.0453280974357211,0.0131349393305298,"129-61-157-202-134-64-191-208-193-109"
0.04,0.06,0.9,0.00475266230093635,0.0100057356096111,0.00411868655858837,"200-74-340-106-133-61-158-64-202-328"
0.04,0.08,0.88,0.0250245624256441,0.0230287316056621,0.0164291723734736,"168-405-107-151-67-255-451-50-258-145"
0.04,0.1,0.86,0.0156198323462583,0.0429001082776657,0.0119039279087394,"126-397-153-88-239-69-198-126-264-349"
0.04,0.12,0.84,0.0178070531301376,0.0125707644262337,0.0169397569097929,"357-81-245-73-280-377-62-78-137-289"
0.04,0.14,0.82,0.010915275891821,0.0144153598529113,0.0172262819514345,"141-143-337-333-53-80-290-258-462-86"
0.04,0.16,0.8,0.00462529178794077,0.0101281355142826,0.0024161394075292,"170-87-302-385-90-118-83-458-372-169"
0.04,0.18,0.78,0.00428703559573566,0.0298173902418765,0.0120513297898508,"105-110-220-307-430-189-265-292-92-128"
0.04,0.2,0.76,0.0314164113264061,0.0273951118269683,0.0312323854949733,"124-169-54-135-57-210-73-177-241-142"
0.04,0.22,0.74,0.00934892521816863,0.0349972595453224,0.00821685444978688,"112-174-173-91-301-116-128-69-131-184"
0.04,0.24,0.72,0.00779001856826314,0.012578983483232,0.00672224982187108,"55-338-163-121-59-279-75-56-98-183"
0.04,0.26,0.7,0.0252945293413556,0.0374514316091986,0.0307354918736609,"84-374-285-458-191-81-88-215-140-100"
0.04,0.28,0.68,0.0256262030309536,0.0368263152168999,0.0302329237955076,"157-147-330-69-142-420-408-266-122-378"
0.04,0.3,0.66,0.0292557931981875,0.0104147742100889,0.0239475290570493,"242-214-363-190-108-347-482-206-152-168"
0.04,0.32,0.64,0.0155087891768717,0.0103580166064411,0.0202245363544172,"272-374-396-57-121-245-101-145-243-493"
0.04,0.34,0.62,0.02019440852154,0.0157127522961455,0.0123497277843025,"485-156-102-135-114-323-115-81-170-296"
0.04,0.36,0.6,0.0264237385043904,0.0354942775486785,0.0250357130426184,"341-212-273-102-54-52-54-451-205-179"
0.04,0.38,0.58,0.0291523780772322,0.0260918993607683,0.0283069489954418,"365-159-111-68-419-256-180-189-423-115"
0.04,0.4,0.56,0.0218166201133447,0.0295450470085939,0.0249348650891785,"58-314-304-62-91-189-98-73-195-470"
0.04,0.42,0.54,0.458112067802919,0.00509313236402287,0.0163873405759046,"117-225-499-405-335-303-494-230-66-375"
0.04,0.44,0.52,0.0144075436605095,0.0410660515602346,0.0228251265192505,"64-151-482-205-480-70-241-411-126-83"
0.04,0.46,0.5,0.0175314714713238,0.0103227530879105,0.0144922062697759,"111-303-432-203-105-64-65-376-68-273"
0.04,0.48,0.48,0.0160891617830945,0.0393665114510644,0.0137702254681819,"293-96-397-91-380-260-203-51-74-410"
0.04,0.5,0.46,0.0253909246138937,0.007045995530688,0.0271211947152116,"261-422-112-103-262-86-379-180-98-383"
0.04,0.52,0.44,0.0150711060820199,0.0250536023948608,0.0122567158293354,"382-229-145-471-96-214-426-441-82-394"
0.04,0.54,0.42,0.0171525079359862,0.0157365243566673,0.0176247192319764,"194-145-52-82-445-273-212-280-111-453"
0.04,0.56,0.4,0.0227256795845412,0.0360486012841345,0.0275008741683612,"90-384-224-200-145-118-140-62-64-478"
0.04,0.58,0.38,0.0182802615890497,0.00835647310979664,0.0165632236820629,"168-255-101-56-209-327-381-263-89-360"
0.04,0.6,0.36,0.00299977238383104,0.0118020792661158,0.000788283221787506,"222-106-274-224-141-227-182-486-313-86"
0.04,0.62,0.34,0.0259616268501754,0.0212565493126571,0.0193542309098561,"459-163-414-68-106-265-96-170-91-325"
0.04,0.64,0.32,0.0127330627350665,0.0173634182877702,0.0163510059546905,"485-344-69-419-475-399-465-434-93-92"
0.04,0.66,0.3,0.0439977648077745,0.0429287079822612,0.0406251163508932,"66-57-365-96-137-193-63-208-85-389"
0.04,0.68,0.28,0.0461207044141605,0.00744979545374364,0.0465311780496959,"98-145-70-175-237-146-165-337-132-130"
0.04,0.7,0.26,0.00523104599539012,0.0352070478600419,0.00957721127739227,"438-111-156-419-115-474-182-147-107-333"
0.04,0.72,0.24,0.00897911103842596,0.00715741337934294,0.00921375322717741,"169-98-183-269-79-78-107-159-433-301"
0.04,0.74,0.22,0.0341396219250874,0.0146071867552914,0.0267512462756505,"270-458-106-103-232-53-106-281-54-51"
0.04,0.76,0.2,0.00429701285737662,0.0147486794864975,0.00819424959318049,"202-360-225-68-179-115-98-232-188-66"
0.04,0.78,0.18,0.0193543111448345,0.0243250856109481,0.019818054388921,"168-172-371-141-69-105-133-61-276-52"
0.04,0.8,0.16,0.0278941499016076,0.00995221729593334,0.0243928631180099,"111-107-92-143-287-183-194-58-432-443"
0.04,0.82,0.14,0.00682103896829088,0.0104116563673391,0.00969965781439966,"234-334-174-247-57-88-114-97-58-133"
0.04,0.84,0.12,0.0253271852419207,0.0529898421908064,0.0127643377064541,"74-354-308-121-179-122-283-257-402-100"
0.04,0.86,0.1,0.00097754522092849,0.00609631705632215,0.00337821961878711,"86-94-107-67-342-123-442-402-368-401"
0.04,0.88,0.08,0.0293992014702041,0.0263598598759427,0.031370119285792,"88-493-150-134-198-297-66-120-351-85"
0.04,0.9,0.06,0.0103471641150994,0.0201954899909632,0.0162693391702601,"429-247-319-59-122-130-281-301-138-109"
0.04,0.92,0.04,0.0121016611574295,0.0158834136125394,0.0109610128642126,"160-59-438-409-61-405-61-139-186-467"
0.04,0.94,0.02,0.0243894715104851,0.00311699863913301,0.00910104990937431,"480-367-74-129-353-60-374-172-314-105"
0.06,0.02,0.92,0.019677881708994,0.0291083734417114,0.0158178120279173,"307-233-239-386-56-68-76-82-113-238"
0.06,0.04,0.9,0.0236670499936686,0.0269810264797619,0.0247533721025867,"51-338-74-163-67-262-64-67-195-152"
0.06,0.06,0.88,0.0186667777040301,0.00874239099738454,0.0187025231422438,"272-52-352-69-278-63-64-208-101-266"
0.06,0.08,0.86,0.0227279767104798,0.0139306956022075,0.0229119260013339,"88-73-171-79-181-131-295-76-67-152"
0.06,0.1,0.84,0.114309521329879,0.0180011050970133,0.012923991075745,"111-77-97-87-422-317-158-119-373-113"
0.06,0.12,0.82,0.0303443930284499,0.0632869697868938,0.0233609941140545,"176-178-332-254-62-181-67-345-264-55"
0.06,0.14,0.8,0.0170409923684881,0.0466897560365513,0.0255272410731997,"146-116-284-210-105-156-310-191-73-73"
0.06,0.16,0.78,0.0119148014606333,0.0252466364628221,0.0118058045137686,"78-331-234-308-324-146-158-136-362-466"
0.06,0.18,0.76,0.0169381734570949,0.00275064725025769,0.00879249788887969,"402-71-421-250-146-291-282-95-84-78"
0.06,0.2,0.74,0.00387116605884818,0.00131362413852859,0.0145234789323644,"362-238-342-101-257-74-89-311-53-113"
0.06,0.22,0.72,0.0136939462261616,0.0108356682015757,0.00891670699581125,"95-57-54-57-106-259-387-376-254-94"
0.06,0.24,0.7,0.0247535349311371,0.04487540334925,0.0203466342288232,"363-231-244-391-93-323-163-207-136-162"
0.06,0.26,0.68,0.00952991587086946,0.0288868381576822,0.0168246701115172,"159-259-317-65-94-104-179-51-225-225"
0.06,0.28,0.66,0.0240613081850423,0.0434682977476902,0.0194428977697609,"346-200-53-500-111-166-62-131-178-83"
0.06,0.3,0.64,0.0454415666806041,0.0843126259088335,0.0391296993594204,"92-93-306-469-213-497-134-259-263-171"
0.06,0.32,0.62,0.00342608771315257,0.0438220328156741,0.0126453413247062,"69-172-423-82-487-140-212-71-134-227"
0.06,0.34,0.6,0.0256886348053618,0.0261958070683882,0.0269336745780643,"52-126-205-127-77-246-119-198-203-491"
0.06,0.36,0.58,0.0293720090914161,0.04028648850742,0.0267034680945449,"201-230-167-100-248-135-54-169-294-249"
0.06,0.38,0.56,0.00659227368959842,0.0451023797200611,0.0130710199025327,"153-54-72-100-147-306-270-231-85-54"
0.06,0.4,0.54,0.00904005556263191,0.0320210644910551,0.0158445577281315,"340-93-110-326-239-76-286-111-375-316"
0.06,0.42,0.52,0.0287945843781758,0.0268419096822726,0.0133052535489476,"203-224-149-435-99-103-102-94-70-99"
0.06,0.44,0.5,0.0194950793152795,0.0365258556685002,0.018666345302558,"162-59-164-109-52-81-289-497-336-81"
0.06,0.46,0.48,0.019065346832522,0.0325386723703695,0.0097612065979505,"61-85-322-92-466-115-95-94-56-377"
0.06,0.48,0.46,0.0248735776333995,0.418568990729127,0.0114256578169825,"375-66-221-93-231-148-143-105-62-492"
0.06,0.5,0.44,0.0200876316739442,0.0235366273185459,0.0274932070411821,"247-483-139-390-72-207-61-342-163-235"
0.06,0.52,0.42,0.024671612801856,0.021202560790162,0.0249677636188268,"57-77-280-342-388-139-69-459-250-51"
0.06,0.54,0.4,0.0252520986720875,0.0365598621431003,0.02003457966847,"56-132-276-119-151-173-353-85-445-402"
0.06,0.56,0.38,0.0080539976105437,0.0245136573710918,0.0139958622407631,"56-302-93-458-487-56-415-81-193-330"
0.06,0.58,0.36,0.016268229863852,0.0106470412522411,0.0191610285896695,"79-420-56-130-106-495-213-207-219-54"
0.06,0.6,0.34,0.00888211710224167,0.00736955195804852,0.00932202354978155,"87-412-195-134-168-398-370-183-321-156"
0.06,0.62,0.32,0.0426197266268558,0.048264352942133,0.0431134098810882,"274-67-155-79-323-80-61-75-70-268"
0.06,0.64,0.3,0.0103255364346834,0.0280869623187906,0.0143724761620586,"113-338-214-159-58-360-61-55-436-60"
0.06,0.66,0.28,0.0120497497033566,0.0158798861617253,0.00269753013595724,"98-356-296-87-104-401-399-194-67-56"
0.06,0.68,0.26,0.0114967418129697,0.0223129918511543,0.0112553185754402,"121-338-91-195-321-134-427-282-228-166"
0.06,0.7,0.24,0.049699973155406,0.0450541468951217,0.0501833421667867,"93-61-448-112-188-295-349-441-190-333"
0.06,0.72,0.22,0.022950561903105,0.0184405782341889,0.0304542101080497,"56-152-377-58-94-147-66-62-113-366"
0.06,0.74,0.2,0.0147670154765751,0.00385513616028914,0.0161289436113915,"260-222-100-114-127-348-199-143-133-214"
0.06,0.76,0.18,0.0258548374701377,0.0187583618748003,0.0132448268311346,"64-299-82-113-257-110-265-490-137-212"
0.06,0.78,0.16,0.00961010786309712,0.0150116234939931,0.0129605539497415,"372-425-287-253-278-133-230-145-332-111"
0.06,0.8,0.14,0.0355805324869159,0.0160085164700325,0.0253499417316099,"122-143-211-284-81-296-86-201-399-301"
0.06,0.82,0.12,0.0164202414346378,0.0546338303044183,0.0198640739428527,"224-406-271-479-225-76-73-98-366-348"
0.06,0.84,0.1,0.00504036047699239,0.0116564306941341,0.00620031790682997,"56-94-51-267-63-143-245-124-142-131"
0.06,0.86,0.08,0.0225399427206286,0.021640519565634,0.0214840252697921,"111-252-485-253-288-54-133-152-251-464"
0.06,0.88,0.06,0.0344142318594173,0.0452445017240344,0.0384813249534679,"368-55-167-256-422-220-325-152-111-125"
0.06,0.9,0.04,0.00417332511882047,0.00596263542985458,0.0038086329842444,"78-272-177-268-418-223-126-214-63-497"
0.06,0.92,0.02,0.00184143053653326,0.00332282603778659,0.00536749000501562,"196-52-63-175-295-100-66-401-443-60"
0.08,0.02,0.9,0.0316401982275009,0.0322919239889735,0.02229295102679,"81-165-60-257-80-484-356-65-315-336"
0.08,0.04,0.88,0.0100833854304344,0.0124352477582279,0.00668070207839948,"182-88-118-87-172-469-136-86-223-68"
0.08,0.06,0.86,0.00675728475803187,0.0189295662103486,0.00648394205813238,"80-68-159-77-384-71-235-151-300-236"
0.08,0.08,0.84,0.0294656473326815,0.113137084989848,0.0265310956747681,"407-418-221-208-429-371-133-288-57-219"
0.08,0.1,0.82,0.0291956221629324,0.34117065897519,0.0246801879854405,"104-108-127-162-70-74-226-138-406-147"
0.08,0.12,0.8,0.0350587725697762,0.0255321985287738,0.0294989750860073,"89-161-247-187-407-157-112-151-72-218"
0.08,0.14,0.78,0.00899491540798927,0.0277882017152597,0.0139473143258215,"477-116-167-75-281-87-301-113-59-261"
0.08,0.16,0.76,0.0441142885676806,0.0137120273335211,0.037116462526839,"97-184-295-459-240-78-118-223-68-481"
0.08,0.18,0.74,0.0157433019289665,0.0125864748530393,0.00905261440041457,"122-401-68-60-437-93-248-192-406-73"
0.08,0.2,0.72,0.00909585314228611,0.00723864160390965,0.0120883583669017,"56-170-264-64-87-319-101-102-351-433"
0.08,0.22,0.7,0.00769884125537635,0.0210692016657069,0.00427435883612101,"415-347-324-63-381-226-132-140-290-234"
0.08,0.24,0.68,0.0191738917221198,0.0315737043301912,0.0200572600915336,"164-69-287-58-355-478-135-51-363-258"
0.08,0.26,0.66,0.0297203834727467,0.00503841403952899,0.031662186766102,"73-476-267-334-452-83-65-67-52-253"
0.08,0.28,0.64,0.044308210687531,0.0249297020192511,0.0461083157293802,"117-103-50-148-72-489-191-128-384-242"
0.08,0.3,0.62,0.0213303891507629,0.0120572842834193,0.00877076407683745,"452-211-322-99-222-169-178-107-119-53"
0.08,0.32,0.6,0.525610755850602,0.0199917183223935,0.0142530936064662,"440-186-237-62-82-57-151-157-69-242"
0.08,0.34,0.58,0.0343902238923042,0.0315643570743493,0.0341993245925799,"161-55-60-71-170-170-407-275-63-112"
0.08,0.36,0.56,0.0163045357970668,0.00787196699667109,0.0197751989075618,"496-350-223-326-84-341-193-293-147-126"
0.08,0.38,0.54,0.0228340536326883,0.0192781496015383,0.0229544467538193,"333-74-200-77-207-137-226-160-194-201"
0.08,0.4,0.52,0.0392502002969555,0.0457535563390783,0.0359521327641466,"69-121-120-119-220-129-471-375-304-197"
0.08,0.42,0.5,0.0304779559558521,0.00897783059115025,0.0479531933497868,"310-75-341-54-253-68-112-85-85-51"
0.08,0.44,0.48,0.0465101709345339,0.428330090778886,0.0394040404545373,"202-162-158-150-325-145-249-293-250-64"
0.08,0.46,0.46,0.0140450651454655,0.0243737427831025,0.0139031939070285,"248-63-191-119-451-168-99-122-84-172"
0.08,0.48,0.44,0.010639988999587,0.0616222093717678,0.0247817600977169,"399-290-130-239-419-231-272-171-71-240"
0.08,0.5,0.42,0.0397236104975547,0.444522215417857,0.0238844712195597,"115-314-133-115-105-207-302-445-151-474"
0.08,0.52,0.4,0.0341750717045212,0.0623171786701273,0.0349917590180185,"108-343-62-70-493-281-234-64-235-123"
0.08,0.54,0.38,0.0193005555231892,0.0291245992634058,0.0177524541313834,"221-215-99-196-272-105-74-490-250-248"
0.08,0.56,0.36,0.0242179436023524,0.0415483134270469,0.0146862351408671,"248-75-109-141-292-191-105-175-65-72"
0.08,0.58,0.34,0.021588275755841,0.0232865304998621,0.0242114802277188,"77-104-257-193-106-130-166-490-391-210"
0.08,0.6,0.32,0.0253552475317999,0.0393406091269412,0.0285729398699822,"99-118-104-252-58-134-52-90-124-100"
0.08,0.62,0.3,0.0417326687495421,0.00878811984941883,0.0319463770395949,"154-165-131-140-129-427-202-68-206-109"
0.08,0.64,0.28,0.0158583954107215,0.0249520919965405,0.0182073646556055,"376-137-308-401-63-89-100-166-252-122"
0.08,0.66,0.26,0.00691999935301432,0.0149231341757903,0.00776225120690804,"175-361-261-320-50-107-274-257-119-171"
0.08,0.68,0.24,0.0447765516932718,0.0318399680919104,0.0462161002396251,"103-54-244-84-121-493-340-215-122-425"
0.08,0.7,0.22,0.0549159835038976,0.0509567690803096,0.0437790923825461,"182-411-273-52-61-59-54-476-59-116"
0.08,0.72,0.2,0.0293264367029397,0.0254431530466212,0.0367551931950187,"51-114-128-70-224-491-66-52-118-91"
0.08,0.74,0.18,0.0401772274658697,0.0400138754970618,0.0469642960794534,"272-341-145-162-150-138-228-336-277-73"
0.08,0.76,0.16,0.0212537149962166,0.0342429660144526,0.014926157761614,"88-67-457-176-461-138-171-56-288-418"
0.08,0.78,0.14,0.0184382774925378,0.0183599638017729,0.0291677759573414,"221-110-57-145-260-52-62-77-240-146"
0.08,0.8,0.12,0.0209477585414944,0.0225402426149655,0.0179199444831895,"114-84-139-131-465-318-59-82-227-370"
0.08,0.82,0.1,0.0269331043458746,0.0121065216497588,0.0269946167555497,"176-180-91-94-303-412-301-67-284-68"
0.08,0.84,0.08,0.00829365715493536,0.0211479268835179,0.0065024275345582,"405-342-60-59-437-414-92-282-463-279"
0.08,0.86,0.06,0.0107366153696039,0.0289313929398657,0.0136196810112454,"127-51-58-87-51-393-256-74-155-59"
0.08,0.88,0.04,0.01555635272849,0.0213374372067256,0.0163080310144592,"411-75-474-90-187-423-376-115-454-138"
0.08,0.9,0.02,0.00181137148589515,0.0145879026989163,0.00183857515024754,"195-64-219-50-230-342-122-499-87-56"
0.1,0.02,0.88,0.0110827584296548,0.726819555781672,0.0064119221246923,"117-58-137-112-66-493-254-64-153-120"
0.1,0.04,0.86,0.0221244862300236,0.0594222124014568,0.025273152097875,"105-80-85-75-136-103-338-64-143-58"
0.1,0.06,0.84,0.0380540696931897,0.0774273620698528,0.0430807531009964,"56-86-66-72-86-90-269-65-54-77"
0.1,0.08,0.82,0.00611464706738645,0.00862858171079977,0.00360999843890335,"433-135-278-432-147-265-82-278-163-151"
0.1,0.1,0.8,0.00839045334223572,0.0127825160459185,0.00843521678532141,"477-104-250-262-150-169-59-185-289-83"
0.1,0.12,0.78,0.0228734221790955,0.69108567355418,0.0144907593649795,"197-440-213-80-413-270-320-51-450-111"
0.1,0.14,0.76,0.00883760115862952,0.0196549855701806,0.0107738659916007,"73-104-419-384-151-69-112-77-189-51"
0.1,0.16,0.74,0.0289907926362695,0.0382979427820649,0.0195595711909827,"56-110-181-82-136-221-61-104-252-60"
0.1,0.18,0.72,0.0120681830149503,0.0184699675279561,0.0119507293536483,"83-58-223-92-56-161-60-190-272-178"
0.1,0.2,0.7,0.0114545605370549,0.0127559648204469,0.0285973716171019,"233-86-70-211-321-371-267-452-86-174"
0.1,0.22,0.68,0.0101180143754061,0.0361697850628467,0.00357046927985721,"401-100-184-82-425-114-112-482-149-122"
0.1,0.24,0.66,0.0143877945801312,0.0112238918880287,0.0135183497462135,"115-480-174-51-353-85-244-232-120-327"
0.1,0.26,0.64,0.0160049825381528,0.0156531409838956,0.0147389712407126,"156-182-214-76-421-431-221-66-140-170"
0.1,0.28,0.62,0.0151135018591175,0.0293608006378247,0.0175474998020429,"55-482-81-118-210-481-93-121-143-159"
0.1,0.3,0.6,0.0161544927017667,0.0225761000716004,0.0186214645044119,"103-219-341-55-298-355-209-437-385-207"
0.1,0.32,0.58,0.0264606832532306,0.0427609437472613,0.0197821301742463,"78-90-317-63-185-86-92-82-168-208"
0.1,0.34,0.56,0.0390809564041466,0.0238038800379574,0.0355320960309794,"261-448-377-64-122-158-493-146-369-156"
0.1,0.36,0.54,0.0294352612156764,0.013427627911581,0.0312418900519537,"463-185-394-153-474-61-206-67-108-230"
0.1,0.38,0.52,0.0284948583141698,0.0354045051874859,0.0220644116689774,"81-209-410-161-210-65-443-81-98-97"
0.1,0.4,0.5,0.0516141576994142,0.0227636465565601,0.0433623762077234,"155-56-80-194-176-248-334-73-308-56"
0.1,0.42,0.48,0.0115531981085005,0.0387618126774886,0.0106711219173939,"414-137-92-93-110-129-109-102-71-97"
0.1,0.44,0.46,0.0217898308827249,0.0932796524598783,0.0518751083322423,"72-124-64-326-236-62-88-52-94-162"
0.1,0.46,0.44,0.0501322637918693,0.625645617555861,0.0389643048063357,"88-104-69-205-181-96-69-77-67-355"
0.1,0.48,0.42,0.00440403619536792,0.0130363867158106,0.0102278981869369,"111-99-489-51-183-81-91-58-363-198"
0.1,0.5,0.4,0.035654844163346,0.0589650811420384,0.0353859338698899,"458-177-96-63-142-242-155-174-301-353"
0.1,0.52,0.38,0.0309074855031201,0.0190868049232139,0.0233096172612562,"122-100-128-238-117-93-113-181-86-112"
0.1,0.54,0.36,0.00728820993581023,0.0106532042858812,0.00910975037274457,"400-155-194-67-126-251-278-95-214-88"
0.1,0.56,0.34,0.0223896164292943,0.022994705573485,0.0223381631142849,"342-474-138-247-54-482-467-142-78-116"
0.1,0.58,0.32,0.0371012790311397,0.06090212147574,0.0389242959604829,"54-164-108-122-176-306-163-63-293-249"
0.1,0.6,0.3,0.0300780173394068,0.0584871136742964,0.0410743674153892,"220-197-120-118-138-67-130-59-191-62"
0.1,0.62,0.28,0.0255007060980896,0.031848637285335,0.0267579368194207,"476-92-467-262-78-66-56-259-87-170"
0.1,0.64,0.26,0.0127824266652598,0.0423436395299575,0.0282256968294628,"109-284-147-154-447-85-53-383-464-67"
0.1,0.66,0.24,0.0202875919081772,0.0216175280469521,0.0248244881390998,"285-86-230-151-155-459-106-71-86-122"
0.1,0.68,0.22,0.0362177672077281,0.0653315212668368,0.0393920704631472,"235-166-213-54-60-107-193-117-100-85"
0.1,0.7,0.2,0.016697030408696,0.0182903750317428,0.0127022679009244,"53-135-490-84-337-67-442-150-149-54"
0.1,0.72,0.18,0.0150968939910243,0.0351466377951599,0.00758150340690775,"201-220-236-445-113-109-226-55-342-176"
0.1,0.74,0.16,0.0264045251594313,0.0539445659699112,0.0271241091237141,"114-194-55-94-363-101-133-67-60-67"
0.1,0.76,0.14,0.0136118808075925,0.0236888659644929,0.014795444479531,"309-214-106-189-303-150-221-74-232-77"
0.1,0.78,0.12,0.0212320573596783,0.00414442245590251,0.00673983868803946,"98-221-329-468-263-86-405-489-268-135"
0.1,0.8,0.1,0.0275689761962028,0.0193538111361781,0.0271327133337213,"51-173-139-455-150-150-441-156-294-233"
0.1,0.82,0.08,0.0100554779829249,0.0105902805482212,0.0081117489149008,"308-310-62-95-292-101-196-294-150-304"
0.1,0.84,0.06,0.0101390971922861,0.025216017848332,0.0123516871272287,"163-50-253-97-144-148-311-195-74-63"
0.1,0.86,0.04,0.00841114307043663,0.0229050924826267,0.00839348081520392,"486-56-463-233-213-448-191-247-76-97"
0.1,0.88,0.02,0.00304739638202826,0.0542499093995942,0.00852423691549127,"358-206-263-65-148-75-452-133-64-261"
0.12,0.02,0.86,0.0102264888978461,0.0126844649182568,0.0090605847759599,"156-362-88-66-76-309-120-419-114-92"
0.12,0.04,0.84,0.00657789936878098,0.0179526690997749,0.00678422010612419,"181-119-255-53-205-447-352-191-134-293"
0.12,0.06,0.82,0.0102893422503836,0.695292467249227,0.011363121152957,"97-330-476-384-52-166-191-491-113-266"
0.12,0.08,0.8,0.00735333423827373,0.68793817379214,0.00228573474847691,"55-162-117-403-160-307-382-123-257-349"
0.12,0.1,0.78,0.0140422867060003,0.155777619273631,0.0129272691869346,"359-327-124-149-103-364-204-324-74-116"
0.12,0.12,0.76,0.0199211493487599,0.0322790947636982,0.00902199659452691,"121-179-336-160-408-417-134-68-103-50"
0.12,0.14,0.74,0.000461788175606864,0.0444084822072985,0.00954083218189181,"240-91-268-210-467-123-144-53-361-73"
0.12,0.16,0.72,0.00779207856058505,0.0606273863546273,0.00830406945579128,"51-85-61-110-54-302-96-265-197-159"
0.12,0.18,0.7,0.00707731634004905,0.0292022600450329,0.00573676300782096,"57-52-88-53-81-95-102-481-290-56"
0.12,0.2,0.68,0.0148833793091179,0.0330806195747976,0.000378147628716352,"447-63-82-94-215-250-106-300-407-150"
0.12,0.22,0.66,0.0448723478154077,0.0409653042901891,0.0456046712478428,"51-160-379-57-420-264-357-226-160-171"
0.12,0.24,0.64,0.0365729169916699,0.0214053375244763,0.0304144173359908,"135-407-87-277-182-360-95-146-202-67"
0.12,0.26,0.62,0.0084514441721779,0.0119594363129688,0.0130310605059886,"490-298-305-300-155-75-155-62-173-338"
0.12,0.28,0.6,0.0158958040531871,0.0328874591826506,0.00590011821066901,"327-109-69-97-445-144-398-76-54-75"
0.12,0.3,0.58,0.0302019689328816,0.0158197111100464,0.0217389441754093,"111-239-86-121-157-462-393-85-168-103"
0.12,0.32,0.56,0.0168272993129125,0.0146654083821182,0.0155335306510181,"450-61-190-55-261-153-407-245-110-264"
0.12,0.34,0.54,0.0396783850914635,0.0635377378154121,0.0261934591615309,"370-154-120-134-414-133-128-68-193-354"
0.12,0.36,0.52,0.0228891886285651,0.0374594053013827,0.022646857664182,"180-111-113-242-99-487-297-68-220-90"
0.12,0.38,0.5,0.0267698099997702,0.0386995120378691,0.0323997268252183,"325-171-160-372-463-486-108-182-157-136"
0.12,0.4,0.48,0.0239435777447689,0.0583834333083371,0.0191901286146059,"345-79-339-61-256-231-328-64-450-62"
0.12,0.42,0.46,0.0239751206642775,0.010237796282549,0.0133418973439407,"117-226-461-334-96-180-88-418-75-374"
0.12,0.44,0.44,0.0323292421891939,0.0225777713159208,0.0314079346642331,"85-377-213-470-251-405-153-83-89-89"
0.12,0.46,0.42,0.00811614998215249,0.0303523360087442,0.0030678806285105,"425-270-199-120-374-82-450-161-172-52"
0.12,0.48,0.4,0.0199511967219402,0.448998886412873,0.0286393790693053,"337-173-366-426-417-120-408-126-74-86"
0.12,0.5,0.38,0.0319500577387404,0.0235478690777375,0.0328572847858879,"61-293-120-276-146-58-487-491-117-323"
0.12,0.52,0.36,0.0501044217686134,0.035275742608017,0.0383270150448831,"334-66-266-83-468-139-260-92-58-203"
0.12,0.54,0.34,0.0130330579563596,0.0441333665630864,0.0122031481289782,"144-99-161-73-230-361-344-169-98-154"
0.12,0.56,0.32,0.00570618211845588,0.0210140053289256,0.00276986599779775,"183-486-136-100-243-387-161-365-376-215"
0.12,0.58,0.3,0.00819378192661989,0.012199509710303,0.0167890371491313,"149-166-390-407-500-88-342-85-196-189"
0.12,0.6,0.28,0.0506680014408219,0.0425749615250348,0.0608090096670381,"120-57-390-132-77-72-51-432-167-55"
0.12,0.62,0.26,0.0202670723933667,0.0281296447852081,0.0189852149986806,"243-473-188-317-91-250-72-299-263-100"
0.12,0.64,0.24,0.0141248929451564,0.0278925235137812,0.0154154768033631,"486-316-90-137-370-315-346-243-169-119"
0.12,0.66,0.22,0.0303455681117847,0.0155722478778073,0.0319390423963254,"65-204-102-418-250-487-100-154-82-270"
0.12,0.68,0.2,0.0127725941642319,0.00782074242700914,0.00969657419378908,"421-353-84-404-65-140-97-326-253-71"
0.12,0.7,0.18,0.0117204729804218,0.0104576626886634,0.0125714723475514,"299-489-349-498-145-345-365-51-165-351"
0.12,0.72,0.16,0.00476732136432687,0.0184855054949232,0.00568897255951596,"379-371-360-249-136-57-113-69-294-105"
0.12,0.74,0.14,0.0302478644847406,0.0433901727685797,0.0300941764584996,"247-91-249-61-381-76-197-113-77-182"
0.12,0.76,0.12,0.0336137588938775,0.022764476646943,0.0299639903186337,"105-87-198-81-148-123-446-152-50-313"
0.12,0.78,0.1,0.0390433772585093,0.0184087979233792,0.0407299043544052,"128-89-386-111-76-271-381-190-175-75"
0.12,0.8,0.08,0.0175553236947504,0.0116164726178078,0.01649148689966,"294-143-103-84-471-157-85-89-273-254"
0.12,0.82,0.06,0.0458279524884852,0.0758250098960866,0.046507606084626,"110-69-226-160-59-170-59-207-407-212"
0.12,0.84,0.04,0.0116523411069105,0.00714554328433184,0.00997142638901296,"405-283-155-109-377-153-59-217-64-85"
0.12,0.86,0.02,0.00076619692664154,0.00862027423337636,0.00257498668877307,"139-266-95-438-69-98-352-118-318-137"
0.14,0.02,0.84,0.00537936888981177,0.0105853158020929,0.018923032427848,"497-85-97-121-59-216-121-90-94-141"
0.14,0.04,0.82,0.048354696219612,0.0671374425082545,0.0620843861801917,"60-471-183-126-66-64-97-232-149-160"
0.14,0.06,0.8,0.0202916944861616,0.145143607047182,0.00779936949976817,"239-82-438-98-193-93-60-414-56-242"
0.14,0.08,0.78,0.0116625100658706,0.0117054380954045,0.0108814070539411,"105-206-163-188-159-250-85-369-165-82"
0.14,0.1,0.76,0.0258455429953958,0.665131565932636,0.027212400131417,"316-69-91-242-285-96-250-304-467-139"
0.14,0.12,0.74,0.036111414731438,0.0337303800529637,0.0371448923988448,"230-110-413-134-152-179-75-228-172-175"
0.14,0.14,0.72,0.0231801124350302,0.042468328403205,0.0207067234929761,"321-451-57-102-238-142-321-133-376-132"
0.14,0.16,0.7,0.027331129251302,0.039467908130694,0.0369709027464676,"77-357-277-232-108-149-308-91-251-278"
0.14,0.18,0.68,0.0085560389466965,0.00954914562929556,0.0120453557479445,"330-364-290-483-232-136-60-109-326-233"
0.14,0.2,0.66,0.0465492634202494,0.0394646327583497,0.0470515946864166,"80-73-118-481-144-91-372-114-203-493"
0.14,0.22,0.64,0.0117641170123322,0.0145405182439528,0.0119966663273906,"86-497-266-491-413-395-100-268-312-411"
0.14,0.24,0.62,0.0383236971939536,0.0490320250008082,0.0369645460571561,"85-164-216-156-102-231-398-116-372-430"
0.14,0.26,0.6,0.0551662056052171,0.0286533323922082,0.0270108029281736,"72-78-150-339-375-74-63-246-151-90"
0.14,0.28,0.58,0.042060641674886,0.0273393459260448,0.0408675728717055,"229-360-338-145-318-60-85-278-84-81"
0.14,0.3,0.56,0.00939543576294554,0.010011067857811,0.0157368168122167,"88-412-53-154-121-234-63-61-329-415"
0.14,0.32,0.54,0.0150928018317183,0.00293142951145132,0.0117929104495806,"409-228-367-85-71-340-68-169-341-60"
0.14,0.34,0.52,0.0168719933813019,0.035297386630177,0.0209231070866816,"251-80-323-107-107-329-73-256-362-415"
0.14,0.36,0.5,0.0287908005049401,0.0253386487740836,0.0327864856916854,"78-103-500-130-54-471-290-282-55-236"
0.14,0.38,0.48,0.0155702205776661,0.00711259239491747,0.0132736858237729,"184-471-104-161-74-352-430-58-116-423"
0.14,0.4,0.46,0.0512500418505128,0.0251202319900158,0.0518479569042068,"374-61-88-464-112-64-120-158-63-353"
0.14,0.42,0.44,0.0320958843165871,0.0515488791080526,0.0223226912641873,"68-292-64-157-51-70-216-100-427-315"
0.14,0.44,0.42,0.0481501439736863,0.0682674354726505,0.0489728714617196,"237-238-93-349-68-331-161-73-214-121"
0.14,0.46,0.4,0.0334631236905761,0.443921915055639,0.0336542243548557,"95-131-109-256-364-197-108-61-59-491"
0.14,0.48,0.38,0.00714939652958592,0.0302660355734943,0.0149929614791648,"106-101-93-322-250-69-147-395-239-441"
0.14,0.5,0.36,0.0348975352055338,0.0141607498920166,0.028073970359347,"160-238-320-473-413-434-79-211-226-113"
0.14,0.52,0.34,0.0182791102511766,0.00592263207754572,0.0159139054930175,"206-192-202-56-235-327-66-102-90-338"
0.14,0.54,0.32,0.0152545865018607,0.0378858971030042,0.0223586146683717,"57-257-58-360-138-239-298-393-83-341"
0.14,0.56,0.3,0.0188532131353946,0.0101593439936834,0.0127697013811189,"143-121-97-467-79-183-84-53-97-331"
0.14,0.58,0.28,0.0207234102533192,0.0158719968349027,0.0146423047019519,"245-324-54-488-387-218-476-62-68-121"
0.14,0.6,0.26,0.0480277852766173,0.0772058472453005,0.0350245566381199,"276-87-141-62-370-58-210-54-442-58"
0.14,0.62,0.24,0.0277363759225925,0.0225101072249064,0.0250774469119566,"126-75-130-69-134-405-315-66-196-167"
0.14,0.64,0.22,0.00949578908743236,0.0543744842883892,0.0340422095794167,"57-395-280-202-64-92-349-210-133-432"
0.14,0.66,0.2,0.0101201494769791,0.0232011628563041,0.00993218533229235,"312-68-473-262-89-139-283-360-69-492"
0.14,0.68,0.18,0.018828158735676,0.0121062920699413,0.0199270982473125,"52-182-422-79-412-261-471-171-222-65"
0.14,0.7,0.16,0.0117519176174165,0.0122043329748966,0.00808168563605251,"148-101-60-489-98-151-357-280-134-159"
0.14,0.72,0.14,0.0105275378215393,0.0127622647371707,0.00734200154818421,"276-116-214-321-124-303-156-205-80-490"
0.14,0.74,0.12,0.0212616749152442,0.021843154552563,0.0248070592838507,"245-253-102-143-116-160-234-146-202-72"
0.14,0.76,0.1,0.0316002990378402,0.0179470255534386,0.0319295925535521,"495-54-88-424-248-73-56-75-126-455"
0.14,0.78,0.08,0.00210832525060395,0.701046836280287,0.00235035179404362,"429-169-229-274-207-170-444-355-71-188"
0.14,0.8,0.06,0.0100790115540935,0.00504969158224807,0.00943178209084772,"132-117-89-288-162-232-108-174-456-50"
0.14,0.82,0.04,0.0125285535753265,0.0252954671554794,0.0216960646233075,"115-346-140-438-151-214-56-190-139-72"
0.14,0.84,0.02,0.0139658241684565,0.0053085601924532,0.00568350108476555,"55-420-244-159-94-61-426-193-122-167"
0.16,0.02,0.82,0.013819345314035,0.019991552972657,0.00532979245258978,"120-75-64-372-106-86-76-334-301-449"
0.16,0.04,0.8,0.0165761087794746,0.0300259507023779,0.0212249991151424,"118-137-54-310-157-154-108-195-60-105"
0.16,0.06,0.78,0.0168541356013473,0.711242992815908,0.012954917488435,"445-54-53-240-103-94-476-226-418-59"
0.16,0.08,0.76,0.018979587166244,0.0184065671852769,0.00888001518979786,"127-130-71-188-245-423-310-118-77-121"
0.16,0.1,0.74,0.0218993043219502,0.0120484692580359,0.018101010474742,"114-86-50-305-273-95-267-144-359-139"
0.16,0.12,0.72,0.0156723415604524,0.0548153969434481,0.0325084394917134,"157-161-288-94-452-72-229-57-220-124"
0.16,0.14,0.7,0.0289179316503862,0.0250630265632065,0.0300660945129227,"88-59-94-75-78-82-210-435-59-99"
0.16,0.16,0.68,0.0220213004246783,0.0193714833127075,0.0209922773906648,"62-106-186-118-191-176-154-71-183-171"
0.16,0.18,0.66,0.00961138733283767,0.0277090972239803,0.0206742199360341,"57-142-76-67-489-80-58-380-160-468"
0.16,0.2,0.64,0.0281613042778485,0.0219563251675902,0.0231224479222992,"312-167-51-56-70-61-89-132-326-66"
0.16,0.22,0.62,0.0169931256340278,0.0104308652957798,0.0189968851893803,"476-119-343-140-319-410-140-215-86-229"
0.16,0.24,0.6,0.018714413217929,0.0167372335780276,0.0122037981795141,"117-116-399-103-140-139-378-176-485-408"
0.16,0.26,0.58,0.0452586137628042,0.0517385372798827,0.0621425211247847,"212-167-319-134-55-120-213-108-140-69"
0.16,0.28,0.56,0.00364659113210721,0.0150421147108006,0.00563535108303852,"209-257-252-166-88-227-69-262-92-327"
0.16,0.3,0.54,0.0331565242261722,0.0189428072748763,0.028134579494793,"157-72-495-65-83-71-477-343-298-474"
0.16,0.32,0.52,0.0136279224862568,0.0401148342520287,0.0129573448619905,"111-55-119-469-112-352-79-78-132-66"
0.16,0.34,0.5,0.031836423677104,0.00859910477459954,0.0247486968853448,"103-262-113-187-94-75-132-261-316-209"
0.16,0.36,0.48,0.0203213858851271,0.0289217686715979,0.0191683611524545,"101-125-160-51-142-313-318-77-165-334"
0.16,0.38,0.46,0.0326414863562845,0.0151296771386499,0.0302841628668385,"51-110-192-71-103-56-333-407-287-101"
0.16,0.4,0.44,0.0120219968793511,0.0318122033008843,0.0115703621624872,"247-438-66-161-249-178-99-279-52-310"
0.16,0.42,0.42,0.0324439861120381,0.0269951842679106,0.03255237918874,"256-93-451-79-450-178-169-203-330-462"
0.16,0.44,0.4,0.0247552816583381,0.0212919995410155,0.0205929183028753,"219-107-324-249-111-138-110-149-95-79"
0.16,0.46,0.38,0.00682266489473638,0.0134066761032505,0.00889286961537681,"155-259-223-110-207-196-141-103-254-65"
0.16,0.48,0.36,0.0101243730463696,0.00453305008285718,0.00837955144328999,"84-204-421-172-112-62-158-61-318-309"
0.16,0.5,0.34,0.0152475882021064,0.0216292656993125,0.0185231256628251,"58-123-86-75-240-178-139-84-388-226"
0.16,0.52,0.32,0.0297998504581397,0.049942664771186,0.0187406714837317,"112-251-385-53-221-235-85-137-94-87"
0.16,0.54,0.3,0.00900208593426824,0.0297290378347359,0.00765202146689558,"396-216-121-395-210-183-115-190-274-55"
0.16,0.56,0.28,0.0289262979561733,0.0311743100652875,0.0182079636852208,"55-95-153-283-93-174-88-74-94-444"
0.16,0.58,0.26,0.00451502494004954,0.591744750515013,0.00712513588820102,"106-198-105-84-81-69-96-391-330-137"
0.16,0.6,0.24,0.0352274890623328,0.0219931359005241,0.0205468327909984,"480-244-186-68-271-66-100-55-104-266"
0.16,0.62,0.22,0.0269392065172985,0.0468531941474057,0.0207329573200459,"127-60-73-258-187-213-166-168-485-460"
0.16,0.64,0.2,0.0225202497313818,0.0192868820510105,0.0109832616421667,"401-459-492-262-156-125-360-129-157-53"
0.16,0.66,0.18,0.0350501109394796,0.0709984909728621,0.0473305607548689,"236-215-169-220-78-82-65-311-172-60"
0.16,0.68,0.16,0.0043413408164596,0.0300928995129228,0.00682377338661593,"131-240-95-385-84-204-198-483-193-91"
0.16,0.7,0.14,0.00535723866459491,0.0265948370676092,0.015964772428136,"115-315-63-149-99-401-158-157-318-321"
0.16,0.72,0.12,0.0195183393342916,0.0109058169473899,0.0190380295228904,"375-161-263-108-458-164-94-275-122-260"
0.16,0.74,0.1,0.0139613842217702,0.0153924718434308,0.010990570646674,"137-145-282-124-456-426-260-168-134-283"
0.16,0.76,0.08,0.0195037699171909,0.0399674905041222,0.0141890895613378,"57-61-92-378-101-112-197-90-236-258"
0.16,0.78,0.06,0.0197963118029649,0.0244179184558114,0.0198907201452887,"186-124-329-61-52-111-60-342-54-59"
0.16,0.8,0.04,0.0114006372450234,0.0107442906821245,0.015436683707765,"106-236-236-339-226-123-120-57-90-65"
0.16,0.82,0.02,0.0109949585549873,0.0265026227209762,0.0216621532574771,"86-95-406-265-151-349-466-384-92-53"
0.18,0.02,0.8,0.0232942864217162,0.0298762951548977,0.0196406781765668,"63-430-67-88-310-168-67-97-233-217"
0.18,0.04,0.78,0.0044419337128437,0.00641345123349974,0.00945772325045427,"294-70-57-359-90-326-133-259-208-61"
0.18,0.06,0.76,0.0270408277851715,0.0295896662431737,0.0288310423103548,"343-99-169-295-61-76-80-407-368-101"
0.18,0.08,0.74,0.0338938674833017,0.0226224369727544,0.0428991976373549,"88-60-89-127-73-66-130-181-124-477"
0.18,0.1,0.72,0.031934002666372,0.0258693756052189,0.0282156375713778,"73-195-305-67-161-411-163-475-229-304"
0.18,0.12,0.7,0.0055332659139641,0.0174514048974348,0.00337964868199369,"118-159-166-289-205-496-52-65-60-97"
0.18,0.14,0.68,0.0502391245814426,0.0311106873039186,0.0450447826020934,"341-86-54-194-108-200-79-274-398-390"
0.18,0.16,0.66,0.0249442993200322,0.614708603052427,0.0159169458215385,"427-466-151-363-57-351-75-420-118-55"
0.18,0.18,0.64,0.018183357556728,0.0273559325977159,0.0104818438421189,"160-79-78-280-62-287-292-90-137-387"
0.18,0.2,0.62,0.0203566242691972,0.0152584471222176,0.014062444702324,"450-131-92-87-491-104-191-64-84-446"
0.18,0.22,0.6,0.0195734205543468,0.056625340378099,0.0173118089615509,"100-136-346-51-180-65-489-286-215-114"
0.18,0.24,0.58,0.0182892824238837,0.0348735908031008,0.0258916095370753,"268-53-64-117-421-103-338-246-86-87"
0.18,0.26,0.56,0.0616156179465846,0.047372197776763,0.0631252061083041,"158-360-394-77-61-141-88-85-120-52"
0.18,0.28,0.54,0.0594352524581758,0.050606897451484,0.0433213056943162,"53-104-258-148-83-63-61-152-123-283"
0.18,0.3,0.52,0.0275257957259521,0.0527836758859949,0.00899218514312879,"272-110-81-138-81-252-459-103-334-97"
0.18,0.32,0.5,0.0100032871483158,0.00741210223127139,0.00360288743009943,"350-101-402-140-364-129-103-83-152-255"
0.18,0.34,0.48,0.0346201115683956,0.0520374086820177,0.0328340371723486,"243-374-69-336-215-152-121-65-140-81"
0.18,0.36,0.46,0.0233832087058784,0.0217232350307026,0.0269103722835951,"301-172-128-357-92-345-305-420-371-497"
0.18,0.38,0.44,0.0376333235364578,0.0465335768959919,0.0363773078893492,"55-190-177-247-162-243-299-142-500-84"
0.18,0.4,0.42,0.0166356621524382,0.0181139616649728,0.0112271435658777,"245-83-438-76-444-270-83-463-276-215"
0.18,0.42,0.4,0.0342115162045454,0.0141168697992523,0.0311619605608262,"232-393-92-110-206-67-227-102-55-58"
0.18,0.44,0.38,0.034204693307353,0.0505494909701504,0.0228860662579191,"226-51-228-52-402-167-83-77-86-119"
0.18,0.46,0.36,0.0403936660025354,0.0229235313902116,0.0429056524628561,"53-179-107-114-194-237-452-125-142-146"
0.18,0.48,0.34,0.0271698758792363,0.0282532900410154,0.0279850095200083,"337-62-339-242-57-63-376-132-54-227"
0.18,0.5,0.32,0.0497857327117205,0.0541413126725325,0.059536084830464,"486-89-157-222-113-155-84-53-309-301"
0.18,0.52,0.3,0.0251666235666494,0.0224417423522974,0.0184720587397629,"497-78-55-461-95-306-93-110-301-268"
0.18,0.54,0.28,0.0496544387557206,0.0544931910712342,0.0417784597350749,"218-406-236-130-411-134-72-205-55-226"
0.18,0.56,0.26,0.0347953939243099,0.0244545560429701,0.0225050707063807,"88-80-264-418-159-84-336-317-401-115"
0.18,0.58,0.24,0.0449180485834493,0.0588826622196615,0.0413205230448719,"218-376-84-67-394-87-143-87-143-65"
0.18,0.6,0.22,0.0504025997441715,0.0483160551768783,0.0499030658666949,"152-184-475-204-155-204-71-309-353-76"
0.18,0.62,0.2,0.0200081086525614,0.0368051169332086,0.018118834715904,"134-94-238-401-179-70-441-283-336-201"
0.18,0.64,0.18,0.025780934566179,0.0302017926820403,0.0169781003301278,"68-427-415-371-275-473-55-452-204-202"
0.18,0.66,0.16,0.0271892596462373,0.0452386591467483,0.0424041165540091,"246-200-118-58-79-61-202-164-290-163"
0.18,0.68,0.14,0.0293957793828523,0.0229168085695805,0.0269604066417528,"194-112-60-77-332-64-336-257-134-54"
0.18,0.7,0.12,0.0212624493612606,0.00873534160738724,0.0190797327285091,"100-144-79-428-64-265-309-178-127-190"
0.18,0.72,0.1,0.00433750092729825,0.00708157173261781,0.00772733816079159,"239-79-118-270-137-182-134-122-89-53"
0.18,0.74,0.08,0.0234592179279384,0.0480205514385724,0.0265449992324711,"401-482-76-70-123-399-214-252-372-99"
0.18,0.76,0.06,0.00751419411841759,0.0164761891369785,0.00622245619575333,"134-154-115-109-64-365-94-95-293-87"
0.18,0.78,0.04,0.022167697768828,0.0346580560735301,0.0142424989297248,"92-417-159-195-360-398-128-58-113-162"
0.18,0.8,0.02,0.00914301164538584,0.00451783453596585,0.00808069889181047,"190-320-64-394-84-102-86-357-197-136"
0.2,0.02,0.78,0.0101837602694238,0.0768653691897849,0.00292885171819446,"91-187-287-100-132-261-67-75-70-62"
0.2,0.04,0.76,0.0438028603112286,0.0776719609709129,0.0475282427376648,"70-369-98-333-122-63-72-80-180-95"
0.2,0.06,0.74,0.00857447896665955,0.0147758911866708,0.00387269651217731,"300-89-86-431-351-259-52-84-196-175"
0.2,0.08,0.72,0.0134548440220533,0.203960779896539,0.0091691720387913,"115-68-55-181-217-246-146-77-279-216"
0.2,0.1,0.7,0.00819526034344763,0.0115234994534075,0.0121745447757127,"421-136-285-220-107-56-173-99-240-114"
0.2,0.12,0.68,0.0150681366449943,0.014455343601857,0.0124161650236514,"203-167-162-66-366-94-70-470-144-145"
0.2,0.14,0.66,0.0180673007178858,0.0306864767863903,0.0281868187643129,"83-269-261-262-265-157-96-74-487-187"
0.2,0.16,0.64,0.0119346403258066,0.00617757279308808,0.015652513597828,"81-358-271-488-307-54-183-272-52-393"
0.2,0.18,0.62,0.0032465146618119,0.0213627201189169,0.00900258319020067,"55-163-71-399-156-274-461-264-262-60"
0.2,0.2,0.6,0.0163865973653184,0.0159509470437832,0.00624640302021297,"153-74-406-380-275-87-490-62-378-77"
0.2,0.22,0.58,0.0222293786840543,0.0311519351541746,0.0362625882303179,"282-138-333-94-195-119-61-150-448-215"
0.2,0.24,0.56,0.0136387780983889,0.017159663768889,0.0137281934513059,"69-79-59-191-419-260-196-148-83-482"
0.2,0.26,0.54,0.0263939310531689,0.00400493146335578,0.0227590356636425,"76-81-57-125-50-109-344-69-81-135"
0.2,0.28,0.52,0.0589485409544457,0.0289314151116176,0.0483483381904175,"61-237-456-77-57-127-62-141-199-50"
0.2,0.3,0.5,0.0300013932561215,0.0146831951067566,0.0444573371466347,"229-184-78-84-84-80-253-243-62-119"
0.2,0.32,0.48,0.0234663430009022,0.0314653675186962,0.0162710196232198,"172-114-67-78-72-133-60-155-168-79"
0.2,0.34,0.46,0.0176498745674131,0.0112852050875945,0.00958752226241519,"175-66-235-178-126-142-255-58-106-80"
0.2,0.36,0.44,0.017598974967964,0.0285947584549849,0.0162340556372327,"362-441-332-298-328-53-81-173-99-84"
0.2,0.38,0.42,0.0222450271213697,0.0292496066539022,0.0169143227853847,"430-214-114-134-334-111-192-53-58-207"
0.2,0.4,0.4,0.0292100207717468,0.00440690791184726,0.0254686565120816,"221-82-432-376-102-133-137-185-287-454"
0.2,0.42,0.38,0.0279831570411107,0.0138086880289177,0.0335521487133612,"52-142-78-201-101-360-380-107-189-442"
0.2,0.44,0.36,0.00863663928386644,0.0247460321370551,0.0112283297860752,"52-207-183-257-212-288-266-198-264-113"
0.2,0.46,0.34,0.0517258624227181,0.0584617058073421,0.0597562252907866,"57-93-68-304-160-66-438-220-117-65"
0.2,0.48,0.32,0.0175530872762358,0.0132180049789838,0.0191081080162733,"66-118-235-76-78-54-204-66-229-62"
0.2,0.5,0.3,0.0507992729937101,0.0646531345654002,0.0469231618767178,"123-80-66-55-464-133-218-72-200-53"
0.2,0.52,0.28,0.00625960296881973,0.0249478098730397,0.00305847063744844,"67-95-307-487-239-51-71-308-407-79"
0.2,0.54,0.26,0.0285528666961632,0.027207250052215,0.0321004671011739,"105-104-327-357-297-83-115-75-186-73"
0.2,0.56,0.24,0.0246557858320878,0.0116485230871613,0.0157447448952997,"68-54-105-381-359-308-280-437-238-249"
0.2,0.58,0.22,0.0264484552537701,0.00738581908596901,0.0133142027954223,"344-166-163-69-91-146-230-142-463-490"
0.2,0.6,0.2,0.0443751102351652,0.0331982010646855,0.0400354338288396,"50-54-201-289-318-136-77-437-65-203"
0.2,0.62,0.18,0.00408996508608203,0.0234680037636817,0.00892641851786141,"52-168-121-107-60-251-182-134-253-181"
0.2,0.64,0.16,0.0153015978178622,0.00515237558999405,0.0133980232498682,"396-339-181-383-78-80-462-126-273-80"
0.2,0.66,0.14,0.00308076610476101,0.019996025878165,0.0141823739809089,"322-159-205-143-90-131-52-85-83-469"
0.2,0.68,0.12,0.0169532399220769,0.0358060058188963,0.00991721184692792,"269-67-70-320-81-87-317-370-98-73"
0.2,0.7,0.1,0.0204592686889603,0.00935438769836613,0.0215243382679882,"457-185-223-131-70-65-232-449-84-67"
0.2,0.72,0.08,0.00950440905938248,0.00585446150844777,0.00934629412480016,"66-63-72-313-462-321-126-78-142-247"
0.2,0.74,0.06,0.0116594003143,0.0354465983971627,0.0110092759549917,"133-83-407-157-67-71-373-233-91-89"
0.2,0.76,0.04,0.0251433752037201,0.0373508018243146,0.0332639386925013,"270-62-67-376-95-68-184-96-322-436"
0.2,0.78,0.02,0.00236142250705238,0.00710692671372053,0.00592696960138894,"50-262-422-121-55-226-58-68-286-280"
0.22,0.02,0.76,0.00677368012940846,0.0351892064062863,0.00332758990058225,"171-421-55-384-335-214-115-113-137-316"
0.22,0.04,0.74,0.0134002635919143,0.0144152800778344,0.014372335543512,"88-66-134-211-264-191-415-122-128-468"
0.22,0.06,0.72,0.0231933884383674,0.690480767116885,0.0231172373500189,"240-103-130-330-138-98-258-53-339-402"
0.22,0.08,0.7,0.022754712016108,0.0151439030867305,0.0147664810230061,"274-298-61-134-315-72-54-377-114-111"
0.22,0.1,0.68,0.0253414671115317,0.00827667396376662,0.0244020649174479,"193-400-394-331-174-355-419-64-131-58"
0.22,0.12,0.66,0.0209651845960983,0.0302763040254777,0.0228519959972901,"181-122-330-103-385-381-62-350-202-96"
0.22,0.14,0.64,0.0117988548969569,0.0182692087890539,0.0108529535135552,"113-216-70-147-381-349-324-267-125-286"
0.22,0.16,0.62,0.0287627781497384,0.0435736049956658,0.00965178630659904,"56-70-433-72-66-278-474-459-61-69"
0.22,0.18,0.6,0.0150020473528138,0.0225475802510376,0.0178793317985979,"191-86-214-213-59-89-124-110-201-113"
0.22,0.2,0.58,0.0352222670298704,0.0466745665250075,0.040578659849236,"458-78-179-178-99-58-355-129-139-105"
0.22,0.22,0.56,0.0293027588584183,0.0101247059560195,0.0200680198224562,"78-111-60-343-425-85-167-308-55-392"
0.22,0.24,0.54,0.0120187490691447,0.0324975171405069,0.0127791263759523,"177-60-89-413-114-51-62-200-282-266"
0.22,0.26,0.52,0.0288535829719813,0.0221337036605723,0.0256160968882241,"207-70-216-259-67-442-460-138-115-182"
0.22,0.28,0.5,0.0201899047508192,0.0187594156368876,0.0200695700286559,"153-236-151-85-184-117-52-79-478-272"
0.22,0.3,0.48,0.0179908321267344,0.0379238656324404,0.0156715492834023,"102-117-106-71-289-354-93-69-254-124"
0.22,0.32,0.46,0.0247108606033961,0.0451005761828518,0.0227576148377821,"365-51-256-51-127-99-419-488-222-127"
0.22,0.34,0.44,0.0168945375217248,0.0473438392564056,0.0138276135395246,"208-160-110-184-487-89-239-153-151-357"
0.22,0.36,0.42,0.0315420989321098,0.0577683072994612,0.0356454255203192,"285-114-199-439-435-193-323-161-438-104"
0.22,0.38,0.4,0.0149267693525061,0.0247879421339653,0.0106686107732464,"143-270-84-75-102-307-183-141-314-67"
0.22,0.4,0.38,0.0259928911131965,0.0235218223401941,0.0186316321087835,"51-62-115-231-424-179-242-152-111-469"
0.22,0.42,0.36,0.0106130388588078,0.0145097354833017,0.0121910884867573,"300-56-280-228-50-459-127-112-64-248"
0.22,0.44,0.34,0.0184837270444095,0.00775258757361065,0.0142714383922378,"172-473-125-475-416-164-102-383-55-222"
0.22,0.46,0.32,0.012953553594431,0.0236958930524577,0.0200190215828528,"81-411-65-428-137-70-383-252-148-357"
0.22,0.48,0.3,0.0243463183391341,0.047985776705902,0.0300141853701508,"412-114-386-436-80-82-173-147-62-90"
0.22,0.5,0.28,0.0129749704020161,0.0334354522299343,0.0116932353778241,"423-334-174-82-486-213-403-59-454-60"
0.22,0.52,0.26,0.0137124293735905,0.0406990361309137,0.0220128892336502,"180-72-391-235-113-314-349-243-403-88"
0.22,0.54,0.24,0.0247786405598621,0.0368592641688586,0.0301321122863674,"223-351-155-140-78-83-61-97-57-70"
0.22,0.56,0.22,0.0367069003813809,0.0646900904199032,0.0376476432794332,"101-111-99-54-118-234-328-54-307-96"
0.22,0.58,0.2,0.0576137586064201,0.0455172287349323,0.0505948411958939,"61-291-128-94-367-325-87-114-75-50"
0.22,0.6,0.18,0.0167030380277192,0.0184577520299605,0.0188595826108397,"242-89-412-235-97-178-162-54-128-309"
0.22,0.62,0.16,0.00413663833870791,0.0358853428972793,0.0121188444904945,"400-56-193-70-476-92-142-165-159-266"
0.22,0.64,0.14,0.00938585088500662,0.0104383716555731,0.0140626717975549,"283-310-336-355-303-300-52-69-308-258"
0.22,0.66,0.12,0.0465118363248694,0.0365898580575311,0.0470042163863292,"177-75-163-171-210-60-161-69-82-105"
0.22,0.68,0.1,0.0173373315980631,0.0459085981039741,0.014557921178369,"73-51-291-112-339-65-459-376-64-207"
0.22,0.7,0.08,0.0142726914382152,0.0246009725269676,0.0167987449103573,"84-65-267-447-115-166-493-472-54-384"
0.22,0.72,0.06,0.0379926986370399,0.0672243641309809,0.0281031670789438,"151-307-232-70-70-142-255-80-131-92"
0.22,0.74,0.04,0.00280157246955972,0.0167362444868454,0.00639244589922492,"331-271-486-90-498-118-171-65-123-58"
0.22,0.76,0.02,0.0252365842198224,0.0174303275628496,0.0312654137746463,"132-78-115-213-201-86-206-475-249-111"
0.24,0.02,0.74,0.0210670755395694,0.0267407711232702,0.0208148559373548,"209-85-94-78-326-497-199-136-494-203"
0.24,0.04,0.72,0.0219096981982187,0.0156471014656376,0.0235355074551614,"389-241-499-206-113-396-69-453-201-292"
0.24,0.06,0.7,0.0228814158752969,0.0152668463942046,0.0315072054232267,"459-70-357-300-316-283-191-276-237-130"
0.24,0.08,0.68,0.0158666727720153,0.00563901434482421,0.00922473623208699,"112-149-88-96-346-64-128-478-122-79"
0.24,0.1,0.66,0.0441585975602024,0.0106929994927803,0.0343154721787835,"91-185-52-75-140-151-75-159-95-395"
0.24,0.12,0.64,0.0459734812257411,0.0345459318934089,0.0338563381614347,"171-124-346-78-362-220-52-204-51-270"
0.24,0.14,0.62,0.0373936672701487,0.0341130264928488,0.0414852254298913,"70-180-479-316-177-69-70-104-58-452"
0.24,0.16,0.6,0.00320004907240717,0.0137781593228056,0.00189318231975896,"383-359-334-260-60-51-366-263-496-260"
0.24,0.18,0.58,0.047958998885732,0.0272960585574568,0.043974328213707,"67-58-298-94-161-161-87-59-163-124"
0.24,0.2,0.56,0.0314008408227128,0.0155304763437741,0.0354879140351222,"362-83-255-125-115-281-257-83-142-192"
0.24,0.22,0.54,0.0308634892788644,0.0408149581101211,0.0180297382638365,"94-162-257-478-327-127-114-313-266-325"
0.24,0.24,0.52,0.00840263386768947,0.0244664812745491,0.00557039583813158,"80-171-262-347-225-72-81-269-200-459"
0.24,0.26,0.5,0.0171417994174627,0.0216240656331142,0.0171703123925029,"318-120-58-422-63-205-110-71-180-90"
0.24,0.28,0.48,0.070617051272677,0.0707736092780164,0.0640520471554411,"102-482-224-211-80-132-82-77-64-95"
0.24,0.3,0.46,0.0203139106220993,0.0634683676097865,0.0238507010514043,"161-148-171-195-81-465-441-124-313-236"
0.24,0.32,0.44,0.0306823610088478,0.0327258044468239,0.0298639168324836,"224-213-68-117-340-111-423-195-371-52"
0.24,0.34,0.42,0.0214052616510817,0.00959159578247636,0.0184131516624868,"56-129-498-248-154-71-236-214-315-336"
0.24,0.36,0.4,0.0190559055074468,0.0201321323349104,0.0117768797344941,"115-115-279-135-89-76-57-129-349-393"
0.24,0.38,0.38,0.0101956256146427,0.0239127310641257,0.0140685421766541,"376-61-159-184-160-59-91-380-233-55"
0.24,0.4,0.36,0.021689896131137,0.00278935912289238,0.0193990074831206,"81-386-128-219-188-52-94-231-198-107"
0.24,0.42,0.34,0.0307631047396727,0.0267211396970754,0.0361520942112379,"65-163-306-354-209-197-225-198-69-468"
0.24,0.44,0.32,0.0352582497284845,0.0287527497823452,0.0402222083101792,"72-304-65-71-183-56-135-109-426-146"
0.24,0.46,0.3,0.0276102276483464,0.0509341278803687,0.0239953135486836,"95-58-321-112-491-67-151-204-158-97"
0.24,0.48,0.28,0.0125060502972643,0.0247060114271663,0.0155639782333636,"116-66-97-84-369-452-384-96-64-475"
0.24,0.5,0.26,0.0226177956945769,0.0234418982067008,0.0146130153667561,"62-407-283-122-430-79-72-425-150-404"
0.24,0.52,0.24,0.0337584694139335,0.0155274246389844,0.0240781177529635,"50-54-329-59-444-154-77-196-307-54"
0.24,0.54,0.22,0.0271849068377516,0.0246613382649307,0.018304035786343,"80-55-105-219-374-255-171-364-52-103"
0.24,0.56,0.2,0.0241941270817576,0.0231279177879631,0.0202680637403993,"91-280-124-262-176-120-272-68-186-453"
0.24,0.58,0.18,0.0312286860739063,0.0628901627788767,0.0331459978670542,"59-171-120-333-130-88-336-122-63-188"
0.24,0.6,0.16,0.0534226060151784,0.0815255919872502,0.0450217716144722,"201-111-439-209-124-270-241-460-56-146"
0.24,0.62,0.14,0.0210672327674144,0.0405905365739004,0.0186849833606212,"314-93-108-65-118-61-73-274-323-219"
0.24,0.64,0.12,0.0476379294501144,0.0653704019372386,0.0551520445087807,"172-55-62-136-318-57-112-63-293-247"
0.24,0.66,0.1,0.0218651553141439,0.0528079733211883,0.0268893274800141,"54-274-128-393-246-342-59-58-59-51"
0.24,0.68,0.08,0.005459625818799,0.0225286042820155,0.0073935469826737,"288-235-426-278-82-137-425-403-257-304"
0.24,0.7,0.06,0.00709529824659996,0.00647301876734256,0.00326416149508669,"478-70-379-132-57-254-65-332-64-65"
0.24,0.72,0.04,0.0224221610139309,0.0263339270291735,0.0217105109836203,"213-248-320-282-80-148-384-94-88-123"
0.24,0.74,0.02,0.0246150320129924,0.0297612507377948,0.0369597057040654,"102-53-237-121-111-124-237-382-147-244"
0.26,0.02,0.72,0.00526911375946946,0.00374322054042211,0.00652399138415103,"81-113-236-259-53-74-59-193-287-146"
0.26,0.04,0.7,0.00339888403198102,0.0347195119952253,0.0106934618641006,"122-105-71-78-326-475-68-443-342-262"
0.26,0.06,0.68,0.0226935059460859,0.0404995640773106,0.0211139044574348,"341-395-121-395-64-56-216-278-155-201"
0.26,0.08,0.66,0.00524702705797262,0.00638136459829978,0.00320944410068572,"59-62-52-77-52-318-409-360-191-128"
0.26,0.1,0.64,0.00918127992273889,0.0164039813163321,0.0110625900484093,"365-54-168-282-109-60-247-133-113-415"
0.26,0.12,0.62,0.0410915082914776,0.0301083174036302,0.0360393461386629,"54-50-100-113-407-321-90-187-54-95"
0.26,0.14,0.6,0.0643210971936608,0.0128967672577031,0.052443390933326,"99-253-177-254-435-67-117-71-241-92"
0.26,0.16,0.58,0.00938933339157386,0.0202810481037842,0.011066184737559,"250-116-85-104-55-156-137-112-88-241"
0.26,0.18,0.56,0.0173326463565411,0.0148366426048797,0.019448606061352,"345-165-321-170-149-61-72-62-337-201"
0.26,0.2,0.54,0.0145778152763245,0.031027505037489,0.0230038688982154,"58-141-95-268-483-188-457-238-158-61"
0.26,0.22,0.52,0.0171945206242452,0.0174168986284431,0.00679790270270413,"53-97-54-56-97-234-127-112-253-195"
0.26,0.24,0.5,0.0151577622129617,0.0320248499196853,0.0152142075029653,"232-142-158-71-93-194-240-243-120-73"
0.26,0.26,0.48,0.0375376387907289,0.0587087485118652,0.030959782758887,"122-218-187-261-56-395-194-277-72-266"
0.26,0.28,0.46,0.0522974390037479,0.0463385252344769,0.0515829951742971,"119-77-344-115-203-287-103-483-130-96"
0.26,0.3,0.44,0.0179218466252043,0.0434430693013974,0.0255066779031288,"401-245-85-119-57-194-120-82-286-226"
0.26,0.32,0.42,0.0372641978339498,0.0447421784457192,0.0332398285846051,"191-94-213-423-421-85-58-75-342-72"
0.26,0.34,0.4,0.0067607681455856,0.00434154599648058,0.00700476247374321,"403-145-78-488-50-470-140-238-130-324"
0.26,0.36,0.38,0.455192266908888,0.0142106205940844,0.0221603912687337,"303-105-85-184-216-107-55-105-252-54"
0.26,0.38,0.36,0.014285390705233,0.0141620740505585,0.00669628216921336,"224-335-85-56-103-402-102-177-352-223"
0.26,0.4,0.34,0.470177271465397,0.0514513116059845,0.0337424151502581,"280-118-62-237-445-241-87-99-377-69"
0.26,0.42,0.32,0.0217866409589039,0.0291060329424308,0.0277391188613013,"211-243-109-91-151-66-170-84-52-484"
0.26,0.44,0.3,0.0419339442193041,0.0378004975689541,0.0298966482636358,"134-220-142-71-182-93-183-105-62-263"
0.26,0.46,0.28,0.0429800622668496,0.0735599676144039,0.0356867202016567,"112-107-267-65-339-156-327-438-57-76"
0.26,0.48,0.26,0.0241187414124733,0.0411807232437345,0.0309353893427229,"263-147-267-94-156-96-112-159-223-423"
0.26,0.5,0.24,0.0170908145927287,0.00907422234137912,0.0119595868508813,"252-72-64-52-302-271-418-297-376-280"
0.26,0.52,0.22,0.0390020820058947,0.0555599867579957,0.0413317598501178,"79-106-208-481-175-360-155-448-202-91"
0.26,0.54,0.2,0.0165048920080786,0.0043060286947473,0.0218337822442095,"190-57-77-85-87-65-282-65-54-490"
0.26,0.56,0.18,0.019567009425342,0.044073261822101,0.0104989010239538,"198-75-62-255-242-495-128-411-235-439"
0.26,0.58,0.16,0.018364796403529,0.016230925086015,0.0172491411710599,"369-309-188-73-283-104-53-54-89-400"
0.26,0.6,0.14,0.0116544188678071,0.0453250445539996,0.0164325827285949,"221-216-144-370-439-202-162-292-197-190"
0.26,0.62,0.12,0.0183466028363834,0.0479359720296323,0.0166544768392761,"264-272-163-135-188-273-330-481-228-61"
0.26,0.64,0.1,0.0179821776625721,0.0228071842307069,0.0178205945250931,"295-268-143-78-102-53-66-189-94-304"
0.26,0.66,0.08,0.0128725452333253,0.0352717014110326,0.0219213168012785,"344-113-70-230-212-238-241-196-185-57"
0.26,0.68,0.06,0.0383444125943073,0.026580515496461,0.015688795050048,"345-66-240-51-79-305-444-59-130-356"
0.26,0.7,0.04,0.0187043521160817,0.0309077749268175,0.020771747700622,"272-486-201-51-86-91-321-111-214-53"
0.26,0.72,0.02,0.0185622536266349,0.0256440198357178,0.0203192342325135,"81-124-151-291-390-77-246-123-115-451"
0.28,0.02,0.7,0.0118033959559032,0.0321392415580738,0.00156367799309794,"54-89-388-59-224-82-284-52-190-53"
0.28,0.04,0.68,0.0179883093754857,0.0216501800004977,0.0100645564466591,"120-115-147-487-60-123-55-140-333-311"
0.28,0.06,0.66,0.564977871341539,0.0212285289838066,0.019162165900031,"199-99-205-101-67-53-478-121-103-162"
0.28,0.08,0.64,0.0157214459638516,0.0207455506375349,0.0126256836236139,"188-62-92-139-63-104-144-247-100-140"
0.28,0.1,0.62,0.0326097103870857,0.00422009559475105,0.0244519138743864,"77-72-315-251-304-259-102-138-75-113"
0.28,0.12,0.6,0.0221378310752655,0.0262011716552328,0.0271589838711295,"95-67-89-80-280-184-399-192-51-83"
0.28,0.14,0.58,0.0205508706460526,0.0352053016227958,0.0252420892219178,"349-55-242-60-349-272-103-294-476-134"
0.28,0.16,0.56,0.0423534609898125,0.0608184750607945,0.0333367640705493,"218-263-203-72-56-79-92-163-69-60"
0.28,0.18,0.54,0.0364575400351896,0.0176801622610007,0.0308521328923649,"324-108-91-279-92-68-306-95-100-378"
0.28,0.2,0.52,0.0199902867128871,0.0029880870729092,0.0184669134150247,"118-223-423-490-493-85-80-240-265-82"
0.28,0.22,0.5,0.0138633051177029,0.0272416409750897,0.0137347362587525,"176-188-407-96-91-282-327-249-168-97"
0.28,0.24,0.48,0.0302452702094908,0.026264076336703,0.01996844163867,"96-495-213-259-99-108-161-488-98-68"
0.28,0.26,0.46,0.00501339985097557,0.0548903723619086,0.0122674540582929,"257-380-72-94-245-114-340-215-97-241"
0.28,0.28,0.44,0.00949494172376692,0.0301294952114675,0.0197858254071355,"169-99-214-467-178-183-141-202-54-452"
0.28,0.3,0.42,0.0334565671436874,0.450308055155521,0.027196676058349,"177-358-426-204-102-192-96-98-99-144"
0.28,0.32,0.4,0.0114892317088618,0.0134217864535828,0.00976460427635092,"81-463-143-82-330-140-158-338-77-470"
0.28,0.34,0.38,0.0255742249165728,0.0286641177927466,0.0129522721094491,"70-495-52-352-285-91-167-148-60-128"
0.28,0.36,0.36,0.0190859792979342,0.0434341014550219,0.0218570727215267,"114-117-310-291-110-112-206-453-85-157"
0.28,0.38,0.34,0.0133573815130572,0.00914247339619842,0.00624333104468523,"302-330-119-195-65-84-446-139-109-102"
0.28,0.4,0.32,0.0128073822932913,0.0243559449625974,0.017753856948727,"173-230-173-385-77-218-481-143-89-58"
0.28,0.42,0.3,0.00867652403150652,0.0177471084574125,0.0125833944678785,"126-60-114-200-317-98-102-343-302-463"
0.28,0.44,0.28,0.0393728935307552,0.0202278616609437,0.0314469313057816,"217-53-138-217-204-154-387-304-299-64"
0.28,0.46,0.26,0.0177826458937072,0.0153769812446408,0.00811164859454301,"76-398-71-221-93-207-118-170-110-91"
0.28,0.48,0.24,0.0337326746362403,0.0466827919598546,0.0156191706803549,"119-438-53-270-342-492-149-117-103-89"
0.28,0.5,0.22,0.0435707579374399,0.0477003133101814,0.0332445842612451,"74-65-295-279-471-480-176-427-323-66"
0.28,0.52,0.2,0.0186103951887715,0.0153612299243365,0.0255604636618206,"131-81-223-63-256-146-110-130-103-189"
0.28,0.54,0.18,0.0107094476499881,0.0215315928597132,0.00930176941103701,"318-305-113-203-60-299-50-116-204-87"
0.28,0.56,0.16,0.0144921492542311,0.00720519984682334,0.0119462379398184,"147-361-104-96-470-387-120-300-79-60"
0.28,0.58,0.14,0.00462876489633589,0.00797123397213365,0.00553117186303891,"105-338-208-443-428-445-295-180-116-59"
0.28,0.6,0.12,0.0183605320837447,0.0242060700354395,0.0291601404568159,"500-77-487-108-262-173-167-75-128-52"
0.28,0.62,0.1,0.0397418820556836,0.0777041791169712,0.0366015231387867,"89-86-318-195-58-70-142-417-102-132"
0.28,0.64,0.08,0.0208931172467385,0.035279448729553,0.0296988767918183,"119-70-457-260-440-453-66-194-447-67"
0.28,0.66,0.06,0.0245414316334279,0.0447302966620766,0.0300929327953691,"82-332-156-211-72-60-140-186-105-74"
0.28,0.68,0.04,0.0147289024362559,0.0447697699642911,0.0179527548759005,"402-54-160-154-146-67-117-61-312-107"
0.28,0.7,0.02,0.0157190780648393,0.0384935673248697,0.00606949174491565,"55-251-59-182-314-69-63-110-343-456"
0.3,0.02,0.68,0.025854921347384,0.0405502147025234,0.0278641163675123,"64-480-319-53-473-89-137-51-50-117"
0.3,0.04,0.66,0.00565421541465808,0.0130740938017617,0.00403093871491036,"240-133-392-382-73-235-180-280-474-217"
0.3,0.06,0.64,0.548694946392483,0.0167360252027556,0.0145848639250872,"364-333-255-450-194-459-156-339-296-319"
0.3,0.08,0.62,0.019810022318016,0.0488793648284072,0.0161713812995439,"172-125-396-442-80-87-211-197-167-118"
0.3,0.1,0.6,0.00597369130778041,0.0239070105983848,0.00925117018536067,"87-266-81-252-223-474-357-145-168-380"
0.3,0.12,0.58,0.00855641019221692,0.0421245424801103,0.0271310934136966,"206-431-72-188-70-296-223-178-101-55"
0.3,0.14,0.56,0.0249507758599431,0.0336773516735095,0.0300803369169226,"277-209-110-88-118-108-56-98-51-91"
0.3,0.16,0.54,0.0505182444303006,0.0525947132296951,0.0395390615660693,"116-192-117-310-119-68-170-117-306-130"
0.3,0.18,0.52,0.00867289666701793,0.0248715416532263,0.013698993700071,"106-254-168-197-394-69-199-99-331-128"
0.3,0.2,0.5,0.0194212711230247,0.0362434437260355,0.0257160017260216,"97-309-91-197-62-226-51-255-196-125"
0.3,0.22,0.48,0.0325146819503375,0.0547704840389571,0.0223325503725865,"67-57-272-106-98-164-381-171-292-384"
0.3,0.24,0.46,0.0238432812558264,0.54135632135098,0.018159775519817,"385-497-223-92-233-95-367-407-203-64"
0.3,0.26,0.44,0.386731742427884,0.0516302359598807,0.0428647753166559,"65-237-124-83-62-153-57-307-54-84"
0.3,0.28,0.42,0.0137159265318407,0.029552503385875,0.019749861026573,"371-258-56-83-143-131-166-316-262-60"
0.3,0.3,0.4,0.0220074185862547,0.0317142643137996,0.0210793607071073,"320-115-146-354-249-88-241-157-65-440"
0.3,0.32,0.38,0.438482230723884,0.0128241010506938,0.0129446710582226,"196-173-86-77-172-79-271-61-50-397"
0.3,0.34,0.36,0.0327148338444346,0.495042085739092,0.0280916228917867,"279-344-68-67-56-318-265-111-181-135"
0.3,0.36,0.34,0.0212169094065321,0.0457868481489878,0.0266580098778704,"117-218-409-302-203-468-199-291-451-186"
0.3,0.38,0.32,0.477185327454301,0.208767256214082,0.0310421071052266,"365-73-155-423-64-156-308-72-61-384"
0.3,0.4,0.3,0.0338553839126246,0.0365768753825988,0.0345640833000914,"281-211-185-70-282-339-67-61-51-399"
0.3,0.42,0.28,0.0337179551989886,0.0124296886874835,0.0275228750171399,"234-61-175-112-77-456-309-98-155-192"
0.3,0.44,0.26,0.0111114676676543,0.00388058601372827,0.0180147560979607,"216-57-146-109-326-207-223-71-120-51"
0.3,0.46,0.24,0.0477594288705123,0.0465295127969361,0.0511969957154116,"98-60-86-74-116-174-67-392-162-86"
0.3,0.48,0.22,0.0416291342159653,0.0164512990259502,0.047169699447106,"58-226-52-306-92-68-96-57-358-292"
0.3,0.5,0.2,0.571509743467435,0.0192432878390108,0.0108272159317177,"289-159-340-63-216-482-95-215-213-99"
0.3,0.52,0.18,0.0452025558647824,0.0337173978443194,0.0458310337094166,"75-285-56-257-72-112-382-117-190-120"
0.3,0.54,0.16,0.00378593681499076,0.0269005577812174,0.00843790979780778,"391-349-74-77-59-469-435-281-350-157"
0.3,0.56,0.14,0.0441674104437499,0.00986374416706588,0.062274447163262,"340-73-88-341-99-53-75-128-203-113"
0.3,0.58,0.12,0.0197984661219289,0.0160324030282582,0.0196312831852546,"365-53-249-141-56-360-166-204-54-283"
0.3,0.6,0.1,0.0105148366802828,0.0179042692839721,0.00931077748597408,"465-189-60-129-289-75-433-183-274-189"
0.3,0.62,0.08,0.0264224260112959,0.00927779858539221,0.0296740404046059,"181-115-110-297-249-360-420-392-334-214"
0.3,0.64,0.06,0.548684377118508,0.0103416439631412,0.0110100538089764,"70-148-79-408-182-301-260-169-268-196"
0.3,0.66,0.04,0.0412339196828826,0.0472239577727527,0.034447251848345,"80-178-86-116-66-59-141-55-218-168"
0.3,0.68,0.02,0.0190485206353647,0.0460041658038667,0.0282670009655796,"378-351-114-463-276-301-193-210-69-111"
0.32,0.02,0.66,0.0250887064625775,0.00141247381150727,0.0216838553931261,"232-149-114-462-190-59-497-150-270-143"
0.32,0.04,0.64,0.0156535277236179,0.0369310637939292,0.0146192572482225,"393-124-91-97-89-187-309-294-442-208"
0.32,0.06,0.62,0.532415877549371,0.0419441222420312,0.021298760278741,"164-338-70-113-376-117-197-247-241-473"
0.32,0.08,0.6,0.0359371247996797,0.00652909170838941,0.0332270123257463,"107-282-343-103-99-54-179-114-52-491"
0.32,0.1,0.58,0.026070152286798,0.0463654469129275,0.0229690413990858,"278-144-127-427-84-148-60-67-399-301"
0.32,0.12,0.56,0.0585455203174761,0.0524467200226974,0.0433160838619195,"332-249-245-58-66-431-94-411-149-70"
0.32,0.14,0.54,0.0198535381522967,0.0573496169018868,0.0154537457253172,"366-120-63-111-328-135-371-428-58-222"
0.32,0.16,0.52,0.0138039015261975,0.0202714155080487,0.0136477522562246,"195-429-58-210-132-171-201-338-72-307"
0.32,0.18,0.5,0.0527803789386799,0.0783309596851659,0.0492014553204595,"402-81-218-240-50-499-196-151-159-154"
0.32,0.2,0.48,0.0405601173485319,0.0639884004372364,0.0367677920356472,"193-67-416-163-149-249-71-367-177-354"
0.32,0.22,0.46,0.0104167989795825,0.0261097419007983,0.0200629621983205,"336-466-335-81-72-57-79-391-73-495"
0.32,0.24,0.44,0.0159257155845898,0.0188086328846521,0.0204407783860495,"94-247-391-87-177-131-280-191-363-409"
0.32,0.26,0.42,0.0212710860337883,0.0465039347689642,0.0108439415208571,"124-427-356-156-282-443-60-282-280-171"
0.32,0.28,0.4,0.00580076722861389,0.0306900756086642,0.00372412336567856,"82-120-399-106-167-168-290-248-370-394"
0.32,0.3,0.38,0.438482230727714,0.434114140948698,0.00213889898504792,"200-77-197-406-287-401-483-236-146-408"
0.32,0.32,0.36,0.226330293905979,0.0590169991286413,0.0200677535030183,"141-60-60-66-188-474-95-309-139-88"
0.32,0.34,0.34,0.466760328461195,0.0059299248706808,0.0118044147468095,"56-86-336-313-310-163-150-96-411-110"
0.32,0.36,0.32,0.452548335068573,0.0376569693311383,0.0187791059184716,"146-146-181-312-392-127-62-68-292-451"
0.32,0.38,0.3,0.0345702211061329,0.0142336383796066,0.0299186408620792,"299-84-108-121-208-463-78-58-368-175"
0.32,0.4,0.28,0.0245844440925933,0.0635531777693719,0.0270945030218635,"213-71-277-235-146-280-122-67-112-63"
0.32,0.42,0.26,0.0342338140687939,0.0407428421201688,0.037395107296207,"99-95-301-154-397-119-364-281-213-91"
0.32,0.44,0.24,0.0555760844912878,0.0487306690120818,0.0579060079607295,"145-63-380-60-65-367-255-82-86-87"
0.32,0.46,0.22,0.554496763539798,0.0362046435995508,0.0398826880682108,"145-59-70-496-209-98-124-481-110-166"
0.32,0.48,0.2,0.0646166855676998,0.0405276379293091,0.0514174931112941,"106-106-180-73-155-240-54-69-153-409"
0.32,0.5,0.18,0.0347791632463285,0.0171844489407843,0.0114352558148007,"217-52-89-56-77-70-54-131-50-125"
0.32,0.52,0.16,0.0259133521413695,0.0161670264346809,0.02444251019566,"346-60-431-54-383-112-500-459-136-162"
0.32,0.54,0.14,0.0294094567131299,0.0214015572423026,0.0280101452167206,"78-370-209-295-119-127-86-451-84-107"
0.32,0.56,0.12,0.0218438693803671,0.00733639137708259,0.0242324400146362,"301-166-200-56-110-204-262-298-258-423"
0.32,0.58,0.1,0.00884580451158232,0.00704089487761681,0.0123918056710113,"360-55-82-444-494-320-148-184-240-249"
0.32,0.6,0.08,0.0174751871735399,0.00106053974314338,0.0166966077192707,"401-62-101-116-399-465-137-53-297-79"
0.32,0.62,0.06,0.0524445153798879,0.027617335847627,0.0455088806333286,"396-132-190-143-159-193-78-191-72-148"
0.32,0.64,0.04,0.029471268216992,0.0515384131062865,0.0297411357696518,"391-59-91-107-57-465-130-114-294-402"
0.32,0.66,0.02,0.0123480535864167,0.012232415607787,0.0168464905408489,"50-92-114-124-51-133-197-237-280-296"
0.34,0.02,0.64,0.0149043047924123,0.0236011724422833,0.0209846868877582,"64-341-273-58-256-117-208-181-103-492"
0.34,0.04,0.62,0.0667635829644559,0.0736688614443897,0.0627094126579259,"56-66-436-161-132-80-103-55-72-234"
0.34,0.06,0.6,0.0213957375475502,0.0389209490901393,0.0146302312883474,"458-119-272-372-465-108-367-482-299-141"
0.34,0.08,0.58,0.0377079341036084,0.0379110950726548,0.0366015401636228,"179-441-80-148-65-67-163-269-125-98"
0.34,0.1,0.56,0.0141163937532547,0.0282417355533869,0.0164205401491743,"305-338-303-136-449-487-125-311-443-64"
0.34,0.12,0.54,0.0263780754010272,0.0458463228411429,0.0238102726340551,"390-169-342-177-51-91-94-329-64-95"
0.34,0.14,0.52,0.0154476661900068,0.0307360743658367,0.00986442296098465,"351-121-89-200-150-56-130-58-235-98"
0.34,0.16,0.5,0.0252761607953251,0.0405554733444747,0.0283701222736306,"92-77-337-96-150-405-135-436-326-412"
0.34,0.18,0.48,0.0370271431014549,0.0467027770608356,0.0241970098446322,"165-355-189-53-130-391-334-246-155-263"
0.34,0.2,0.46,0.0440607773254922,0.018766811722293,0.0505883798044015,"336-272-131-426-76-76-62-81-161-315"
0.34,0.22,0.44,0.0173979705997514,0.00705003961114151,0.0144198919916905,"187-168-340-396-324-128-131-231-65-149"
0.34,0.24,0.42,0.0223380296455145,0.0655972319444026,0.0134620056440155,"378-104-117-71-77-60-89-74-88-68"
0.34,0.26,0.4,0.4255192866448,0.0569391710962381,0.0349403851525113,"81-257-202-233-288-294-357-72-53-71"
0.34,0.28,0.38,0.0288742339907181,0.0473795161130659,0.0322905749629185,"352-230-386-214-73-117-190-55-203-79"
0.34,0.3,0.36,0.0206770643804557,0.108316346790106,0.0183012282804894,"113-96-99-147-74-164-144-360-237-142"
0.34,0.32,0.34,0.00867466117343525,0.0186562746440569,0.0080881936709822,"310-275-305-185-163-54-314-94-406-215"
0.34,0.34,0.32,0.480830292301176,0.03252553802972,0.0210872959727779,"83-236-210-117-179-76-132-297-54-361"
0.34,0.36,0.3,0.458296999669323,0.026839724090673,0.00303342260792551,"61-401-140-382-143-61-194-62-331-420"
0.34,0.38,0.28,0.0390913056330433,0.0263437758401919,0.043430112963489,"112-446-62-479-75-56-225-165-362-83"
0.34,0.4,0.26,0.0289688004543648,0.0168088386239907,0.0130383350079964,"226-321-152-137-269-79-54-59-468-126"
0.34,0.42,0.24,0.412148840428263,0.0221785652626278,0.0275204215634682,"69-113-150-59-257-228-318-413-261-51"
0.34,0.44,0.22,0.0236824899698218,0.041118660213035,0.0219480764803864,"67-111-216-109-116-85-274-120-66-142"
0.34,0.46,0.2,0.0230477085044518,0.050644857019404,0.0136940255039691,"147-443-59-377-224-196-66-395-86-268"
0.34,0.48,0.18,0.0181156905499397,0.0234332387183284,0.0220594748695375,"181-204-276-245-472-152-100-60-142-172"
0.34,0.5,0.16,0.0585835598574583,0.0860014223278509,0.0538584616047926,"80-408-231-209-192-165-239-498-176-56"
0.34,0.52,0.14,0.0328226028437496,0.0419600605845659,0.0302548167711071,"137-105-203-214-103-482-329-493-107-93"
0.34,0.54,0.12,0.027103964549914,0.00943416411404045,0.0257004479981884,"224-52-73-96-124-231-162-323-413-61"
0.34,0.56,0.1,0.0344743973581281,0.0637349653664433,0.035542186710706,"281-359-84-76-134-65-209-164-130-136"
0.34,0.58,0.08,0.509378706530482,0.0124213354200586,0.00453087802670752,"168-150-74-178-81-183-275-381-123-185"
0.34,0.6,0.06,0.021725828128867,0.0297409592454957,0.014465856506828,"141-68-54-95-71-345-54-70-278-262"
0.34,0.62,0.04,0.0378688183027214,0.00855461360924073,0.0419021231026309,"147-237-91-178-89-157-118-135-110-148"
0.34,0.64,0.02,0.0420427810556441,0.0198410222004636,0.0485290595304531,"143-188-102-402-71-335-173-88-275-133"
0.36,0.02,0.62,0.302434461167656,0.0611369436274493,0.0443988095690562,"134-97-72-132-55-206-66-410-449-249"
0.36,0.04,0.6,0.0244712741557338,0.0263474395654556,0.0258067631019485,"120-240-311-148-86-303-408-54-266-497"
0.36,0.06,0.58,0.0199521382995216,0.0212949340969685,0.0182714490676333,"261-131-139-63-391-294-121-53-55-364"
0.36,0.08,0.56,0.489767588848395,0.0109003445869856,0.00718414378219928,"237-494-240-182-88-211-302-289-347-90"
0.36,0.1,0.54,0.0214915579049665,0.0161070634336979,0.00941672699859799,"295-271-213-73-308-55-137-454-109-332"
0.36,0.12,0.52,0.0108811480417232,0.0202555101501446,0.00729521404776073,"65-473-201-155-53-79-80-396-370-279"
0.36,0.14,0.5,0.0346524244612791,0.0413837996925891,0.0235507816728436,"289-183-283-230-132-266-413-122-155-52"
0.36,0.16,0.48,0.0214338774371656,0.0184220489059262,0.0191871379300869,"313-171-312-97-84-193-217-53-345-380"
0.36,0.18,0.46,0.0272644500211331,0.0466016523823151,0.0255294511746129,"90-98-271-122-159-321-272-61-196-123"
0.36,0.2,0.44,0.0223817278632807,0.0824598647576364,0.0254776239872538,"202-103-289-63-165-358-145-130-253-293"
0.36,0.22,0.42,0.030072453708758,0.0182145628801593,0.0179213056665545,"90-227-54-173-163-84-251-89-432-97"
0.36,0.24,0.4,0.0617361450098435,0.0448474032534455,0.0494236988529363,"319-63-108-176-183-61-403-56-83-215"
0.36,0.26,0.38,0.00747330703649412,0.0329134375892966,0.00406768188356347,"157-444-103-105-129-351-166-262-64-61"
0.36,0.28,0.36,0.450748957668598,0.00998453085535723,0.0169461029008207,"119-63-120-113-399-55-249-235-138-285"
0.36,0.3,0.34,0.0436430074268131,0.0185248779884646,0.0445832976683145,"149-157-349-116-137-102-94-279-416-267"
0.36,0.32,0.32,0.00993770637087716,0.0441055595538269,0.00697373665016216,"68-53-328-57-337-171-109-200-268-127"
0.36,0.34,0.3,0.0208103674196788,0.0145770145260902,0.0227539188433243,"292-110-206-55-98-129-225-214-449-382"
0.36,0.36,0.28,0.453725320646675,0.0532861225651821,0.0524071826512959,"104-103-398-71-404-67-245-160-233-55"
0.36,0.38,0.26,0.0313861977124604,0.00197975547072792,0.0248695031885733,"100-77-75-61-171-84-298-169-294-198"
0.36,0.4,0.24,0.0263587621914062,0.0276348233470275,0.0202135159016653,"467-156-75-270-141-387-146-88-52-234"
0.36,0.42,0.22,0.042201939233488,0.0482251152245655,0.0370711772967569,"103-109-202-110-58-224-352-232-185-242"
0.36,0.44,0.2,0.0277660838091951,0.0707169903870324,0.0349743435511826,"173-81-176-223-233-268-252-64-475-339"
0.36,0.46,0.18,0.0412920020010197,0.067210327464639,0.0291297912514432,"63-86-359-154-143-57-198-79-162-67"
0.36,0.48,0.16,0.023472595248323,0.0242697095490623,0.0113613509329356,"487-118-338-255-234-59-105-108-495-194"
0.36,0.5,0.14,0.0208203223976971,0.0571105388713202,0.0224172338286365,"100-74-56-148-112-255-112-200-180-161"
0.36,0.52,0.12,0.0240809684551715,0.353130885710997,0.0243995100824438,"74-84-292-258-417-472-50-255-411-208"
0.36,0.54,0.1,0.00941493186508216,0.0310551684978888,0.01383558799303,"320-151-285-428-145-168-66-92-372-111"
0.36,0.56,0.08,0.0140568952807642,0.0309344362661689,0.0110033404987854,"331-279-79-53-129-93-266-346-118-234"
0.36,0.58,0.06,0.00862905280422492,0.0189205789249541,0.0108331055651937,"174-483-188-299-264-242-244-101-211-149"
0.36,0.6,0.04,0.0148996398530275,0.0199779406174649,0.0126893236293895,"214-110-85-229-314-177-312-224-162-142"
0.36,0.62,0.02,0.0271520435538845,0.0351211928376676,0.0330337250881104,"227-116-489-241-425-52-334-134-444-135"
0.38,0.02,0.6,0.00635966425226986,0.0112249622705753,0.0144996288642961,"53-169-319-71-97-65-104-322-191-496"
0.38,0.04,0.58,0.0549541408477166,0.0627238182273983,0.0376498010821221,"67-52-174-288-74-202-73-58-52-462"
0.38,0.06,0.56,0.0251182936476738,0.037057839313647,0.02048752485124,"50-152-98-188-53-357-105-130-268-63"
0.38,0.08,0.54,0.0240191352311795,0.0374498884873175,0.040799218870445,"457-270-208-177-153-135-275-166-101-94"
0.38,0.1,0.52,0.0136193540383892,0.039358106424748,0.0132515074584162,"85-93-226-57-280-264-119-116-214-123"
0.38,0.12,0.5,0.00930450899252797,0.0257311703753906,0.00941394760042551,"55-320-186-204-494-362-275-168-59-92"
0.38,0.14,0.48,0.0327152706811106,0.0435644225757981,0.0272772998879815,"270-456-339-79-378-105-115-142-114-85"
0.38,0.16,0.46,0.0377900245811988,0.024501002501661,0.038229972630582,"314-236-153-89-62-54-298-171-248-481"
0.38,0.18,0.44,0.0357242388039597,0.0119819450317991,0.0387554713033952,"120-53-163-66-486-52-497-223-81-237"
0.38,0.2,0.42,0.0273862263108923,0.0282097607964865,0.0228232366572312,"443-158-91-167-191-130-76-434-210-119"
0.38,0.22,0.4,0.00468573668987667,0.0320839174405569,0.00494554072415788,"435-282-314-74-195-122-235-88-142-119"
0.38,0.24,0.38,0.0348843136695046,0.0175297134252706,0.035050706428229,"66-196-152-223-107-112-83-57-87-138"
0.38,0.26,0.36,0.0163110308011524,0.0449868771582572,0.0289707691431619,"176-75-68-130-470-201-409-113-246-146"
0.38,0.28,0.34,0.0360083058094281,0.0775167724344854,0.0200844201025496,"162-242-188-99-56-211-101-109-98-57"
0.38,0.3,0.32,0.00472643690356643,0.051277642260396,0.0196585369461671,"102-178-134-69-391-108-111-107-170-190"
0.38,0.32,0.3,0.0469248022711016,0.0157747820693087,0.0402797248466502,"90-134-121-63-139-484-56-51-228-285"
0.38,0.34,0.28,0.509378706530482,0.00807643639771151,0.0346663052309589,"94-66-121-141-138-103-132-218-168-320"
0.38,0.36,0.26,0.0243485985072518,0.0108250775545163,0.0265883005943807,"344-66-154-56-139-318-75-224-57-242"
0.38,0.38,0.24,0.0093477564618792,0.0143527358241274,0.0143122375447338,"71-226-139-330-113-161-57-159-101-240"
0.38,0.4,0.22,0.0188325043081845,0.444522209244985,0.0135753725436169,"180-168-189-211-292-193-111-85-163-155"
0.38,0.42,0.2,0.0235259584125794,0.0496035989226217,0.0224930094972213,"163-377-403-106-66-258-150-388-121-134"
0.38,0.44,0.18,0.0258254384890882,0.0477901470880078,0.0341995423609267,"293-117-62-158-122-254-174-457-395-159"
0.38,0.46,0.16,0.0148511647234526,0.0155728872326785,0.0249289975773352,"342-174-67-300-153-477-327-497-63-53"
0.38,0.48,0.14,0.0213504532597677,0.0282170834254635,0.0266090115106262,"54-311-100-354-231-64-386-387-305-418"
0.38,0.5,0.12,0.0231386367385396,0.0183866177222263,0.0130702748952447,"64-98-53-128-68-390-199-481-267-252"
0.38,0.52,0.1,0.0185895857400191,0.018566783697841,0.00838566736786269,"458-63-460-200-458-149-229-57-113-77"
0.38,0.54,0.08,0.0601955430012152,0.0737234019401976,0.0474308201748795,"107-76-158-240-176-264-226-78-111-112"
0.38,0.56,0.06,0.0365201904260793,0.0348594888457649,0.0340643636212218,"58-99-127-106-286-258-396-134-58-130"
0.38,0.58,0.04,0.0619044340659128,0.11971082371313,0.0463091749191398,"353-224-55-271-57-221-237-315-55-355"
0.38,0.6,0.02,0.0466622716751549,0.0580794154277689,0.0223775297336532,"67-272-88-487-53-272-213-277-59-74"
0.4,0.02,0.58,0.027825475512679,0.0187343720886008,0.0240354549908631,"154-330-93-298-101-120-53-60-94-82"
0.4,0.04,0.56,0.00964311245006155,0.0205264517054881,0.00905018089992386,"81-102-57-80-119-271-301-490-228-65"
0.4,0.06,0.54,0.0281849532504521,0.0210671151275045,0.0208840706013142,"241-81-305-389-110-500-383-52-351-424"
0.4,0.08,0.52,0.0407589425226884,0.0240576230180697,0.0290002745541325,"259-245-55-109-83-56-83-278-137-445"
0.4,0.1,0.5,0.0227148900561338,0.0239356993546349,0.0188546856853407,"104-252-55-453-309-81-130-79-155-118"
0.4,0.12,0.48,0.0226139999248792,0.0417242484408256,0.0209367376769874,"52-60-52-333-51-123-50-53-58-149"
0.4,0.14,0.46,0.00670753448212864,0.0158004217042673,0.0150616216701094,"297-296-59-125-69-186-55-61-368-272"
0.4,0.16,0.44,0.0515293176985039,0.0728087074606766,0.0494452484699662,"331-99-78-426-428-348-101-62-66-191"
0.4,0.18,0.42,0.435430336604279,0.0481297881580245,0.0159436130158994,"71-176-267-103-356-315-159-91-179-278"
0.4,0.2,0.4,0.0259935218295487,0.0354793955884248,0.0214276972879134,"412-341-71-68-119-223-61-253-339-159"
0.4,0.22,0.38,0.0106580815810326,0.0165373906048228,0.00405975483078455,"167-52-105-193-115-296-109-306-83-413"
0.4,0.24,0.36,0.0439416927863027,0.0291860033306644,0.0386062516168168,"68-293-386-127-204-60-103-297-493-161"
0.4,0.26,0.34,0.00381749043366243,0.0118371065799579,0.00403946023050368,"232-92-115-336-400-98-191-246-116-83"
0.4,0.28,0.32,0.0334336206687915,0.0174656984742591,0.0220292109068171,"56-137-63-96-126-90-195-127-467-164"
0.4,0.3,0.3,0.032234821870497,0.0474320155264765,0.0263975476189702,"277-399-69-92-51-459-96-65-195-365"
0.4,0.32,0.28,0.0155248808459947,0.0230517437355182,0.0112696128328775,"276-109-201-117-216-494-155-323-60-61"
0.4,0.34,0.26,0.021137919964452,0.0125738775731042,0.00246527494705549,"280-233-83-62-409-351-57-334-58-128"
0.4,0.36,0.24,0.0247623694978915,0.0283421407929984,0.0211040279119651,"272-432-93-117-201-93-301-53-398-93"
0.4,0.38,0.22,0.00796475107264819,0.00650860386937614,0.0151169240876957,"173-130-440-74-61-71-492-57-169-113"
0.4,0.4,0.2,0.0255598525755633,0.432049379893857,0.0297254726374918,"94-67-194-230-198-102-185-140-230-249"
0.4,0.42,0.18,0.0137377440359455,0.0217898859363968,0.0128551410516682,"332-88-105-84-101-62-105-275-497-205"
0.4,0.44,0.16,0.0219238527509038,0.0272406105801717,0.0237548204262499,"95-467-58-114-286-67-171-156-227-231"
0.4,0.46,0.14,0.0308889702211941,0.078354350441392,0.0220098848102685,"86-206-233-84-237-484-357-119-117-262"
0.4,0.48,0.12,0.0378670912413819,0.0246411572610792,0.0348094192580894,"73-205-65-381-115-201-94-124-347-196"
0.4,0.5,0.1,0.0291110739726407,0.0141012381805763,0.0343628712322062,"170-167-246-236-280-81-87-147-141-190"
0.4,0.52,0.08,0.00838969987739135,0.0371960005383319,0.00904337138115512,"105-145-165-128-289-115-452-258-210-91"
0.4,0.54,0.06,0.0119359131481833,0.0227651043376671,0.008439344545306,"307-52-54-52-85-365-493-248-67-217"
0.4,0.56,0.04,0.0305849065365688,0.0361538515130291,0.0324098193714927,"76-83-205-81-215-354-421-112-64-138"
0.4,0.58,0.02,0.0109086904141928,0.0194868381849503,0.0215393399820847,"54-448-76-87-53-183-277-70-68-385"
0.42,0.02,0.56,0.0281983533370424,0.0250073057472556,0.0168763686619969,"85-119-432-306-345-81-193-91-380-221"
0.42,0.04,0.54,0.0068368080898915,0.0170175765878455,0.013144013974836,"144-154-60-177-103-278-90-165-80-319"
0.42,0.06,0.52,0.0106405464556759,0.0540140296218075,0.0165550739856357,"118-245-97-150-108-55-235-52-381-137"
0.42,0.08,0.5,0.024241947962347,0.0163765327115652,0.030458064873408,"85-54-69-342-57-208-465-139-256-95"
0.42,0.1,0.48,0.0177135944110888,0.0425528881302192,0.0145272333012214,"210-126-60-375-136-172-59-199-333-240"
0.42,0.12,0.46,0.0118219586668335,0.0132655440930617,0.014075459656028,"283-313-118-476-92-99-105-173-313-202"
0.42,0.14,0.44,0.0154011683431609,0.41214455048216,0.00720147918649371,"105-275-88-79-404-133-161-171-410-192"
0.42,0.16,0.42,0.0133587407883474,0.015123959019387,0.016032056796403,"271-223-155-203-211-327-108-112-91-293"
0.42,0.18,0.4,0.0202030736843455,0.435430821141545,0.0211119943730996,"165-471-186-291-101-113-486-107-375-482"
0.42,0.2,0.38,0.0163137093945392,0.0386883090522863,0.00393912800558907,"75-122-265-66-201-104-498-66-185-133"
0.42,0.22,0.36,0.0163417992489013,0.0166428909817972,0.0116785260356496,"333-52-207-72-114-71-156-213-183-416"
0.42,0.24,0.34,0.0273582355372024,0.0265303409017269,0.0308530119654967,"411-257-278-99-117-124-66-75-56-271"
0.42,0.26,0.32,0.0554823202196955,0.073729068346025,0.0534221516967891,"75-91-54-479-163-184-249-75-297-82"
0.42,0.28,0.3,0.0170950814717703,0.0399757940581116,0.0173801676926213,"181-58-166-202-62-89-109-99-150-402"
0.42,0.3,0.28,0.0247291084301098,0.0832131253615582,0.00635236949863644,"331-144-123-70-447-102-69-133-244-151"
0.42,0.32,0.26,0.0337264840766512,0.00834885140786225,0.0220655201834592,"153-268-495-131-246-167-65-76-412-170"
0.42,0.34,0.24,0.0187382979634808,0.00945116437842386,0.013641873439364,"388-55-469-200-119-386-78-52-199-239"
0.42,0.36,0.22,0.0225489072650781,0.0408734727936853,0.01676457623073,"56-84-147-157-432-321-103-72-309-330"
0.42,0.38,0.2,0.00774142169431625,0.0214283892248253,0.00259620102418688,"196-63-121-87-304-499-84-188-402-109"
0.42,0.4,0.18,0.023609322106991,0.0268400232541781,0.0108087776716496,"353-120-210-437-364-64-74-149-195-176"
0.42,0.42,0.16,0.0282377262096486,0.0371035940443772,0.0152599108603284,"63-191-466-72-67-476-201-72-200-76"
0.42,0.44,0.14,0.00713682563392702,0.00954727628625072,0.0119913931620831,"259-56-62-279-171-86-246-393-64-154"
0.42,0.46,0.12,0.0270637719186214,0.0288616299742591,0.0196820395736329,"157-99-160-50-55-285-96-242-106-106"
0.42,0.48,0.1,0.0181982037477189,0.0192447772298737,0.0328363657128758,"114-445-180-114-120-226-157-391-190-457"
0.42,0.5,0.08,0.00788979748140127,0.00684184602349002,0.0240931265167395,"404-125-267-82-83-50-374-71-109-138"
0.42,0.52,0.06,0.0150445965177798,0.0484724890865373,0.0317036161963478,"78-190-325-57-78-347-110-181-175-99"
0.42,0.54,0.04,0.018127820582151,0.00932283513925521,0.0160904116211835,"70-333-126-238-90-122-71-215-104-307"
0.42,0.56,0.02,0.0394670782410998,0.0352354404157364,0.0339681440111584,"52-128-450-145-463-110-82-135-390-53"
0.44,0.02,0.54,0.034227401344787,0.044621409789816,0.0149552386549714,"104-159-58-59-375-290-187-66-246-222"
0.44,0.04,0.52,0.01141551965753,0.00881907769628825,0.00616124102176452,"358-88-288-102-85-282-67-204-171-139"
0.44,0.06,0.5,0.0132170690007923,0.0103917090608119,0.0157948462875106,"275-55-149-159-112-369-411-67-63-445"
0.44,0.08,0.48,0.034828912567752,0.00969880294342701,0.0390920474206935,"236-157-71-143-329-66-80-139-223-177"
0.44,0.1,0.46,0.0169575193217463,0.0119754229691208,0.0163226131381358,"60-443-162-135-408-105-415-102-370-93"
0.44,0.12,0.44,0.00501338278217068,0.0352906016563236,0.00283814403838756,"378-149-491-148-323-271-114-161-419-248"
0.44,0.14,0.42,0.0439831378580629,0.0664473938424716,0.0453561315112015,"343-113-327-85-79-136-233-138-72-100"
0.44,0.16,0.4,0.0187804268305314,0.0456825127163227,0.0117613280096956,"317-53-336-139-55-138-247-71-187-383"
0.44,0.18,0.38,0.0174384445744881,0.0146883968680622,0.0108226322018391,"151-88-55-264-191-222-128-129-284-53"
0.44,0.2,0.36,0.0353794355934276,0.0173151186191655,0.0336053431089837,"206-234-223-72-55-312-290-376-398-94"
0.44,0.22,0.34,0.0238387226958984,0.0148918686851087,0.0259538841520816,"213-380-326-52-149-52-203-429-160-89"
0.44,0.24,0.32,0.0123884030361268,0.0117499403807152,0.0108155581338513,"85-93-195-62-293-427-266-132-244-56"
0.44,0.26,0.3,0.0131586181964562,0.0269900776420049,0.0183625732568759,"369-142-59-383-117-108-55-422-170-243"
0.44,0.28,0.28,0.0260231330290764,0.0380241125773871,0.0250699104841504,"354-118-286-62-78-313-283-135-162-214"
0.44,0.3,0.26,0.0132425838320903,0.0287268631935559,0.0106728733472501,"150-123-67-227-245-127-87-198-330-351"
0.44,0.32,0.24,0.00795488817539232,0.00348089345499877,0.00379395345488465,"84-397-273-236-265-199-357-468-318-265"
0.44,0.34,0.22,0.0239552914028244,0.0328654627734667,0.00477237039585163,"59-59-432-126-130-219-72-164-78-111"
0.44,0.36,0.2,0.00525111731448454,0.463033476111609,0.00240653857645393,"206-236-336-203-415-125-118-84-300-132"
0.44,0.38,0.18,0.0156039413238886,0.012878811868444,0.00233304491090363,"77-53-71-219-134-313-423-51-362-116"
0.44,0.4,0.16,0.0345926852950531,0.0237707482551124,0.0464662890848146,"189-421-67-135-310-52-295-440-166-394"
0.44,0.42,0.14,0.0199367983449388,0.00567290325294282,0.0227287648122492,"370-473-52-169-129-237-348-100-399-74"
0.44,0.44,0.12,0.0124943651471411,0.0227656620094588,0.0080795884258763,"101-217-183-101-152-139-139-397-237-56"
0.44,0.46,0.1,0.0154142150479113,0.0117782488972769,0.0170010108285629,"115-343-123-129-77-69-232-56-166-89"
0.44,0.48,0.08,0.0223817256915567,0.0207838055433453,0.0148240593457728,"134-141-151-139-425-75-178-243-330-60"
0.44,0.5,0.06,0.421409076938222,0.0129113224418172,0.00453123636281933,"51-312-214-77-79-178-439-371-330-460"
0.44,0.52,0.04,0.0243181678914854,0.0204529476235932,0.0294266725640964,"103-257-98-96-52-145-136-187-80-324"
0.44,0.54,0.02,0.0200436352192365,0.0200713176673534,0.0163043739131601,"135-194-434-362-51-451-139-85-127-59"
0.46,0.02,0.52,0.0027169800997987,0.00304028450910947,0.0023380974003648,"107-223-122-83-344-96-354-281-99-128"
0.46,0.04,0.5,0.00333552032220831,0.0152819161416955,0.00252111027927999,"120-392-408-84-429-113-146-357-166-70"
0.46,0.06,0.48,0.0129164764798663,0.031583820148688,0.00632921324775697,"62-404-262-108-53-53-282-332-196-308"
0.46,0.08,0.46,0.0176140987319409,0.0259774811513282,0.0103392118089377,"202-217-59-148-348-123-50-339-273-65"
0.46,0.1,0.44,0.0447468005040993,0.422374241638823,0.0422577419238106,"497-301-77-116-102-186-210-135-50-236"
0.46,0.12,0.42,0.0127830079904721,0.0414428562175733,0.00863391950829361,"102-121-284-67-248-139-89-160-266-322"
0.46,0.14,0.4,0.00433797323042405,0.00851066330897696,0.0106905112905933,"328-74-228-485-215-187-63-257-390-267"
0.46,0.16,0.38,0.0476253643904354,0.0375985503971306,0.0310513312736535,"239-145-94-450-158-309-128-109-147-54"
0.46,0.18,0.36,0.0276292004033082,0.00804421801963079,0.0193740084962734,"468-134-155-80-56-355-199-244-432-62"
0.46,0.2,0.34,0.0165368833051294,0.0142675285847555,0.0209151762246461,"102-470-361-54-95-227-72-51-451-143"
0.46,0.22,0.32,0.0251398360908479,0.0131432282312132,0.00673276186541354,"165-323-128-342-96-367-57-120-162-184"
0.46,0.24,0.3,0.0234446614823078,0.031754667336978,0.0196287850182773,"108-346-194-220-78-355-497-178-87-132"
0.46,0.26,0.28,0.011341984781313,0.0652733798891896,0.0244157201002408,"72-324-350-68-84-77-319-136-121-55"
0.46,0.28,0.26,0.0313103748670422,0.0211959075117433,0.0283225324702521,"316-299-78-104-272-104-89-90-314-332"
0.46,0.3,0.24,0.069260711742074,0.0522659642509681,0.0649991207363265,"152-94-57-62-409-65-228-82-135-492"
0.46,0.32,0.22,0.0199338827201626,0.0204190051977904,0.0190250290302699,"126-100-106-499-52-284-315-287-83-234"
0.46,0.34,0.2,0.0182455411098861,0.0171522957847755,0.0210862540763504,"205-62-410-96-283-80-112-284-189-200"
0.46,0.36,0.18,0.0300465759030187,0.0536271374686515,0.0302722252314451,"173-57-287-179-127-66-191-157-347-223"
0.46,0.38,0.16,0.0107154785488833,0.0535212972397066,0.0267154226555755,"87-270-118-220-499-96-109-315-54-95"
0.46,0.4,0.14,0.0136680670486855,0.0531805775174139,0.0213974843234923,"85-278-60-385-52-212-159-97-110-69"
0.46,0.42,0.12,0.0348042983270848,0.0647741606581235,0.0284273536132499,"66-229-147-153-89-71-99-331-63-140"
0.46,0.44,0.1,0.00723259556971233,0.019820237732843,0.010697775693638,"101-194-111-103-341-398-54-259-392-287"
0.46,0.46,0.08,0.0216699200694311,0.0118370021931795,0.0151148349276493,"110-95-97-217-188-144-195-54-94-214"
0.46,0.48,0.06,0.0032085141629554,0.0223920233379333,0.00225845684693294,"56-441-57-122-74-490-277-94-176-53"
0.46,0.5,0.04,0.045352332568763,0.0509965557433828,0.0422717967121857,"253-91-220-61-175-154-50-274-64-152"
0.46,0.52,0.02,0.384013888637725,0.00314453740159786,0.0143336322117258,"235-111-89-344-55-158-162-238-185-132"
0.48,0.02,0.5,0.0374961434579442,0.402304325998166,0.0414953576300539,"464-57-129-159-54-69-295-193-482-435"
0.48,0.04,0.48,0.0195922535590894,0.0236342543405636,0.0158054452263165,"97-323-67-55-367-270-105-273-307-66"
0.48,0.06,0.46,0.0969431098189275,0.0917564958323402,0.109500151906504,"117-488-250-129-145-64-131-200-117-73"
0.48,0.08,0.44,0.0166178675638834,0.0300985560947229,0.0126576147871667,"101-217-62-266-141-407-311-379-81-176"
0.48,0.1,0.42,0.0411105583368852,0.0884751823699133,0.0154514448595904,"184-96-78-398-99-183-76-62-347-345"
0.48,0.12,0.4,0.0390589478431427,0.0366927588050977,0.0325722871862617,"210-76-67-433-200-214-108-104-77-117"
0.48,0.14,0.38,0.0268892355938006,0.0432503030838585,0.0378517918799696,"93-67-77-230-256-108-51-139-81-127"
0.48,0.16,0.36,0.0124883255193141,0.0188438954107109,0.00970086945738463,"150-377-225-101-407-106-325-456-68-164"
0.48,0.18,0.34,0.00941696077408605,0.021296732386932,0.00486603423314353,"233-122-455-424-122-240-114-456-234-81"
0.48,0.2,0.32,0.0193686080503066,0.037009143087546,0.0196424630210488,"435-454-259-274-56-222-291-357-83-245"
0.48,0.22,0.3,0.0311545253108622,0.369143151997523,0.0302455446430589,"324-356-447-144-107-454-76-86-151-221"
0.48,0.24,0.28,0.0337313358779986,0.0113495211521626,0.0270056608964942,"425-109-121-131-114-226-348-57-57-327"
0.48,0.26,0.26,0.0163230871855419,0.052469568213979,0.0139401855280357,"316-147-78-121-103-382-127-349-343-84"
0.48,0.28,0.24,0.0690956003169638,0.0436895388250038,0.0527461377512433,"154-121-154-249-192-194-58-56-50-97"
0.48,0.3,0.22,0.0263573474063516,0.00949440921502017,0.00353520842638317,"253-109-99-185-50-149-422-89-73-271"
0.48,0.32,0.2,0.00587536328640401,0.0374828320765736,0.00708163917573932,"225-338-184-98-274-67-94-235-82-58"
0.48,0.34,0.18,0.00837209798576967,0.0272294332482221,0.022715090835765,"192-204-405-335-207-95-82-84-83-353"
0.48,0.36,0.16,0.037066677324445,0.0266020677201459,0.0253549958283728,"166-159-164-117-248-281-448-201-88-487"
0.48,0.38,0.14,0.0275727618805128,0.0131290800895834,0.0165748622289094,"195-268-140-57-198-390-108-427-96-79"
0.48,0.4,0.12,0.00982995728713642,0.0243867110864532,0.0052464139786312,"190-102-196-57-69-310-92-395-181-176"
0.48,0.42,0.1,0.007578709572415,0.0045021131264167,0.00392405080465786,"147-383-96-224-132-173-103-87-133-333"
0.48,0.44,0.08,0.00563747406501218,0.0138717444481431,0.0072054306017269,"129-90-72-310-64-260-472-302-88-61"
0.48,0.46,0.06,0.0162661075250291,0.0295435807364794,0.0209822304824874,"270-199-52-95-67-133-175-89-101-64"
0.48,0.48,0.04,0.00479304720895313,0.0253590886986593,0.0076452789030104,"420-253-55-147-105-171-192-67-373-66"
0.48,0.5,0.02,0.416653333119993,0.0128651523481009,0.00608394397805352,"258-123-169-210-93-465-207-435-53-143"
0.5,0.02,0.48,0.00805646238077412,0.00674454607656519,0.0077367499262289,"51-295-340-102-115-140-136-254-202-80"
0.5,0.04,0.46,0.0214316291635868,0.0547844345876565,0.0258814081151935,"196-420-66-207-145-147-130-87-154-66"
0.5,0.06,0.44,0.00554260852042022,0.0491552631348556,0.006225138251564,"232-118-352-102-116-93-394-359-190-477"
0.5,0.08,0.42,0.0640067480467694,0.0166988710638729,0.0575588051303551,"110-298-116-125-61-206-95-186-221-94"
0.5,0.1,0.4,0.0280918106806883,0.0153227238172876,0.0102202384950417,"363-246-190-58-386-125-68-121-431-406"
0.5,0.12,0.38,0.0304498344370138,0.0293033967769968,0.0273514934804849,"74-87-84-482-124-54-187-80-372-268"
0.5,0.14,0.36,0.024931556405912,0.0227112212860787,0.02599737303104,"140-129-108-91-103-454-101-62-345-268"
0.5,0.16,0.34,0.0464053316093193,0.02659208981147,0.0417963315819834,"85-340-95-118-51-297-53-53-104-256"
0.5,0.18,0.32,0.0327507989836787,0.0109655332934522,0.0045771115099054,"63-475-474-75-443-166-107-59-248-76"
0.5,0.2,0.3,0.00733745759491869,0.0149168242952712,0.0118736105236085,"121-122-72-381-280-459-333-81-65-460"
0.5,0.22,0.28,0.0194579274784127,0.0374656388371197,0.0126928866822844,"413-385-101-86-165-66-60-50-91-336"
0.5,0.24,0.26,0.0380917160190485,0.0516369475349846,0.030470021802044,"290-67-444-53-315-156-367-65-55-204"
0.5,0.26,0.24,0.0389693414515418,0.0211626173216288,0.0225289517073727,"413-64-291-73-350-95-110-370-366-367"
0.5,0.28,0.22,0.00503227860180843,0.0580821343151087,0.00785903722047219,"167-342-91-65-403-383-115-60-88-58"
0.5,0.3,0.2,0.0270756058221667,0.0120770209581011,0.0267632440264388,"250-70-50-302-124-184-492-84-152-66"
0.5,0.32,0.18,0.0221624786970787,0.00176003310032944,0.0269539448308988,"349-71-148-269-483-322-145-191-50-73"
0.5,0.34,0.16,0.0186026330432873,0.0297955298663802,0.0149258837631836,"295-310-84-278-270-106-197-121-120-352"
0.5,0.36,0.14,0.0226741498374766,0.0273808783212408,0.0187752285454266,"186-153-337-99-109-76-143-403-331-370"
0.5,0.38,0.12,0.054575105634903,0.0460950804034653,0.0484500708583348,"105-397-143-189-87-343-194-103-290-54"
0.5,0.4,0.1,0.0110868155017011,0.0365485460009225,0.0019427542006835,"83-78-76-51-452-97-68-81-110-124"
0.5,0.42,0.08,0.0456231893633535,0.0640673936405745,0.0415118870541114,"109-394-178-340-159-101-88-79-369-406"
0.5,0.44,0.06,0.00525767927038586,0.0118951172164325,0.00498509143272443,"462-456-59-72-401-52-462-182-193-319"
0.5,0.46,0.04,0.0260142858009752,0.0466264991991291,0.0282278483769894,"244-243-446-452-290-85-78-105-283-56"
0.5,0.48,0.02,0.227873000675593,0.0192719388467026,0.0120539928950534,"63-180-373-321-148-95-75-118-78-439"
0.52,0.02,0.46,0.0180484123198253,0.0211701355230233,0.0229722036648551,"283-490-253-108-388-317-54-93-68-454"
0.52,0.04,0.44,0.014734242488357,0.0232886060145579,0.0183087410714472,"64-71-137-237-172-78-300-205-237-231"
0.52,0.06,0.42,0.0227588559159325,0.069375949600243,0.0195293390947911,"76-145-260-55-102-100-188-83-137-215"
0.52,0.08,0.4,0.451891017000509,0.0204995727526928,0.0129005691506196,"280-54-473-190-166-159-193-251-148-92"
0.52,0.1,0.38,0.422016289452042,0.0442190459781806,0.0134045396088397,"305-91-120-78-239-120-210-270-150-102"
0.52,0.12,0.36,0.0285657477868299,0.0256594933766777,0.0331672091048846,"96-168-99-113-64-230-172-461-282-208"
0.52,0.14,0.34,0.0130020984840917,0.028043519293939,0.0226054029687794,"389-69-188-302-369-69-332-313-267-79"
0.52,0.16,0.32,0.0318916083608403,0.0342651053912481,0.0184574950839508,"308-447-384-193-54-158-85-57-159-130"
0.52,0.18,0.3,0.0329676325947873,0.0399461626403099,0.0334310151493702,"53-66-249-441-359-407-356-328-122-184"
0.52,0.2,0.28,0.036818288655852,0.0502799742323028,0.041491241440206,"420-496-59-74-308-231-160-285-408-120"
0.52,0.22,0.26,0.0103037275761724,0.0169496038356499,0.0124918775128687,"65-147-281-170-468-156-59-62-69-439"
0.52,0.24,0.24,0.00762368642679109,0.0344831841261206,0.0127759559155186,"239-62-60-370-161-59-332-275-167-220"
0.52,0.26,0.22,0.0166077406472506,0.0269330589656336,0.012043076100004,"172-245-266-203-105-312-108-163-450-64"
0.52,0.28,0.2,0.00662305477662968,0.0397210300834491,0.0132134013476025,"250-308-66-300-83-161-206-183-459-117"
0.52,0.3,0.18,0.0309016685871989,0.0560114290065283,0.0359523911252268,"173-178-259-260-247-376-329-430-76-54"
0.52,0.32,0.16,0.023197253565397,0.0193303867575368,0.0160577952585735,"80-240-82-83-299-62-397-320-64-325"
0.52,0.34,0.14,0.0163836669213213,0.0145549336002668,0.014892354212636,"207-499-90-74-490-65-70-90-268-133"
0.52,0.36,0.12,0.00827244896569889,0.014198810422424,0.0137755631919696,"200-51-78-326-72-142-434-275-192-383"
0.52,0.38,0.1,0.015502153881135,0.0297347432587672,0.0115897607704892,"287-60-52-107-356-51-489-192-457-71"
0.52,0.4,0.08,0.0677628753067318,0.0415566687093325,0.0535402037229679,"71-76-363-68-159-79-73-83-58-172"
0.52,0.42,0.06,0.0520584149617664,0.0404974366453924,0.0379159356869096,"66-129-192-288-467-58-88-82-161-212"
0.52,0.44,0.04,0.00570794207472178,0.0144095505538187,0.00244866205729194,"373-252-398-337-143-386-242-76-103-112"
0.52,0.46,0.02,0.0225100342202824,0.0113769357813691,0.0132987240737177,"69-145-461-174-96-67-410-159-431-267"
0.54,0.02,0.44,0.449295744822019,0.0182784678424961,0.025889335863663,"57-62-185-96-101-58-314-209-72-207"
0.54,0.04,0.42,0.0101656749039166,0.0165903054785771,0.00327143203171406,"64-329-258-128-135-91-80-367-55-92"
0.54,0.06,0.4,0.027408823601033,0.0254031977361259,0.0246345163589226,"117-121-81-212-398-107-273-396-74-102"
0.54,0.08,0.38,0.0338839763529414,0.0588530270678282,0.0188536732871101,"126-88-95-134-59-77-74-154-349-319"
0.54,0.1,0.36,0.0535626874729129,0.0414514229998723,0.051313581346132,"174-280-262-212-132-377-167-410-179-76"
0.54,0.12,0.34,0.056260003295485,0.114137493471903,0.0524317353274093,"98-87-66-321-94-61-98-62-90-132"
0.54,0.14,0.32,0.0187216134089892,0.0115358999282896,0.0141620944680053,"168-64-244-77-367-228-251-66-74-225"
0.54,0.16,0.3,0.0512396959327588,0.0580499114290493,0.0566734095460936,"97-63-80-152-163-252-69-164-311-55"
0.54,0.18,0.28,0.0114551309231407,0.0225163037989489,0.0110698907283747,"137-361-83-242-317-429-158-185-274-116"
0.54,0.2,0.26,0.0583053665163653,0.0304873860070689,0.0591732791760598,"57-86-80-373-365-66-66-138-146-316"
0.54,0.22,0.24,0.0359889928826922,0.0745418084116462,0.032776261908851,"119-137-82-291-192-328-256-82-252-58"
0.54,0.24,0.22,0.0368154823809194,0.00722101185260295,0.0204240853997341,"189-88-389-414-366-106-56-125-454-141"
0.54,0.26,0.2,0.0146827375419743,0.0093041890667691,0.0158979118884099,"139-169-65-166-482-302-327-278-68-190"
0.54,0.28,0.18,0.0334362635912327,0.0346835782467503,0.0338879531588726,"77-210-54-83-185-127-92-245-179-359"
0.54,0.3,0.16,0.0290842233006761,0.0306011289766401,0.0188983124411941,"53-91-98-370-64-128-139-75-54-356"
0.54,0.32,0.14,0.059248493104095,0.0903303615218218,0.0709503506199634,"99-126-95-89-61-82-64-379-75-284"
0.54,0.34,0.12,0.0149753108483367,0.0275491583510683,0.0199190715588758,"373-122-157-123-374-343-55-255-332-99"
0.54,0.36,0.1,0.031087279006031,0.0217650865688234,0.0250003306771147,"241-162-50-202-129-234-179-196-237-340"
0.54,0.38,0.08,0.0121541812676681,0.0103607266710795,0.0153256804227263,"101-72-138-253-59-323-227-149-90-83"
0.54,0.4,0.06,0.0113310686698568,0.0213068093693317,0.0122708055698585,"150-303-230-441-214-189-140-142-164-396"
0.54,0.42,0.04,0.0115823266292864,0.0424896632389847,0.0232437984241052,"51-125-53-108-67-150-287-470-50-495"
0.54,0.44,0.02,0.00706920004703236,0.024975247623322,0.00463193282466003,"137-368-183-306-158-461-123-70-126-78"
0.56,0.02,0.42,0.0354758215433296,0.00745928796020797,0.0240184330726961,"435-204-377-70-216-79-162-163-67-150"
0.56,0.04,0.4,0.00783544985645539,0.0273919328127351,0.0121219500184631,"171-238-206-176-73-311-441-96-137-71"
0.56,0.06,0.38,0.013756405856897,0.0151105495406009,0.0019715340410528,"440-88-89-327-358-86-77-62-343-96"
0.56,0.08,0.36,0.0187769742291349,0.642183084983509,0.0191772788980253,"77-54-487-83-268-254-142-108-319-250"
0.56,0.1,0.34,0.0097174176784889,0.00596117517530598,0.0117759823084675,"69-143-98-491-75-172-58-110-251-425"
0.56,0.12,0.32,0.023154521215432,0.0514427822814899,0.0277400342514431,"174-158-58-260-239-73-260-320-204-272"
0.56,0.14,0.3,0.0108276615252251,0.0166762938269696,0.0141994401336326,"120-282-243-395-84-304-103-91-245-339"
0.56,0.16,0.28,0.0354803509303214,0.0452940931095075,0.0177054318220123,"54-78-162-179-109-222-54-141-53-56"
0.56,0.18,0.26,0.0273504284090809,0.0137837567417286,0.0218632709531666,"119-77-122-148-94-144-165-67-254-73"
0.56,0.2,0.24,0.00273039167757073,0.02484080783215,0.000472316376723009,"386-154-434-148-453-299-149-370-194-243"
0.56,0.22,0.22,0.010712987043837,0.0342480698669653,0.0100834881309606,"69-84-180-332-170-112-252-214-84-224"
0.56,0.24,0.2,0.0131207989065889,0.0482530450616377,0.0110642596074078,"344-271-132-91-89-61-172-478-239-163"
0.56,0.26,0.18,0.0409503677788107,0.0485850989123534,0.0451684893962025,"338-368-448-265-108-123-59-462-64-74"
0.56,0.28,0.16,0.0283696827951449,0.0235622052054192,0.017146091651094,"78-190-191-413-65-108-50-155-203-59"
0.56,0.3,0.14,0.00776284258723867,0.00137009842981581,0.00645206954731352,"191-309-128-162-156-379-55-328-59-71"
0.56,0.32,0.12,0.00582942919849225,0.0217964002825764,0.0029418432226049,"185-171-99-56-74-50-184-294-265-71"
0.56,0.34,0.1,0.0261319676491752,0.00758067045598318,0.0137098485200446,"86-490-140-259-226-159-83-424-145-183"
0.56,0.36,0.08,0.0246506897495715,0.0120254257229577,0.0186895416668841,"178-84-122-67-79-449-122-53-115-475"
0.56,0.38,0.06,0.0282276512488473,0.0459751382395289,0.0446629499034686,"454-164-458-162-227-374-153-135-442-353"
0.56,0.4,0.04,0.0369808079191611,0.0157690254060087,0.0417644930993122,"268-55-99-52-94-256-263-124-61-133"
0.56,0.42,0.02,0.00960892050188559,0.0267158165937852,0.00859374305211008,"140-80-100-115-325-259-91-99-85-113"
0.58,0.02,0.4,0.0280940380952391,0.0424952031711266,0.0302028502676784,"173-67-66-311-102-102-199-174-208-256"
0.58,0.04,0.38,0.00359448884667886,0.0423182170667172,0.0111659963797364,"417-242-65-132-291-115-72-182-136-97"
0.58,0.06,0.36,0.0126663408318233,0.0358317309125719,0.00873438612756248,"161-133-339-164-369-103-231-64-82-470"
0.58,0.08,0.34,0.0208991767510829,0.0176980289318354,0.0207733323367462,"494-55-238-56-138-63-465-282-302-89"
0.58,0.1,0.32,0.0461714169932613,0.047518904535788,0.0373630777772972,"433-268-67-197-84-65-53-170-204-172"
0.58,0.12,0.3,0.0183030254375334,0.0401685781490951,0.0117054134528707,"230-197-439-63-261-200-174-178-332-119"
0.58,0.14,0.28,0.0226355861580488,0.0363255905503816,0.0178631928301094,"396-272-409-107-50-299-267-58-52-89"
0.58,0.16,0.26,0.0252338763566652,0.0234338008771031,0.0113924940891824,"60-347-62-203-71-399-204-415-64-81"
0.58,0.18,0.24,0.0191781572245939,0.0167776655786366,0.0219496669199226,"234-463-408-53-265-106-98-215-316-73"
0.58,0.2,0.22,0.00603825502025241,0.0264753671331662,0.0104902561199312,"80-69-68-195-412-83-96-325-147-183"
0.58,0.22,0.2,0.0316778770991025,0.0304603281732946,0.0184049210599848,"175-180-213-175-325-76-58-161-228-90"
0.58,0.24,0.18,0.0355840603895934,0.0789333684139282,0.039604328758002,"115-133-353-176-461-79-104-222-76-124"
0.58,0.26,0.16,0.0183324479066771,0.0127371884488807,0.0155811315321881,"377-158-238-462-50-51-52-235-111-192"
0.58,0.28,0.14,0.0372875793001429,0.0484866416727846,0.0362123337429969,"76-104-125-168-293-368-126-53-207-170"
0.58,0.3,0.12,0.0370193703321521,0.0275974320710761,0.0354540221681051,"60-71-58-361-122-75-60-101-394-369"
0.58,0.32,0.1,0.0331727210328659,0.0085065122359388,0.0235399488087677,"107-90-61-248-203-147-464-59-75-498"
0.58,0.34,0.08,0.0111683493761676,0.0209738048399286,0.0104858112514285,"69-169-355-122-206-205-141-118-250-352"
0.58,0.36,0.06,0.0188864196725714,0.0181019133141368,0.025810766892844,"168-282-120-139-170-331-204-245-279-54"
0.58,0.38,0.04,0.0219735220219741,0.0134261996755301,0.0170735386983273,"141-366-118-116-453-111-99-125-218-64"
0.58,0.4,0.02,0.0329626728889424,0.00958200190279876,0.031523532487321,"131-61-209-70-166-113-274-72-363-107"
0.6,0.02,0.38,0.00572565603897332,0.0152143476808276,0.00683841459301427,"189-65-51-116-57-294-203-142-248-56"
0.6,0.04,0.36,0.0141809871293474,0.0247872201211932,0.00814802716786462,"71-162-300-154-459-224-302-319-151-149"
0.6,0.06,0.34,0.0143790886813903,0.0234905173737769,0.0137610161749338,"88-145-222-114-379-416-215-176-73-68"
0.6,0.08,0.32,0.00994626250013844,0.00495785722226794,0.0130979163785778,"52-268-454-378-128-88-250-409-419-96"
0.6,0.1,0.3,0.0116411849907487,0.0205824250456728,0.0103475865458406,"465-261-334-477-396-449-223-234-295-59"
0.6,0.12,0.28,0.0140405816725168,0.0123031224629427,0.0196610700329669,"484-95-219-94-93-55-71-215-204-305"
0.6,0.14,0.26,0.0325339657094947,0.036082467582279,0.0390260026169259,"384-114-429-100-138-123-117-110-378-97"
0.6,0.16,0.24,0.0371659210763834,0.051185338385533,0.0289671335148383,"58-441-327-61-168-175-81-58-365-307"
0.6,0.18,0.22,0.0422365453503009,0.0626094523363422,0.0424438907875438,"112-151-101-104-149-497-56-211-63-130"
0.6,0.2,0.2,0.00716863887078753,0.0175304860449329,0.0198604778191152,"148-100-97-406-60-69-464-148-143-209"
0.6,0.22,0.18,0.0248995042617475,0.0362892766115942,0.0323232989303012,"133-90-152-178-250-170-96-209-74-178"
0.6,0.24,0.16,0.0273875438128663,0.0402453383767499,0.0337985045220166,"57-102-103-391-55-173-377-210-220-78"
0.6,0.26,0.14,0.0294490318877308,0.00472394789179655,0.0244700758839002,"210-125-226-421-176-132-115-76-54-115"
0.6,0.28,0.12,0.0131526639421348,0.00777522256402843,0.0134428457973441,"74-55-189-90-67-240-170-122-176-98"
0.6,0.3,0.1,0.0331689063087095,0.0322394714241642,0.0218366744435909,"201-375-465-62-60-427-59-196-85-101"
0.6,0.32,0.08,0.025776087519936,0.0161913203437727,0.0171202652659844,"88-320-471-171-131-363-101-66-300-90"
0.6,0.34,0.06,0.0483984368553642,0.0191009772593186,0.0200258495357735,"225-55-168-76-55-92-53-100-143-116"
0.6,0.36,0.04,0.0031813116992406,0.00627309152373908,0.00500466129601312,"494-57-276-424-410-448-80-376-70-368"
0.6,0.38,0.02,0.0281760882532218,0.0554022341660787,0.0271533425946818,"311-266-223-145-86-62-136-60-138-175"
0.62,0.02,0.36,0.00623215903504921,0.00270164237812073,0.00131505221493156,"142-490-64-492-137-370-382-103-473-209"
0.62,0.04,0.34,0.0108443975104,0.00296543722338177,0.00953143473382689,"148-97-327-52-366-122-206-166-393-54"
0.62,0.06,0.32,0.0437557420618883,0.077503064205241,0.0499371781070182,"293-483-132-51-105-69-90-74-340-141"
0.62,0.08,0.3,0.0204218545911291,0.00812143340041252,0.0189505878121473,"82-435-212-221-72-161-134-164-170-166"
0.62,0.1,0.28,0.0143521765153495,0.0197032752178612,0.0194516387501419,"246-276-450-212-106-331-104-165-105-115"
0.62,0.12,0.26,0.0105687624133546,0.0130623973667666,0.0106423245093838,"66-119-273-207-85-330-170-254-232-169"
0.62,0.14,0.24,0.0169277055675744,0.0426312128565958,0.028289056033558,"75-56-318-125-73-192-124-54-294-178"
0.62,0.16,0.22,0.0164692247426246,0.0425615075906573,0.0238560353043066,"162-396-192-133-241-83-91-51-203-234"
0.62,0.18,0.2,0.0262576426798228,0.0115978277823738,0.0240203683557598,"77-106-157-283-67-80-325-219-325-64"
0.62,0.2,0.18,0.0213767605902734,0.231547067427744,0.0132722117782173,"113-54-371-143-290-301-112-243-68-221"
0.62,0.22,0.16,0.0235977942756657,0.0186481261189038,0.0225282423137536,"59-470-292-111-272-405-64-425-210-415"
0.62,0.24,0.14,0.0279703500943855,0.0282424988120736,0.018231568157203,"89-261-282-358-118-159-126-148-77-60"
0.62,0.26,0.12,0.0156783511091339,0.0197243559536536,0.0134002972513914,"221-70-427-80-387-416-201-220-74-375"
0.62,0.28,0.1,0.0454014692749504,0.0366073418727345,0.043375212229532,"79-164-151-212-87-220-495-336-119-92"
0.62,0.3,0.08,0.0218441330092824,0.00729811296989638,0.013723523746928,"88-71-96-304-130-183-300-180-97-88"
0.62,0.32,0.06,0.532415877549371,0.00986614119045734,0.0147494408296733,"284-156-193-108-329-56-53-256-146-66"
0.62,0.34,0.04,0.0419275146379372,0.0393690279804851,0.0385181387570301,"61-60-171-313-65-250-221-146-64-248"
0.62,0.36,0.02,0.00967702163555218,0.0157324052133738,0.00935002378344993,"263-157-398-124-465-86-486-149-93-191"
0.64,0.02,0.34,0.052270011651255,0.0658993777918594,0.0429641623407434,"246-414-394-132-78-211-91-77-483-106"
0.64,0.04,0.32,0.0306407970551438,0.0117722689084706,0.0130448696587919,"73-498-97-426-231-116-211-158-93-98"
0.64,0.06,0.3,0.00758952429145296,0.0288430965896044,0.0184313135087848,"438-458-441-69-190-75-52-140-214-460"
0.64,0.08,0.28,0.00486095776915332,0.0155609347736899,0.00669513605481037,"149-88-52-83-401-310-297-66-363-74"
0.64,0.1,0.26,0.0293314860398064,0.0301797447807961,0.0271595831194259,"317-100-130-417-90-107-243-101-187-69"
0.64,0.12,0.24,0.0420683615954445,0.0184577369127816,0.0311280722708361,"106-174-60-188-385-213-424-68-61-104"
0.64,0.14,0.22,0.00955155956069919,0.0158177146962558,0.0115768739253051,"150-206-105-445-58-282-64-325-270-305"
0.64,0.16,0.2,0.01371279126286,0.0112090903612542,0.00924165269044172,"99-485-81-123-293-198-180-237-74-89"
0.64,0.18,0.18,0.0390773140908409,0.0244030456768351,0.02582683833387,"107-411-354-84-214-177-86-177-343-57"
0.64,0.2,0.16,0.0355868205853025,0.0396932258974336,0.0174228534072323,"51-76-104-312-192-111-84-360-244-158"
0.64,0.22,0.14,0.0141169135689007,0.0239496076906503,0.0237454646906741,"361-394-188-106-365-479-118-284-98-186"
0.64,0.24,0.12,0.00863589860978526,0.0151082305379312,0.0112611524162031,"295-53-387-313-122-133-52-192-476-186"
0.64,0.26,0.1,0.00351408095762433,0.0255816973698547,0.00494023089531696,"140-326-127-106-106-252-99-389-103-359"
0.64,0.28,0.08,0.00111417744949376,0.00398865750174182,0.00282843745474386,"286-67-74-181-142-179-61-62-266-112"
0.64,0.3,0.06,0.00342036547120309,0.0260972581592942,0.00596598750617039,"253-137-208-190-127-111-112-89-372-89"
0.64,0.32,0.04,0.0311952236074675,0.0543891475618257,0.0399855592524048,"182-315-314-61-65-220-149-432-362-87"
0.64,0.34,0.02,0.0174462958632369,0.0149199749186764,0.0159858302249241,"186-77-51-321-64-96-88-89-75-380"
0.66,0.02,0.32,0.0202794892436592,0.00666002351049012,0.0144860708075938,"301-57-57-56-64-205-83-181-146-86"
0.66,0.04,0.3,0.0394997196390665,0.0201700779526311,0.025293019678342,"57-223-68-57-95-126-113-58-79-134"
0.66,0.06,0.28,0.0339265985482667,0.0246174586522936,0.0193963806276406,"198-178-350-115-65-454-213-132-85-404"
0.66,0.08,0.26,0.0117369685484946,0.0183371734788201,0.00988107308020325,"216-125-151-237-127-149-301-77-491-256"
0.66,0.1,0.24,0.0071280001608131,0.00553559353264728,0.00146732555382638,"422-109-380-328-154-175-105-109-51-355"
0.66,0.12,0.22,0.028979425122676,0.0219528989628828,0.0296797000119084,"116-152-191-190-66-59-51-106-54-100"
0.66,0.14,0.2,0.0258520394347961,0.00869901183034011,0.0185931898200109,"472-359-133-61-86-110-100-153-343-104"
0.66,0.16,0.18,0.0238403727654081,0.0299051011033765,0.0178950932496494,"290-296-98-94-76-104-327-60-239-231"
0.66,0.18,0.16,0.0309881111045886,0.0257246341249591,0.0345709343591748,"123-310-216-319-393-124-234-102-88-170"
0.66,0.2,0.14,0.0046692683521132,0.0371920707421919,0.00464494158143727,"153-90-357-181-87-54-137-116-100-487"
0.66,0.22,0.12,0.0344384665013779,0.0226541754095776,0.0298599508230716,"161-73-76-242-449-67-418-115-211-116"
0.66,0.24,0.1,0.0450947316801702,0.0383149374756422,0.0494654597319185,"456-211-138-130-257-288-371-177-277-172"
0.66,0.26,0.08,0.0243836146787675,0.00306589016021034,0.0129702844570992,"351-166-103-61-249-74-96-363-73-392"
0.66,0.28,0.06,0.0199073978226198,0.0333788654756365,0.0184018374473869,"157-213-87-217-405-207-240-60-96-358"
0.66,0.3,0.04,0.00717022006984078,0.00879554724590408,0.00551176635739384,"342-192-68-133-113-213-396-319-90-79"
0.66,0.32,0.02,0.00845054623178035,0.0609970141107521,0.0138791450372231,"139-147-338-89-70-357-165-134-289-106"
0.68,0.02,0.3,0.0171507676581905,0.00369384514320989,0.00696273549987496,"71-399-417-358-401-61-71-80-379-274"
0.68,0.04,0.28,0.0312059813815233,0.00970111777983452,0.00751082189737395,"132-52-125-86-435-121-340-152-125-110"
0.68,0.06,0.26,0.017429328396911,0.0441043247643199,0.0142041962461846,"283-224-113-251-90-165-80-155-108-199"
0.68,0.08,0.24,0.0197289896138976,0.0217575502969599,0.0233443241941901,"286-185-111-308-108-433-192-455-151-480"
0.68,0.1,0.22,0.0277126768560047,0.00170543020950866,0.00948895404804107,"98-316-389-92-453-59-157-344-50-60"
0.68,0.12,0.2,0.0329706354279268,0.0352796707900197,0.0285170204452085,"242-68-386-165-96-75-269-80-110-226"
0.68,0.14,0.18,0.0164671554756766,0.0218560176659108,0.0219544277003177,"435-54-57-386-108-75-339-111-83-136"
0.68,0.16,0.16,0.0275679370614674,0.0116157973648723,0.0311352735904907,"178-327-64-142-227-73-132-96-102-80"
0.68,0.18,0.14,0.0141630310738946,0.0311054202127515,0.014187464908345,"154-216-54-250-209-277-52-106-218-180"
0.68,0.2,0.12,0.0126061860016818,0.0435201164697132,0.00899240839064627,"220-239-180-142-202-123-198-129-261-95"
0.68,0.22,0.1,0.00978074043639514,0.0273760477973073,0.0154724313228212,"285-137-106-120-231-380-64-163-374-78"
0.68,0.24,0.08,0.032305732202582,0.0431396044229079,0.0199671782506108,"64-160-104-207-135-456-59-468-239-57"
0.68,0.26,0.06,0.0145886807944688,0.00996219126012816,0.0154661596534122,"238-385-102-110-222-322-208-130-81-408"
0.68,0.28,0.04,0.0404449997772383,0.0453374172393668,0.0355078122114477,"87-279-269-75-169-113-82-291-148-206"
0.68,0.3,0.02,0.0186558567806748,0.00980712385431707,0.0139100624501307,"68-227-52-368-308-65-208-347-66-97"
0.7,0.02,0.28,0.0161000516883277,0.0212562804097507,0.00393515492605174,"170-111-146-58-81-56-346-348-361-348"
0.7,0.04,0.26,0.0305644550843662,0.0267255853098652,0.0284505071568688,"53-487-116-91-137-159-75-321-189-220"
0.7,0.06,0.24,0.00678114401282786,0.0231165276102044,0.0135755513213625,"453-54-164-62-113-263-50-140-83-200"
0.7,0.08,0.22,0.00224982658586087,0.00939050149391344,0.00392485540714666,"477-370-153-181-163-396-70-52-115-383"
0.7,0.1,0.2,0.0508462938536324,0.0567925376468028,0.0490902606766231,"92-118-285-322-64-68-119-272-125-237"
0.7,0.12,0.18,0.0260102406981645,0.0321800782942707,0.0281305978413254,"67-185-72-462-136-61-142-128-156-96"
0.7,0.14,0.16,0.0218420915562414,0.0261291429587836,0.0160600011883629,"144-108-338-146-67-491-59-272-496-370"
0.7,0.16,0.14,0.00260874403500518,0.0232254782774196,0.00560754317461856,"222-62-255-89-96-57-122-457-102-204"
0.7,0.18,0.12,0.0315443438812484,0.0597133986974559,0.0279097575364288,"98-125-58-390-459-56-135-51-240-65"
0.7,0.2,0.1,0.0239282180955646,0.00448763198406223,0.0309986805127596,"75-306-153-366-87-114-346-100-110-275"
0.7,0.22,0.08,0.0294800977061761,0.0324842174119613,0.0354956573117586,"75-228-370-387-428-103-90-498-84-242"
0.7,0.24,0.06,0.0067989887020782,0.0244117649090157,0.0152110262410373,"131-162-496-57-56-374-375-51-235-92"
0.7,0.26,0.04,0.0222628272292002,0.00513595718608894,0.0159140832371288,"422-212-479-296-206-51-377-170-82-302"
0.7,0.28,0.02,0.00876219462662297,0.0115378518624559,0.00512301424182281,"184-82-204-461-148-157-133-433-390-454"
0.72,0.02,0.26,0.0470170983911271,0.0209570134972527,0.046060885351597,"183-50-225-55-67-475-127-265-296-108"
0.72,0.04,0.24,0.0297487522053255,0.0403756796525481,0.0162809224666562,"116-107-211-354-80-71-159-406-88-463"
0.72,0.06,0.22,0.0231510921273282,0.0195447250539003,0.0195440688097368,"376-233-103-105-113-57-95-259-499-341"
0.72,0.08,0.2,0.0159391003922585,0.0101182252980599,0.0153567793582313,"108-228-248-71-121-160-55-86-71-426"
0.72,0.1,0.18,0.0192580153426841,0.0336625159904726,0.0226014303122769,"347-329-79-311-315-72-438-110-204-63"
0.72,0.12,0.16,0.0128362160460617,0.00658097450373652,0.0111066149913808,"106-425-77-142-238-146-51-406-110-109"
0.72,0.14,0.14,0.0111412393254337,0.0107889042555532,0.0124159950971418,"58-68-65-60-294-350-93-375-349-93"
0.72,0.16,0.12,0.0349583936190028,0.0477074194889646,0.0315736319528761,"132-97-63-238-452-52-96-227-230-132"
0.72,0.18,0.1,0.0261759251011488,0.0148047026947571,0.0221654638317694,"240-169-173-78-134-138-498-172-247-348"
0.72,0.2,0.08,0.0713204481703934,0.00982983874490085,0.0367452317196761,"64-328-189-57-260-94-239-53-436-318"
0.72,0.22,0.06,0.0483595391474882,0.0188475060730961,0.0537736011012739,"353-64-95-356-102-293-277-170-94-121"
0.72,0.24,0.04,0.00814371558774461,0.706540834597913,0.00811688556497892,"55-61-86-403-129-408-192-193-161-482"
0.72,0.26,0.02,0.0136676080052731,0.00749147118653133,0.0104760281757146,"81-90-307-355-88-393-116-206-181-420"
0.74,0.02,0.24,0.013125442734334,0.00538789934544339,0.011954810100851,"79-124-272-264-275-230-90-278-191-217"
0.74,0.04,0.22,0.00571273229180693,0.0345942454998886,0.00751549493895654,"118-89-457-243-343-438-65-395-84-454"
0.74,0.06,0.2,0.0204466819544093,0.0045456739710688,0.0192054217767564,"287-415-460-72-228-237-79-139-431-187"
0.74,0.08,0.18,0.0294618134309454,0.0172718576605977,0.0217074500704894,"103-289-64-55-163-209-70-65-286-76"
0.74,0.1,0.16,0.0210789066292778,0.0353486827187051,0.0249289977312281,"76-69-174-310-125-337-278-124-75-80"
0.74,0.12,0.14,0.0297076700534771,0.0533154393963899,0.035029109927242,"183-67-382-74-192-93-147-62-322-98"
0.74,0.14,0.12,0.0260392919487562,0.0295102925755629,0.0246502438681936,"276-97-334-122-269-82-221-173-162-85"
0.74,0.16,0.1,0.0263632226887405,0.0504943221232999,0.0251127257865857,"155-213-188-469-126-280-55-129-207-244"
0.74,0.18,0.08,0.00586099747585715,0.0101079985659378,0.00485580239327779,"216-101-463-496-61-91-382-245-155-73"
0.74,0.2,0.06,0.027840345759999,0.0207855299582088,0.0183335541294996,"416-444-201-153-135-328-139-351-389-213"
0.74,0.22,0.04,0.0300177701396269,0.037784226607308,0.0177040565532452,"147-402-80-79-64-213-226-51-173-360"
0.74,0.24,0.02,0.00637156994475335,0.0130317746653686,0.0116679204969873,"105-156-56-71-235-345-96-405-306-352"
0.76,0.02,0.22,0.0186313049546076,0.0062324338310049,0.0066335695864242,"312-387-58-255-98-121-419-62-349-358"
0.76,0.04,0.2,0.0188961541650495,0.0121169686033679,0.0161890673274073,"317-52-103-341-420-56-242-379-166-92"
0.76,0.06,0.18,0.0118726027007257,0.0173647914612961,0.00588723060990887,"324-126-409-494-180-185-290-434-159-267"
0.76,0.08,0.16,0.0193265530223235,0.0151808669773317,0.0184849298590396,"463-498-471-71-149-417-246-126-420-219"
0.76,0.1,0.14,0.0106189142697129,0.0262792415216266,0.00780754489069174,"399-176-419-83-230-230-128-135-320-433"
0.76,0.12,0.12,0.0229037061736236,0.0123488139862472,0.0135861037268061,"75-97-445-196-83-343-121-108-225-186"
0.76,0.14,0.1,0.0440143728530697,0.0222469226554106,0.0305814765302556,"106-391-100-103-391-94-113-238-341-77"
0.76,0.16,0.08,0.0124424585938669,0.0174200833012423,0.0120630750310225,"273-368-460-174-91-68-471-87-222-154"
0.76,0.18,0.06,0.0340191223169108,0.0344115725941739,0.0404193178739427,"409-74-105-98-50-218-131-297-86-55"
0.76,0.2,0.04,0.0346598928029674,0.0158581338328345,0.0218100324652381,"167-235-220-84-151-59-58-445-213-403"
0.76,0.22,0.02,0.0114027286009087,0.00906501699952282,0.0165974948694262,"177-110-135-277-92-184-122-127-184-76"
0.78,0.02,0.2,0.0185825096033226,0.170339646896754,0.018989471290365,"312-404-54-152-456-102-201-242-483-103"
0.78,0.04,0.18,0.0125519655884133,0.0109309981135844,0.0185512943093492,"272-221-293-292-120-409-412-207-97-187"
0.78,0.06,0.16,0.0258013013575515,0.0339145484675227,0.0254823009004938,"425-248-137-64-192-75-338-167-86-112"
0.78,0.08,0.14,0.00735739296142271,0.00347482738253571,0.00101215344042646,"88-175-210-284-51-256-268-339-74-114"
0.78,0.1,0.12,0.0132222741822641,0.0184828558326127,0.0149293254204422,"78-417-61-53-229-487-437-189-180-113"
0.78,0.12,0.1,0.0127028627604737,0.0196298616224825,0.0139015014773802,"337-380-309-147-52-403-301-426-173-440"
0.78,0.14,0.08,0.0101417033929876,0.0443347638961962,0.0118840780438409,"326-310-79-362-478-364-392-134-356-354"
0.78,0.16,0.06,0.01798982823102,0.0103043047380301,0.0174071195541771,"80-112-316-495-73-81-226-409-73-256"
0.78,0.18,0.04,0.0242975908636498,0.0152007251637982,0.0185554571155157,"72-312-60-166-355-62-359-65-93-166"
0.78,0.2,0.02,0.00597513932692751,0.0127090506021177,0.00879091890591107,"336-180-112-484-55-110-393-110-254-58"
0.8,0.02,0.18,0.0358863228373644,0.023975920118504,0.0160978439669867,"52-123-226-72-307-107-83-160-311-98"
0.8,0.04,0.16,0.0236262706093435,0.0483298037350784,0.0180215802429461,"64-165-206-171-203-238-156-266-222-314"
0.8,0.06,0.14,0.00307996311874608,0.00420477294151065,0.00601293590647615,"157-185-77-177-281-76-164-476-53-459"
0.8,0.08,0.12,0.0191271460644243,0.0540285232511714,0.0177279449688095,"389-136-258-162-53-86-481-63-274-447"
0.8,0.1,0.1,0.00753047877267134,0.0188068608665582,0.00182687803220579,"398-362-308-67-225-319-61-160-61-100"
0.8,0.12,0.08,0.013021788486938,0.667688184930293,0.0180622982236223,"71-217-161-54-126-427-210-182-98-119"
0.8,0.14,0.06,0.0225536346778762,0.00943124342921842,0.022450038433936,"51-59-54-453-112-431-324-376-119-94"
0.8,0.16,0.04,0.00616972820009017,0.018000774837829,0.00658723341205992,"91-440-107-171-69-315-267-65-82-59"
0.8,0.18,0.02,0.0448680488638103,0.0363658908874683,0.0395964689511008,"173-136-114-190-351-147-244-52-98-350"
0.82,0.02,0.16,0.0243334133358374,0.0164857927366221,0.0164764478151131,"254-79-110-92-111-131-90-151-109-277"
0.82,0.04,0.14,0.00735591631871139,0.0340134550725575,0.0145935222940324,"50-160-211-498-211-134-81-61-247-62"
0.82,0.06,0.12,0.00613016089673685,0.0140055788196246,0.00319735412286046,"431-78-202-60-224-53-118-235-99-312"
0.82,0.08,0.1,0.0109332964286685,0.0121855767488678,0.0123709819928755,"175-106-54-125-446-353-435-159-228-285"
0.82,0.1,0.08,0.127478067091539,0.00828999927671415,0.00340970653394393,"73-82-325-173-115-179-57-235-300-81"
0.82,0.12,0.06,0.0202519120744745,0.00835813318181037,0.0157824905525015,"77-299-70-241-257-58-82-171-331-104"
0.82,0.14,0.04,0.0191775706901091,0.0140544504629498,0.013956112596028,"64-313-77-70-188-66-224-51-62-108"
0.82,0.16,0.02,0.0073446414016497,0.0169893461341088,0.0106496211395453,"86-84-195-487-53-71-178-336-98-374"
0.84,0.02,0.14,0.0211779765919678,0.00886705345075572,0.0151713343669428,"70-161-59-160-134-73-289-178-165-147"
0.84,0.04,0.12,0.0218003182313586,0.0369002487072287,0.0154197660342415,"474-55-489-495-442-81-145-80-131-268"
0.84,0.06,0.1,0.00616913324196272,0.0252223405608768,0.00781004564324367,"172-53-61-75-132-213-87-334-160-54"
0.84,0.08,0.08,0.0280412933669723,0.0177808060609236,0.0291187158779214,"325-55-177-76-328-137-101-119-118-146"
0.84,0.1,0.06,0.0157105375148343,0.0108733732514297,0.0186512635999161,"377-77-146-493-122-75-150-68-125-411"
0.84,0.12,0.04,0.0115138342395122,0.0106042528757393,0.00830761106238653,"63-202-148-116-59-97-491-217-235-84"
0.84,0.14,0.02,0.011366903545436,0.0190056888888265,0.0119346667872465,"363-478-344-223-100-75-103-85-182-91"
0.86,0.02,0.12,0.00734155955116201,0.0503934604619513,0.00742906795790085,"256-97-409-170-86-72-255-52-127-381"
0.86,0.04,0.1,0.00819518335953499,0.0189176888794448,0.00370199511795793,"450-215-284-55-51-235-203-159-204-123"
0.86,0.06,0.08,0.0072646651096969,0.0411026052931394,0.018418413936842,"95-68-268-83-136-414-83-227-73-100"
0.86,0.08,0.06,0.0993310534967315,0.0143389959669111,0.00298632331559764,"240-62-120-392-276-116-117-54-153-465"
0.86,0.1,0.04,0.00525264525451623,0.0301803998747771,0.00328304628076086,"247-54-202-154-83-342-231-352-241-150"
0.86,0.12,0.02,0.0126183102237142,0.0185683476287741,0.00501486846359948,"99-54-500-483-63-364-161-450-76-319"
0.88,0.02,0.1,0.0127530245493923,0.00335440981875198,0.00321596812352161,"116-66-103-281-154-75-405-194-122-379"
0.88,0.04,0.08,0.0190358627440942,0.0114050428833571,0.0130351912077716,"69-109-256-99-168-74-298-90-237-92"
0.88,0.06,0.06,0.0202229053705058,0.0145560795333941,0.0128339598724289,"298-158-69-117-90-81-134-91-102-368"
0.88,0.08,0.04,0.0274512972135541,0.0127939825962009,0.022253380220857,"265-114-311-61-72-381-98-296-105-99"
0.88,0.1,0.02,0.0206647462539576,0.0503795488905605,0.00355742843755267,"92-61-328-75-116-248-295-53-146-87"
0.9,0.02,0.08,0.0463616828195265,0.0389315244413324,0.0428066238259212,"295-95-390-117-138-69-63-89-284-180"
0.9,0.04,0.06,0.0130680472670934,0.0115109256151519,0.0101412686287287,"69-118-50-227-208-313-453-134-182-106"
0.9,0.06,0.04,0.00939277139650436,0.0186415079591643,0.00654387004737486,"171-77-143-321-448-67-115-87-445-292"
0.9,0.08,0.02,0.0137689712905507,0.436899439961897,0.0110330013734613,"68-165-190-470-424-213-72-282-127-268"
0.92,0.02,0.06,0.00593299891057178,0.0117884887800366,0.00406219613783063,"253-53-85-198-54-200-209-67-80-307"
0.92,0.04,0.04,0.0130061362471914,0.0256516910209134,0.0138495606997553,"233-314-211-150-413-218-105-114-83-103"
0.92,0.06,0.02,0.00522511841387296,0.00817166934278808,0.00555005945378818,"91-333-331-130-360-55-158-225-71-98"
0.94,0.02,0.04,0.0177910075463991,0.0294268171591091,0.0157992047140804,"73-54-157-466-185-142-336-128-64-102"
0.94,0.04,0.02,0.00556395994931266,0.00768773771902179,0.00682916488239617,"212-445-165-59-114-494-93-112-448-266"
0.96,0.02,0.02,0.00193955121705978,0.0441754310590407,0.00176192554748841,"454-208-226-150-230-85-441-201-287-147"
