"mesh_id","sim_id","p1","p2","p3","rmse_i","L1_norm_i","Linf_norm_i","p_hat_i_1","p_hat_i_2","p_hat_i_3","rmse_ii","L1_norm_ii","Linf_norm_ii","p_hat_ii_1","p_hat_ii_2","p_hat_ii_3","rmse_iii","L1_norm_iii","Linf_norm_iii","p_hat_iii_1","p_hat_iii_2","p_hat_iii_3","rmse_iv","L1_norm_iv","Linf_norm_iv","p_hat_iv_1","p_hat_iv_2","p_hat_iv_3","rmse_v","L1_norm_v","Linf_norm_v","p_hat_v_1","p_hat_v_2","p_hat_v_3","N1","X1_1","X1_2","X1_3","N2","X2_1","X2_2","X2_3"
1,1,0.91304347826087,0.0434782608695652,0.0434782608695652,0.0469614649450064,0.130433413410663,0.0652167067053318,0.978260184966201,0.021739804460047,1.0573751784642e-08,0.0354994104648976,0.0869560399771108,0.0434780199885554,0.956520900074758,0.0434788590442318,2.40881009849831e-07,0.0378783914274853,0.097679184712449,0.0488395923562245,0.961883070617094,0.0381157328471739,1.19653573200672e-06,0.0469618891188976,0.130434782608696,0.0652173913043479,0.978260869565217,0.0217391304347826,0,0.0469619835056122,0.130435275892127,0.0652176379460636,0.978261116206933,0.0217385089091249,3.7488394192251e-07,24,24,0,0,22,21,1,0
1,2,0.91304347826087,0.0434782608695652,0.0434782608695652,0.110356617050496,0.303089749890655,0.151544874945328,0.804967982905115,8.88127999263675e-06,0.195023135814893,0.225608946933844,0.590949397483787,0.295474698741893,0.661046250665182,7.89723359261016e-07,0.338952959611459,0.0975028357998653,0.270126260773468,0.135063130386734,0.821456402448825,2.20629487620611e-06,0.178541391256299,0.111182676060355,0.305200341005967,0.152600170502984,0.803921568627451,0,0.196078431372549,0.108576449804716,0.298549778820912,0.149274889410456,0.807244780019946,2.06970003290076e-06,0.192753150280021,26,25,0,1,25,16,0,9
1,3,0.91304347826087,0.0434782608695652,0.0434782608695652,0.0308237469006752,0.0869565200062501,0.043478260003125,0.937500280027164,8.66440211285095e-10,0.062499719106396,0.0401131107987331,0.106591665038852,0.0532958325194261,0.903225837220924,6.93900844421107e-08,0.0967740933889913,0.0308061226563945,0.0869434069906581,0.0434717034953291,0.932292557784971,6.55737423614711e-06,0.0677008848407927,0.0308237310274883,0.0869565217391305,0.0434782608695652,0.9375,0,0.0625,0.0308423698337183,0.0869498899200978,0.0434749449600489,0.937834561059897,3.31590951630393e-06,0.0621621230305867,30,27,0,3,18,18,0,0
1,4,0.91304347826087,0.0434782608695652,0.0434782608695652,0.0244346592923452,0.0668914472691028,0.0334457236345514,0.90384501276625,0.0769239845041166,0.0192310027296336,0.0244311181296245,0.0668799756307726,0.0334399878153863,0.903849752404184,0.0769182486849515,0.0192319989108648,0.0381544554066167,0.101908928711106,0.050954464355553,0.872191733969134,0.0944327252251182,0.0333755408057475,0.0244341792578636,0.0668896321070234,0.0334448160535117,0.903846153846154,0.0769230769230769,0.0192307692307692,0.0244340324520199,0.0668896252918493,0.0334448126459246,0.903845451853142,0.0769230735154899,0.019231474631368,31,29,1,1,21,18,3,0
1,5,0.91304347826087,0.0434782608695652,0.0434782608695652,0.0472479164498926,0.131359524202297,0.0656797621011485,0.978723240362018,0.0212767561535853,3.48439684875512e-09,0.0362609347498942,0.0905759490260492,0.0452879745130246,0.958331452773894,0.0416677228422338,8.24383872091214e-07,0.0382544951661596,0.0992415297658867,0.0496207648829433,0.962664243143813,0.0373345430993823,1.21375680477209e-06,0.0472480185870118,0.131359851988899,0.0656799259944496,0.978723404255319,0.0212765957446809,0,0.0472475742269789,0.131358709278263,0.0656793546391317,0.978722832900001,0.0212765667301515,6.00369847218167e-07,23,22,1,0,24,24,0,0
2,1,0.869565217391304,0.0869565217391304,0.0434782608695652,0.0301932828914275,0.0841474268975267,0.0420737134487634,0.854837360200618,0.129030235187894,0.0161324046114883,0.0301886421151843,0.0841323522095636,0.0420661761047818,0.854845511164776,0.129022697843912,0.0161317909913118,0.0409170405462626,0.111969222804133,0.0559846114020664,0.82890015448371,0.142941133141197,0.0281587123750933,0.030195021236481,0.0841514726507713,0.0420757363253857,0.854838709677419,0.129032258064516,0.0161290322580645,0.0301977478055923,0.0841583219509304,0.0420791609754652,0.854839440630003,0.129035682714596,0.0161248766554012,34,28,6,0,28,25,2,1
2,2,0.869565217391304,0.0869565217391304,0.0434782608695652,0.0428411551813016,0.121020154535168,0.060510077267584,0.90245555063971,0.0264464444715464,0.071098004888744,0.0441694978712508,0.118534242187187,0.0592671210935933,0.916285997760402,0.0276894006455371,0.0560246015940604,0.0317761413845575,0.0889193208813598,0.0444596604406799,0.886130359883122,0.0424968612984506,0.0713727788184274,0.0442600991616314,0.125132555673383,0.0625662778366914,0.902439024390244,0.024390243902439,0.0731707317073171,0.0428327019418236,0.12097178190699,0.0604858909534951,0.902645993047443,0.0264706307856353,0.0708833761669213,21,20,1,0,20,17,0,3
2,3,0.869565217391304,0.0869565217391304,0.0434782608695652,0.0976350441731219,0.261362743076514,0.130681371538257,0.76561511404445,0.0602252535477276,0.174159632407822,0.0223103060210587,0.0578734399355438,0.0289367199677719,0.873142098583952,0.0580198017713586,0.0688380996446896,0.0715439748477956,0.196385817798278,0.0981929088991389,0.799339991397296,0.0589888388339998,0.141671169768704,0.082827310631209,0.231225296442688,0.115612648221344,0.795454545454545,0.0454545454545455,0.159090909090909,0.0733307070323544,0.200075652529874,0.100037826264937,0.795873241974096,0.0606106708914012,0.143516087134502,15,9,0,6,29,26,2,1
2,4,0.869565217391304,0.0869565217391304,0.0434782608695652,0.0987465961688172,0.275964607430674,0.137982303715337,0.731582913675967,0.137319783795548,0.131097302528485,0.288208618514137,0.731792523770463,0.365896261885231,0.503668955506073,0.425423962841455,0.0709070816524719,0.0602060221829613,0.166444490016057,0.0832222450080283,0.786342972383276,0.144146190789938,0.069510836826786,0.107910526017211,0.270531400966184,0.135265700483092,0.740740740740741,0.222222222222222,0.037037037037037,0.0906709636195287,0.251512360952434,0.125756180476217,0.743809036915088,0.128135008995485,0.128055954089428,25,12,12,1,29,28,0,1
2,5,0.869565217391304,0.0869565217391304,0.0434782608695652,0.0478899949914619,0.133777714606798,0.0668888573033992,0.826923614885235,0.15384537904253,0.0192310060722349,0.0478979218386242,0.133797781142939,0.0668988905714696,0.826911414174767,0.1538554123106,0.0192331735146327,0.0686091788218238,0.177449609960479,0.0887248049802394,0.791191627567877,0.17568132671937,0.0331270457127535,0.0478905553594111,0.133779264214047,0.0668896321070234,0.826923076923077,0.153846153846154,0.0192307692307692,0.047891332767097,0.133781118211928,0.0668905591059641,0.826921597869509,0.153847080845095,0.0192313212853965,30,26,4,0,22,17,4,1
3,1,0.826086956521739,0.130434782608696,0.0434782608695652,0.0681075650633537,0.177109625323528,0.0885548126617641,0.90317433838017,0.0418799699469315,0.0549456916728986,0.0512483547497151,0.135280539573766,0.0676402697868828,0.814809807770272,0.0740716615732797,0.111118530656448,0.0631941848686459,0.167164261873473,0.0835821309367366,0.895278351237665,0.0468526516719591,0.057868997090376,0.0700181155953442,0.183946488294314,0.0919732441471572,0.903846153846154,0.0384615384615385,0.0576923076923077,0.0681070745330359,0.177109354474068,0.0885546772370342,0.903173017406695,0.0418801053716615,0.0549468772216439,26,21,2,3,26,26,0,0
3,2,0.826086956521739,0.130434782608696,0.0434782608695652,0.0652021115682681,0.18432131268505,0.0921606563425252,0.918247612864264,0.0817500166233292,2.37051240646868e-06,0.0329423767770135,0.0869562857253592,0.0434781428626796,0.83333331939024,0.166666562602875,1.18006885574192e-07,0.0742655586952414,0.209071240733249,0.104535620366624,0.930622576888363,0.0693756205157926,1.80259584377322e-06,0.0664672505834717,0.187826086956522,0.0939130434782609,0.92,0.08,0,0.0685812454192432,0.193640879652225,0.0968204398261125,0.922907396347852,0.0770816223975701,1.09812545781247e-05,27,27,0,0,23,19,4,0
3,3,0.826086956521739,0.130434782608696,0.0434782608695652,0.0755902507588645,0.190099151264973,0.0950495756324862,0.915979333881703,0.0353852069762094,0.0486354591420872,0.0709381596312216,0.17807221796538,0.0890361089826902,0.915123065504429,0.0458822153725462,0.0389947191230244,0.0702596455958124,0.182258267312013,0.0911291336560063,0.905947841639072,0.0393056489526893,0.0547465094082382,0.0759921059778733,0.1930729550479,0.0965364775239499,0.915254237288136,0.0338983050847458,0.0508474576271186,0.0764851883905609,0.193963475918027,0.0969817379590137,0.916061351647733,0.033453044649682,0.0504856037025848,36,33,0,3,23,21,2,0
3,4,0.826086956521739,0.130434782608696,0.0434782608695652,0.0254713724364505,0.0651706169899018,0.0325853084949509,0.855677523139629,0.0978494741137448,0.0464730027466265,0.079165288642573,0.206159787569637,0.103079893784818,0.929166850306558,0.041058133801667,0.0297750158917754,0.0321968981071807,0.0842972260575788,0.0421486130287894,0.868235569550528,0.0944413210780713,0.0373231093714002,0.0210618116263228,0.056159420289855,0.0280797101449275,0.854166666666667,0.125,0.0208333333333333,0.0278682159913427,0.0707404047124669,0.0353702023562334,0.858827547820391,0.0950645802524623,0.0461078719271473,23,17,6,0,25,24,0,1
3,5,0.826086956521739,0.130434782608696,0.0434782608695652,0.029375010443503,0.0748070555119351,0.0374035277559676,0.860443398339249,0.0930312548527281,0.0465253468080227,0.0293825773778965,0.0748174557807609,0.0374087278903804,0.860457975766313,0.0930260547183153,0.0465159695153714,0.00893133005568561,0.0252337325590018,0.012616866279501,0.819264715237557,0.124640157613377,0.0560951271490662,0.0293864000346981,0.0748230535894843,0.0374115267947422,0.86046511627907,0.0930232558139535,0.0465116279069767,0.029386018255413,0.0748223139099071,0.0374111569549535,0.860464519711756,0.0930236256537422,0.0465118546345024,25,21,2,2,18,16,2,0
4,1,0.782608695652174,0.173913043478261,0.0434782608695652,0.043891513455956,0.123407288532032,0.0617036442660158,0.819307965382321,0.112209399212245,0.0684826354054343,0.0581263758361626,0.158291399594341,0.0791456997971706,0.802946629265983,0.0947673436810903,0.102286027052927,0.0304497184382677,0.0861233270620983,0.0430616635310491,0.803920712635972,0.130851379947212,0.065227907416816,0.0459088257589369,0.129644268774704,0.0648221343873518,0.818181818181818,0.109090909090909,0.0727272727272727,0.0439371101101517,0.123600912804042,0.061800456402021,0.819097497787903,0.11211258707624,0.0687899151358576,26,22,4,0,29,23,2,4
4,2,0.782608695652174,0.173913043478261,0.0434782608695652,0.0380655342693795,0.107593729667034,0.053796864833517,0.811210169284871,0.120116178644744,0.0686736520703851,0.10085258611687,0.265259249886857,0.132629624943428,0.894353708764158,0.0412834185348325,0.06436287270101,0.0283981549647089,0.0708810293891658,0.0354405146945829,0.816689278385494,0.138472528783678,0.0448381928308283,0.00615721815312144,0.0158102766798419,0.00790513833992096,0.781818181818182,0.181818181818182,0.0363636363636364,0.0298055375157084,0.0839612371179393,0.0419806185589697,0.800316346107601,0.131932424919291,0.0677512289731082,31,21,10,0,24,22,0,2
4,3,0.782608695652174,0.173913043478261,0.0434782608695652,0.0243772897846888,0.0674393973236644,0.0337196986618322,0.816328394314006,0.16326727714377,0.020404328542224,0.0243760260766816,0.0674378184498091,0.0337189092249045,0.816327604877078,0.163263447273903,0.0204089478490186,0.00753702851738859,0.0197402836677967,0.00987014183389834,0.781158653205975,0.183783185312159,0.0350581614818657,0.0243755075753168,0.067435669920142,0.033717834960071,0.816326530612245,0.163265306122449,0.0204081632653061,0.0243760182540544,0.0674374205801113,0.0337187102900556,0.81632740594223,0.163264310779048,0.0204082832787224,24,20,3,1,25,20,5,0
4,4,0.782608695652174,0.173913043478261,0.0434782608695652,0.074545569467326,0.209822514844153,0.104911257422076,0.721165078267299,0.278824300900337,1.06208323639964e-05,0.246064741507538,0.641486526801586,0.320743263400793,0.505341363615904,0.494656306879054,2.32950504241316e-06,0.0623793616577735,0.176429362883697,0.0882146814418487,0.737865253656435,0.26212772492011,7.02142345515233e-06,0.0849813171141004,0.237539766702015,0.118769883351007,0.707317073170732,0.292682926829268,0,0.077558353981935,0.217892256010923,0.108946128005462,0.71713548151211,0.282859171483722,5.34700416778712e-06,21,10,11,0,20,19,1,0
4,5,0.782608695652174,0.173913043478261,0.0434782608695652,0.0370129306548605,0.104580795020679,0.0522903975103395,0.810808474571338,0.121622645967921,0.0675688794607403,0.0370136443599819,0.104582661232618,0.0522913306163089,0.810810415432551,0.121621712861952,0.0675678717054972,0.033233497028672,0.0872617123558506,0.0436308561779252,0.775924667994699,0.13696621495781,0.0871091170474904,0.0370137217636939,0.104582843713279,0.0522914218566392,0.810810810810811,0.121621621621622,0.0675675675675676,0.0370136368562287,0.104582696797626,0.0522913483988131,0.810809882430626,0.121621695079448,0.0675684224899261,30,25,3,2,44,35,6,3
5,1,0.739130434782609,0.217391304347826,0.0434782608695652,0.0454207540125407,0.125377600555619,0.0626888002778098,0.719916701665688,0.280080104625636,3.19370867609663e-06,0.170225871155897,0.453585601001891,0.226792800500946,0.55581236373631,0.444184104848772,3.53141491801873e-06,0.038899229146716,0.10186528184647,0.0509326409232348,0.731667575342464,0.268323945271061,8.47938647479968e-06,0.0448175536253959,0.123356926188069,0.0616784630940344,0.720930232558139,0.27906976744186,0,0.0436003111738993,0.119208043875213,0.0596040219376067,0.723003259401016,0.276995326285433,1.41431355118442e-06,21,11,10,0,22,20,2,0
5,2,0.739130434782609,0.217391304347826,0.0434782608695652,0.0349543697915422,0.0985566889101068,0.0492783444550534,0.711108138686133,0.266669648802879,0.0222222125109872,0.0349528227407663,0.0985523968436998,0.0492761984218499,0.711109743645512,0.266667502769676,0.0222227535848115,0.0502085173817727,0.128202232758825,0.0641011163794126,0.680629394826053,0.281492420727239,0.0378781844467081,0.0349521721291562,0.0985507246376811,0.0492753623188406,0.711111111111111,0.266666666666667,0.0222222222222222,0.0349533972772054,0.0985539650078728,0.0492769825039364,0.711109013098709,0.266668286851763,0.0222227000495285,23,16,6,1,22,16,6,0
5,3,0.739130434782609,0.217391304347826,0.0434782608695652,0.160108273738108,0.424032554377851,0.212016277188926,0.527114157593683,0.392238477176557,0.0806473652297597,0.0874615073312232,0.221831709397127,0.110915854698564,0.636264409186933,0.209341475244939,0.154394115568129,0.156923287482231,0.414184171853001,0.207092085926501,0.532038348856108,0.390017215516687,0.077944435627205,0.17176903363382,0.460079051383399,0.2300395256917,0.509090909090909,0.4,0.0909090909090909,0.158323513857065,0.420183316491121,0.210091658245561,0.529038776537048,0.389486547426251,0.0814746760367012,27,10,17,0,28,18,5,5
5,4,0.739130434782609,0.217391304347826,0.0434782608695652,0.121908657403925,0.332440173182454,0.166220086591227,0.905350521373836,0.0946486578668893,8.2075927511254e-07,0.0876161934666914,0.2444444328162,0.1222222164081,0.861352651190709,0.138639521592962,7.82721632941468e-06,0.10655633018072,0.293379371472666,0.146689685736333,0.885820120518942,0.114163701796093,1.61776849648967e-05,0.123193823228169,0.335692618806876,0.167846309403438,0.906976744186046,0.0930232558139535,0,0.12318152537688,0.335660953566333,0.167830476783166,0.906960911565775,0.0930380814823125,1.00695191241193e-06,26,25,1,0,17,14,3,0
5,5,0.739130434782609,0.217391304347826,0.0434782608695652,0.0244486634874405,0.0626887692087888,0.0313443846043943,0.767441965865455,0.186046919743432,0.0465111143911137,0.0253137096786429,0.0656379985077622,0.0328189992538811,0.767923827679529,0.184572305093945,0.0475038672265264,0.00879082517342754,0.0225727156596182,0.0112863578298091,0.738001844004819,0.207233537295806,0.0547646186993744,0.0244488184473504,0.0626895854398383,0.0313447927199191,0.767441860465116,0.186046511627907,0.0465116279069767,0.0244481586255126,0.062689493174975,0.0313447465874875,0.767440008569024,0.186046557760339,0.0465134336706374,21,16,5,0,22,17,3,2
6,1,0.695652173913043,0.260869565217391,0.0434782608695652,0.135973437771202,0.363077811924728,0.181538905962364,0.841338681489946,0.0793306592550271,0.0793306592550271,0.0889320957600908,0.225443974890348,0.112721987445174,0.703704869753895,0.148147577772217,0.148147552473887,0.134825632524405,0.360928185602654,0.180464092801327,0.839189568877002,0.0804054724160645,0.0804049587069336,0.12989458692461,0.351526364477336,0.175763182238668,0.829787234042553,0.0851063829787234,0.0851063829787234,0.130585922033265,0.352862445909366,0.176431222954683,0.831122861572243,0.0844383422627082,0.0844387961650485,21,21,0,0,26,18,4,4
6,2,0.695652173913043,0.260869565217391,0.0434782608695652,0.134730632072667,0.364792714868679,0.18239635743434,0.878048531347383,0.121951459592652,9.05996518601907e-09,0.134730720350021,0.364792891402516,0.182396445701258,0.878048619614301,0.121951294632981,8.57527176692685e-08,0.108627682967015,0.298679514000341,0.14933975700017,0.844991930913214,0.15500372552806,4.34355872647661e-06,0.134730827988869,0.364793213149523,0.182396606574761,0.878048780487805,0.121951219512195,0,0.134729133557389,0.364788142564199,0.182394071282099,0.878046245195143,0.121952395308485,1.35949637226757e-06,17,15,2,0,24,21,3,0
6,3,0.695652173913043,0.260869565217391,0.0434782608695652,0.0273220717774549,0.0760356359811947,0.0380178179905973,0.657634355922446,0.273901221855297,0.0684644222222569,0.0914058373955107,0.246849698171097,0.123424849085549,0.572227324827495,0.289306313416642,0.138466361755864,0.0308267427990924,0.0868646015272261,0.043432300763613,0.65221987314943,0.285850458343487,0.0619296685070825,0.0232554733547195,0.0579710144927537,0.0289855072463768,0.666666666666667,0.261904761904762,0.0714285714285714,0.0201884306624121,0.0560435661492271,0.0280217830746136,0.66763039083843,0.270142962279133,0.0622266468824367,15,8,4,3,27,20,7,0
6,4,0.695652173913043,0.260869565217391,0.0434782608695652,0.0380669943482631,0.0984674855134409,0.0492337427567205,0.689894597820824,0.310103307974112,2.09420506441475e-06,0.139345946719194,0.376392009363,0.1881960046815,0.550931674922648,0.449065569898891,2.75517846082975e-06,0.0405763029322326,0.108346605966764,0.054173302983382,0.68495437449755,0.315042868200773,2.75730167689583e-06,0.0428404680436431,0.116558741905643,0.0582793709528215,0.680851063829787,0.319148936170213,0,0.041791800006515,0.112824805223215,0.0564124026116076,0.682712355458663,0.317281967828999,5.67671233787222e-06,25,13,12,0,22,19,3,0
6,5,0.695652173913043,0.260869565217391,0.0434782608695652,0.0902370199882349,0.255073174182276,0.127536587091138,0.755561208540878,0.133332978126253,0.111105813332868,0.0902359219519568,0.255069464638214,0.127534732319107,0.755552828937824,0.133334832898284,0.111112338163892,0.0805966541321713,0.206523460297345,0.103261730148672,0.705491983712616,0.157607835068719,0.136900181218665,0.0902369251972976,0.255072463768116,0.127536231884058,0.755555555555556,0.133333333333333,0.111111111111111,0.0902364414670255,0.255070966826084,0.127535483413042,0.75555359878061,0.133334081804349,0.11111231941504,24,18,3,3,21,16,3,2
7,1,0.652173913043478,0.304347826086957,0.0434782608695652,0.0846859435247002,0.238310019699743,0.119155009849871,0.722197769808213,0.185192816237085,0.0926094139547021,0.0846970068209762,0.238337259511682,0.119168629755841,0.722222582093311,0.185179196331116,0.0925982215755735,0.0748858317402715,0.209990440211079,0.104995220105539,0.692678420520584,0.199352605981417,0.107968973497999,0.0846930107035305,0.238325281803543,0.119162640901771,0.722222222222222,0.185185185185185,0.0925925925925926,0.084690482809689,0.238318580378298,0.119159290189149,0.722218475195582,0.185188535897807,0.0925929889066106,29,21,4,4,25,18,6,1
7,2,0.652173913043478,0.304347826086957,0.0434782608695652,0.151480105465998,0.387464153892062,0.193732076946031,0.458441836097447,0.480398745058824,0.0611594188437292,0.0151328392096061,0.0421733465815136,0.0210866732907568,0.644795760589004,0.290639305250674,0.064564934160322,0.122500595313203,0.314056545342638,0.157028272671319,0.495145640372159,0.446235339834034,0.0586190197938068,0.123450574598746,0.304347826086956,0.152173913043478,0.5,0.454545454545455,0.0454545454545455,0.123648318494559,0.320674317969166,0.160337158984583,0.491836754058895,0.444951135547722,0.0632121103933827,27,18,7,2,17,4,13,0
7,3,0.652173913043478,0.304347826086957,0.0434782608695652,0.0761494618954391,0.214127656059154,0.107063828029577,0.759237741073055,0.240760397854226,1.86107271860505e-06,0.0561116788597521,0.158456957444281,0.0792284787221404,0.616421910886599,0.383576304809097,1.78430430437889e-06,0.0808409097933635,0.226616769259911,0.113308384629955,0.765482297673434,0.234510822093862,6.88023270434133e-06,0.0727875709011872,0.205086136177194,0.102543068088597,0.754716981132076,0.245283018867925,0,0.0745173188766746,0.209748203806627,0.104874101903314,0.757048014946792,0.242949007378209,2.97767499904224e-06,27,16,11,0,26,24,2,0
7,4,0.652173913043478,0.304347826086957,0.0434782608695652,0.0307465438600613,0.0869565209758949,0.0434782604879474,0.674418600123676,0.325581399494706,3.81617808172705e-10,0.0307466770612392,0.0869564802566793,0.0434782401283397,0.674431879875997,0.325568099382777,2.0741225550824e-08,0.0329609417621013,0.0869509689780769,0.0434754844890385,0.659349814432546,0.340647409186927,2.77638052669746e-06,0.0307465441774196,0.0869565217391304,0.0434782608695652,0.674418604651163,0.325581395348837,0,0.0307464962930006,0.0869563451479733,0.0434781725739867,0.674419885573355,0.325580026131067,8.82955785627159e-08,23,15,8,0,20,14,6,0
7,5,0.652173913043478,0.304347826086957,0.0434782608695652,0.112265661196209,0.280551341371239,0.14027567068562,0.792449583729098,0.169809523463173,0.0377408928077295,0.109038927183284,0.273139202713896,0.136569601356948,0.782473143097907,0.167778224730008,0.049748632172084,0.0928930771015099,0.228202997734446,0.114101498867223,0.766275411910701,0.190911603105006,0.0428129849842923,0.112266381367222,0.280557834290402,0.140278917145201,0.792452830188679,0.169811320754717,0.0377358490566038,0.112266699634122,0.280559545993103,0.140279772996552,0.79245368604003,0.169811458814229,0.0377348551457411,21,16,3,2,32,26,6,0
8,1,0.608695652173913,0.347826086956522,0.0434782608695652,0.0927431452847159,0.247748263892333,0.123874131946166,0.509431169040106,0.471700218902688,0.0188686120572062,0.0647497275598824,0.175622531591737,0.0878112657958685,0.542302755589305,0.43563735275239,0.022059891658305,0.0923559754156476,0.236227501907739,0.118113750953869,0.501355283977737,0.465939837910391,0.0327048781118722,0.0927412720531455,0.247744052502051,0.123872026251025,0.509433962264151,0.471698113207547,0.0188679245283019,0.0927106637693455,0.247654023105303,0.123827011552651,0.509458505467426,0.471653098509173,0.018888396023401,33,19,13,1,20,8,12,0
8,2,0.608695652173913,0.347826086956522,0.0434782608695652,0.0997126555951057,0.275821806902404,0.137910903451202,0.514257705266381,0.485736990407724,5.30432589530922e-06,0.172096730117941,0.458243460302017,0.229121730151008,0.423047858937265,0.57694781710753,4.32395520492725e-06,0.0982190463341099,0.271974088207339,0.135987044103669,0.516184494201521,0.483813131060191,2.37473828822248e-06,0.0978466609247361,0.271014492753623,0.135507246376812,0.516666666666667,0.483333333333333,0,0.0979409459168965,0.271252506652649,0.135626253326325,0.51653539247332,0.483452340282846,1.22672438338315e-05,29,11,18,0,31,20,11,0
8,3,0.608695652173913,0.347826086956522,0.0434782608695652,0.032330779149156,0.0869564702457898,0.043478235122895,0.618181148901666,0.381818825351663,2.57466702456474e-08,0.0323305521775909,0.0869565160342895,0.0434782580171448,0.61818211959376,0.38181787755382,2.85242046164681e-09,0.0343678564291776,0.0869512430596703,0.0434756215298351,0.611615198333646,0.388382162326624,2.6393397301114e-06,0.0323306306096638,0.0869565217391304,0.0434782608695652,0.618181818181818,0.381818181818182,0,0.0323295784153952,0.0869537918697398,0.0434768959348699,0.618181667702148,0.381816967363156,1.36493469531598e-06,26,18,8,0,29,16,13,0
8,4,0.608695652173913,0.347826086956522,0.0434782608695652,0.0923276468115787,0.256727610704948,0.128363805352474,0.523810086652189,0.476189892308995,2.10388154173197e-08,0.0923280616634817,0.256728617162587,0.128364308581293,0.523809400036744,0.476190395537815,2.04425441052572e-07,0.0937599063841478,0.260443734554394,0.130221867277197,0.521949584380974,0.478047954233719,2.46138530676516e-06,0.0923280931972923,0.256728778467909,0.128364389233954,0.523809523809524,0.476190476190476,0,0.0923277710045031,0.256727573083978,0.128363786541989,0.523809177853258,0.476189873498511,9.48648231580028e-07,19,11,8,0,23,11,12,0
8,5,0.608695652173913,0.347826086956522,0.0434782608695652,0.180174341825546,0.478308664237994,0.239154332118997,0.804418036401988,0.108671754837525,0.086910208760487,0.18014032290487,0.478257023325841,0.23912851166292,0.804345189675441,0.108697575293601,0.0869572350309581,0.15314995723245,0.425500308233768,0.212750154116884,0.75021888768886,0.135075932839638,0.114705179471502,0.180142070937044,0.478260869565217,0.239130434782609,0.804347826086957,0.108695652173913,0.0869565217391304,0.180141717771534,0.47826013340673,0.239130066703365,0.804347255440077,0.108696020253156,0.0869567243067661,19,15,2,2,27,22,3,2
9,1,0.565217391304348,0.391304347826087,0.0434782608695652,0.0725634731058251,0.202838656700327,0.101419328350164,0.528064139690153,0.327038271090118,0.144897589219729,0.19076239836635,0.496596633352729,0.248298316676364,0.349709607771355,0.358513814682716,0.291776577545929,0.0646473321889859,0.179762709286868,0.089881354643434,0.595669352177546,0.301422993182653,0.102907654639801,0.0831667395312519,0.230884557721139,0.11544227886057,0.603448275862069,0.275862068965517,0.120689655172414,0.0635909717319259,0.174568930499213,0.0872844652496063,0.59010371490603,0.304019882576481,0.10587640251749,41,30,10,1,17,5,6,6
9,2,0.565217391304348,0.391304347826087,0.0434782608695652,0.0989390051885053,0.273831201044494,0.136915600522247,0.702132991826595,0.297866978478188,2.96952172250948e-08,0.0766327438146633,0.215420406802586,0.107710203401293,0.672927594705641,0.327068966780221,3.43851413774218e-06,0.0916445942052933,0.254951323116511,0.127475661558255,0.692693052862603,0.307304131864233,2.81527316343595e-06,0.098934861959668,0.273820536540241,0.13691026827012,0.702127659574468,0.297872340425532,0,0.0989361045888076,0.273823438160661,0.136911719080331,0.702129110384678,0.297870196297423,6.93317899006496e-07,17,14,3,0,30,19,11,0
9,3,0.565217391304348,0.391304347826087,0.0434782608695652,0.177742003566353,0.472293178351443,0.236146589175721,0.372549049540571,0.627450937001808,1.34576201790337e-08,0.177741788160778,0.472292287130514,0.236146143565257,0.372548984229699,0.627450491391344,5.2437895665813e-07,0.170072968396294,0.453205477231209,0.226602738615605,0.382090374791373,0.617907086441692,2.53876693580929e-06,0.177742034695153,0.47229326513214,0.23614663256607,0.372549019607843,0.627450980392157,0,0.17774121764503,0.472290224426829,0.236145112213414,0.372549090290895,0.627449460039501,1.44966960399685e-06,26,10,16,0,25,9,16,0
9,4,0.565217391304348,0.391304347826087,0.0434782608695652,0.0709687079234609,0.200628512750339,0.10031425637517,0.618135630212422,0.290990091450917,0.0908742783366605,0.076952470516968,0.208701410511474,0.104350705255737,0.590639766294765,0.28695364257035,0.122406591134885,0.0597523116908764,0.168539513626905,0.0842697568134524,0.612780362705548,0.307034591012635,0.0801850462818171,0.0710261026293079,0.200790513833992,0.100395256916996,0.618181818181818,0.290909090909091,0.0909090909090909,0.0710116429385002,0.200748263987742,0.100374131993871,0.618189303633716,0.290930215832216,0.0908804805340684,33,19,9,5,22,15,7,0
9,5,0.565217391304348,0.391304347826087,0.0434782608695652,0.228008067758254,0.589443614404088,0.294721807202044,0.825873531848279,0.096582540624043,0.0775439275276779,0.129636182408265,0.365943594901624,0.182971797450812,0.666668263050164,0.208332550375275,0.124999186574561,0.23327251345131,0.595187551349164,0.297593775674582,0.837312927989254,0.0937105721515049,0.0689764998592411,0.219922285652114,0.560386473429952,0.280193236714976,0.822222222222222,0.111111111111111,0.0666666666666667,0.226458580814516,0.586458929638308,0.293229464819154,0.823356085077352,0.0980748830069329,0.0785690319157148,22,22,0,0,23,15,5,3
10,1,0.521739130434783,0.434782608695652,0.0434782608695652,0.0344436883555874,0.0869564873891663,0.0434782436945831,0.562498852830718,0.4375011299943,1.71749821205508e-08,0.0344435146955318,0.0869546312795343,0.0434773156397671,0.562499508088635,0.437499546681566,9.45229798109735e-07,0.0328018935983212,0.0869518457421882,0.0434759228710941,0.557488852406871,0.442508809594657,2.33799847112342e-06,0.0344441183728832,0.0869565217391305,0.0434782608695652,0.5625,0.4375,0,0.0344427494327596,0.086953339288155,0.0434766696440775,0.562498213933638,0.437500194840875,1.59122548770901e-06,18,9,9,0,30,18,12,0
10,2,0.521739130434783,0.434782608695652,0.0434782608695652,0.187161797007064,0.495695365647287,0.247847682823643,0.317360631124345,0.682630291519296,9.07735635927451e-06,0.120767154027901,0.329547708617707,0.164773854308853,0.400438954377806,0.599556463004506,4.58261768854208e-06,0.176878580546117,0.470143825198507,0.235071912599254,0.330142757486243,0.669854521294906,2.72121885132878e-06,0.179469434854107,0.476588628762542,0.238294314381271,0.326923076923077,0.673076923076923,0,0.180061803995272,0.478048376389409,0.239024188194704,0.326174699223803,0.673806796890356,1.85038858400199e-05,30,13,17,0,22,4,18,0
10,3,0.521739130434783,0.434782608695652,0.0434782608695652,0.163458692982857,0.461768719231116,0.230884359615558,0.627310857812129,0.203898249080094,0.168790893107776,0.176271357052671,0.464256601243748,0.232128300621874,0.484381561891737,0.240011876616823,0.275606561491439,0.159886169819062,0.449744338400192,0.224872169200096,0.613687130972447,0.209910439495556,0.176402429531996,0.17495854884833,0.492206726825267,0.246103363412633,0.622641509433962,0.188679245283019,0.188679245283019,0.161542479875793,0.454857056040895,0.227428528020448,0.616714192528415,0.207354080675205,0.175931726796381,24,20,3,1,29,13,7,9
10,4,0.521739130434783,0.434782608695652,0.0434782608695652,0.10447376593687,0.273815786869143,0.136907893434571,0.638300490198593,0.297874715261081,0.0638247945403258,0.106086390671538,0.287776207378314,0.143888103689157,0.630475078685025,0.290894505006495,0.0786304163084805,0.0930142287846894,0.245647755405684,0.122823877702842,0.623933313390026,0.31195873099281,0.0641079556171638,0.104474153897486,0.273820536540241,0.13691026827012,0.638297872340426,0.297872340425532,0.0638297872340425,0.10447292676681,0.273816937990349,0.136908468995175,0.638296815732524,0.297874139700478,0.0638290445669987,26,16,7,3,21,14,7,0
10,5,0.521739130434783,0.434782608695652,0.0434782608695652,0.0383469542010965,0.0976501670404873,0.0488250835202436,0.476886022166307,0.430810633443884,0.0923033443898089,0.0502084038221839,0.141784973105934,0.0708924865529668,0.489759475439349,0.395869777138119,0.114370747422532,0.0422627967674956,0.110877118473603,0.0554385592368013,0.474677136471525,0.426406043422108,0.0989168201063665,0.0383357936716898,0.0976588628762541,0.0488294314381271,0.476923076923077,0.430769230769231,0.0923076923076923,0.0383255108716022,0.0976330189084225,0.0488165094542113,0.476935325239888,0.430769904436335,0.0922947703237765,33,15,17,1,32,16,11,5
11,1,0.478260869565217,0.478260869565217,0.0434782608695652,0.0317686474313044,0.0869565124342377,0.0434782562171188,0.490196867221686,0.509803128125868,4.65244638608173e-09,0.0317685537003004,0.0869556300648759,0.043477815032438,0.490195634777433,0.509803919385439,4.45837127214045e-07,0.0316356918439594,0.0869535501965108,0.0434767750982554,0.490858523119707,0.509139991108983,1.48577130982628e-06,0.0317688133689343,0.0869565217391303,0.0434782608695652,0.490196078431373,0.509803921568627,0,0.0317686861273697,0.0869561511083515,0.0434780755541758,0.490195987872622,0.509803826811989,1.8531538945312e-07,26,11,15,0,25,14,11,0
11,2,0.478260869565217,0.478260869565217,0.0434782608695652,0.174776972584724,0.450886194340282,0.225443097170141,0.703703966735359,0.277778038670846,0.0185179945937959,0.174776805758249,0.450885262264539,0.225442631132269,0.703703500697487,0.277777872168659,0.0185186271338543,0.159151655857104,0.40088876146525,0.200444380732625,0.678705250297842,0.289379714521762,0.0319150351803962,0.174776934305107,0.450885668276973,0.225442834138486,0.703703703703704,0.277777777777778,0.0185185185185185,0.17477535876876,0.45088142197949,0.225440710989745,0.703701580554962,0.277779455391386,0.0185189640536521,25,18,7,0,29,20,8,1
11,3,0.478260869565217,0.478260869565217,0.0434782608695652,0.109234155871804,0.288761044190955,0.144380522095478,0.622641391660695,0.358490677421309,0.0188679309179959,0.109234156581148,0.288760804169754,0.144380402084877,0.622641271650094,0.358490461857095,0.0188682664928109,0.0987413191592062,0.252113369586492,0.126056684793246,0.604317554358463,0.363203147697449,0.032479297944088,0.109234248949682,0.28876127973749,0.144380639868745,0.622641509433962,0.358490566037736,0.0188679245283019,0.109233511265016,0.288759513701301,0.144379756850651,0.622640626415868,0.358491538287461,0.0188678352966705,27,17,10,0,26,16,9,1
11,4,0.478260869565217,0.478260869565217,0.0434782608695652,0.114529908823568,0.281337664839513,0.140668832419757,0.618929701984974,0.338393297868557,0.0426770001464692,0.158246013214449,0.412091412043201,0.2060457060216,0.656924824630038,0.272215163543617,0.0708600118263454,0.107669151084065,0.268028370146093,0.134014185073047,0.607870819801291,0.344246684492171,0.047882495706538,0.112921634504959,0.277520814061055,0.138760407030527,0.617021276595745,0.340425531914894,0.0425531914893617,0.112964737428987,0.277725230670433,0.138862615335216,0.617123484900434,0.340423214236755,0.0424533008628108,29,17,12,0,18,12,4,2
11,5,0.478260869565217,0.478260869565217,0.0434782608695652,0.0861557090618904,0.212054677749928,0.106027338874964,0.373258144892467,0.477236255363004,0.149505599744529,0.134001396098114,0.377684766574998,0.188842383287499,0.58641075160858,0.289418486277718,0.124170762113702,0.0701925262928265,0.188382019809608,0.094191009904804,0.404026345454258,0.458304383771373,0.137669270774369,0.0446368517714605,0.117125110913931,0.0585625554569654,0.428571428571429,0.469387755102041,0.102040816326531,0.0783216476266856,0.212097532364803,0.106048766182401,0.397547768124645,0.452925204823388,0.149527027051967,21,3,16,2,28,18,7,3
12,1,0.434782608695652,0.521739130434783,0.0434782608695652,0.0901885280187529,0.225760051317052,0.112880025658526,0.32691759479899,0.634619156093309,0.0384632491077011,0.0901845210333869,0.225751722416427,0.112875861208214,0.326923362293424,0.634614991642996,0.0384616460635801,0.0820568223404255,0.219730874309898,0.109865437154949,0.324917171540703,0.60903189270778,0.0660509357515167,0.0901848007441059,0.225752508361204,0.112876254180602,0.326923076923077,0.634615384615385,0.0384615384615385,0.0901835164220972,0.225748891701553,0.112874445850777,0.326924382699611,0.634613576285559,0.0384620410148296,26,6,19,1,26,11,14,1
12,2,0.434782608695652,0.521739130434783,0.0434782608695652,0.113670000410457,0.294029516617968,0.147014758308984,0.417589518309494,0.391917462511957,0.190493019178549,0.100989068430714,0.269023103312731,0.134511551656365,0.300271057039287,0.547423644951781,0.152305298008933,0.100259214103372,0.28285170446011,0.141425852230055,0.372839589061919,0.442256297838461,0.18490411309962,0.0803025008913144,0.226768968456948,0.113384484228474,0.372549019607843,0.470588235294118,0.156862745098039,0.095124575514633,0.268793495991466,0.134396747995733,0.372699202575226,0.449425788559476,0.177875008865298,37,10,22,5,14,9,2,3
12,3,0.434782608695652,0.521739130434783,0.0434782608695652,0.0554504426998825,0.156515876907476,0.0782579384537378,0.51304054714939,0.486957424156905,2.02869370472817e-06,0.107506381569623,0.295815954272649,0.147907977136325,0.330351483748388,0.669647107571107,1.40868050530522e-06,0.047800441441663,0.13313526076019,0.0665676303800952,0.501350239075747,0.498647775311424,1.98561282840244e-06,0.0469618891188975,0.130434782608696,0.0652173913043478,0.5,0.5,0,0.0481072393709568,0.134114712367618,0.0670573561838091,0.501839964879461,0.498157459735563,2.57538497577309e-06,26,19,7,0,30,9,21,0
12,4,0.434782608695652,0.521739130434783,0.0434782608695652,0.0161692530592861,0.0415009169136986,0.0207504584568493,0.453478353059318,0.500988671977933,0.0455329749627487,0.0792531868214869,0.20900199793617,0.104500998968085,0.330281609727567,0.609078906671795,0.0606394836006383,0.010331364127312,0.028823482382338,0.0144117411911689,0.439907154238359,0.507327389243614,0.0527654565180272,0.00946408217898416,0.0240518038852914,0.0120259019426457,0.446808510638298,0.51063829787234,0.0425531914893617,0.00794868484120197,0.0220500422120826,0.0110250211060413,0.442194874039597,0.510714109328741,0.0470910166316618,20,13,7,0,27,8,17,2
12,5,0.434782608695652,0.521739130434783,0.0434782608695652,0.0123728551650907,0.0333366875463499,0.0166683437731749,0.447727209445037,0.505070786661608,0.0472020038933556,0.128551135322528,0.334505918642068,0.167252959321034,0.580117493681811,0.354486171113748,0.0653963352044401,0.0150795225929111,0.0416404867721019,0.0208202433860509,0.449189741954132,0.500918887048732,0.0498913709971362,0.0106723564345866,0.028393966282165,0.0141969831410825,0.448979591836735,0.510204081632653,0.0408163265306122,0.0140549844923295,0.0377322979359359,0.0188661489679679,0.449634649959223,0.502872981466815,0.0474923685739624,25,15,8,2,24,7,17,0
13,1,0.391304347826087,0.565217391304348,0.0434782608695652,0.0343544367965018,0.0869564766965333,0.0434782383482666,0.43182039656833,0.568179580910372,2.25212986270357e-08,0.0343533443026238,0.0869555061294328,0.0434777530647164,0.431817998351614,0.568181493843537,5.0780484879819e-07,0.0367262885529165,0.0926952523334896,0.0463476261667448,0.437651973992832,0.562345143870917,2.88213625134004e-06,0.0343536399803226,0.0869565217391305,0.0434782608695652,0.431818181818182,0.568181818181818,0,0.0343522382033691,0.0869528694996826,0.0434764347498413,0.431816593017478,0.568181580862798,1.82611972394331e-06,22,10,12,0,22,9,13,0
13,2,0.391304347826087,0.565217391304348,0.0434782608695652,0.238787794855914,0.594736562835813,0.297368281417906,0.678583204751588,0.267849109886441,0.0535676853619703,0.251467957393203,0.638480604356361,0.319240302178181,0.686638987795889,0.245977089126167,0.0673839230779438,0.228406164618586,0.570811868116081,0.28540593405804,0.665009809705403,0.279811457246307,0.0551787330482902,0.23877979051195,0.59472049689441,0.297360248447205,0.678571428571429,0.267857142857143,0.0535714285714286,0.238781407975441,0.59472340005267,0.297361700026335,0.678573998650094,0.267855691278013,0.0535703100718927,32,22,7,3,24,16,8,0
13,3,0.391304347826087,0.565217391304348,0.0434782608695652,0.0254267558229763,0.0695614422607079,0.0347807211303539,0.381820057445351,0.599998112434702,0.0181818301199473,0.0254268274327196,0.0695620930480513,0.0347810465240257,0.38181916655289,0.599998437828373,0.018182395618737,0.0134404204614828,0.0374899070530082,0.0187449535265041,0.384659029151225,0.583962344830852,0.0313786260179231,0.0254278536639048,0.0695652173913044,0.0347826086956522,0.381818181818182,0.6,0.0181818181818182,0.025427143592283,0.0695637503524742,0.0347818751762371,0.381817543100741,0.599999266480585,0.0181831904186737,30,11,19,0,25,10,14,1
13,4,0.391304347826087,0.565217391304348,0.0434782608695652,0.0235088370504602,0.0609666173598949,0.0304833086799474,0.364570346113191,0.561468084337296,0.0739615695495127,0.0794056344966207,0.200902932378479,0.10045146618924,0.398055842686548,0.464765925115108,0.137178232198344,0.0203929597705638,0.0554970680995447,0.0277485340497724,0.370623954452666,0.558149250627996,0.0712267949193377,0.031490836648629,0.0797101449275362,0.0398550724637681,0.354166666666667,0.5625,0.0833333333333333,0.0233803379214407,0.0589172278077996,0.0294586139038999,0.363571085624796,0.563492039601739,0.0729368747734651,23,9,10,4,25,8,17,0
13,5,0.391304347826087,0.565217391304348,0.0434782608695652,0.0868046149338537,0.22118714081724,0.11059357040862,0.280710777417467,0.666659148054073,0.0526300745284601,0.0868111910611279,0.221204913852738,0.110602456926369,0.280701890899718,0.666666173674164,0.0526319354261173,0.0751042714130599,0.207579303758065,0.103789651879033,0.287514695947054,0.636650858415956,0.0758344456369895,0.0868114285468873,0.221205186880244,0.110602593440122,0.280701754385965,0.666666666666667,0.0526315789473684,0.0868110903732125,0.221205096494516,0.110602548247258,0.280701799578829,0.666665771064071,0.0526324293571,28,8,19,1,29,8,19,2
14,1,0.347826086956522,0.608695652173913,0.0434782608695652,0.0719220104297546,0.195932520669873,0.0979662603349365,0.420497236318874,0.510729391838977,0.0687733718421496,0.0560925122268018,0.147038992051211,0.0735194960256055,0.358784329781127,0.535176156148308,0.106039514070566,0.0711106001682578,0.192386177195937,0.0961930885979684,0.421324274192967,0.512502563575945,0.066173162231088,0.0724028969391182,0.199209486166008,0.099604743083004,0.418181818181818,0.509090909090909,0.0727272727272727,0.0710278474257969,0.193824148861283,0.0969120744306414,0.419161591759087,0.511783577743272,0.069054830497641,30,10,16,4,25,13,12,0
14,2,0.347826086956522,0.608695652173913,0.0434782608695652,0.0520781465659422,0.145973383169465,0.0729866915847325,0.39285800190607,0.535708960589181,0.0714330375047492,0.0520745064418766,0.145962670987248,0.0729813354936242,0.392856358553799,0.535714316680289,0.0714293247659123,0.0643956070722309,0.181112611855514,0.090556305927757,0.384746135599408,0.518139346246156,0.0971145181544359,0.052074612196297,0.145962732919255,0.0729813664596274,0.392857142857143,0.535714285714286,0.0714285714285714,0.0520732593673303,0.145959490399251,0.0729797451996255,0.392854349606818,0.535715906974288,0.0714297434188948,28,14,12,2,28,8,18,2
14,3,0.347826086956522,0.608695652173913,0.0434782608695652,0.0571260940297258,0.143359232535233,0.0716796162676164,0.279712289490202,0.68037526844153,0.0399124420682683,0.0331172266419875,0.0917190107144338,0.0458595053572169,0.378990241676487,0.562836146816696,0.0581736115068171,0.0487769133374901,0.12208351649622,0.06104175824811,0.286784328708412,0.667041137756712,0.0461745335348759,0.0554081863519878,0.14109926168991,0.0705496308449548,0.283018867924528,0.679245283018868,0.0377358490566038,0.0543737953325621,0.136022883833558,0.0680114419167789,0.282746305198142,0.676707094090692,0.0405466007111658,28,11,15,2,25,4,21,0
14,4,0.347826086956522,0.608695652173913,0.0434782608695652,0.129164151346349,0.327623433085146,0.163811716542573,0.195924813606348,0.772507368716486,0.0315678176771658,0.193587993609847,0.486945407770232,0.243472703885116,0.117668110086175,0.852168356059029,0.0301635338547962,0.129480501357826,0.319195590986908,0.159597795493454,0.19028268391821,0.768293447667367,0.0414238684144225,0.137212057002302,0.354037267080745,0.177018633540373,0.19047619047619,0.785714285714286,0.0238095238095238,0.139255504776538,0.35207865070188,0.17603932535094,0.183348851972339,0.784734977524853,0.0319161705028079,16,6,10,0,26,2,23,1
14,5,0.347826086956522,0.608695652173913,0.0434782608695652,0.110847606045983,0.304346180638255,0.152173090319128,0.23913125165115,0.760868742493041,5.85580911079998e-09,0.110847670878908,0.304345844049083,0.152172922024541,0.239130416189911,0.760868574198455,1.00961163443434e-06,0.0957175508816056,0.265512079240886,0.132756039620443,0.258542832408785,0.741451691794356,5.4757968585857e-06,0.110848250295495,0.304347826086957,0.152173913043478,0.239130434782609,0.760869565217391,0,0.110848099013624,0.304347347281415,0.152173673640708,0.239130487963712,0.760869325814621,1.86221666996382e-07,25,7,18,0,21,4,17,0
15,1,0.304347826086957,0.652173913043478,0.0434782608695652,0.0361157798671505,0.0993152387542314,0.0496576193771157,0.254690206709841,0.666653086918789,0.0786567063713698,0.116464641228861,0.288200854572529,0.144100427286265,0.307316065765908,0.508073485757214,0.184610448476879,0.046787572012319,0.129925463049602,0.0649627315248009,0.239385094562156,0.695540956407176,0.065073949030669,0.0648472975701087,0.183163737280296,0.091581868640148,0.212765957446809,0.702127659574468,0.0851063829787234,0.0482135684136878,0.133494379840598,0.0667471899202991,0.237600636166657,0.697607016579008,0.0647923472543346,30,5,25,0,17,5,8,4
15,2,0.304347826086957,0.652173913043478,0.0434782608695652,0.0213663430567264,0.0530581298897731,0.0265290649448866,0.305084890407811,0.67796591366751,0.0169491959246786,0.0213648847623618,0.0530566890325636,0.0265283445162818,0.305087116937172,0.677962966709545,0.0169499163532834,0.0101159183479527,0.0282083074010518,0.0141041537005259,0.313474111781002,0.657151781049959,0.0293741071690393,0.0213664350066152,0.0530582166543846,0.0265291083271923,0.305084745762712,0.677966101694915,0.0169491525423729,0.0213662000156332,0.0530577314781593,0.0265288657390796,0.305084840363247,0.677965764506267,0.0169493951304856,32,9,23,0,27,9,17,1
15,3,0.304347826086957,0.652173913043478,0.0434782608695652,0.100187999850421,0.277047809089846,0.138523904544923,0.209302179873093,0.790697817588401,2.53850526860727e-09,0.10018296896735,0.277034653064492,0.138517326532246,0.209308286295026,0.790691239575724,4.74129249306907e-07,0.0808153681705619,0.22654831439081,0.113274157195405,0.234542240262988,0.765448070238883,9.68949812867624e-06,0.100187888157048,0.277047522750253,0.138523761375126,0.209302325581395,0.790697674418605,0,0.100188200574825,0.277048305776978,0.138524152888489,0.209301886442506,0.790698065931967,4.76255270050175e-08,19,4,15,0,24,5,19,0
15,4,0.304347826086957,0.652173913043478,0.0434782608695652,0.195962923315165,0.502124476166324,0.251062238083162,0.555410064170118,0.4250159499702,0.0195739858596818,0.274586080445761,0.690833736586007,0.345416868293004,0.64976469437996,0.32580460656495,0.0244306990550903,0.193916142619516,0.489745059286231,0.244872529643116,0.549220355730072,0.422811090612106,0.0279685536578213,0.194820809940966,0.502415458937198,0.251207729468599,0.555555555555556,0.428571428571429,0.0158730158730159,0.195411889493249,0.500832628902208,0.250416314451104,0.554764140538061,0.425736007593767,0.0194998518681724,32,14,18,0,31,21,9,1
15,5,0.304347826086957,0.652173913043478,0.0434782608695652,0.0501497680807513,0.133562765197656,0.0667813825988282,0.317057993663036,0.58539253044465,0.097549475892314,0.0501673855549761,0.133616962739517,0.0668084813697585,0.317073092596785,0.58536543167372,0.0975614757294951,0.0730631754608005,0.193508202745181,0.0967541013725903,0.321319076141673,0.555419811670888,0.123261112187439,0.0501670251220143,0.133616118769883,0.0668080593849417,0.317073170731707,0.585365853658537,0.0975609756097561,0.0501544718683962,0.133600724512361,0.0668003622561806,0.317096366252913,0.585373550787298,0.0975300829597898,17,6,10,1,24,7,14,3
16,1,0.260869565217391,0.695652173913043,0.0434782608695652,0.0339765837609034,0.0870924639921552,0.0435462319960776,0.217323333221314,0.735015247992339,0.0476614187863472,0.0701747396540033,0.194513593423901,0.0972567967119504,0.163612768505441,0.761385476485602,0.0750017550089574,0.0263889571290416,0.0700173803353324,0.0350086901676662,0.225860875049725,0.724352915608995,0.0497862093412798,0.0337456125386614,0.0884057971014492,0.0442028985507246,0.216666666666667,0.733333333333333,0.05,0.033977396722897,0.0870925032594357,0.0435462516297178,0.217323313587673,0.735017576693909,0.047659109718418,30,9,21,0,30,4,23,3
16,2,0.260869565217391,0.695652173913043,0.0434782608695652,0.0210427372615522,0.0559055296556591,0.0279527648278296,0.238051384850112,0.690517589452493,0.0714310256973948,0.0210281710390523,0.0558988977397646,0.0279494488698823,0.238097273120088,0.690475017140464,0.0714277097394475,0.0430025011692455,0.112638050443612,0.0563190252218062,0.252583356528222,0.647619357380406,0.0997972860913714,0.0210291911458835,0.0559006211180124,0.0279503105590062,0.238095238095238,0.69047619047619,0.0714285714285714,0.0210299545625095,0.0559007714248237,0.0279503857124118,0.238092643142028,0.690478710275995,0.071428646581977,20,5,13,2,22,5,16,1
16,3,0.260869565217391,0.695652173913043,0.0434782608695652,0.171324120043847,0.452573396038975,0.226286698019487,0.449004106295107,0.469365475893556,0.0816304178113365,0.160114469118749,0.427791579225903,0.213895789612951,0.432171233970367,0.481756384300092,0.0860723817295412,0.174661206237039,0.476674708457739,0.238337354228869,0.436219063175358,0.457314819684174,0.106466117140468,0.1713055038794,0.452528837622005,0.226264418811003,0.448979591836735,0.469387755102041,0.0816326530612245,0.171306215751246,0.452531740895526,0.226265870447763,0.448979471808524,0.469386303465281,0.0816342247261948,20,12,7,1,29,10,16,3
16,4,0.260869565217391,0.695652173913043,0.0434782608695652,0.0416004915158912,0.116567165044877,0.0582835825224385,0.31915314773983,0.65956996855696,0.0212768837032099,0.0416024079480304,0.116571727433346,0.0582858637166729,0.319155428934064,0.659565965543391,0.0212786055225444,0.0520978755512935,0.134063097278652,0.0670315486393258,0.327901113856717,0.635653167715504,0.0364457184277787,0.0415972750340742,0.116558741905643,0.0582793709528215,0.319148936170213,0.659574468085106,0.0212765957446809,0.0415942280195809,0.116550575997149,0.0582752879985746,0.319144853215966,0.659578189860838,0.0212769569231961,25,7,18,0,22,8,13,1
16,5,0.260869565217391,0.695652173913043,0.0434782608695652,0.204281657137333,0.53415496910801,0.267077484554005,0.489795445502571,0.428574689359039,0.0816298651383909,0.204284029200627,0.534163254271762,0.267081627135881,0.48979643759112,0.428570546777162,0.0816330156317175,0.20505247259632,0.552539590572846,0.276269795286423,0.475332864757243,0.41938237862662,0.105284756616137,0.204283428388343,0.53416149068323,0.267080745341615,0.489795918367347,0.428571428571429,0.0816326530612245,0.204286940142038,0.534170537432783,0.267085268716391,0.489799962390921,0.428566905196652,0.0816331324124266,20,9,10,1,29,15,11,3
17,1,0.217391304347826,0.739130434782609,0.0434782608695652,0.0368331424634281,0.0931673460649218,0.0465836730324609,0.214285889770621,0.78571410781507,2.41430926568325e-09,0.0368323963515249,0.0931645898818635,0.0465822949409318,0.214286921849014,0.78571272972354,3.48427445971782e-07,0.0308439431321402,0.086941448451442,0.043470724225721,0.23600491320706,0.763987550149096,7.53664384425824e-06,0.0368332233429756,0.0931677018633541,0.0465838509316771,0.214285714285714,0.785714285714286,0,0.0368325444248074,0.0931661768440339,0.046583088422017,0.214285557074467,0.785713523204626,9.19720906929454e-07,17,5,12,0,25,4,21,0
17,2,0.217391304347826,0.739130434782609,0.0434782608695652,0.0809424907260433,0.201649417072453,0.100824708536226,0.120039480346426,0.839955143318835,0.0400053763347392,0.0886171190489124,0.218045587540005,0.109022793770002,0.108368510577824,0.847167652648995,0.0444638367731813,0.0619562313915999,0.157002788958864,0.0785013944794322,0.138889909868394,0.812085882591979,0.0490242075396269,0.0809770207083326,0.201739130434783,0.100869565217391,0.12,0.84,0.04,0.0809837275910649,0.201758174457038,0.100879087228519,0.119993230925114,0.840009522011128,0.0399972470637588,21,4,17,0,29,2,25,2
17,3,0.217391304347826,0.739130434782609,0.0434782608695652,0.0716558523291599,0.199200741534769,0.0996003707673845,0.117790933580442,0.805106724974851,0.0771023414447072,0.128062759030197,0.353478413884423,0.176739206942212,0.0406520974056144,0.86174248154735,0.0976054210470351,0.0624171204698152,0.160812055353866,0.0804060276769329,0.136985276670893,0.810877044271022,0.0521376790580845,0.0311962225180967,0.083905415713196,0.041952707856598,0.175438596491228,0.771929824561403,0.0526315789473684,0.0616202679268048,0.171788265433272,0.0858941327166359,0.13149717163119,0.794814635932532,0.0736881924362783,33,10,23,0,24,0,21,3
17,4,0.217391304347826,0.739130434782609,0.0434782608695652,0.055996429175332,0.157947632977384,0.078973816488692,0.251803535017216,0.660156618293917,0.0880398466888674,0.155545596140837,0.402017894116882,0.201008947058441,0.194270298820854,0.561242493251139,0.244487207928006,0.0433529163922894,0.122513572863245,0.0612567864316227,0.245802125326216,0.677873648350986,0.0763242263227977,0.0626107125498734,0.156226971260133,0.0781134856300663,0.220338983050847,0.661016949152542,0.11864406779661,0.0476857574375513,0.134770654223436,0.0673853271117179,0.25338841168138,0.671745107670891,0.0748664806477292,24,4,13,7,35,9,26,0
17,5,0.217391304347826,0.739130434782609,0.0434782608695652,0.014683693206992,0.0414092248374334,0.0207046124187167,0.238095916766543,0.730158540735843,0.0317455424976138,0.0146833389012448,0.0414083036385499,0.0207041518192749,0.238095456167101,0.730158299095055,0.0317462447378436,0.0305239117857613,0.0834162637595008,0.0417081318797504,0.247883190963737,0.697422302902858,0.054694506133405,0.0146832053344679,0.041407867494824,0.020703933747412,0.238095238095238,0.73015873015873,0.0317460317460317,0.0146827149227452,0.0414065935645049,0.0207032967822525,0.238094601130079,0.730158388875312,0.0317470099946096,33,8,24,1,30,7,22,1
18,1,0.173913043478261,0.782608695652174,0.0434782608695652,0.0155894963874736,0.0417935563759661,0.0208967781879831,0.178275211047837,0.799143306270581,0.0225814826815821,0.0675345307435316,0.176445578999321,0.0882227894996606,0.262135832977921,0.706812543939453,0.0310516230826256,0.00895594772409762,0.0247069603931959,0.012353480196598,0.186266523674859,0.778852109418684,0.0348813669064571,0.0172311466060311,0.0469565217391304,0.0234782608695652,0.18,0.8,0.02,0.015590108134056,0.0417971123174196,0.0208985561587098,0.178278328600003,0.799141966689142,0.0225797047108554,25,7,17,1,25,2,23,0
18,2,0.173913043478261,0.782608695652174,0.0434782608695652,0.0374456512334814,0.0958484368517871,0.0479242184258936,0.169462909066695,0.830532914078068,4.17685523759687e-06,0.0728759415495929,0.205324276640921,0.102662138320461,0.276575181798722,0.723421526841833,3.29135944520736e-06,0.0370029667190257,0.0939331770583186,0.0469665885291592,0.170415593965992,0.829575284181333,9.12185267478979e-06,0.0345031651233556,0.0869565217391304,0.0434782608695652,0.176470588235294,0.823529411764706,0,0.0353049460735742,0.0869515027074249,0.0434757513537125,0.174389378546318,0.825608111937829,2.50951585275919e-06,27,8,19,0,24,1,23,0
18,3,0.173913043478261,0.782608695652174,0.0434782608695652,0.0731744704956945,0.204970253944259,0.102485126972129,0.0714279165061316,0.821427340246931,0.107144743246938,0.0731737384663098,0.204968581473686,0.102484290736843,0.071428752741418,0.821428215862097,0.107143031396485,0.0670731739627446,0.171649319531043,0.0858246597655214,0.0960176915668894,0.774679387798024,0.129302920635087,0.0731738354542108,0.204968944099379,0.102484472049689,0.0714285714285714,0.821428571428571,0.107142857142857,0.073174375310756,0.204970412654393,0.102485206327197,0.0714278371510642,0.821428711877738,0.107143450971198,26,2,21,3,30,2,25,3
18,4,0.173913043478261,0.782608695652174,0.0434782608695652,0.0674714117200597,0.18445815204115,0.092229076020575,0.106610413257017,0.874837771672749,0.0185518150702338,0.016198150153776,0.0446486159297141,0.0223243079648571,0.167199378905067,0.804933003617031,0.0278676174779019,0.0530563489479184,0.140435983043252,0.0702179915216259,0.11590122047873,0.8528266871738,0.0312720923474705,0.0674557943905084,0.184782608695652,0.0923913043478261,0.107142857142857,0.875,0.0178571428571429,0.0674716895681968,0.184457020842155,0.0922285104210774,0.106607522639813,0.874837206073251,0.0185552712869355,28,5,22,1,28,1,27,0
18,5,0.173913043478261,0.782608695652174,0.0434782608695652,0.0781389415269191,0.194805723859537,0.0974028619297683,0.0800114671558804,0.880011557581942,0.0399769752621773,0.0781372657070683,0.194778756378039,0.0973893781890195,0.0800007670948147,0.879998073841193,0.0400011590639919,0.051516987869143,0.13052579894775,0.0652628994738749,0.108650144004386,0.843285920879572,0.0480639351160422,0.0781383904718574,0.194782608695652,0.0973913043478261,0.08,0.88,0.04,0.0781383706212441,0.194782560593687,0.0973912802968433,0.0800000246284967,0.879999975949017,0.039999999422486,23,2,21,0,27,2,23,2
19,1,0.130434782608696,0.826086956521739,0.0434782608695652,0.0365493339418533,0.0962798264047529,0.0481399132023765,0.178574695811072,0.785716929827437,0.0357083743614904,0.0365485834188531,0.0962732208344793,0.0481366104172396,0.178571393025935,0.7857137907482,0.0357148162258651,0.060605154451298,0.162941869145643,0.0814709345728215,0.194221111787274,0.744616021948918,0.0611628662638079,0.0365484543352168,0.0962732919254659,0.0481366459627329,0.178571428571429,0.785714285714286,0.0357142857142857,0.0365486487013961,0.0962740519855184,0.0481370259927592,0.178571808601455,0.785714283648923,0.0357139077496223,30,6,23,1,26,4,21,1
19,2,0.130434782608696,0.826086956521739,0.0434782608695652,0.0338395168518545,0.086956520636063,0.0434782603180315,0.169491534167273,0.830508465281194,5.51533717431594e-10,0.0338403876758094,0.0869563162313543,0.0434781581156771,0.169494227777698,0.830505669468414,1.02753888109151e-07,0.0433766681154062,0.118436888063473,0.0592184440317365,0.189653226640432,0.81034081208757,5.96127199776616e-06,0.0338395141290384,0.0869565217391304,0.0434782608695652,0.169491525423729,0.830508474576271,0,0.0338390663726611,0.0869550074276777,0.0434775037138388,0.169491260141058,0.830507982703216,7.57155726364034e-07,31,6,25,0,28,4,24,0
19,3,0.130434782608696,0.826086956521739,0.0434782608695652,0.0756812174911553,0.201503549686745,0.100751774843372,0.0487814285241207,0.926838731365112,0.0243798401107677,0.0756758520321041,0.201481982036955,0.100740991018478,0.0487802429612924,0.926827947540217,0.0243918094984908,0.0586552914876037,0.144966449757471,0.0724832248787354,0.0592603573334335,0.898570181400475,0.042169461266092,0.0756764816672483,0.201484623541888,0.100742311770944,0.0487804878048781,0.926829268292683,0.024390243902439,0.0756775691807016,0.201491474753435,0.100745737376718,0.0487831029460384,0.926832693898457,0.0243842031555049,18,0,17,1,23,2,21,0
19,4,0.130434782608696,0.826086956521739,0.0434782608695652,0.0204352237085071,0.0516564192885253,0.0258282096442626,0.128749000989702,0.801944528496471,0.0693064705138279,0.0690995025535625,0.193176707725519,0.0965883538627597,0.165878694823486,0.729498602658979,0.104622702517535,0.0301216386645295,0.0849870520756971,0.0424935260378485,0.149094103375562,0.783593430483891,0.0673124661405477,0.0227011937216757,0.058498023715415,0.0292490118577075,0.127272727272727,0.8,0.0727272727272727,0.0212926397956725,0.0528508429490373,0.0264254214745187,0.131143990271899,0.79966153504722,0.0691944746808803,24,2,22,0,31,5,22,4
19,5,0.130434782608696,0.826086956521739,0.0434782608695652,0.149074111535835,0.402696614579554,0.201348307289777,0.285227144455206,0.624738649231962,0.0900342063128314,0.227932565476973,0.644305511328719,0.32215275566436,0.30115911985033,0.503934200857379,0.194906679292291,0.153526860206655,0.417019364818974,0.208509682409487,0.287116043331578,0.617577274112252,0.0953066825561698,0.151519494005532,0.424103737604882,0.212051868802441,0.263157894736842,0.614035087719298,0.12280701754386,0.153841997576729,0.41765522490924,0.20882761245462,0.287709836787362,0.617259344067119,0.0950308191455182,31,9,15,7,26,6,20,0
20,1,0.0869565217391304,0.869565217391304,0.0434782608695652,0.0469376264277013,0.132748568996389,0.0663742844981945,0.0530264595655323,0.837120995066708,0.10985254536776,0.088192497879552,0.232187167212304,0.116093583606152,0.0683886471889785,0.772039508335304,0.159571844475717,0.0516402033284042,0.139299273378158,0.0696496366890789,0.071151744969411,0.815720357471945,0.113127897558644,0.0491917697912106,0.138849929873773,0.0694249649368864,0.0483870967741935,0.838709677419355,0.112903225806452,0.0465581682573571,0.131649983070275,0.0658249915351373,0.0527033491761029,0.837993398419195,0.109303252404703,32,1,30,1,30,2,22,6
20,2,0.0869565217391304,0.869565217391304,0.0434782608695652,0.0795711301148411,0.22416468147317,0.112082340736585,0.0222257718133733,0.822213626580476,0.15556060160615,0.0755858123042888,0.212340943566915,0.106170471783458,0.0231150911900286,0.827236176156949,0.149648732653023,0.090974171986866,0.254965078388991,0.127482539194496,0.0382352922029714,0.790803907732968,0.170960800064061,0.0795680185117422,0.224154589371981,0.11207729468599,0.0222222222222222,0.822222222222222,0.155555555555556,0.0795683937765299,0.224155901221732,0.112077950610866,0.0222230842642117,0.822220704255357,0.155556211480431,21,0,16,5,24,1,21,2
20,3,0.0869565217391304,0.869565217391304,0.0434782608695652,0.0235661095075526,0.0608780283095465,0.0304390141547733,0.0599836283859902,0.900004231546078,0.0400121400679322,0.00798695580118625,0.0223243195947378,0.0111621597973689,0.0757943619417616,0.873649021113508,0.05055661694473,0.0218001723316818,0.0546864150203246,0.0273432075101623,0.0596133142289682,0.870902599532166,0.0694840862388664,0.0235586385811201,0.0608695652173913,0.0304347826086957,0.06,0.9,0.04,0.0235587809638466,0.0608685450797799,0.03043427253989,0.059998834716366,0.899999489931194,0.0400016753524396,24,0,23,1,26,3,22,1
20,4,0.0869565217391304,0.869565217391304,0.0434782608695652,0.110175671153729,0.303182514710497,0.151591257355248,0.0423552161244139,0.762575265650772,0.195069518224814,0.0425452916164405,0.120178953697642,0.0600894768488212,0.0542483574910522,0.842183904790561,0.103567737718386,0.108852077555519,0.298512293051605,0.149256146525803,0.0449645362538757,0.762301056350757,0.192734407395368,0.112959604769241,0.31304347826087,0.156521739130435,0.0363636363636364,0.763636363636364,0.2,0.107186854300571,0.295270039551438,0.147635019775719,0.0429124615026785,0.765974257852037,0.191113280645284,29,2,25,2,26,0,17,9
20,5,0.0869565217391304,0.869565217391304,0.0434782608695652,0.0347195524419129,0.0902137520719134,0.0451068760359567,0.132063397775087,0.830213020985941,0.0377235812389719,0.0669613141832661,0.170734586035578,0.0853672930177888,0.165137285847012,0.784197924373516,0.0506647897794719,0.0539886216766947,0.134542776028983,0.0672713880144913,0.151866441104916,0.802293829376813,0.0458397295182713,0.034733301480452,0.0902378999179655,0.0451189499589828,0.132075471698113,0.830188679245283,0.0377358490566038,0.0347333407941139,0.0902380346377768,0.0451190173188885,0.132075539058019,0.830188659311303,0.0377358016306786,24,2,22,0,29,5,22,2
21,1,0.0434782608695652,0.91304347826087,0.0434782608695652,0.0308158742189786,0.0869565190569344,0.0434782595284672,1.34109797620099e-09,0.93220232371881,0.0677976749400915,0.0308158072325495,0.0869564767944642,0.043478238397232,2.24723331880712e-08,0.932203246282238,0.0677967312454284,0.0367580553839611,0.0928344813424831,0.0464172406712416,1.14824254402438e-06,0.910103350216649,0.0898955015408068,0.0308158157027176,0.0869565217391304,0.0434782608695652,0,0.932203389830508,0.0677966101694915,0.0308156257900461,0.0869559513999816,0.0434779756999908,2.85169574420566e-07,0.932203045435308,0.0677966693951175,26,0,25,1,33,0,30,3
21,2,0.0434782608695652,0.91304347826087,0.0434782608695652,0.0319545656535641,0.0869565203521958,0.0434782601760979,6.93467344300653e-10,0.945453693964101,0.0545463053424314,0.0350037155436591,0.0869564762518754,0.0434782381259377,2.27436275300619e-08,0.914285713173063,0.0857142640833091,0.0311323594204429,0.0869524787049757,0.0434762393524878,2.02151707742248e-06,0.940798088895251,0.0591998895876718,0.031954755622779,0.0869565217391305,0.0434782608695652,0,0.945454545454545,0.0545454545454545,0.0320174044675944,0.0869551198034873,0.0434775599017436,7.00967821594635e-07,0.945734318383464,0.0542649806487147,34,0,31,3,21,0,21,0
21,3,0.0434782608695652,0.91304347826087,0.0434782608695652,0.0181961030752896,0.0463786881698849,0.0231893440849425,0.0222224299228809,0.911109965122611,0.0666676049545077,0.0181958645816417,0.0463775440448881,0.0231887720224441,0.0222223599213108,0.91111060718668,0.0666670328920093,0.0424110268044553,0.108938321952492,0.0544691609762459,0.0379893849876447,0.864063193166544,0.0979474218458111,0.018195744788181,0.0463768115942029,0.0231884057971014,0.0222222222222222,0.911111111111111,0.0666666666666667,0.0181949446229501,0.0463766371112261,0.023188318555613,0.0222243693661279,0.911109051208694,0.0666665794251782,17,0,16,1,28,1,25,2
21,4,0.0434782608695652,0.91304347826087,0.0434782608695652,0.0379283948451384,0.0978941029644798,0.04894705148224,5.14785163079256e-06,0.907569539796564,0.0924253123518052,0.108232812458496,0.297672982867331,0.148836491433666,6.4478829866851e-08,0.807685183217939,0.192314752303231,0.0316041881810868,0.0869556916512715,0.0434778458256357,4.15043929466286e-07,0.925810514100724,0.0741890708553465,0.0380102707326445,0.0982286634460547,0.0491143317230274,0,0.907407407407407,0.0925925925925926,0.035666107655238,0.0877694219388461,0.043884710969423,2.07246407095007e-06,0.912634955696941,0.0873629718389883,29,0,29,0,25,0,20,5
21,5,0.0434782608695652,0.91304347826087,0.0434782608695652,0.0186006610396376,0.0518681003442057,0.0259340501721028,0.0175442106974624,0.929824381677489,0.0526314076250487,0.0186008017658123,0.0518688060460289,0.0259344030230144,0.0175438578465508,0.92982378800274,0.0526323541507093,0.0245965797773506,0.0689034814316943,0.0344517407158472,0.0304112096170353,0.891658788797552,0.0779300015854124,0.0186009063393561,0.0518688024408849,0.0259344012204424,0.0175438596491228,0.929824561403509,0.0526315789473684,0.0186018247132584,0.0518708979330604,0.0259354489665302,0.017542811903035,0.929826460163047,0.0526307279339178,33,0,31,2,24,1,22,1
22,1,0.869565217391304,0.0434782608695652,0.0869565217391304,0.0469579779515754,0.13042682009276,0.0652134100463803,0.934778627437685,0.0217336874301376,0.0434876851321779,0.0108376135037751,0.0301010546856787,0.0150505273428394,0.884615744734144,0.0384613870627095,0.0769228682031469,0.0303763167542014,0.0794036577650439,0.0397018288825219,0.909267046273826,0.0378366573498295,0.0528962963763442,0.0469618891188976,0.130434782608696,0.0652173913043479,0.934782608695652,0.0217391304347826,0.0434782608695652,0.0469605380875902,0.130430648131739,0.0652153240658697,0.934780541457174,0.0217407109083486,0.0434787476344773,21,21,0,0,25,22,1,2
22,2,0.869565217391304,0.0434782608695652,0.0869565217391304,0.0682266512596404,0.189358756027436,0.0946793780137178,0.774885839377586,0.0747190229755863,0.150395137646827,0.0962786242980386,0.265459636514536,0.132729818257268,0.736835399134036,0.136138735292156,0.127025865573808,0.0761027468961523,0.208036924677021,0.104018462338511,0.765546755052794,0.0715592295181394,0.162894015429067,0.0691397052242542,0.195270785659802,0.0976353928299009,0.771929824561403,0.087719298245614,0.140350877192982,0.0684136131743098,0.190033024541283,0.0950165122706415,0.774548705120663,0.0751899826290036,0.150261312250334,28,23,0,5,29,21,5,3
22,3,0.869565217391304,0.0434782608695652,0.0869565217391304,0.0985518288906369,0.254161002168809,0.127080501084404,0.7424847163069,0.0574543696393469,0.200060914053753,0.0128679415601328,0.0321807993558978,0.0160903996779488,0.870248341528047,0.0588855364107711,0.0708661220611816,0.0849503932150271,0.211531105205795,0.105765552602898,0.763799664788407,0.0470144073667978,0.189185927844795,0.107910526017211,0.270531400966184,0.135265700483092,0.740740740740741,0.037037037037037,0.222222222222222,0.0949659339667619,0.245591615098816,0.122795807549408,0.746769409841896,0.057773243742423,0.195457346415681,28,25,2,1,26,15,0,11
22,4,0.869565217391304,0.0434782608695652,0.0869565217391304,0.0770082061196294,0.216424798778487,0.108212399389243,0.977777616780548,4.45961198407895e-09,0.0222223787598402,0.0627729199239626,0.177536294200473,0.0887681471002366,0.958333364491541,4.20712897968657e-07,0.0416662147955611,0.0647440396171609,0.183047552015242,0.0915237760076213,0.961088993398926,4.34530939032661e-06,0.0389066612916841,0.07700832623291,0.216425120772947,0.108212560386473,0.977777777777778,0,0.0222222222222222,0.077008314391708,0.216424930443409,0.108212465221704,0.977777682613009,6.45579855277538e-07,0.0222216718071361,23,22,0,1,22,22,0,0
22,5,0.869565217391304,0.0434782608695652,0.0869565217391304,0.0470844069387922,0.132245512089205,0.0661227560446025,0.895826013455702,0.0833402208497704,0.020833765694528,0.0470838452871131,0.132245511798862,0.066122755899431,0.895831847757084,0.0833343864032168,0.0208337658396994,0.0504968421987911,0.137407497295807,0.0687037486479033,0.852087666738798,0.112182009517469,0.0357303237437333,0.0470840268781414,0.132246376811594,0.0661231884057971,0.895833333333333,0.0833333333333333,0.0208333333333333,0.0470845961436219,0.132247502190542,0.0661237510952712,0.895831804363027,0.0833354249931136,0.0208327706438593,20,18,2,0,28,25,2,1
23,1,0.826086956521739,0.0869565217391304,0.0869565217391304,0.0500508186071134,0.139505135267215,0.0697525676336074,0.895839524155347,0.062499505950961,0.0416609698936924,0.050049404043689,0.139503292521508,0.0697516462607541,0.895838602782493,0.0624943987498473,0.0416669984676595,0.0287195916303198,0.0721126379650126,0.0360563189825063,0.860307052623303,0.0887927446200729,0.0509002027566241,0.0500461437289169,0.139492753623188,0.0697463768115942,0.895833333333333,0.0625,0.0416666666666667,0.0500425681456033,0.139483147286269,0.0697415736431346,0.895828530164874,0.0625007538443564,0.04167071599077,28,25,1,2,20,18,2,0
23,2,0.826086956521739,0.0869565217391304,0.0869565217391304,0.0469685652707831,0.130449720614089,0.0652248603070444,0.804353744347402,0.152181382046175,0.0434648736064234,0.0477068660817343,0.134239571709058,0.0671197858545289,0.7984531387832,0.154076307593659,0.0474705536231404,0.0650363197254819,0.182788307478818,0.0913941537394088,0.771450314682437,0.178350675478539,0.0501990098390234,0.0469618891188975,0.130434782608696,0.0652173913043478,0.804347826086957,0.152173913043478,0.0434782608695652,0.0469623712693798,0.130435052447931,0.0652175262239657,0.804350275905045,0.152174047963096,0.0434756761318586,25,21,4,0,21,16,3,2
23,3,0.826086956521739,0.0869565217391304,0.0869565217391304,0.0295533941767935,0.0809001179824639,0.040450058991232,0.837204340506149,0.116289196745953,0.0465064627478985,0.0295482935011967,0.080889721680362,0.040444860840181,0.837209255241514,0.116279083859537,0.0465116608989494,0.0387304482362721,0.102176765452821,0.0510883827264103,0.783438546565634,0.138044904465541,0.0785165489688249,0.0295483098002072,0.0808897876643074,0.0404448938321537,0.837209302325581,0.116279069767442,0.0465116279069767,0.0295482844943337,0.0808896961784111,0.0404448480892055,0.837209250231125,0.11627907611895,0.0465116736499249,27,22,4,1,16,14,1,1
23,4,0.826086956521739,0.0869565217391304,0.0869565217391304,0.0726527440816794,0.204483049757653,0.102241524878827,0.783777253992246,0.0270246993897966,0.189198046617957,0.0726568308625694,0.2044966915713,0.10224834578565,0.783765024511874,0.0270301079633455,0.18920486752478,0.0905362211587327,0.251232689504776,0.125616344752388,0.741816923535585,0.0456102099728965,0.212572866491518,0.0726466816266685,0.204465334900118,0.102232667450059,0.783783783783784,0.027027027027027,0.189189189189189,0.0726467651224354,0.204465654752688,0.102232827376344,0.78378334483466,0.0270273060498654,0.189189349115474,15,13,0,2,22,16,1,5
23,5,0.826086956521739,0.0869565217391304,0.0869565217391304,0.0686076731603639,0.173905003670982,0.0869525018354911,0.832280959074738,4.01990363932469e-06,0.167715021021623,0.213589079438171,0.58799278168028,0.29399639084014,0.6190468264843,2.60936429557516e-07,0.380952912579271,0.0623926042575786,0.173909408288398,0.0869547041441989,0.856586821569751,1.81759493155657e-06,0.143411360835317,0.0810576226627704,0.216330858960763,0.108165429480382,0.804878048780488,0,0.195121951219512,0.0676180167839864,0.173908770539588,0.0869543852697938,0.83510409325907,2.13646933660339e-06,0.164893770271594,20,12,0,8,21,21,0,0
24,1,0.782608695652174,0.130434782608696,0.0869565217391304,0.0603920231648987,0.151776985765767,0.0758884928828835,0.854486659527724,0.0545462897258121,0.0909670507464639,0.0563655870192268,0.144175361356336,0.0720876806781681,0.848116816414593,0.0583471019305275,0.09353608165488,0.0517825424242136,0.145791225592605,0.0728956127963026,0.825124432188508,0.057539169812393,0.117336397999099,0.0604144303871284,0.151778656126482,0.0758893280632411,0.854545454545454,0.0545454545454545,0.0909090909090909,0.0604145334755809,0.151778952736038,0.0758894763680191,0.85454555520348,0.0545453062406766,0.0909091385558433,21,19,0,2,34,28,3,3
24,2,0.782608695652174,0.130434782608696,0.0869565217391304,0.103839818140813,0.291924660006635,0.145962330003317,0.928571025655491,0.0714289677735844,6.57092426392121e-09,0.103839956697326,0.291925113679925,0.145962556839962,0.928571252492136,0.0714286217520642,1.25755799388698e-07,0.0873901904890339,0.239073093345437,0.119536546672719,0.902145242324893,0.0978479109605341,6.84671457324186e-06,0.103840083834165,0.291925465838509,0.145962732919255,0.928571428571429,0.0714285714285714,0,0.103839891855815,0.291924957767694,0.145962478883847,0.928571174536021,0.0714285486946055,2.76769373688824e-07,21,19,2,0,35,33,2,0
24,3,0.782608695652174,0.130434782608696,0.0869565217391304,0.0733182386641112,0.184778178468099,0.0923890892340494,0.874997784886223,0.125002209534869,5.57890748196071e-09,0.0656186649273083,0.173909769552057,0.0869548847760286,0.854154800111157,0.145843562925741,1.63696310183547e-06,0.0656265669742093,0.173908630472252,0.0869543152361258,0.85418353530262,0.145814258194375,2.20650300466166e-06,0.0733192258871306,0.184782608695652,0.0923913043478261,0.875,0.125,0,0.0733193142298335,0.184783881120304,0.092391940560152,0.875000636212326,0.124998838682225,5.25105449026229e-07,28,26,2,0,20,16,4,0
24,4,0.782608695652174,0.130434782608696,0.0869565217391304,0.0756498411073264,0.212557445933724,0.106278722966862,0.888887418619036,0.0666665701645385,0.0444460112164255,0.0756493683707542,0.212556367954147,0.106278183977074,0.888886879629248,0.0666678446369622,0.0444452757337902,0.0487031532159405,0.137715888754337,0.0688579443771683,0.851466640029342,0.0973962498744421,0.0511371100962157,0.0756507959886276,0.21256038647343,0.106280193236715,0.888888888888889,0.0666666666666667,0.0444444444444444,0.0756505719782301,0.212559848016883,0.106279924008442,0.888888619660616,0.0666671738508438,0.0444442064885406,25,23,2,0,20,17,1,2
24,5,0.782608695652174,0.130434782608696,0.0869565217391304,0.092704941423362,0.260869522897073,0.130434761448537,0.836363572249465,2.11601589871234e-08,0.163636406590376,0.0942702650594557,0.260867396374599,0.130433698187299,0.823938056504939,1.08442139621368e-06,0.176060859073665,0.095034657935915,0.260858791356499,0.13042939567825,0.819742993373966,5.38693044605125e-06,0.180251619695588,0.0927049518966044,0.260869565217391,0.130434782608696,0.836363636363636,0,0.163636363636364,0.0927049589095654,0.260869398400932,0.130434699200466,0.83636279776318,8.34082295388515e-08,0.16363711882859,26,20,0,6,29,26,0,3
25,1,0.739130434782609,0.173913043478261,0.0869565217391304,0.0354852320068674,0.0982014388968283,0.0491007194484141,0.690029715334195,0.207443494967472,0.102526789698333,0.103382653921541,0.275887233601853,0.137943616800926,0.601186817981682,0.284844697394421,0.113968484623897,0.0492141742431898,0.138852162215918,0.0694260811079588,0.66970435367465,0.204375570398346,0.125920075927004,0.0316639007254682,0.082912032355915,0.0414560161779575,0.697674418604651,0.209302325581395,0.0930232558139535,0.0314501306713705,0.0874307379329307,0.0437153689664653,0.695415065816143,0.202869387409852,0.101715546774005,19,10,7,2,24,20,2,2
25,2,0.739130434782609,0.173913043478261,0.0869565217391304,0.0556414587678612,0.137119958522462,0.0685599792612308,0.807690414043839,0.173078604127139,0.0192309818290219,0.0556431862326961,0.137129904185612,0.0685649520928058,0.807695386875414,0.173072782812619,0.0192318303119668,0.0390531327379953,0.107507997026719,0.0537539985133595,0.776989305366459,0.189808171407771,0.0332025232257709,0.055642331208757,0.137123745819398,0.0685618729096991,0.807692307692308,0.173076923076923,0.0192307692307692,0.0556422112315945,0.137123491561686,0.0685617457808432,0.807692180563452,0.173076882691913,0.0192309367446355,27,21,6,0,25,21,3,1
25,3,0.739130434782609,0.173913043478261,0.0869565217391304,0.0836736718869993,0.236022912435866,0.118011456217933,0.857141891000542,0.122450338740066,0.0204077702593925,0.083674332470576,0.236024959480931,0.118012479740465,0.857142914523074,0.122448808694504,0.0204082767824224,0.0583288429016764,0.162979951752336,0.0814899758761679,0.820620410658777,0.144254928189795,0.035124661151428,0.0836743005520019,0.236024844720497,0.118012422360248,0.857142857142857,0.122448979591837,0.0204081632653061,0.083672672026613,0.236020096538294,0.118010048269147,0.857140483051755,0.122450926392362,0.0204085905558825,24,20,4,0,25,22,2,1
25,4,0.739130434782609,0.173913043478261,0.0869565217391304,0.0881321355959909,0.241618028058881,0.120809014029441,0.859939448812049,0.140056541736838,4.00945111318712e-06,0.103920704519154,0.292170939607922,0.146085469803961,0.679999776496032,0.319998513282222,1.71022174540642e-06,0.115062720535614,0.325184684701542,0.162592342350771,0.90172277713338,0.0982686102880118,8.61257860858643e-06,0.0850332279554916,0.230830039525692,0.115415019762846,0.854545454545454,0.145454545454545,0,0.0960751072649765,0.267789469455591,0.133894734727796,0.873025169510404,0.126960409498307,1.44209912883648e-05,24,16,8,0,31,31,0,0
25,5,0.739130434782609,0.173913043478261,0.0869565217391304,0.0506476405645526,0.125318216199808,0.062659108099904,0.676471326682705,0.235295091122382,0.0882335821949135,0.0506475513017953,0.12532007985146,0.06266003992573,0.676470394856879,0.235293874190279,0.0882357309528423,0.0633699104748489,0.170697838988803,0.0853489194944014,0.653781515288207,0.240257944417784,0.105960540294009,0.0506475662272945,0.125319693094629,0.0626598465473145,0.676470588235294,0.235294117647059,0.0882352941176471,0.0506479272878022,0.125320818143036,0.0626604090715182,0.67647002571109,0.235294432001814,0.0882355422870954,35,25,6,4,33,21,10,2
26,1,0.695652173913043,0.217391304347826,0.0869565217391304,0.0978607481854036,0.274906425858474,0.137453212929237,0.778344801453215,0.0799380914185888,0.141717107128196,0.0908255252949031,0.24301487617909,0.121507438089545,0.792473481376356,0.0958838662582813,0.111642652365363,0.0877786025260796,0.248257773752334,0.124128886876167,0.758996919780246,0.0932624174716591,0.147740662748095,0.0981847459885609,0.276052449965493,0.138026224982747,0.777777777777778,0.0793650793650794,0.142857142857143,0.0977952563114079,0.274675533474286,0.137337766737143,0.77844980833263,0.0800535376106833,0.141496654056686,32,26,4,2,31,23,1,7
26,2,0.695652173913043,0.217391304347826,0.0869565217391304,0.0992571684369982,0.275419078403272,0.137709539201636,0.833361713114679,0.124977240639358,0.0416610462459625,0.0681845152982583,0.189280227051717,0.0946401135258585,0.790292287438902,0.154067220793271,0.0556404917678269,0.0756648172517407,0.210989437330465,0.105494718665232,0.801146892578276,0.149123149129799,0.0497299582919247,0.0992361253961021,0.27536231884058,0.13768115942029,0.833333333333333,0.125,0.0416666666666667,0.0992356059001249,0.275360981337054,0.137680490668527,0.83333266458157,0.125000685672517,0.0416666497459122,25,19,4,2,23,21,2,0
26,3,0.695652173913043,0.217391304347826,0.0869565217391304,0.103360931597743,0.262620209324301,0.13131010466215,0.826962278575194,0.0961173201559063,0.0769204012688998,0.103327755058517,0.262535186678801,0.131267593339401,0.826919767252444,0.0961557842128344,0.0769244485347216,0.0802656282913184,0.202010804124715,0.101005402062358,0.791013410287747,0.116385902285468,0.0926006874267848,0.10332995896848,0.262541806020067,0.131270903010033,0.826923076923077,0.0961538461538462,0.0769230769230769,0.103299778239097,0.262465372378363,0.131232686189182,0.826884860102225,0.0961894160724183,0.0769257238253566,20,16,1,3,32,27,4,1
26,4,0.695652173913043,0.217391304347826,0.0869565217391304,0.128908305220031,0.364480860277826,0.182240430138913,0.877892604051957,0.122106242445758,1.15350228548617e-06,0.0813716217401825,0.21751132928785,0.108755664643925,0.804407838556969,0.195589004144842,3.1572981895833e-06,0.1281149003773,0.362267651029909,0.181133825514955,0.876785999427998,0.123212676102278,1.32446972338052e-06,0.129926863234524,0.367316341829085,0.183658170914543,0.879310344827586,0.120689655172414,0,0.130213216093777,0.368112192034931,0.184056096017465,0.879708269930509,0.120290031789164,1.69828032702852e-06,28,22,6,0,30,29,1,0
26,5,0.695652173913043,0.217391304347826,0.0869565217391304,0.12270526820651,0.302650932145936,0.151325466072968,0.846977639986011,0.0681736479085097,0.084848712105479,0.102667144194051,0.28941528892105,0.144707644460525,0.757730444019077,0.0726836598873012,0.169585896093622,0.116264109753593,0.287500673084557,0.143750336542278,0.836649664072119,0.0736409678055479,0.0897093681223331,0.128712992013247,0.338008415147265,0.169004207573633,0.838709677419355,0.0483870967741935,0.112903225806452,0.118546086182996,0.294120257889594,0.147060128944797,0.838894150423589,0.070331175403029,0.0907746741733826,27,26,1,0,35,26,2,7
27,1,0.652173913043478,0.260869565217391,0.0869565217391304,0.0731113834238295,0.205527832149973,0.102763916074987,0.590912949797001,0.363633481292378,0.0454535689106206,0.0929336722061791,0.253852410463894,0.126926205231947,0.559176001072244,0.387795770449338,0.0530282284784178,0.0791016748349817,0.217327584900761,0.10866379245038,0.574825770376389,0.369533357667772,0.0556408719558398,0.0731136269194967,0.205533596837945,0.102766798418972,0.590909090909091,0.363636363636364,0.0454545454545455,0.0731141721700271,0.205535027129184,0.102767513564592,0.590908259936282,0.363637078781983,0.045454661281734,27,14,11,2,17,12,5,0
27,2,0.652173913043478,0.260869565217391,0.0869565217391304,0.102604345882518,0.289477475694034,0.144738737847017,0.733459616180573,0.116130827370374,0.150409556449053,0.076357741230596,0.21589406654579,0.107947033272895,0.600717433244931,0.204379011743043,0.194903555012026,0.109574872721939,0.307395064215733,0.153697532107867,0.746133510930121,0.107172033109525,0.146694455960354,0.10782273261828,0.295932678821879,0.14796633941094,0.758064516129032,0.112903225806452,0.129032258064516,0.111792996049139,0.311917236459652,0.155958618229826,0.752607464482432,0.104910946987565,0.142481588530003,37,33,1,3,25,14,6,5
27,3,0.652173913043478,0.260869565217391,0.0869565217391304,0.028504950316763,0.0796771005939881,0.0398385502969941,0.666757860505967,0.286124168051897,0.0471179714421363,0.131162168868198,0.345388747708639,0.17269437385432,0.507194297012513,0.433563939071711,0.0592417639157764,0.0306159719246735,0.0792485434538472,0.0396242717269236,0.65687167088726,0.295796079100533,0.0473322500122068,0.0372933598495648,0.0984413453650533,0.0492206726825267,0.660377358490566,0.30188679245283,0.0377358490566038,0.0302682669684041,0.0771053848528639,0.038552692426432,0.655340653181108,0.296255517506194,0.0484038293126984,24,21,3,0,29,14,13,2
27,4,0.652173913043478,0.260869565217391,0.0869565217391304,0.0306843542208214,0.0867291262263248,0.0433645631131624,0.675245579509533,0.217505002104229,0.107249418386238,0.154123407450665,0.432302162132979,0.21615108106649,0.436022831976989,0.344653755404339,0.219323412618672,0.0411049528491117,0.115686932504855,0.0578434662524278,0.686098223707296,0.203026098964964,0.110875677327741,0.0406049833331077,0.106644790812141,0.0533223954060705,0.660377358490566,0.207547169811321,0.132075471698113,0.0241546399712443,0.0635715271906705,0.0317857635953353,0.657230795915955,0.229083801622056,0.113685402461989,24,23,1,0,29,12,10,7
27,5,0.652173913043478,0.260869565217391,0.0869565217391304,0.0414275194394635,0.11241780643371,0.056208903216855,0.60975937933433,0.317078468434246,0.0731621522314236,0.0551443594853383,0.148367409356761,0.0741837046783804,0.577990208365098,0.31879250117495,0.103217290459952,0.0534417766852586,0.144662745321705,0.0723313726608525,0.597030222611903,0.333200937878244,0.0697688395098535,0.0414252915898719,0.112407211028632,0.056203605514316,0.609756097560976,0.317073170731707,0.0731707317073171,0.0414255483714502,0.112409808137856,0.0562049040689279,0.609758157555059,0.317074469286319,0.0731673731586217,20,11,6,3,21,14,7,0
28,1,0.608695652173913,0.304347826086957,0.0869565217391304,0.0993364904796814,0.263172216689363,0.131586108344681,0.477109543829232,0.412748738445975,0.110141717724793,0.208470360027852,0.578150454362698,0.289075227181349,0.319620424992564,0.398720997213354,0.281658577794082,0.0911174063927245,0.239914155236957,0.119957077618479,0.488738574555434,0.405085379463909,0.106176045980656,0.0922313192852019,0.260869565217391,0.130434782608696,0.478260869565217,0.369565217391304,0.152173913043478,0.0938277702425788,0.244079215947831,0.122039607973915,0.486656044199998,0.410481112174291,0.102862843625712,25,16,9,0,21,6,8,7
28,2,0.608695652173913,0.304347826086957,0.0869565217391304,0.0534850305586356,0.14132167425471,0.0706608371273547,0.549993085374925,0.375008663214311,0.0749982514107641,0.0534814888676007,0.141311057529822,0.0706555287649108,0.54999586031295,0.375003354851867,0.0750007848351822,0.0637866177045938,0.171724566199835,0.0858622830999174,0.522833369073996,0.371234137286497,0.105932493639507,0.053478555436917,0.141304347826087,0.0706521739130435,0.55,0.375,0.075,0.0534774791201525,0.141301244487066,0.0706506222435332,0.550000952056696,0.37499844833049,0.0750005996128148,22,11,9,2,18,11,6,1
28,3,0.608695652173913,0.304347826086957,0.0869565217391304,0.186580918132208,0.518454284107327,0.259227142053663,0.867922794227576,0.132077190772908,1.49995158104937e-08,0.186582248155525,0.518457739544757,0.259228869772379,0.867924521946292,0.132075475199677,2.85403115563258e-09,0.169803090427805,0.474656246648808,0.237328123324404,0.846023775498317,0.153963807177974,1.24173237096777e-05,0.18658225261996,0.518457752255947,0.259228876127974,0.867924528301887,0.132075471698113,0,0.186581826764876,0.518456327302781,0.25922816365139,0.867923815825304,0.132075374674238,8.09500458225978e-07,30,25,5,0,23,21,2,0
28,4,0.608695652173913,0.304347826086957,0.0869565217391304,0.12631810316234,0.322156884466625,0.161078442233313,0.756128044583045,0.143269383853644,0.100602571563311,0.0924304065975589,0.259437237825099,0.129718618912549,0.687514905263695,0.174629207174407,0.137855887561898,0.109108717661089,0.271038052836161,0.135519026418081,0.740353627911346,0.168828799668876,0.0908175724197782,0.126150184764754,0.322981366459627,0.161490683229814,0.755102040816326,0.142857142857143,0.102040816326531,0.123765945876133,0.312828076396263,0.156414038198131,0.754932080566577,0.147933787888825,0.0971341315445975,19,17,2,0,30,20,5,5
28,5,0.608695652173913,0.304347826086957,0.0869565217391304,0.0815003286604706,0.230209104734436,0.115104552367218,0.556306889900797,0.419452378454174,0.024240731645028,0.174864207132229,0.475687044261561,0.237843522130781,0.431130215922758,0.542191348217737,0.0266784358595049,0.08160170165727,0.230798996468239,0.11539949823412,0.550307843809243,0.419747324321076,0.0299448318696804,0.0848343603605553,0.238761974944731,0.119380987472365,0.559322033898305,0.423728813559322,0.0169491525423729,0.082340488706709,0.23266543482688,0.11633271741344,0.554996760880963,0.420680543500396,0.0243226956186408,29,21,8,0,30,12,17,1
29,1,0.565217391304348,0.347826086956522,0.0869565217391304,0.0979244089907833,0.276965829394257,0.138482914697129,0.703700306001476,0.27778053568798,0.0185191583105433,0.115678656227887,0.325133121101103,0.162566560550552,0.727783951854899,0.250686820332005,0.0215292278130957,0.0838815873493505,0.237032113065501,0.118516056532751,0.683733447837099,0.284136433444884,0.0321301187180174,0.0979268172762997,0.276972624798712,0.138486312399356,0.703703703703704,0.277777777777778,0.0185185185185185,0.0979273211062078,0.276974029446709,0.138487014723354,0.703704406027702,0.277776109931691,0.0185194840406069,24,15,9,0,30,23,6,1
29,2,0.565217391304348,0.347826086956522,0.0869565217391304,0.0963148632421752,0.256333870568321,0.128166935284161,0.693384326588508,0.243808212508559,0.0628074609029325,0.0744927681443272,0.20364419366699,0.101822096833495,0.639536861411365,0.246003990123027,0.114459148465608,0.0847437717164733,0.230126815554233,0.115063407777117,0.680280799081464,0.261267336884475,0.0584518640340606,0.0988274036013468,0.260869565217391,0.130434782608696,0.695652173913043,0.239130434782609,0.0652173913043478,0.0982617685369249,0.262346307928996,0.131173153964498,0.696390545268846,0.242512120263132,0.0610973344680218,18,11,4,3,28,21,7,0
29,3,0.565217391304348,0.347826086956522,0.0869565217391304,0.149042548261361,0.419518950965619,0.209759475482809,0.774976866787157,0.225023078803645,5.44091978365975e-08,0.149069580987871,0.419591442938726,0.209795721469363,0.775013112773711,0.224985918574519,9.68651769859152e-07,0.135127305927546,0.381695094495054,0.190847547247527,0.756064938551875,0.243917415392477,1.76460556477907e-05,0.149059750012282,0.419565217391304,0.209782608695652,0.775,0.225,0,0.149058983955684,0.419563081829026,0.209781540914513,0.774998932218861,0.225000716824321,3.50956817955701e-07,26,22,4,0,14,9,5,0
29,4,0.565217391304348,0.347826086956522,0.0869565217391304,0.114680055666079,0.324074446324716,0.162037223162358,0.727254614466706,0.27274266566181,2.71987148393661e-06,0.069604752963376,0.173905127433674,0.0869525637168368,0.648652041497084,0.351344000480623,3.9580222936172e-06,0.10126885590907,0.284055792139948,0.142027896069974,0.707245287374322,0.292753572958358,1.13966732052167e-06,0.10379468109058,0.291787439613527,0.145893719806763,0.711111111111111,0.288888888888889,0,0.104703416377488,0.294549967691297,0.147274983845649,0.712492375149997,0.287483987153687,2.36376963160081e-05,29,18,11,0,16,14,2,0
29,5,0.565217391304348,0.347826086956522,0.0869565217391304,0.154943018401367,0.435323111952283,0.217661555976142,0.782878947280489,0.217118524137873,2.52858163723563e-06,0.104650686394596,0.294384858367021,0.14719242918351,0.712409820487858,0.287588047299349,2.13221279248715e-06,0.145262048223386,0.40932425075198,0.20466212537599,0.769879516680338,0.230111435333669,9.04798599324509e-06,0.15562118822183,0.437132784958872,0.218566392479436,0.783783783783784,0.216216216216216,0,0.155650926461481,0.437211133694051,0.218605566847025,0.783822958151373,0.216173337759121,3.70408950599993e-06,19,17,2,0,18,12,6,0
30,1,0.521739130434783,0.391304347826087,0.0869565217391304,0.103629331649109,0.259105986040187,0.129552993020093,0.645850052590597,0.261751354805994,0.0923985926034094,0.13121058123714,0.354930045137261,0.177465022568631,0.563525403675793,0.213839325257456,0.22263527106675,0.105667589665218,0.268152088550479,0.13407604427524,0.64592756833741,0.257228303550847,0.0968441281117427,0.114831639359654,0.315942028985507,0.157971014492754,0.633333333333333,0.233333333333333,0.133333333333333,0.103178993049707,0.260108805292158,0.130054402646079,0.644065949334258,0.261249945180008,0.0946841054857338,31,17,6,8,29,21,8,0
30,2,0.521739130434783,0.391304347826087,0.0869565217391304,0.0329391314457589,0.0814091866310088,0.0407045933155044,0.562443723750287,0.390569177177667,0.046987099072046,0.0481195590077224,0.136101460140649,0.0680507300703244,0.589789860505107,0.35703090756361,0.0531792319312828,0.019200912605991,0.0532639612191081,0.0266319806095541,0.548371111044337,0.382578104133446,0.0690507848222178,0.0330072637768611,0.0815217391304348,0.0407608695652174,0.5625,0.390625,0.046875,0.0329600016662083,0.0814772419294627,0.0407386209647314,0.562477751399514,0.390551768370415,0.0469704802300712,31,14,16,1,33,22,9,2
30,3,0.521739130434783,0.391304347826087,0.0869565217391304,0.138208034172971,0.37294640571367,0.186473202856835,0.37777778625521,0.577777550682922,0.0444446630618678,0.13820867602123,0.372948018327694,0.186474009163847,0.377776982964118,0.577778356989934,0.044444660045948,0.125717544953014,0.319205231209978,0.159602615604989,0.374095317647918,0.550906963431076,0.0749977189210057,0.138208161665284,0.372946859903382,0.186473429951691,0.377777777777778,0.577777777777778,0.0444444444444444,0.138208148822166,0.372946801891685,0.186473400945842,0.377777764797432,0.577777748771929,0.0444444864306385,21,9,11,1,24,8,15,1
30,4,0.521739130434783,0.391304347826087,0.0869565217391304,0.0873044473618282,0.226093815151518,0.113046907575759,0.422222685248307,0.377773885436803,0.200003429314889,0.0873038570245567,0.226089077949808,0.113044538974904,0.422220996808905,0.37777794247706,0.200001060714034,0.0987013674072051,0.257953526673351,0.128976763336676,0.411026450161982,0.373040264762211,0.215933285075806,0.0873029420939422,0.226086956521739,0.11304347826087,0.422222222222222,0.377777777777778,0.2,0.0873036030401359,0.226087901998795,0.113043950999397,0.422220904953035,0.377778622308437,0.200000472738528,18,9,6,3,27,10,11,6
30,5,0.521739130434783,0.391304347826087,0.0869565217391304,0.102237959540825,0.277550937719055,0.138775468859527,0.382963661575255,0.425550547162448,0.191485791262296,0.102227724445746,0.27751160440647,0.138755802203235,0.382983328231548,0.425527135725842,0.19148953604261,0.113591591164608,0.301825533200432,0.150912766600216,0.370826363834566,0.41907869013839,0.210094946027043,0.102230281778231,0.277520814061055,0.138760407030527,0.382978723404255,0.425531914893617,0.191489361702128,0.102233634874844,0.277530581352791,0.138765290676396,0.382973839758387,0.42553418776833,0.191491972473283,26,13,9,4,21,5,11,5
31,1,0.478260869565217,0.434782608695652,0.0869565217391304,0.0905952582307887,0.237461782207069,0.118730891103534,0.359529978461683,0.452452936497551,0.188017085040766,0.198025886353651,0.55722640321763,0.278613201608815,0.199647667956402,0.549545566408865,0.250806765634733,0.0889894423029596,0.234155770511738,0.117077885255869,0.361182984309348,0.453343334128497,0.185473681562155,0.0735817623722981,0.187290969899666,0.0936454849498328,0.384615384615385,0.442307692307692,0.173076923076923,0.0905958942964146,0.237464778969974,0.118732389484987,0.359528480080231,0.452454812738768,0.188016707181001,26,16,8,2,26,4,15,7
31,2,0.478260869565217,0.434782608695652,0.0869565217391304,0.0474298469606469,0.133120313212414,0.0665601566062072,0.41170071295901,0.460872781680641,0.127426505360349,0.173353758211534,0.489055158421617,0.244527579210809,0.585293589507899,0.190255029484843,0.224451381007258,0.0832520952839136,0.218476174590394,0.109238087295197,0.36902278227002,0.527436468851391,0.103540748878589,0.101260651959693,0.270807453416149,0.135403726708075,0.342857142857143,0.542857142857143,0.114285714285714,0.0651075851400175,0.181337475987899,0.0906687379939496,0.387592131571268,0.494005153493838,0.118402714934894,20,3,17,0,15,9,2,4
31,3,0.478260869565217,0.434782608695652,0.0869565217391304,0.159343883255095,0.434814972911964,0.217407486455982,0.695668356021199,0.274734943520763,0.029596700458038,0.0603643118817979,0.166949039184735,0.0834745195923673,0.561735389157585,0.408530136839963,0.0297344740024525,0.150772078027154,0.410714050473799,0.205357025236899,0.683617894802117,0.282408035787397,0.0339740694104866,0.154717673493182,0.42809364548495,0.214046822742475,0.692307692307692,0.288461538461538,0.0192307692307692,0.15399607744171,0.421018874341582,0.210509437170791,0.688770306736009,0.281190322446202,0.0300393708177897,28,15,12,1,24,21,3,0
31,4,0.478260869565217,0.434782608695652,0.0869565217391304,0.242540215187618,0.61642714961081,0.308213574805405,0.193800991657767,0.742996183501057,0.0632028248411753,0.245618893023016,0.621881894839464,0.310940947419732,0.167319922145485,0.72434169612073,0.108338381733785,0.232584497993452,0.595142414150824,0.297571207075412,0.208100410311591,0.732353815771064,0.0595457739173451,0.243323147366659,0.613193403298351,0.306596701649175,0.189655172413793,0.741379310344828,0.0689655172413793,0.24254628271259,0.616815498069321,0.30840774903466,0.194031827722197,0.743190357730313,0.06277781454749,30,7,23,0,28,4,20,4
31,5,0.478260869565217,0.434782608695652,0.0869565217391304,0.0547814282819297,0.152642856819063,0.0763214284095313,0.428576831141334,0.408145218710004,0.163277950148662,0.054774859902215,0.152620376986498,0.0763101884932492,0.428573461368023,0.408159828399597,0.16326671023238,0.0662953587981806,0.184458998524165,0.0922294992620825,0.417554975473634,0.403259003525153,0.179186021001213,0.0547742657423013,0.152617568766637,0.0763087843833185,0.428571428571429,0.408163265306122,0.163265306122449,0.0547738297818766,0.15261804382643,0.0763090219132148,0.42857559434741,0.408158862000245,0.163265543652345,23,8,10,5,26,13,10,3
32,1,0.434782608695652,0.478260869565217,0.0869565217391304,0.0962543233701256,0.26795710930605,0.133978554653025,0.346945014387286,0.612239424218243,0.040815561394471,0.0720455474137098,0.201133319147479,0.10056665957374,0.370335889842379,0.578827529138957,0.050836581018664,0.0851268239248766,0.235902444512667,0.117951222256334,0.354938454171188,0.596212091821551,0.0488494540072611,0.0962586385859613,0.267968056787933,0.133984028393966,0.346938775510204,0.612244897959184,0.0408163265306122,0.0962581140267893,0.2679665711058,0.1339832855529,0.346939199367443,0.612244155118118,0.0408166455144394,23,7,16,0,26,10,14,2
32,2,0.434782608695652,0.478260869565217,0.0869565217391304,0.121043056540554,0.327350575526656,0.163675287763328,0.271107320932324,0.516682704843179,0.212209974224497,0.0843346818769306,0.215138309523489,0.107569154761745,0.443955914420053,0.370691714803473,0.185352370776475,0.0956032677053336,0.241136528609946,0.120568264304973,0.321513125494304,0.470962088461593,0.207524786044103,0.0701656550504766,0.179028132992327,0.0895140664961637,0.352941176470588,0.470588235294118,0.176470588235294,0.0959768226076032,0.242175695813412,0.121087847906706,0.321129123138301,0.470826507215862,0.208044369645836,35,17,12,6,16,1,12,3
32,3,0.434782608695652,0.478260869565217,0.0869565217391304,0.0307907050323825,0.0759503944091469,0.0379751972045735,0.472757805900226,0.440820234016615,0.0864219600831595,0.140520428393595,0.392857174345405,0.196428587172703,0.506903918553017,0.281832282392515,0.211263799054469,0.021161827922657,0.058139421986121,0.0290697109930605,0.463852319688713,0.457565789346555,0.0785818909647324,0.0187514591564239,0.0474308300395257,0.0237154150197629,0.436363636363636,0.454545454545455,0.109090909090909,0.0226435559147975,0.0619658065251145,0.0309829032625572,0.465765511958209,0.455759374013455,0.0784751140283351,31,12,19,0,24,12,6,6
32,4,0.434782608695652,0.478260869565217,0.0869565217391304,0.0717694570599244,0.194587160720861,0.0972935803604306,0.361100805723333,0.575554449925648,0.0633447443510195,0.206416601308319,0.514417106759495,0.257208553379748,0.186618556183224,0.735469422944965,0.0779120208718112,0.0739219368898882,0.202543970555586,0.101271985277793,0.361681801818713,0.57953285484301,0.058785343338277,0.0661446671056189,0.186335403726708,0.093167701863354,0.380952380952381,0.571428571428571,0.0476190476190476,0.0717688146272545,0.194585623335081,0.0972928116675403,0.361101712096735,0.575553681232758,0.063344606670507,21,3,16,2,21,13,8,0
32,5,0.434782608695652,0.478260869565217,0.0869565217391304,0.0501309866771791,0.138018629821543,0.0690093149107714,0.455217455224776,0.526835337946865,0.0179472068283591,0.0906335832197375,0.256153941611945,0.128076970805972,0.366398231813555,0.60633784037119,0.0272639278152552,0.0413529061841725,0.112625838896092,0.0563129194480459,0.449273944847461,0.520082452861454,0.0306436022910846,0.0502777158620792,0.138825324180015,0.0694126620900076,0.456140350877193,0.526315789473684,0.0175438596491228,0.0502698503221056,0.138800711693021,0.0694003558465106,0.456130643218179,0.526313190889202,0.0175561658926198,32,18,14,0,25,8,16,1
33,1,0.391304347826087,0.521739130434783,0.0869565217391304,0.0625710429962243,0.173913009181738,0.086956504590869,0.448982172807228,0.551017810044511,1.71482614370517e-08,0.0625706358102141,0.173910497556585,0.0869552487782927,0.448984620946037,0.551014106093125,1.2729608377068e-06,0.0632279135417508,0.173908804258539,0.0869544021292697,0.452832934959958,0.547164945430181,2.11960986069973e-06,0.0625706631739086,0.173913043478261,0.0869565217391304,0.448979591836735,0.551020408163265,0,0.0625695568358986,0.173910082613373,0.0869550413066864,0.448978338374283,0.551020181193273,1.48043244400293e-06,25,12,13,0,24,10,14,0
33,2,0.391304347826087,0.521739130434783,0.0869565217391304,0.0218485844801014,0.0612624141197039,0.0306312070598519,0.379501269202628,0.552370337494634,0.0681283933027379,0.0624840707789228,0.172979593624679,0.0864897968123395,0.304814551013747,0.580669210930374,0.114516238055878,0.0193707587495525,0.0525244992646899,0.0262622496323449,0.384923047080685,0.548001380067128,0.0670755728521878,0.0184214600621659,0.0517598343685301,0.0258799171842651,0.380952380952381,0.547619047619048,0.0714285714285714,0.0211652089181873,0.0586403047791346,0.0293201523895673,0.381859211776232,0.55105928282435,0.0670815053994186,19,5,11,3,23,11,12,0
33,3,0.391304347826087,0.521739130434783,0.0869565217391304,0.0822474731125554,0.229435313898647,0.114717656949324,0.276586690876763,0.595737208836763,0.127676100286474,0.0822383322496629,0.229403959475122,0.114701979737561,0.276602368088526,0.595742652243844,0.12765497966763,0.0770301443635535,0.216523050703445,0.108261525351723,0.283042822474364,0.565379597242863,0.151577580282772,0.0822427780606582,0.229417206290472,0.114708603145236,0.276595744680851,0.595744680851064,0.127659574468085,0.0822437442301227,0.229419635498623,0.114709817749311,0.276594530076776,0.595746170747323,0.127659299175902,25,6,16,3,22,7,12,3
33,4,0.391304347826087,0.521739130434783,0.0869565217391304,0.0902011012701723,0.254785634153007,0.127392817076504,0.333322886663987,0.649131947511286,0.0175451658247265,0.0563998896887829,0.144858908367134,0.0724294541835669,0.384018878594872,0.59416858461835,0.0218125367867787,0.0803493721269449,0.227259410283816,0.113629705141908,0.333989511441719,0.635368835576691,0.0306416529815902,0.0901948949765306,0.254767353165523,0.127383676582761,0.333333333333333,0.649122807017544,0.0175438596491228,0.0901927536860802,0.254761736133236,0.127380868066618,0.333330999078393,0.649119998501401,0.0175490024202065,37,15,21,1,20,4,16,0
33,5,0.391304347826087,0.521739130434783,0.0869565217391304,0.118252326457754,0.305308418568472,0.152654209284236,0.255833871958951,0.674393339719019,0.0697727883220306,0.118271535274703,0.305359636014753,0.152679818007376,0.255813031702375,0.674418948442159,0.0697680198554663,0.101323760285368,0.259877618920668,0.129938809460334,0.261365538365753,0.639021879013085,0.0996125826211614,0.118271063341595,0.30535894843276,0.15267947421638,0.255813953488372,0.674418604651163,0.0697674418604651,0.118271644572657,0.305360356168417,0.152680178084208,0.255813220923163,0.674419308518991,0.0697674705578465,23,4,17,2,20,7,12,1
34,1,0.347826086956522,0.565217391304348,0.0869565217391304,0.0494803353833567,0.137682237630555,0.0688411188152775,0.416667205771799,0.541665624592764,0.0416671696354363,0.0494768114719334,0.137671801696697,0.0688359008483486,0.41666198780487,0.541668956782048,0.0416690554130816,0.0449170038510556,0.122620451862922,0.061310225931461,0.409136312887983,0.52017137844985,0.0706923086621675,0.0494800734918394,0.13768115942029,0.068840579710145,0.416666666666667,0.541666666666667,0.0416666666666667,0.0494781357328722,0.137675146210235,0.0688375731051177,0.416663660061639,0.541669219736645,0.0416671202017157,21,10,10,1,27,10,16,1
34,2,0.347826086956522,0.565217391304348,0.0869565217391304,0.0619704717009116,0.159177664420067,0.0795888322100338,0.276255541684588,0.644806223514382,0.07893823480103,0.159578144908004,0.434702095330072,0.217351047665036,0.130475039291486,0.726492041152451,0.143032919556063,0.0747090279801604,0.189306129031008,0.094653064515504,0.259845448805534,0.659870455819852,0.0802840953746146,0.0597696770604151,0.150197628458498,0.075098814229249,0.272727272727273,0.636363636363636,0.0909090909090909,0.0692069143937288,0.173612548172689,0.0868062740863443,0.265270701136476,0.652023665390692,0.0827056334728321,30,3,22,5,25,12,13,0
34,3,0.347826086956522,0.565217391304348,0.0869565217391304,0.0805722139562216,0.213437680514169,0.106718840257085,0.454544927213606,0.477272723694432,0.0681823490919619,0.0805725571322604,0.213437857617872,0.106718928808936,0.454545015765458,0.477271685131627,0.0681832991029148,0.0815092697368961,0.209016893496424,0.104508446748212,0.442200732910063,0.460708944556136,0.0970903225338007,0.0805724867099626,0.213438735177866,0.106719367588933,0.454545454545455,0.477272727272727,0.0681818181818182,0.0805694732194688,0.213431136640698,0.106715568320349,0.454541655276871,0.477276365091949,0.0681819796311802,23,12,9,2,21,8,12,1
34,4,0.347826086956522,0.565217391304348,0.0869565217391304,0.0151592638024254,0.0428360732896708,0.0214180366448354,0.359344857251864,0.575116657653841,0.0655384850942951,0.101867084169066,0.275879975913361,0.137939987956681,0.209886098999841,0.670170354136641,0.119943546863518,0.0168951182755763,0.0476871659288478,0.0238435829644239,0.361082118253213,0.57580494297208,0.0631129387747065,0.0154951934759141,0.0411899313501144,0.0205949656750572,0.368421052631579,0.56140350877193,0.0701754385964912,0.015710033772423,0.0440282973470751,0.0220141486735375,0.361429444276817,0.57362818265759,0.0649423730655929,28,5,19,4,29,16,13,0
34,5,0.347826086956522,0.565217391304348,0.0869565217391304,0.0884217380592385,0.246660740940377,0.123330370470188,0.427374796226029,0.441887020834159,0.130738182939812,0.250779275897265,0.709251978647336,0.354625989323668,0.5211800916598,0.21059140198068,0.268228506359521,0.107147652905967,0.301433100686201,0.150716550343101,0.43676082611518,0.414500840961247,0.148738332923573,0.100224228758548,0.280434782608696,0.140217391304348,0.4,0.425,0.175,0.108406622157023,0.303140639244802,0.151570319622401,0.443556728672546,0.413647071681947,0.142796199645507,17,4,13,0,23,12,4,7
35,1,0.304347826086957,0.608695652173913,0.0869565217391304,0.108227308188038,0.297007792135831,0.148503896067916,0.155843930019041,0.715036071594494,0.129119998386465,0.0681332208628462,0.189813402086423,0.0949067010432114,0.242481209088284,0.575655568129374,0.181863222782342,0.102194311829313,0.284594769942704,0.142297384971352,0.162050441115605,0.701732851418535,0.136216707465861,0.103783834998096,0.282165039929015,0.141082519964508,0.163265306122449,0.714285714285714,0.122448979591837,0.104781657379829,0.28944464024598,0.14472232012299,0.159625505963967,0.708631821366137,0.131742672669896,23,1,21,1,26,7,14,5
35,2,0.304347826086957,0.608695652173913,0.0869565217391304,0.032097576021133,0.0826080344238886,0.0413040172119442,0.300001190867239,0.649999669385857,0.0499991397469038,0.0290094113511116,0.0781797529293614,0.0390898764646807,0.295587371564512,0.647785528638594,0.0566270997968945,0.0259878671776587,0.0690412991029359,0.034520649551468,0.310685814730983,0.636878313081354,0.0524358721876625,0.03209744143529,0.0826086956521739,0.0413043478260869,0.3,0.65,0.05,0.0320962730143549,0.0826036976590225,0.0413018488295112,0.300002547153633,0.649997501003424,0.0499999518429422,36,10,23,3,24,8,16,0
35,3,0.304347826086957,0.608695652173913,0.0869565217391304,0.220006039835407,0.593928367406034,0.296964183703017,0.0754717571955685,0.90565983587693,0.0188684069275015,0.220009624965411,0.593936776397234,0.296968388198617,0.075466586493625,0.90566404037253,0.0188693731338451,0.19824592375743,0.530636604887115,0.265318302443558,0.09322327981101,0.874013954617471,0.0327627655715194,0.220006353719119,0.593929450369155,0.296964725184578,0.0754716981132075,0.905660377358491,0.0188679245283019,0.220006103891711,0.593928575749539,0.296964287874769,0.0754717307621162,0.905659940048682,0.0188683291892012,31,1,29,1,22,3,19,0
35,4,0.304347826086957,0.608695652173913,0.0869565217391304,0.0570445466631228,0.157610699982874,0.0788053499914371,0.24999830976783,0.68750100216535,0.0625006880668193,0.0570434581928695,0.157608147771362,0.078804073885681,0.250000132980281,0.687499726059594,0.062500140960125,0.0383095444570163,0.0956939094645582,0.0478469547322791,0.256500871354677,0.654628979309908,0.0888701493354149,0.0570436467167891,0.157608695652174,0.0788043478260869,0.25,0.6875,0.0625,0.0570430343170121,0.15760682704603,0.0788034135230148,0.250000278466592,0.687499065696928,0.06250065583648,25,8,16,1,23,4,17,2
35,5,0.304347826086957,0.608695652173913,0.0869565217391304,0.0527811737357243,0.149285252112125,0.0746426260560623,0.266656063369759,0.683338278229975,0.0500056584002657,0.0527773383310512,0.149274510592743,0.0746372552963713,0.26666690941936,0.683332907470284,0.0500001831103559,0.0349283888869211,0.0962825548343598,0.0481412774171799,0.270695873176464,0.656836929591093,0.0724671972324435,0.0527776395934471,0.149275362318841,0.0746376811594203,0.266666666666667,0.683333333333333,0.05,0.0527771211104373,0.14927389262477,0.0746369463123848,0.266666788549878,0.683332598486298,0.050000612963824,31,6,24,1,29,10,17,2
36,1,0.260869565217391,0.652173913043478,0.0869565217391304,0.0122583675443922,0.0308620357058128,0.0154310178529063,0.275427159227909,0.636742895190572,0.0878299455815193,0.0593532267549243,0.145862707096693,0.0729313535483465,0.260389601462926,0.579722523249597,0.159887875287477,0.0199243632077972,0.0526609933394725,0.0263304966697362,0.287200061887127,0.630319643895073,0.0824802942177999,0.0144716117393967,0.0390417036379769,0.0195208518189884,0.26530612244898,0.63265306122449,0.102040816326531,0.0124932057059841,0.0319215353402416,0.0159607676701208,0.27541201463833,0.636213145373357,0.0883748399883124,25,6,14,5,24,7,17,0
36,2,0.260869565217391,0.652173913043478,0.0869565217391304,0.121525469578109,0.313391603146992,0.156695801573496,0.104173763643895,0.791656738065065,0.10416949829104,0.121530167950079,0.313401850415979,0.156700925207989,0.104168640009402,0.791663459809583,0.104167900181016,0.103481925722484,0.285361925105459,0.142680962552729,0.118188602664662,0.751698975576632,0.130112421758706,0.121532184785218,0.313405797101449,0.156702898550725,0.104166666666667,0.791666666666667,0.104166666666667,0.121531153731674,0.313414854131072,0.156707427065536,0.104162138151855,0.791657150686143,0.104180711162002,24,4,18,2,24,1,20,3
36,3,0.260869565217391,0.652173913043478,0.0869565217391304,0.0304260362074841,0.0805259756650447,0.0402629878325224,0.220606577384869,0.659160659832186,0.120232762782945,0.0585775000122878,0.144866997545691,0.0724334987728457,0.189838645538148,0.650771333949876,0.159390020511976,0.0160622391349687,0.0393813647578724,0.0196906823789362,0.241216010141987,0.652136785739946,0.106647204118067,0.0314936212193372,0.0827147401908802,0.0413573700954401,0.219512195121951,0.658536585365854,0.121951219512195,0.0288851912262506,0.0776232431705245,0.0388116215852623,0.222057943632129,0.660544555930391,0.11739750043748,16,5,11,0,25,4,16,5
36,4,0.260869565217391,0.652173913043478,0.0869565217391304,0.119109203703305,0.300311894726336,0.150155947363168,0.110713617854223,0.793360866552732,0.0959255155930447,0.0263927576071588,0.0744948641067042,0.0372474320533521,0.298116997270743,0.635633004074248,0.0662499986550082,0.128806430422962,0.333268122127677,0.166634061063839,0.113822933655122,0.818807974107317,0.0673690922375614,0.103501050562708,0.288244766505636,0.144122383252818,0.166666666666667,0.796296296296296,0.037037037037037,0.122343238842681,0.307295489296348,0.153647744648174,0.107221820569217,0.797889585018707,0.0948885944120756,28,0,27,1,26,9,16,1
36,5,0.260869565217391,0.652173913043478,0.0869565217391304,0.0651850772315066,0.167616527731797,0.0838082638658983,0.177061301351493,0.727331204545921,0.0956074941025863,0.07672787520856,0.195928749101844,0.097964374550922,0.350261976943671,0.554209538492556,0.095528484563773,0.0857789740442054,0.21739244304206,0.10869622152103,0.159874941699725,0.760870134564508,0.0792549237357663,0.0735621388662367,0.204424103737605,0.102212051868802,0.192982456140351,0.754385964912281,0.0526315789473684,0.0783247648885725,0.19676950973482,0.09838475486741,0.162484810349981,0.745439901624161,0.0920752880258577,25,10,13,2,32,1,30,1
37,1,0.217391304347826,0.695652173913043,0.0869565217391304,0.0838593412270631,0.235812136875639,0.117906068437819,0.169492813796915,0.813558242350863,0.0169489438522221,0.083858226214926,0.235808919471622,0.117904459735811,0.169493799111293,0.813556633648854,0.016949567239853,0.0623290070128121,0.173167661274767,0.0865838306373836,0.188409800515965,0.782236004550427,0.0293541949336079,0.083860034463825,0.23581429624171,0.117907148120855,0.169491525423729,0.813559322033898,0.0169491525423729,0.0838572633261033,0.235806237861045,0.117903118930523,0.169494238478222,0.813555292843566,0.0169504686782119,36,6,29,1,23,4,19,0
37,2,0.217391304347826,0.695652173913043,0.0869565217391304,0.020508754745837,0.0576526859254565,0.0288263429627283,0.205752118335731,0.724478516875772,0.0697693647884976,0.0927054734882234,0.256957477039624,0.128478738519812,0.088912565828014,0.782504980180222,0.128582453991765,0.0297469976341982,0.0839030514463011,0.0419515257231505,0.193699308893418,0.737603699636194,0.068696991470388,0.0132509968474025,0.0372670807453417,0.0186335403726708,0.206349206349206,0.714285714285714,0.0793650793650794,0.0223656267232935,0.0632516986497582,0.0316258493248791,0.201146953042044,0.727278023237923,0.0715750237200333,30,11,19,0,33,2,26,5
37,3,0.217391304347826,0.695652173913043,0.0869565217391304,0.0500037968786836,0.13809786339111,0.069048931695555,0.196086268412261,0.764701105608598,0.0392126259791402,0.0288202799980326,0.0726836584756534,0.0363418292378267,0.215200577289889,0.73199400315087,0.0528054195592408,0.034154621503366,0.0844247598023114,0.0422123799011557,0.216617194772057,0.737864553814199,0.0455182514137443,0.0500061348723756,0.138107416879795,0.0690537084398977,0.196078431372549,0.764705882352941,0.0392156862745098,0.0500056883170553,0.138106238056954,0.0690531190284768,0.196078501317759,0.76470529294152,0.0392162057407205,28,5,23,0,23,5,16,2
37,4,0.217391304347826,0.695652173913043,0.0869565217391304,0.0513251067123135,0.134696372701322,0.0673481863506612,0.274508226170805,0.705883438440725,0.0196083353884692,0.0513259018697945,0.134696503310383,0.0673482516551915,0.27451072934953,0.705881000566531,0.019608270083939,0.050948698304056,0.137326159110087,0.0686630795550437,0.28605438390287,0.68023335255012,0.0337122635470104,0.0513258351642459,0.134697357203751,0.0673486786018755,0.274509803921569,0.705882352941177,0.0196078431372549,0.0513260102189971,0.134696491933452,0.067348245966726,0.274511094551486,0.705880629676109,0.0196082757724044,25,6,18,1,26,8,18,0
37,5,0.217391304347826,0.695652173913043,0.0869565217391304,0.0964414484242335,0.259924179088347,0.129962089544173,0.318202795980513,0.56569008436887,0.116107119650617,0.168900970507697,0.465644166212783,0.232822083106392,0.380026960244068,0.462830090806652,0.15714294894928,0.0985872492816523,0.270357441741441,0.13517872087072,0.314547599849251,0.560473453042323,0.124978947108426,0.0853559729793005,0.227667984189723,0.113833992094862,0.309090909090909,0.581818181818182,0.109090909090909,0.0878868179832451,0.235447557043236,0.117723778521618,0.310778157631423,0.577928395391425,0.111293446977151,34,8,24,2,21,9,8,4
38,1,0.173913043478261,0.739130434782609,0.0869565217391304,0.0600542650764677,0.169702615650939,0.0848513078254697,0.128330840652153,0.699861329783247,0.1718078295646,0.1364804582741,0.345949605911564,0.172974802955782,0.346887846434043,0.578479960331244,0.0746321932347127,0.0375447441025884,0.105965362392065,0.0529826811960326,0.144415320577051,0.715645476487786,0.139939202935163,0.0464802159847695,0.131322094055013,0.0656610470275066,0.204081632653061,0.673469387755102,0.122448979591837,0.0595094663170149,0.168292256007248,0.084146128003624,0.130560632571898,0.698336717685347,0.171102649742754,25,10,14,1,24,0,19,5
38,2,0.173913043478261,0.739130434782609,0.0869565217391304,0.0986986288798021,0.277595787644251,0.138797893822126,0.0351151496561352,0.795743157972971,0.169141692370894,0.117153708701949,0.288906948871009,0.144453474435505,0.0314197958407857,0.883583909218113,0.0849962949411009,0.0958430802871462,0.269576553480295,0.134788276740147,0.0391247667381135,0.794157908345281,0.166717324916605,0.107956333412362,0.303381642512077,0.151690821256039,0.0222222222222222,0.8,0.177777777777778,0.0983183720002645,0.277467252381114,0.138733626190557,0.0351794172877038,0.800466735304728,0.164353847407568,24,1,22,1,21,0,14,7
38,3,0.173913043478261,0.739130434782609,0.0869565217391304,0.0728810153570916,0.182804958590882,0.0914024792954412,0.169462909066713,0.83053291407805,4.17685523754349e-06,0.0782030449081621,0.20532427657153,0.102662138285765,0.276575181764026,0.723421526878313,3.29135766131751e-06,0.0724622965936172,0.180889698797449,0.0904448493987245,0.170415593965992,0.829575284181333,9.12185267478979e-06,0.0699789611806688,0.173913043478261,0.0869565217391304,0.176470588235294,0.823529411764706,0,0.0708039918436465,0.173908024446555,0.0869540122232777,0.174389378546318,0.825608111937829,2.50951585275919e-06,24,1,23,0,27,8,19,0
38,4,0.173913043478261,0.739130434782609,0.0869565217391304,0.10442244662183,0.267823373826754,0.133911686913377,0.0400013565648841,0.860001175241366,0.0999974681937499,0.100847485061282,0.24707779424375,0.123538897121875,0.0503741463563857,0.862616400891212,0.0870094527524025,0.0936703800041061,0.25489794551245,0.127448972756225,0.046464070722036,0.834140375332073,0.119395553945891,0.104422678466882,0.267826086956522,0.133913043478261,0.04,0.86,0.1,0.104423553875877,0.26782852538199,0.133914262690995,0.039998780787266,0.860000881663768,0.100000337548966,22,2,19,1,28,0,24,4
38,5,0.173913043478261,0.739130434782609,0.0869565217391304,0.133302985076464,0.365048981467541,0.18252449073377,0.0418079718474255,0.688711015679674,0.269481012472901,0.269228958154246,0.754390961365888,0.377195480682944,0.0302488638403827,0.505599133737543,0.464152002422074,0.141555292840354,0.387947698895183,0.193973849447592,0.0340605067264094,0.685009122086869,0.280930371186722,0.156865379206755,0.429860541427399,0.2149302707137,0.0188679245283019,0.679245283018868,0.30188679245283,0.141325826014862,0.392102734693309,0.196051367346655,0.0422365103460424,0.674755600568173,0.283007889085785,29,1,14,14,24,0,22,2
39,1,0.130434782608696,0.782608695652174,0.0869565217391304,0.0361625623631943,0.10120962197123,0.0506048109856149,0.181039593594311,0.750906196110017,0.0680542102956723,0.124263386954873,0.33544718569165,0.167723592845825,0.259724338258877,0.614885102806349,0.125390558934774,0.0397978057107206,0.110043835764127,0.0550219178820636,0.185456700490759,0.744839109925993,0.0697041895832481,0.031529611429707,0.0852842809364549,0.0426421404682274,0.173076923076923,0.75,0.0769230769230769,0.0381761847276269,0.106018462731565,0.0530092313657823,0.183444013974478,0.747235728203393,0.069320257822129,27,7,16,4,25,2,23,0
39,2,0.130434782608696,0.782608695652174,0.0869565217391304,0.070562652593942,0.199520864377022,0.0997604321885111,0.078427587715499,0.882369127840685,0.039203284443816,0.0667811888229118,0.188820677100649,0.0944103385503244,0.0810832787808752,0.877019034202498,0.0418976870166263,0.0459766943040973,0.128543151353729,0.0642715756768644,0.106822963840388,0.846880271329038,0.0462967648305733,0.0705512970443161,0.199488491048593,0.0997442455242966,0.0784313725490196,0.882352941176471,0.0392156862745098,0.0705506109024381,0.199486581717911,0.0997432908589556,0.0784324108875133,0.88235198651113,0.0392156026013572,25,2,21,2,26,2,24,0
39,3,0.130434782608696,0.782608695652174,0.0869565217391304,0.0511369882419437,0.137548518691832,0.0687742593459161,0.145455361523955,0.836362376082831,0.0181822623932143,0.0462319463332654,0.130241618365001,0.0651208091825007,0.168049833696503,0.810114453746867,0.0218357125566298,0.0393068191853223,0.110824423941344,0.0554122119706719,0.161968959268592,0.806486730962949,0.0315443097684585,0.0511375490751319,0.137549407114624,0.0687747035573122,0.145454545454545,0.836363636363636,0.0181818181818182,0.0511324258517744,0.13753554598712,0.0687677729935601,0.145452913030371,0.836358338224059,0.0181887487455704,32,6,25,1,23,2,21,0
39,4,0.130434782608696,0.782608695652174,0.0869565217391304,0.0818862609420966,0.230704588692589,0.115352294346294,0.0816144661927444,0.897960989998468,0.0204245438087872,0.0818849104218916,0.230697164686037,0.115348582343018,0.081633836116265,0.897957277995192,0.0204088858885427,0.0525618854820186,0.144060755808981,0.0720303779044904,0.110320732054046,0.854639073556664,0.03504019438929,0.0818862360242953,0.230700976042591,0.115350488021295,0.0816326530612245,0.897959183673469,0.0204081632653061,0.0818863088822858,0.230701277752573,0.115350638876286,0.0816321153485705,0.89795933452846,0.0204085501229691,26,2,23,1,23,2,21,0
39,5,0.130434782608696,0.782608695652174,0.0869565217391304,0.0903673309221458,0.235443490087159,0.11772174504358,0.232372038508268,0.664886950608594,0.102741010883137,0.21139989630987,0.55439519329111,0.277197596645555,0.366018082529313,0.505411099006619,0.128570818464068,0.0798464723518866,0.212688098194629,0.106344049097315,0.21649139529149,0.676264646554859,0.107243958153651,0.0728233830343809,0.189130434782609,0.0945652173913044,0.225,0.7,0.075,0.0726166491472185,0.187101998003153,0.0935509990015766,0.213897126337498,0.689057696650597,0.0970451770119042,24,2,21,1,16,7,7,2
40,1,0.0869565217391304,0.826086956521739,0.0869565217391304,0.038735962818902,0.106114578380095,0.0530572891900474,0.101678165397684,0.864422602053233,0.033899232549083,0.0341270755671379,0.0945831094416437,0.0472915547208219,0.118946013453074,0.841389019528618,0.0396649670183086,0.0204287376848954,0.0559002925273724,0.0279501462636862,0.107263417513492,0.833730207011064,0.0590063754754442,0.0387332907775525,0.106116433308769,0.0530582166543847,0.101694915254237,0.864406779661017,0.0338983050847458,0.0387317217111263,0.106111245891646,0.0530556229458232,0.101692596468238,0.864406504738455,0.0339008987933073,28,5,22,1,31,1,29,1
40,2,0.0869565217391304,0.826086956521739,0.0869565217391304,0.0570394076051173,0.161331807649768,0.0806659038248839,0.0466235698266875,0.906752860346623,0.0466235698266895,0.0593315473269127,0.167565335794028,0.0837826678970142,0.0490271547708614,0.909869624418753,0.0411032208103853,0.044490237905823,0.12571515639242,0.06285757819621,0.0579288887908022,0.888944534717949,0.0531265764912487,0.0571977173861717,0.161779575328615,0.0808897876643073,0.0465116279069767,0.906976744186046,0.0465116279069767,0.0573822411373643,0.162295388870141,0.0811476944350705,0.0469919058604571,0.90723465095681,0.0457734431827333,26,2,24,0,17,0,15,2
40,3,0.0869565217391304,0.826086956521739,0.0869565217391304,0.05052892149682,0.139834904214099,0.0699174521070496,0.15687397384618,0.803911824626021,0.0392142015277986,0.0842496437310983,0.224810384512079,0.112405192256039,0.19936171399517,0.73566728470573,0.0649710012991001,0.0656441187920384,0.185459157193,0.0927295785965003,0.179686100335631,0.775895362033584,0.0444185376307852,0.0505218495823668,0.139812446717818,0.0699062233589088,0.156862745098039,0.803921568627451,0.0392156862745098,0.0505245808873314,0.139821155499173,0.0699105777495865,0.156867099488717,0.803917724498063,0.0392151760132197,20,4,14,2,31,4,27,0
40,4,0.0869565217391304,0.826086956521739,0.0869565217391304,0.113036279614965,0.299206574133012,0.149603287066506,0.112973504384343,0.676483669455233,0.210542826160424,0.207992583372859,0.521761673985202,0.260880836992601,0.0741905005206734,0.577972140747595,0.347837358731731,0.119056126281081,0.315291960845163,0.157645980422582,0.114570621608632,0.668440976099158,0.216988402292211,0.129384451227484,0.318840579710145,0.159420289855073,0.0888888888888889,0.666666666666667,0.244444444444444,0.117795896204471,0.309840186244064,0.154920093122032,0.111372875892685,0.671166863399707,0.217460260707608,24,1,13,10,21,3,17,1
40,5,0.0869565217391304,0.826086956521739,0.0869565217391304,0.0733551759974587,0.207479768282477,0.103739884141238,0.0350767207116806,0.929826840662977,0.0350964386253419,0.0588612826403127,0.166484847876321,0.0832424239381605,0.0453294986730237,0.9093293804599,0.0453411208670767,0.0515066293884822,0.143799374491937,0.0718996872459685,0.0408960136032361,0.897986643767708,0.0611173426290562,0.07335356387595,0.207475209763539,0.10373760488177,0.0350877192982456,0.929824561403509,0.0350877192982456,0.0733531701874565,0.207474096242327,0.103737048121163,0.0350876033123865,0.929824004642902,0.0350883920447111,32,0,31,1,25,2,22,1
41,1,0.0434782608695652,0.869565217391304,0.0869565217391304,0.11447829683184,0.323778554319585,0.161889277159792,0.123074892109663,0.707675940231512,0.169249167658825,0.114482902474957,0.323792220566137,0.161896110283068,0.123107397876704,0.707669107108236,0.16922349501506,0.135603143893863,0.383538483037854,0.191769241518927,0.138504128875765,0.677795975872377,0.183699895251857,0.114466643933121,0.323745819397993,0.161872909698997,0.123076923076923,0.707692307692308,0.169230769230769,0.114466794089297,0.323746250164951,0.161873125082476,0.123077304944726,0.707692092308829,0.169230602746445,34,3,26,5,31,5,20,6
41,2,0.0434782608695652,0.869565217391304,0.0869565217391304,0.0413434620098397,0.115389007768906,0.0576945038844529,0.0641138782251992,0.811870713506851,0.124015408267949,0.200429061283143,0.492750156555887,0.246375078277943,0.0416670106544032,0.625001389328523,0.333331600017074,0.0238689300133188,0.0631014745691897,0.0315507372845948,0.0380952914964414,0.843397449479833,0.118507259023725,0.0580888370900033,0.159420289855072,0.0797101449275362,0.0208333333333333,0.8125,0.166666666666667,0.0373713403044517,0.104590190659965,0.0522950953299827,0.0630044138515826,0.817270122061322,0.119725464087096,25,0,25,0,23,1,14,8
41,3,0.0434782608695652,0.869565217391304,0.0869565217391304,0.0362221878546079,0.10182898271673,0.050914491358365,0.0943927522279302,0.848992259454566,0.0566149883175042,0.0341224105395863,0.0959993349857715,0.0479996674928857,0.091477928362451,0.841260468781893,0.0672616028556562,0.0541003150621286,0.151812131584396,0.0759060657921981,0.119384326661763,0.823307486024145,0.057308187314092,0.0361882608697502,0.101722723543888,0.0508613617719442,0.0943396226415094,0.849056603773585,0.0566037735849057,0.0361887693454026,0.101724132670577,0.0508620663352885,0.0943403272048537,0.849056398784269,0.0566032740108775,24,3,21,0,29,2,24,3
41,4,0.0434782608695652,0.869565217391304,0.0869565217391304,0.0387987085144866,0.09759990546958,0.04879995273479,0.0408023065376922,0.918365170126094,0.0408325233362135,0.0359696622249661,0.0884884650352908,0.0442442325176454,0.0430946086218135,0.91380944990895,0.0430959414692368,0.0119779089369083,0.0328848219624112,0.0164424109812056,0.048172315300864,0.881313573941211,0.0705141107579248,0.0388057184646508,0.0976042590949424,0.0488021295474712,0.0408163265306122,0.918367346938776,0.0408163265306122,0.0388053487539717,0.0976035214583822,0.0488017607291911,0.0408161419732353,0.918366978120495,0.0408168799062692,24,2,21,1,25,0,24,1
41,5,0.0434782608695652,0.869565217391304,0.0869565217391304,0.00767118700985157,0.0194730191896775,0.00973650959483881,0.053214770464404,0.860553177984089,0.0862320515515071,0.0769738333633699,0.217449239126764,0.108724619563382,0.102496143610213,0.760840597827922,0.136663258561864,0.0109175721574922,0.0307530261289965,0.0153765130644983,0.0523757350017766,0.854188704326806,0.0934355606714173,0.0102056647030765,0.0257648953301127,0.0128824476650564,0.0555555555555556,0.87037037037037,0.0740740740740741,0.00508444652576213,0.0131287003599276,0.00656435017996379,0.050042611049529,0.868824572302347,0.0811328166481238,31,0,30,1,23,3,17,3
42,1,0.826086956521739,0.0434782608695652,0.130434782608696,0.0194601844087917,0.0492254089355941,0.0246127044677971,0.849056762695236,0.0188655564017681,0.132077680902996,0.0194591045958106,0.0492211692467229,0.0246105846233615,0.849056416446427,0.0188676762462038,0.132075907307369,0.0152938446136427,0.0432573292617802,0.0216286646308902,0.81532896524579,0.0326075875146244,0.152063447239586,0.0194590613887418,0.0492206726825267,0.0246103363412633,0.849056603773585,0.0188679245283019,0.132075471698113,0.0194585700369224,0.0492193413191383,0.0246096706595692,0.849056078247874,0.018868590209996,0.13207533154213,21,17,0,4,32,28,1,3
42,2,0.826086956521739,0.0434782608695652,0.130434782608696,0.0557340097664686,0.157349249770433,0.0786746248852165,0.904761581406956,1.66053646754271e-08,0.0952384019876797,0.0557339953468689,0.157349220050262,0.0786746100251311,0.90476156654687,1.03404621290411e-07,0.0952383300485086,0.0377576846848867,0.0971719482320998,0.0485859741160499,0.874672930637789,1.51848207244128e-06,0.125325550880138,0.0557342308062663,0.157349896480331,0.0786749482401656,0.904761904761905,0,0.0952380952380952,0.0557338843567644,0.157348946313146,0.0786744731565732,0.904761429678312,4.62325613174643e-07,0.0952381079960746,17,16,0,1,25,22,0,3
42,3,0.826086956521739,0.0434782608695652,0.130434782608696,0.0462066211394034,0.129653778934469,0.0648268894672347,0.890913845988974,0.0181840546614324,0.0909020993495939,0.0111127839393903,0.0314007692287746,0.0157003846143872,0.833333499472444,0.027777876255178,0.138888624272378,0.0430821204671107,0.11500623785229,0.0575031189261452,0.883590075447884,0.0321665162345853,0.0842434083175304,0.0462028116875967,0.129644268774704,0.0648221343873517,0.890909090909091,0.0181818181818182,0.0909090909090909,0.0469870274178022,0.12967732428014,0.0648386621400701,0.890925618661809,0.0236538508892527,0.0854205304489382,35,29,1,5,20,20,0,0
42,4,0.826086956521739,0.0434782608695652,0.130434782608696,0.0419704989069949,0.113465092054079,0.0567325460270396,0.812831865914651,8.05449613446717e-07,0.187167328635735,0.0669578957354915,0.18917984372038,0.0945899218601898,0.774971038401381,4.25712973305534e-06,0.225024704468885,0.0506188637144672,0.141981271890013,0.0709906359450064,0.798569812006136,4.76944016224073e-06,0.201425418553702,0.0421560734718119,0.114130434782609,0.0570652173913044,0.8125,0,0.1875,0.0421292807096281,0.11403529767729,0.0570176488386449,0.812546606652306,9.61900353209709e-07,0.187452431447341,27,20,0,7,21,19,0,2
42,5,0.826086956521739,0.0434782608695652,0.130434782608696,0.0846442332717521,0.210290856539862,0.105145428269931,0.720941528251808,0.0465000060463579,0.232558465701834,0.0906355907504584,0.22949736549464,0.11474868274732,0.711338273774419,0.0513877629950986,0.237273963230482,0.104937922937995,0.267019387775401,0.133509693887701,0.692577262634039,0.0541142808983754,0.253308456467586,0.0846489179694853,0.210313447927199,0.1051567239636,0.720930232558139,0.0465116279069767,0.232558139534884,0.0846516186939565,0.210320392930987,0.105160196465494,0.720926760056246,0.0465119704270048,0.23256126951675,21,14,2,5,22,17,0,5
43,1,0.782608695652174,0.0869565217391304,0.130434782608696,0.142909969107074,0.403863986742589,0.201931993371294,0.688887796971308,0.288888515110425,0.0222236879182667,0.186884843869178,0.52343424188641,0.261717120943205,0.619859246890807,0.348673642682335,0.0314671104268575,0.149326769740325,0.421276503726563,0.210638251863281,0.664198680499176,0.297594773602412,0.0382065458984121,0.142910276406619,0.403864734299517,0.201932367149758,0.688888888888889,0.288888888888889,0.0222222222222222,0.142946022303903,0.403974004788038,0.201987002394019,0.688776624945702,0.288943524133149,0.0222798509211485,24,19,5,0,21,12,8,1
43,2,0.782608695652174,0.0869565217391304,0.130434782608696,0.098837805431137,0.260895826655487,0.130447913327744,0.913056608979917,0.0652167473142415,0.0217266437058411,0.0988257664736272,0.260863716475752,0.130431858237876,0.91304055389005,0.0652198514237963,0.0217395946861537,0.0738666622821895,0.186259880056456,0.0931299400282282,0.870155812972408,0.0925393444471244,0.0373048425804675,0.0988274036013467,0.260869565217391,0.130434782608696,0.91304347826087,0.0652173913043478,0.0217391304347826,0.0988277932169206,0.260869972030576,0.130434986015288,0.913043681667462,0.0652181603417587,0.0217381579907795,20,18,2,0,26,24,1,1
43,3,0.782608695652174,0.0869565217391304,0.130434782608696,0.0621460199315571,0.175645356657338,0.0878226783286692,0.870431373980843,0.0459734189697198,0.083595207049437,0.0356533159026954,0.0879762382822233,0.0439881191411116,0.781957607597005,0.0436194906531878,0.174422901749807,0.0801367146013884,0.225875549274638,0.112937774637319,0.895546470289493,0.0386505895002286,0.0658029402102783,0.0773701322610964,0.217391304347826,0.108695652173913,0.891304347826087,0.0217391304347826,0.0869565217391304,0.0776831003879142,0.218769675870299,0.10938483793515,0.891993533587324,0.0411079736007739,0.0668984928119025,30,29,1,0,16,12,0,4
43,4,0.782608695652174,0.0869565217391304,0.130434782608696,0.0820142186810988,0.212532150137968,0.106266075068984,0.888874770721158,0.0740744353223627,0.0370507939564793,0.0526359777042398,0.147092007406702,0.0735460037033509,0.829334497500427,0.113776723594228,0.0568887789053448,0.0676240910463908,0.172811185928221,0.0864055929641103,0.861309121113729,0.0946616892416861,0.0440291896445854,0.0820255566071629,0.21256038647343,0.106280193236715,0.888888888888889,0.0740740740740741,0.037037037037037,0.0820256093772065,0.212559350431801,0.106279675215901,0.888888370868074,0.0740755200253676,0.0370361091065578,26,21,3,2,28,27,1,0
43,5,0.782608695652174,0.0869565217391304,0.130434782608696,0.0541968978107712,0.139161321374494,0.0695806606872469,0.719982159708444,0.0800023969956138,0.200015443295943,0.0589682676151605,0.158311068241108,0.0791555341205539,0.70345316153162,0.10380356197717,0.19274327649121,0.0697994427359735,0.182484863419903,0.0912424317099516,0.704367588609155,0.0739551970721977,0.221677214318647,0.0541835197474687,0.139130434782609,0.0695652173913044,0.72,0.08,0.2,0.0542055702722544,0.139181236596104,0.0695906182980517,0.719970521052882,0.0800040780403705,0.200025400906747,21,16,0,5,29,20,4,5
44,1,0.739130434782609,0.130434782608696,0.130434782608696,0.0870076358351651,0.224000219062728,0.112000109531364,0.727260581003993,0.24243489214006,0.0303045268559468,0.0869975724493392,0.223957765926689,0.111978882963344,0.727281833186787,0.24241366557204,0.0303045012411733,0.0931772480760764,0.261443877928778,0.130721938964389,0.688151062693922,0.261156721573085,0.0506922157329935,0.0870030883684998,0.223978919631093,0.111989459815547,0.727272727272727,0.242424242424242,0.0303030303030303,0.0870113053794725,0.223997595090097,0.111998797545048,0.727274584883132,0.242433580153744,0.0302918349631235,22,17,4,1,11,7,4,0
44,2,0.739130434782609,0.130434782608696,0.130434782608696,0.0624706041104591,0.159372221033941,0.0796861105169704,0.666250167022212,0.210120893125666,0.123628939852122,0.15598513043976,0.391278933806704,0.195639466903352,0.553044396209485,0.326074249512048,0.120881354278467,0.0693272407243013,0.17861917080672,0.0893095854033599,0.649820849379249,0.210121673819854,0.140057476800897,0.0732456460216537,0.20066889632107,0.100334448160535,0.666666666666667,0.230769230769231,0.102564102564103,0.0640912440600748,0.163267511999361,0.0816337559996808,0.664203752344886,0.212068538608376,0.123727709046737,19,16,1,2,20,10,8,2
44,3,0.739130434782609,0.130434782608696,0.130434782608696,0.0943884355764095,0.265322483637013,0.132661241818506,0.871791676601115,0.0512779640858927,0.0769303593129921,0.0943894300524214,0.265326795088795,0.132663397544397,0.871793832327006,0.0512826325022295,0.0769235351707645,0.046501049854121,0.128138591157279,0.0640692955786393,0.803199730361248,0.0855601395177458,0.111240130121006,0.0943901661008408,0.265328874024526,0.132664437012263,0.871794871794872,0.0512820512820513,0.0769230769230769,0.0943857241953194,0.265316481854183,0.132658240927092,0.8717886757097,0.0512861171684483,0.0769252071218516,27,24,1,2,12,10,1,1
44,4,0.739130434782609,0.130434782608696,0.130434782608696,0.0277377720524881,0.0736462697570085,0.0368231348785042,0.745832239160923,0.0936116477301914,0.160556113108885,0.101644754379436,0.279790495882089,0.139895247941044,0.599235186841564,0.171755953045481,0.229008860112954,0.0296371523628423,0.0833136823063891,0.0416568411531946,0.722310990274864,0.105597385963246,0.17209162376189,0.0212050332268659,0.0591304347826087,0.0295652173913044,0.72,0.12,0.16,0.0318170006536498,0.0897709646385975,0.0448854823192988,0.719417602708345,0.105262132363661,0.175320264927994,19,18,0,1,31,18,6,7
44,5,0.739130434782609,0.130434782608696,0.130434782608696,0.0334339933380656,0.092049130204802,0.046024565102401,0.72550177739154,0.176459347711097,0.098038874897363,0.03060807277497,0.0836577997637288,0.0418288998818644,0.727861633057401,0.17226368249056,0.0998746844520389,0.0398107723123946,0.107960951096998,0.0539804755484992,0.698286403923705,0.184415258157195,0.1172983379191,0.0334406153642641,0.0920716112531969,0.0460358056265985,0.725490196078431,0.176470588235294,0.0980392156862745,0.0334108633259359,0.0919724621133135,0.0459862310566568,0.725538308413905,0.176421013665352,0.0980406779207424,21,14,6,1,30,23,3,4
45,1,0.695652173913043,0.173913043478261,0.130434782608696,0.0732672859088185,0.207072602742124,0.103536301371062,0.64739379536645,0.118635120653792,0.233971083979758,0.117097409261781,0.298457519064637,0.149228759532318,0.558862333713803,0.323141803010579,0.117995863275618,0.0606521896571201,0.170669316815546,0.0853346584077727,0.660503436407505,0.123727122576027,0.215769441016468,0.0594407882635214,0.151304347826087,0.0756521739130435,0.62,0.18,0.2,0.0749789831622496,0.211564883627873,0.105782441813937,0.649111396059768,0.1146713795176,0.236217224422632,24,13,9,2,26,18,0,8
45,2,0.695652173913043,0.173913043478261,0.130434782608696,0.0572771172217169,0.149654060091905,0.0748270300459526,0.770479203958996,0.163363796856304,0.0661569991846997,0.0419773979917372,0.117171327741487,0.0585856638707436,0.733248192276121,0.194902688985927,0.071849118737952,0.0375335252961352,0.100273398552371,0.0501366992761857,0.745788873189229,0.163940448905763,0.0902706779050081,0.0574673641255391,0.14967925873129,0.074839629365645,0.770491803278688,0.163934426229508,0.0655737704918033,0.0572258830362136,0.149526193173375,0.0747630965866877,0.770415270499731,0.163365467598423,0.0662192619018457,30,26,2,2,31,21,8,2
45,3,0.695652173913043,0.173913043478261,0.130434782608696,0.0561806148131772,0.158437971499007,0.0792189857495036,0.661301620455592,0.129044611186209,0.209653768358199,0.0561985979405253,0.158489457720134,0.0792447288600673,0.661286074948342,0.129034413582895,0.209679511468763,0.0619804173949505,0.17068106102899,0.0853405305144948,0.635658410183869,0.14856627669294,0.21577531312319,0.0561973226077116,0.158485273492286,0.0792426367461431,0.661290322580645,0.129032258064516,0.209677419354839,0.0561978930948844,0.158487254240765,0.0792436271203826,0.661287779211989,0.129033811058933,0.209678409729078,27,15,4,8,35,26,4,5
45,4,0.695652173913043,0.173913043478261,0.130434782608696,0.110469058701335,0.305877812584667,0.152938906292334,0.848591080205377,0.0698322230693672,0.0815766967252556,0.115489637322169,0.326417540276371,0.163208770138185,0.858860944051229,0.0976898762727242,0.0434491796760469,0.111692655755123,0.309298028913699,0.15464901445685,0.850301188369893,0.0687382980086186,0.0809605136214883,0.106208826127612,0.290513833992095,0.145256916996047,0.840909090909091,0.0681818181818182,0.0909090909090909,0.110467687423641,0.305873440808675,0.152936720404338,0.848588894317381,0.0698324647657145,0.0815786409169043,22,19,3,0,22,18,0,4
45,5,0.695652173913043,0.173913043478261,0.130434782608696,0.0569993510359976,0.152752318355926,0.0763761591779631,0.756165144536566,0.0975368843002977,0.146297971163136,0.0569686173634912,0.152704308612214,0.0763521543061072,0.756096983541793,0.0975608891721537,0.146342127286053,0.0371126784371364,0.0975903962321899,0.048795198116095,0.70330767537922,0.125117845362166,0.171574479258614,0.0569687211816046,0.15270413573701,0.0763520678685048,0.75609756097561,0.0975609756097561,0.146341463414634,0.0569673064501612,0.152692213095915,0.0763461065479576,0.756104478016118,0.0975669369303032,0.146328585053578,15,12,1,2,26,19,3,4
46,1,0.652173913043478,0.217391304347826,0.130434782608696,0.086333204776168,0.234756108132198,0.117378054066099,0.739964962139051,0.100013250281727,0.160021787579222,0.0863485320331963,0.23477318348168,0.11738659174084,0.740011582917021,0.100004712606986,0.159983704475993,0.0648301187603312,0.183175755869606,0.0915878779348028,0.701595786584121,0.125803426413023,0.172600787002855,0.0863485996141484,0.234782608695652,0.117391304347826,0.74,0.1,0.16,0.0863747398167718,0.234822995211548,0.117411497605774,0.740065252299524,0.099979806742052,0.159954940958424,22,18,2,2,28,19,3,6
46,2,0.652173913043478,0.217391304347826,0.130434782608696,0.136552620209859,0.372949097231066,0.186474548615533,0.838648461659011,0.0806757691704945,0.0806757691704945,0.0454492735323282,0.127091681931587,0.0635458409657937,0.692307411789098,0.153845463382032,0.153847124828869,0.141569579013939,0.387625903401255,0.193812951700628,0.845986864744106,0.0770069793316046,0.0770061559242897,0.13292707483945,0.36231884057971,0.181159420289855,0.833333333333333,0.0833333333333333,0.0833333333333333,0.133589168937626,0.364261977005862,0.182130988502931,0.834304901546409,0.0828479265648774,0.0828471718887131,25,17,4,4,23,23,0,0
46,3,0.652173913043478,0.217391304347826,0.130434782608696,0.157429252346088,0.425384672973473,0.212692336486737,0.864866249530215,0.0540588944207659,0.0810748560490192,0.157428979562911,0.425380071627868,0.212690035813934,0.864863948857412,0.0540547352386861,0.0810813159039015,0.11279757949296,0.293945463912459,0.14697273195623,0.799146644999708,0.0902001624629296,0.110653192537362,0.157429652199212,0.425381903642773,0.212690951821387,0.864864864864865,0.0540540540540541,0.0810810810810811,0.157429472342255,0.425381428023594,0.212690714011797,0.864864627055275,0.0540542525715047,0.0810811203732199,22,20,1,1,15,12,1,2
46,4,0.652173913043478,0.217391304347826,0.130434782608696,0.0757745539345108,0.208604953593937,0.104302476796969,0.756476389840447,0.143946415804886,0.0995771943546675,0.0894563447247952,0.25191514765476,0.12595757382738,0.599426138490363,0.343348878175206,0.0572249833344311,0.0583992674542731,0.160696553585982,0.0803482767929911,0.732522189836469,0.193764899061677,0.0737129111018538,0.0649254946936175,0.179236912156167,0.0896184560780834,0.714285714285714,0.244897959183673,0.0408163265306122,0.0507985498007781,0.143092897908503,0.0715464489542516,0.72372036199773,0.17599951917238,0.10028011882989,18,17,0,1,31,18,12,1
46,5,0.652173913043478,0.217391304347826,0.130434782608696,0.0831691995527117,0.234756734727172,0.117378367363586,0.704350586636796,0.10001293698424,0.195636476378964,0.128998616073676,0.362364519074691,0.181182259537346,0.580041007596011,0.108341950257948,0.311617042146041,0.0770167309316838,0.217819292959183,0.108909646479592,0.70780429694648,0.108481657868235,0.183714045185285,0.098309424144081,0.277919863597613,0.138959931798806,0.725490196078431,0.0784313725490196,0.196078431372549,0.0849481575067927,0.239505859230044,0.119752929615022,0.720339592660787,0.0976383747328041,0.182022032606409,21,11,2,8,30,26,2,2
47,1,0.608695652173913,0.260869565217391,0.130434782608696,0.108303677015757,0.294583611554733,0.147291805777367,0.571427938435215,0.408161370994758,0.0204106905700275,0.0770565642983267,0.205381305642878,0.102690652821439,0.628457066231612,0.343798803981131,0.0277441297872567,0.103273546013132,0.287077574670148,0.143538787335074,0.560284348260721,0.404408352552465,0.0353072991868132,0.108305318978716,0.294587400177462,0.147293700088731,0.571428571428571,0.408163265306122,0.0204081632653061,0.108304362657744,0.29458487587871,0.147292437939355,0.571428764567817,0.408162003156746,0.0204092322754369,24,16,7,1,25,12,13,0
47,2,0.608695652173913,0.260869565217391,0.130434782608696,0.240122728472773,0.67731266181828,0.33865633090914,0.270039321264773,0.451930292536206,0.278030386199021,0.101163059717394,0.26084213025629,0.130421065128145,0.478274587045768,0.275151654793212,0.24657375816102,0.235879699722955,0.664967447414803,0.332483723707401,0.276211928466512,0.450558798231463,0.273229273302025,0.211999385165309,0.588819875776398,0.294409937888199,0.314285714285714,0.457142857142857,0.228571428571429,0.236993764140635,0.668789693611533,0.334394846805766,0.274300805368147,0.447666253520556,0.278032941111297,17,1,12,4,18,10,4,4
47,3,0.608695652173913,0.260869565217391,0.130434782608696,0.171302462442631,0.483523908280591,0.241761954140295,0.850457606314208,0.12656589817604,0.0229764955097515,0.199110830907275,0.557082333511631,0.278541166755816,0.887236818929729,0.085838692500468,0.0269244885698034,0.156416613750508,0.440716850889208,0.220358425444604,0.829054077618517,0.133931508935803,0.03701441344568,0.171661240931543,0.484736355226642,0.242368177613321,0.851063829787234,0.127659574468085,0.0212765957446809,0.171818413868301,0.484899017628357,0.242449508814178,0.851145160988091,0.125643818947196,0.0232110200647125,22,17,5,0,25,23,1,1
47,4,0.608695652173913,0.260869565217391,0.130434782608696,0.101132775007095,0.26084810109839,0.130424050549195,0.623075280793331,0.376913987147168,1.07320595008347e-05,0.149300859363638,0.418021782377721,0.20901089118886,0.530112309762096,0.469880456406252,7.2338316523192e-06,0.099525227618549,0.26086567472356,0.13043283736178,0.628104182864823,0.371893871888261,1.94524691559096e-06,0.0981913455833889,0.260869565217391,0.130434782608696,0.63265306122449,0.36734693877551,0,0.0983337472115866,0.260832468210249,0.130416234105125,0.632094760958085,0.367886690538344,1.85485035709369e-05,28,21,7,0,21,10,11,0
47,5,0.608695652173913,0.260869565217391,0.130434782608696,0.157289535998644,0.404850162258684,0.202425081129342,0.427620341188114,0.463294646346733,0.109085012465152,0.188584609468124,0.508489992385702,0.254244996192851,0.354450655981062,0.457747663988888,0.18780168003005,0.158172773369157,0.413663785365123,0.206831892682561,0.431500538854765,0.467701457899953,0.100798003245282,0.154508253161007,0.387351778656126,0.193675889328063,0.424242424242424,0.454545454545455,0.121212121212121,0.156932625121762,0.404626119106393,0.202313059553197,0.428521132723573,0.463182624770588,0.108296242505839,16,5,7,4,17,9,8,0
48,1,0.565217391304348,0.304347826086957,0.130434782608696,0.206534355952519,0.539488148160424,0.269744074080212,0.333323392023523,0.574091900167168,0.0925847078093089,0.206521788444696,0.539450509237228,0.269725254618614,0.333333689380881,0.574073080705571,0.0925932299135483,0.194929682853229,0.492857307318424,0.246428653659212,0.334993434638584,0.550776479746169,0.114230085615248,0.20652239308731,0.539452495974235,0.269726247987118,0.333333333333333,0.574074074074074,0.0925925925925926,0.206518376511246,0.539441821492088,0.269720910746044,0.333337698225579,0.574068736833001,0.0925935649414207,30,10,18,2,24,8,13,3
48,2,0.565217391304348,0.304347826086957,0.130434782608696,0.108231579258998,0.279397473474658,0.139698736737329,0.704916128041677,0.180329192088776,0.114754679869548,0.108233023211688,0.279401304448911,0.139700652224455,0.704918043528803,0.180327611693886,0.11475434477731,0.0888631198393315,0.221707411867963,0.110853705933982,0.671913855269432,0.193494120152975,0.134592024577593,0.108232932267349,0.279401282965075,0.139700641482537,0.704918032786885,0.180327868852459,0.114754098360656,0.108232505766894,0.279399262488654,0.139699631244327,0.704917022548675,0.180327698212414,0.114755279238911,33,24,5,4,28,19,6,3
48,3,0.565217391304348,0.304347826086957,0.130434782608696,0.219300348288244,0.605844653401146,0.302922326700573,0.868139718004921,0.0952888144370039,0.0365714675580752,0.137849204304568,0.389565258418254,0.194782629209127,0.760000020513475,0.199999485545344,0.0400004939411813,0.212807810271673,0.587122672589987,0.293561336294993,0.858778727599341,0.100147191521323,0.0410740808793353,0.211367300788865,0.590495449949444,0.295247724974722,0.86046511627907,0.116279069767442,0.0232558139534884,0.213966599904959,0.591018089292674,0.295509044646337,0.860726435950685,0.100216338507663,0.0390572255416526,24,18,5,1,19,19,0,0
48,4,0.565217391304348,0.304347826086957,0.130434782608696,0.0178896474062143,0.0489166573631915,0.0244583286815957,0.540759062622752,0.310973255507607,0.148267681869641,0.0528326104503659,0.142913715093153,0.0714568575465764,0.510584856557055,0.287523503287673,0.201891640155272,0.0227709201188221,0.0643142777601706,0.0321571388800853,0.533060252424262,0.31893944600807,0.148000301567667,0.0206167692406989,0.0535117056856187,0.0267558528428093,0.538461538461538,0.307692307692308,0.153846153846154,0.0182858260914972,0.0497562342531759,0.0248781171265879,0.54033927417776,0.310674060429847,0.148986665392393,25,15,9,1,27,13,7,7
48,5,0.565217391304348,0.304347826086957,0.130434782608696,0.0756459939368451,0.213948534396929,0.106974267198465,0.512654495798593,0.411322093285421,0.0760234109159856,0.12522320588571,0.352838997306567,0.176419498653284,0.388797892651064,0.379201029840902,0.232001077508034,0.0751829402246344,0.198159526752398,0.0990797633761987,0.549085773836629,0.403427589463155,0.0474866367002154,0.0551615840444193,0.153209109730849,0.0766045548654244,0.53968253968254,0.380952380952381,0.0793650793650794,0.0755259897973376,0.200572297687266,0.100286148843633,0.546906359934868,0.40463397493059,0.0484596651345423,46,28,18,0,17,6,6,5
49,1,0.521739130434783,0.347826086956522,0.130434782608696,0.164606144263191,0.448918219512406,0.224459109756203,0.297280020678579,0.51350052119066,0.18921945813076,0.164598511573683,0.448886946972392,0.224443473486196,0.297295656948587,0.513506690368267,0.189197652683146,0.156003624062367,0.435415205845297,0.217707602922649,0.304031527512134,0.487635434013815,0.208333038474051,0.164599048269645,0.448883666274971,0.224441833137485,0.297297297297297,0.513513513513513,0.189189189189189,0.164597213157422,0.448879094198657,0.224439547099329,0.297299583335454,0.513511093528879,0.189189323135667,17,5,8,4,20,6,11,3
49,2,0.521739130434783,0.347826086956522,0.130434782608696,0.0510766085515568,0.143223720553324,0.071611860276662,0.565732612861822,0.27621422667986,0.158053160458319,0.106389897981965,0.299368616755784,0.149684308377892,0.583383881167227,0.19814177857863,0.218474340254143,0.0453459381885273,0.128014374484426,0.0640071872422129,0.557161956616249,0.283818899714309,0.159019143669442,0.0422881893525144,0.118729096989967,0.0593645484949833,0.557692307692308,0.288461538461538,0.153846153846154,0.0456863317869311,0.127037148533835,0.0635185742669173,0.563740702984197,0.284307512689604,0.151951784326198,30,16,12,2,22,13,3,6
49,3,0.521739130434783,0.347826086956522,0.130434782608696,0.0556421410442529,0.148829639253669,0.0744148196268346,0.596153950061617,0.288462464585177,0.115383585353206,0.0556390574463833,0.148819467547097,0.0744097337735486,0.596148864208331,0.288463812502635,0.115387323289034,0.041538721238394,0.104926189485468,0.0524630947427342,0.570859885103317,0.295362992213788,0.133777122682896,0.055642331208757,0.148829431438127,0.0744147157190636,0.596153846153846,0.288461538461538,0.115384615384615,0.0556423535153942,0.1488292575104,0.0744146287551998,0.596153759189982,0.288461278868723,0.115384961941294,27,17,8,2,25,14,7,4
49,4,0.521739130434783,0.347826086956522,0.130434782608696,0.0824063496080239,0.22055249910206,0.11027624955103,0.411462880883752,0.435607300928664,0.152929818187583,0.146382968835127,0.414016553890899,0.207008276945449,0.314730853489333,0.449705324036666,0.235563822474001,0.0865686580742364,0.234360503874578,0.117180251937289,0.404558878497493,0.437121102732755,0.158320018769752,0.082631868670317,0.22866344605475,0.114331723027375,0.407407407407407,0.425925925925926,0.166666666666667,0.0853902001632021,0.230553089805558,0.115276544902779,0.406462585532004,0.436620708236453,0.156916706231543,25,14,10,1,29,8,13,8
49,5,0.521739130434783,0.347826086956522,0.130434782608696,0.11936757801994,0.32934123870072,0.16467061935036,0.357068511084423,0.397980371700905,0.244951117214672,0.137058249232926,0.347409886806184,0.173704943403092,0.360405855822764,0.335454418165449,0.304139726011788,0.116161238838423,0.316227301107128,0.158113650553564,0.363625479881218,0.388279735625871,0.248094784492911,0.123760582561003,0.337595907928389,0.168797953964194,0.352941176470588,0.392156862745098,0.254901960784314,0.120093191587856,0.327940175835953,0.163970087917977,0.357769042516806,0.391484642689161,0.250746314794033,20,7,11,2,31,11,9,11
50,1,0.478260869565217,0.391304347826087,0.130434782608696,0.115241962729215,0.31733761626273,0.158668808131365,0.366689499836623,0.549973155957452,0.083337344205925,0.113564430455922,0.293985124539614,0.146992562269807,0.348727013757737,0.538296910095894,0.112976076146369,0.113604236880402,0.317013730634927,0.158506865317463,0.376301398256134,0.54981121314355,0.0738873886003155,0.115262197710707,0.317391304347826,0.158695652173913,0.366666666666667,0.55,0.0833333333333333,0.115267596110029,0.317425631886538,0.158712815943269,0.366692513329067,0.550017163769356,0.0832903229015768,24,10,14,0,36,12,19,5
50,2,0.478260869565217,0.391304347826087,0.130434782608696,0.111458183831835,0.289385578476223,0.144692789238111,0.622953658803329,0.264806428099161,0.112239913097511,0.0790760097854044,0.212650958747169,0.106325479373584,0.561435145573151,0.284978868452503,0.153585985974347,0.100587240374827,0.259093001427086,0.129546500713543,0.60780737027876,0.275639374134457,0.116553255586782,0.112286027919585,0.289379900213828,0.144689950106914,0.622950819672131,0.262295081967213,0.114754098360656,0.111238610620269,0.288688754559171,0.144344377279585,0.622605246844803,0.264960503314258,0.112434249840939,31,16,9,6,30,22,7,1
50,3,0.478260869565217,0.391304347826087,0.130434782608696,0.0570253180635827,0.161083286844832,0.0805416434224158,0.558802512987633,0.347482032557025,0.0937154544553417,0.0851928728273618,0.224500173591497,0.112250086795749,0.590510956360966,0.297275783725925,0.112213259913109,0.0489378396289839,0.132056826606664,0.0660284133033319,0.544289282868549,0.340330333302077,0.115380383829374,0.0565204428048694,0.159757330637007,0.0798786653185035,0.558139534883721,0.348837209302326,0.0930232558139535,0.0567184849170767,0.160265162772679,0.0801325813863394,0.558393450951557,0.34814664205172,0.0934599069967237,20,13,4,3,23,11,11,1
50,4,0.478260869565217,0.391304347826087,0.130434782608696,0.0693793616836707,0.195275603875627,0.0976378019378137,0.421052185165578,0.350875230287912,0.228072584546509,0.0693783663372164,0.195272730176463,0.0976363650882317,0.421052708910305,0.350876143392768,0.228071147696927,0.0710539146229018,0.19970174894234,0.0998508744711699,0.418571195269579,0.351143147650555,0.230285657079866,0.0693777276347716,0.195270785659802,0.0976353928299008,0.421052631578947,0.350877192982456,0.228070175438596,0.0693771473105697,0.195269057123211,0.0976345285616055,0.42105271868981,0.350877970139889,0.228069311170301,29,13,12,4,28,11,8,9
50,5,0.478260869565217,0.391304347826087,0.130434782608696,0.180175929946162,0.501981773280448,0.250990886640224,0.641805356442455,0.140313461185863,0.217881182371682,0.0554228862190883,0.140533326453751,0.0702666632268753,0.543468966422987,0.396362914195193,0.0601681193818204,0.155183892043636,0.40781962468061,0.203909812340305,0.650491318054319,0.187394535485782,0.162114146459899,0.105496890225294,0.291380625476735,0.145690312738368,0.578947368421053,0.245614035087719,0.175438596491228,0.170269386503293,0.47180248901257,0.235901244506285,0.638049848628842,0.155403103319802,0.206547048051357,25,16,0,9,32,17,14,1
51,1,0.434782608695652,0.434782608695652,0.130434782608696,0.101439322716397,0.260869478629893,0.130434739314946,0.448279688576061,0.55172026813019,4.32937492667094e-08,0.101440056294032,0.260869564291737,0.130434782145869,0.448277632882254,0.551722366654919,4.62826915789135e-10,0.100433831986265,0.260864579445381,0.130432289722691,0.451305886939391,0.548691620174603,2.49288600505607e-06,0.101440658614916,0.260869565217391,0.130434782608696,0.448275862068966,0.551724137931034,0,0.101440941745688,0.26086874514574,0.13043437257287,0.448274048665387,0.551725541298787,4.10035825899488e-07,24,13,11,0,34,13,21,0
51,2,0.434782608695652,0.434782608695652,0.130434782608696,0.0176449713208337,0.0473056720958892,0.0236528360479445,0.411129772647708,0.453495610018791,0.135374617333502,0.0877292900576101,0.220181765615102,0.110090882807551,0.324691725888101,0.539372380178751,0.135935893933147,0.0233775441546371,0.0639285187760419,0.0319642593880209,0.402818349307631,0.443451808239272,0.153729842453097,0.0174390447804271,0.0471014492753623,0.0235507246376812,0.416666666666667,0.458333333333333,0.125,0.0176424594411487,0.0473001401748377,0.0236500700874188,0.411132538608233,0.453491697875116,0.135375763516651,24,6,15,3,24,14,7,3
51,3,0.434782608695652,0.434782608695652,0.130434782608696,0.0606242590918112,0.149309950634154,0.0746549753170769,0.509437584012729,0.433964396310002,0.0565980196772686,0.0606209022447126,0.149306153702918,0.074653076851459,0.509435685547111,0.433959895698254,0.0566044187546343,0.0454765663023189,0.119895843743388,0.0599479218716939,0.494730530567346,0.424979471278511,0.080289998154143,0.0606204460784533,0.149302707136998,0.0746513535684988,0.509433962264151,0.433962264150943,0.0566037735849057,0.0606199817573164,0.149301351250351,0.0746506756251755,0.509433284320828,0.433962486317502,0.0566042293616706,24,13,9,2,29,14,14,1
51,4,0.434782608695652,0.434782608695652,0.130434782608696,0.169026800918149,0.473107546575177,0.236553773287589,0.523279915079001,0.198228835408063,0.278491249512935,0.0805054087295643,0.215411733361201,0.107705866680601,0.412886927490147,0.348972423220557,0.238140649289296,0.154435094448704,0.428922451992483,0.214461225996241,0.506234953091003,0.220321382699411,0.273443664209586,0.132531457667912,0.369565217391304,0.184782608695652,0.5,0.25,0.25,0.154807028080971,0.429752533396594,0.214876266698297,0.505903164726847,0.219906341997355,0.274190493275797,36,14,14,8,24,16,1,7
51,5,0.434782608695652,0.434782608695652,0.130434782608696,0.0451226646463408,0.114526433737243,0.0572632168686215,0.439026201782827,0.487802232477098,0.0731715657400742,0.0451238432689677,0.114526802924109,0.0572634014620544,0.439023348256807,0.487805270596552,0.0731713811466412,0.0245235875912733,0.0665878089247646,0.0332939044623823,0.426546748353009,0.468076513158035,0.105376738488956,0.0451239968815354,0.114528101802757,0.0572640509013786,0.439024390243902,0.48780487804878,0.0731707317073171,0.0451209204113493,0.114526236951162,0.0572631184755807,0.439030820439924,0.487797515426961,0.0731716641331149,27,11,14,2,14,7,6,1
52,1,0.391304347826087,0.478260869565217,0.130434782608696,0.0714295350443674,0.20190822356876,0.10095411178438,0.438704359625002,0.377306757780837,0.18398888259416,0.121941162143362,0.322940698225569,0.161470349112785,0.363009284876717,0.345085583401802,0.29190513172148,0.0679983935034887,0.191858139836342,0.0959290699181712,0.445089745011588,0.382331799647046,0.172578455341366,0.0762929360369389,0.215780998389694,0.107890499194847,0.444444444444444,0.37037037037037,0.185185185185185,0.0692754408127753,0.195081834397032,0.097540917198516,0.448009360840099,0.380719952366701,0.1712706867932,22,7,7,8,32,17,13,2
52,2,0.391304347826087,0.478260869565217,0.130434782608696,0.1558385427899,0.393873135199027,0.196936567599514,0.588240915425601,0.294116052310196,0.117643032264203,0.15583394536987,0.393850069506321,0.19692503475316,0.588229382579247,0.294114480836383,0.117656136584369,0.144855284564348,0.358989366140661,0.17949468307033,0.570799030896417,0.303010169841974,0.126190799261609,0.155835436579676,0.39386189258312,0.19693094629156,0.588235294117647,0.294117647058824,0.117647058823529,0.15583531593814,0.393861898105288,0.196930949052644,0.588235296878731,0.294117979582846,0.117646723538423,27,15,7,5,24,15,8,1
52,3,0.391304347826087,0.478260869565217,0.130434782608696,0.107113978429808,0.282635370781746,0.141317685390873,0.249986662435214,0.596164716328987,0.153848621235799,0.107103547833872,0.282609996507082,0.141304998253541,0.249999349572546,0.596151362291726,0.153849288135728,0.0947898741034666,0.257418528004048,0.128709264002024,0.262595083824063,0.575067379306501,0.162337536869436,0.107103944755707,0.282608695652174,0.141304347826087,0.25,0.596153846153846,0.153846153846154,0.107102805899296,0.282605673960148,0.141302836980074,0.250001510846013,0.596152607098318,0.153845882055669,26,6,14,6,26,7,17,2
52,4,0.391304347826087,0.478260869565217,0.130434782608696,0.0417429586899915,0.102770579849436,0.051385289924718,0.3907786630458,0.529646159489935,0.0795751774642643,0.112251111920923,0.29405746731104,0.14702873365552,0.244275614170567,0.603615199751048,0.152109186078386,0.0433840251396649,0.114501798187587,0.0572508990937934,0.381784169036048,0.535511768659011,0.0827040623049416,0.0310829938050855,0.0819397993311037,0.0409698996655519,0.384615384615385,0.519230769230769,0.0961538461538462,0.0430124459729162,0.113310649074296,0.0566553245371479,0.382153140236426,0.534916194102365,0.0829306656612091,24,14,10,0,28,6,17,5
52,5,0.391304347826087,0.478260869565217,0.130434782608696,0.106795651656515,0.293684455462705,0.146842227731353,0.348477137524352,0.3742458521356,0.277277010340048,0.246893909825941,0.623411295423469,0.311705647711734,0.0991995663616551,0.458660003317915,0.44214043032043,0.122885183193161,0.347506112050504,0.173753056025252,0.307353399079059,0.388458762286994,0.304187838633948,0.127604066281483,0.339130434782609,0.169565217391304,0.36,0.34,0.3,0.122766128885663,0.347171543308323,0.173585771654162,0.30163595999433,0.394343485742813,0.304020554262857,20,16,3,1,30,2,14,14
53,1,0.347826086956522,0.521739130434783,0.130434782608696,0.0968466143738898,0.257583538818339,0.128791769409169,0.219034317547352,0.545781450577251,0.235184231875397,0.171924921975231,0.461891632022688,0.230945816011344,0.166510254164471,0.47210914721549,0.36138059862004,0.091768584365913,0.243243634815701,0.12162181740785,0.226204269548671,0.543328746929065,0.230466983522263,0.106694542540036,0.278985507246377,0.139492753623188,0.208333333333333,0.541666666666667,0.25,0.0950335257582363,0.254567510845284,0.127283755422642,0.22054233153388,0.548015372447057,0.231442296019063,25,7,16,2,23,3,10,10
53,2,0.347826086956522,0.521739130434783,0.130434782608696,0.145895620210098,0.404022227377102,0.202011113688551,0.145814973267971,0.586386325730894,0.267798701001135,0.163379313380805,0.422960550684394,0.211480275342197,0.161486508114491,0.496598433934616,0.341915057950892,0.133392928214772,0.358983264170869,0.179491632085435,0.168334454871087,0.56120994816773,0.270455596961183,0.151697559259385,0.416582406471183,0.208291203235591,0.13953488372093,0.581395348837209,0.27906976744186,0.145903857417175,0.400489490134464,0.200244745067232,0.14758134188929,0.578751933630067,0.273666724480643,25,4,11,10,18,2,14,2
53,3,0.347826086956522,0.521739130434783,0.130434782608696,0.12199637887668,0.313152790392202,0.156576395196101,0.206787996616895,0.506200825578308,0.287011177804797,0.172754442917834,0.44184513946858,0.22092256973429,0.327703387191619,0.320939260465395,0.351357352342986,0.121724784973556,0.326330132578113,0.163165066289057,0.218722445108035,0.487677705994213,0.293599848897752,0.108401806668918,0.284584980237154,0.142292490118577,0.227272727272727,0.5,0.272727272727273,0.122718114427887,0.330862521949538,0.165431260974769,0.21967944467843,0.484454511738105,0.295866043583465,19,1,15,3,25,9,7,9
53,4,0.347826086956522,0.521739130434783,0.130434782608696,0.111558691303786,0.297075566900491,0.148537783450246,0.496363870406767,0.401422355219903,0.10221377437333,0.224809952824471,0.56138885343183,0.280694426715915,0.628520513672437,0.252096706642025,0.119382779685538,0.111192800780415,0.29427287077573,0.147136435387865,0.494962522344387,0.400119789402221,0.104917688253392,0.109622713232517,0.304347826086957,0.152173913043478,0.5,0.42,0.08,0.111558417884144,0.297074807061948,0.148537403530974,0.496363490487496,0.401422619650543,0.102213889861962,25,17,5,3,25,8,16,1
53,5,0.347826086956522,0.521739130434783,0.130434782608696,0.0817401022382444,0.224831235721988,0.112415617860994,0.268289902245097,0.634154748295777,0.0975553494591259,0.0817337561594134,0.224811980144882,0.112405990072441,0.268293274287809,0.634145120507224,0.0975616052049676,0.0623342829181885,0.154312132172621,0.0771560660863106,0.272321771404145,0.598895196521093,0.128783032074761,0.0817345920941459,0.224814422057264,0.112407211028632,0.268292682926829,0.634146341463415,0.0975609756097561,0.0817332077320238,0.22481032776824,0.11240516388412,0.268293583917567,0.634144294318903,0.0975621217635306,22,4,16,2,19,7,10,2
54,1,0.304347826086957,0.565217391304348,0.130434782608696,0.0510191687706509,0.13736025858838,0.0686801292941898,0.235667696792767,0.618707214518387,0.145625088688846,0.0327715086694456,0.0913697227146265,0.0456848613573132,0.333945088575482,0.519532529947035,0.146522381477483,0.055306261208693,0.15629102809278,0.0781455140463901,0.226202312040566,0.607141949362916,0.166655738596517,0.054657075114399,0.135011441647597,0.0675057208237987,0.236842105263158,0.631578947368421,0.131578947368421,0.0587782395441672,0.15656782066943,0.0782839103347148,0.226063915752242,0.628567696330731,0.145368387917027,16,7,7,2,22,2,17,3
54,2,0.304347826086957,0.565217391304348,0.130434782608696,0.229576445646967,0.610792909081338,0.305396454540669,0.609744280627626,0.317084522737815,0.0731711966345596,0.229589448983759,0.610825192052344,0.305412596026172,0.609760422113128,0.3170682713065,0.073171306580372,0.214004147093484,0.549247062659335,0.274623531329668,0.578971357416624,0.317755276162849,0.103273366420527,0.229585814031839,0.610816542948038,0.305408271474019,0.609756097560976,0.317073170731707,0.0731707317073171,0.229585996898819,0.61081622833445,0.305408114167225,0.609755940254181,0.317072212011013,0.073171847734806,20,11,8,1,21,14,5,2
54,3,0.304347826086957,0.565217391304348,0.130434782608696,0.139622481281373,0.354331144206191,0.177165572103096,0.481513398190052,0.401130128797505,0.117356473012443,0.0642461903591353,0.178727710054953,0.0893638550274763,0.363240155581797,0.475853536276871,0.160906308141332,0.128863258949029,0.318093032155294,0.159046516077647,0.463394342164603,0.408643737074987,0.12796192076041,0.134436179226911,0.340456890198968,0.170228445099484,0.474576271186441,0.406779661016949,0.11864406779661,0.130477064686211,0.327491389356095,0.163745694678047,0.468093520765004,0.40967699874019,0.122229480494806,34,11,17,6,25,17,7,1
54,4,0.304347826086957,0.565217391304348,0.130434782608696,0.104922619160317,0.29606941851162,0.14803470925581,0.452382535342767,0.499999335446933,0.0476181292103,0.11679158195676,0.328741301259576,0.164370650629788,0.468718476716745,0.468991861838557,0.0622896614446983,0.105047726137895,0.297096610032772,0.148548305016386,0.452896131103343,0.492551951847742,0.0545519170489148,0.104921495368036,0.296066252587992,0.148033126293996,0.452380952380952,0.5,0.0476190476190476,0.1049216788057,0.296066761802489,0.148033380901245,0.452381206988201,0.499999941123194,0.0476188518886043,19,9,8,2,23,10,13,0
54,5,0.304347826086957,0.565217391304348,0.130434782608696,0.174343112630954,0.485716389155461,0.242858194577731,0.462630747839616,0.322359196726617,0.215010055433766,0.0942768015701999,0.266211014949216,0.133105507474608,0.377561351656828,0.43211188382974,0.190326764513432,0.17470847729872,0.491228411970141,0.245614205985071,0.450389051051247,0.319603185319277,0.230007763629476,0.160861970931164,0.44472049689441,0.222360248447205,0.457142857142857,0.342857142857143,0.2,0.169542983138869,0.472673061037093,0.236336530518546,0.457530630530435,0.328880860785801,0.213588508683763,19,6,10,3,16,10,2,4
55,1,0.260869565217391,0.608695652173913,0.130434782608696,0.0647051150334257,0.178472588771475,0.0892362943857374,0.171633270831654,0.63576983486443,0.192596894303916,0.0506889266002617,0.130705663946427,0.0653528319732133,0.253704057380844,0.550508328037247,0.195787614581909,0.0693578463345806,0.179434193038703,0.0897170965193513,0.17115246869804,0.61921911318512,0.20962841811684,0.0567300398988432,0.158102766798419,0.0790513833992095,0.181818181818182,0.636363636363636,0.181818181818182,0.0647050861353196,0.17847247924717,0.0892362396235849,0.171633325593806,0.635769758446885,0.192596915959308,22,7,11,4,22,1,17,4
55,2,0.260869565217391,0.608695652173913,0.130434782608696,0.0686715810977259,0.192604540376161,0.0963022701880804,0.357171835405472,0.571411146877505,0.071417017717023,0.0309067634909744,0.0820459762830478,0.0410229881415239,0.294445433639259,0.616142771893569,0.0894117944671718,0.0700553747276445,0.197766010503449,0.0988830052517244,0.359752570469116,0.564568916394925,0.0756785131359598,0.0686515719734545,0.192546583850932,0.0962732919254659,0.357142857142857,0.571428571428571,0.0714285714285714,0.0683642476807234,0.191544750519232,0.0957723752596158,0.356641940477007,0.572265670036127,0.0710923894868656,27,7,17,3,15,8,7,0
55,3,0.260869565217391,0.608695652173913,0.130434782608696,0.11412854657465,0.295095714291272,0.147547857145636,0.24375435268775,0.756243509319549,2.13799270143868e-06,0.108981145098592,0.272642562716716,0.136321281358358,0.397190846575749,0.602806322442168,2.83098208264051e-06,0.139685075260096,0.387407078200772,0.193703539100386,0.197589876040882,0.802399191274299,1.0932684818721e-05,0.134080266958389,0.368815592203898,0.184407796101949,0.206896551724138,0.793103448275862,0,0.132710065963805,0.364171018606371,0.182085509303185,0.209217074445671,0.790781161477098,1.76407723030079e-06,37,3,34,0,21,9,12,0
55,4,0.260869565217391,0.608695652173913,0.130434782608696,0.0543986225020162,0.153763001240665,0.0768815006203324,0.224824924660483,0.567858792110489,0.207316283229028,0.112228777455671,0.295232015641815,0.147616007820907,0.284179218560177,0.461079644353006,0.254741137086817,0.0626724358924362,0.17401919995915,0.0870095999795752,0.23198490423457,0.550570713177159,0.217444382588271,0.0520774469515909,0.147293700088731,0.0736468500443656,0.224489795918367,0.571428571428571,0.204081632653061,0.0548445518221573,0.154925466858791,0.0774627334293957,0.225533930249274,0.566568553712635,0.207897516038091,25,8,10,7,24,3,18,3
55,5,0.260869565217391,0.608695652173913,0.130434782608696,0.0558967515349617,0.15779928296797,0.078899641483985,0.217200126185098,0.573465449722221,0.209334424092681,0.137455530786164,0.388668946925004,0.194334473462502,0.353960193848997,0.414361178711411,0.231678627439592,0.0560054970304062,0.153684171844531,0.0768420859222652,0.205823423165707,0.586899708303332,0.207276868530961,0.0374283604718647,0.0991304347826087,0.0495652173913043,0.22,0.6,0.18,0.05509870571647,0.150294002489628,0.0751470012448142,0.205449574453246,0.588968641693244,0.20558178385351,28,2,22,4,22,9,8,5
56,1,0.217391304347826,0.652173913043478,0.130434782608696,0.121889098398117,0.301443757494291,0.150721878747145,0.0666694256006808,0.799975275611954,0.133355298787365,0.121899552608515,0.301446442768274,0.150723221384137,0.0666680829636891,0.800000234394775,0.133331682641536,0.0921890746953501,0.248431266722196,0.124215633361098,0.0931756709867282,0.748575979406784,0.158248349606488,0.121900054669522,0.301449275362319,0.150724637681159,0.0666666666666667,0.8,0.133333333333333,0.121899544153371,0.301448368476179,0.150724184238089,0.0666671201097366,0.799999192447664,0.1333336874426,20,2,15,3,25,1,21,3
56,2,0.217391304347826,0.652173913043478,0.130434782608696,0.141879155632985,0.360789014967369,0.180394507483684,0.383666862861675,0.471779405559794,0.144553731578531,0.165557324616364,0.455832339487918,0.227916169743959,0.284932729730732,0.424257743299519,0.290809526969749,0.139645887053921,0.372727154976462,0.186363577488231,0.367167469101893,0.465810335555247,0.16702219534286,0.15025518476122,0.420626895854398,0.210313447927199,0.348837209302326,0.441860465116279,0.209302325581395,0.139653690410908,0.37287363401865,0.186436817009325,0.367051849733124,0.465737096034153,0.167211054232723,27,7,11,9,16,8,8,0
56,3,0.217391304347826,0.652173913043478,0.130434782608696,0.0623301071042466,0.175651701555874,0.0878258507779371,0.179999753721047,0.739999763821415,0.0800004824575378,0.0623270725394963,0.175642923213655,0.0878214616068276,0.180002775469056,0.739995374650306,0.0800018498806376,0.0355479494976272,0.0996286824881452,0.0498143412440726,0.198347888925582,0.701988254287551,0.099663856786867,0.0623302989128954,0.175652173913043,0.0878260869565217,0.18,0.74,0.08,0.0623287004572606,0.175647532954337,0.0878237664771686,0.180001681634489,0.739997679520647,0.0800006388448638,26,4,21,1,24,5,16,3
56,4,0.217391304347826,0.652173913043478,0.130434782608696,0.189591929425623,0.526762643002223,0.263381321501111,0.0422223827277054,0.91555523454459,0.0422223827277049,0.18613290349037,0.514361938187865,0.257180969093933,0.0402040246949859,0.909354882137411,0.0504410931676031,0.17847101967213,0.496070890782935,0.248035445391467,0.0529177950906239,0.900209358434946,0.0468728464744305,0.190363987679085,0.528985507246377,0.264492753623188,0.0416666666666667,0.916666666666667,0.0416666666666667,0.190399357972362,0.529625892275577,0.264812946137789,0.0427539072682014,0.916986859181267,0.0402592335505317,17,0,15,2,31,2,29,0
56,5,0.217391304347826,0.652173913043478,0.130434782608696,0.0218846225728769,0.0585204135798444,0.0292602067899222,0.194027056364289,0.646277954237093,0.159694989398618,0.105439423674535,0.297382277024096,0.148691138512048,0.0687001658357782,0.716802636452193,0.214497197712029,0.0264564857497979,0.074248600764824,0.037124300382412,0.180267003965414,0.666703917629523,0.153029078405063,0.0125987173521812,0.0316205533596838,0.0158102766798419,0.218181818181818,0.636363636363636,0.145454545454545,0.0283644165661062,0.0702357578602903,0.0351178789301451,0.182273425417681,0.652944132328348,0.164782442253971,30,1,22,7,25,11,13,1
57,1,0.173913043478261,0.695652173913043,0.130434782608696,0.207375459897502,0.585499403316228,0.292749701658114,0.335456321577948,0.40290247225493,0.261641206167122,0.182810398593898,0.511751296193847,0.255875648096923,0.269832087345018,0.43977652581612,0.290391386838862,0.207136184164996,0.585828843652081,0.29291442182604,0.323362628096219,0.402737752087003,0.273899619816778,0.206006741767032,0.581780538302277,0.290890269151139,0.333333333333333,0.404761904761905,0.261904761904762,0.205017212910498,0.579303335678908,0.289651667839454,0.329897724683869,0.40600050607359,0.264101769242541,25,5,12,8,17,9,5,3
57,2,0.173913043478261,0.695652173913043,0.130434782608696,0.0423298861607159,0.108692685474294,0.054346342737147,0.12500084805406,0.74999851665019,0.12500063529575,0.0423288120256964,0.108686106676665,0.0543430533383326,0.124999462935082,0.749995227251376,0.125005309813542,0.0195956155007156,0.0554245677979006,0.0277122838989503,0.146200759579311,0.709443422828868,0.144355817591821,0.0423308748027099,0.108695652173913,0.0543478260869565,0.125,0.75,0.125,0.0423306142854539,0.108695382775325,0.0543476913876627,0.125000575719098,0.749999865300706,0.124999558980196,25,4,19,2,23,2,17,4
57,3,0.173913043478261,0.695652173913043,0.130434782608696,0.0770454115107975,0.197917360582156,0.0989586802910778,0.272871723769339,0.606683875201997,0.120444401028665,0.206381167103546,0.555365483454133,0.277682741727066,0.390593995614675,0.417969432185977,0.191436572199348,0.0511327050774962,0.144039418836763,0.0720197094183814,0.245932752896642,0.654011920969071,0.100055326134286,0.0480999808726787,0.136044880785414,0.0680224403927069,0.241935483870968,0.661290322580645,0.0967741935483871,0.0547272773416956,0.15145140601997,0.0757257030099851,0.249638746488246,0.643939204878407,0.106422048633347,24,10,9,5,38,5,32,1
57,4,0.173913043478261,0.695652173913043,0.130434782608696,0.0505287188285582,0.141306956911251,0.0706534784556256,0.199977405782542,0.624998695457418,0.175023898760041,0.0505257420842564,0.14130593099403,0.0706529654970153,0.199998597182274,0.624999208416028,0.175002194401698,0.0713497015920986,0.201735738285901,0.100867869142951,0.222017899510331,0.594784304770093,0.183197795719576,0.0505249693397244,0.141304347826087,0.0706521739130435,0.2,0.625,0.175,0.0505240909884729,0.141300625681283,0.0706503128406413,0.199995601402657,0.625001861072402,0.175002537524941,23,5,16,2,17,3,9,5
57,5,0.173913043478261,0.695652173913043,0.130434782608696,0.0438360920557206,0.123513726296184,0.061756863148092,0.138347198901578,0.757409037061135,0.104243764037287,0.0391544568378773,0.100372824446842,0.0501864122234211,0.178742976001792,0.741008653612934,0.0802483703852745,0.0308073947911617,0.0849164956095994,0.0424582478047997,0.144221280759427,0.738110421717843,0.11766829752273,0.042051448486505,0.118899733806566,0.059449866903283,0.142857142857143,0.755102040816326,0.102040816326531,0.0436442048943535,0.123055757953302,0.0615278789766511,0.138910588593433,0.757180052889695,0.103909358516873,24,1,19,4,25,6,18,1
58,1,0.130434782608696,0.739130434782609,0.130434782608696,0.0237958852805439,0.0664077026501126,0.0332038513250563,0.163638633933752,0.727271338161367,0.109090027904881,0.0237936073834342,0.0664019292362162,0.0332009646181081,0.163635747226804,0.727270795204111,0.109093457569085,0.0381764093432136,0.102923077633862,0.0514615388169312,0.181896321425627,0.699259656093523,0.11884402248085,0.0237943350882093,0.0664031620553359,0.033201581027668,0.163636363636364,0.727272727272727,0.109090909090909,0.0237946689880395,0.0664041715901448,0.0332020857950724,0.163636868403768,0.727272337438,0.109090794158232,30,4,21,5,25,5,19,1
58,2,0.130434782608696,0.739130434782609,0.130434782608696,0.0450621844299086,0.117772547323846,0.0588862736619228,0.180977819416967,0.680244161120686,0.138778019462347,0.0388481783404712,0.100694648548148,0.0503473242740739,0.0800874583346218,0.745261207317736,0.174651334347642,0.0794441996246725,0.222204576967322,0.111102288483661,0.241537071092357,0.669112694490662,0.0893502344169813,0.142183668709913,0.37070938215103,0.185354691075515,0.315789473684211,0.578947368421053,0.105263157894737,0.0535323119639341,0.135616169209218,0.0678080846046091,0.193495477376545,0.671322350178,0.135182172445455,26,0,20,6,31,18,13,0
58,3,0.130434782608696,0.739130434782609,0.130434782608696,0.122953349239489,0.343951732800574,0.171975866400287,0.0666845463602326,0.911106301182895,0.0222091524568718,0.0883955076361649,0.236024284755467,0.118012142377734,0.107142845091893,0.857142577160342,0.0357145777477646,0.10826500698314,0.30408038544507,0.152040192722535,0.0700608504182352,0.891170627505144,0.0387685220766211,0.122954847900359,0.343961352657005,0.171980676328502,0.0666666666666667,0.911111111111111,0.0222222222222222,0.122954537282807,0.343960986163668,0.171980493081834,0.0666652439129547,0.911110927864443,0.0222238282226025,18,0,18,0,27,3,23,1
58,4,0.130434782608696,0.739130434782609,0.130434782608696,0.116731776724691,0.329418996812469,0.164709498406234,0.0577001891750884,0.903839933188843,0.0384598776360686,0.103399899574657,0.291974657421223,0.145987328710611,0.0647269771614908,0.88511776349322,0.0501552593452891,0.0945521960208425,0.262881500206921,0.131440750103461,0.0859905342656844,0.870571184886069,0.0434382808482464,0.116735903363868,0.32943143812709,0.164715719063545,0.0576923076923077,0.903846153846154,0.0384615384615385,0.116735220228055,0.32942937212498,0.16471468606249,0.0576936555192947,0.903845120845099,0.0384612236356067,32,2,30,0,20,1,17,2
58,5,0.130434782608696,0.739130434782609,0.130434782608696,0.0768945392484019,0.201325995774532,0.100662997887266,0.0444749818307447,0.724427237673294,0.231097780495962,0.127418664360225,0.359395000806907,0.179697500403453,0.0521998303464321,0.637667886641419,0.310132283012149,0.0685487536521083,0.186897923855172,0.0934489619275859,0.0613749915535119,0.714741263910206,0.223883744536282,0.0788013723801086,0.195270785659802,0.0976353928299008,0.0350877192982456,0.736842105263158,0.228070175438596,0.0730467955176788,0.183609537575041,0.0918047687875206,0.0435121005075224,0.734248348096261,0.222239551396216,34,1,29,4,23,1,13,9
59,1,0.0869565217391304,0.782608695652174,0.130434782608696,0.0855248894340326,0.23257304408099,0.116286522040495,6.25353574517275e-06,0.898895217692669,0.101098528771586,0.0635430188005854,0.173911894271227,0.0869559471356136,5.74603516867196e-07,0.8064507251187,0.193548700277783,0.0800406075240121,0.212475784192109,0.106237892096054,1.48561763670765e-06,0.888846587748228,0.111151926634135,0.0733192258871306,0.184782608695652,0.0923913043478261,0,0.875,0.125,0.0770493407064162,0.200692279903108,0.100346139951554,1.79189654722012e-06,0.882954835603728,0.117043372499725,30,0,24,6,18,0,18,0
59,2,0.0869565217391304,0.782608695652174,0.130434782608696,0.0362190893251453,0.101488722200147,0.0507443611000736,0.0555435622887129,0.833353056752248,0.11110338095904,0.0366470031113384,0.103260440559202,0.0516302202796011,0.0572369883418478,0.834238915931775,0.108524095726377,0.0156711948067332,0.0433383540037087,0.0216691770018544,0.0652873447372761,0.797470019313576,0.137242635949148,0.0362050356778053,0.101449275362319,0.0507246376811594,0.0555555555555556,0.833333333333333,0.111111111111111,0.0362054577423869,0.101450656249124,0.050725328124562,0.0555557643937601,0.833334023776736,0.111110211829504,19,2,16,1,17,0,14,3
59,3,0.0869565217391304,0.782608695652174,0.130434782608696,0.0314144397587377,0.088767040536444,0.0443835202682221,0.0630683287347636,0.762113368388319,0.174818302876918,0.0504928454477566,0.142398938614995,0.0711994693074975,0.056075668294374,0.853808164959671,0.0901161667459544,0.0715841493711356,0.200801876697027,0.100400938348513,0.0479887880214353,0.721175491021356,0.230835720957209,0.0992143733794645,0.279670975323149,0.139835487661575,0.027027027027027,0.702702702702703,0.27027027027027,0.0657548869188028,0.182114399080935,0.0910571995404677,0.0577679813152515,0.720740036535585,0.221491982149163,11,1,10,0,26,0,16,10
59,4,0.0869565217391304,0.782608695652174,0.130434782608696,0.0743450006825903,0.196442556075644,0.0982212780378221,0.103583255586339,0.684387417614352,0.212029326799309,0.201066970334348,0.503397491145017,0.251698745572509,0.0756833068002631,0.542183165018533,0.382133528181204,0.0706524368362805,0.184798266931162,0.0923991334655812,0.100225094750744,0.690209562186593,0.209565343062663,0.0860102385194361,0.228019323671498,0.114009661835749,0.0666666666666667,0.688888888888889,0.244444444444444,0.07220498695239,0.191200778264721,0.0956003891323606,0.103679966000651,0.687008306519813,0.209311727479535,23,2,20,1,22,1,11,10
59,5,0.0869565217391304,0.782608695652174,0.130434782608696,0.042964726461633,0.121348860873504,0.0606744304367519,0.114480962834645,0.721934265215422,0.163584771949933,0.209141567605533,0.520530175414677,0.260265087707338,0.3387724910922,0.522343607944836,0.138883900962965,0.0194319830372472,0.0545396489849263,0.0272698244924632,0.114226346231594,0.766029220407383,0.119744433361024,0.0625786730248265,0.176964149504195,0.0884820747520976,0.175438596491228,0.736842105263158,0.087719298245614,0.0335766234311793,0.0942846945390543,0.0471423472695272,0.105599837624496,0.735466348382647,0.158933813992857,26,10,13,3,31,0,29,2
60,1,0.0434782608695652,0.826086956521739,0.130434782608696,0.0330854182459931,0.0869498005140088,0.0434749002570044,3.36061256082239e-06,0.83284384803245,0.167152791354989,0.100328887784472,0.277410075156918,0.138705037578459,6.91333860614524e-07,0.730859488478985,0.269139820187155,0.0333270634347969,0.0869532049205759,0.0434766024602879,1.65840927727103e-06,0.832065228733413,0.16793311285731,0.0340897794129293,0.0869565217391304,0.0434782608695652,0,0.829787234042553,0.170212765957447,0.0336066388698442,0.086954962097728,0.043477481048864,7.79820701204092e-07,0.831200693424324,0.168798526754975,23,0,22,1,24,0,17,7
60,2,0.0434782608695652,0.826086956521739,0.130434782608696,0.0916352652792749,0.228593944088452,0.114296972044226,0.0392229161830321,0.940383928565965,0.0203931552510026,0.0614880256677852,0.173914399635021,0.0869571998175104,0.0869560202457677,0.869566396963047,0.0434775827911853,0.0775049242995656,0.192183133631075,0.0960915668155374,0.045858652280512,0.91979813192633,0.0343432157931582,0.0922792434278461,0.230179028132992,0.115089514066496,0.0392156862745098,0.941176470588235,0.0196078431372549,0.0922732301182279,0.230167558652494,0.115083779326247,0.039212222177289,0.941170735847986,0.019617041974725,22,2,19,1,29,0,29,0
60,3,0.0434782608695652,0.826086956521739,0.130434782608696,0.0797356457980867,0.216678814878169,0.108339407439084,0.0163934129382301,0.934426363960823,0.0491802231009464,0.0797353564015253,0.216677790537527,0.108338895268764,0.0163939275911408,0.934425851790503,0.0491802206183565,0.0553568587706723,0.148040876495432,0.0740204382477161,0.0285429995179493,0.900107394769455,0.0713496057125955,0.0797355459540172,0.216678545972915,0.108339272986458,0.0163934426229508,0.934426229508197,0.0491803278688525,0.0797348946905308,0.21667734102634,0.10833867051317,0.0163926753634149,0.934425627034909,0.0491816976016761,33,1,31,1,28,0,26,2
60,4,0.0434782608695652,0.826086956521739,0.130434782608696,0.123793784353818,0.350125808784852,0.175062904392426,0.132454080133294,0.651024052129313,0.216521867737393,0.255252392560373,0.668012404037511,0.334006202018755,0.377484462888321,0.540506586942679,0.0820089501690006,0.109783853758516,0.307668580342366,0.153834290171183,0.138561313440137,0.672252666350556,0.189186020209307,0.157433823990122,0.427684117125111,0.213842058562555,0.204081632653061,0.612244897959184,0.183673469387755,0.121818745994719,0.344433409464594,0.172216704732297,0.125616062650399,0.653870251789442,0.220513685560158,26,0,18,8,23,10,12,1
60,5,0.0434782608695652,0.826086956521739,0.130434782608696,0.00780906035684271,0.0212237249554047,0.0106118624777023,0.0408206152178381,0.836698818999441,0.12248056578272,0.0143676071861213,0.0366789121469848,0.0183394560734924,0.0450723392590297,0.842832334205767,0.112095326535203,0.0128112644302146,0.0357275927796574,0.0178637963898287,0.0497916999071928,0.80822316013191,0.141985139960897,0.00783652250783307,0.0212954747116238,0.0106477373558119,0.0408163265306122,0.836734693877551,0.122448979591837,0.00783664981017359,0.0212960007169264,0.0106480003584632,0.0408159681584011,0.836734956880202,0.122449074961397,21,0,17,4,28,2,24,2
61,1,0.782608695652174,0.0434782608695652,0.173913043478261,0.0929372360763498,0.240408557339737,0.120204278669869,0.676471859442391,0.0294108184094794,0.29411732214813,0.124602064372913,0.313112810153273,0.156556405076637,0.634287073072446,0.0352434783726571,0.330469448554897,0.109837628389981,0.27485211098006,0.13742605549003,0.645182640162144,0.0494854964591374,0.305331863378719,0.0929378123304687,0.240409207161125,0.120204603580563,0.676470588235294,0.0294117647058824,0.294117647058824,0.0929379378903105,0.240409274372704,0.120204637186352,0.676470257021272,0.0294120623141153,0.294117680664613,15,12,0,3,19,11,1,7
61,2,0.782608695652174,0.0434782608695652,0.173913043478261,0.0571304595784638,0.155708591515513,0.0778542957577566,0.860462991409931,0.0232558073618214,0.116281201228248,0.0571320061576007,0.155712715374475,0.0778563576872373,0.860465053339411,0.0232554253038956,0.116279521356693,0.0272600926059714,0.0702470114156282,0.0351235057078141,0.817732201359988,0.0396796284258,0.142588170214212,0.0571321407434993,0.155712841253792,0.0778564206268958,0.86046511627907,0.0232558139534884,0.116279069767442,0.0571317083274439,0.155711082690188,0.077855541345094,0.860464236997268,0.0232570172935948,0.116278745709137,25,22,1,2,18,15,0,3
61,3,0.782608695652174,0.0434782608695652,0.173913043478261,0.103145875574526,0.268023735878362,0.134011867939181,0.648596827712993,0.0605920921510352,0.290811080135972,0.262610546474076,0.665853084814247,0.332926542407124,0.44968215324505,0.0674059691432131,0.482911877611737,0.110860654529019,0.28169191897551,0.140845959487755,0.641762736164419,0.0542611630155373,0.303976100820044,0.118208761666668,0.290471785383904,0.145235892691952,0.638297872340426,0.0425531914893617,0.319148936170213,0.116452833054965,0.302153869821963,0.151076934910981,0.631531760741193,0.0622389748187882,0.306229264440019,26,11,2,13,21,19,0,2
61,4,0.782608695652174,0.0434782608695652,0.173913043478261,0.00996281007153588,0.0266259823025185,0.0133129911512593,0.795921686803433,0.0408167091905523,0.163261604006015,0.00995987389169089,0.0266187796539305,0.0133093898269652,0.795918085479139,0.0408165271045268,0.163265387416334,0.025238256795568,0.0685023192238001,0.0342511596119001,0.748357536040274,0.0692985492990783,0.182343914660648,0.00996004628245058,0.0266193433895297,0.0133096716947648,0.795918367346939,0.0408163265306122,0.163265306122449,0.00995920762193496,0.0266168501936539,0.0133084250968269,0.795917120749001,0.0408169283302205,0.163265950920779,22,18,1,3,27,21,1,5
61,5,0.782608695652174,0.0434782608695652,0.173913043478261,0.0248059960838371,0.0701480333005965,0.0350740166502982,0.764466559590127,0.0785522775198635,0.156981162890009,0.0919797408375644,0.258272600594805,0.129136300297402,0.653472395354772,0.0945086473202762,0.252018957324952,0.0344318028987345,0.0961472247908045,0.0480736123954022,0.751862238217007,0.0915518732649674,0.156585888518025,0.013576888379177,0.0380434782608696,0.0190217391304348,0.770833333333333,0.0625,0.166666666666667,0.0243769040797369,0.0687679278740336,0.0343839639370168,0.767574825532595,0.077862224806582,0.154562949660823,23,14,2,7,25,23,1,1
62,1,0.739130434782609,0.0869565217391304,0.173913043478261,0.0578382089747298,0.142389100241454,0.0711945501207271,0.810324984903336,0.0862360247830763,0.103438990313588,0.0578430538942839,0.142430232479789,0.0712151162398945,0.810345551022503,0.08620629771015,0.103448151267347,0.0357269796323266,0.10088747506197,0.0504437375309848,0.766841805185349,0.109688888867375,0.123469305947276,0.0578427038196714,0.142428785607196,0.0712143928035982,0.810344827586207,0.0862068965517241,0.103448275862069,0.0578398836904188,0.142422041822187,0.0712110209110935,0.810341455693702,0.0862067295172054,0.103451814789093,38,32,3,3,20,15,2,3
62,2,0.739130434782609,0.0869565217391304,0.173913043478261,0.18603411629111,0.516708732057895,0.258354366028947,0.480776068753661,0.173089485610296,0.346134445636043,0.186043859400436,0.516736607263909,0.258368303631955,0.480762131150654,0.17309603173207,0.346141837117276,0.191134749347652,0.531604422769921,0.26580221138496,0.473328223397648,0.17730616530123,0.349365611301122,0.186041329971017,0.516722408026756,0.258361204013378,0.480769230769231,0.173076923076923,0.346153846153846,0.186042101193152,0.516723822006085,0.258361911003043,0.480768523779566,0.17307545996688,0.346156016253554,27,12,7,8,25,13,2,10
62,3,0.739130434782609,0.0869565217391304,0.173913043478261,0.0578337541619716,0.142401417311199,0.0712007086555996,0.810331143438208,0.0862124293438208,0.103456427217971,0.0578448340967281,0.142431880783834,0.0712159403919173,0.810346375174526,0.0862090538787402,0.103444570946734,0.0354697105956108,0.0996616697276588,0.0498308348638294,0.769027466128197,0.106890325257372,0.124082208614431,0.0578427038196714,0.142428785607196,0.0712143928035982,0.810344827586207,0.0862068965517241,0.103448275862069,0.0578764596489073,0.142489459155063,0.0712447295775316,0.81037516436014,0.0862292605152731,0.103395575124587,25,20,3,2,33,27,2,4
62,4,0.739130434782609,0.0869565217391304,0.173913043478261,0.0621921762351071,0.173911313994163,0.0869556569970817,0.794046596395828,8.64742048762495e-07,0.205952538862124,0.0654790079688456,0.173911377657969,0.0869556888289845,0.755035070060625,8.32910145960331e-07,0.244964097029229,0.0616261867905248,0.173902154089377,0.0869510770446883,0.777476353622413,5.44469444215839e-06,0.222518201683145,0.0623757076746548,0.173913043478261,0.0869565217391304,0.795454545454545,0,0.204545454545455,0.0623662985769498,0.173911216396623,0.0869556081983113,0.795390040375693,9.13540819156691e-07,0.204609046083487,15,10,0,5,29,25,0,4
62,5,0.739130434782609,0.0869565217391304,0.173913043478261,0.086532207341484,0.244735465885288,0.122367732942644,0.676789930103937,0.209324254681774,0.113885815214289,0.138895152826516,0.392833072824379,0.19641653641219,0.542713898370419,0.18337498941689,0.273911112212691,0.0808741994934999,0.228494320277848,0.114247160138924,0.677354541770649,0.201203681878054,0.121441776351297,0.0623356903408886,0.159420289855072,0.0797101449275362,0.666666666666667,0.166666666666667,0.166666666666667,0.086976840887649,0.245742383834253,0.122871191917126,0.672749242414952,0.209827713656257,0.117423043928791,23,19,4,0,25,13,4,8
63,1,0.695652173913043,0.130434782608696,0.173913043478261,0.115601656835831,0.308601330732729,0.154300665366365,0.849952839279408,0.100072195066806,0.0499749656537856,0.0706871069692824,0.192546977455185,0.0962734887275924,0.767103337928501,0.155257107320831,0.0776395547506684,0.0966215419651539,0.24168053795847,0.120840268979235,0.816492442892279,0.12525779794198,0.0582497591657415,0.115620023863016,0.308695652173913,0.154347826086957,0.85,0.1,0.05,0.115621151453365,0.30869782575112,0.15434891287556,0.850001086788604,0.100000948927812,0.0499979642835841,19,14,3,2,21,20,1,0
63,2,0.695652173913043,0.130434782608696,0.173913043478261,0.0679655041206873,0.190058476289223,0.0950292381446114,0.730674893657792,0.190441301008558,0.0788838053336495,0.0839985093532363,0.237511607672111,0.118755803836056,0.633740766165582,0.249190586444751,0.117068647389667,0.0725488193978217,0.187177622128037,0.0935888110640185,0.706034388811362,0.213641378774395,0.0803242324142423,0.0664106752100813,0.18566392479436,0.0928319623971798,0.72972972972973,0.189189189189189,0.0810810810810811,0.0681804325497909,0.190019040381173,0.0950095201905863,0.728917889838141,0.192178586874185,0.0789035232876745,17,15,2,0,20,12,5,3
63,3,0.695652173913043,0.130434782608696,0.173913043478261,0.107051596202998,0.291609577807965,0.145804788903983,0.841456962817026,0.0928281247818748,0.0657149124010992,0.0397450541941241,0.110819128527201,0.0554095642636003,0.751061738176644,0.110905521281667,0.138032740541689,0.106676745499304,0.284540113384578,0.142270056692289,0.837922230605332,0.102766008668292,0.0593117607263755,0.111867017281536,0.312399355877617,0.156199677938808,0.851851851851852,0.0740740740740741,0.0740740740740741,0.113816428386748,0.310955340538765,0.155477670269382,0.851129844182426,0.0887693392160849,0.0601008166014894,22,16,2,4,32,30,2,0
63,4,0.695652173913043,0.130434782608696,0.173913043478261,0.151742353416948,0.412615540818662,0.206307770409331,0.901959944322374,0.078432052154623,0.0196080035230025,0.151741273644872,0.412612071114162,0.206306035557081,0.901958209470124,0.0784333626604521,0.0196084278694236,0.129115724764601,0.343054173197861,0.171527086598931,0.867179260511974,0.0988943846845616,0.0339263548034642,0.151742866098732,0.412617220801364,0.206308610400682,0.901960784313726,0.0784313725490196,0.0196078431372549,0.151742715240898,0.41261680002219,0.206308400011095,0.901960573924138,0.0784314428761373,0.0196079831997244,24,21,3,0,27,25,1,1
63,5,0.695652173913043,0.130434782608696,0.173913043478261,0.100783241715834,0.280193564756044,0.140096782378022,0.555555391535021,0.177777196795559,0.26666741166942,0.100784012266241,0.28019559975106,0.14009779987553,0.555554374037513,0.177777283773218,0.266668342189269,0.119209616357975,0.334656632778092,0.167328316389046,0.528323857523997,0.196285326651991,0.275390815824011,0.100783028136951,0.280193236714976,0.140096618357488,0.555555555555556,0.177777777777778,0.266666666666667,0.100782448255598,0.280191879177236,0.140095939588618,0.555556234324425,0.177778158205459,0.266665607470116,19,11,3,5,26,14,5,7
64,1,0.652173913043478,0.173913043478261,0.173913043478261,0.0563413711444616,0.152172626274995,0.0760863131374976,0.634616846109259,0.249999356615758,0.115383797274983,0.0563413430013854,0.15217349045597,0.0760867452279852,0.634615310314901,0.249999788706246,0.115384900978853,0.0617675480331736,0.174585908542931,0.0872929542714653,0.605734572508739,0.261205997749726,0.133059429741535,0.0563415292906107,0.152173913043478,0.0760869565217391,0.634615384615385,0.25,0.115384615384615,0.0563393695709007,0.152165549233629,0.0760827746168145,0.63462021473176,0.249995818095075,0.115383967173165,28,19,7,2,24,14,6,4
64,2,0.652173913043478,0.173913043478261,0.173913043478261,0.106938665426906,0.267823598594049,0.133911799297024,0.779994743084678,0.0400012441812365,0.180004012734085,0.116944066380178,0.313725321703041,0.156862660851521,0.809036573894999,0.0501005361700861,0.140862889934915,0.0955142554884443,0.24941136820375,0.124705684101875,0.75948038416683,0.0492073593763857,0.191312256456784,0.106941203097659,0.267826086956522,0.133913043478261,0.78,0.04,0.18,0.106940372971189,0.267764467045372,0.133882233522686,0.78003321852591,0.0400308099555749,0.179935971518515,29,24,2,3,21,15,0,6
64,3,0.652173913043478,0.173913043478261,0.173913043478261,0.0414543743621718,0.108185062923259,0.0540925314616295,0.605552247937604,0.166442177122506,0.22800557493989,0.615468574292127,1.65102885774008,0.825514428870039,0.000467342661838285,0.000105184989862258,0.9994274723483,0.0762509381083977,0.210351522559169,0.105175761279584,0.578974075362663,0.279088804757845,0.141937119879491,0.129618284691043,0.364038319823139,0.18201915991157,0.542372881355932,0.355932203389831,0.101694915254237,0.0580107061009154,0.160018185429003,0.0800090927145015,0.572164820328977,0.198208616420871,0.229626563250152,24,21,0,3,35,11,21,3
64,4,0.652173913043478,0.173913043478261,0.173913043478261,0.0718535625870836,0.180718493738588,0.0903592468692938,0.561814666174185,0.259351908877883,0.178833424947933,0.0693923856197585,0.195049380722054,0.0975246903610268,0.554649222682451,0.213206711322881,0.232144065994668,0.0781884797962433,0.199120985564976,0.0995604927824878,0.55261342026099,0.265357888354939,0.18202869138407,0.0723358933165619,0.188068756319515,0.0940343781597573,0.558139534883721,0.255813953488372,0.186046511627907,0.0710897551078457,0.181254911346322,0.0906274556731611,0.561546457370317,0.25691799218386,0.181535550445823,24,13,4,7,19,11,7,1
64,5,0.652173913043478,0.173913043478261,0.173913043478261,0.048895782673621,0.13829627678213,0.069148138391065,0.583025774652413,0.208799462936402,0.208174762411184,0.207381714381838,0.536706911367314,0.268353455683657,0.415524845973423,0.142208654864659,0.442266499161918,0.0311329827549689,0.087655430394891,0.0438277151974455,0.608346197846033,0.192187882217388,0.199465919936579,0.0574988628938264,0.152173913043478,0.0760869565217391,0.589285714285714,0.160714285714286,0.25,0.042430000177316,0.119120727055598,0.0595603635277989,0.592613549515679,0.210008262446951,0.19737818803737,30,23,6,1,26,10,3,13
65,1,0.608695652173913,0.217391304347826,0.173913043478261,0.103451641642702,0.269404881859875,0.134702440929938,0.7254918172085,0.235297580243176,0.0392106025483233,0.103136710965389,0.262850234487667,0.131425117243834,0.72919279476998,0.228319278995593,0.0424879262344271,0.0932666641880311,0.253771272943847,0.126885636471923,0.703331937930826,0.249640655062836,0.0470274070063375,0.103448625329301,0.269394714407502,0.134697357203751,0.725490196078431,0.235294117647059,0.0392156862745098,0.103448178024219,0.269394873226622,0.134697436613311,0.725488669769242,0.235295723365809,0.0392156068649497,27,20,5,2,24,17,7,0
65,2,0.608695652173913,0.217391304347826,0.173913043478261,0.0710197410532744,0.173973379609802,0.0869866898049011,0.608706905630567,0.304366740696074,0.0869263536733597,0.070998743359416,0.173913310242668,0.086956655121334,0.608698268866253,0.30434534277682,0.0869563883569268,0.0689629423802415,0.188048552934056,0.0940242764670279,0.584120263008606,0.311415580814854,0.10446415617654,0.0709997026893675,0.173913043478261,0.0869565217391305,0.608695652173913,0.304347826086957,0.0869565217391304,0.071000296026401,0.173915908343606,0.0869579541718028,0.608694240664362,0.304349258519629,0.086956500816009,27,17,9,1,19,11,5,3
65,3,0.608695652173913,0.217391304347826,0.173913043478261,0.0417085905498024,0.115273968605897,0.0576369843029488,0.648372013307044,0.159754320044877,0.191873666648078,0.0850922249040434,0.221038495464179,0.11051924773209,0.622722376321041,0.106872056615736,0.270405567063222,0.0396195656289823,0.112047755457836,0.056023877728918,0.635960052340183,0.161367426618908,0.202672521040909,0.0485521909978775,0.13691026827012,0.0684551341350601,0.638297872340426,0.148936170212766,0.212765957446809,0.046204382004468,0.130418549780001,0.0652092748900007,0.64491694910834,0.152182029457825,0.202901021433835,19,13,5,1,28,17,2,9
65,4,0.608695652173913,0.217391304347826,0.173913043478261,0.101417727017898,0.286635662441846,0.143317831220923,0.685184937419672,0.074073473126903,0.240741589453425,0.101418871966601,0.286638722322157,0.143319361161078,0.685187715577859,0.0740719431867477,0.240740341235393,0.0882820302482244,0.246898419914673,0.123449209957336,0.654271117305372,0.0939420943904896,0.251786788304138,0.101417319814431,0.286634460547504,0.143317230273752,0.685185185185185,0.0740740740740741,0.240740740740741,0.101418854300779,0.286639261878077,0.143319630939039,0.685181289039558,0.0740716734087873,0.240747037551655,26,18,1,7,28,19,3,6
65,5,0.608695652173913,0.217391304347826,0.173913043478261,0.109213729027199,0.305783840013901,0.15289192000695,0.666181034404523,0.312797842124166,0.0210211234713106,0.110443428585493,0.294919134084685,0.147459567042343,0.727016729041904,0.246529794522178,0.0264534764359183,0.0999394079217183,0.275492358020525,0.137746179010262,0.650158515308765,0.313674620223237,0.0361668644679984,0.109300350972343,0.306159420289855,0.153079710144928,0.666666666666667,0.3125,0.0208333333333333,0.108185985462699,0.303112759122179,0.15155637956109,0.666326967938412,0.311316368144417,0.0223566639171712,29,22,6,1,19,10,9,0
66,1,0.565217391304348,0.260869565217391,0.173913043478261,0.038941843325872,0.109432669386968,0.0547163346934842,0.543271504503559,0.315585899910876,0.141142595585566,0.0865968895530278,0.214240416706989,0.107120208353494,0.458097182950853,0.365834704576666,0.17606811247248,0.042070599637864,0.117191121925203,0.0585955609626013,0.52698522738362,0.319465126179993,0.153549646436388,0.0391525584641142,0.109839816933638,0.0549199084668192,0.543859649122807,0.315789473684211,0.140350877192982,0.0397467134992479,0.112070061693873,0.0560350308469366,0.541041534308446,0.316904596064328,0.142053869627226,27,19,6,2,30,12,12,6
66,2,0.565217391304348,0.260869565217391,0.173913043478261,0.034956446387556,0.0968118781783832,0.0484059390891916,0.516811452215156,0.29376612502949,0.189422422755354,0.0587600466104058,0.165950850035989,0.0829754250179946,0.482241966286353,0.29842996964095,0.219328064072697,0.0441167084753237,0.121174853759551,0.0605874268797757,0.504629964424572,0.304058965072159,0.191311070503269,0.0345858138899887,0.0959520239880059,0.0479760119940029,0.517241379310345,0.293103448275862,0.189655172413793,0.0347227148525533,0.0961009193471967,0.0480504596735983,0.517166931630749,0.293662085625656,0.189170982743594,27,11,8,8,31,19,9,3
66,3,0.565217391304348,0.260869565217391,0.173913043478261,0.0497874215540749,0.140802433266943,0.0704012166334717,0.530982464042612,0.224703275845656,0.244314260111733,0.15912832121539,0.450077423889451,0.225038711944725,0.451740165854138,0.149308078722876,0.398951755422986,0.0497187685788854,0.140617467376063,0.0703087336880315,0.530730406577448,0.225047816256259,0.244221777166292,0.0674136386857285,0.190635451505017,0.0953177257525084,0.519230769230769,0.211538461538462,0.269230769230769,0.0497879758087092,0.140804012142434,0.0704020060712172,0.530981768273784,0.224703182176738,0.244315049549478,26,16,8,2,26,11,3,12
66,4,0.565217391304348,0.260869565217391,0.173913043478261,0.113439277769848,0.315625077675444,0.157812538837722,0.407404852466626,0.314793710014606,0.277801437518768,0.113436098031506,0.315624993500037,0.157812496750019,0.407404894554329,0.314815156408258,0.277779949037413,0.120860757062743,0.335484027826512,0.167742013913256,0.397475377391092,0.31631617292069,0.286208449688218,0.113434215888608,0.315619967793881,0.15780998389694,0.407407407407407,0.314814814814815,0.277777777777778,0.113402051972803,0.315529000901337,0.157764500450668,0.407452890853679,0.31479565617038,0.27775145297594,29,9,11,9,25,13,6,6
66,5,0.565217391304348,0.260869565217391,0.173913043478261,0.0469612208626804,0.130432994973366,0.0652164974866833,0.543478399161494,0.326086062704075,0.130435538134431,0.046962592671625,0.130437781385579,0.0652188906927897,0.543475323206531,0.326088455910181,0.130436220883288,0.0474943210631009,0.131184132596453,0.0655920662982267,0.519898322224832,0.326461631515618,0.15364004625955,0.0469618891188975,0.130434782608696,0.0652173913043478,0.543478260869565,0.326086956521739,0.130434782608696,0.0469612390292867,0.130432912375297,0.0652164561876485,0.543478723389854,0.32608602140504,0.130435255205106,26,12,10,4,20,13,5,2
67,1,0.521739130434783,0.304347826086957,0.173913043478261,0.0563876439019145,0.159148340576558,0.0795741702882788,0.566033226163853,0.339627900646165,0.094338873189982,0.0563840883454842,0.159137265857332,0.079568632928666,0.566037050584028,0.339618538866377,0.0943444105495949,0.0470890454831274,0.132961236655853,0.0664806183279263,0.551615982029443,0.340951592820223,0.107432425150335,0.0563873755031572,0.159146841673503,0.0795734208367514,0.566037735849057,0.339622641509434,0.0943396226415094,0.0563877089585259,0.159148063666851,0.0795740318334257,0.566036210177746,0.339624778177419,0.0943390116448351,26,15,7,4,27,15,11,1
67,2,0.521739130434783,0.304347826086957,0.173913043478261,0.118884851678207,0.295023859614011,0.147511929807005,0.517844348324616,0.160730678390118,0.321424973285266,0.118891656161577,0.295029649962616,0.147514824981308,0.517855684235692,0.160716447304739,0.321427868459569,0.112426481815459,0.295542178392789,0.147771089196394,0.498670410003255,0.17964545732209,0.321684132674655,0.118892801483801,0.295031055900621,0.147515527950311,0.517857142857143,0.160714285714286,0.321428571428571,0.118892728797428,0.295030829170776,0.147515414585388,0.517857193521556,0.160714348414796,0.321428458063649,21,8,4,9,35,21,5,9
67,3,0.521739130434783,0.304347826086957,0.173913043478261,0.0585409645212603,0.153263934995288,0.0766319674976438,0.445107162937139,0.369797238640469,0.185095598422392,0.183743176394051,0.519492253811342,0.259746126905671,0.261993003529112,0.427794811794368,0.31021218467652,0.0532104879853922,0.136062147412646,0.0680310737063227,0.45370805672846,0.366217694833721,0.180074248437819,0.0386836835417093,0.107308048103608,0.0536540240518039,0.468085106382979,0.340425531914894,0.191489361702128,0.0564073594220957,0.146405664655441,0.0732028323277206,0.448536298107062,0.368402735650746,0.183060966242192,24,17,6,1,23,5,10,8
67,4,0.521739130434783,0.304347826086957,0.173913043478261,0.101313957392054,0.284862204360585,0.142431102180293,0.37930802825449,0.362079579772861,0.258612391972648,0.101312546096868,0.284855514346453,0.142427757173227,0.379311373261556,0.362067317510815,0.258621309227629,0.10520912484956,0.29357070769593,0.146785353847965,0.374953776586817,0.356669555020606,0.268376668392576,0.101313168323938,0.284857571214393,0.142428785607196,0.379310344827586,0.362068965517241,0.258620689655172,0.101312751411299,0.284855984905376,0.142427992452688,0.379311137982095,0.36206698544084,0.258621876577066,29,13,8,8,29,9,13,7
67,5,0.521739130434783,0.304347826086957,0.173913043478261,0.0999359770386522,0.281097210749631,0.140548605374816,0.604872920102657,0.163799220712141,0.231327859185203,0.0821716947377048,0.216637191751458,0.108318595875729,0.630057726310511,0.21373866580734,0.156203607882149,0.0944448076736773,0.266335927017787,0.133167963508893,0.597236734682209,0.171179862578063,0.231583402739728,0.0997071644397123,0.281422924901186,0.140711462450593,0.6,0.163636363636364,0.236363636363636,0.0995379473638737,0.279794928147942,0.139897464073971,0.605224077133703,0.164450362012986,0.230325560853311,27,15,2,10,28,18,7,3
68,1,0.478260869565217,0.347826086956522,0.173913043478261,0.0507595456933923,0.132451791501252,0.0662258957506258,0.412034973814592,0.35695163673367,0.231013389451738,0.0225691288480039,0.0557025102654653,0.0278512551327326,0.450834165890434,0.347401535498573,0.201764298610993,0.0567699610436221,0.150888982941929,0.0754444914709647,0.402816378094253,0.361771469035138,0.23541215287061,0.0479131563602833,0.123188405797101,0.0615942028985507,0.416666666666667,0.354166666666667,0.229166666666667,0.0485721343753164,0.126417240916288,0.0632086204581438,0.415052249107074,0.356141320744171,0.228806430148756,28,15,9,4,20,5,8,7
68,2,0.478260869565217,0.347826086956522,0.173913043478261,0.0385555303673545,0.108297857183748,0.0541489285918738,0.532409798157091,0.326293601740851,0.141296600102058,0.00937125566407584,0.0236113885908441,0.0118056942954221,0.466455175269795,0.358944280280134,0.17460054445007,0.0261715356675672,0.0733118283551101,0.036655914177555,0.514916783742772,0.333934556994826,0.151148659262402,0.0372318533239652,0.104702750665484,0.0523513753327418,0.530612244897959,0.326530612244898,0.142857142857143,0.0366291941063611,0.102698329606025,0.0513491648030127,0.52961003436823,0.328067098087959,0.142322867543811,20,14,5,1,29,12,11,6
68,3,0.478260869565217,0.347826086956522,0.173913043478261,0.0358345674998134,0.0999038057497941,0.049951902874897,0.51063816488271,0.297874184081625,0.191487651035666,0.0358328993412592,0.0998967223643581,0.049948361182179,0.510642203739982,0.297877725774343,0.191480070485675,0.0352102106564218,0.0958083411037261,0.0479041705518631,0.490443025592937,0.299921916404659,0.209635058002404,0.0358357438812698,0.0999074930619796,0.0499537465309898,0.51063829787234,0.297872340425532,0.191489361702128,0.035834882526842,0.0999056342883809,0.0499528171441904,0.510636281657257,0.297873269812331,0.191490448530412,25,11,9,5,22,13,5,4
68,4,0.478260869565217,0.347826086956522,0.173913043478261,0.030732577190229,0.0869248159418069,0.0434624079709035,0.456565318884534,0.326059229666301,0.217375451449164,0.0307445649725129,0.0869587614455181,0.043479380722759,0.456522592579461,0.326084983219519,0.21739242420102,0.0394448489489273,0.110947167191332,0.055473583595666,0.445439266542124,0.325174106383949,0.229386627073927,0.0307437730950673,0.0869565217391305,0.0434782608695652,0.456521739130435,0.326086956521739,0.217391304347826,0.0307403647564011,0.0869468813230787,0.0434734406615394,0.456521736643563,0.326091779216637,0.2173864841398,27,13,7,7,19,8,8,3
68,5,0.478260869565217,0.347826086956522,0.173913043478261,0.0256395650151444,0.069053807020538,0.034526903510269,0.470589114309825,0.382352990466791,0.147057895223385,0.0256388278515782,0.0690521668453324,0.0345260834226662,0.470588782604201,0.382352170379188,0.147059047016611,0.0237719897572029,0.0672220239692186,0.0336110119846093,0.460833953440493,0.381437098941131,0.157728947618376,0.0256393064651706,0.0690537084398977,0.0345268542199488,0.470588235294118,0.382352941176471,0.147058823529412,0.0256398927197433,0.0690557682835284,0.0345278841417642,0.4705872903936,0.382353971098286,0.147058738508114,36,15,14,7,32,17,12,3
69,1,0.434782608695652,0.391304347826087,0.173913043478261,0.106700844074975,0.298276411079924,0.149138205539962,0.380112046719108,0.296836704262669,0.323051249018223,0.0455615298195245,0.115486234024654,0.0577431170123269,0.381150621527637,0.449047464838414,0.16980191363395,0.0949237523220904,0.26686809407026,0.13343404703513,0.380805069124792,0.311847840361817,0.307347090513391,0.107563015822265,0.303336703741153,0.151668351870576,0.348837209302326,0.325581395348837,0.325581395348837,0.0947152762291888,0.266026164237689,0.133013082118844,0.381955077676854,0.311118796726041,0.306926125597105,19,6,2,11,24,9,12,3
69,2,0.434782608695652,0.391304347826087,0.173913043478261,0.0817919930276136,0.229553943061815,0.114776971530908,0.320005637164745,0.461125865795662,0.218868497039594,0.148391009893336,0.409499676513606,0.204749838256803,0.372256974706461,0.249080143558475,0.378662881735064,0.0858338782058395,0.240904930976725,0.120452465488362,0.31433014320729,0.464553047314841,0.221116809477869,0.1079685827953,0.304347826086957,0.152173913043478,0.282608695652174,0.478260869565217,0.239130434782609,0.0791544787182343,0.223503435091124,0.111751717545562,0.32303089115009,0.452820461109597,0.224148647740313,24,9,5,10,22,4,17,1
69,3,0.434782608695652,0.391304347826087,0.173913043478261,0.144691335067244,0.385345051121645,0.192672525560823,0.627455134256475,0.235291061947814,0.137253803795712,0.14468705505908,0.385333293744767,0.192666646872383,0.627449255568036,0.23529533218848,0.137255412243485,0.125706451221566,0.324214908274683,0.162107454137341,0.596890062832993,0.247052141322287,0.156057795844719,0.144688300278232,0.385336743393009,0.192668371696505,0.627450980392157,0.235294117647059,0.137254901960784,0.144689080329563,0.385338761918993,0.192669380959496,0.627451989655149,0.235293219949025,0.137254790395826,31,19,7,5,20,13,5,2
69,4,0.434782608695652,0.391304347826087,0.173913043478261,0.0124495566086845,0.0351975419709041,0.0175987709854521,0.425536418457577,0.38295176707871,0.191511814463713,0.0124335752961235,0.0351513233529164,0.0175756616764582,0.425533497636119,0.382977797209162,0.191488705154719,0.0249838151329513,0.0706639000615043,0.0353319500307522,0.417279446961534,0.373475559529453,0.209244993509013,0.0124340704000345,0.0351526364477336,0.0175763182238668,0.425531914893617,0.382978723404255,0.191489361702128,0.0124349353877367,0.0351551848213856,0.0175775924106928,0.425532714964349,0.382976649146698,0.191490635888954,25,9,12,4,22,11,6,5
69,5,0.434782608695652,0.391304347826087,0.173913043478261,0.161234262382397,0.407920446276074,0.203960223138037,0.24451375728907,0.377612976094632,0.377873266616298,0.159482792439626,0.393422375663013,0.196711187831507,0.238071420864146,0.394105386314329,0.367823192821526,0.15662380029559,0.408346298887649,0.204173149443825,0.258321871704902,0.363591935373012,0.378086192922086,0.161216639710674,0.407729468599034,0.203864734299517,0.244444444444444,0.377777777777778,0.377777777777778,0.161207387964768,0.407764309631441,0.20388215481572,0.244491188264073,0.377713613441945,0.377795198293981,26,5,13,8,19,6,4,9
70,1,0.391304347826087,0.434782608695652,0.173913043478261,0.110268725243594,0.302371279419146,0.151185639709573,0.500002520865459,0.477270075365853,0.022727403768688,0.110268011144348,0.302370122447117,0.151185061223559,0.500000645137693,0.477271372607605,0.0227279822547023,0.0991649885199873,0.270476276557217,0.135238138278608,0.491071929970752,0.470253164829596,0.0386749051996526,0.110268297432182,0.302371541501976,0.151185770750988,0.5,0.477272727272727,0.0227272727272727,0.110270861145857,0.302377819374685,0.151188909687342,0.500003627354959,0.477272238854123,0.0227241337909186,24,12,12,0,20,10,9,1
70,2,0.391304347826087,0.434782608695652,0.173913043478261,0.179049663249148,0.503723193240382,0.251861596620191,0.643165944446278,0.286213900248005,0.0706201553057174,0.181715377400225,0.498763163774364,0.249381581887182,0.640685929713269,0.256357866314032,0.102956203972699,0.174006487885695,0.491212145746889,0.245606072873445,0.636910420699532,0.298727045509859,0.0643625337906095,0.178888457439934,0.503105590062112,0.251552795031056,0.642857142857143,0.285714285714286,0.0714285714285714,0.179243313640568,0.504386692801084,0.252193346400542,0.643497694226629,0.286524364008933,0.0699779417644385,30,19,7,4,26,17,9,0
70,3,0.391304347826087,0.434782608695652,0.173913043478261,0.210954693159674,0.59562954825031,0.297814774125155,0.257647996260343,0.270624186136241,0.471727817603416,0.227366991091784,0.582656441410168,0.291328220705084,0.12778641351011,0.406972322306545,0.465241264183345,0.211330932569515,0.597487713298991,0.298743856649495,0.249363817532046,0.277979282340198,0.472656900127756,0.191491312207262,0.541062801932367,0.270531400966184,0.266666666666667,0.288888888888889,0.444444444444444,0.211031051278513,0.59663077479761,0.298315387398805,0.249703382016297,0.278068187106638,0.472228430877066,21,10,2,9,24,2,11,11
70,4,0.391304347826087,0.434782608695652,0.173913043478261,0.0958373522081701,0.256596350238232,0.128298175119116,0.519602522945203,0.408473722156144,0.0719237548986531,0.0888382399291291,0.222069278290875,0.111034639145437,0.395911638986516,0.54120995668066,0.0628784043328234,0.0765568149003341,0.191648170502298,0.0958240852511492,0.482859572918817,0.439051468854072,0.0780889582271116,0.0925765883125394,0.246131171702284,0.123065585851142,0.491525423728814,0.457627118644068,0.0508474576271186,0.0808898419228539,0.20623065381114,0.10311532690557,0.485759235050633,0.443443048376676,0.070797716572691,20,15,4,1,39,14,23,2
70,5,0.391304347826087,0.434782608695652,0.173913043478261,0.103821041274759,0.287812264832363,0.143906132416181,0.488486003111359,0.290876476279471,0.22063752060917,0.0285151805757891,0.0804431655544684,0.0402215827772342,0.373711788768959,0.412153584975545,0.214134626255495,0.108657126382838,0.303103637170433,0.151551818585216,0.489070968414589,0.283230790110436,0.227698241474975,0.103086835499903,0.276972624798712,0.138486312399356,0.5,0.296296296296296,0.203703703703704,0.108799398558534,0.300632513103278,0.150316256551639,0.494918247964124,0.284466352144013,0.220615399891863,25,8,12,5,29,19,4,6
71,1,0.347826086956522,0.478260869565217,0.173913043478261,0.24847460505033,0.695790836162585,0.347895418081293,0.695721505037814,0.261464267996193,0.0428142269659924,0.193536944566416,0.538127087697536,0.269063543848768,0.61688963080529,0.300273023303494,0.0828373458912161,0.244197931811875,0.684856889554511,0.342428444777256,0.690254531733777,0.268239237995246,0.0415062302709765,0.25309406119724,0.707332900713822,0.353666450356911,0.701492537313433,0.253731343283582,0.0447761194029851,0.252637921777852,0.707399531641184,0.353699765820592,0.701525852777114,0.257693301169615,0.0407808460532715,27,16,8,3,40,31,9,0
71,2,0.347826086956522,0.478260869565217,0.173913043478261,0.113774474740678,0.316485110420288,0.158242555210144,0.40172005903367,0.320018314355074,0.278261626611257,0.244634383213915,0.676040350702243,0.338020175351121,0.580677720410493,0.140240694214096,0.279081585375411,0.108175139721395,0.303398677153919,0.151699338576959,0.406550503338847,0.326561530988258,0.266887965672895,0.0811159902962776,0.229249011857708,0.114624505928854,0.409090909090909,0.363636363636364,0.227272727272727,0.113773835239389,0.316483856000257,0.158241928000128,0.401721120949524,0.320018941565089,0.278259937485387,22,14,2,6,22,4,14,4
71,3,0.347826086956522,0.478260869565217,0.173913043478261,0.0999163797601623,0.281094412971762,0.140547206485881,0.488373293442403,0.395346598684578,0.116280107873019,0.0999152409944989,0.281091245129186,0.140545622564593,0.488371709521115,0.395347684161425,0.11628060631746,0.0893504989474426,0.242600734779409,0.121300367389704,0.469126454346226,0.386952356715346,0.143921188938427,0.0999153973059177,0.281092012133468,0.140546006066734,0.488372093023256,0.395348837209302,0.116279069767442,0.0999145502526644,0.281089559733225,0.140544779866612,0.488370866823134,0.395349268126741,0.116279865050125,23,9,11,3,20,12,6,2
71,4,0.347826086956522,0.478260869565217,0.173913043478261,0.195524147127269,0.499559192493883,0.249779596246942,0.09804649070958,0.705874341390543,0.196079167899877,0.19552839735531,0.499570891451958,0.249785445725979,0.0980406412305428,0.70587873339238,0.196080625377077,0.172470496023041,0.452863779362785,0.226431889681392,0.121394197275129,0.669997878453316,0.208607924271555,0.195530326014283,0.499573742540494,0.249786871270247,0.0980392156862745,0.705882352941177,0.196078431372549,0.195527806399497,0.499555930581359,0.249777965290679,0.0980481216658423,0.705886947042633,0.196064931291525,23,3,14,6,28,2,22,4
71,5,0.347826086956522,0.478260869565217,0.173913043478261,0.120676750538191,0.320068334701471,0.160034167350736,0.319152124932965,0.638295036915953,0.0425528381510819,0.120677179834859,0.320072658901367,0.160036329450683,0.31914750288107,0.638297199015901,0.0425552981030298,0.108335184372899,0.281882901076142,0.140941450538071,0.329378422918381,0.619202320103288,0.0514192569783308,0.120678128298708,0.320074005550416,0.160037002775208,0.319148936170213,0.638297872340426,0.0425531914893617,0.120678854742628,0.320076715832269,0.160038357916134,0.3191476517564,0.638299227481352,0.0425531207622481,27,8,17,2,20,7,13,0
72,1,0.304347826086957,0.521739130434783,0.173913043478261,0.126947821780414,0.346881950187107,0.173440975093554,0.257780735670877,0.394865245757308,0.347354018571815,0.163737224776528,0.455277904885375,0.227638952442688,0.454912351830317,0.294100177992095,0.250987470177588,0.1242722487027,0.328653663379452,0.164326831689726,0.276155763630267,0.385604361201747,0.338239875167987,0.122416007641259,0.311770943796394,0.155885471898197,0.317073170731707,0.365853658536585,0.317073170731707,0.124556484695003,0.330148888890577,0.165074444445289,0.275048726132799,0.385963785943651,0.338987487923549,23,12,6,5,18,1,9,8
72,2,0.304347826086957,0.521739130434783,0.173913043478261,0.0948038875912138,0.235819008665052,0.117909504332526,0.186438321754431,0.525424747953805,0.288136930291764,0.0948011852566756,0.235803379032834,0.117901689516417,0.186446136570539,0.525415290246023,0.288138573183437,0.0964046266104921,0.244857148512074,0.122428574256037,0.191179605497764,0.512478776767938,0.296341617734298,0.0948023605767768,0.23581429624171,0.117907148120855,0.186440677966102,0.525423728813559,0.288135593220339,0.0948065328720834,0.23582084625497,0.117910423127485,0.186437402959472,0.525419871388113,0.288142725652415,29,3,17,9,30,8,14,8
72,3,0.304347826086957,0.521739130434783,0.173913043478261,0.221568758209487,0.588385113812126,0.294192556906063,0.06383245687863,0.468061942737046,0.468105600384324,0.221566145565796,0.588373096970064,0.294186548485032,0.0638305650467594,0.468069842989948,0.468099591963293,0.208916922232145,0.56689714190249,0.283448570951245,0.090428656362511,0.452209729207983,0.457361614429506,0.221558783700264,0.588344125809436,0.294172062904718,0.0638297872340425,0.468085106382979,0.468085106382979,0.221564991847292,0.588366036340662,0.294183018170331,0.063828097048814,0.468075841302594,0.468096061648592,21,2,7,12,26,1,15,10
72,4,0.304347826086957,0.521739130434783,0.173913043478261,0.106521088067598,0.260998724889116,0.130499362444558,0.304271380213479,0.391316213863702,0.304412405922819,0.1064994655282,0.260873287038283,0.130436643519142,0.304351764791226,0.391302486915641,0.304345748293133,0.108626777047367,0.269068790142797,0.134534395071399,0.307388569223964,0.387204735363384,0.305406695412652,0.106499554034051,0.260869565217391,0.130434782608696,0.304347826086957,0.391304347826087,0.304347826086957,0.106501565198156,0.260878795897062,0.130439397948531,0.304352130547318,0.391299732486251,0.304348136966431,29,10,12,7,17,4,6,7
72,5,0.304347826086957,0.521739130434783,0.173913043478261,0.0819008743890353,0.224866389471366,0.112433194735683,0.191914631351273,0.553857753205601,0.254227615443125,0.143891035711412,0.386892470816931,0.193446235408466,0.152935945900165,0.479704775213109,0.367359278886727,0.0852927263633891,0.218793160262711,0.109396580131355,0.194951245955601,0.532431001111661,0.272617752932738,0.105611975034321,0.268270120259019,0.13413506012951,0.170212765957447,0.531914893617021,0.297872340425532,0.0930832940876186,0.241511411160538,0.120755705580269,0.183592120506688,0.536726520188485,0.279681359304827,31,4,14,13,16,4,11,1
73,1,0.260869565217391,0.565217391304348,0.173913043478261,0.0796859315473355,0.223620444378524,0.111810222189262,0.149059343028129,0.633313777571857,0.217626879400014,0.0443336997561235,0.122063063053276,0.0610315315266379,0.199838033690753,0.608166158343863,0.191995807965383,0.0794198291598508,0.224624004500946,0.112312002250473,0.148557562966918,0.622253454096245,0.229188982936837,0.0790774184912602,0.221739130434783,0.110869565217391,0.15,0.633333333333333,0.216666666666667,0.0821191807224918,0.230563305977422,0.115281652988711,0.14558791222868,0.635021487381457,0.219390600389863,26,7,15,4,34,2,23,9
73,2,0.260869565217391,0.565217391304348,0.173913043478261,0.130900487588979,0.367911016652434,0.183955508326217,0.444825073543609,0.491203063704141,0.0639718627522507,0.0781156979719761,0.194436116251471,0.0972180581257357,0.354916247005387,0.568388767642088,0.0766949853525252,0.125036269632737,0.353582162757256,0.176791081378628,0.437660646596019,0.479950467599776,0.082388885804205,0.136849272744852,0.383921246923708,0.191960623461854,0.452830188679245,0.490566037735849,0.0566037735849057,0.13289763859389,0.373860772554993,0.186930386277496,0.447799951494888,0.488647361093431,0.0635526874116811,25,7,16,2,28,17,10,1
73,3,0.260869565217391,0.565217391304348,0.173913043478261,0.0869273649931445,0.238005361906933,0.119002680953466,0.228076306315205,0.684220072257814,0.0877036214269807,0.0585132394646237,0.160348356321701,0.0801741781608504,0.238524366006446,0.645391569465198,0.116084064528355,0.0838357201639273,0.217299910683944,0.108649955341972,0.247642426495031,0.67386734664632,0.0784902268586496,0.0869185976780247,0.237986270022883,0.118993135011442,0.228070175438596,0.684210526315789,0.087719298245614,0.0869228669239134,0.237989603298803,0.118994801649402,0.228084616109506,0.68421219295375,0.0877031909367446,22,5,17,0,35,8,22,5
73,4,0.260869565217391,0.565217391304348,0.173913043478261,0.0813599733718777,0.230061217835393,0.115030608917697,0.145838956299695,0.624999226068951,0.229161817631355,0.0813620719856612,0.230067305767295,0.115033652883647,0.145835912333744,0.624997879576766,0.22916620808949,0.0702379078989905,0.192852242471823,0.0964261212359114,0.16444344398148,0.592777415424283,0.242779140594238,0.0813639105582374,0.230072463768116,0.115036231884058,0.145833333333333,0.625,0.229166666666667,0.0813843000399949,0.230129691432407,0.115064845716204,0.145804719501188,0.6250230056919,0.229172274806912,20,4,11,5,28,3,19,6
73,5,0.260869565217391,0.565217391304348,0.173913043478261,0.189754696264129,0.510652505322686,0.255326252661343,0.204737171148279,0.366023532712117,0.429239296139604,0.349189363780968,0.886828956527969,0.443414478263985,0.22741087990732,0.155261598350434,0.617327521742245,0.168256470647019,0.470152192551278,0.235076096275639,0.175265536427937,0.415745323818163,0.4089891397539,0.160304967358115,0.452173913043478,0.226086956521739,0.133333333333333,0.466666666666667,0.4,0.170670974494316,0.466806918749175,0.233403459374588,0.197412470623603,0.395271026523548,0.407316502852848,13,3,1,9,17,1,13,3
74,1,0.217391304347826,0.608695652173913,0.173913043478261,0.126396990884605,0.31455729264143,0.157278646320715,0.0651865714104084,0.765974298494628,0.168839130094963,0.150235152153233,0.423733813724119,0.21186690686206,0.0976661234584611,0.820562559035973,0.0817713175055663,0.126389794112319,0.316994892674742,0.158497446337371,0.0665849840141241,0.767193098511284,0.166221917474592,0.124249479706393,0.304347826086957,0.152173913043478,0.0652173913043478,0.760869565217391,0.173913043478261,0.126921129596232,0.318778352089835,0.159389176044918,0.0662140077395352,0.768084828218831,0.165701164041634,24,3,20,1,22,0,15,7
74,2,0.217391304347826,0.608695652173913,0.173913043478261,0.0803935549007347,0.207283573781824,0.103641786890912,0.309690222842811,0.505053865283001,0.185255911874188,0.196834239324787,0.536389030106243,0.268194515053121,0.416059090967906,0.340501137120792,0.243439771911302,0.090083981453211,0.24017094083673,0.120085470418365,0.3142755299923,0.488610181755548,0.197114288252152,0.0752916313612577,0.185907046476762,0.0929535232383808,0.310344827586207,0.517241379310345,0.172413793103448,0.0833984340734443,0.216007682611246,0.108003841305623,0.312433764790902,0.50069181086829,0.186874424340808,15,7,4,4,14,2,11,1
74,3,0.217391304347826,0.608695652173913,0.173913043478261,0.059986407220428,0.151677374201442,0.0758386871007209,0.222387650905936,0.532856965073192,0.244755384020872,0.171281043596499,0.480094734866038,0.240047367433019,0.365499501316599,0.368648284740894,0.265852213942506,0.086656143830608,0.24190480685791,0.120952403428955,0.260784825536225,0.487743248744958,0.251471925718817,0.0831461381078905,0.234935163996949,0.117467581998475,0.280701754385965,0.491228070175439,0.228070175438596,0.088268791217576,0.245659842467124,0.122829921233562,0.259527336264191,0.485865730940351,0.254606932795458,19,1,15,3,38,15,13,10
74,4,0.217391304347826,0.608695652173913,0.173913043478261,0.106915129234131,0.284039462629975,0.142019731314988,0.333335168565881,0.466675920858926,0.199988910575194,0.106921697134814,0.284063947030356,0.142031973515178,0.333335710305529,0.466663678658735,0.200000611035735,0.113523879266674,0.312301355371236,0.156150677685618,0.327781208627499,0.452544974488295,0.219673816884206,0.106919465190801,0.284057971014493,0.142028985507246,0.333333333333333,0.466666666666667,0.2,0.106909460501332,0.284027480436641,0.142013740218321,0.333326142460573,0.466681911955592,0.199991945583835,15,3,9,3,30,12,12,6
74,5,0.217391304347826,0.608695652173913,0.173913043478261,0.0750506074855397,0.208192321512284,0.104096160756142,0.147402139476437,0.712791812930055,0.139806047593508,0.177507592942894,0.499962581094657,0.249981290547328,0.0725151339166693,0.503590532057741,0.423894334025589,0.10815744275192,0.278735088511893,0.139367544255947,0.0931221464467158,0.74806319642986,0.158814657123424,0.113073177368043,0.317135549872123,0.158567774936061,0.0588235294117647,0.705882352941177,0.235294117647059,0.0769184779486217,0.214031370475198,0.107015685237599,0.14698935891934,0.715711337411512,0.137299303669147,25,1,12,12,26,2,24,0
75,1,0.173913043478261,0.652173913043478,0.173913043478261,0.137095972922093,0.387379082695119,0.193689541347559,0.0695696151504732,0.562827800023707,0.36760258482582,0.0864476701237394,0.242894969551524,0.121447484775762,0.125341701510261,0.579297770235716,0.295360528254023,0.137131835105191,0.387473682604721,0.193736841302361,0.0694790732360689,0.56287104198331,0.367649884780621,0.132052155058212,0.373485388453314,0.186742694226657,0.0819672131147541,0.557377049180328,0.360655737704918,0.134865863479831,0.381111823688636,0.190555911844318,0.071596973879396,0.563934070798025,0.364468955322579,28,0,15,13,33,5,19,9
75,2,0.173913043478261,0.652173913043478,0.173913043478261,0.0514939910640363,0.14260433143834,0.07130216571917,0.245215209197431,0.603699119863881,0.151085670938689,0.0986485216335398,0.252983846545279,0.12649192327264,0.288121160100569,0.525681989770839,0.186196850128592,0.0613311831626997,0.159079868376432,0.0795399341882162,0.253452977666477,0.5824486426759,0.164098379657623,0.0515230364201098,0.142739950779327,0.0713699753896637,0.245283018867925,0.60377358490566,0.150943396226415,0.052343679211157,0.144453393840228,0.0722266969201141,0.246139740398375,0.602015304918743,0.151844954682882,25,4,19,2,28,9,13,6
75,3,0.173913043478261,0.652173913043478,0.173913043478261,0.0720505256462091,0.197171055175995,0.0985855275879977,0.200899133797946,0.553588385455481,0.245512480746574,0.214635020487032,0.606816074376357,0.303408037188179,0.317873661242271,0.3487658758553,0.33336046290243,0.066561881888845,0.181424298308773,0.0907121491543866,0.197492853965371,0.561461763889092,0.241045382145538,0.0555164218397389,0.154347826086957,0.0771739130434783,0.2,0.575,0.225,0.0720503861348459,0.197168396403608,0.0985841982018038,0.200894738908426,0.553589714841675,0.245515546249899,20,1,17,2,20,7,6,7
75,4,0.173913043478261,0.652173913043478,0.173913043478261,0.0575735254285675,0.150184618657937,0.0750923093289685,0.16362354038991,0.727266222372447,0.109110237237643,0.0575816073649129,0.150193889365274,0.0750969446826368,0.163637248574081,0.727270857726115,0.109091893699803,0.0361334712838358,0.0946963283342597,0.0473481641671298,0.180942152355732,0.692492968333137,0.126564879311131,0.0575828422181006,0.150197628458498,0.075098814229249,0.163636363636364,0.727272727272727,0.109090909090909,0.0575817174400768,0.150193541891961,0.0750967709459803,0.163638042836246,0.727270683989459,0.109091273174295,30,4,24,2,25,5,16,4
75,5,0.173913043478261,0.652173913043478,0.173913043478261,0.0613447402409417,0.171602944356759,0.0858014721783794,0.227919915792979,0.68396851290714,0.0881115712998814,0.135239670306637,0.379023828772353,0.189511914386177,0.363424957864437,0.579746824299926,0.0568282178356365,0.0679258625989618,0.174201384975654,0.087100692487827,0.252548803227295,0.660638845782271,0.0868123509904338,0.0899849458809205,0.227826086956522,0.113913043478261,0.28,0.66,0.06,0.0699349653043541,0.18102484630593,0.0905124231529649,0.253694245994869,0.662905133679835,0.0834006203252959,31,13,17,1,19,1,16,2
76,1,0.130434782608696,0.695652173913043,0.173913043478261,0.10312260884981,0.289115774186099,0.14455788709305,0.274992669701745,0.606679769269995,0.11832756102826,0.0863355952728199,0.240360936709825,0.120180468354912,0.0890058395485143,0.616900648618313,0.294093511833173,0.0590633420661383,0.15242439356279,0.076212196781395,0.206646979390091,0.627940444970913,0.165412575638996,0.0926333885011267,0.248447204968944,0.124223602484472,0.228571428571429,0.571428571428571,0.2,0.079072053642536,0.216870342572604,0.108435171286302,0.238869953894998,0.617771437128194,0.143358608976808,44,3,27,14,26,13,13,0
76,2,0.130434782608696,0.695652173913043,0.173913043478261,0.153655582905566,0.431468282539597,0.215734141269798,3.52674563647322e-06,0.610349288506304,0.389647184748059,0.216666577739539,0.610670540589552,0.305335270294776,1.99397658537476e-06,0.520749692250378,0.479248313773037,0.159141833032747,0.448110113813861,0.224055056906931,3.90833556238866e-06,0.602027991279246,0.397968100385192,0.157985382057406,0.444626743232158,0.222313371616079,0,0.60377358490566,0.39622641509434,0.157655598451321,0.443631638372532,0.221815819186266,1.54706154771273e-06,0.604269590273925,0.395728862664527,29,0,14,15,24,0,18,6
76,3,0.130434782608696,0.695652173913043,0.173913043478261,0.0457380719055929,0.116437552318555,0.0582187761592774,0.0769145893528906,0.753870950072321,0.169214460574789,0.0457116552084795,0.116368708218763,0.0581843541093817,0.0769444737504441,0.753836528022425,0.169218998227131,0.0240622890781654,0.0651415769770663,0.0325707884885331,0.0978639941201625,0.720472697708068,0.181663308171769,0.0457236832796318,0.116387959866221,0.0581939799331104,0.0769230769230769,0.753846153846154,0.169230769230769,0.0457225523816721,0.11638409156622,0.0581920457831101,0.0769237632984548,0.753844219696154,0.169232017005392,31,2,25,4,34,3,24,7
76,4,0.130434782608696,0.695652173913043,0.173913043478261,0.0973687146823188,0.252186472543731,0.126093236271866,0.115308637375227,0.584685082874646,0.300006279750127,0.20665830274484,0.573744476476757,0.286872238238378,0.225500245993815,0.408779935674665,0.36571981833152,0.0963735130990741,0.252975742634277,0.126487871317138,0.111149860221928,0.588449224982673,0.300400914795399,0.0769436473123268,0.191304347826087,0.0956521739130435,0.133333333333333,0.6,0.266666666666667,0.0926101347539769,0.243453063612359,0.121726531806179,0.111427748972188,0.592932675743372,0.29563957528444,16,0,13,3,14,4,5,5
76,5,0.130434782608696,0.695652173913043,0.173913043478261,0.140919450082074,0.397452960589935,0.198726480294968,0.329161262903663,0.609261082366764,0.0615776547295725,0.204380832844624,0.557656016750003,0.278828008375001,0.409262790983697,0.490295061210584,0.100442147805719,0.146150693251435,0.413195225317716,0.206597612658858,0.337032395267553,0.597655022000661,0.0653125827317858,0.138631351229775,0.391304347826087,0.195652173913043,0.326086956521739,0.608695652173913,0.0652173913043478,0.142226132781909,0.401439727065513,0.200719863532756,0.331154646141452,0.60651995592505,0.0623253979334976,22,5,17,0,24,10,11,3
77,1,0.0869565217391304,0.739130434782609,0.173913043478261,0.0576576149368839,0.144962426679447,0.0724812133397232,0.155546102502711,0.666649221442885,0.177804676054404,0.0576523442870428,0.144830975506793,0.0724154877533966,0.155609404739676,0.666714947029212,0.177675648231112,0.0757924013903857,0.192586923300014,0.0962934616500069,0.175875903880623,0.642836973132602,0.181287122986775,0.0576534511869958,0.144927536231884,0.072463768115942,0.155555555555556,0.666666666666667,0.177777777777778,0.0576552650724608,0.144923349218531,0.0724616746092656,0.155562869394633,0.666668760173343,0.177768370432024,25,5,18,2,20,2,12,6
77,2,0.0869565217391304,0.739130434782609,0.173913043478261,0.0744529843193651,0.19508734610052,0.0975436730502598,0.0725182576612054,0.836674107832868,0.0908076345059262,0.0355367228677596,0.0892625855544356,0.0446312927772178,0.129280261166448,0.741437988132509,0.129281750701043,0.0621196577677,0.164772961772193,0.0823864808860966,0.0721759420323258,0.821516915668705,0.106307142298969,0.0776114369293016,0.195208518189885,0.0976042590949424,0.0816326530612245,0.836734693877551,0.0816326530612245,0.0737621897821509,0.19305379181657,0.0965268959082852,0.0729452231616383,0.835657330690894,0.0913974461474678,24,0,23,1,25,4,18,3
77,3,0.0869565217391304,0.739130434782609,0.173913043478261,0.163981519060836,0.445133292835659,0.22256664641783,0.30952316815696,0.571429261410916,0.119047570432124,0.16397922348551,0.445125118276152,0.222562559138076,0.309519080877206,0.571429220307555,0.119051698815239,0.170629857176156,0.447025827035484,0.223512913517742,0.310469435256872,0.548612913035758,0.140917651707369,0.163982039018708,0.445134575569358,0.222567287784679,0.30952380952381,0.571428571428571,0.119047619047619,0.163983552487818,0.445147832660962,0.222573916330481,0.309530438069611,0.571438272453467,0.119031289476922,16,7,8,1,26,6,16,4
77,4,0.0869565217391304,0.739130434782609,0.173913043478261,0.0372381634835703,0.102891545871055,0.0514457729355275,0.122427257443688,0.755105472013578,0.122467270542733,0.037252818017456,0.102926627059588,0.0514633135297939,0.122450565290215,0.755099704761318,0.122449729948467,0.0376336506051069,0.106437934262356,0.053218967131178,0.140175488870308,0.713014550162366,0.146809960967325,0.0372529937742296,0.102928127772848,0.0514640638864241,0.122448979591837,0.755102040816326,0.122448979591837,0.037252657511035,0.102926984602394,0.0514634923011971,0.122449029006321,0.755101419816615,0.122449551177064,27,2,22,3,22,4,15,3
77,5,0.0869565217391304,0.739130434782609,0.173913043478261,0.0130947473947799,0.0363755697765967,0.0181877848882983,0.093031809432342,0.72094264989431,0.186025540673348,0.0183710424751429,0.050699408734885,0.0253497043674424,0.0947031725473286,0.713780730415166,0.191516097037505,0.0394005235027537,0.10887880490815,0.0544394024540752,0.124465317861687,0.684691032328533,0.190843649809779,0.0131056434750412,0.0364004044489383,0.0182002022244692,0.0930232558139535,0.720930232558139,0.186046511627907,0.0131082462681533,0.0364059632763148,0.0182029816381574,0.0930202872660687,0.720927453144451,0.18605225958948,23,2,19,2,20,2,12,6
78,1,0.0434782608695652,0.782608695652174,0.173913043478261,0.0813258107314243,0.227902357453409,0.113951178726704,3.820011690921e-10,0.896559874378878,0.103440125239121,0.0813194576460772,0.22788549499261,0.113942747496305,1.82031226475824e-07,0.896551443148479,0.103448374820295,0.0631164739728649,0.178500611628359,0.0892503058141794,2.50528611391729e-06,0.871859001466353,0.128138493247533,0.0813196499089692,0.227886056971514,0.113943028485757,0,0.896551724137931,0.103448275862069,0.0813196346077424,0.227886011673774,0.113943005836887,1.64436591906616e-08,0.896551701489061,0.10344828206728,25,0,22,3,33,0,30,3
78,2,0.0434782608695652,0.782608695652174,0.173913043478261,0.0770116751213436,0.208370633169506,0.104185316584753,0.0188676333171868,0.886794012236927,0.0943383544458865,0.0770105231365067,0.208367364085157,0.104183682042578,0.0188682558072481,0.886792377694752,0.0943393664979996,0.0486165389379684,0.128520084804713,0.0642600424023567,0.0325222095440618,0.846868738054531,0.120609052401408,0.0770105040848766,0.20836751435603,0.104183757178015,0.0188679245283019,0.886792452830189,0.0943396226415094,0.0770098326774283,0.208365658455363,0.104182829227681,0.0188682047391603,0.886791524879855,0.0943402703809844,21,0,19,2,32,1,28,3
78,3,0.0434782608695652,0.782608695652174,0.173913043478261,0.0320257818567008,0.0869415520065205,0.0434707760032603,7.48486630493072e-06,0.793335233552397,0.206657281581299,0.119975120873173,0.327543226999627,0.163771613499814,6.35559939438413e-07,0.662314707461986,0.337684656978075,0.0334815035496661,0.0869510035081,0.0434755017540501,2.75911551516253e-06,0.788100610744462,0.211896630140023,0.0376274442690754,0.0966183574879227,0.0483091787439613,0,0.777777777777778,0.222222222222222,0.0358306469129063,0.088557809108789,0.0442789045543946,1.35687260646683e-06,0.781806695094738,0.218191948032655,20,0,19,1,25,0,16,9
78,4,0.0434782608695652,0.782608695652174,0.173913043478261,0.054952989331066,0.153513029028054,0.0767565145140271,0.0156392001841043,0.859365210166201,0.124995589649695,0.0781123767351457,0.210737253191523,0.105368626595762,0.0195238013097777,0.887977322247935,0.0924988764422869,0.0415632530471804,0.113978446139076,0.0569892230695381,0.0274506997575603,0.839597918721712,0.132951381520728,0.0549586373150977,0.153532608695652,0.0767663043478261,0.015625,0.859375,0.125,0.0549683927060566,0.153532937590795,0.0767664687953976,0.0157001312117928,0.859375164447572,0.124924704340636,35,1,32,2,29,0,23,6
78,5,0.0434782608695652,0.782608695652174,0.173913043478261,0.080776373042022,0.22644781000258,0.11322390500129,1.176628806848e-08,0.895832600653464,0.104167387580248,0.0807765975499442,0.226448384837349,0.113224192418674,8.09068292449255e-08,0.895832888070848,0.104167031022322,0.0618480842728645,0.174931801900121,0.0874659009500607,1.08486678959901e-06,0.870074596602235,0.129924318530976,0.0807769249736926,0.226449275362319,0.113224637681159,0,0.895833333333333,0.104166666666667,0.0807754980827919,0.226445312638908,0.113222656319454,6.37737735876528e-07,0.895831351971628,0.104168010290636,29,0,27,2,19,0,16,3
79,1,0.739130434782609,0.0434782608695652,0.217391304347826,0.0801589424988596,0.207528412650737,0.103764206325369,0.63536622845724,0.134894225569582,0.229739545973178,0.206067188263528,0.539762101251785,0.269881050625892,0.469249384156716,0.0831891006687364,0.447561515174547,0.064751300076638,0.161995770963577,0.0809978854817884,0.65813254930082,0.120971841100663,0.220895609598517,0.0669716936102642,0.189371980676328,0.0946859903381642,0.644444444444444,0.0888888888888889,0.266666666666667,0.0763248323366194,0.189214058122703,0.0946070290613512,0.644523405721257,0.135785692851481,0.219690901427261,24,20,3,1,21,9,1,11
79,2,0.739130434782609,0.0434782608695652,0.217391304347826,0.0284859522339524,0.0776437191908924,0.0388218595954462,0.767859176833008,0.0535713784146119,0.17856944475238,0.0284856987578501,0.0776428034202803,0.0388214017101401,0.767859216316092,0.0535708810462221,0.178569902637686,0.0249490252105342,0.0692386876949365,0.0346193438474683,0.72772047150523,0.0780976047170335,0.194181923777737,0.0284843731798822,0.0776397515527951,0.0388198757763975,0.767857142857143,0.0535714285714286,0.178571428571429,0.0284607745817048,0.0775915546171732,0.0387957773085866,0.767812141722114,0.0535923312386462,0.17859552703924,24,18,1,5,32,25,2,5
79,3,0.739130434782609,0.0434782608695652,0.217391304347826,0.0414176141767608,0.116941849293968,0.058470924646984,0.706896410414142,0.0172413605910483,0.27586222899481,0.0414171691476622,0.116940540398847,0.0584702701994235,0.706896386977615,0.0172420384751354,0.27586157454725,0.0520522086263601,0.138941500280637,0.0694707501403185,0.683311658883141,0.029826286628714,0.286862054488145,0.041417498258414,0.116941529235382,0.0584707646176912,0.706896551724138,0.0172413793103448,0.275862068965517,0.0414175013464428,0.116941446111956,0.0584707230559779,0.706895900759206,0.0172420718369897,0.275862027403804,33,23,1,9,25,18,0,7
79,4,0.739130434782609,0.0434782608695652,0.217391304347826,0.0924859652092539,0.254631312823134,0.127315656411567,0.828740591697005,0.0811837603667356,0.0900756479362593,0.0708291626394469,0.198756654763368,0.0993783273816842,0.67857313162717,0.142856588251249,0.178570280121581,0.0906583786464129,0.249388608713553,0.124694304356777,0.827302192939196,0.0800008070697545,0.0926969999910494,0.0812226127777051,0.226449275362319,0.113224637681159,0.8125,0.0833333333333333,0.104166666666667,0.0858853868474526,0.24002529409229,0.120012647046145,0.81532851307896,0.0872928296193591,0.0973786573016813,27,18,4,5,21,21,0,0
79,5,0.739130434782609,0.0434782608695652,0.217391304347826,0.0510301397272833,0.144334599120899,0.0721672995604496,0.703199744125437,0.115645560430015,0.181154695444548,0.15936920221379,0.428778980935893,0.214389490467947,0.5717221221069,0.257867751337512,0.170410126555588,0.0430279112693716,0.12162901526421,0.0608145076321051,0.710539349572674,0.10429276850167,0.185167881925656,0.0731408767397751,0.198757763975155,0.0993788819875776,0.714285714285714,0.142857142857143,0.142857142857143,0.0444549420001892,0.124458455590509,0.0622292277952543,0.715762123768618,0.10570748866482,0.178530387566563,15,8,5,2,20,17,0,3
80,1,0.695652173913043,0.0869565217391304,0.217391304347826,0.0615418548605,0.173908026275798,0.0869540131378988,0.735912109000526,2.50860123167488e-06,0.264085382398242,0.100048266654686,0.280279399725497,0.140139699862749,0.642468172574343,8.23215082590596e-07,0.357531004210575,0.0633251049978034,0.173900425714228,0.0869502128571141,0.720557176746005,6.30888201637065e-06,0.279436514371979,0.0625606196254026,0.173913043478261,0.0869565217391304,0.725,0,0.275,0.062373053328407,0.173897512994354,0.0869487564971772,0.726260628955022,7.76524195322273e-06,0.273731605803025,17,15,0,2,23,14,0,9
80,2,0.695652173913043,0.0869565217391304,0.217391304347826,0.0749919732593327,0.210858901402041,0.10542945070102,0.758325175904295,0.129712970448899,0.111961853646806,0.0246280117284604,0.0656280571650238,0.0328140285825119,0.689356444836108,0.0604382222335535,0.250205332930338,0.0621621805660067,0.169402091936913,0.0847010459684564,0.758386628018827,0.108923113601803,0.13269025837937,0.036213047352704,0.0951599671862182,0.0475799835931091,0.735849056603774,0.0943396226415094,0.169811320754717,0.0648576959975497,0.182238604810044,0.091119302405022,0.750307738598128,0.123420259459068,0.126272001942804,22,18,4,0,31,21,1,9
80,3,0.695652173913043,0.0869565217391304,0.217391304347826,0.0656966750343376,0.173908269085869,0.0869541345429343,0.767472027396667,2.38719619617967e-06,0.232525585407137,0.0761732164602738,0.197093705339716,0.0985468526698582,0.684060662743144,1.18023917115068e-06,0.315938157017684,0.066579839616311,0.173904978296474,0.086952489148237,0.770413575322231,4.03259089347849e-06,0.229582392086876,0.0709997026893675,0.173913043478261,0.0869565217391305,0.782608695652174,0,0.217391304347826,0.0707021520799119,0.173909553076464,0.0869547765382322,0.78187697837292,1.74520089823447e-06,0.218121276426182,16,10,0,6,30,26,0,4
80,4,0.695652173913043,0.0869565217391304,0.217391304347826,0.064237582717971,0.173554125240641,0.0867770626203207,0.628982607350688,0.0668490256811655,0.304168366968147,0.0333903028915933,0.0937399138566117,0.0468699569283058,0.724064485392234,0.105414167188246,0.17052134741952,0.0626247299192391,0.169062436677249,0.0845312183386245,0.630503382254678,0.0675740950588717,0.301922522686451,0.069730524650078,0.18743961352657,0.093719806763285,0.622222222222222,0.0666666666666667,0.311111111111111,0.0625297234841942,0.168912298472247,0.0844561492361235,0.630723468892526,0.0674290775235249,0.30184745358395,22,11,0,11,23,17,3,3
80,5,0.695652173913043,0.0869565217391304,0.217391304347826,0.161699288101432,0.457351821610041,0.228675910805021,0.466976263108023,0.200597683136611,0.332426053755366,0.136543216027879,0.366293507012409,0.183146753506204,0.512505420406839,0.231530132217728,0.255964447375433,0.165803329341729,0.468708323031125,0.234354161515562,0.461298012397481,0.210820250869321,0.327881736733198,0.163679377114526,0.462732919254658,0.231366459627329,0.464285714285714,0.196428571428571,0.339285714285714,0.162380171675172,0.45926149901883,0.229630749509415,0.466021424403629,0.199963751119172,0.3340148244772,27,15,7,5,29,11,4,14
81,1,0.652173913043478,0.130434782608696,0.217391304347826,0.0660723475334009,0.174645231916161,0.0873226159580804,0.637311966507706,0.217757398566776,0.144930634925518,0.0357937839432436,0.095498792530971,0.0477493962654855,0.604424516777993,0.168862446785329,0.226713036436678,0.0689967829722712,0.186990514873523,0.0934952574367615,0.629609165013909,0.223930040045457,0.146460794940634,0.0588179333292357,0.160183066361556,0.080091533180778,0.631578947368421,0.210526315789474,0.157894736842105,0.0655167529491013,0.173523783514927,0.0867618917574636,0.636952299179018,0.217196674366159,0.145851026454823,28,19,8,1,29,17,4,8
81,2,0.652173913043478,0.130434782608696,0.217391304347826,0.165282425322014,0.413786180532805,0.206893090266403,0.454526215685347,0.121189389700424,0.424284394614229,0.173689722134061,0.443585534715671,0.221792767357835,0.430381145685643,0.149908217181135,0.419710637133222,0.168010552422025,0.430539245018289,0.215269622509144,0.457443976745603,0.109895096397427,0.43266092685697,0.165256821234092,0.413702239789196,0.206851119894598,0.454545454545455,0.121212121212121,0.424242424242424,0.16525837979493,0.413707205652788,0.206853602826394,0.45454420091637,0.12121089190941,0.42424490717422,13,7,0,6,20,8,4,8
81,3,0.652173913043478,0.130434782608696,0.217391304347826,0.0879972569319455,0.246071036618657,0.123035518309328,0.574470611973685,0.0851025653691608,0.340426822657155,0.0776993330279763,0.212262282794663,0.106131141397332,0.574452406978997,0.102025147275845,0.323522445745158,0.095545656864357,0.267089670639776,0.133544835319888,0.567574786825861,0.0814890735064246,0.350936139667714,0.0879967436166984,0.246068455134135,0.123034227567068,0.574468085106383,0.0851063829787234,0.340425531914894,0.0879168809261441,0.245835336346748,0.122917668173374,0.574513163459297,0.0851778640195035,0.3403089725212,17,10,0,7,30,17,4,9
81,4,0.652173913043478,0.130434782608696,0.217391304347826,0.110836763859236,0.304326659937456,0.152163329968728,0.50001058307475,0.173929286105704,0.326060130819546,0.110849528321773,0.304351348089801,0.1521756740449,0.499998238998578,0.17391357080303,0.326088190198392,0.121124344165187,0.337623331827864,0.168811665913932,0.483362247129546,0.189668682531185,0.326969070339268,0.110848250295495,0.304347826086957,0.152173913043478,0.5,0.173913043478261,0.326086956521739,0.110846254598244,0.304342445582108,0.152171222791054,0.500002690252424,0.173912458568279,0.326084851179296,24,12,3,9,22,11,5,6
81,5,0.652173913043478,0.130434782608696,0.217391304347826,0.0850234100334623,0.231929309029592,0.115964654514796,0.56666669599474,0.0999773451426379,0.333355958862622,0.10765798507196,0.269394389822208,0.134697194911104,0.523361001657471,0.124550499083599,0.35208849925893,0.0924260242400562,0.246033932510806,0.123016966255403,0.552403510920214,0.107188218476557,0.340408270603229,0.0850104292830386,0.231884057971014,0.115942028985507,0.566666666666667,0.1,0.333333333333333,0.0850130391144526,0.231899884590906,0.115949942295453,0.566675617414978,0.0999831359417431,0.333341246643279,30,14,5,11,30,20,1,9
82,1,0.608695652173913,0.173913043478261,0.217391304347826,0.0988312415237509,0.260890147102191,0.130445073551095,0.739140725725008,0.0652223167084657,0.195636957566526,0.0988287073388656,0.260874107262723,0.130437053631362,0.739132705805275,0.0652169204619658,0.195650373732759,0.0683160663787881,0.174211560974123,0.0871057804870614,0.695801432660974,0.0941653381017393,0.210033229237286,0.0988274036013467,0.260869565217391,0.130434782608696,0.739130434782609,0.0652173913043478,0.195652173913043,0.0988289110222492,0.260893079499716,0.130446539749858,0.739142191923771,0.0652328330617797,0.195624975014449,19,13,1,5,27,21,2,4
82,2,0.608695652173913,0.173913043478261,0.217391304347826,0.148984199809039,0.421320220179709,0.210660110089855,0.500022514448691,0.384573153568115,0.115404331983194,0.149014311625385,0.421405325736547,0.210702662868273,0.499999399373699,0.384615706346534,0.115384894279767,0.146994935273892,0.412229864220309,0.206114932110155,0.482212931260388,0.380027975588416,0.137759093151196,0.149014077584876,0.421404682274248,0.210702341137124,0.5,0.384615384615385,0.115384615384615,0.149014179107329,0.421404937425795,0.210702468712898,0.499999179221391,0.384615512191158,0.115385308587451,22,10,9,3,30,16,11,3
82,3,0.608695652173913,0.173913043478261,0.217391304347826,0.19769405064607,0.539872900434009,0.269936450217005,0.338759201956909,0.371929988831177,0.289310809211915,0.126089662225507,0.350739367332511,0.175369683666256,0.433325968507657,0.23363344506468,0.333040586427662,0.204629944990489,0.556335612465908,0.278167806232954,0.330527845940959,0.382113697544673,0.287358456514368,0.21209459330394,0.563545150501672,0.281772575250836,0.326923076923077,0.403846153846154,0.269230769230769,0.205721027742961,0.557491659268748,0.278745829634374,0.329949822539539,0.385447469709175,0.284602707751286,23,11,4,8,29,6,17,6
82,4,0.608695652173913,0.173913043478261,0.217391304347826,0.061825202798766,0.174835177325027,0.0874175886625134,0.563518033147014,0.131673073842647,0.304808893010339,0.147217860311862,0.379359721720006,0.189679860860003,0.439519926999377,0.363592904338264,0.196887168662359,0.0488374375521594,0.136573135669192,0.0682865678345959,0.565588471223519,0.148733656594059,0.285677872182422,0.054293508523999,0.153561517113784,0.0767807585568918,0.531914893617021,0.212765957446809,0.25531914893617,0.0612349032766228,0.17301644681793,0.0865082234089652,0.562004167793323,0.134096304449886,0.303899527756791,23,15,0,8,24,10,10,4
82,5,0.608695652173913,0.173913043478261,0.217391304347826,0.0722400356736492,0.201855185696834,0.100927592848417,0.672876222364691,0.2106600661359,0.116463711499409,0.0482909263404734,0.125713814323745,0.0628569071618727,0.616998854042396,0.228466748771651,0.154534397185953,0.066826519900954,0.187266229642079,0.0936331148210397,0.644407908625282,0.231833901847932,0.123758189526786,0.0725616789403808,0.202224469160768,0.101112234580384,0.674418604651163,0.209302325581395,0.116279069767442,0.072745437399456,0.202840742185424,0.101420371092712,0.674348368938897,0.209680697805989,0.115970933255114,17,9,4,4,26,20,5,1
83,1,0.565217391304348,0.217391304347826,0.217391304347826,0.111687293736267,0.291917241354375,0.145958620677187,0.690476125517984,0.0714326836706387,0.238091190811377,0.111684524124814,0.291919046348345,0.145959523174172,0.690465810704271,0.0714317811736538,0.238102408122075,0.0851651817262212,0.231181274246703,0.115590637123352,0.652317414688861,0.101800667224474,0.245881918086664,0.111689359451183,0.291925465838509,0.145962732919255,0.69047619047619,0.0714285714285714,0.238095238095238,0.111698212839999,0.291927719608377,0.145963859804188,0.690502761349248,0.0714274445436378,0.238069794107114,22,13,2,7,20,16,1,3
83,2,0.565217391304348,0.217391304347826,0.217391304347826,0.0871349455481623,0.244792863808775,0.122396431904387,0.491646495920123,0.168565767827664,0.339787736252213,0.0761597510714102,0.194406632371087,0.0972033161855436,0.468014075118804,0.225817123721429,0.306168801159767,0.0910462165643411,0.255685948616239,0.12784297430812,0.488019957251424,0.16674576409263,0.345234278655946,0.0871343392175633,0.244462674323216,0.122231337161608,0.490566037735849,0.169811320754717,0.339622641509434,0.0884301485498873,0.24909535072936,0.12454767536468,0.493158658130825,0.164902362156669,0.341938979712506,23,10,7,6,30,16,2,12
83,3,0.565217391304348,0.217391304347826,0.217391304347826,0.176039766858337,0.4429801538502,0.2214900769251,0.343727314379248,0.229690374680181,0.426582310940571,0.115000587078722,0.312114086434014,0.156057043217007,0.409160348087341,0.255766932121833,0.335072719790826,0.170971287996057,0.441447811976357,0.220723905988178,0.344493485316169,0.242269399377166,0.413237115306664,0.175397631647523,0.436557231588287,0.218278615794144,0.346938775510204,0.224489795918367,0.428571428571429,0.173734793602778,0.438219292440949,0.219109646220475,0.346107745083873,0.230671052998711,0.423221201917416,26,12,7,7,23,5,4,14
83,4,0.565217391304348,0.217391304347826,0.217391304347826,0.059499214905082,0.157745974245371,0.0788729871226858,0.644090378427034,0.203342283843883,0.152567337729084,0.0594938453719959,0.157699374912058,0.078849687456029,0.644067078760377,0.20338931543168,0.152543605807943,0.0467111455192482,0.118417745559961,0.0592088727799803,0.624426264084328,0.213156706579192,0.16241702933648,0.0594945700573011,0.157700810611643,0.0788504053058217,0.644067796610169,0.203389830508475,0.152542372881356,0.0594933225939095,0.157696268024465,0.0788481340122327,0.64406552531658,0.203391870514801,0.152542604168619,34,22,5,7,25,16,7,2
83,5,0.565217391304348,0.217391304347826,0.217391304347826,0.148249061337515,0.418961041255078,0.209480520627539,0.46790073452208,0.426871824975365,0.105227440502555,0.183656944692135,0.504888887577684,0.252444443788842,0.386092786660361,0.469835748136668,0.144071465202971,0.144642337077003,0.409003904903423,0.204501952451711,0.467006476368189,0.421893256799537,0.111100266832273,0.143958110393733,0.405797101449275,0.202898550724638,0.478260869565217,0.420289855072464,0.101449275362319,0.145552444615771,0.410556603134178,0.205278301567089,0.475764801093555,0.422669605914915,0.10156559299153,28,9,14,5,41,24,15,2
84,1,0.521739130434783,0.260869565217391,0.217391304347826,0.18389893545617,0.515140265827298,0.257570132913649,0.264168997521134,0.358486576457328,0.377344426021538,0.183894845736,0.515134961808059,0.257567480904029,0.264171649530753,0.358505014898237,0.37732333557101,0.178155106668283,0.497474398152293,0.248737199076146,0.273001931358636,0.350507524179801,0.376490544461562,0.183912148021411,0.515176374077112,0.257588187038556,0.264150943396226,0.358490566037736,0.377358490566038,0.183908963202341,0.515165961850809,0.257582980925404,0.264156149509378,0.358483883383249,0.377359967107373,25,8,6,11,28,6,13,9
84,2,0.521739130434783,0.260869565217391,0.217391304347826,0.161781905592457,0.450883456821479,0.22544172841074,0.296297402024043,0.407385366677829,0.296317231298128,0.161785537180826,0.450885529895869,0.225442764947934,0.296296365486848,0.407406770331146,0.296296864182006,0.159346401596445,0.444504558095916,0.222252279047958,0.299486851386825,0.404242516926373,0.296270631686802,0.161785669341145,0.450885668276973,0.225442834138486,0.296296296296296,0.407407407407407,0.296296296296296,0.161744489851897,0.450794161649925,0.225397080824963,0.29634204960982,0.407317727299816,0.296340223090364,26,6,10,10,28,10,12,6
84,3,0.521739130434783,0.260869565217391,0.217391304347826,0.106113092329192,0.299434257170681,0.149717128585341,0.6054615878685,0.111152436632051,0.283385975499449,0.0484344663723136,0.130042892034509,0.0650214460172547,0.53559496219406,0.312035179475369,0.152369858330571,0.106591931073764,0.298390268224486,0.149195134112243,0.615001333114821,0.111674431105149,0.273324235780031,0.0667484283698918,0.188405797101449,0.0942028985507246,0.574074074074074,0.166666666666667,0.259259259259259,0.110948096122492,0.313381641080218,0.156690820540109,0.607170450572952,0.104178744677282,0.288650804749766,29,18,0,11,25,13,9,3
84,4,0.521739130434783,0.260869565217391,0.217391304347826,0.0467472847119962,0.130465837641996,0.0652329188209979,0.563654120292963,0.284187494180208,0.152158385526828,0.0940619226378048,0.264200608325455,0.132100304162727,0.65383943459751,0.181269499277749,0.164891066124741,0.0405717543072443,0.1043560278031,0.0521780139015501,0.56849676144035,0.266289948113374,0.165213290446276,0.0570079422715957,0.154782608695652,0.0773913043478261,0.58,0.28,0.14,0.0488615685686026,0.12548602575374,0.0627430128768698,0.578183831241428,0.267167877287615,0.154648291470956,30,21,4,5,20,8,10,2
84,5,0.521739130434783,0.260869565217391,0.217391304347826,0.0360240581727033,0.0970984776820818,0.0485492388410409,0.532641102143943,0.298516832349272,0.168842065506785,0.137513172803047,0.386614907445493,0.193307453722747,0.443496821035466,0.454177018940138,0.102326160024396,0.0580172813065023,0.152753981522735,0.0763769907613676,0.509510678524309,0.337246555978759,0.153242765496932,0.0753388852677003,0.2023988005997,0.10119940029985,0.5,0.362068965517241,0.137931034482759,0.058462450117973,0.153691529900187,0.0768457649500933,0.509732784780844,0.337715330167485,0.152551885051671,38,16,19,3,20,13,2,5
85,1,0.478260869565217,0.304347826086957,0.217391304347826,0.100818544362106,0.254993216021658,0.127496608010829,0.605757477576046,0.295871843728464,0.0983706786954897,0.112634620379303,0.317554571068379,0.158777285534189,0.637038155099407,0.213906275974716,0.149055568925877,0.0971095687009357,0.24393835336096,0.12196917668048,0.600230046245697,0.298026227555517,0.101743726198786,0.0976729880898217,0.243478260869565,0.121739130434783,0.6,0.3,0.1,0.100872379614361,0.253627358022393,0.126813679011196,0.605074548576414,0.297523435850806,0.0974020155727799,34,22,6,6,36,20,15,1
85,2,0.478260869565217,0.304347826086957,0.217391304347826,0.0794222917146729,0.223061393920315,0.111530696960157,0.36673017260506,0.348601078385103,0.284668749009837,0.0870473506278467,0.245599604971233,0.122799802485617,0.532176236145731,0.37323226199206,0.0945915018622095,0.0413321330603919,0.106093383314169,0.0530466916570846,0.430475957163124,0.357394517744041,0.212129525092835,0.0384618291971575,0.105457909343201,0.0527289546716004,0.425531914893617,0.319148936170213,0.25531914893617,0.0483523770910342,0.119285935866051,0.0596429679330253,0.418617901632192,0.363134217055485,0.218247881312323,15,2,3,10,32,18,12,2
85,3,0.478260869565217,0.304347826086957,0.217391304347826,0.0842354364344794,0.231146632969809,0.115573316484904,0.511037139676517,0.188774509602052,0.300188350721431,0.0430447760903589,0.121738059249358,0.0608690296246789,0.539129899189896,0.273206170965926,0.187663929844178,0.0771919505615627,0.213000894124549,0.106500447062275,0.510747256049704,0.197847379024682,0.291405364925614,0.0778572522815263,0.208695652173913,0.104347826086957,0.5,0.2,0.3,0.0788274305104154,0.218510009439568,0.109255004719784,0.513701041233438,0.195092821367173,0.29120613739939,22,12,7,3,18,8,1,9
85,4,0.478260869565217,0.304347826086957,0.217391304347826,0.0929756928853561,0.262346689678421,0.131173344839211,0.5517142060833,0.362067834408085,0.0862179595086155,0.0929830984523011,0.262366932400938,0.131183466200469,0.551723977603055,0.362068184249588,0.0862078381473572,0.0765259292750764,0.216443988650176,0.108221994325088,0.532943474413559,0.357887215563703,0.109169310022738,0.0929837451474404,0.262368815592204,0.131184407796102,0.551724137931034,0.362068965517241,0.0862068965517241,0.0929835128959617,0.262367853174368,0.131183926587184,0.551725796696303,0.362066825543055,0.0862073777606421,27,13,12,2,31,19,9,3
85,5,0.478260869565217,0.304347826086957,0.217391304347826,0.0659703367353309,0.174553575980683,0.0872767879903412,0.463174177831492,0.232157729830341,0.304668092338167,0.126610974409452,0.35257727652857,0.176288638264285,0.362964289467192,0.243355767920697,0.393679942612111,0.0647962666842597,0.178997426065571,0.0894987130327855,0.450550278803212,0.242559703816176,0.306890017380612,0.0740944918066789,0.194847020933978,0.0974235104669887,0.462962962962963,0.222222222222222,0.314814814814815,0.0681358768527526,0.183390480968223,0.0916952404841116,0.458059569257236,0.232853885910826,0.309086544831938,29,9,7,13,25,16,5,4
86,1,0.434782608695652,0.347826086956522,0.217391304347826,0.0878086496065518,0.227158438104008,0.113579219052004,0.448093957352089,0.448093957352089,0.103812085295822,0.0134508933085582,0.0377817067668133,0.0188908533834066,0.427271488089422,0.366716940339928,0.206011571570649,0.0838519104221771,0.218296314100159,0.109148157050079,0.449210402441131,0.442546450261123,0.108243147297747,0.0668667401572978,0.167092924126172,0.0835464620630861,0.431372549019608,0.431372549019608,0.137254901960784,0.081982919914746,0.212244977693372,0.106122488846686,0.447404865033729,0.44132631946513,0.11126881550114,29,12,10,7,22,10,12,0
86,2,0.434782608695652,0.347826086956522,0.217391304347826,0.051016242485418,0.142575235045217,0.0712876175226083,0.480046302433357,0.373850010741425,0.146103686825218,0.0613513644087483,0.158495823746524,0.0792479118732622,0.364567621066411,0.427073998829784,0.208358380103805,0.0450599228025364,0.127125946960214,0.0635629734801072,0.47048917712036,0.375682492011921,0.153828330867719,0.0522316452005292,0.142099681866384,0.0710498409331919,0.48780487804878,0.365853658536585,0.146341463414634,0.0518318005960986,0.144406771644614,0.072203385822307,0.481829923398048,0.372982158076433,0.145187918525519,20,6,9,5,21,14,6,1
86,3,0.434782608695652,0.347826086956522,0.217391304347826,0.159554165707301,0.447204949013152,0.223602474506576,0.349206316394291,0.571428561463098,0.0793651221426111,0.159553950273899,0.447204376114717,0.223602188057359,0.349206325323676,0.57142827501388,0.0793653996624439,0.144559335825297,0.407298870085227,0.203649435042614,0.348491180153009,0.551475521999135,0.100033297847856,0.159554176831614,0.447204968944099,0.22360248447205,0.349206349206349,0.571428571428571,0.0793650793650794,0.159554072865072,0.447204812335437,0.223602406167719,0.349205940283627,0.57142849312424,0.0793655665921331,33,10,21,2,30,12,15,3
86,4,0.434782608695652,0.347826086956522,0.217391304347826,0.117367846847208,0.321326452962198,0.160663226481099,0.390552421366508,0.231393047804567,0.378054530828925,0.0144038195708447,0.039206163280424,0.019603081640212,0.420185818142783,0.367429168596734,0.212385013260483,0.111817961418982,0.306234750217492,0.153117375108746,0.392446528051057,0.237044792492371,0.370508679456572,0.121667380384655,0.342995169082126,0.171497584541063,0.361111111111111,0.25,0.388888888888889,0.1115090222432,0.305282511308975,0.152641255654487,0.392767641722233,0.237199798275454,0.370032560002313,19,8,8,3,17,5,1,11
86,5,0.434782608695652,0.347826086956522,0.217391304347826,0.136551174234806,0.378341457357676,0.189170728678838,0.306579372090211,0.53699681563536,0.15642381227443,0.147599216719523,0.40886835701782,0.20443417850891,0.230348430186742,0.486557463241747,0.283094106571511,0.135997382315921,0.375153915674263,0.187576957837132,0.30419609094892,0.535403044793653,0.160400864257426,0.131765218317738,0.350501672240803,0.175250836120401,0.292307692307692,0.523076923076923,0.184615384615385,0.13605495715983,0.37529720798751,0.187648603993755,0.304115015368587,0.535474690950277,0.160410293681136,31,12,18,1,34,7,16,11
87,1,0.391304347826087,0.391304347826087,0.217391304347826,0.0516202705400716,0.14261034807789,0.0713051740389451,0.413404901330176,0.319999173787142,0.266595924882682,0.114973832813033,0.321002634634258,0.160501317317129,0.230803030508958,0.449016845464317,0.320180124026725,0.0657609569300787,0.184372657735533,0.0921863288677665,0.448028399426736,0.29911801895832,0.252853581614943,0.0745551013196858,0.191699604743083,0.0958498023715415,0.477272727272727,0.295454545454545,0.227272727272727,0.0648045253025487,0.182473530912231,0.0912367654561155,0.444428010120047,0.300067582369971,0.255504407509982,18,3,9,6,26,18,4,4
87,2,0.391304347826087,0.391304347826087,0.217391304347826,0.137227713865368,0.388121661365561,0.19406083068278,0.585365178508867,0.292704322627175,0.121930498863958,0.0959875879510418,0.270915054035902,0.135457527017951,0.526761874844038,0.315902948419044,0.157335176736918,0.132253993972377,0.372298076098968,0.186149038049484,0.577453385875571,0.31398038775673,0.108566226367699,0.137228352899856,0.388123011664899,0.19406150583245,0.585365853658537,0.292682926829268,0.121951219512195,0.137322626344423,0.388407040833004,0.194203520416502,0.585507868242589,0.294209838354601,0.120282293402811,15,11,4,0,26,13,8,5
87,3,0.391304347826087,0.391304347826087,0.217391304347826,0.0705912228221744,0.198160022997204,0.099080011498602,0.490384359324689,0.352349454280844,0.157266186394467,0.238066671562881,0.641418768355552,0.320709384177776,0.31967805219953,0.142221259274868,0.538100688525602,0.0647161138116348,0.16771764751877,0.0838588237593851,0.475163171585472,0.317625347939776,0.207211480474752,0.0719069679928055,0.190016103059581,0.0950080515297907,0.407407407407407,0.296296296296296,0.296296296296296,0.0705933612830739,0.198166604230285,0.0990833021151427,0.49038764994123,0.352346099686926,0.157266250371844,27,8,3,16,27,14,13,0
87,4,0.391304347826087,0.391304347826087,0.217391304347826,0.162388650123503,0.456373247080109,0.228186623540055,0.254777597589295,0.299644474522825,0.445577927887881,0.193077000873211,0.473272988112009,0.236636494056005,0.390971140781774,0.155001060814396,0.454027798403831,0.16267440949316,0.444487843766032,0.222243921883016,0.228702539900886,0.331662233868272,0.439635226230842,0.145592976090958,0.388746803069054,0.194373401534527,0.235294117647059,0.352941176470588,0.411764705882353,0.16235285548249,0.44499322823219,0.222496614116095,0.230973283560108,0.329138797975971,0.439887918463921,20,9,2,9,31,3,16,12
87,5,0.391304347826087,0.391304347826087,0.217391304347826,0.0115713057053117,0.0327027457459017,0.0163513728729508,0.400043174978517,0.374952974953136,0.225003850068347,0.0115376424662972,0.0326092074897406,0.0163046037448703,0.400000444753876,0.374999744081217,0.224999811164908,0.0178254160019574,0.0447022287309989,0.0223511143654994,0.390225272626163,0.370032308660511,0.239742418713325,0.0115374516870222,0.0326086956521739,0.016304347826087,0.4,0.375,0.225,0.0115374519588819,0.0326079096905472,0.0163039548452736,0.400008583211747,0.375000392980813,0.22499102380744,20,9,7,4,20,7,8,5
88,1,0.347826086956522,0.434782608695652,0.217391304347826,0.147523001007222,0.415754590345801,0.2078772951729,0.228563394441771,0.642659903868553,0.128776701689677,0.164620517284105,0.446128831379093,0.223064415689547,0.178574108615492,0.657847024385199,0.16357886699931,0.139261681535793,0.391391376986709,0.195695688493354,0.230791735860007,0.630478297189007,0.138729966950986,0.14691879924383,0.413453650533224,0.206726825266612,0.226415094339623,0.641509433962264,0.132075471698113,0.148483908782468,0.417904526261151,0.208952263130576,0.225310538814238,0.643734871826228,0.130954589359534,23,8,14,1,30,4,20,6
88,2,0.347826086956522,0.434782608695652,0.217391304347826,0.213058054482494,0.540889283122486,0.270444641561243,0.0975586717220021,0.414605382368929,0.487835945909069,0.21304396596341,0.540831794869525,0.270415897434763,0.097561504527555,0.414631293689856,0.487807201782589,0.196843786026195,0.506924830270298,0.253462415135149,0.121401262586853,0.407745017930171,0.470853719482975,0.213043099969911,0.540827147401909,0.270413573700954,0.0975609756097561,0.414634146341463,0.48780487804878,0.213049917513567,0.540874011820629,0.270437005910314,0.0975716313408812,0.414600058400978,0.48782831025814,22,3,9,10,19,1,8,10
88,3,0.347826086956522,0.434782608695652,0.217391304347826,0.16762114454148,0.463770184768239,0.231885092384119,0.274512757196385,0.666667701079771,0.0588195417238437,0.177388496477081,0.500419992743501,0.250209996371751,0.238413007402082,0.684992605067403,0.076594387530515,0.160055763101298,0.43934464620494,0.21967232310247,0.285263848449406,0.654454931798122,0.0602812197524716,0.167619840658696,0.463768115942029,0.231884057971014,0.274509803921569,0.666666666666667,0.0588235294117647,0.167621810788381,0.463773501517769,0.231886750758884,0.27450909184598,0.666669359454537,0.0588215486994833,22,8,14,0,29,6,20,3
88,4,0.347826086956522,0.434782608695652,0.217391304347826,0.120850309986419,0.322022141438468,0.161011070719234,0.217684148976404,0.403913475956536,0.37840237506706,0.0707246715578128,0.189462083909639,0.0947310419548197,0.272666843341502,0.415210810355852,0.312122346302646,0.116204320767527,0.308413070080409,0.154206535040204,0.221525007892265,0.406877152719705,0.37159783938803,0.119317477852386,0.320772946859903,0.160386473429952,0.222222222222222,0.4,0.377777777777778,0.119257460272954,0.317782335949232,0.158891167974616,0.219403872818911,0.404313654858646,0.376282472322442,24,8,10,6,21,2,8,11
88,5,0.347826086956522,0.434782608695652,0.217391304347826,0.0575749200464743,0.148473961821327,0.0742369809106633,0.355979768997344,0.500865907565493,0.143154323437163,0.123261574162653,0.330388622989751,0.165194311494875,0.217028795473971,0.599976920190528,0.182994284335502,0.054631934837901,0.15291153266022,0.0764557663301099,0.376417616954755,0.482646845027529,0.140935538017716,0.0689245864241245,0.194782608695652,0.0973913043478261,0.4,0.48,0.12,0.0582283951052258,0.163426670820072,0.081713335410036,0.37985002535964,0.48447200570257,0.13567796893779,30,17,11,2,20,3,13,4
89,1,0.304347826086957,0.478260869565217,0.217391304347826,0.241539924815453,0.672468184700233,0.336234092350116,0.420289406036002,0.142026777215101,0.437683816748897,0.232703454444475,0.591345178479655,0.295672589239828,0.281650000950852,0.205286105461494,0.513063893587654,0.243782439351293,0.683657595816085,0.341828797908042,0.436408379740194,0.136432071657175,0.427159548602631,0.247949521238598,0.698457223001403,0.349228611500701,0.451612903225806,0.129032258064516,0.419354838709677,0.245427101272297,0.688632074204909,0.344316037102455,0.438604090009544,0.133944832462763,0.427451077527693,36,22,2,12,26,6,6,14
89,2,0.304347826086957,0.478260869565217,0.217391304347826,0.078164174452023,0.22095747744989,0.110478738724945,0.245900113077294,0.426229843849935,0.327870043072771,0.0781634623620745,0.220955592956532,0.110477796478266,0.24590227279601,0.426228626377898,0.327869100826092,0.0787138178985912,0.222227109312584,0.111113554656292,0.2546332376458,0.416861903350082,0.328504859004118,0.0781633075623963,0.220955096222381,0.11047754811119,0.245901639344262,0.426229508196721,0.327868852459016,0.0781629049899751,0.220954022958039,0.110477011479019,0.245902760554414,0.426228923618741,0.327868315826845,31,7,15,9,30,8,11,11
89,3,0.304347826086957,0.478260869565217,0.217391304347826,0.107519240318674,0.293431449756222,0.146715724878111,0.196400187511374,0.624976594443329,0.178623218045298,0.0928886949231711,0.254265487470119,0.12713274373506,0.212138591764853,0.605393613300277,0.18246779493487,0.0960429847367001,0.252344627182219,0.12617231359111,0.197709484064928,0.604433183156327,0.197857332778745,0.107526617917104,0.293478260869565,0.146739130434783,0.196428571428571,0.625,0.178571428571429,0.107527849355217,0.293478620634727,0.146739310317363,0.196423306059118,0.625000179882581,0.178576514058301,23,2,17,4,33,9,18,6
89,4,0.304347826086957,0.478260869565217,0.217391304347826,0.0126982875160001,0.0312776985567738,0.0156388492783869,0.304172978198272,0.493899718843604,0.201927302958123,0.034403300350945,0.0878076706645276,0.0439038353322638,0.308141535006241,0.434357034232954,0.257501430760806,0.0124419009308444,0.0351735649764079,0.0175867824882039,0.313620966686319,0.486574511454059,0.199804521859622,0.0162680755946693,0.0434782608695652,0.0217391304347826,0.3,0.5,0.2,0.0169911268139981,0.0419064473399384,0.0209532236699692,0.304057940860222,0.499214093235187,0.196727965904591,30,9,18,3,20,6,7,7
89,5,0.304347826086957,0.478260869565217,0.217391304347826,0.0821109676920407,0.20226147732649,0.101130738663245,0.405478564750202,0.378271348282804,0.216250086966994,0.0820372844380209,0.202114881557798,0.101057440778899,0.405405266865856,0.378379142130993,0.216215591003151,0.0762475967244511,0.195610591072668,0.0978052955363342,0.3925714241637,0.380455574028883,0.226973001807417,0.0820376482994456,0.202115158636898,0.101057579318449,0.405405405405405,0.378378378378378,0.216216216216216,0.0820422990315164,0.202133882326811,0.101066941163406,0.405414767250362,0.378376479048121,0.216208753701517,22,11,8,3,15,4,6,5
90,1,0.260869565217391,0.521739130434783,0.217391304347826,0.097905775839677,0.262225918437038,0.131112959218519,0.39198252443591,0.494722959047901,0.113294516516189,0.141907063446479,0.397640729824967,0.198820364912484,0.383928613524974,0.322918765522299,0.293152620952727,0.0896592730711272,0.24326243113691,0.121631215568455,0.382500780785846,0.491948728870167,0.125550490343987,0.0603205482978962,0.17056856187291,0.0852842809364548,0.346153846153846,0.480769230769231,0.173076923076923,0.0977262836209667,0.264786164931111,0.132393082465556,0.393262647682947,0.489889256463908,0.116848095853145,27,10,8,9,25,8,17,0
90,2,0.260869565217391,0.521739130434783,0.217391304347826,0.234295926926475,0.654733107003605,0.327366553501803,0.588236118719194,0.31372497508027,0.0980389062005357,0.23429577552569,0.654731872465344,0.327365936232672,0.588235501450063,0.313723065317939,0.0980414332319974,0.221655614535802,0.616243024247753,0.308121512123876,0.568991077341268,0.317751753139898,0.113257169518835,0.234295337876242,0.654731457800512,0.327365728900256,0.588235294117647,0.313725490196078,0.0980392156862745,0.234295240448704,0.654731239110369,0.327365619555185,0.588235184772576,0.313725711645904,0.0980391035815204,24,14,9,1,27,16,7,4
90,3,0.260869565217391,0.521739130434783,0.217391304347826,0.1046755557336,0.295692218961334,0.147846109480667,0.408715674698058,0.45426618311835,0.137018142183592,0.145504598340279,0.402878062335709,0.201439031167855,0.397977537059668,0.320300099266928,0.281722363673404,0.105729151572921,0.298799735072609,0.149399867536305,0.410269432753696,0.441772326287035,0.147958240959269,0.0867551473554697,0.235017626321974,0.117508813160987,0.378378378378378,0.432432432432432,0.189189189189189,0.10562893469077,0.298505865127614,0.149252932563807,0.410122497781199,0.441738712470153,0.148138789748649,16,6,10,0,21,8,6,7
90,4,0.260869565217391,0.521739130434783,0.217391304347826,0.0395020659124906,0.111572936229407,0.0557864681147036,0.286208920166896,0.465952662320079,0.247838417513025,0.0879680129385216,0.244006929913245,0.122003464956623,0.382873030174014,0.481806874800035,0.135320095025951,0.038857685574095,0.105816870506846,0.0529084352534228,0.300184681006308,0.46883069518136,0.230984623812332,0.0490197338590026,0.137817883511075,0.0689089417555373,0.30188679245283,0.452830188679245,0.245283018867925,0.0385957709585411,0.104977495101391,0.0524887475506955,0.300081160716985,0.469250382884087,0.230668456398928,22,3,9,10,31,13,15,3
90,5,0.260869565217391,0.521739130434783,0.217391304347826,0.0416796445559937,0.105173995492571,0.0525869977462855,0.313456562963677,0.518505226234901,0.168038210801422,0.0450951315407109,0.123600189400923,0.0618000947004613,0.243604676622069,0.477203924329644,0.279191399048287,0.0478302203624248,0.121154276541058,0.0605771382705289,0.32144670348792,0.517515915873974,0.161037380638106,0.0374450673914514,0.10048309178744,0.0502415458937198,0.311111111111111,0.511111111111111,0.177777777777778,0.0469252426499138,0.115405890587286,0.0577029452936431,0.318572510511034,0.521273308651717,0.160154180837248,20,4,9,7,25,10,14,1
91,1,0.217391304347826,0.565217391304348,0.217391304347826,0.0867164268440626,0.24151760651346,0.12075880325673,0.259261475740865,0.444458588047618,0.296279936211517,0.0867249674398783,0.241537902367901,0.12076895118395,0.25925618791896,0.444448440120397,0.296295371960642,0.0939021436074925,0.263345277457219,0.13167263872861,0.268289216206409,0.433544752575738,0.298166031217853,0.0867275967153843,0.241545893719807,0.120772946859903,0.259259259259259,0.444444444444444,0.296296296296296,0.0867292734850489,0.24155096273442,0.12077548136721,0.259261144387576,0.444441909937138,0.296296945675286,33,9,16,8,21,5,8,8
91,2,0.217391304347826,0.565217391304348,0.217391304347826,0.150431898864765,0.372235477795584,0.186117738897792,0.0350868482026212,0.561404108551761,0.403509043245618,0.124664039120964,0.336674220116212,0.168337110058106,0.0490541942897201,0.604013630898837,0.346932174811443,0.147397161440535,0.370846321211178,0.185423160605589,0.04220200927088,0.554983525775705,0.402814464953415,0.150431440154684,0.372234935163997,0.186117467581998,0.0350877192982456,0.56140350877193,0.403508771929825,0.150431166567058,0.372233005446084,0.186116502723042,0.0350873843368023,0.56140480859233,0.403507807070868,29,2,18,9,28,0,14,14
91,3,0.217391304347826,0.565217391304348,0.217391304347826,0.158661370450379,0.41351831457467,0.206759157287335,0.396256867572486,0.358458234017013,0.245284898410501,0.158634157283828,0.413449653149404,0.206724826574702,0.396224429464137,0.358492564729646,0.245283005806218,0.161008250228309,0.426330159808931,0.213165079904466,0.393298958756255,0.352052311399882,0.254648729843863,0.158635772404798,0.413453650533224,0.206726825266612,0.39622641509434,0.358490566037736,0.245283018867925,0.158632028595766,0.413444957701851,0.206722478850926,0.396221367123783,0.358494912453422,0.245283720422794,26,9,12,5,27,12,7,8
91,4,0.217391304347826,0.565217391304348,0.217391304347826,0.164108152747395,0.451207027565132,0.225603513782566,0.283028247829501,0.339613877521782,0.377357874648718,0.164101735448117,0.451184179732656,0.225592089866328,0.283015046942305,0.33962530143802,0.377359651619675,0.164433009861209,0.452174360414236,0.226087180207118,0.283309929650123,0.33913021109723,0.377559859252648,0.16410308640467,0.451189499589828,0.225594749794914,0.283018867924528,0.339622641509434,0.377358490566038,0.164105249880102,0.451195025255194,0.225597512627597,0.283018869458761,0.339619878676751,0.377361251864488,23,9,6,8,30,6,12,12
91,5,0.217391304347826,0.565217391304348,0.217391304347826,0.123980799128592,0.334396168432581,0.16719808421629,0.17951379222992,0.435896819205964,0.384589388564116,0.124000086788547,0.334457094968565,0.167228547484283,0.179493460530535,0.435886687637357,0.384619851832109,0.119541468787491,0.307408042427162,0.153704021213581,0.201502803621022,0.427401870817571,0.371095325561407,0.123994981846347,0.334448160535117,0.167224080267559,0.179487179487179,0.435897435897436,0.384615384615385,0.123997287606575,0.334456832072611,0.167228416036306,0.17948249702995,0.435897782585918,0.384619720384132,17,4,9,4,22,3,8,11
92,1,0.173913043478261,0.608695652173913,0.217391304347826,0.157951883116313,0.446573024729246,0.223286512364623,0.0677966414659627,0.491525541821588,0.440677816712449,0.157948895801181,0.446564584821195,0.223282292410598,0.067798555315546,0.49152784792603,0.440673596758424,0.153116249733101,0.430712315198724,0.215356157599362,0.0858097682924914,0.48144276976032,0.432747461947188,0.157951989719701,0.446573323507738,0.223286661753869,0.0677966101694915,0.491525423728814,0.440677966101695,0.15795130355411,0.446571671282801,0.223285835641401,0.0677926380482169,0.491530221962556,0.440677139989227,30,1,14,15,29,3,15,11
92,2,0.173913043478261,0.608695652173913,0.217391304347826,0.151450875512884,0.427492840274098,0.213746420137049,0.38765946361531,0.513671596057295,0.0986689403273957,0.0368385439666967,0.0984599772933845,0.0492299886466923,0.18376580064851,0.648072883650356,0.168161315701134,0.118181763887521,0.328631396352977,0.164315698176488,0.338228741654749,0.553007738350579,0.108763519994672,0.126867282004953,0.358056265984655,0.179028132992327,0.352941176470588,0.529411764705882,0.117647058823529,0.121367470510536,0.339581746359672,0.169790873179836,0.343703916658097,0.545557717412336,0.110738365929567,19,13,6,0,32,5,21,6
92,3,0.173913043478261,0.608695652173913,0.217391304347826,0.080505317626212,0.227697834367494,0.113848917183747,0.230146639412175,0.666310973423746,0.103542387164079,0.0825383359763174,0.210203114608458,0.105101557304229,0.270442366305673,0.61726788665073,0.112289747043597,0.0580547118652158,0.161011039299825,0.0805055196499123,0.228118234419443,0.634995980882643,0.136885784697914,0.0811963686053033,0.229654403567447,0.114827201783724,0.230769230769231,0.666666666666667,0.102564102564103,0.0805623141198132,0.227857276758835,0.113928638379417,0.230084455190318,0.666452878841274,0.103462665968409,20,2,16,2,19,7,10,2
92,4,0.173913043478261,0.608695652173913,0.217391304347826,0.0406476779630513,0.102925420475029,0.0514627102375147,0.122450333240746,0.612244972288211,0.265304694471043,0.0406881247625963,0.102629826562581,0.0513149132812906,0.12259813019697,0.611806046894097,0.265595822908933,0.0368434661052994,0.103988860011602,0.0519944300058009,0.144983947124176,0.585630318522197,0.269385734353627,0.0406488081457781,0.102928127772848,0.0514640638864241,0.122448979591837,0.612244897959184,0.26530612244898,0.0406508307194504,0.10292820628799,0.0514641031439949,0.122448940334266,0.612239427044907,0.265311632620828,26,4,13,9,23,2,17,4
92,5,0.173913043478261,0.608695652173913,0.217391304347826,0.0531819294284482,0.13142732354403,0.065713661772015,0.239626705250276,0.607521031106408,0.152852263643317,0.0773310597645281,0.216363130816604,0.108181565408302,0.24188550064245,0.500514086765611,0.257600412591939,0.0565869549039366,0.143666566829363,0.0718332834146815,0.245746326892942,0.603325855530339,0.150927817576719,0.0404664472564543,0.101449275362319,0.0507246376811594,0.222222222222222,0.611111111111111,0.166666666666667,0.0540570973077676,0.133999406569128,0.0669997032845638,0.239296032887198,0.61031236604954,0.150391601063262,28,6,21,1,26,6,12,8
93,1,0.130434782608696,0.652173913043478,0.217391304347826,0.0676152549873828,0.178339838754051,0.0891699193770256,0.115754307019299,0.741343832420504,0.142901860560198,0.0469248929554109,0.118894180815947,0.0594470904079736,0.189881873016669,0.647993487262045,0.162124639721286,0.0508946102429476,0.140325900266236,0.0701629501331182,0.109255190477031,0.722336863176597,0.168407946346373,0.0696030949913073,0.17162471395881,0.085812356979405,0.131578947368421,0.736842105263158,0.131578947368421,0.0646994828805611,0.169454673206471,0.0847273366032356,0.117987555465905,0.736901249646714,0.145111194887382,21,5,13,3,17,0,15,2
93,2,0.130434782608696,0.652173913043478,0.217391304347826,0.0390286644363302,0.106009464020361,0.0530047320101807,0.0774300505985149,0.692007774085593,0.230562175315892,0.110565596398646,0.308158179085421,0.15407908954271,0.0764571606702182,0.552072445439245,0.371470393890537,0.0371448449255281,0.104258222555019,0.0521291112775096,0.0783056713311861,0.683853277216374,0.23784105145244,0.0556778609574143,0.157421289355322,0.0787106446776612,0.0517241379310345,0.689655172413793,0.258620689655172,0.0372568050787423,0.104557605703587,0.0522788028517934,0.0781559797569023,0.683996567613534,0.237847452629564,27,1,24,2,31,2,16,13
93,3,0.130434782608696,0.652173913043478,0.217391304347826,0.0346841265977456,0.0957804743482364,0.0478902371741182,0.178325019782814,0.619043107529047,0.202631872688139,0.070688592643982,0.190136045602416,0.0950680228012078,0.225502805409903,0.577865492676811,0.196631701913286,0.0396373756818559,0.10117136952214,0.0505856847610698,0.176644094561248,0.601588228282408,0.221767677156344,0.0338669969220309,0.0946859903381642,0.0473429951690821,0.177777777777778,0.622222222222222,0.2,0.0315706292854469,0.087436076367019,0.0437180381835095,0.174152820792205,0.62246589380791,0.203381285399885,27,2,19,6,18,6,9,3
93,4,0.130434782608696,0.652173913043478,0.217391304347826,0.0472561767603793,0.128793884918824,0.0643969424594119,0.0660378401492838,0.699848001043501,0.234114158807215,0.183940300890305,0.504809952631215,0.252404976315608,0.0587286006171077,0.471475118719459,0.469796280663434,0.0628851441800344,0.170201904837659,0.0851009524188296,0.045333830189866,0.717089159783163,0.237577010026971,0.0683872942057639,0.191904047976012,0.095952023988006,0.0344827586206897,0.689655172413793,0.275862068965517,0.0447752689090685,0.126399840395294,0.0631999201976468,0.0672348624110488,0.687174553085696,0.245590584503256,27,0,26,1,31,2,14,15
93,5,0.130434782608696,0.652173913043478,0.217391304347826,0.051783627559079,0.140734909072596,0.070367454536298,0.0776831262842339,0.634558114831642,0.287758758884124,0.200168262898399,0.551551963448089,0.275775981724044,0.0478794777084862,0.458953236219643,0.493167286071871,0.076124590382837,0.212146031146115,0.106073015573057,0.0614666579280618,0.615069022151055,0.323464319920883,0.100461010060563,0.277081798084009,0.138540899042004,0.0338983050847458,0.610169491525424,0.355932203389831,0.0712346574544425,0.201322834572578,0.100661417286289,0.0766365191477686,0.605310759218116,0.318052721634115,35,1,15,19,24,1,21,2
94,1,0.0869565217391304,0.695652173913043,0.217391304347826,0.114265577414402,0.285721077013881,0.142860538506941,0.0929797334536751,0.552791635406103,0.354228631140222,0.165813496558889,0.421144224042393,0.210572112021196,0.102879762827488,0.485080061891847,0.412040175280665,0.120829270721127,0.319551769411914,0.159775884705957,0.114372385856912,0.535876289207087,0.349751324936001,0.115069341186623,0.28416149068323,0.142080745341615,0.0892857142857143,0.553571428571429,0.357142857142857,0.115047658976166,0.287796477261722,0.143898238630861,0.0931491323041252,0.551753935282182,0.355096932413693,27,2,19,6,29,3,12,14
94,2,0.0869565217391304,0.695652173913043,0.217391304347826,0.0871765823054527,0.245326017834132,0.122663008917066,0.036347630593029,0.818315182830109,0.145337186576862,0.107853316766707,0.293959127288685,0.146979563644342,0.0487691875595578,0.842631737557386,0.108599074883056,0.0736442841399138,0.207322235656249,0.103661117828125,0.0438437818004926,0.799313291741168,0.156842926458339,0.087078606357169,0.245059288537549,0.122529644268775,0.0363636363636364,0.818181818181818,0.145454545454545,0.087231389645273,0.245467275862895,0.122733637931447,0.0363745810412625,0.818385811844491,0.145239607114247,28,2,24,2,27,0,21,6
94,3,0.0869565217391304,0.695652173913043,0.217391304347826,0.166269409642301,0.452176085543266,0.226088042771633,0.255959658208803,0.469564131141411,0.274476210649786,0.258119846126614,0.648236577385195,0.324118288692597,0.394443598917732,0.371533885220446,0.234022515861822,0.178771377374014,0.485149082943697,0.242574541471849,0.269944699474831,0.453077632441195,0.276977668083975,0.188675949014733,0.491304347826087,0.245652173913043,0.3,0.45,0.25,0.179022403450363,0.481182767288215,0.240591383644108,0.27551912350207,0.455060790268936,0.269420086228994,16,1,10,5,24,11,8,5
94,4,0.0869565217391304,0.695652173913043,0.217391304347826,0.0234601455122663,0.0655933414803949,0.0327966707401975,0.107696680741571,0.7077086856508,0.184594633607629,0.0234473444710609,0.0655545212598493,0.0327772606299246,0.107693178424226,0.707692777857872,0.184614043717901,0.0247691589104876,0.0685990713562671,0.0342995356781336,0.121256057417264,0.684660590781974,0.194083351800762,0.023446382484483,0.065551839464883,0.0327759197324415,0.107692307692308,0.707692307692308,0.184615384615385,0.0234453005419408,0.0655479634023547,0.0327739817011774,0.107693543490881,0.70768913386247,0.184617322646649,32,5,23,4,33,2,23,8
94,5,0.0869565217391304,0.695652173913043,0.217391304347826,0.111322008904127,0.312569531357298,0.156284765678649,0.14866149260901,0.539367408234395,0.311971099156595,0.225448834814165,0.631473316852397,0.315736658426199,0.206438166112427,0.379915515486845,0.413646318400728,0.102386465962285,0.287640159209372,0.143820079604686,0.144329672422909,0.551832094308357,0.303838233268733,0.0923981715739058,0.257971014492754,0.128985507246377,0.133333333333333,0.566666666666667,0.3,0.101816538567407,0.28594949530668,0.14297474765334,0.143659530889897,0.552677426259703,0.3036630428504,27,6,9,12,33,2,25,6
95,1,0.0434782608695652,0.739130434782609,0.217391304347826,0.22033878609367,0.552827496244529,0.276413748122264,0.0298520870496778,0.476342860480232,0.493805052470091,0.311276723347835,0.770573135844328,0.385286567922164,0.03524076093197,0.36208136679804,0.60267787226999,0.22390859067051,0.548731954040211,0.274365977020105,0.043207903093251,0.465034815538817,0.491757281367931,0.223587423290784,0.565217391304348,0.282608695652174,0.025,0.475,0.5,0.224172482198883,0.561576004410325,0.280788002205162,0.0305539660741609,0.471266727372851,0.498179306552989,22,1,7,14,18,0,12,6
95,2,0.0434782608695652,0.739130434782609,0.217391304347826,0.130898816159197,0.34317072479862,0.17158536239931,0.0178569820596013,0.910715797181918,0.0714272207584802,0.130897805600901,0.343167622473036,0.171583811236518,0.0178577775201887,0.910714246019127,0.0714279764606846,0.1086635729505,0.277744107243421,0.138872053621711,0.0310297122597969,0.878002488404319,0.0909677993358838,0.130897643205175,0.343167701863354,0.171583850931677,0.0178571428571429,0.910714285714286,0.0714285714285714,0.130898427196678,0.343169765964193,0.171584882982096,0.0178569778588147,0.910715317764705,0.0714277043764803,27,0,24,3,29,1,27,1
95,3,0.0434782608695652,0.739130434782609,0.217391304347826,0.0307519588173954,0.0869565001137992,0.0434782500568996,1.08126656512196e-08,0.760000200476574,0.23999978871076,0.0307519548315834,0.0869564743801716,0.0434782371900858,2.36794794285636e-08,0.759999922951783,0.240000053368738,0.0339871364670433,0.0869415723403965,0.0434707861701982,7.47469936696788e-06,0.743106147967642,0.256886377332991,0.0307519703417388,0.0869565217391305,0.0434782608695652,0,0.76,0.24,0.030751826446991,0.0869561072794933,0.0434780536397467,2.07229818558087e-07,0.759999758484591,0.240000034285591,22,0,18,4,28,0,20,8
95,4,0.0434782608695652,0.739130434782609,0.217391304347826,0.150182393660271,0.403557306382821,0.201778653191411,1.11403990229624e-06,0.940909087974019,0.0590897979860785,0.117686183551092,0.321739104304823,0.160869552152412,1.76892949563912e-07,0.89999998693502,0.0999998361720302,0.145294367864095,0.391312844113313,0.195656422056657,6.31333065528853e-06,0.934786856839265,0.0652068298300794,0.148477371200213,0.399290150842946,0.199645075421473,0,0.938775510204082,0.0612244897959184,0.148877600240653,0.40029178077529,0.200145890387645,6.04356215364523e-07,0.939276325170254,0.0607230704735312,29,0,26,3,20,0,20,0
95,5,0.0434782608695652,0.739130434782609,0.217391304347826,0.119607074784939,0.315216666021208,0.157608333010604,0.0178576306525637,0.607142731989006,0.37499963735843,0.125678186976854,0.329608032543476,0.164804016271738,0.0187151041120183,0.599089575268418,0.382195320619564,0.125555888520747,0.319312310230472,0.159656155115236,0.0309469574821557,0.592005583054782,0.377047459463062,0.119607222865226,0.315217391304348,0.157608695652174,0.0178571428571429,0.607142857142857,0.375,0.119607949086277,0.315219446605899,0.157609723302949,0.0178567948149669,0.607142177534258,0.375001027650776,23,0,16,7,33,1,18,14
96,1,0.695652173913043,0.0434782608695652,0.260869565217391,0.138124129768771,0.373852430575802,0.186926215287901,0.508725958625142,0.0878358152106941,0.403438226164164,0.165610923558827,0.447543335147929,0.223771667573965,0.471880506339079,0.0954879926091821,0.432631501051739,0.14606798664935,0.405986080221818,0.202993040110909,0.492659133802134,0.111821284343361,0.395519581854504,0.138115215563229,0.373760488176964,0.186880244088482,0.508771929824561,0.087719298245614,0.403508771929825,0.138135885444962,0.373879329562193,0.186939664781096,0.508712509131947,0.0878313387852523,0.403456152082801,28,18,2,8,29,11,3,15
96,2,0.695652173913043,0.0434782608695652,0.260869565217391,0.0593548200665305,0.16784456053478,0.0839222802673901,0.779574454180434,7.10294242001574e-06,0.220418442877146,0.0700893421143026,0.197763608797885,0.0988818043989427,0.640247599511768,1.03087189777415e-06,0.359751369616334,0.0484619639773426,0.135242792828441,0.0676213964142206,0.763273570327264,5.62760497230909e-06,0.236720802067764,0.0406701889866733,0.108695652173913,0.0543478260869565,0.75,0,0.25,0.0441269608167092,0.121016975939971,0.0605084879699853,0.756160661883029,1.86996855734755e-06,0.243837468148414,19,18,0,1,29,18,0,11
96,3,0.695652173913043,0.0434782608695652,0.260869565217391,0.0808085902330751,0.203940652151799,0.1019703260759,0.599983883934753,0.145448586945465,0.254567529119782,0.0808053648933766,0.203951918857685,0.101975959428843,0.599999462393171,0.145454220298408,0.254546317308421,0.0992738064541166,0.243395600208091,0.121697800104045,0.57418011773062,0.165176060973611,0.26064382129577,0.0808053120527747,0.20395256916996,0.10197628458498,0.6,0.145454545454545,0.254545454545455,0.0808049878222478,0.203954037608342,0.101977018804171,0.60000177010095,0.145455279673736,0.254542950225314,25,13,4,8,30,20,4,6
96,4,0.695652173913043,0.0434782608695652,0.260869565217391,0.12142045170146,0.307129154967077,0.153564577483538,0.838976400887831,0.0537186113783163,0.107304987733853,0.188518365184438,0.475584800701702,0.237792400350851,0.933444574263894,0.0289843679926614,0.0375710577434442,0.135101623808697,0.337960382877558,0.168980191438779,0.864632365351822,0.0362082681649045,0.0991593664832731,0.10953990966056,0.288695652173913,0.144347826086957,0.84,0.02,0.14,0.127058169215139,0.319984266550308,0.159992133275154,0.846482946126371,0.0526396219313916,0.100877431942237,27,26,1,0,23,16,0,7
96,5,0.695652173913043,0.0434782608695652,0.260869565217391,0.150379943382945,0.387347366972882,0.193673683486441,0.522729398506748,0.02272735278942,0.454543248703832,0.150381860251974,0.387352122500047,0.193676061250024,0.522727066111456,0.0227273074211293,0.454545626467415,0.152865498215331,0.379052249734073,0.189526124867037,0.510824263666435,0.0387800462491374,0.450395690084428,0.150381708845642,0.387351778656126,0.193675889328063,0.522727272727273,0.0227272727272727,0.454545454545455,0.150385071275825,0.38735952644959,0.193679763224795,0.522722762916879,0.0227279086409341,0.454549328442186,20,12,0,8,24,11,1,12
97,1,0.652173913043478,0.0869565217391304,0.260869565217391,0.115486292946478,0.303163325579585,0.151581662789792,0.803755575833271,0.0638237895996294,0.1324206345671,0.120949173750576,0.298752616379512,0.149376308189756,0.799029184720533,0.0894775582518318,0.111493257027635,0.103501708127817,0.275749955802388,0.137874977901194,0.790048890944672,0.0605839623623332,0.149367146692994,0.115639783805017,0.302209550962224,0.151104775481112,0.80327868852459,0.0655737704918033,0.131147540983607,0.115513739554863,0.30342493458099,0.151712467290495,0.803886380333973,0.0635658147794692,0.132547804886558,34,27,4,3,27,22,0,5
97,2,0.652173913043478,0.0869565217391304,0.260869565217391,0.0112036820867916,0.0292267911542222,0.0146133955771111,0.637560517466367,0.0889603673957674,0.273479115137865,0.0973687267805682,0.257996454742597,0.128998227371298,0.52317568567218,0.193176091242046,0.283648223085774,0.0127681920491358,0.0323267089684616,0.0161633544842308,0.636010558559247,0.0880668597147744,0.275922581725978,0.0202863326478014,0.0568561872909699,0.028428093645485,0.634615384615385,0.115384615384615,0.25,0.011204047272671,0.0292289576843492,0.0146144788421746,0.637559434201304,0.0889619907897572,0.273478575008939,26,20,0,6,26,13,6,7
97,3,0.652173913043478,0.0869565217391304,0.260869565217391,0.0508766305451418,0.14246182509084,0.0712309125454198,0.723404825588898,0.0425510070536256,0.234044167357476,0.065224715643359,0.182536641779277,0.0912683208896388,0.743442233933117,0.0528967078255418,0.203661058241341,0.0366737230005165,0.100689961455241,0.0503449807276205,0.702518893771099,0.0509914355462548,0.246489670682646,0.0508760125934188,0.142460684551341,0.0712303422756707,0.723404255319149,0.0425531914893617,0.234042553191489,0.0508757001227966,0.142459799911329,0.0712298999556648,0.723403812999143,0.0425534372205335,0.234042749780324,22,15,0,7,25,19,2,4
97,4,0.652173913043478,0.0869565217391304,0.260869565217391,0.0771920763123109,0.201271034203992,0.100635517101996,0.752809430145474,1.42579417248305e-06,0.247189144060353,0.0615912191607372,0.173905980155536,0.086952990077768,0.691223156795093,3.53166136240579e-06,0.308773311543545,0.0717004731158926,0.177310218138887,0.0886551090694435,0.740829022112922,6.90138776790756e-06,0.25916407649931,0.0758277157117984,0.195652173913043,0.0978260869565217,0.75,0,0.25,0.0759290568574861,0.196078212684052,0.0980391063420258,0.750213019385504,1.7246168294617e-06,0.249785255997666,22,19,0,3,26,17,0,9
97,5,0.652173913043478,0.0869565217391304,0.260869565217391,0.0486693942913477,0.130786808343917,0.0653934041719584,0.703467440910546,0.101056398044021,0.195476161045433,0.0839392942014187,0.218676290672951,0.109338145336476,0.542835767707003,0.101593293107877,0.355570939185121,0.0366835936105624,0.096525858562942,0.048262929281471,0.692784039740222,0.0946093243238574,0.21260663593592,0.0265103192601196,0.0749625187406297,0.0374812593703149,0.689655172413793,0.0689655172413793,0.241379310344828,0.0353932638349407,0.098444673807709,0.0492223369038545,0.684652473034357,0.103700298652106,0.211647228313537,25,23,1,1,33,17,3,13
98,1,0.608695652173913,0.130434782608696,0.260869565217391,0.118251591146782,0.329240189646447,0.164620094823223,0.551887104687076,0.295054877431919,0.153058017881005,0.0527124055083051,0.146649518656379,0.0733247593281897,0.633717314772239,0.17873787933856,0.187544805889202,0.112147990625707,0.312862590890045,0.156431295445022,0.553122774955906,0.286866078053718,0.160011146990376,0.125089181565707,0.346273291925466,0.173136645962733,0.553571428571429,0.303571428571429,0.142857142857143,0.113491124000469,0.314962783125415,0.157481391562708,0.556788914802373,0.287916174171403,0.155294911026224,26,11,13,2,30,20,4,6
98,2,0.608695652173913,0.130434782608696,0.260869565217391,0.0430865595750759,0.118004812589875,0.0590024062949377,0.625016777075022,0.071432376313758,0.30355084661122,0.0430924234869977,0.118010933960693,0.0590054669803463,0.624999840562539,0.0714293156283494,0.303570843809112,0.0350246236442118,0.0925754496942814,0.0462877248471407,0.600821736982883,0.0920209729525849,0.307157290064532,0.043092976418338,0.118012422360248,0.0590062111801242,0.625,0.0714285714285714,0.303571428571429,0.0430899587728091,0.118002553530029,0.0590012767650147,0.62499576686843,0.0714335058436809,0.303570727287889,25,15,1,9,31,20,3,8
98,3,0.608695652173913,0.130434782608696,0.260869565217391,0.201396837018381,0.49646338287399,0.248231691436995,0.363638500582448,0.127260242763165,0.509101256654386,0.201393056845077,0.496441404978044,0.248220702489022,0.363636521853303,0.127273210440284,0.509090267706414,0.194958566557099,0.49269653389462,0.24634826694731,0.362347385226603,0.146381762151825,0.491270852621572,0.201393387053674,0.496442687747036,0.248221343873518,0.363636363636364,0.127272727272727,0.509090909090909,0.201380751886394,0.496418403719438,0.248209201859719,0.363655304131734,0.127265928791156,0.50907876707711,24,10,4,10,31,10,3,18
98,4,0.608695652173913,0.130434782608696,0.260869565217391,0.160239663503529,0.409759748575028,0.204879874287514,0.813575526461427,0.111859632315772,0.074564841222801,0.21238060578582,0.58784794639958,0.29392397319979,0.902619625373703,0.0369966790402566,0.0603836955860404,0.183883262095635,0.484494233269934,0.242247116634967,0.85094276880888,0.0912064743362014,0.0578507568549183,0.175539008593991,0.432850241545894,0.216425120772947,0.822222222222222,0.133333333333333,0.0444444444444444,0.16921487087226,0.444877340463493,0.222438670231747,0.83113432240566,0.0956437621126194,0.0732219154817209,27,25,0,2,18,12,6,0
98,5,0.608695652173913,0.130434782608696,0.260869565217391,0.202210098812755,0.537386628135015,0.268693314067507,0.340002338106406,0.180009313773381,0.479988348120214,0.202213605832975,0.53738883416895,0.268694417084475,0.340001235089438,0.179999939709097,0.479998825201465,0.197815776118664,0.536447587790071,0.268223793895035,0.340471858278878,0.19570905021325,0.463819091507873,0.202214582164778,0.537391304347826,0.268695652173913,0.34,0.18,0.48,0.202221884257758,0.537418707173173,0.268709353586587,0.339986298587327,0.18001329423485,0.480000407177823,27,9,4,14,23,8,5,10
99,1,0.565217391304348,0.173913043478261,0.260869565217391,0.0752417013808742,0.199667622672981,0.0998338113364904,0.483411960653666,0.155884662792452,0.360703376553882,0.176854940361429,0.477392143272243,0.238696071636122,0.326521319668226,0.22857225542017,0.444906424911604,0.0848561470639688,0.2173073868546,0.1086536934273,0.466769917665556,0.163706823689753,0.369523258644691,0.0758999772941014,0.198260869565217,0.0991304347826087,0.48,0.16,0.36,0.0844583946073931,0.217059468439458,0.108529734219729,0.467757579789687,0.162843120773193,0.36939929943712,28,8,7,13,22,16,1,5
99,2,0.565217391304348,0.173913043478261,0.260869565217391,0.0647339834995072,0.178625341329622,0.0893126706648109,0.475904720639537,0.235981101115222,0.288114178245241,0.203734537204352,0.535845911262,0.267922955631,0.297294435673348,0.399660194790603,0.303045369536049,0.0346540401582036,0.0962945937598526,0.0481472968799262,0.517070094424422,0.205907051840397,0.277022853735182,0.0347378491755074,0.0966183574879227,0.0483091787439613,0.533333333333333,0.222222222222222,0.244444444444444,0.0367838690393732,0.102650752374081,0.0513253761870404,0.513892015117307,0.206914590590915,0.279193394291777,17,4,8,5,28,20,2,6
99,3,0.565217391304348,0.173913043478261,0.260869565217391,0.0630017255217933,0.178168405666395,0.0890842028331976,0.519322613923092,0.262997246311458,0.21768013976545,0.182392064780786,0.452822933205401,0.226411466602701,0.338805924701647,0.180096892168995,0.481097183129358,0.0529319257740647,0.143441849921719,0.0717209249608595,0.547924773106325,0.24563396843912,0.206441258454554,0.0308712530051076,0.0778032036613272,0.0389016018306636,0.526315789473684,0.210526315789474,0.263157894736842,0.0651770541074216,0.182231240811417,0.0911156204057084,0.531723177652472,0.265028663883969,0.203248158463558,31,22,8,1,26,8,4,14
99,4,0.565217391304348,0.173913043478261,0.260869565217391,0.148570262162146,0.418223725866088,0.209111862933044,0.774329254237392,0.0870730873982972,0.138597658364311,0.0417309469936961,0.117979902452444,0.0589899512262219,0.596244406809884,0.201875979198946,0.201879613991169,0.182384276054463,0.513206546982881,0.256603273491441,0.821820664795788,0.0682411714899083,0.109938163714303,0.185164740172251,0.514009661835749,0.257004830917874,0.822222222222222,0.0888888888888889,0.0888888888888889,0.176536586398406,0.49715004796562,0.24857502398281,0.813792415287158,0.0697648610378021,0.11644272367504,16,9,4,3,29,28,0,1
99,5,0.565217391304348,0.173913043478261,0.260869565217391,0.102701778090063,0.287793276686514,0.143896638343257,0.476186890204663,0.119046906234689,0.404766203560648,0.102712301312752,0.287819274115536,0.143909637057768,0.47616761641786,0.119053181306981,0.404779202275159,0.104175896694407,0.286666672707314,0.143333336353657,0.464044923775145,0.131752174653807,0.404202901571048,0.102698607248331,0.287784679089027,0.143892339544513,0.476190476190476,0.119047619047619,0.404761904761905,0.102696247787268,0.287778733890854,0.143889366945427,0.476194460719907,0.119046607117275,0.404758932162818,20,8,4,8,22,12,1,9
100,1,0.521739130434783,0.217391304347826,0.260869565217391,0.164062135518592,0.424390415973186,0.212195207986593,0.30954392244819,0.404756809427752,0.285699268124058,0.164073023657139,0.424428865708612,0.212214432854306,0.309524697580476,0.404761744340364,0.285713558079159,0.156496826084129,0.405354838241248,0.202677419120624,0.319061711314159,0.395725355946221,0.28521293273962,0.164073504326007,0.424430641821946,0.212215320910973,0.30952380952381,0.404761904761905,0.285714285714286,0.164073418204316,0.424428066728887,0.212214033364443,0.309525097070339,0.404763521911289,0.285711381018371,22,7,11,4,20,6,6,8
100,2,0.521739130434783,0.217391304347826,0.260869565217391,0.102206788977085,0.277149892695475,0.138574946347738,0.555430539878926,0.32227484125142,0.122294618869654,0.113154831780916,0.318693276880488,0.159346638440244,0.429317848773682,0.37673794278807,0.193944208438248,0.102527041532199,0.251853491338945,0.125926745669473,0.521021499718202,0.343318050017299,0.135660450264499,0.0887496283617094,0.217391304347826,0.108695652173913,0.521739130434783,0.326086956521739,0.152173913043478,0.0999169652944689,0.24525999872431,0.122629999362155,0.522255179690606,0.339505254454158,0.138239565855236,32,13,12,7,14,11,3,0
100,3,0.521739130434783,0.217391304347826,0.260869565217391,0.104960158848559,0.29644218460406,0.14822109230203,0.454544744046742,0.136364598433837,0.409090657519421,0.104957217594699,0.296433554051086,0.148216777025543,0.454549307087705,0.13636435066936,0.409086342242934,0.0987139025064816,0.277515934079207,0.138757967039603,0.439081526528586,0.161290941214419,0.399627532256995,0.10496037321794,0.296442687747036,0.148221343873518,0.454545454545455,0.136363636363636,0.409090909090909,0.104954312483706,0.296425003697449,0.148212501848725,0.454554027189638,0.136363905744247,0.409082067066116,23,12,3,8,21,8,3,10
100,4,0.521739130434783,0.217391304347826,0.260869565217391,0.0758107663635987,0.186600456716337,0.0933002283581685,0.520829687284766,0.125000519139674,0.35416979357556,0.0757785308952337,0.186500501484871,0.0932502507424357,0.520850988668898,0.125029195371275,0.354119815959827,0.0652125075056221,0.174949493864945,0.0874747469324727,0.503302610503183,0.148353077346953,0.348344312149864,0.0758096799586922,0.186594202898551,0.0932971014492754,0.520833333333333,0.125,0.354166666666667,0.0758046531022304,0.186577477145946,0.093288738572973,0.520837810779053,0.125003885430583,0.354158303790364,27,16,4,7,21,9,2,10
100,5,0.521739130434783,0.217391304347826,0.260869565217391,0.0693449689981903,0.193887051755277,0.0969435258776384,0.557383123464195,0.278690837196053,0.163926039339753,0.0693387490942278,0.193869422693628,0.0969347113468143,0.55737919134231,0.278685954787113,0.163934853870577,0.0659125394312364,0.176536040574786,0.0882680202873932,0.539925853103298,0.287472601966704,0.172601544929998,0.0693393386002298,0.193870277975766,0.0969351389878831,0.557377049180328,0.278688524590164,0.163934426229508,0.0693379375916137,0.193864487634074,0.0969322438170371,0.55737055462058,0.278692123979066,0.163937321400354,30,14,9,7,31,20,8,3
101,1,0.478260869565217,0.260869565217391,0.260869565217391,0.0440185445893585,0.121735067451099,0.0608675337255494,0.519999763816697,0.200002031491842,0.279998204691461,0.0440182195226555,0.121735305867552,0.0608676529337762,0.519997443249798,0.200001912283615,0.280000644466587,0.0330580241072275,0.0934018211087611,0.0467009105543805,0.49973565113548,0.214168654663011,0.286095694201509,0.0440198156674078,0.121739130434783,0.0608695652173913,0.52,0.2,0.28,0.044020449988747,0.121740121527897,0.0608700607639487,0.520001951546338,0.199999504453443,0.27999854400022,23,12,4,7,27,14,6,7
101,2,0.478260869565217,0.260869565217391,0.260869565217391,0.221350540627801,0.621083175606201,0.3105415878031,0.357151961411917,0.571411153020492,0.0714368855675912,0.221363358238686,0.621120395855393,0.310560197927697,0.357140354225818,0.571429763145088,0.0714298826290946,0.208366021638181,0.586810848539342,0.293405424269671,0.355212781012997,0.554274989487062,0.0905122294999407,0.221362718480864,0.62111801242236,0.31055900621118,0.357142857142857,0.571428571428571,0.0714285714285714,0.22136292300406,0.6211188056731,0.31055940283655,0.357141942489842,0.571428968053941,0.0714290894562169,28,12,15,1,28,8,17,3
101,3,0.478260869565217,0.260869565217391,0.260869565217391,0.0158349619572564,0.0424462036197934,0.0212231018098967,0.461460296729729,0.282092667027288,0.256447036242983,0.0157777616411037,0.0423256930475617,0.0211628465237808,0.461555143170447,0.282032411741172,0.256412445088381,0.0261384402831636,0.069047444309516,0.034523722154758,0.443737147410459,0.28957308470125,0.266689767888291,0.0157922923529363,0.0423634336677815,0.0211817168338908,0.461538461538462,0.282051282051282,0.256410256410256,0.015800613410603,0.042391135582718,0.0211955677913589,0.461535279722184,0.28206513300875,0.256399587269065,12,5,3,4,27,13,8,6
101,4,0.478260869565217,0.260869565217391,0.260869565217391,0.0924094131423627,0.253783263434289,0.126891631717144,0.387738591491387,0.224500211574077,0.387761196934536,0.0924591404021857,0.253942854743924,0.126971427371962,0.387724620963794,0.224434386446853,0.387840992589353,0.092575021191928,0.246490493671931,0.123245246835966,0.378386989013837,0.237498198932806,0.384114812053357,0.0924025992138026,0.25377107364685,0.126885536823425,0.387755102040816,0.224489795918367,0.387755102040816,0.092411935330921,0.25378474153312,0.12689237076656,0.38772790939532,0.224510154620728,0.387761935983951,18,5,5,8,31,14,6,11
101,5,0.478260869565217,0.260869565217391,0.260869565217391,0.111158023425504,0.272501098917458,0.136250549458729,0.614290489420231,0.124619015758662,0.261090494821107,0.143688649372911,0.353981812494748,0.176990906247374,0.653216176188762,0.262905164841221,0.0838786589700173,0.116618741211563,0.303967593213165,0.151983796606583,0.6302446661718,0.12941966136539,0.24033567246281,0.0787089090052962,0.203557312252964,0.101778656126482,0.568181818181818,0.159090909090909,0.272727272727273,0.111110039950416,0.278354727408121,0.139177363704061,0.617438233269278,0.128111210729157,0.254450556001565,23,15,7,1,21,10,0,11
102,1,0.434782608695652,0.304347826086957,0.260869565217391,0.065443282177922,0.183472590884311,0.0917362954421556,0.491260838755753,0.212611530644801,0.296127630599447,0.186441325663274,0.527279404175486,0.263639702087743,0.299626219785477,0.175864512909389,0.524509267305134,0.0779447551469174,0.209332849648633,0.104666424824316,0.517062138381244,0.19968140126264,0.283256460356115,0.103470656398629,0.290513833992095,0.145256916996047,0.522727272727273,0.159090909090909,0.318181818181818,0.0683925329094526,0.184051872874758,0.0920259364373788,0.506577898450104,0.212321889649578,0.281100211900318,20,5,3,12,24,18,4,2
102,2,0.434782608695652,0.304347826086957,0.260869565217391,0.0284558399544827,0.0773111239879744,0.0386555619939872,0.444419523556461,0.333366473220135,0.222214003223404,0.0284379013403358,0.077287148112486,0.038643574056243,0.444456754194169,0.333317254644683,0.222225991161148,0.0215433867064543,0.0593787338408071,0.0296893669204035,0.425860963735662,0.33403719300736,0.240101843256978,0.0284436742876903,0.0772946859903381,0.0386473429951691,0.444444444444444,0.333333333333333,0.222222222222222,0.0284435695234538,0.0772929255953306,0.0386464627976653,0.444441826654157,0.333335070926117,0.222223102419726,30,16,8,6,15,4,7,4
102,3,0.434782608695652,0.304347826086957,0.260869565217391,0.0613288458503861,0.164250736089184,0.082125368044592,0.499999152506103,0.222222458042365,0.277778389451532,0.0613280757287564,0.164247150977219,0.0821235754886093,0.499999894170559,0.222224250598347,0.277775855231093,0.0525421563312106,0.143075658589625,0.0715378292948123,0.48795185445312,0.232809996792144,0.279238148754736,0.0613291953060936,0.164251207729469,0.0821256038647343,0.5,0.222222222222222,0.277777777777778,0.061326994087518,0.164246403623315,0.0821232018116574,0.499996540728456,0.222224624275299,0.277778834996245,30,16,8,6,24,11,4,9
102,4,0.434782608695652,0.304347826086957,0.260869565217391,0.0816075542423431,0.224739999969006,0.112369999984503,0.401388543123419,0.416717826071459,0.181893630805122,0.275695564029355,0.73914638535205,0.369573192676025,0.142414380655786,0.673921018762982,0.183664600581233,0.105112243063944,0.25844580070907,0.129222900354535,0.433802573565292,0.433570726441492,0.132626699993216,0.115374516870222,0.307453416149068,0.153726708074534,0.464285714285714,0.428571428571429,0.107142857142857,0.0816077529541075,0.224739030842727,0.112369515421364,0.401391644357376,0.41671734150832,0.181891014134304,28,23,4,1,28,3,20,5
102,5,0.434782608695652,0.304347826086957,0.260869565217391,0.197328825025511,0.549669752547227,0.274834876273614,0.339285820204024,0.125009738304971,0.535704441491005,0.197307924267553,0.54961390602173,0.274806953010865,0.339289505617559,0.125033976154185,0.535676518228256,0.188418042192142,0.524307498333415,0.262153749166707,0.345040910217636,0.131935775398266,0.523023314384099,0.197336362546352,0.549689440993789,0.274844720496894,0.339285714285714,0.125,0.535714285714286,0.197330879862312,0.549671576162177,0.274835788081088,0.339295388549484,0.124999258152037,0.53570535329848,23,8,1,14,33,11,6,16
103,1,0.391304347826087,0.347826086956522,0.260869565217391,0.126405685470025,0.355417982047603,0.177708991023802,0.569013338849889,0.275771349201712,0.155215311948399,0.1059575521067,0.290052066822085,0.145026033411043,0.53633038123713,0.307964126856576,0.155705491906295,0.11570460277006,0.327187654297301,0.16359382714865,0.554898174974737,0.269050339118997,0.176051485906266,0.126378002862613,0.355322338830585,0.177661169415292,0.568965517241379,0.275862068965517,0.155172413793103,0.126300083031979,0.355256658186784,0.177628329093392,0.568932676919479,0.275250733586889,0.155816589493632,35,17,13,5,23,16,3,4
103,2,0.391304347826087,0.347826086956522,0.260869565217391,0.112618184915026,0.309672832783822,0.154836416391911,0.281582169602971,0.302711848787727,0.415705981609302,0.0407117151188069,0.105297864741153,0.0526489323705767,0.443953280196664,0.301321604367594,0.254725115435743,0.122422532084768,0.336645799439579,0.168322899719789,0.272050653587835,0.298756881474984,0.429192464937181,0.128677453824723,0.362876254180602,0.181438127090301,0.288461538461538,0.269230769230769,0.442307692307692,0.120897580997254,0.331449001419294,0.165724500709647,0.27202946182256,0.301376472250402,0.426594065927038,28,3,7,18,24,12,7,5
103,3,0.391304347826087,0.347826086956522,0.260869565217391,0.240402020906851,0.67887303974819,0.339436519874095,0.730740867700182,0.194746162752636,0.074512969547182,0.250535245572482,0.699763951211323,0.349881975605662,0.741186323431749,0.124523789506358,0.134289887061893,0.236096604077,0.666133945418208,0.333066972709104,0.724371320535191,0.201595394814398,0.0740332846504108,0.234963980538033,0.664199814986124,0.332099907493062,0.723404255319149,0.191489361702128,0.0851063829787234,0.24026918186983,0.678386123269871,0.339193061634936,0.730497409461023,0.195692941796917,0.0738096487420601,23,17,2,4,24,17,7,0
103,4,0.391304347826087,0.347826086956522,0.260869565217391,0.0465409120144161,0.121684282279907,0.0608421411399536,0.399982370476558,0.399990205446004,0.200027424077438,0.0461347305094309,0.121099908407879,0.0605499542039396,0.400534199050735,0.399146189935814,0.200319611013452,0.0341452394598552,0.0866525880543171,0.0433262940271585,0.394502115042315,0.387954613767452,0.217543271190233,0.0465576185629247,0.121739130434783,0.0608695652173913,0.4,0.4,0.2,0.0465453298463006,0.121712084016635,0.0608560420083174,0.400004317627646,0.399982159163281,0.200013523209074,25,12,7,6,20,6,11,3
103,5,0.391304347826087,0.347826086956522,0.260869565217391,0.0994677488161163,0.279274984440066,0.139637492220033,0.251666855606054,0.402921461961584,0.345411682432362,0.128235933899633,0.361226538702287,0.180613269351144,0.210691078474943,0.42396171900755,0.365347202517507,0.102554787958983,0.287424091283502,0.143712045641751,0.247592302184336,0.402759853631558,0.349647844184106,0.100628980556834,0.282608695652174,0.141304347826087,0.25,0.403846153846154,0.346153846153846,0.10189431017503,0.286196148061137,0.143098074030569,0.248206273795518,0.404682214946554,0.347111511257928,19,8,6,5,33,5,15,13
104,1,0.347826086956522,0.391304347826087,0.260869565217391,0.0182522489154535,0.0494543271011684,0.0247271635505841,0.372553250507106,0.372526530105298,0.254920219387596,0.0182435491346772,0.049443053346408,0.024721526673204,0.372547613629726,0.372550211611761,0.254902174758513,0.0172238487101428,0.0453061440421875,0.0226530720210937,0.366906344176281,0.368651275804993,0.264442380018726,0.0182446159923553,0.0494458653026428,0.0247229326513214,0.372549019607843,0.372549019607843,0.254901960784314,0.0182449792877552,0.0494464472521584,0.0247232236260793,0.372549310582601,0.372548163004075,0.254902526413325,29,9,12,8,22,10,7,5
104,2,0.347826086956522,0.391304347826087,0.260869565217391,0.102341878348695,0.260775703614333,0.130387851807166,0.467426319220148,0.402091967369627,0.130481713410225,0.177750356167816,0.502234290117319,0.251117145058659,0.598943232015181,0.255850409216155,0.145206358768664,0.0959154328070826,0.254586656873495,0.127293328436747,0.45205552803252,0.414368235186836,0.133576236780644,0.113873743236032,0.313405797101449,0.156702898550725,0.458333333333333,0.4375,0.104166666666667,0.0994854597943507,0.265869094341845,0.132934547170922,0.454197491807886,0.417867490145645,0.127935018046469,21,14,4,3,27,8,17,2
104,3,0.347826086956522,0.391304347826087,0.260869565217391,0.101477370878539,0.286473089679683,0.143236544839842,0.411766184633124,0.470600794989327,0.11763302037755,0.0858399633659797,0.238641845159697,0.119320922579848,0.388131005318658,0.4703203520438,0.141548642637543,0.0982735727563918,0.277447534065648,0.138723767032824,0.409885231354918,0.467968970460515,0.122145798184567,0.101467183758964,0.286445012787724,0.143222506393862,0.411764705882353,0.470588235294118,0.117647058823529,0.101472525992784,0.286460008440966,0.143230004220483,0.411767451384113,0.470592987618979,0.117639560996908,27,13,13,1,24,8,11,5
104,4,0.347826086956522,0.391304347826087,0.260869565217391,0.0581425007014988,0.164408567818559,0.0822042839092796,0.308357151038365,0.473508631735367,0.218134217226268,0.114427416309092,0.31933615169468,0.15966807584734,0.188158011109182,0.448334228866255,0.363507760024564,0.0583162617103567,0.164878477821649,0.0824392389108247,0.304604347210217,0.473743586736912,0.221652066052872,0.0436175362059072,0.120617110799439,0.0603085553997195,0.306451612903226,0.451612903225806,0.241935483870968,0.0579426952705401,0.163837491201211,0.0819187456006054,0.305127966837179,0.473223093426692,0.221648939736129,30,14,14,2,32,5,14,13
104,5,0.347826086956522,0.391304347826087,0.260869565217391,0.147239570565465,0.410991490286307,0.205495745143154,0.274196263023182,0.596800092969241,0.129003644007578,0.14721240425524,0.410919111234808,0.205459555617404,0.27419985195684,0.596763903443491,0.129036244599668,0.131292034297519,0.367398369667162,0.183699184833581,0.279372103605961,0.575003532659668,0.145624363734372,0.147219432361634,0.4109396914446,0.2054698457223,0.274193548387097,0.596774193548387,0.129032258064516,0.147222441128923,0.410949447657812,0.205474723828906,0.274188109202474,0.596779071654993,0.129032819142533,30,10,15,5,32,7,22,3
105,1,0.304347826086957,0.434782608695652,0.260869565217391,0.23254158687973,0.644565509011231,0.322282754505615,0.522179185294419,0.112499854190037,0.365320960515544,0.251495233070819,0.671906839927225,0.335953419963613,0.371199598011513,0.0988291887320394,0.529971213256447,0.230681261462043,0.640551673805577,0.320275836902788,0.518228723677424,0.114506771792864,0.367264504529713,0.252989076074737,0.706299911268855,0.353149955634428,0.530612244897959,0.0816326530612245,0.387755102040816,0.232117697294677,0.644559870325924,0.322279935162962,0.519521770383027,0.11250267353269,0.367975556084283,25,8,2,15,24,18,2,4
105,2,0.304347826086957,0.434782608695652,0.260869565217391,0.0392560840193756,0.108290812196975,0.0541454060984876,0.26665596828666,0.48892801479414,0.244416016919201,0.0392316384045818,0.108214907421101,0.0541074537105507,0.266665375527386,0.488890062406203,0.244444562066411,0.0290316457632837,0.0775387034123025,0.0387693517061513,0.273260257010377,0.473551960401803,0.25318778258782,0.0392307019395619,0.108212560386473,0.0541062801932367,0.266666666666667,0.488888888888889,0.244444444444444,0.0392275398045671,0.108198177321929,0.0540990886609647,0.266660317984297,0.488881697356617,0.244457984659086,28,6,14,8,17,6,8,3
105,3,0.304347826086957,0.434782608695652,0.260869565217391,0.0132752721076061,0.0375456355581216,0.0187728177790608,0.285575008307896,0.444356790778458,0.270068200913647,0.116354701839007,0.329068639804422,0.164534319902211,0.139813506184746,0.515057749368753,0.345128744446502,0.0156913447073148,0.0441549862844492,0.0220774931422246,0.282270332944732,0.447761888827911,0.269967778227358,0.00428446481746183,0.0119940029985007,0.00599700149925037,0.310344827586207,0.431034482758621,0.258620689655172,0.0167218884257982,0.047295220079119,0.0236476100395595,0.280700216047397,0.44676526380187,0.272534520150733,30,3,16,11,28,15,9,4
105,4,0.304347826086957,0.434782608695652,0.260869565217391,0.132177933103003,0.362881556593828,0.181440778296914,0.252562536493148,0.616223386992566,0.131214076514285,0.0941106691125083,0.262675856758569,0.131337928379284,0.351362340727375,0.519106022434518,0.129531636838107,0.127711043493861,0.355108302399211,0.177554151199605,0.244224868677687,0.612336759895257,0.143438371427055,0.141105526271462,0.384672070744289,0.192336035372144,0.254237288135593,0.627118644067797,0.11864406779661,0.136933638076519,0.378727898011888,0.189363949005944,0.244768600307729,0.624146557701596,0.131084841990674,26,11,12,3,33,4,25,4
105,5,0.304347826086957,0.434782608695652,0.260869565217391,0.0693433445533314,0.176853809250019,0.0884269046250096,0.385279952866177,0.346355704070643,0.268364343063181,0.106428106471221,0.295848330020299,0.147924165010149,0.452271991097106,0.336753041379909,0.210974967522985,0.067230843490328,0.168029941499748,0.0840149707498739,0.384905188142044,0.350767637945778,0.264327173912177,0.076393415762578,0.190319934372436,0.0951599671862182,0.39622641509434,0.339622641509434,0.264150943396226,0.0725818680639757,0.179028219795419,0.0895141098977094,0.392609012499388,0.345268498797943,0.262122488702669,31,16,10,5,22,5,8,9
106,1,0.260869565217391,0.478260869565217,0.260869565217391,0.273215237755594,0.735238831317442,0.367619415658721,0.628488980876112,0.19143745810462,0.180073561019268,0.163688709029206,0.438212708220395,0.219106354110198,0.479975919327589,0.30401384128085,0.216010239391561,0.26345617167203,0.705285945454101,0.35264297272705,0.613512537944442,0.197795579123892,0.188691882931666,0.268746859889066,0.734074823053589,0.367037411526795,0.627906976744186,0.209302325581395,0.162790697674419,0.267517187242133,0.719419165294072,0.359709582647036,0.620579147864427,0.196892875559314,0.182527976576259,23,10,8,5,20,17,1,2
106,2,0.260869565217391,0.478260869565217,0.260869565217391,0.0728693703844753,0.205953312696158,0.102976656348079,0.315789204492453,0.526317886638235,0.157892908869312,0.0728677079275557,0.205948518337778,0.102974259168889,0.315789004430526,0.526315689520972,0.157895306048502,0.0656320869591104,0.183337350442172,0.0916686752210858,0.319313293983762,0.511485816019933,0.169200889996305,0.072868115918035,0.205949656750572,0.102974828375286,0.315789473684211,0.526315789473684,0.157894736842105,0.07286486579892,0.205939762214591,0.102969881107296,0.31579480959541,0.526305506294495,0.157899684110096,22,8,12,2,35,10,18,7
106,3,0.260869565217391,0.478260869565217,0.260869565217391,0.128668052412258,0.337624132129057,0.168812066064528,0.235285860688972,0.647072935629746,0.117641203681283,0.12865874442565,0.337594658838979,0.168797329419489,0.235294407385538,0.647058198984707,0.117647393629755,0.107631767335837,0.275523516548467,0.137761758274234,0.248052662728809,0.616022627839451,0.13592470943174,0.128659160988327,0.337595907928389,0.168797953964194,0.235294117647059,0.647058823529412,0.117647058823529,0.128639458177782,0.337562133108598,0.168781066554299,0.235274261168515,0.647041936119516,0.117683802711969,27,6,19,2,24,6,14,4
106,4,0.260869565217391,0.478260869565217,0.260869565217391,0.0948242433242961,0.245806334313217,0.122903167156609,0.137966398060783,0.586172805167522,0.275860796771695,0.0948496912950344,0.245871451739494,0.122935725869747,0.137933839347644,0.586202395867678,0.275863764784678,0.0835474801727305,0.223982545971548,0.111991272985774,0.148878292231617,0.5668715063814,0.284250201386982,0.0948525210524201,0.245877061469265,0.122938530734633,0.137931034482759,0.586206896551724,0.275862068965517,0.0948529811423391,0.245878045070094,0.122939022535047,0.137930542682345,0.586207575250851,0.275861882066804,27,2,17,8,31,6,17,8
106,5,0.260869565217391,0.478260869565217,0.260869565217391,0.0495481763689067,0.137104178145031,0.0685520890725156,0.307715056243922,0.499967467611202,0.192317476144876,0.0450559296473472,0.116751590794723,0.0583757953973613,0.312176574073035,0.485329656106935,0.20249376982003,0.0488099138285188,0.125369889383291,0.0626849446916454,0.317243214396818,0.484572165077436,0.198184620525746,0.0495502755519366,0.137123745819398,0.068561872909699,0.307692307692308,0.5,0.192307692307692,0.0495525647773402,0.13712879039219,0.0685643951960952,0.307696793607111,0.499998036371593,0.192305170021296,24,8,9,7,28,8,17,3
107,1,0.217391304347826,0.521739130434783,0.260869565217391,0.19429570223382,0.549098391311755,0.274549195655878,0.0704583301898489,0.79628832609066,0.133253343719491,0.119447309438355,0.337845615942242,0.168922807971121,0.133480634832943,0.690661938405903,0.175857426761153,0.187648783837075,0.529438396412382,0.264719198206191,0.0688790370718383,0.786458328640974,0.144662634287188,0.196765271703897,0.556521739130435,0.278260869565217,0.08,0.8,0.12,0.195991649522679,0.55391116722978,0.27695558361489,0.0693849474683105,0.798694714049672,0.131920338482017,26,0,24,2,24,4,16,4
107,2,0.217391304347826,0.521739130434783,0.260869565217391,0.097607014486118,0.274377848373801,0.1371889241869,0.135564562569055,0.466376948026653,0.398058489404292,0.257498184849964,0.711644607486503,0.355822303743251,0.106568444455304,0.276739686584054,0.616691868960643,0.123732072272879,0.349115557596034,0.174557778798017,0.1195471435733,0.445025512411291,0.435427344015408,0.140533161896891,0.390541571319603,0.195270785659802,0.087719298245614,0.456140350877193,0.456140350877193,0.116806217865386,0.330376744887298,0.165188372443649,0.135171290663365,0.438770771675595,0.42605793766104,24,2,18,4,33,3,8,22
107,3,0.217391304347826,0.521739130434783,0.260869565217391,0.0338436601659423,0.0948972388089322,0.0474486194044661,0.199104033140884,0.492577782237258,0.308318184621857,0.106525868514928,0.291450715606381,0.14572535780319,0.257167262890058,0.376013772631592,0.36681896447835,0.0371519467198665,0.100843614134409,0.0504218070672046,0.20497226333193,0.483736364383474,0.311291372284596,0.030196440725199,0.0854037267080745,0.0427018633540373,0.196428571428571,0.5,0.303571428571429,0.0338436274331289,0.0948970997616049,0.0474485498808024,0.199104217320805,0.492577667581002,0.308318115098194,28,8,9,11,28,3,19,6
107,4,0.217391304347826,0.521739130434783,0.260869565217391,0.0263816077439068,0.0700457211355348,0.0350228605677674,0.211016896510184,0.55676199100255,0.232221112487266,0.099610827745171,0.281451998895263,0.140725999447631,0.15256186728437,0.445842568050607,0.401595564665023,0.0130162704661287,0.0329087612370647,0.0164543806185323,0.202017438999322,0.538193511053315,0.259789049947363,0.0307614979585144,0.081841432225064,0.040920716112532,0.176470588235294,0.529411764705882,0.294117647058824,0.0124564914681214,0.0320344306753142,0.0160172153376571,0.20303187947462,0.53775634577244,0.25921177475294,20,5,14,1,31,4,13,14
107,5,0.217391304347826,0.521739130434783,0.260869565217391,0.163949965876209,0.443272370960606,0.221636185480303,0.387179202332023,0.30010294495448,0.312717852713498,0.171595222962405,0.482817587266994,0.241408793633497,0.359513604483786,0.280330336801286,0.360156058714928,0.160286445569186,0.430526307788106,0.215263153894053,0.386536683660616,0.30647597654073,0.306987339798654,0.16470439126934,0.44698703279939,0.223493516399695,0.385964912280702,0.298245614035088,0.315789473684211,0.163989172634961,0.443612511428248,0.221806255714124,0.386947324774727,0.299932874720659,0.313119800504614,29,9,7,13,28,13,10,5
108,1,0.173913043478261,0.565217391304348,0.260869565217391,0.133642369155594,0.374791551215751,0.187395775607876,0.288883959123155,0.377821615696472,0.333294425180373,0.133672818499979,0.374883432001081,0.18744171600054,0.288890334285382,0.377775675303807,0.333333990410811,0.137449551470398,0.383186424997735,0.191593212498868,0.298127944757361,0.37362417880548,0.328247876437159,0.133671302625058,0.37487922705314,0.18743961352657,0.288888888888889,0.377777777777778,0.333333333333333,0.13368107769679,0.374917565662545,0.187458782831272,0.288863871127719,0.377758608473076,0.333377520399205,22,7,10,5,23,6,7,10
108,2,0.173913043478261,0.565217391304348,0.260869565217391,0.0408743624856354,0.114847339496785,0.0574236697483923,0.150942452143697,0.62264106105274,0.226416486803563,0.0408736504842978,0.114844896487965,0.0574224482439826,0.150944622166672,0.62263983954833,0.226415538284997,0.0220843711385892,0.0602078178753643,0.0301039089376822,0.166064919440811,0.59532130024203,0.238613780317159,0.0408747868549189,0.114848236259229,0.0574241181296145,0.150943396226415,0.622641509433962,0.226415094339623,0.040869975985467,0.114833425431956,0.0574167127159778,0.150951271431594,0.622634104020326,0.226414624548081,32,6,18,8,21,2,15,4
108,3,0.173913043478261,0.565217391304348,0.260869565217391,0.0492384737277178,0.125335842685821,0.0626679213429104,0.116288596533786,0.627885312647258,0.255826090818956,0.0492516921118824,0.125380375691824,0.062690187845912,0.116280138221748,0.62790757915026,0.255812282627992,0.0246844860779797,0.0607264050536739,0.030363202526837,0.143813576126267,0.595580593831185,0.260605830042549,0.0492517961035357,0.125379170879676,0.0626895854398383,0.116279069767442,0.627906976744186,0.255813953488372,0.0492412648011469,0.125340788095243,0.0626703940476216,0.116283939912023,0.627887785351969,0.255828274736007,23,3,16,4,20,2,11,7
108,4,0.173913043478261,0.565217391304348,0.260869565217391,0.124703724147703,0.351928139074059,0.175964069537029,0.0757323373043566,0.741181460841377,0.183086201854266,0.0688975075924701,0.186960842982604,0.093480421491302,0.103374557016959,0.65869781279565,0.237927630187391,0.108816396157783,0.307527847001099,0.153763923500549,0.0916455472661742,0.718981314804897,0.189373137928929,0.127766862104332,0.360474308300395,0.180237154150198,0.0727272727272727,0.745454545454545,0.181818181818182,0.126732904311504,0.357738888332573,0.178869444166287,0.0746734751150447,0.744086835470634,0.181239689414321,30,1,26,3,25,3,15,7
108,5,0.173913043478261,0.565217391304348,0.260869565217391,0.185376643692564,0.520160292981048,0.260080146490524,0.332509868835424,0.305137244813824,0.362352886350752,0.12166135486844,0.315655628403558,0.157827814201779,0.19349724721858,0.407389577102569,0.399113175678851,0.189172859963101,0.529777547925674,0.264888773962837,0.3388383401033,0.300328617341511,0.360833042555189,0.194136780135576,0.534690101757632,0.267345050878816,0.361702127659574,0.297872340425532,0.340425531914894,0.189732743676776,0.530964844472655,0.265482422236328,0.340374925516869,0.29973496906802,0.359890105415111,25,14,4,7,22,3,10,9
109,1,0.130434782608696,0.608695652173913,0.260869565217391,0.104962276426997,0.294576650704963,0.147288325352481,0.0408146654929824,0.551027443937145,0.408157890569873,0.104961781397982,0.294575891970436,0.147287945985218,0.0408171107035498,0.551025378093841,0.408157511202609,0.099672003843001,0.28111802672636,0.14055901336318,0.0693278081236086,0.52924361329582,0.401428578580571,0.104965606315174,0.294587400177462,0.147293700088731,0.0408163265306122,0.551020408163265,0.408163265306122,0.104964996322699,0.294585796582525,0.147292898291262,0.0408171949859195,0.551020341505427,0.408162463508654,25,1,15,9,24,1,12,11
109,2,0.130434782608696,0.608695652173913,0.260869565217391,0.0242295209627652,0.0684565328916134,0.0342282664458067,0.148935949073366,0.574467385728106,0.276596665198528,0.0242285392495081,0.0684535885982926,0.0342267942991463,0.148936734852737,0.574468857874767,0.276594407272497,0.0414824359347702,0.115447507380523,0.0577237536902615,0.168361146838835,0.550971898483652,0.280666954677513,0.0242290487580181,0.0684551341350601,0.0342275670675301,0.148936170212766,0.574468085106383,0.276595744680851,0.024222517777652,0.0684360378247946,0.0342180189123973,0.148936967400636,0.574477633261516,0.276585399337848,27,3,15,9,20,4,12,4
109,3,0.130434782608696,0.608695652173913,0.260869565217391,0.0307438163514378,0.0869566440848793,0.0434783220424396,0.086956460566256,0.630435051594933,0.282608487838811,0.0307475343935587,0.0869671600699297,0.0434835800349649,0.0869512025737308,0.630434716073361,0.282614081352908,0.0194953168012579,0.0549995933244277,0.0274997966622139,0.114975512046393,0.596655126074001,0.288369361879605,0.0307437730950673,0.0869565217391304,0.0434782608695652,0.0869565217391304,0.630434782608696,0.282608695652174,0.0307268523342618,0.0869086239111715,0.0434543119555858,0.0869804706531099,0.630387298895547,0.282632230451343,25,2,15,8,21,2,14,5
109,4,0.130434782608696,0.608695652173913,0.260869565217391,0.321709698362074,0.798252257334957,0.399126128667479,0.119999836468705,0.220004469646425,0.65999569388487,0.321711859053977,0.798256981889799,0.399128490944899,0.120000429461559,0.22000151437615,0.659998056162291,0.302880366927229,0.751463774840814,0.375731887420407,0.140188580223852,0.232963764753506,0.626847655022643,0.321713277457194,0.798260869565217,0.399130434782609,0.12,0.22,0.66,0.321728910208576,0.798302138986228,0.399151069493114,0.119996910129268,0.219982455160226,0.660020634710505,24,2,6,16,26,4,5,17
109,5,0.130434782608696,0.608695652173913,0.260869565217391,0.0652057349830042,0.184429618961237,0.0922148094806184,0.084268247921625,0.700910461654532,0.214821290423844,0.0641285489231002,0.167816899910458,0.0839084499552289,0.14258573259753,0.680453152140307,0.176961115262162,0.0580436778052379,0.162383676093782,0.0811918380468911,0.0793738324977207,0.689887490220804,0.230738677281475,0.0631823377649318,0.177957532861476,0.0889787664307381,0.0930232558139535,0.697674418604651,0.209302325581395,0.0653197646747417,0.184749468158998,0.0923747340794988,0.0838128312251712,0.701070386253412,0.215116782521417,21,4,14,3,22,0,16,6
110,1,0.0869565217391304,0.652173913043478,0.260869565217391,0.206081136541736,0.520514720687347,0.260257360343673,0.0704224367191223,0.408450637719813,0.521126925561065,0.206082642002491,0.520517071358352,0.260258535679176,0.0704239261953827,0.40844797290805,0.521128100896567,0.20210974679661,0.498147978897233,0.249073989448617,0.0838449587019169,0.406211486632075,0.509943554666008,0.206081038232106,0.520514390691978,0.260257195345989,0.0704225352112676,0.408450704225352,0.52112676056338,0.206078374355332,0.520508157005465,0.260254078502733,0.0704222002667869,0.408454156013089,0.521123643720124,32,1,13,18,39,4,16,19
110,2,0.0869565217391304,0.652173913043478,0.260869565217391,0.0715193012311298,0.198259818250919,0.0991299091254597,0.020000146576944,0.620000379080205,0.359999474342851,0.0944868902420219,0.267084439452907,0.133542219726454,0.0242493144719943,0.581338900584161,0.394411784943845,0.072069422151905,0.203814813584503,0.101907406792252,0.0345321910540066,0.602690836936351,0.362776972009643,0.0715196466809901,0.198260869565217,0.0991304347826087,0.02,0.62,0.36,0.0715195074589871,0.198260663390457,0.0991303316952286,0.0200004696501644,0.619999633437216,0.35999989691262,28,1,15,12,22,0,16,6
110,3,0.0869565217391304,0.652173913043478,0.260869565217391,0.0371075308427862,0.104221207684493,0.0521106038422465,0.107643677493296,0.600063309201232,0.292293013305472,0.0371501117008036,0.104347229352652,0.0521736146763259,0.107692474213069,0.600000298367152,0.292307227419778,0.0530186327794234,0.14985991216856,0.0749299560842802,0.126785689622399,0.577243956959198,0.295970353418403,0.0371503515295631,0.104347826086957,0.0521739130434783,0.107692307692308,0.6,0.292307692307692,0.0371527228220894,0.104354074396762,0.0521770371983808,0.107692021419842,0.599996875845097,0.292311102735061,35,4,20,11,30,3,19,8
110,4,0.0869565217391304,0.652173913043478,0.260869565217391,0.0797690084147454,0.216903977335502,0.108451988667751,0.0596241450628909,0.571054301051967,0.369321553885142,0.0109128931981382,0.0304043135256215,0.0152021567628108,0.102158678501941,0.642268994552571,0.255572326945488,0.082740963128448,0.223466864470346,0.111733432235173,0.061186824740484,0.566210177806952,0.372602997452564,0.084980955277782,0.228260869565217,0.114130434782609,0.0625,0.5625,0.375,0.0819139210577939,0.222850050924635,0.111425025462317,0.0586881972840932,0.569017212036198,0.372294590679709,23,3,15,5,25,0,12,13
110,5,0.0869565217391304,0.652173913043478,0.260869565217391,0.0190652015425834,0.0508135386964846,0.0254067693482422,0.0615497523908882,0.657060973885202,0.28138927372391,0.0506983305811128,0.139598969235252,0.0697994846176261,0.107661016748124,0.582374428425852,0.309964554826024,0.0261109563306318,0.0697130178561185,0.0348565089280592,0.0589717100824677,0.645302215772082,0.29572607414545,0.0167025625210618,0.0462534690101757,0.0231267345050879,0.0638297872340425,0.659574468085106,0.276595744680851,0.0189299335817316,0.0520608020443926,0.0260304010221963,0.0609261207169342,0.659773650039707,0.279300229243359,27,0,20,7,20,3,11,6
111,1,0.0434782608695652,0.695652173913043,0.260869565217391,0.0333857539136223,0.0869565001984,0.0434782500991999,1.07703652867584e-08,0.733333198874667,0.266666790354968,0.0333856246384023,0.086956513136237,0.0434782565681185,4.30144674447611e-09,0.733332782777403,0.26666721292115,0.0308356032416999,0.0869405046148903,0.0434702523074451,8.00856212010416e-06,0.714386547800318,0.285605443637562,0.0333858020157893,0.0869565217391304,0.0434782608695652,0,0.733333333333333,0.266666666666667,0.0333856066229916,0.0869559001220518,0.0434779500610259,3.108085393092e-07,0.733333199885826,0.266666489305635,21,0,16,5,24,0,17,7
111,2,0.0434782608695652,0.695652173913043,0.260869565217391,0.0279663086059054,0.0773089662097799,0.0386544831048899,0.0555567213188566,0.722228196568642,0.222215082112501,0.0279516425826315,0.0772729883497577,0.0386364941748789,0.0555606615651386,0.722206267392349,0.222233071042512,0.0293113347434333,0.0760982392905492,0.0380491196452746,0.0815273805148398,0.690872960254227,0.227599659230933,0.0279609587023919,0.0772946859903382,0.0386473429951691,0.0555555555555556,0.722222222222222,0.222222222222222,0.0279608854489936,0.0772949882165782,0.0386474941082891,0.0555566596229077,0.72222126926799,0.222222071109102,23,1,19,3,31,2,20,9
111,3,0.0434782608695652,0.695652173913043,0.260869565217391,0.0964280420383569,0.257822046749408,0.128911023374704,0.0175456251962336,0.824563197287747,0.157891177516019,0.1177632707962,0.307417292349279,0.15370864617464,0.0221443933936522,0.849360820087683,0.128494786518665,0.0819626712957091,0.212395366504172,0.106197683252086,0.0306082432731896,0.801849857165129,0.167541899561681,0.0964261339412139,0.257818459191457,0.128909229595728,0.0175438596491228,0.824561403508772,0.157894736842105,0.096427811090833,0.257822017330936,0.128911008665468,0.0175448023196398,0.824563182578511,0.157892015101849,31,0,24,7,26,1,23,2
111,4,0.0434782608695652,0.695652173913043,0.260869565217391,0.0132088323948522,0.0349599214807451,0.0174799607403726,0.0609582216099378,0.681207098518301,0.257834679871762,0.0509197278477273,0.142213185879023,0.0711065929395114,0.0888863712153357,0.721350656506784,0.18976297227788,0.0183265622716525,0.0465212752744744,0.0232606376372372,0.0650081443037108,0.672391536275806,0.262600319420483,0.0148779994841996,0.0407030527289547,0.0203515263644773,0.0638297872340425,0.680851063829787,0.25531914893617,0.0133212798461459,0.0369126200332193,0.0184563100166096,0.0619345708861749,0.683151678681428,0.254913750432397,26,3,19,4,21,0,13,8
111,5,0.0434782608695652,0.695652173913043,0.260869565217391,0.115831118776519,0.317029006361409,0.158514503180704,2.09009131014695e-09,0.854166677093748,0.145833320816161,0.115830774983019,0.317028133599928,0.158514066799964,7.80758135608482e-10,0.854166240713007,0.145833758506234,0.099512269773673,0.275307052053133,0.137653526026567,2.39197468324046e-06,0.83330569993961,0.166691908085707,0.115831110137797,0.317028985507246,0.158514492753623,0,0.854166666666667,0.145833333333333,0.115831023620678,0.317028624268975,0.158514312134488,2.70330861566881e-07,0.854166486047531,0.145833243621607,25,0,20,5,23,0,21,2
112,1,0.652173913043478,0.0434782608695652,0.304347826086957,0.240119204464606,0.608701925428956,0.304350962714478,0.369561791319542,0.0217394198790235,0.608698788801434,0.224704174493411,0.568432886046683,0.284216443023341,0.386965288654652,0.0244704422350499,0.588564269110298,0.230469972722789,0.570631406573139,0.28531570328657,0.373057919159312,0.0372785514671618,0.589663529373526,0.240116543851897,0.608695652173913,0.304347826086957,0.369565217391304,0.0217391304347826,0.608695652173913,0.2401163950924,0.608694887796018,0.304347443898009,0.369565150431255,0.0217395795837794,0.608695269984965,23,10,1,12,23,7,0,16
112,2,0.652173913043478,0.0434782608695652,0.304347826086957,0.0328017824711893,0.0869510109332156,0.0434755054666078,0.687924007417209,2.75540295743711e-06,0.312073237179833,0.0711557748477402,0.200665004886981,0.100332502443491,0.595317508135632,2.16333392122496e-06,0.404680328530447,0.0309462528249583,0.0869475497331791,0.0434737748665896,0.678273026972059,4.48600297561446e-06,0.321722487024966,0.0318727420530529,0.0869565217391304,0.0434782608695652,0.684210526315789,0,0.315789473684211,0.0319787020349404,0.086947111291754,0.043473555645877,0.684703908430604,4.70522368823099e-06,0.315291386345708,18,15,0,3,20,11,0,9
112,3,0.652173913043478,0.0434782608695652,0.304347826086957,0.136610200901112,0.353285868569706,0.176642934284853,0.49609201636588,0.0229172232623098,0.48099076037181,0.0458315150237303,0.125472979699946,0.062736489849973,0.606702785965053,0.0262128980980179,0.36708431593693,0.134283137313271,0.341247494237653,0.170623747118826,0.494656817100985,0.0303716096932326,0.474971573205783,0.136229812444123,0.356821589205397,0.178410794602699,0.5,0.0172413793103448,0.482758620689655,0.134887610357119,0.348910859179678,0.174455429589839,0.498118221646318,0.0230785226768864,0.478803255676795,30,19,1,10,28,10,0,18
112,4,0.652173913043478,0.0434782608695652,0.304347826086957,0.155467724022884,0.416774272542498,0.208387136271249,0.860561049314727,5.95895996707001e-07,0.139438354789276,0.0933268031510439,0.2593213797322,0.1296606898661,0.781834602909579,1.38471318905096e-07,0.218165258619103,0.151923264322418,0.407912460789053,0.203956230394526,0.856130143438005,1.508271905455e-06,0.14386834829009,0.155018546769314,0.415652173913043,0.207826086956522,0.86,0,0.14,0.155478464374842,0.416798637126056,0.208399318563028,0.860573231606506,4.39794666431092e-06,0.13942237044683,25,19,0,6,25,24,0,1
112,5,0.652173913043478,0.0434782608695652,0.304347826086957,0.0319932816210416,0.0791025073972681,0.039551253698634,0.690979223323547,0.0442242042881304,0.264796572388322,0.139118974333361,0.348557756158766,0.174278878079383,0.485969386759839,0.0354039090738217,0.47862670416634,0.0761587515943105,0.198988647419839,0.0994943237099197,0.751668236753398,0.0294507410723741,0.218881022174228,0.0650651477724397,0.179523141654979,0.0897615708274895,0.741935483870968,0.0161290322580645,0.241935483870968,0.0622260234234492,0.154762611912527,0.0773813059562637,0.729555218999742,0.0410810935744152,0.229363687425843,24,11,1,12,38,35,0,3
113,1,0.608695652173913,0.0869565217391304,0.304347826086957,0.0319154376609519,0.0901944101872903,0.0450972050936452,0.629639788706313,0.111109590300376,0.259250620993311,0.0268409588149178,0.0752848294509963,0.0376424147254982,0.594110252335281,0.124598936464629,0.28129081120009,0.0330596079885498,0.0824015815630748,0.0412007907815373,0.607233638370072,0.128157312520668,0.26460904910926,0.0319095307519095,0.0901771336553945,0.0450885668276973,0.62962962962963,0.111111111111111,0.259259259259259,0.0319093602470493,0.0901764736215811,0.0450882368107905,0.629627603393652,0.111112807330182,0.259259589276166,35,19,5,11,19,15,1,3
113,2,0.608695652173913,0.0869565217391304,0.304347826086957,0.134132183725015,0.370533202181344,0.185266601090672,0.736604708650118,0.144314066353598,0.119081224996285,0.0961587920355015,0.27194049311542,0.13597024655771,0.678640103619998,0.152982316850755,0.168377579529246,0.130485925377932,0.367849229694416,0.183924614847208,0.713645150309229,0.165931638451022,0.120423211239748,0.134211975778408,0.368695652173913,0.184347826086957,0.74,0.14,0.12,0.136155446641512,0.375392260915221,0.18769613045761,0.739760386163558,0.143587918207096,0.116651695629346,29,24,4,1,21,13,3,5
113,3,0.608695652173913,0.0869565217391304,0.304347826086957,0.0647237232547339,0.166816907608233,0.0834084538041167,0.59964127831039,0.170364975543247,0.229993746146363,0.189604596605289,0.520787770634026,0.260393885317013,0.794310308137048,0.161735751093008,0.0439539407699434,0.0145677203763533,0.036011473319771,0.0180057366598856,0.590689915514027,0.104629615034238,0.304680469451734,0.0768984968324835,0.194135490394338,0.0970677451971689,0.511627906976744,0.0930232558139535,0.395348837209302,0.06627232695635,0.167553566152521,0.0837767830762605,0.603195719566588,0.170733304815391,0.226070975618021,21,4,0,17,22,18,4,0
113,4,0.608695652173913,0.0869565217391304,0.304347826086957,0.220958179880167,0.554931412344646,0.277465706172323,0.345490463576381,0.0726960041643387,0.58181353225928,0.242847002515222,0.606104998421896,0.303052499210948,0.305643152962965,0.0985492621788545,0.595807584858181,0.216780584111885,0.549006953654641,0.274503476827321,0.353221185915225,0.0679275111704978,0.578851302914277,0.220973716464117,0.554940711462451,0.277470355731225,0.345454545454545,0.0727272727272727,0.581818181818182,0.220997501458784,0.555160579332568,0.277580289666284,0.345520095944885,0.0725517883018749,0.581928115753241,32,9,4,19,23,10,0,13
113,5,0.608695652173913,0.0869565217391304,0.304347826086957,0.0451214673238153,0.118862211859489,0.0594311059297443,0.59910167857441,0.0371193894088896,0.363778932016701,0.107426766178468,0.288605361389446,0.144302680694723,0.495394373848683,0.0559551193696378,0.448650506781679,0.0454650897238204,0.125824520406854,0.0629122602034268,0.588735052180237,0.0440048615293797,0.367260086290383,0.0452783432488978,0.118577075098814,0.0592885375494071,0.6,0.0363636363636364,0.363636363636364,0.0454051332526821,0.120133749995535,0.0600668749977676,0.598319709035772,0.0372655898795035,0.364414701084724,28,13,2,13,27,20,0,7
114,1,0.565217391304348,0.130434782608696,0.304347826086957,0.0437228010038431,0.123537714488602,0.0617688572443009,0.536778611365549,0.0971047053031937,0.366116683331257,0.0165608154588416,0.0462780418249971,0.0231390209124985,0.579922216162843,0.138868978662699,0.281208805174458,0.0430793328692216,0.121507477643146,0.0607537388215729,0.530905957739061,0.103992477352409,0.365101564908529,0.0471082641931839,0.133239831697055,0.0666199158485273,0.532258064516129,0.0967741935483871,0.370967741935484,0.0449225887749731,0.126939572823805,0.0634697864119025,0.535880024529662,0.0963023629714791,0.367817612498859,30,18,5,7,32,15,1,16
114,2,0.565217391304348,0.130434782608696,0.304347826086957,0.143738409625445,0.40570584674605,0.202852923373025,0.452428086147049,0.333287705981721,0.21428420787123,0.143771958275516,0.405797270106717,0.202898635053359,0.452380716767457,0.333333417662054,0.214285865570488,0.145655781897376,0.407949172464229,0.203974586232114,0.438346643267752,0.33440936884081,0.227243987891438,0.143771888556341,0.405797101449275,0.202898550724638,0.452380952380952,0.333333333333333,0.214285714285714,0.143770924811185,0.405793053990936,0.202896526995468,0.452373175390162,0.333331309604164,0.214295515005674,29,13,9,7,13,6,5,2
114,3,0.565217391304348,0.130434782608696,0.304347826086957,0.106724393167569,0.295291773980239,0.14764588699012,0.712863278294467,0.0837349507834739,0.203401770922059,0.033840357515242,0.0955565515517982,0.047778275775899,0.58672284128263,0.0826565068327966,0.330620651884573,0.0918669374115462,0.253964817348337,0.126982408674168,0.692199799978516,0.0907322772596878,0.217067922761796,0.0953380877545043,0.269565217391304,0.134782608695652,0.7,0.06,0.24,0.0946560306279651,0.263508194998771,0.131754097499385,0.696971488803733,0.0850586983596115,0.217969812836655,29,16,2,11,21,19,1,1
114,4,0.565217391304348,0.130434782608696,0.304347826086957,0.0694434038524887,0.178813512887456,0.089406756443728,0.654624147748076,0.050540447670813,0.294835404581111,0.0999635596944087,0.282449280411271,0.141224640205635,0.489057941379896,0.0653695923275126,0.445572466292592,0.0664169401411476,0.165762805265366,0.0828814026326831,0.648098793937031,0.050721117861252,0.301180088201717,0.072459542700147,0.179236912156167,0.0896184560780834,0.653061224489796,0.0408163265306122,0.306122448979592,0.0656407863169087,0.163524530137022,0.081762265068511,0.646979656372859,0.0514843940979568,0.301535949529184,23,20,0,3,26,12,2,12
114,5,0.565217391304348,0.130434782608696,0.304347826086957,0.0733429360849736,0.188213167169335,0.0941065835846673,0.659323974889015,0.0456092443268653,0.29506678078412,0.187343160536364,0.524937955719156,0.262468977859578,0.827686369163926,0.0304847378267924,0.141828893009282,0.0991086647849915,0.276143303061269,0.138071651530635,0.703289042834983,0.0405194109695343,0.256191546195483,0.103300655509613,0.278656126482214,0.139328063241107,0.704545454545455,0.0227272727272727,0.272727272727273,0.0949420130254227,0.264421575001945,0.132210787500972,0.69742817880532,0.0440510874683289,0.258520733726351,28,24,1,3,16,7,0,9
115,1,0.521739130434783,0.173913043478261,0.304347826086957,0.0953573006380862,0.24933327688881,0.124666638444405,0.628605517389879,0.0492464050338557,0.322148077576265,0.086305355728456,0.239994417198441,0.11999720859922,0.56241355073042,0.0539158348790405,0.383670614390539,0.0761077455578392,0.197713811176194,0.0988569055880971,0.608033116779897,0.0750561378901638,0.316910745329939,0.0988274036013468,0.260869565217391,0.130434782608696,0.630434782608696,0.0434782608695652,0.326086956521739,0.095356179257488,0.249327968450904,0.124663984225452,0.628606161131262,0.0492490592528086,0.322144779615929,23,11,1,11,23,18,1,4
115,2,0.521739130434783,0.173913043478261,0.304347826086957,0.0656136625873801,0.176052028302564,0.0880260141512821,0.452303796524751,0.261939057629543,0.285757145845706,0.0655736800026916,0.175979420495494,0.0879897102477468,0.452382504246347,0.261902753726008,0.285714742027646,0.0685354167511043,0.175107655983669,0.0875538279918345,0.441956655384307,0.261466871470095,0.296576473145598,0.0655751685762617,0.175983436853002,0.0879917184265011,0.452380952380952,0.261904761904762,0.285714285714286,0.0655748850194618,0.175981921706157,0.0879909608530787,0.452380459670917,0.26190400433134,0.285715535997743,25,13,4,8,17,6,7,4
115,3,0.521739130434783,0.173913043478261,0.304347826086957,0.0742488506565431,0.205389618252901,0.10269480912645,0.489356690136958,0.276607852604711,0.234035457258331,0.0849698652876168,0.238064422605966,0.119032211302983,0.447964114771122,0.292945254781244,0.259090630447635,0.0810932535994043,0.228740945397903,0.114370472698951,0.471883280142116,0.288283516177212,0.239833203680671,0.074240299898257,0.20536540240518,0.10268270120259,0.48936170212766,0.276595744680851,0.234042553191489,0.0742461373302775,0.205383328472784,0.102691664236392,0.489355100313488,0.276604707714653,0.234040191971859,22,14,5,3,25,9,8,8
115,4,0.521739130434783,0.173913043478261,0.304347826086957,0.0903666394089091,0.250141964190493,0.125070982095246,0.646810112530029,0.134118074750664,0.219071812719307,0.0727837808995131,0.179289098125755,0.0896445490628773,0.520724495197507,0.263557592541138,0.215717912261355,0.0748716820255191,0.199219666592543,0.0996098332962713,0.621348963731054,0.155205779265839,0.223445257003107,0.0858771357282159,0.225716928769658,0.112858464384829,0.617021276595745,0.191489361702128,0.191489361702128,0.075118267545175,0.199557586851718,0.0997787934258588,0.621517923860641,0.155603315309232,0.222878760830127,30,15,9,6,17,14,0,3
115,5,0.521739130434783,0.173913043478261,0.304347826086957,0.147195894465501,0.416331756935074,0.208165878467537,0.62540697615236,0.278411076228221,0.0961819476194197,0.117787834441114,0.332863695612631,0.166431847806315,0.432499010292911,0.340344891284576,0.227156098422513,0.146229282908296,0.412459745797287,0.206229872898643,0.638136928509855,0.263745118301832,0.0981179531883131,0.124676580414046,0.349436392914654,0.174718196457327,0.62962962962963,0.240740740740741,0.12962962962963,0.147195115279752,0.416329545513412,0.208164772756706,0.625405006680248,0.278411939989502,0.0961830533302504,27,23,4,0,27,11,9,7
116,1,0.478260869565217,0.217391304347826,0.304347826086957,0.223680611814909,0.604434114433596,0.302217057216798,0.780477926782016,0.147203489393297,0.0723185838246876,0.170398476378098,0.438737705223517,0.219368852611759,0.697629722176976,0.194086511091737,0.108283766731287,0.21015730042818,0.552782821560897,0.276391410780448,0.754652280345666,0.173826341425287,0.0715213782290473,0.223481579621998,0.604453870625663,0.302226935312831,0.780487804878049,0.146341463414634,0.0731707317073171,0.223604788902762,0.603984689089531,0.301992344544765,0.780253214109983,0.147630101809172,0.0721166840808455,21,14,4,3,20,18,2,0
116,2,0.478260869565217,0.217391304347826,0.304347826086957,0.14708488257568,0.403720360363602,0.201860180181801,0.680121049747018,0.159938734496474,0.159940215756508,0.157814513723337,0.422976080948908,0.211488040474454,0.689748910039671,0.173394653810098,0.136856436150231,0.134684558100228,0.363894561065643,0.181947280532821,0.660208150098039,0.175216082252638,0.164575767649323,0.147001965360283,0.403478260869565,0.201739130434783,0.68,0.16,0.16,0.147537577243871,0.404573707174103,0.202286853587051,0.680547723152269,0.160531358649118,0.158920918198613,22,14,2,6,28,20,6,2
116,3,0.478260869565217,0.217391304347826,0.304347826086957,0.0577583458286871,0.154988463065629,0.0774942315328148,0.494646795098249,0.139897072815011,0.365456132086739,0.0709242033278788,0.198034184349513,0.0990170921747567,0.577277961739974,0.154023626993184,0.268698411266842,0.044694057402081,0.12354395723841,0.0617719786192051,0.497549223611883,0.155619325728621,0.346831450659496,0.0610518612834144,0.170631665299426,0.0853158326497129,0.509433962264151,0.132075471698113,0.358490566037736,0.0536531504473192,0.150330767121072,0.0751653835605361,0.506864994364496,0.14222592078729,0.350909084848214,32,20,5,7,21,7,2,12
116,4,0.478260869565217,0.217391304347826,0.304347826086957,0.0800810076464311,0.222018698900404,0.111009349450202,0.553185763894736,0.106381954897624,0.34043228120764,0.0678635173873884,0.191727990606384,0.0958639953031918,0.52222344765411,0.121527309044634,0.356249243301255,0.0687790103545639,0.193946731696221,0.0969733658481103,0.533301416623983,0.120417938499716,0.346280644876302,0.0800813065969626,0.222016651248844,0.111008325624422,0.553191489361702,0.106382978723404,0.340425531914894,0.0800949233806409,0.222053442760939,0.11102672138047,0.553206046476633,0.106364582967356,0.340429370556011,23,10,4,9,24,16,1,7
116,5,0.478260869565217,0.217391304347826,0.304347826086957,0.0215952775752333,0.0582029277959952,0.0291014638979977,0.500834233225333,0.188289840449828,0.310875926324838,0.0779144864500102,0.219241448652541,0.109620724326271,0.542739395814211,0.262533502425103,0.194727101760686,0.0193019361143181,0.0505756171714635,0.0252878085857318,0.499806580379255,0.192103495762094,0.308089923858651,0.0203714307160942,0.0574241181296144,0.0287120590648072,0.490566037735849,0.188679245283019,0.320754716981132,0.0212026858935455,0.0560045583960095,0.0280022791980048,0.501548294936167,0.189389025149821,0.309062679914012,26,11,2,13,27,15,8,4
117,1,0.434782608695652,0.260869565217391,0.304347826086957,0.0594980613951182,0.158264207528085,0.0791321037640423,0.419987741284171,0.340001668981434,0.240010589734396,0.0594995266964552,0.158259562033176,0.0791297810165879,0.419999744594684,0.339999346233979,0.240000909171336,0.0569697175800332,0.157933711140446,0.0789668555702231,0.40913752881543,0.339836420787614,0.251026050396956,0.0595001231114992,0.158260869565217,0.0791304347826087,0.42,0.34,0.24,0.0594999787702519,0.158260520026446,0.0791302600132232,0.419999986091852,0.339999825230615,0.240000188677533,26,9,10,7,24,12,7,5
117,2,0.434782608695652,0.260869565217391,0.304347826086957,0.118911450112377,0.325202743613964,0.162601371806982,0.478928283273508,0.379325262446518,0.141746454279974,0.133986874346107,0.342684100766569,0.171342050383284,0.419184046521935,0.432211615600676,0.14860433787739,0.106662100963518,0.288148830683935,0.144074415341968,0.468127080538963,0.371599508716049,0.160273410744989,0.121139677685657,0.332833583208396,0.166416791604198,0.482758620689655,0.379310344827586,0.137931034482759,0.118639239291648,0.325487632357471,0.162743816178735,0.480816981907247,0.377579008184532,0.141604009908221,31,19,8,4,27,9,14,4
117,3,0.434782608695652,0.260869565217391,0.304347826086957,0.158086573922653,0.441304722896778,0.220652361448389,0.355624501738387,0.119375310726268,0.525000187535345,0.10379456383591,0.280708335019705,0.140354167509853,0.542181970320051,0.120515397707539,0.33730263197241,0.149410848828371,0.40969306849463,0.204846534247315,0.377235010665272,0.113570629000456,0.509194360334272,0.163199402093023,0.432971014492754,0.216485507246377,0.395833333333333,0.0833333333333333,0.520833333333333,0.144858834889674,0.399502340421931,0.199751170210966,0.374286276603694,0.121614727098384,0.504098996297922,21,3,1,17,27,16,3,8
117,4,0.434782608695652,0.260869565217391,0.304347826086957,0.156267355650797,0.423555511213523,0.211777755606761,0.274195775393358,0.209678642912924,0.516125581693718,0.156271146314797,0.423565075360481,0.21178253768024,0.274191026272343,0.20967860996046,0.516130363767197,0.145676237266288,0.391393131939691,0.195696565969845,0.281171527118808,0.21878408082439,0.500044392056802,0.156269810878586,0.423562412342216,0.211781206171108,0.274193548387097,0.209677419354839,0.516129032258065,0.156266953195239,0.423563554044093,0.211781777022047,0.274207168596244,0.209663228294753,0.516129603109003,31,8,5,18,31,9,8,14
117,5,0.434782608695652,0.260869565217391,0.304347826086957,0.116106447593912,0.32452018011036,0.16226009005518,0.331862470947274,0.201529612910589,0.466607916142136,0.0876275664599655,0.247713041010224,0.123856520505112,0.369310713047263,0.202484940360668,0.428204346592069,0.110593641209535,0.303728024745978,0.151864012372989,0.326455826333706,0.217332335206349,0.456211838459946,0.1159661810593,0.32463768115942,0.16231884057971,0.333333333333333,0.2,0.466666666666667,0.115810089613446,0.323736383728487,0.161868191864243,0.332238754982333,0.201545227066467,0.4662160179512,31,14,6,11,29,6,6,17
118,1,0.391304347826087,0.304347826086957,0.304347826086957,0.0757885335023338,0.204130209865115,0.102065104932558,0.368607082229382,0.224979986751104,0.406412931019514,0.190257403236262,0.528191792694568,0.264095896347284,0.214682445613099,0.21687383195266,0.568443722434241,0.0789619452277426,0.212557221326194,0.106278610663097,0.367848807044624,0.221524756205322,0.410626436750053,0.0931857764901401,0.233409610983982,0.116704805491991,0.385964912280702,0.192982456140351,0.421052631578947,0.0770491896194739,0.208799069429707,0.104399534714853,0.366130850929418,0.225121788268772,0.40874736080181,29,5,6,18,28,17,5,6
118,2,0.391304347826087,0.304347826086957,0.304347826086957,0.0419085096755143,0.106503901217459,0.0532519506087294,0.387209619537991,0.255190603766324,0.357599776695686,0.160888571200529,0.399090023091764,0.199545011545882,0.196853228893748,0.503892837632839,0.299253933473413,0.0297361938418957,0.0813400661833205,0.0406700330916602,0.380233409353473,0.274748731467911,0.345017859178617,0.0104931850306343,0.0296022201665125,0.0148011100832562,0.382978723404255,0.319148936170213,0.297872340425532,0.0384260787140146,0.105123601272757,0.0525618006363785,0.376972845961362,0.266117527315303,0.356909626723335,25,4,14,7,22,14,1,7
118,3,0.391304347826087,0.304347826086957,0.304347826086957,0.143445077518256,0.403833071686736,0.201916535843368,0.593220883669455,0.186447899123491,0.220331217207054,0.142584447041614,0.401271097969398,0.200635548984699,0.591939896810786,0.186579573952126,0.221480529237088,0.13014886287025,0.367589714387789,0.183794857193895,0.575099205019982,0.203925280984324,0.220975513995695,0.143445284308638,0.403831982313928,0.201915991156964,0.593220338983051,0.186440677966102,0.220338983050847,0.143444958112923,0.403831557871993,0.201915778935996,0.593220126762083,0.186443029097824,0.220336844140092,33,17,6,10,26,18,5,3
118,4,0.391304347826087,0.304347826086957,0.304347826086957,0.119890006060631,0.338395279125457,0.169197639562729,0.316168054379062,0.210286479971253,0.473545465649685,0.0883463065392556,0.249107109326509,0.124553554663255,0.462090757009499,0.179794271423702,0.358114971566798,0.102327738091515,0.28511814815673,0.142559074078365,0.341568528498293,0.211524571336385,0.446906900165321,0.109627559608402,0.289263531499556,0.144631765749778,0.36734693877551,0.183673469387755,0.448979591836735,0.104481630703628,0.288970075258067,0.144485037629034,0.345851232844737,0.205315903439273,0.44883286371599,31,16,5,10,18,2,4,12
118,5,0.391304347826087,0.304347826086957,0.304347826086957,0.110768825646491,0.306432967039046,0.153216483519523,0.54452083134561,0.199488372210048,0.255990796444342,0.0282248755143618,0.0797833411210725,0.0398916705605362,0.431196018386623,0.283195192721231,0.285608788892146,0.104474180398018,0.286449068759808,0.143224534379904,0.534528882205991,0.201313733385089,0.26415738440892,0.114158977089219,0.319432120674357,0.159716060337178,0.551020408163265,0.204081632653061,0.244897959183673,0.111883041638388,0.309502120561953,0.154751060280977,0.546055408107064,0.198410004094779,0.255534587798158,25,18,2,5,24,9,8,7
119,1,0.347826086956522,0.347826086956522,0.304347826086957,0.116649718008144,0.287483890384153,0.143741945192076,0.204084141764445,0.48980001927159,0.306115838963965,0.116649628318801,0.287486105404106,0.143743052702053,0.204083034254469,0.489798645969648,0.306118319775883,0.111350224632172,0.27666750368207,0.138333751841035,0.209492335115487,0.482155364725343,0.30835230015917,0.116649118385337,0.287488908606921,0.143744454303461,0.204081632653061,0.489795918367347,0.306122448979592,0.116651300280133,0.287491295747761,0.14374564787388,0.204080439082641,0.489800125744257,0.306119435173102,23,7,11,5,26,3,13,10
119,2,0.347826086956522,0.347826086956522,0.304347826086957,0.0195139545806058,0.050119701448034,0.025059850724017,0.370365734908513,0.350346289728548,0.27928797536294,0.112936630948539,0.286979963919808,0.143489981959904,0.336826406271848,0.215335785681291,0.44783780804686,0.0140212137139205,0.0395436707289803,0.0197718353644901,0.367597922321012,0.336637270292479,0.295764807386509,0.0110677583142242,0.0313043478260869,0.0156521739130435,0.34,0.34,0.32,0.0146904023683824,0.041507308769705,0.0207536543848525,0.368579741341374,0.33662691259104,0.294793346067586,28,9,5,14,22,8,12,2
119,3,0.347826086956522,0.347826086956522,0.304347826086957,0.213891393605915,0.578098243638422,0.289049121819211,0.636875208775733,0.12608594297149,0.237038848252777,0.148950970572963,0.417119715356054,0.208559857678027,0.477731721169873,0.139266229278495,0.383002049551632,0.199722294116353,0.532949632928659,0.26647481646433,0.614300903420851,0.133490766954851,0.252208329624298,0.215332643712037,0.554347826086957,0.277173913043478,0.625,0.1,0.275,0.202703690044427,0.539938596946267,0.269969298473134,0.617795385429655,0.129351244595949,0.252853369974396,17,15,1,1,23,10,3,10
119,4,0.347826086956522,0.347826086956522,0.304347826086957,0.0896180962938815,0.245525088683955,0.122762544341978,0.313723433794238,0.470588631298499,0.215687934907262,0.0896196245039627,0.24552851212428,0.12276425606214,0.313724331347376,0.470590343018662,0.215685325633962,0.0811540469552077,0.222162129571565,0.111081064785782,0.317279889728917,0.458907151742304,0.223812958528779,0.0896182021911999,0.245524296675192,0.122762148337596,0.313725490196078,0.470588235294118,0.215686274509804,0.0896179493771369,0.245523254269162,0.122761627134581,0.313726264084168,0.470587714091103,0.215686021824729,32,11,16,5,19,5,8,6
119,5,0.347826086956522,0.347826086956522,0.304347826086957,0.171203104465005,0.478334595251682,0.239167297625841,0.260876887387423,0.195607988899779,0.543515123712798,0.171168278550691,0.478247003039869,0.239123501519935,0.260865450267163,0.195663222125946,0.543471327606891,0.16168304297444,0.449353110452421,0.224676555226211,0.272263395361515,0.198712223325318,0.529024381313167,0.171174084217648,0.478260869565217,0.239130434782609,0.260869565217391,0.195652173913043,0.543478260869565,0.171162106981803,0.478230948805744,0.239115474402872,0.260865017153643,0.195671682356528,0.543463300489828,24,5,7,12,22,7,2,13
120,1,0.304347826086957,0.391304347826087,0.304347826086957,0.128426022960612,0.351584714187997,0.175792357093999,0.480140183180955,0.263877795504971,0.255982021314074,0.143662166492228,0.394266511660071,0.197133255830036,0.445483065751103,0.194171091996051,0.360345842252846,0.126002955261626,0.34259005728905,0.171295028644525,0.475642854731482,0.263128878306703,0.261228266961816,0.123924774625899,0.327474560592044,0.163737280296022,0.468085106382979,0.25531914893617,0.276595744680851,0.12820288812854,0.346569478360883,0.173284739180441,0.477632565267398,0.25847464055417,0.263892794178432,21,11,8,2,26,11,4,11
120,2,0.304347826086957,0.391304347826087,0.304347826086957,0.130312010072892,0.35809571359121,0.179047856795605,0.356079841506827,0.212256491030482,0.431663667462691,0.0703918011948308,0.196661841269819,0.0983309206349093,0.340067802088209,0.292973427191178,0.366958770720614,0.132136773863215,0.364755515430667,0.182377757715333,0.360266949792182,0.208926590110754,0.430806460097065,0.128088122977023,0.349275362318841,0.17463768115942,0.35,0.216666666666667,0.433333333333333,0.132762115316546,0.364650776195269,0.182325388097635,0.356693532407836,0.208978959728452,0.434327507863712,32,12,3,17,28,9,10,9
120,3,0.304347826086957,0.391304347826087,0.304347826086957,0.0709638237131964,0.1738509555797,0.0869254777898498,0.217422348297107,0.478204022584988,0.304373629117905,0.0709991559940779,0.173912464495918,0.0869562322479588,0.217392353986143,0.478260580074046,0.304347065939812,0.0591732110402074,0.1468735700788,0.0734367850393998,0.232880587406253,0.464741132865487,0.30237827972826,0.0709997026893675,0.173913043478261,0.0869565217391305,0.217391304347826,0.478260869565217,0.304347826086957,0.0710006347164193,0.173920597404768,0.086960298702384,0.217392798560021,0.478264646528471,0.304342554911508,24,6,13,5,22,4,9,9
120,4,0.304347826086957,0.391304347826087,0.304347826086957,0.107661179368536,0.289783601484588,0.144891800742294,0.449239626829251,0.278347104934881,0.272413268235868,0.00673899376893197,0.0173477089608887,0.00867385448044433,0.303430583315455,0.399978202306531,0.296591214378013,0.0896618216609048,0.241289370750173,0.120644685375086,0.424992511462043,0.297180994600578,0.277826493937379,0.094054582861099,0.262272089761571,0.131136044880785,0.435483870967742,0.306451612903226,0.258064516129032,0.0896450281664551,0.241219163866346,0.120609581933173,0.424957408020129,0.297171415144713,0.277871176835157,37,10,16,11,25,17,3,5
120,5,0.304347826086957,0.391304347826087,0.304347826086957,0.12760518357312,0.339447387205929,0.169723693602964,0.442313582202346,0.423062285313662,0.134624132483992,0.127607923884549,0.339462955702079,0.16973147785104,0.442308691220667,0.423074960543417,0.134616348235917,0.113411311277358,0.295647230836831,0.147823615418415,0.432151398769543,0.411324390561916,0.156524210668541,0.127608154015347,0.339464882943144,0.169732441471572,0.442307692307692,0.423076923076923,0.134615384615385,0.127607971359398,0.339463986124677,0.169731993062338,0.442307884715558,0.423076282259824,0.134615833024618,19,10,6,3,33,13,16,4
121,1,0.260869565217391,0.434782608695652,0.304347826086957,0.0230347002261747,0.0579678166706366,0.0289839083353182,0.259255728729424,0.407412536848301,0.333331734422275,0.0230377123459671,0.0579706357137997,0.0289853178568999,0.259260725472481,0.407406130583662,0.333333143943856,0.0259809330495399,0.0700450405773604,0.0350225202886802,0.268758942611523,0.399760088406972,0.331480968981505,0.0230373201651905,0.0579710144927536,0.0289855072463768,0.259259259259259,0.407407407407407,0.333333333333333,0.0230486478338754,0.0580075512119492,0.0290037756059746,0.259249680399333,0.407398717907736,0.333351601692931,23,6,11,6,31,8,11,12
121,2,0.260869565217391,0.434782608695652,0.304347826086957,0.0930230662683023,0.251559082327267,0.125779541163634,0.357144460562114,0.464287254514563,0.178568284923323,0.0930200486233431,0.251548238999613,0.125774119499807,0.357144456835655,0.464281836577195,0.17857370658715,0.0868531605922712,0.227574259664609,0.113787129832304,0.357820265212016,0.451619038533332,0.190560696254652,0.0930209333960345,0.251552795031056,0.125776397515528,0.357142857142857,0.464285714285714,0.178571428571429,0.0930243053289496,0.251558335243107,0.125779167621554,0.357150507449507,0.46428083408509,0.178568658465403,31,12,12,7,25,8,14,3
121,3,0.260869565217391,0.434782608695652,0.304347826086957,0.144572996299859,0.37078613264127,0.185393066320635,0.0754764988967562,0.452819346056269,0.471704155046975,0.144571767458577,0.370789706248814,0.185394853124407,0.0754747120929845,0.452827136818612,0.471698151088404,0.128036858642256,0.319834110095006,0.159917055047503,0.100952510169889,0.441188043931138,0.457859445898973,0.144573168176059,0.370795734208368,0.185397867104184,0.0754716981132075,0.452830188679245,0.471698113207547,0.144572987052142,0.370795189391026,0.185397594695513,0.0754719705218782,0.452830071235471,0.471697958242651,25,2,12,11,28,2,12,14
121,4,0.260869565217391,0.434782608695652,0.304347826086957,0.116241414771857,0.328705198539443,0.164352599269721,0.34000167412084,0.520003099061925,0.139995226817235,0.109616553816551,0.309857949143053,0.154928974571526,0.342964704140511,0.507616444344059,0.14941885151543,0.112162710650969,0.316823631091547,0.158411815545773,0.347145339500929,0.506918649957888,0.145936010541183,0.11623802795573,0.328695652173913,0.164347826086957,0.34,0.52,0.14,0.116238809590402,0.328697888325321,0.16434894416266,0.340001062281654,0.52000005579405,0.139998881924296,29,10,13,6,21,7,13,1
121,5,0.260869565217391,0.434782608695652,0.304347826086957,0.146604869673171,0.376262870172737,0.188131435086368,0.44900100030376,0.265255615871111,0.285743383825129,0.146575764566853,0.376213727582619,0.188106863791309,0.448976429008701,0.265306779705469,0.28571679128583,0.139238546638349,0.353586746042469,0.176793373021235,0.437662938238626,0.271291736346381,0.291045325414993,0.146577477046633,0.376220053238687,0.188110026619343,0.448979591836735,0.26530612244898,0.285714285714286,0.146575677602503,0.376212578132652,0.188106289066326,0.448975854283717,0.265306245541025,0.285717900175258,32,15,7,10,17,7,6,4
122,1,0.217391304347826,0.478260869565217,0.304347826086957,0.102354088100214,0.2715245257864,0.1357622628932,0.192995745299754,0.614023132458417,0.192981122241828,0.10235793729301,0.271541989946723,0.135770994973361,0.192984522151241,0.614031864538579,0.19298361331018,0.0852326267343178,0.217841138414721,0.108920569207361,0.207642687043697,0.587181438772578,0.205175874183725,0.102359946283547,0.271548436308162,0.135774218154081,0.192982456140351,0.614035087719298,0.192982456140351,0.10235954990748,0.271547158543646,0.135773579271823,0.192982872140424,0.614034448837041,0.192982679022536,32,6,21,5,25,5,14,6
122,2,0.217391304347826,0.478260869565217,0.304347826086957,0.113362155482447,0.296849563243894,0.148424781621947,0.0689665227258788,0.499994401834892,0.431039075439229,0.113203336790564,0.296670482343122,0.148335241171561,0.0690560631762652,0.500275011257372,0.430668925566363,0.0995932353998259,0.252435379454275,0.126217689727137,0.0911736146206886,0.487239871402358,0.421586513976953,0.113361241243606,0.296851574212893,0.148425787106447,0.0689655172413793,0.5,0.431034482758621,0.113353693681745,0.296838352534277,0.148419176267138,0.0689721280806877,0.500007128657633,0.431020743261679,35,3,20,12,23,1,9,13
122,3,0.217391304347826,0.478260869565217,0.304347826086957,0.0142699516690451,0.0390198971854079,0.019509948592704,0.23690125294053,0.464037258968174,0.299061488091296,0.0982875257398504,0.246486166936538,0.123243083468269,0.211438545221339,0.360970545223435,0.427590909555226,0.020793238200412,0.0543112149667289,0.0271556074833644,0.240739874126298,0.451105262081853,0.308154863791849,0.0190490324868804,0.0474308300395257,0.0237154150197629,0.218181818181818,0.454545454545455,0.327272727272727,0.0178121309754509,0.048817843558643,0.0244089217793215,0.234986629547423,0.453851947785896,0.311161422666681,24,6,15,3,31,6,10,15
122,4,0.217391304347826,0.478260869565217,0.304347826086957,0.0940176759092442,0.259189831239431,0.129594915619716,0.346986219967542,0.387717471119939,0.265296308912519,0.0939814530861782,0.259092230843653,0.129546115421826,0.346937419769652,0.387756055780915,0.265306524449432,0.0985424618655707,0.26732891985283,0.133664459926415,0.351055764274241,0.377277734779062,0.271666500946697,0.0939824378322952,0.259094942324756,0.129547471162378,0.346938775510204,0.387755102040816,0.26530612244898,0.0939843392487843,0.2590995364801,0.12954976824005,0.346941072587876,0.387752210017598,0.265306717394526,23,9,6,8,26,8,13,5
122,5,0.217391304347826,0.478260869565217,0.304347826086957,0.14079077496703,0.345847197065908,0.172923598532954,0.0454535711786679,0.477275004201421,0.477271424619911,0.149977015971919,0.401534518895703,0.200767259447852,0.0577705356812466,0.437114378783945,0.505115085534808,0.136467723420273,0.341103835128883,0.170551917564441,0.0538900819700936,0.471210174378509,0.474899743651398,0.140790917005827,0.345849802371542,0.172924901185771,0.0454545454545455,0.477272727272727,0.477272727272727,0.140791336149155,0.345851321707693,0.172925660853846,0.0454542826951782,0.477272230364019,0.477273486940803,21,0,12,9,23,2,9,12
123,1,0.173913043478261,0.521739130434783,0.304347826086957,0.198941583006763,0.489249382098067,0.244624691049034,0.418537734527294,0.279070228916298,0.302392036556407,0.198966278970306,0.489378936133456,0.244689468066728,0.418602511544989,0.279075368754705,0.302322119700306,0.193735236693382,0.478026676268536,0.239013338134268,0.412926381612529,0.286239008748991,0.30083460963848,0.198969421503425,0.48938321536906,0.24469160768453,0.418604651162791,0.27906976744186,0.302325581395349,0.198969488827942,0.489384459995375,0.244692229997688,0.418605273475948,0.279070238453575,0.302324488070477,19,7,4,8,24,11,8,5
123,2,0.173913043478261,0.521739130434783,0.304347826086957,0.0365168776895061,0.0897406223947281,0.0448703111973641,0.129337090376456,0.566609441632147,0.304053467991398,0.253138818468677,0.70470963471877,0.352354817359385,0.0525394132842041,0.290757943269454,0.656702643446341,0.0794668381565498,0.213043299747132,0.106521649873566,0.0673913936046951,0.543978654124535,0.38862995227077,0.111528950701624,0.27765064836003,0.138825324180015,0.0350877192982456,0.526315789473684,0.43859649122807,0.0371432307273779,0.0921365233273423,0.0460682616636712,0.12784478181459,0.522916549854183,0.349238668331228,23,1,21,1,34,1,9,24
123,3,0.173913043478261,0.521739130434783,0.304347826086957,0.0477349119625827,0.130018655909594,0.0650093279547969,0.125651692372455,0.586748458389579,0.287599849237966,0.080781431491578,0.228340951884704,0.114170475942352,0.120332991388799,0.461148706581892,0.418518302029309,0.0368833909329843,0.102653280394962,0.0513266401974809,0.140202438458395,0.573065770632263,0.286731790909341,0.0569399198356297,0.142697881828317,0.0713489409141583,0.102564102564103,0.58974358974359,0.307692307692308,0.0463542641136854,0.12513904746761,0.0625695237338051,0.125691111627103,0.584308654168588,0.290000234204309,20,2,8,10,19,2,15,2
123,4,0.173913043478261,0.521739130434783,0.304347826086957,0.130616720340625,0.362658151395681,0.181329075697841,0.234066662318788,0.340410054736942,0.42552328294427,0.130605565572702,0.36262185692314,0.18131092846157,0.234048333182174,0.340428201973213,0.425523464844613,0.125228597115815,0.350255243034815,0.175127621517408,0.238650565891408,0.346611508917375,0.414737925191217,0.130608527448103,0.362627197039778,0.181313598519889,0.234042553191489,0.340425531914894,0.425531914893617,0.130592955068257,0.362580801279044,0.181290400639522,0.234027556823096,0.340448729795261,0.425523713381643,22,3,7,12,25,8,9,8
123,5,0.173913043478261,0.521739130434783,0.304347826086957,0.0333334843860312,0.0928864253870529,0.0464432126935265,0.220356256171787,0.491520898615795,0.288122845212417,0.0333220058427768,0.0928510572142263,0.0464255286071132,0.220338572085374,0.491523735893832,0.288137692020794,0.0433334805867482,0.117528920323003,0.0587644601615018,0.232677503639763,0.477299029452454,0.290023466907783,0.0333220269123054,0.0928518791451731,0.0464259395725866,0.220338983050847,0.491525423728814,0.288135593220339,0.0333162932810637,0.0928292155672253,0.0464146077836126,0.220327651261874,0.491515685495019,0.288156663243107,28,6,12,10,31,7,17,7
124,1,0.130434782608696,0.565217391304348,0.304347826086957,0.0369663950467074,0.101701876871445,0.0508509384357227,0.166367777190724,0.580135335158043,0.253496887651234,0.121256502590777,0.34139415891845,0.170697079459225,0.301131862067921,0.465670632359325,0.233197505572754,0.0379775198229304,0.101681975938551,0.0508409879692753,0.170849724718643,0.575643437163676,0.253506838117681,0.0579310784781642,0.14967925873129,0.0748396293656451,0.19672131147541,0.573770491803279,0.229508196721311,0.038080929444534,0.102038031803278,0.0510190159016392,0.170878506084965,0.575792683729718,0.253328810185317,29,1,21,7,32,11,14,7
124,2,0.130434782608696,0.565217391304348,0.304347826086957,0.0826821180902041,0.223085240199237,0.111542620099618,0.241977402708314,0.539829989887363,0.218192607404323,0.13849337515237,0.369207763886088,0.184603881943044,0.31503866455174,0.529587114507363,0.155374220940897,0.0870593336949431,0.237992017445013,0.118996008722506,0.249430791331202,0.53308640735446,0.217482801314338,0.091455635818413,0.249768732654949,0.124884366327475,0.25531914893617,0.531914893617021,0.212765957446809,0.0885192817027784,0.23831777075153,0.119158885375765,0.24959366798446,0.538869934364653,0.211536397650886,27,10,14,3,20,2,11,7
124,3,0.130434782608696,0.565217391304348,0.304347826086957,0.142802913380014,0.390896138595239,0.195448069297619,0.0767453623059233,0.760665460601967,0.16258917709211,0.250801511552977,0.684077779529276,0.342038889764638,0.0407119902547401,0.907256281068986,0.0520317286762741,0.127352017825064,0.36019850972784,0.18009925486392,0.0393859233374452,0.745316646168268,0.215297430494287,0.102355767366584,0.273820536540241,0.13691026827012,0.0212765957446809,0.702127659574468,0.276595744680851,0.122408820789736,0.338308422611434,0.169154211305717,0.0777327253300151,0.734371602610065,0.18789567205992,19,1,18,0,28,0,15,13
124,4,0.130434782608696,0.565217391304348,0.304347826086957,0.0539729848225249,0.152584963696992,0.0762924818484959,0.0943422081681914,0.641509873152844,0.264147918678965,0.053969978708782,0.152576491070276,0.076288245535138,0.0943438518967925,0.641505636839486,0.264150511263722,0.0376236689943779,0.105954063323418,0.0529770316617091,0.108234190533399,0.618194422966057,0.273571386500544,0.0539726033095385,0.152584085315833,0.0762920426579163,0.0943396226415094,0.641509433962264,0.264150943396226,0.0539827956290531,0.152612304097862,0.076306152048931,0.0943412467043169,0.641523543353279,0.264135209942404,26,1,17,8,27,4,17,6
124,5,0.130434782608696,0.565217391304348,0.304347826086957,0.177234764943169,0.46970514887646,0.23485257443823,0.088846771124808,0.800069965742578,0.111083263132614,0.177190546347926,0.469565335980259,0.23478266799013,0.0888890726218244,0.800000059294477,0.111110868083698,0.146478706576332,0.371235710939618,0.185617855469809,0.117272110394717,0.750835246774157,0.131892642831126,0.177190446173573,0.469565217391304,0.234782608695652,0.0888888888888889,0.8,0.111111111111111,0.177189373693028,0.46956316922192,0.23478158461096,0.088888020195267,0.799998975915308,0.111113003889425,28,2,22,4,17,2,14,1
125,1,0.0869565217391304,0.608695652173913,0.304347826086957,0.0623702511753363,0.166819525338089,0.0834097626690447,0.0204085132638466,0.591833897980152,0.387757588756001,0.0623702324283973,0.166821906948192,0.0834109534740962,0.0204109872291004,0.591830233209847,0.387758779561053,0.0616455455177653,0.173219911194611,0.0866099555973054,0.0350319954111816,0.574010222904556,0.390957781684262,0.0623690115260311,0.16681455190772,0.0834072759538598,0.0204081632653061,0.591836734693878,0.387755102040816,0.0623693241565211,0.166815723511814,0.0834078617559068,0.0204081681149658,0.591836144042171,0.387755687842863,16,1,8,7,33,0,21,12
125,2,0.0869565217391304,0.608695652173913,0.304347826086957,0.106498141861068,0.260866534580032,0.130433267290016,0.0869560932721955,0.478262813350832,0.434781093376973,0.106501275790029,0.260874066633472,0.130437033316736,0.0869568057320683,0.478258618857177,0.434784575410755,0.109387425496993,0.28587677612904,0.14293838806452,0.10719217013547,0.465757264109393,0.427050565755137,0.106499554034051,0.260869565217391,0.130434782608696,0.0869565217391304,0.478260869565217,0.434782608695652,0.106505183724146,0.260895707869553,0.130447853934776,0.0869441680776345,0.478260151900633,0.434795680021733,24,1,12,11,22,3,10,9
125,3,0.0869565217391304,0.608695652173913,0.304347826086957,0.0869756234342436,0.240349278082054,0.120174639041027,0.169752445492009,0.646074367462061,0.18417318704593,0.119714588556991,0.315002746623789,0.157501373311894,0.244457895051025,0.476164280102986,0.279377824845989,0.0840714182120211,0.224934707775713,0.112467353887857,0.176586692097316,0.631532835703584,0.1918804721991,0.0826386996645444,0.227743271221532,0.113871635610766,0.166666666666667,0.642857142857143,0.19047619047619,0.0841859496707747,0.22625607676901,0.113128038384505,0.175652244611873,0.633127967685675,0.191219787702452,23,6,10,7,19,1,17,1
125,4,0.0869565217391304,0.608695652173913,0.304347826086957,0.0682117907322087,0.17390985303094,0.0869549265154699,1.59522366057252e-06,0.616001259543971,0.383997145232368,0.154031891549467,0.432890754334077,0.216445377167038,8.13400205879681e-07,0.479205983345799,0.520793203253995,0.0719566596179809,0.17852016755476,0.0892600837773798,4.86151999030893e-06,0.606387228615673,0.393607909864336,0.0730920390948943,0.183757178014766,0.0918785890073831,0,0.60377358490566,0.39622641509434,0.0724005635315226,0.180593118309434,0.090296559154717,3.20714041241627e-06,0.605352407617914,0.394644385241674,29,0,13,16,24,0,19,5
125,5,0.0869565217391304,0.608695652173913,0.304347826086957,0.0959304721084103,0.262852869474206,0.131426434737103,0.181812532515902,0.47726921743681,0.340918250047288,0.0959247021638971,0.262831409619185,0.131415704809593,0.181814968046917,0.477279947364321,0.340905084588762,0.107676444005746,0.292126604147395,0.146063302073698,0.197277028096029,0.462632350100215,0.340090621803755,0.0959295676141798,0.262845849802372,0.131422924901186,0.181818181818182,0.477272727272727,0.340909090909091,0.095916369901028,0.262809249451445,0.131404624725722,0.181805763151298,0.477291027448191,0.340903209400511,23,3,11,9,21,5,10,6
126,1,0.0434782608695652,0.652173913043478,0.304347826086957,0.00760931382206429,0.0194516559793297,0.00972582798966481,0.0443526052334928,0.642448085053813,0.313199309712694,0.0795631859103384,0.211152475785439,0.10557623789272,0.0625663156821658,0.738662096123597,0.198771588194237,0.0105974948639703,0.0294782111555713,0.0147391055777857,0.0484963415316867,0.637434807465693,0.314068851002621,0.0116231522642107,0.0313043478260869,0.0156521739130435,0.04,0.64,0.32,0.00760943140864685,0.0194520463894181,0.00972602319470905,0.0443527233376826,0.642447889848769,0.313199386813548,25,0,13,12,25,2,19,4
126,2,0.0434782608695652,0.652173913043478,0.304347826086957,0.0693154480807318,0.1956515509372,0.0978257754685998,7.84463223295163e-09,0.749999688512078,0.25000030364329,0.0693153298262808,0.195651226346157,0.0978256131730787,1.76392231665736e-08,0.749999526216557,0.25000045614422,0.0571088709860758,0.161366382114346,0.0806831910571727,5.89409730676341e-06,0.732857104100651,0.267137001802042,0.0693156756148876,0.195652173913043,0.0978260869565217,0,0.75,0.25,0.0693157015015371,0.195652203575219,0.0978261017876095,2.87597605071947e-07,0.750000014831088,0.249999697571307,33,0,25,8,23,0,17,6
126,3,0.0434782608695652,0.652173913043478,0.304347826086957,0.113910175745625,0.295658788397883,0.147829394198942,0.0249995165956666,0.80000330724242,0.174997176161913,0.113902992835792,0.295639382118993,0.147819691059496,0.0250016352240352,0.799993604102975,0.17500476067299,0.0852152659652584,0.209859798760002,0.104929899380001,0.0423431221316009,0.757103812423479,0.20055306544492,0.113907650054862,0.295652173913044,0.147826086956522,0.025,0.8,0.175,0.113906671010977,0.295649180045684,0.147824590022842,0.0250007247160879,0.79999850306632,0.175000772217592,20,1,15,4,20,0,17,3
126,4,0.0434782608695652,0.652173913043478,0.304347826086957,0.126074000097514,0.309607636263626,0.154803818131813,0.0442719871496802,0.806184004895176,0.149544007955144,0.026066698660841,0.073520268776134,0.036760134388067,0.0594648873517626,0.672947420949348,0.26758769169889,0.126167132866802,0.30908977263365,0.154544886316825,0.0434335763781869,0.806718799360303,0.14984762426151,0.123146875101177,0.309687261632342,0.154843630816171,0.0350877192982456,0.807017543859649,0.157894736842105,0.124792832018384,0.30676568210063,0.153382841050315,0.0445710409423084,0.80446397402105,0.150964985036641,29,2,19,8,28,0,27,1
126,5,0.0434782608695652,0.652173913043478,0.304347826086957,0.00554543633140732,0.0156527977478781,0.0078263988739391,0.039999119790472,0.660000311917417,0.300000568292111,0.0213121613013665,0.0590911689830476,0.0295455844915238,0.0530929374910058,0.622628328551954,0.32427873395704,0.00826391913502463,0.0228095476108311,0.0114047738054155,0.0469700166314401,0.640769139238063,0.312260844130497,0.00554525404919103,0.0156521739130435,0.00782608695652176,0.04,0.66,0.3,0.00554382604947154,0.0156482902462772,0.00782414512313856,0.0399998652836921,0.659998058166617,0.300002076549691,26,0,19,7,24,2,14,8
127,1,0.608695652173913,0.0434782608695652,0.347826086956522,0.195559596662472,0.494765704961174,0.247382852480587,0.839469415865857,0.0600873496582082,0.100443234475935,0.244811273950614,0.615843708926061,0.307921854463031,0.899722032521887,0.0603737349846214,0.0399042324934912,0.198102531672792,0.489348170155708,0.244674085077854,0.849218411494694,0.0476295866266377,0.103152001878668,0.176169596326165,0.436454849498328,0.218227424749164,0.826923076923077,0.0384615384615385,0.134615384615385,0.193468269084764,0.48941683657066,0.24470841828533,0.837037121066045,0.0598452102627636,0.103117668671192,25,23,2,0,27,20,0,7
127,2,0.608695652173913,0.0434782608695652,0.347826086956522,0.0859733662362642,0.22259571733603,0.111297858668015,0.706732310214802,0.0567394614966917,0.236528228288507,0.0411441370828902,0.109778904815441,0.0548894524077206,0.619418505419611,0.0876448600315878,0.292936634548801,0.0736314005012098,0.193986387032296,0.096993193516148,0.690004061108529,0.0591630454510978,0.250832893440374,0.0863021362990197,0.225063938618926,0.112531969309463,0.705882352941177,0.0588235294117647,0.235294117647059,0.0849157725478678,0.220174568456118,0.110087284228059,0.705291972054481,0.0569692252170566,0.237738802728463,24,20,0,4,27,16,3,8
127,3,0.608695652173913,0.0434782608695652,0.347826086956522,0.0358532270206439,0.088662882432271,0.0443314412161354,0.60784244717208,2.46552628448856e-08,0.392157528172657,0.0358526571101983,0.0886604674229781,0.044330233711489,0.607843496564925,1.82767064143884e-07,0.392156320668011,0.0391893680393015,0.103013697286397,0.0515068486431984,0.600662082764663,4.98163561634643e-06,0.39933293559972,0.0358529572557417,0.0886615515771527,0.0443307757885763,0.607843137254902,0,0.392156862745098,0.0358526704270178,0.088660783633189,0.0443303918165945,0.607843204473272,3.16753611901612e-07,0.392156478773116,24,13,0,11,27,18,0,9
127,4,0.608695652173913,0.0434782608695652,0.347826086956522,0.0668779793062734,0.184521684164645,0.0922608420823224,0.672852413327007,0.0715823417987934,0.255565244874199,0.094218073544117,0.259324127697001,0.1296620638485,0.570442430025065,0.173140324718066,0.256417245256869,0.0696188527335306,0.188717454156155,0.0943587270780776,0.680216337617343,0.0663163025042133,0.253467359878444,0.0831496691573408,0.234113712374582,0.117056856187291,0.676923076923077,0.0923076923076923,0.230769230769231,0.0696520594365455,0.188804918123858,0.094402459061929,0.680253520798228,0.0663228513071792,0.253423627894593,36,28,0,8,29,16,6,7
127,5,0.608695652173913,0.0434782608695652,0.347826086956522,0.132421316134589,0.325016548319334,0.162508274159667,0.77120392633358,0.0428243909881738,0.185971682678246,0.0571542263414588,0.156102690235577,0.0780513451177883,0.665911954931181,0.0643133032300859,0.269774741838733,0.120627349134182,0.302201067292709,0.151100533646354,0.752823667484118,0.0504507792057141,0.196725553310167,0.131651514340069,0.324275362318841,0.16213768115942,0.770833333333333,0.0416666666666667,0.1875,0.13099269207955,0.321057337155988,0.160528668577994,0.769224320751907,0.0432860065510816,0.187489672697011,25,16,2,7,23,21,0,2
128,1,0.565217391304348,0.0869565217391304,0.347826086956522,0.0189414036497503,0.0506743028888334,0.0253371514444167,0.545019756819839,0.0818170047792229,0.373163238400938,0.0496923418742107,0.135612595129618,0.0678062975648089,0.515322908327149,0.154762819303939,0.329914272368912,0.0223284960344479,0.0617701774756548,0.0308850887378274,0.544080457329609,0.0772083669760418,0.378711175694349,0.0192247094325312,0.0535117056856187,0.0267558528428093,0.538461538461538,0.0961538461538462,0.365384615384615,0.0189440254613143,0.0506820662225364,0.0253410331112683,0.545017719307458,0.081815160624752,0.37316712006779,26,15,0,11,26,13,5,8
128,2,0.565217391304348,0.0869565217391304,0.347826086956522,0.11540413941941,0.286232782476684,0.143116391238342,0.70833378254269,0.0833354073929086,0.208330810064402,0.115406034441732,0.286227500202113,0.143113750101057,0.708331141405404,0.0833457288225907,0.208323129772005,0.100677087604085,0.262580032128395,0.131290016064197,0.678569974354026,0.10489395475365,0.216536070892324,0.11540295875821,0.286231884057971,0.143115942028986,0.708333333333333,0.0833333333333333,0.208333333333333,0.115423443440526,0.286294497818757,0.143147248909379,0.708364640213726,0.0833204111538765,0.208314948632397,24,18,3,3,24,16,1,7
128,3,0.565217391304348,0.0869565217391304,0.347826086956522,0.166076301406099,0.454349408860854,0.227174704430427,0.399999165735053,0.0250000428779981,0.575000791386949,0.166073642686528,0.454342949827814,0.227171474913907,0.400002951250497,0.0249994868790742,0.574997561870429,0.155649350011086,0.417993148011726,0.208996574005863,0.400882624803796,0.0422947142338187,0.556822660962385,0.166075669242378,0.454347826086956,0.227173913043478,0.4,0.025,0.575,0.166076915961033,0.454350419661275,0.227175209830638,0.3999976156861,0.0250010875267408,0.575001296787159,25,9,1,15,15,7,0,8
128,4,0.565217391304348,0.0869565217391304,0.347826086956522,0.12120605759624,0.342810272720262,0.171405136360131,0.480768624965923,1.51717423867642e-07,0.519231223316653,0.121195750237608,0.342780972617687,0.171390486308843,0.480783383892644,4.28419908144344e-08,0.519216573265365,0.120495086949574,0.340787420650244,0.170393710325122,0.481777402587135,2.80013122085954e-06,0.518219797281644,0.121205739132915,0.342809364548495,0.171404682274248,0.480769230769231,0,0.519230769230769,0.121205641853721,0.342809090633019,0.17140454531651,0.48076923562195,1.32105018313897e-07,0.519230632273031,26,15,0,11,26,10,0,16
128,5,0.565217391304348,0.0869565217391304,0.347826086956522,0.234863559980567,0.641381282747205,0.320690641373603,0.244526749930745,0.172405433221894,0.583067816847361,0.165067352267636,0.465236899268948,0.232618449634474,0.332598941669874,0.186314674489626,0.4810863838405,0.23044917417665,0.642409659731561,0.32120482986578,0.244012561438568,0.199800944971974,0.556186493589458,0.226622390810247,0.614305750350631,0.307152875175316,0.258064516129032,0.161290322580645,0.580645161290323,0.231307787003595,0.632938967965312,0.316469483982656,0.248747907321692,0.173495812176234,0.577756280502074,14,1,2,11,17,7,3,7
129,1,0.521739130434783,0.130434782608696,0.347826086956522,0.0759234466306014,0.20422058096848,0.10211029048424,0.441932097335989,0.232545073092936,0.325522829571076,0.0759497410860216,0.204249690105648,0.102124845052824,0.441859494758014,0.23255962766152,0.325580877580466,0.0844828502468134,0.223353863350132,0.111676931675066,0.429128050093108,0.242111714283762,0.32876023562313,0.0759486833497024,0.204246713852376,0.102123356926188,0.441860465116279,0.232558139534884,0.325581395348837,0.0759485977671116,0.204252405750813,0.102126202875407,0.441866945900351,0.232560985484102,0.325572068615547,18,9,3,6,25,10,7,8
129,2,0.521739130434783,0.130434782608696,0.347826086956522,0.0929955364961652,0.237669938750769,0.118834969375384,0.511116545608428,0.0222223980596656,0.466661056331906,0.0929969902063784,0.237677324410944,0.118838662205472,0.511112109741354,0.0222231410966527,0.466664749161994,0.0850718259499173,0.225693937590333,0.112846968795166,0.501440354769404,0.0378865894789082,0.460673055751688,0.0929982014270237,0.23768115942029,0.118840579710145,0.511111111111111,0.0222222222222222,0.466666666666667,0.0929999032416779,0.237689302156921,0.11884465107846,0.511106503469856,0.0222227584951616,0.466670738034982,24,12,0,12,21,11,1,9
129,3,0.521739130434783,0.130434782608696,0.347826086956522,0.122276984865223,0.342270020178408,0.171135010089204,0.692874140523986,0.066363737340555,0.240762122135459,0.227679579056597,0.601917148570437,0.300958574285218,0.822697704720001,0.0790763232584335,0.0982259720215656,0.122674464896142,0.345668098509119,0.172834049254559,0.694573179689342,0.0570496446459262,0.248377175664732,0.10813810493266,0.30535894843276,0.15267947421638,0.674418604651163,0.0465116279069767,0.27906976744186,0.116001353847122,0.325952600787001,0.162976300393501,0.684715430828283,0.0651797859590369,0.25010478321268,23,12,0,11,20,17,2,1
129,4,0.521739130434783,0.130434782608696,0.347826086956522,0.0653007487626854,0.172467436716599,0.0862337183582998,0.450002504537032,0.216668500966995,0.333328994495972,0.065302601271649,0.172479318250007,0.0862396591250034,0.450006620208485,0.216674441733699,0.333318938057816,0.073449855442192,0.196695680533477,0.0983478402667385,0.443615277091311,0.228782622875434,0.327602100033255,0.0653005374437009,0.172463768115942,0.086231884057971,0.45,0.216666666666667,0.333333333333333,0.0653025342789106,0.172469193642058,0.0862345968210291,0.449997939762586,0.216669379429725,0.333332680807689,31,16,8,7,29,11,5,13
129,5,0.521739130434783,0.130434782608696,0.347826086956522,0.141309072895689,0.354919145088035,0.177459572544018,0.512592358734537,0.307894355152713,0.17951328611275,0.141229289269174,0.354508866851253,0.177254433425626,0.512825260122896,0.307689216034322,0.179485523842782,0.135128041814341,0.351934243517184,0.175967121758592,0.498300597031391,0.306401904367288,0.195297498601322,0.141230024790397,0.354515050167224,0.177257525083612,0.512820512820513,0.307692307692308,0.179487179487179,0.141230823032695,0.354512105608019,0.177256052804009,0.512825825822391,0.307690835412705,0.179483338764904,19,9,8,2,20,11,4,5
130,1,0.478260869565217,0.173913043478261,0.347826086956522,0.128804173590224,0.341227511754678,0.170613755877339,0.44821684018199,0.0333433169841494,0.518439842833861,0.083116939970186,0.227829306146448,0.113914653073224,0.51011386527194,0.0599983904050369,0.429887744323023,0.127048798840876,0.338811584013751,0.169405792006876,0.4454073145051,0.037360806531503,0.517231878963397,0.132202108782714,0.353528153955809,0.176764076977905,0.442622950819672,0.0327868852459016,0.524590163934426,0.132221980858455,0.352920052203252,0.176460026101626,0.443606716044241,0.0321071708976114,0.524286113058148,38,15,0,23,23,12,2,9
130,2,0.478260869565217,0.173913043478261,0.347826086956522,0.0840039180027069,0.232443147834299,0.11622157391715,0.557688238728115,0.0576914695611112,0.384620291710774,0.0840033991359944,0.232439970848576,0.116219985424288,0.557690872610038,0.0576930580539727,0.384616069335989,0.0646174754491213,0.180165618659718,0.0900828093298591,0.536604258952619,0.0838302341484017,0.379565506898979,0.0840040975425178,0.232441471571906,0.116220735785953,0.557692307692308,0.0576923076923077,0.384615384615385,0.0839929624273179,0.232443107766024,0.116221553883012,0.557623456211754,0.0576914895952487,0.384685054192997,23,15,1,7,29,14,2,13
130,3,0.478260869565217,0.173913043478261,0.347826086956522,0.0386648049996368,0.108512081782354,0.0542560408911769,0.511276354541579,0.195153599393076,0.293570046065345,0.0506734954852342,0.131248812980683,0.0656244064903413,0.486137502401213,0.231660817132606,0.28220168046618,0.0299206670754206,0.0845787656613136,0.0422893828306568,0.500660771006339,0.193802524867796,0.305536704125865,0.0393366638197061,0.110286320254507,0.0551431601272535,0.51219512195122,0.195121951219512,0.292682926829268,0.0383124187130194,0.10681463578818,0.0534073178940899,0.512870598204739,0.192710632732829,0.294418769062432,17,7,6,4,24,14,2,8
130,4,0.478260869565217,0.173913043478261,0.347826086956522,0.0981887214076647,0.241597103521165,0.120798551760583,0.479353148076586,0.293619316727475,0.227027535195939,0.147776760586855,0.41756476915729,0.208782384578645,0.269478484986573,0.286328783827027,0.444192731186401,0.0972575912935108,0.261604798721142,0.130802399360571,0.506829911591332,0.276146400812717,0.217023687595951,0.0663862169029016,0.185013876040703,0.0925069380203515,0.51063829787234,0.234042553191489,0.25531914893617,0.101517467616649,0.260497671637584,0.130248835818792,0.491086865674017,0.291335883188254,0.21757725113773,22,5,6,11,25,19,5,1
130,5,0.478260869565217,0.173913043478261,0.347826086956522,0.0506827882831223,0.140030097299229,0.0700150486496148,0.49998166125285,0.222207300440243,0.277811038306907,0.0507056390822964,0.140095403200045,0.0700477016000224,0.499996290152001,0.222225324491499,0.277778385356499,0.0495649428396342,0.125308545855047,0.0626542729275237,0.482369319415058,0.232458866555944,0.285171814028998,0.0507054637482569,0.140096618357488,0.0700483091787439,0.5,0.222222222222222,0.277777777777778,0.0507051941119966,0.140095943525658,0.0700479717628288,0.50000004066289,0.222221844143417,0.277778115193693,25,10,7,8,29,17,5,7
131,1,0.434782608695652,0.217391304347826,0.347826086956522,0.0905420499157536,0.241298366413811,0.120649183206905,0.53225050586081,0.0967421211409208,0.371007372998269,0.0710044861882619,0.191894275147572,0.095947137573786,0.508408968399643,0.12144416677404,0.370146864826316,0.0863345206031431,0.233892806886662,0.116946403443331,0.523638835495707,0.100444900904495,0.375916263599798,0.0905271379204034,0.241234221598878,0.120617110799439,0.532258064516129,0.0967741935483871,0.370967741935484,0.0905420119581661,0.241272293199523,0.120636146599761,0.532275592813444,0.0967551577480646,0.370969249438491,34,20,1,13,28,13,5,10
131,2,0.434782608695652,0.217391304347826,0.347826086956522,0.155798724872604,0.42207362519956,0.21103681259978,0.645819421295432,0.166713228131624,0.187467350572944,0.155797625534321,0.422098115074825,0.211049057537413,0.645831666233065,0.166667064516552,0.187501269250383,0.13186116495546,0.350349087079284,0.175174543539642,0.609957152235294,0.185179656338601,0.204863191426105,0.155798856860125,0.422101449275362,0.211050724637681,0.645833333333333,0.166666666666667,0.1875,0.155787265355843,0.422079618652059,0.211039809326029,0.645822418021681,0.166654218435791,0.187523363542528,28,19,4,5,20,12,4,4
131,3,0.434782608695652,0.217391304347826,0.347826086956522,0.141515737701741,0.379146344872792,0.189573172436396,0.284439157508286,0.406964476784222,0.308596365707492,0.0380716942052239,0.0987830123377162,0.049391506168858,0.385391102526794,0.223525263654097,0.391083633819109,0.14004262348114,0.375038120285453,0.187519060142727,0.285838333000052,0.404910364490553,0.309251302509395,0.153580272872821,0.41767640769779,0.208838203848895,0.278688524590164,0.426229508196721,0.295081967213115,0.135769696846226,0.362173045118992,0.181086522559496,0.288959428972984,0.398477826907322,0.312562744119694,32,13,6,13,29,4,20,5
131,4,0.434782608695652,0.217391304347826,0.347826086956522,0.0389307801637141,0.109561579616301,0.0547807898081507,0.380001818887502,0.240016484961907,0.379981696150591,0.0389354834397248,0.109569569168832,0.0547847845844158,0.379997824111236,0.239995342062834,0.38000683382593,0.0418606866528133,0.118327771016408,0.0591638855082039,0.375618723187448,0.248762554019882,0.37561872279267,0.0389334817996151,0.109565217391304,0.0547826086956522,0.38,0.24,0.38,0.0389179747119186,0.10952489717024,0.0547624485851201,0.380020160110532,0.240006104169375,0.379973735720093,35,14,7,14,15,5,5,5
131,5,0.434782608695652,0.217391304347826,0.347826086956522,0.133486827090844,0.368516657770882,0.184258328885441,0.378216777721969,0.0896988064360683,0.532084415841963,0.0917015833103524,0.234798360854412,0.117399180427206,0.445765902964331,0.0999921239206203,0.454241973115048,0.122603504017511,0.344208190295427,0.172104095147714,0.366966901793591,0.113102916102173,0.519930182104235,0.140380043972716,0.38768115942029,0.193840579710145,0.375,0.0833333333333333,0.541666666666667,0.137438851931376,0.381205702064888,0.190602851032444,0.372451956813817,0.089119105197217,0.538428937988966,20,11,2,7,28,7,2,19
132,1,0.391304347826087,0.260869565217391,0.347826086956522,0.205752577877539,0.570674191434639,0.285337095717319,0.583351446803456,0.354159561957342,0.0624889912392023,0.186828467010823,0.525200278776683,0.262600139388341,0.547866824835064,0.366907227596756,0.0852259475681804,0.204814598715488,0.572295859328566,0.286147929664283,0.573276275742596,0.365045566965165,0.061678157292239,0.205742927226915,0.570652173913043,0.285326086956522,0.583333333333333,0.354166666666667,0.0625,0.205742901517066,0.57065460104556,0.28532730052278,0.583328518438047,0.354172695128211,0.0624987864337417,25,13,9,3,23,15,8,0
132,2,0.391304347826087,0.260869565217391,0.347826086956522,0.0536955607440751,0.15058791312194,0.0752939565609698,0.466598304387057,0.231762782747137,0.301638912865806,0.0467433542551062,0.115824465381353,0.0579122326906764,0.334743128164274,0.318781797908068,0.346475073927658,0.0519229349911021,0.145830719636396,0.072915359818198,0.464219707644285,0.231928499843598,0.303851792512117,0.0643794610931539,0.178929765886288,0.0894648829431438,0.480769230769231,0.230769230769231,0.288461538461538,0.0563669129712172,0.158345361823539,0.0791726809117693,0.470477028737856,0.22932115140894,0.300201819853203,27,18,3,6,25,7,9,9
132,3,0.391304347826087,0.260869565217391,0.347826086956522,0.105861557808393,0.290553387843479,0.14527669392174,0.536581041747827,0.219552389767283,0.24386656848489,0.105857461319325,0.290562984122439,0.145281492061219,0.536585839887306,0.219512508608075,0.243901651504619,0.0949063448307846,0.256791972828021,0.12839598641401,0.519700334240097,0.23053415369415,0.249765512065752,0.105857027573138,0.290562036055143,0.145281018027572,0.536585365853659,0.219512195121951,0.24390243902439,0.105850036247945,0.290543059517441,0.145271529758721,0.536575877584808,0.219514501124743,0.24390962129045,20,11,6,3,21,11,3,7
132,4,0.391304347826087,0.260869565217391,0.347826086956522,0.0399036459533886,0.0994354087342497,0.0497177043671248,0.341586643458962,0.308849054176515,0.349564302364522,0.0778645498209279,0.220009829945738,0.110004914972869,0.331998265172127,0.210170732898483,0.457831001929391,0.0338053669982028,0.0909981444644419,0.045499072232221,0.345805275593866,0.296330516531273,0.357864207874861,0.0469999714788134,0.131445904954499,0.0657229524772497,0.325581395348837,0.302325581395349,0.372093023255814,0.0366354968923223,0.100951516301754,0.0504757581508772,0.34082858967521,0.296226131368812,0.362945278955978,18,6,9,3,25,8,4,13
132,5,0.391304347826087,0.260869565217391,0.347826086956522,0.0751557443319017,0.20907062106958,0.10453531053479,0.426933027834486,0.156334254682601,0.416732717482913,0.0929818537794089,0.255934067110276,0.127967033555138,0.519271381381225,0.223092277483824,0.257636341134951,0.0744872244906492,0.206396219961351,0.103198109980676,0.424596778583847,0.157671455236716,0.417731766179438,0.0855922428802358,0.229056203605514,0.114528101802757,0.414634146341463,0.146341463414634,0.439024390243902,0.0764971705668586,0.211753344629115,0.105876672314557,0.424998896627455,0.154992892902834,0.420008210469711,20,11,5,4,21,6,1,14
133,1,0.347826086956522,0.304347826086957,0.347826086956522,0.180847605991092,0.499803347000971,0.249901673500486,0.519900697699371,0.382174888844593,0.0979244134560361,0.173140460677456,0.482407724165727,0.241203862082863,0.589029949039385,0.220241804030448,0.190728246930167,0.180009285798894,0.494601258662806,0.247300629331403,0.523790964699446,0.375683577675435,0.100525457625119,0.164686312946602,0.457556935817805,0.228778467908903,0.5,0.380952380952381,0.119047619047619,0.1798952370755,0.494560240831262,0.247280120415631,0.523262392386351,0.376191641072759,0.100545966540891,20,8,12,0,22,13,4,5
133,2,0.347826086956522,0.304347826086957,0.347826086956522,0.0486086520593534,0.132506862858682,0.0662534314293412,0.396829316785415,0.238094394657615,0.36507628855697,0.0486061857922587,0.132502582347044,0.0662512911735219,0.396823618357145,0.238096534913435,0.365079846729421,0.0422652811331242,0.11448435042046,0.05724217521023,0.391347879806491,0.247105650876727,0.361546469316782,0.0486073155989597,0.132505175983437,0.0662525879917185,0.396825396825397,0.238095238095238,0.365079365079365,0.0486072455249939,0.132505050065958,0.0662525250329788,0.396825240556756,0.238095301053978,0.365079458389266,35,13,8,14,28,12,7,9
133,3,0.347826086956522,0.304347826086957,0.347826086956522,0.0602303382432228,0.14789634253841,0.0739481712692051,0.274242010311339,0.378295997356162,0.3474619923325,0.0745102742037949,0.210539581469267,0.105269790734634,0.242556296221888,0.361029301726785,0.396414402051327,0.0595156303576401,0.152912618710542,0.0764563093552711,0.279118595751836,0.380804135442228,0.340077268805937,0.0604423051076552,0.153985507246377,0.0769927536231884,0.270833333333333,0.375,0.354166666666667,0.0608603260120831,0.152427746224994,0.0762138731124968,0.271612213844025,0.377089327493073,0.351298458662902,18,7,8,3,30,6,10,14
133,4,0.347826086956522,0.304347826086957,0.347826086956522,0.0186034792130989,0.0513587623457799,0.0256793811728899,0.355709852283101,0.322143441933267,0.322146705783632,0.0421842350158149,0.119249574619869,0.0596247873099345,0.37592731741411,0.335871382939302,0.288201299646587,0.0234128579268997,0.063773201601405,0.0318866008007025,0.356044337746012,0.328016176098169,0.315939486155819,0.0186524642658508,0.051584377302874,0.025792188651437,0.355932203389831,0.322033898305085,0.322033898305085,0.0190365941742854,0.0526285428464084,0.0263142714232042,0.356058061124163,0.322430123342519,0.321511815533317,33,14,12,7,26,7,7,12
133,5,0.347826086956522,0.304347826086957,0.347826086956522,0.189278605143194,0.535341989453513,0.267670994726757,0.0801550922297651,0.440123551251732,0.479721356518503,0.197486829079992,0.519497419750167,0.259748709875084,0.129072447150247,0.56409653596204,0.306831016887713,0.188367917672107,0.532642628205967,0.266321314102983,0.0815047728535383,0.442840167021969,0.475655060124493,0.18866661154885,0.533490011750881,0.266745005875441,0.0810810810810811,0.432432432432432,0.486486486486487,0.1887050677995,0.533612312912319,0.26680615645616,0.0810199305003622,0.442776844788178,0.47620322471146,19,3,11,5,18,0,5,13
134,1,0.304347826086957,0.347826086956522,0.347826086956522,0.127364580769499,0.347435368923268,0.173717684461634,0.34998496007016,0.174108402494887,0.475906637434953,0.169150816605618,0.416948144811008,0.208474072405504,0.510181707656678,0.139352014551018,0.350466277792304,0.121975488463121,0.343173496131275,0.171586748065638,0.374794519862467,0.176239338890884,0.448966141246649,0.144944788483148,0.409937888198758,0.204968944099379,0.404761904761905,0.142857142857143,0.452380952380952,0.127055115783397,0.357932000023712,0.178966000011856,0.379942636869097,0.168860086944665,0.451197276186237,26,15,3,8,16,2,3,11
134,2,0.304347826086957,0.347826086956522,0.347826086956522,0.0698886730223068,0.197673789711919,0.0988368948559596,0.403184720942916,0.298709445181823,0.298105833875261,0.156170642808495,0.424663351902533,0.212331675951266,0.463147769485051,0.401357819509693,0.135494411005255,0.0704715571195195,0.199322102531976,0.0996610512659878,0.404008877352944,0.298337160054729,0.297653962592327,0.0550017909676954,0.146859903381643,0.0734299516908212,0.377777777777778,0.288888888888889,0.333333333333333,0.070973170731944,0.200611762907064,0.100305881453532,0.404653707540489,0.30080907591503,0.294537216544482,22,6,3,13,23,11,10,2
134,3,0.304347826086957,0.347826086956522,0.347826086956522,0.0364548231035138,0.0900619460653531,0.0450309730326766,0.303571470005401,0.303571470005401,0.392857059989198,0.0364549167352308,0.090062249263449,0.0450311246317245,0.303571394205877,0.303571394205877,0.392857211588246,0.0321957402988567,0.0814652542230214,0.0407326271115108,0.307093459845011,0.307093459845011,0.385813080309978,0.0364548742850129,0.0900621118012423,0.0450310559006211,0.303571428571429,0.303571428571429,0.392857142857143,0.0364547795756328,0.0900618051133471,0.0450309025566736,0.303571505243402,0.303571505243402,0.392856989513195,26,7,7,12,30,10,10,10
134,4,0.304347826086957,0.347826086956522,0.347826086956522,0.0898763808829287,0.224376290175406,0.112188145087703,0.299993591552663,0.460014232044225,0.239992176403112,0.0898650637603422,0.224340546640848,0.112170273320424,0.300002102492526,0.459996360276946,0.240001537230528,0.0787527210573716,0.195631491799595,0.0978157458997973,0.301559867506666,0.445641832856319,0.252798299637015,0.0898672268544428,0.224347826086957,0.112173913043478,0.3,0.46,0.24,0.0898707861090037,0.224356236553316,0.112178118276658,0.300000332722254,0.46000420523318,0.239995462044566,24,9,9,6,26,6,14,6
134,5,0.304347826086957,0.347826086956522,0.347826086956522,0.153929980374888,0.384533228667808,0.192266614333904,0.488893915399668,0.355546611977714,0.155559472622618,0.153928566881922,0.384537913399085,0.192268956699542,0.488887574476108,0.355555295266912,0.155557130256979,0.143783994435907,0.363336048397979,0.18166802419899,0.474291270757063,0.359550666485405,0.166158062757532,0.153929752149154,0.384541062801932,0.192270531400966,0.488888888888889,0.355555555555556,0.155555555555556,0.153936515530007,0.384555647836373,0.192277823918187,0.488898304270415,0.35555343269125,0.155548263038335,25,14,9,2,20,8,7,5
135,1,0.260869565217391,0.391304347826087,0.347826086956522,0.164568414513561,0.45582950454866,0.22791475227433,0.415634953497507,0.163389595551757,0.420975450950736,0.109962061955505,0.306332293973221,0.153166146986611,0.207579863468352,0.544470494812698,0.24794964171895,0.136746997950559,0.372491307355191,0.186245653677596,0.399092608656433,0.205058694148491,0.395848697195075,0.0794806346864407,0.201665124884366,0.100832562442183,0.361702127659574,0.297872340425532,0.340425531914894,0.166887880190098,0.462299368888835,0.231149684444417,0.417732594218045,0.16015466338167,0.422112742400286,23,4,14,5,24,13,0,11
135,2,0.260869565217391,0.391304347826087,0.347826086956522,0.129234477680321,0.364836337725517,0.182418168862758,0.44328773408015,0.309843806030748,0.246868459889103,0.167030719004524,0.41419653844376,0.20709826922188,0.462813932440124,0.184206078604207,0.352979988955669,0.131256625553112,0.371123955381905,0.185561977690952,0.446431542908344,0.29433803295368,0.259230424137976,0.118588104245798,0.335403726708075,0.167701863354037,0.428571428571429,0.306122448979592,0.26530612244898,0.131360504677772,0.371427558518791,0.185713779259395,0.446583344476787,0.294426584075888,0.258990071447325,21,8,11,2,28,13,4,11
135,3,0.260869565217391,0.391304347826087,0.347826086956522,0.120578822204433,0.340761466247435,0.170380733123717,0.169622559201109,0.312170620718652,0.518206820080239,0.172923435914301,0.427483956146556,0.213741978073278,0.264835028942691,0.177562369752809,0.5576026013045,0.120529253726009,0.340619612494437,0.170309806247219,0.169641859804145,0.312222246992115,0.51813589320374,0.1079685827953,0.304347826086957,0.152173913043478,0.173913043478261,0.326086956521739,0.5,0.120565038207326,0.340716914871176,0.170358457435588,0.169575629472576,0.312239826135314,0.51818454439211,23,7,3,13,23,1,12,10
135,4,0.260869565217391,0.391304347826087,0.347826086956522,0.067654372410686,0.178308058333373,0.0891540291666864,0.350023594384078,0.316655079054956,0.333321326560966,0.0676554402087395,0.178309553350262,0.0891547766751312,0.350024341892522,0.316652764041875,0.333322894065603,0.0647206857560851,0.169360990980508,0.0846804954902541,0.345550060707645,0.3188798681687,0.335570071123655,0.0676388886193305,0.178260869565217,0.0891304347826087,0.35,0.316666666666667,0.333333333333333,0.0676900798198795,0.178414050511234,0.089207025255617,0.350076590473008,0.316625923015277,0.333297486511715,30,13,8,9,30,8,11,11
135,5,0.260869565217391,0.391304347826087,0.347826086956522,0.0604367342603816,0.170836360260879,0.0854181801304397,0.220748746678265,0.476722527956527,0.302528725365208,0.0993988200385724,0.278469975320055,0.139234987660028,0.34723226122817,0.444176639475336,0.208591099296494,0.0592156626265916,0.167350043895214,0.0836750219476072,0.221966347516262,0.474979369773694,0.303054282710044,0.0500298745834924,0.136310223266745,0.0681551116333725,0.243243243243243,0.459459459459459,0.297297297297297,0.0601618230909862,0.169811730690975,0.0849058653454873,0.223150865206564,0.476210213171574,0.300638921621861,18,1,9,8,19,8,8,3
136,1,0.217391304347826,0.434782608695652,0.347826086956522,0.167621533651003,0.467184029067103,0.233592014533552,0.450983318881378,0.352937221951112,0.19607945916751,0.167621765432474,0.467184198824532,0.233592099412266,0.450983403760092,0.352938421445995,0.196078174793913,0.157456094365049,0.441190724970058,0.220595362485029,0.437986666832855,0.35078886283583,0.211224470331315,0.167619840658696,0.467178175618073,0.233589087809037,0.450980392156863,0.352941176470588,0.196078431372549,0.167619935640789,0.467178583545752,0.233589291772876,0.450980596120702,0.352940735419098,0.1960786684602,29,12,11,6,22,11,7,4
136,2,0.217391304347826,0.434782608695652,0.347826086956522,0.193030904759857,0.543945733790589,0.271972866895295,0.489364171243121,0.319154589802661,0.191481238954218,0.193031224138878,0.543949158301425,0.271974579150712,0.489365883498538,0.319141116245875,0.191493000255587,0.179581329913794,0.507546843205847,0.253773421602924,0.47116472595075,0.316467300718041,0.21236797333121,0.193028681075731,0.543940795559667,0.271970397779833,0.48936170212766,0.319148936170213,0.191489361702128,0.193026776330193,0.543935640985623,0.271967820492812,0.489359124840638,0.319148957241991,0.191491917917371,20,7,9,4,27,16,6,5
136,3,0.217391304347826,0.434782608695652,0.347826086956522,0.204590044322181,0.533417502005283,0.266708751002642,0.181173229772502,0.204291932268334,0.614534837959164,0.191039227693514,0.534436921041994,0.267218460520997,0.118274110040468,0.266681342482013,0.615044547477519,0.195383674857142,0.508589228983205,0.254294614491603,0.18385413213797,0.214025166413906,0.602120701448124,0.197929795152984,0.516469038208169,0.258234519104084,0.181818181818182,0.212121212121212,0.606060606060606,0.203308567164188,0.533716693419686,0.266858346709843,0.176652623045756,0.208662943287879,0.614684433666365,15,5,1,9,18,1,6,11
136,4,0.217391304347826,0.434782608695652,0.347826086956522,0.0497390588522455,0.139079082772354,0.0695395413861768,0.19179487007672,0.390839501580582,0.417365628342699,0.130724313801651,0.364396344125824,0.182198172062912,0.399589476410738,0.316551642871804,0.283858880717458,0.0595969730197479,0.168562725908395,0.0842813629541974,0.174817398203874,0.393075151885407,0.432107449910719,0.0577706442593013,0.142292490118577,0.0711462450592885,0.218181818181818,0.363636363636364,0.418181818181818,0.0579598050523929,0.163900520869384,0.0819502604346917,0.17495856870317,0.395265083905616,0.429776347391213,24,11,7,6,31,1,13,17
136,5,0.217391304347826,0.434782608695652,0.347826086956522,0.203294645290485,0.574415871797816,0.287207935898908,0.504599240246734,0.279919405728103,0.215481354025163,0.193521083938535,0.540883908392887,0.270441954196444,0.48783325854427,0.33591375603225,0.17625298542348,0.198875399930497,0.561691602917229,0.280845801458615,0.498237105806441,0.281269104520591,0.220493789672968,0.199876501282478,0.565217391304348,0.282608695652174,0.5,0.288461538461538,0.211538461538462,0.20213859100738,0.57149601849783,0.285748009248915,0.503139313596741,0.284762180533175,0.212098505870084,30,14,12,4,22,12,3,7
137,1,0.173913043478261,0.478260869565217,0.347826086956522,0.128928071943591,0.364414265966518,0.182207132983259,0.259177764180409,0.296053736581958,0.444768499237633,0.0931793280709969,0.256136003618042,0.128068001809021,0.264826794272366,0.350192867756196,0.384980337971438,0.131365205544223,0.371252668714802,0.185626334357401,0.27323572955544,0.292634535207817,0.434129735236743,0.127755620422902,0.360777058279371,0.180388529139686,0.25531914893617,0.297872340425532,0.446808510638298,0.129304217623135,0.365452539586693,0.182726269793346,0.259135837321424,0.295534599771871,0.445329562906706,24,6,4,14,23,6,10,7
137,2,0.173913043478261,0.478260869565217,0.347826086956522,0.0411006607995696,0.114172950873355,0.0570864754366776,0.192982780317563,0.516277608162593,0.290739611519844,0.0675321393843603,0.184479558515073,0.0922397792575363,0.266152822735797,0.453582810936476,0.280264366327727,0.032768945289544,0.0897561785109996,0.0448780892554998,0.186343417281909,0.510708585017069,0.302947997701022,0.0454858717827028,0.124223602484472,0.062111801242236,0.19047619047619,0.523809523809524,0.285714285714286,0.0419823216615095,0.11107932571727,0.0555396628586348,0.183509202045508,0.524204373856605,0.292286424097887,26,2,16,8,16,6,6,4
137,3,0.173913043478261,0.478260869565217,0.347826086956522,0.0952856223380709,0.269393519506208,0.134696759753104,0.039216283725157,0.549016876261297,0.411766840013546,0.0952856278360126,0.269393322437045,0.134696661218523,0.0392163822597383,0.549019977298769,0.411763640441493,0.0757875065240506,0.21421536643851,0.107107683219255,0.0668053602590057,0.52841215856654,0.404782481174454,0.0952861026426917,0.269394714407502,0.134697357203751,0.0392156862745098,0.549019607843137,0.411764705882353,0.0952792970993181,0.269375325487691,0.134687662743845,0.0392253807344155,0.549016710910792,0.411757908354792,26,1,13,12,25,1,15,9
137,4,0.173913043478261,0.478260869565217,0.347826086956522,0.0688861544669725,0.170554610306966,0.085277305153483,0.0886357383247779,0.561689095995963,0.349675165679259,0.120616216342272,0.320120157168795,0.160060078584397,0.144951447473047,0.347162386986034,0.507886165540919,0.0581273582279537,0.162022443480921,0.0810112217404607,0.0929018217378001,0.530852469262586,0.376245708999614,0.0547249949486249,0.151747655583973,0.0758738277919864,0.0980392156862745,0.529411764705882,0.372549019607843,0.0543988946136977,0.153042053311463,0.0765210266557314,0.0973920168225295,0.523395898327128,0.379212084850343,31,5,10,16,20,0,17,3
137,5,0.173913043478261,0.478260869565217,0.347826086956522,0.150248017384813,0.414067815484383,0.207033907742192,0.380946951220453,0.33333834993481,0.285714698844737,0.150252887802726,0.414080249270546,0.207040124635273,0.380953168113534,0.333332045700704,0.285714786185762,0.147568987162594,0.404531521487304,0.202265760743652,0.376178804221913,0.332615850608679,0.291205345169408,0.150252181208263,0.41407867494824,0.20703933747412,0.380952380952381,0.333333333333333,0.285714285714286,0.150254250176494,0.414083664402229,0.207041832201114,0.380954875679375,0.333330180062055,0.285714944258569,22,7,9,6,41,17,12,12
138,1,0.130434782608696,0.521739130434783,0.347826086956522,0.104171234655002,0.293418855429482,0.146709427714741,0.192182297879366,0.606701042878853,0.201116659241781,0.0470413894057432,0.133052537290166,0.0665262686450828,0.0969979791874401,0.588265399079865,0.314736621732694,0.0912940921844634,0.254021210770008,0.127010605385004,0.173861577102653,0.605322941325829,0.220815481571518,0.0800093313326518,0.225063938618926,0.112531969309463,0.176470588235294,0.588235294117647,0.235294117647059,0.0912087330156185,0.254013798639904,0.127006899319952,0.174432204704858,0.604748607658572,0.22081918763657,20,7,12,1,31,2,18,11
138,2,0.130434782608696,0.521739130434783,0.347826086956522,0.0394350251669762,0.111368309814884,0.0556841549074422,0.105264405748802,0.491225352387234,0.403510241863964,0.0394334054030221,0.111363925773106,0.0556819628865527,0.105263904036857,0.491228046120068,0.403508049843074,0.040136645731316,0.106555306689583,0.0532776533447915,0.120753085304088,0.478143174394598,0.401103740301313,0.0394338978322195,0.111365369946606,0.0556826849733028,0.105263157894737,0.491228070175439,0.403508771929825,0.0394359338022754,0.11137106478016,0.0556855323900798,0.105262301812486,0.491226078840913,0.403511619346602,33,2,18,13,24,4,10,10
138,3,0.130434782608696,0.521739130434783,0.347826086956522,0.0880634445192141,0.249081034435483,0.124540517217741,0.192713362043982,0.584001068217237,0.22328556973878,0.15245970272059,0.405139099754792,0.202569549877396,0.333004332486092,0.356500274099135,0.310495393414773,0.103401696095607,0.287300204909973,0.143650102454986,0.178566961876965,0.6172570536215,0.204175984501535,0.110730460850148,0.311036789297659,0.155518394648829,0.192307692307692,0.615384615384615,0.192307692307692,0.0907097357117928,0.256188194482939,0.128094097241469,0.188455977076309,0.591812033208639,0.219731989715052,25,9,8,8,27,1,24,2
138,4,0.130434782608696,0.521739130434783,0.347826086956522,0.0183090968415382,0.0507279568593478,0.0253639784296739,0.113243249138225,0.547103108864456,0.339653641997318,0.0183531473724143,0.0508540580522654,0.0254270290261327,0.113209431009863,0.547166159460915,0.339624409529221,0.00566976470540419,0.0159066719545375,0.00795333597726872,0.135293313878391,0.524833935142356,0.339872750979253,0.0183556865702362,0.0508613617719442,0.0254306808859721,0.113207547169811,0.547169811320755,0.339622641509434,0.0183557231137674,0.0508615145587653,0.0254307572793826,0.113207608905863,0.547169887714165,0.339622503379972,31,3,18,10,22,3,11,8
138,5,0.130434782608696,0.521739130434783,0.347826086956522,0.0332940941027818,0.0938650171407467,0.0469325085703734,0.110247214440875,0.494994190032229,0.394758595526895,0.155530094170272,0.407088830494953,0.203544415247477,0.100854462029781,0.34777503576622,0.551370502203998,0.0306410835415913,0.0858277868782116,0.0429138934391058,0.11418478445111,0.495075235153262,0.390739980395628,0.0452963585380664,0.120674356699201,0.0603371783496007,0.0816326530612245,0.510204081632653,0.408163265306122,0.0314334036125083,0.0887912296416558,0.0443956148208279,0.110201748088668,0.497576550133983,0.39222170177735,25,2,18,5,24,2,7,15
139,1,0.0869565217391304,0.565217391304348,0.347826086956522,0.0189298240229404,0.0519497653889682,0.025974882694484,0.0609816390446464,0.572593553112565,0.366424807842789,0.0954344546819672,0.241553739864334,0.120776869932167,0.095178746590735,0.67777203638491,0.227049217024355,0.0169715017677535,0.0480003413270018,0.0240001706635009,0.0629563510756296,0.577013357868186,0.360030291056185,0.0189892941961249,0.0514640638864242,0.0257320319432121,0.0612244897959184,0.571428571428571,0.36734693877551,0.0173749422702459,0.0491426739724291,0.0245713369862146,0.0623851847529159,0.577644401135993,0.359970414111091,26,3,18,5,23,0,10,13
139,2,0.0869565217391304,0.565217391304348,0.347826086956522,0.0160141668446711,0.0399450626159596,0.0199725313079798,0.0677234293614872,0.585189922612328,0.347086648026185,0.0673633182565514,0.172223421061224,0.086111710530612,0.0791895450606997,0.486872657452167,0.433937797487134,0.00308273873163828,0.0081010542261471,0.00405052711307363,0.0863276247931248,0.569267918417421,0.344404456789454,0.0211931848161229,0.0562659846547316,0.0281329923273657,0.0588235294117647,0.588235294117647,0.352941176470588,0.015460871589212,0.0381486459069474,0.0190743229534737,0.0678821987856567,0.584011197872428,0.348106603341915,26,2,11,13,25,1,19,5
139,3,0.0869565217391304,0.565217391304348,0.347826086956522,0.0625575785403205,0.175678748228756,0.0878393741143781,0.140006335610241,0.600006951547616,0.259986712842144,0.0625461537878382,0.175644463725347,0.0878222318626734,0.140004033210941,0.599992111695211,0.260003855093848,0.0558889525992158,0.148181177983698,0.0740905889918487,0.147840880836813,0.578423621198514,0.273735497964673,0.0625482800290589,0.175652173913043,0.0878260869565217,0.14,0.6,0.26,0.0625449075152181,0.17564251673252,0.0878212583662598,0.139997765269376,0.599997406140362,0.260004828590262,20,5,10,5,30,2,20,8
139,4,0.0869565217391304,0.565217391304348,0.347826086956522,0.101078764656284,0.26221442478761,0.131107212393805,0.0707339315504654,0.450332769099208,0.478933299350327,0.185292373820728,0.478028907949644,0.239014453974822,0.11343706552479,0.326202937329526,0.560359997145684,0.104251957770443,0.266649505897666,0.133324752948833,0.0748018395546477,0.444047320539998,0.481150839905355,0.0993163461367558,0.254347826086956,0.127173913043478,0.075,0.45,0.475,0.103523272248809,0.267365323332283,0.133682661666142,0.0718095941141786,0.446681657263158,0.481508748622663,21,3,6,12,19,0,12,7
139,5,0.0869565217391304,0.565217391304348,0.347826086956522,0.135088985192713,0.381590729519858,0.190795364759929,8.54173201058191e-06,0.756012756064277,0.243978702203713,0.0720414251658321,0.178910751652514,0.089455375826257,2.62790225510924e-07,0.562718274426996,0.437281462782779,0.130614036423675,0.369225120609742,0.184612560304871,6.70493369798443e-06,0.749829951609219,0.250163343457083,0.109252036381957,0.308161708619375,0.154080854309687,0,0.719298245614035,0.280701754385965,0.117947043677998,0.333502235790321,0.166751117895161,2.39057555600219e-06,0.731968509199508,0.268029100224936,33,0,18,15,24,0,23,1
140,1,0.0434782608695652,0.608695652173913,0.347826086956522,0.016520908674411,0.0452897824303854,0.0226448912151927,0.0208333696543725,0.624999795437069,0.354166834908559,0.0165206105639969,0.0452879672033299,0.0226439836016649,0.0208342772679003,0.625000952624279,0.354164770107821,0.00819378133090494,0.0226404763363567,0.0113202381681783,0.0356742587173452,0.605179416157955,0.3591463251247,0.016520971039015,0.0452898550724638,0.0226449275362319,0.0208333333333333,0.625,0.354166666666667,0.0165228683224379,0.0452802098685588,0.0226401049342794,0.0208381559352858,0.625023399003187,0.354138445061528,22,1,14,7,26,0,16,10
140,2,0.0434782608695652,0.608695652173913,0.347826086956522,0.147774030706231,0.398400603443779,0.19920030172189,0.0883502099312527,0.763024004834115,0.148625785234632,0.130838739111897,0.368828252184407,0.184414126092204,0.148790134170806,0.687797904964876,0.163411960864318,0.133152561646947,0.358711693961235,0.179355846980618,0.0834770426088836,0.748052717415212,0.168470239975904,0.151964244791405,0.415652173913043,0.207826086956522,0.1,0.76,0.14,0.146436584386477,0.395848983614412,0.197924491807206,0.0896680563154608,0.760430348535224,0.149901595149316,23,0,20,3,27,5,18,4
140,3,0.0434782608695652,0.608695652173913,0.347826086956522,0.0422744738759465,0.119558589860439,0.0597792949302195,0.074091534941778,0.63786167303192,0.288046792026302,0.151610145191558,0.410758951123215,0.205379475561608,0.0928490765772714,0.403316176612305,0.503834746810423,0.0429846806878788,0.117568164926248,0.0587840824631239,0.059459563960188,0.651498431546414,0.289042004493398,0.0282159182570352,0.0774703557312252,0.0387351778656126,0.0545454545454545,0.636363636363636,0.309090909090909,0.0362499721443968,0.101343743840683,0.0506718719203416,0.0755493113625922,0.627296473601228,0.29715421503618,26,0,24,2,29,3,11,15
140,4,0.0434782608695652,0.608695652173913,0.347826086956522,0.132640452098156,0.359531822404969,0.179765911202485,1.59813553086714e-08,0.788461563376398,0.211538420642247,0.132640092022626,0.35953079469001,0.179765397345005,2.22046050843253e-07,0.788461049518918,0.211538728435031,0.118329031422724,0.323367541103441,0.161683770551721,4.92214416562355e-06,0.770379422725634,0.229615655130201,0.132640428581825,0.359531772575251,0.179765886287625,0,0.788461538461538,0.211538461538462,0.132640022435137,0.359530607928237,0.179765303964119,2.41688621082655e-07,0.788460956138032,0.211538802173347,27,0,20,7,25,0,21,4
140,5,0.0434782608695652,0.608695652173913,0.347826086956522,0.128522755065311,0.314981601389266,0.157490800694633,0.0433116975382628,0.451371414810582,0.505316887651155,0.0179713680528259,0.0440900297641692,0.0220450148820846,0.0435477735752989,0.630671154350264,0.325781072074437,0.141612281029975,0.3473244749512,0.1736622374756,0.0430307497433661,0.435480925824512,0.521488324432122,0.146949826909762,0.377518557794274,0.188759278897137,0.024390243902439,0.439024390243902,0.536585365853659,0.141878870959705,0.348797579913187,0.174398789956593,0.0422045173782249,0.43557060570866,0.522224876913115,18,1,12,5,23,0,6,17
141,1,0.565217391304348,0.0434782608695652,0.391304347826087,0.0607806963163038,0.156070033577819,0.0780350167889094,0.487182374515438,0.051281322558879,0.461536302925683,0.0565371338559462,0.15808788164781,0.0790439408239052,0.486173450480443,0.072573687211789,0.441252862307768,0.061629907128133,0.16233439713486,0.0811671985674302,0.484050192736918,0.0565612676783907,0.459388539584692,0.0607827945885065,0.156075808249721,0.0780379041248606,0.487179487179487,0.0512820512820513,0.461538461538462,0.0607829190745441,0.156076004293898,0.078038002146949,0.487179389157399,0.0512819204821737,0.461538690360427,24,12,0,12,15,7,2,6
141,2,0.565217391304348,0.0434782608695652,0.391304347826087,0.0352038590296068,0.0969806428612048,0.0484903214306024,0.516727069873745,0.0579518259356243,0.42532110419063,0.116035986609159,0.318427253885059,0.159213626942529,0.406003764361818,0.0886642807794467,0.505331954858735,0.049657687316899,0.136729533522121,0.0683647667610604,0.496852624543287,0.0637493947097513,0.439397980746961,0.0470734542688314,0.130434782608696,0.0652173913043478,0.5,0.0645161290322581,0.435483870967742,0.0485970232005368,0.133367629505243,0.0666838147526215,0.498533576551726,0.0624167785941724,0.439049644854101,23,16,0,7,39,15,4,20
141,3,0.565217391304348,0.0434782608695652,0.391304347826087,0.030688646569758,0.0820706043347404,0.0410353021673702,0.524182089136978,0.076233866212429,0.399584044650593,0.194108266760826,0.476876153028786,0.238438076514393,0.802239195184534,0.0448945335037717,0.152866271311694,0.0113065276871472,0.0319029981155509,0.0159514990577754,0.549265892246572,0.0504955685026234,0.400238539250804,0.0292751851798743,0.0822561692126909,0.0411280846063455,0.540540540540541,0.027027027027027,0.432432432432432,0.0277963078684678,0.0703853236159288,0.0351926618079643,0.530024729496383,0.0762423046146666,0.39373296588895,18,4,0,14,19,16,1,2
141,4,0.565217391304348,0.0434782608695652,0.391304347826087,0.10955178408017,0.301036848588602,0.150518424294301,0.715735815598649,8.08855838416843e-06,0.284256095842967,0.0361812906499865,0.0902069064226098,0.0451034532113049,0.610320844515653,7.70933512608433e-07,0.389678384550835,0.10909740807525,0.299877555479606,0.149938777739803,0.715156169044151,7.10799037842709e-06,0.284836722965471,0.110526523722585,0.303527481542248,0.151763740771124,0.716981132075472,0,0.283018867924528,0.110717213853324,0.304012759518182,0.152006379759091,0.717223771063439,1.94525677663758e-06,0.282774283679785,26,15,0,11,27,23,0,4
141,5,0.565217391304348,0.0434782608695652,0.391304347826087,0.113288765035018,0.286897880793632,0.143448940396816,0.708666331701164,0.0335463270247678,0.257787341274068,0.175487285505607,0.437743192595921,0.218871596297961,0.775970015852879,0.051597232618995,0.172432751528126,0.105753386281654,0.264978544173913,0.132489272086956,0.697706663391304,0.0373219985056644,0.264971338103032,0.107955758484727,0.275815217391304,0.137907608695652,0.703125,0.03125,0.265625,0.10988908596617,0.279389452542853,0.139694726271427,0.704912117575774,0.0326008427116436,0.262487039712582,35,22,0,13,29,23,2,4
142,1,0.521739130434783,0.0869565217391304,0.391304347826087,0.0540240347104772,0.143318833404944,0.0716594167024722,0.462961862562012,0.0740743729094287,0.462963764528559,0.0540235055583878,0.143316937944961,0.0716584689724804,0.462961985420222,0.0740751977812102,0.462962816798567,0.0540465331800727,0.143002051036173,0.0715010255180866,0.450238104916696,0.0993137847116755,0.450448110371628,0.0540233049829831,0.143317230273752,0.071658615136876,0.462962962962963,0.0740740740740741,0.462962962962963,0.0540315544116431,0.143339597528882,0.0716697987644408,0.462954432207998,0.0740714212014738,0.462974146590528,26,11,2,13,28,14,2,12
142,2,0.521739130434783,0.0869565217391304,0.391304347826087,0.0573207341167827,0.160781904877474,0.080390952438737,0.490569778191125,0.0377349215440512,0.471695300264824,0.0239099090253075,0.0676271390975902,0.0338135695487951,0.538732576471099,0.0531429521903353,0.408124471338566,0.0532797334335819,0.15039484303716,0.07519742151858,0.48827634035269,0.0452218903026433,0.466501769344667,0.0573224616822702,0.16078753076292,0.0803937653814602,0.490566037735849,0.0377358490566038,0.471698113207547,0.0573255659056215,0.16079684195199,0.0803984209759951,0.49056218064046,0.0377350505574581,0.471702768802082,26,11,0,15,27,15,2,10
142,3,0.521739130434783,0.0869565217391304,0.391304347826087,0.0908340720919469,0.256523599370106,0.128261799685053,0.650000930119836,0.0166672101394225,0.333331859740742,0.0771743293258093,0.216004230041582,0.108002115020791,0.629741245455573,0.0193366161273131,0.350922138417113,0.0783090167397318,0.221408567539019,0.11070428376951,0.632443414204292,0.0289824873269594,0.338574098468748,0.0908334609951141,0.256521739130435,0.128260869565217,0.65,0.0166666666666667,0.333333333333333,0.0908330741250069,0.256520755140362,0.128260377570181,0.649999508004963,0.0166677867242469,0.33333270527079,32,23,0,9,28,16,1,11
142,4,0.521739130434783,0.0869565217391304,0.391304347826087,0.0945090820098428,0.264218537593801,0.1321092687969,0.653848399231683,0.0384605233063817,0.307691077461935,0.10226883586643,0.280125674337212,0.140062837168606,0.661801967603389,0.0481528699245228,0.290045162472089,0.0835061219226502,0.233188247121116,0.116594123560558,0.638333253995341,0.0449157314009676,0.316751014603692,0.0945074993374234,0.264214046822743,0.132107023411371,0.653846153846154,0.0384615384615385,0.307692307692308,0.0945057134796797,0.264210277343415,0.132105138671707,0.65384426910649,0.0384586974271061,0.307697033466404,28,18,0,10,24,16,2,6
142,5,0.521739130434783,0.0869565217391304,0.391304347826087,0.0557651077318558,0.154512138576218,0.0772560692881088,0.598995199722891,0.0620487523669803,0.338956047910128,0.0681214469078985,0.190418907786468,0.0952094538932339,0.461399914481826,0.0520862837988531,0.486513801719321,0.049723023231029,0.137847730428762,0.0689238652143809,0.590662995649163,0.0645649727953771,0.344772031555459,0.0561246265164845,0.156521739130435,0.0782608695652174,0.6,0.0363636363636364,0.363636363636364,0.0507635050964964,0.141532639101548,0.0707663195507741,0.592505449985557,0.0620374045597639,0.34545714545468,29,12,1,16,26,21,1,4
143,1,0.478260869565217,0.130434782608696,0.391304347826087,0.14034168422887,0.360776826832898,0.180388413416449,0.297872456148768,0.148944278763583,0.553183265087649,0.140345206954247,0.36077719023664,0.18038859511832,0.297872274446897,0.148934368117561,0.553193357435542,0.130606858711891,0.352178765048128,0.176089382524064,0.302171487041154,0.170192577764204,0.527635935194643,0.140344539595748,0.360777058279371,0.180388529139686,0.297872340425532,0.148936170212766,0.553191489361702,0.140314138779205,0.360704825780132,0.180352412890066,0.297908456675152,0.148939225537171,0.553152317787677,23,6,3,14,24,8,4,12
143,2,0.478260869565217,0.130434782608696,0.391304347826087,0.100056916310683,0.281451799136945,0.140725899568472,0.561439655076698,0.187981896665687,0.250578448257615,0.137062199594138,0.386382268298294,0.193191134149147,0.561183137805938,0.240703648517122,0.19811321367694,0.0973717018900309,0.274997008256437,0.137498504128218,0.553528826663175,0.192665329638956,0.253805843697869,0.100174063562903,0.282608695652174,0.141304347826087,0.557692307692308,0.192307692307692,0.25,0.100812950233177,0.283737488378973,0.141868744189487,0.561435379267399,0.189129017096001,0.2494356036366,25,14,2,9,27,15,8,4
143,3,0.478260869565217,0.130434782608696,0.391304347826087,0.208831138642608,0.577392259566243,0.288696129783122,0.280000142094837,0.0399993802959548,0.680000477609209,0.224291635862223,0.61082849144052,0.30541424572026,0.251380228789517,0.0519011776641366,0.696718593546347,0.196837878111546,0.543395175076396,0.271697587538198,0.289942645804681,0.047055418831034,0.663001935364285,0.208830874066679,0.577391304347826,0.288695652173913,0.28,0.04,0.68,0.208839700670871,0.577414444279624,0.288707222139812,0.279989397097781,0.0399990329363206,0.680011569965899,24,5,2,17,26,9,0,17
143,4,0.478260869565217,0.130434782608696,0.391304347826087,0.0268096220274356,0.0728217083181369,0.0364108541590684,0.441850015406149,0.13948482742225,0.418665157171601,0.0529601736983223,0.149770574775697,0.0748852873878486,0.403375582177369,0.169024290228375,0.427600127594256,0.0319008636480101,0.0884338646465939,0.044216932323297,0.43404393724192,0.144787939352201,0.421168123405878,0.02678997229422,0.0728008088978767,0.0364004044489383,0.441860465116279,0.13953488372093,0.418604651162791,0.026786345889054,0.0727637747054304,0.0363818873527152,0.441878982212502,0.139486186164084,0.418634831623414,21,7,5,9,22,12,1,9
143,5,0.478260869565217,0.130434782608696,0.391304347826087,0.0238777944445607,0.0644880732281557,0.0322440366140778,0.510504906179295,0.122999833912725,0.36649525990798,0.0666513808180818,0.175485446652412,0.0877427233262063,0.390518146239011,0.144481310241899,0.46500054351909,0.0207232889632634,0.0542880357970635,0.0271440178985318,0.501402819863599,0.134436850208846,0.364160329927555,0.0284740466127211,0.0805152979066023,0.0402576489533011,0.518518518518518,0.111111111111111,0.37037037037037,0.023877809884071,0.0644881238928479,0.0322440619464239,0.510504931511641,0.122999814383394,0.366495254104964,27,9,4,14,27,19,2,6
144,1,0.434782608695652,0.173913043478261,0.391304347826087,0.132453823459964,0.334636634998891,0.167318317499446,0.602100926195098,0.163188502679212,0.23471057112569,0.0787296682046827,0.216733592736877,0.108366796368439,0.511102381177849,0.205960067364502,0.282937551457648,0.11512453540897,0.286098216815474,0.143049108407737,0.573636223620063,0.178108536961587,0.24825523941835,0.128155510276886,0.320910973084886,0.160455486542443,0.595238095238095,0.166666666666667,0.238095238095238,0.12637146796441,0.315741999123552,0.157870999561776,0.592653608257428,0.167518445926696,0.239827945815875,26,12,6,8,16,13,1,2
144,2,0.434782608695652,0.173913043478261,0.391304347826087,0.214287313980754,0.570419421587415,0.285209710793707,0.71999231948936,0.120022026073891,0.15998565443675,0.214287697323338,0.570435304396257,0.285217652198128,0.72000026089378,0.120000293911072,0.159999445195148,0.189515588012003,0.497405321195118,0.248702660597559,0.683485269293211,0.136074585678747,0.180440145028042,0.214287406600573,0.570434782608696,0.285217391304348,0.72,0.12,0.16,0.214256456512526,0.570326409797259,0.28516320489863,0.719945813594282,0.120045609372635,0.160008577033083,29,22,2,5,21,14,4,3
144,3,0.434782608695652,0.173913043478261,0.391304347826087,0.0578999431688063,0.155529151804181,0.0777645759020906,0.357018032793562,0.190589292171877,0.452392675034562,0.0578289829095413,0.155279705328277,0.0776398526641385,0.357142756031514,0.19047703003583,0.452380213932656,0.0549533039345315,0.152397074663263,0.0761985373316318,0.35858407136402,0.198778431331124,0.442637497304855,0.0578291174744066,0.15527950310559,0.077639751552795,0.357142857142857,0.19047619047619,0.452380952380952,0.0578208795236134,0.155246399123191,0.0776231995615957,0.357159409134056,0.190456721697048,0.452383869168895,20,8,2,10,22,7,6,9
144,4,0.434782608695652,0.173913043478261,0.391304347826087,0.0691688106726118,0.193888846707689,0.0969444233538447,0.37500461795498,0.270857466832106,0.354137915212915,0.0691535487736815,0.193839281714834,0.0969196408574168,0.374997711046769,0.270832684335678,0.354169604617553,0.0759332905789416,0.213520390752387,0.106760195376194,0.371377919262916,0.280673238854454,0.34794884188263,0.0691537182657773,0.193840579710145,0.0969202898550725,0.375,0.270833333333333,0.354166666666667,0.0691501757611876,0.19383176976474,0.0969158848823698,0.375006377744045,0.270828928360631,0.354164693895324,28,9,7,12,20,9,6,5
144,5,0.434782608695652,0.173913043478261,0.391304347826087,0.0255263782250582,0.0669773286787269,0.0334886643393634,0.406364545395472,0.207401707817624,0.386233746786904,0.270339737844006,0.736934139846243,0.368467069923122,0.338863141543535,0.542380113401383,0.118756745055082,0.0731550702286595,0.195391933119691,0.0976959665598456,0.356453783523183,0.271609010038107,0.37193720643871,0.133857403167822,0.336231884057971,0.168115942028985,0.266666666666667,0.333333333333333,0.4,0.0307415915549251,0.0865982412083838,0.0432991206041919,0.409748112179608,0.217212164082453,0.373039723737939,16,5,10,1,14,3,0,11
145,1,0.391304347826087,0.217391304347826,0.391304347826087,0.0698854274694635,0.196766852349331,0.0983834261746654,0.489687774000752,0.176353458409588,0.33395876758966,0.0447143543810893,0.122759680024065,0.0613798400120325,0.329924507814054,0.234911309333257,0.435164182852688,0.0657670884693488,0.185123447444593,0.0925617237222965,0.483866071548383,0.17899779722516,0.337136131226456,0.0769163445801481,0.217391304347826,0.108695652173913,0.5,0.166666666666667,0.333333333333333,0.0662977416930323,0.186705346463097,0.0933526732315486,0.484657021057636,0.178267757335029,0.337075221607336,26,19,2,5,28,8,7,13
145,2,0.391304347826087,0.217391304347826,0.391304347826087,0.113111256816754,0.277924594204942,0.138962297102471,0.392168117995443,0.078429007245355,0.529402874759202,0.113115682940315,0.277921831577929,0.138960915788965,0.392154386059169,0.0784303885588614,0.529415225381969,0.0975985758902858,0.243840957778693,0.121920478889347,0.386377764734199,0.100397408550367,0.513224826715434,0.113113877758104,0.277919863597613,0.138959931798806,0.392156862745098,0.0784313725490196,0.529411764705882,0.113109598439172,0.277923597015834,0.138961798507917,0.392171212034803,0.0784295058399091,0.529399282125288,23,11,1,11,28,9,3,16
145,3,0.391304347826087,0.217391304347826,0.391304347826087,0.0768134442628791,0.217258406209156,0.108629203104578,0.282675144721509,0.27218549315796,0.445139362120531,0.0321184947849672,0.0898502068840334,0.0449251034420167,0.436229451268104,0.189123765854996,0.3746467828769,0.0693511290265749,0.196141701984916,0.0980708509924579,0.293233496833629,0.2674012990321,0.439365204134271,0.0510439391560791,0.144310823311748,0.0721554116558742,0.319148936170213,0.25531914893617,0.425531914893617,0.0681197807744953,0.192671544001184,0.0963357720005918,0.294968575825495,0.26541402170332,0.439617402471185,26,13,4,9,21,2,8,11
145,4,0.391304347826087,0.217391304347826,0.391304347826087,0.134289271545171,0.369971915728883,0.184985957864442,0.261588268231372,0.402377262212268,0.33603446955636,0.0668396423406718,0.179885864010595,0.0899429320052976,0.301361415820789,0.237183246545184,0.461455337634027,0.1198120227253,0.324610666039453,0.162305333019726,0.268019563646822,0.379696637367552,0.352283798985626,0.136859712964109,0.365217391304348,0.182608695652174,0.244444444444444,0.4,0.355555555555556,0.119683021927725,0.324318021740054,0.162159010870027,0.268220318802901,0.379550315217853,0.352229365979246,26,8,5,13,19,3,13,3
145,5,0.391304347826087,0.217391304347826,0.391304347826087,0.131082586102579,0.349747157354324,0.174873578677162,0.216430769148925,0.251551549321257,0.532017681529818,0.173104921472515,0.438334437623557,0.219167218811779,0.172137129014308,0.42143267365591,0.406430197329782,0.131420406948267,0.352304634178774,0.176152317089387,0.2151520307367,0.254137589215467,0.530710380047833,0.146210162624951,0.405250205086136,0.202625102543068,0.188679245283019,0.283018867924528,0.528301886792453,0.130804482440133,0.350599910312538,0.175299955156269,0.216004392669818,0.253883064293753,0.530112543036429,26,6,2,18,27,4,13,10
146,1,0.347826086956522,0.260869565217391,0.391304347826087,0.154926938149395,0.421144770662641,0.21057238533132,0.137253701625201,0.313734510774381,0.549011787600418,0.154926023775434,0.421138462397403,0.210569231198701,0.13725685575782,0.313727485149456,0.549015659092724,0.139605336187634,0.379106098381943,0.189553049190972,0.15827303776555,0.307826575021348,0.533900387213102,0.154928021995277,0.421142369991475,0.210571184995737,0.137254901960784,0.313725490196078,0.549019607843137,0.154926537078913,0.421145395447692,0.210572697723846,0.137253389232676,0.31373738618247,0.549009224584854,22,4,4,14,29,3,12,14
146,2,0.347826086956522,0.260869565217391,0.391304347826087,0.137414234645819,0.345238953487169,0.172619476743585,0.175206610212937,0.269875390288999,0.554917999498064,0.0571622717787828,0.143629060228726,0.0718145301143631,0.276011556842159,0.264631956333195,0.459356486824646,0.133795209472966,0.344001070536786,0.172000535268393,0.175825551688129,0.27857928432976,0.545595163982111,0.129973619603794,0.32377428307123,0.161887141535615,0.191489361702128,0.25531914893617,0.553191489361702,0.136325419971385,0.342588573813997,0.171294286906999,0.176531800049523,0.269896667883059,0.553571532067418,23,1,6,16,24,8,6,10
146,3,0.347826086956522,0.260869565217391,0.391304347826087,0.0215467071435249,0.0608112493528054,0.0304056246764027,0.334359469918837,0.243930557578674,0.42170997250249,0.0591962628589868,0.166848297144339,0.0834241485721696,0.312164209440942,0.344293713789561,0.343542076769497,0.0249937573042004,0.0668801336974914,0.0334400668487457,0.341023376917794,0.234232208407373,0.424744414674833,0.0264412855825223,0.0745341614906832,0.0372670807453416,0.326530612244898,0.244897959183673,0.428571428571429,0.0274196356655864,0.0756652279275399,0.03783261396377,0.33627691106832,0.234586127141823,0.429136961789857,21,6,9,6,28,10,3,15
146,4,0.347826086956522,0.260869565217391,0.391304347826087,0.166911402728643,0.457940352281858,0.228970176140929,0.183655806225076,0.48983974135832,0.326504452416604,0.166880917016273,0.457849540993522,0.228924770496761,0.183675194122966,0.489794335714153,0.326530470162881,0.156462664333076,0.43020240021714,0.21510120010857,0.195337159394455,0.475970765325961,0.328692075279584,0.166882187827579,0.457852706299911,0.228926353149956,0.183673469387755,0.489795918367347,0.326530612244898,0.16688221006289,0.45785241250074,0.22892620625037,0.183672923234958,0.489795771467761,0.326531305297281,31,7,15,9,18,2,9,7
146,5,0.347826086956522,0.260869565217391,0.391304347826087,0.0965866920797589,0.254066914672738,0.127033457336369,0.367864554755141,0.367864554755141,0.264270890489718,0.0481793685572672,0.13578530254234,0.0678926512711702,0.386754205381248,0.192976913946221,0.420268880672531,0.0668501191136795,0.183649674336981,0.0918248371684907,0.374256280372557,0.326264208969847,0.299479510657596,0.0633669730372473,0.16118769883351,0.0805938494167551,0.341463414634146,0.341463414634146,0.317073170731707,0.0679617203191411,0.187452366585883,0.0937261832929415,0.376257003823299,0.326164831643556,0.297578164533145,26,10,4,12,15,4,10,1
147,1,0.304347826086957,0.304347826086957,0.391304347826087,0.107621867447047,0.30421642756064,0.15210821378032,0.375817393239596,0.384986472714637,0.239196134045767,0.237378835945255,0.666459215603641,0.333229607801821,0.637577433888777,0.172969210902625,0.189453355208598,0.127397706067881,0.35780437860879,0.178902189304395,0.412258830370783,0.375339011107525,0.212402158521692,0.157375070785125,0.44298605414274,0.22149302707137,0.433962264150943,0.39622641509434,0.169811320754717,0.108369140504691,0.304755697724326,0.152377848862163,0.394733556591699,0.366339944444377,0.238926498963924,29,20,4,5,24,3,17,4
147,2,0.304347826086957,0.304347826086957,0.391304347826087,0.0520287487243588,0.136439696995329,0.0682198484976646,0.294113103281263,0.372567674584621,0.333319222134116,0.0520131600498562,0.136396604282312,0.0681983021411557,0.294119094291198,0.372546128228112,0.33333477748069,0.046654522858014,0.121938749191448,0.0609693745957239,0.295703886846754,0.36531720068268,0.338978912470566,0.0520150551345157,0.136402387041773,0.0682011935208866,0.294117647058824,0.372549019607843,0.333333333333333,0.051993633705905,0.136361199426987,0.0681805997134936,0.294102049415776,0.37252842580045,0.333369524783774,23,9,6,8,28,6,13,9
147,3,0.304347826086957,0.304347826086957,0.391304347826087,0.0425500652365927,0.113403434597336,0.0567017172986683,0.247646108788288,0.350147137934035,0.402206753277677,0.110094229319977,0.307533309658227,0.153766654829113,0.248629821522236,0.45811448091607,0.293255697561694,0.040514589113261,0.105410003207,0.0527050016034999,0.258532925612868,0.357052827690456,0.384414246696676,0.0570366219460888,0.143579373104146,0.0717896865520728,0.232558139534884,0.372093023255814,0.395348837209302,0.0468397367757595,0.117036715523278,0.0585183577616388,0.248206631554511,0.362866183848595,0.388927184596894,25,6,13,6,18,4,3,11
147,4,0.304347826086957,0.304347826086957,0.391304347826087,0.121816243017737,0.303582775217359,0.15179138760868,0.157894874822395,0.456139213695636,0.385965911481969,0.121815680749991,0.303581659534564,0.151790829767282,0.157895709793772,0.456138655854239,0.385965634351989,0.111406020253841,0.280526905266867,0.140263452633433,0.172074528220186,0.44461127872039,0.383314193059424,0.121816785246668,0.303585049580473,0.151792524790236,0.157894736842105,0.456140350877193,0.385964912280702,0.121815672589461,0.303585164072064,0.151792582036032,0.157897682149628,0.456140408122988,0.385961909727383,23,5,9,9,34,4,17,13
147,5,0.304347826086957,0.304347826086957,0.391304347826087,0.155424831805025,0.416378980029704,0.208189490014852,0.512537316101808,0.139194341345178,0.348268342553013,0.206184780358677,0.579568551495907,0.289784275747954,0.59413210183491,0.187510110756656,0.218357787408434,0.153940050537766,0.418287135910993,0.209143567955497,0.513491394042453,0.147425925332944,0.339082680624603,0.156284984259056,0.413526570048309,0.206763285024155,0.511111111111111,0.133333333333333,0.355555555555556,0.157219537181106,0.425333877156321,0.212666938578161,0.517014764665117,0.141831136580391,0.341154098754492,24,15,5,4,21,8,1,12
148,1,0.260869565217391,0.347826086956522,0.391304347826087,0.128721375991543,0.364011714913489,0.182005857456745,0.348841018346216,0.441860491284442,0.209298490369342,0.128718997546788,0.364004928598939,0.18200246429947,0.348838020444035,0.441860096029348,0.209301883526617,0.118558758058588,0.335239603946148,0.167619801973074,0.34813925788448,0.428176196262507,0.223684545853013,0.128718694294837,0.364004044489383,0.182002022244692,0.348837209302326,0.441860465116279,0.209302325581395,0.128718887978432,0.364004411112012,0.182002205556006,0.348833224470294,0.441864633259625,0.209302142270081,18,6,9,3,25,9,10,6
148,2,0.260869565217391,0.347826086956522,0.391304347826087,0.0582296887213278,0.163025272273078,0.0815126361365388,0.230252901257042,0.429338723093061,0.340408375649897,0.0953559391640223,0.249831046185158,0.124915523092579,0.242414266882377,0.241365862198957,0.516219870918666,0.120214949635791,0.332477368923325,0.166238684461662,0.208588121994848,0.514064771418184,0.277347106586968,0.138631351229775,0.391304347826087,0.195652173913043,0.173913043478261,0.543478260869565,0.282608695652174,0.117200602145574,0.323142324401379,0.161571162200689,0.212100251447366,0.509397249157211,0.278502499395423,33,5,23,5,13,3,2,8
148,3,0.260869565217391,0.347826086956522,0.391304347826087,0.0755172065295273,0.195727907241208,0.0978639536206038,0.272771045685582,0.249962133335918,0.4772668209785,0.0754516749850656,0.195541072844832,0.097770536422416,0.272739640023286,0.250055550534106,0.477204809442608,0.0715294227404791,0.195622544827526,0.0978112724137627,0.287427858898152,0.250014814542759,0.462557326559089,0.0755007964225022,0.195652173913043,0.0978260869565217,0.272727272727273,0.25,0.477272727272727,0.0754633877564776,0.195554111860999,0.0977770559304997,0.27272000687004,0.250049031026022,0.477230962103938,22,6,8,8,22,6,3,13
148,4,0.260869565217391,0.347826086956522,0.391304347826087,0.191478490359521,0.535246669688817,0.267623334844408,0.162825640114347,0.178246677215158,0.658927682670495,0.100916994763826,0.279527335502998,0.139763667751499,0.165968785905639,0.302963198516776,0.531068015577586,0.180889142019897,0.506051316097266,0.253025658048633,0.166988543189222,0.188681450936058,0.64433000587472,0.182433859453689,0.515636918382914,0.257818459191457,0.140350877192982,0.210526315789474,0.649122807017544,0.182286334758423,0.510516883868108,0.255258441934054,0.164462253633671,0.188974956606188,0.646562789760141,32,5,11,16,25,3,1,21
148,5,0.260869565217391,0.347826086956522,0.391304347826087,0.105493918869589,0.287479995710762,0.143739997855381,0.367345346033324,0.204086089101141,0.428568564865535,0.105497345757125,0.287489798512569,0.143744899256285,0.367348197762,0.204081187700237,0.428570614537763,0.0961720703694725,0.257532110079641,0.12876605503982,0.36317459137711,0.219060031916701,0.417765376706189,0.105496815955293,0.287488908606921,0.143744454303461,0.36734693877551,0.204081632653061,0.428571428571429,0.105506366145217,0.287510123115395,0.143755061557697,0.367362867736299,0.204071025398824,0.428566106864877,24,8,5,11,25,10,5,10
149,1,0.217391304347826,0.391304347826087,0.391304347826087,0.050132758286726,0.134214214658014,0.0671071073290068,0.284498411676833,0.33794126893752,0.377560319385647,0.128576367683759,0.359379031869244,0.179689515934622,0.283120053368595,0.50526511473994,0.211614831891465,0.0458990129996847,0.124898257782834,0.0624491288914168,0.279840433239243,0.344744894497662,0.375414672263095,0.0272809191575661,0.0683229813664596,0.0341614906832298,0.25,0.357142857142857,0.392857142857143,0.0493641884190242,0.135448331294071,0.0677241656470355,0.285115469994862,0.342768728006908,0.372115801998231,27,6,4,17,29,8,16,5
149,2,0.217391304347826,0.391304347826087,0.391304347826087,0.0278869984885559,0.0785592813360824,0.0392796406680412,0.233971811230555,0.352024707158046,0.414003481611399,0.0554650872411493,0.137685985207033,0.0688429926035164,0.286234296951343,0.389441193482214,0.324324509566443,0.0265497275290025,0.074944012840015,0.0374720064200075,0.238181230375414,0.353832341406079,0.407986428218506,0.032797526607259,0.0903010033444816,0.0451505016722408,0.230769230769231,0.346153846153846,0.423076923076923,0.0293866695138818,0.0818792137098709,0.0409396068549354,0.231670311332213,0.350364740971152,0.417964947696636,24,8,10,6,28,4,8,16
149,3,0.217391304347826,0.391304347826087,0.391304347826087,0.122943454761002,0.338951708375242,0.169475854187621,0.166285069723888,0.560780202013708,0.272934728262404,0.0770692492721494,0.217253471182978,0.108626735591489,0.170803090991416,0.499931083417576,0.329265825591008,0.112467221138671,0.298224167774779,0.14911208388739,0.190767543541713,0.540416431713477,0.26881602474481,0.120293816582127,0.333670374115268,0.166835187057634,0.162790697674419,0.558139534883721,0.27906976744186,0.120484527000499,0.332285527529346,0.166142763764673,0.167064668704816,0.55744711159076,0.275488219704424,25,4,11,10,18,3,13,2
149,4,0.217391304347826,0.391304347826087,0.391304347826087,0.045393222081889,0.12799793647241,0.0639989682362052,0.281390272584031,0.354955614923488,0.363654112492481,0.127863631861737,0.361332924546281,0.18066646227314,0.314311233184446,0.475050881262608,0.210637885552947,0.0440811420598651,0.119326650891833,0.0596633254459167,0.277054629793743,0.345822243399969,0.377123126806288,0.0344395587522403,0.091699604743083,0.0458498023715415,0.254545454545455,0.345454545454545,0.4,0.0445213037436984,0.120886966597988,0.0604434832989941,0.27783478764682,0.345813070310325,0.376352142042855,30,6,6,18,25,8,13,4
149,5,0.217391304347826,0.391304347826087,0.391304347826087,0.0581847085841849,0.158351272481461,0.0791756362407305,0.27638542141844,0.411485866996204,0.312128711585356,0.123930770114162,0.342542105132671,0.171271052566335,0.388662356914161,0.33788564302252,0.273452000063319,0.0520398442704501,0.143666199706915,0.0718330998534574,0.267172284000348,0.413356468027022,0.31947124797263,0.0639982671473032,0.173913043478261,0.0869565217391304,0.282608695652174,0.41304347826087,0.304347826086957,0.0555658579580567,0.153886526852496,0.0769432634262481,0.269688546930335,0.415950368669826,0.314361084399839,25,3,13,9,21,10,6,5
150,1,0.173913043478261,0.434782608695652,0.391304347826087,0.0800800357874712,0.210290292298841,0.10514514614942,0.279058189627681,0.418646169862883,0.302295640509436,0.0800761844137721,0.210311246597597,0.105155623298798,0.279068666777059,0.418605540608487,0.302325792614453,0.0860246440009065,0.23078155860563,0.115390779302815,0.289303822781076,0.410465132432305,0.300231044786619,0.0800768043406404,0.210313447927199,0.1051567239636,0.27906976744186,0.418604651162791,0.302325581395349,0.0800779557705985,0.210316635656709,0.105158317828355,0.279071361306616,0.41860420038129,0.302324438312095,27,7,10,10,16,5,8,3
150,2,0.173913043478261,0.434782608695652,0.391304347826087,0.061534606268412,0.169239468033784,0.0846197340168922,0.149192579930295,0.519402342712544,0.331405077357161,0.13212388420205,0.337458893851187,0.168729446925594,0.188758981925117,0.58866611717439,0.222574900900493,0.0613509729679356,0.163923102677328,0.0819615513386641,0.157582641087811,0.516744160034316,0.325673198877873,0.0593626858807928,0.166149068322981,0.0830745341614907,0.142857142857143,0.517857142857143,0.339285714285714,0.0632633303157488,0.173077336333618,0.0865386681668092,0.150307575441376,0.521321276862461,0.328371147696162,29,6,18,5,27,2,11,14
150,3,0.173913043478261,0.434782608695652,0.391304347826087,0.0640009832185981,0.173922260428306,0.0869611302141529,0.108695179704405,0.521743738909805,0.36956108138579,0.0631802623486934,0.171428447931116,0.085714223965558,0.109205938745799,0.52049683266121,0.370297228592991,0.0493391402037782,0.136454514695019,0.0682272573475094,0.127138168807383,0.503009866043162,0.369851965149455,0.0639982671473032,0.173913043478261,0.0869565217391304,0.108695652173913,0.521739130434783,0.369565217391304,0.0639919690967526,0.173890859890999,0.0869454299454994,0.108695735568098,0.521728038641152,0.36957622579075,26,4,11,11,20,1,13,6
150,4,0.173913043478261,0.434782608695652,0.391304347826087,0.0139164421584566,0.0381486508577443,0.0190743254288721,0.192987368907133,0.421046800294853,0.385965830798014,0.0139126633489263,0.038139634301098,0.019069817150549,0.19298286062881,0.421052481702428,0.385964657668763,0.0242078502223143,0.0672471008304145,0.0336235504152073,0.207536593893468,0.41239206465559,0.380071341450942,0.0139123966644337,0.0381388253241801,0.01906941266209,0.192982456140351,0.421052631578947,0.385964912280702,0.0139068249324485,0.0381212180633406,0.0190606090316703,0.192973652509931,0.421054738568773,0.385971608921295,27,5,10,12,30,6,14,10
150,5,0.173913043478261,0.434782608695652,0.391304347826087,0.150918901555303,0.380347958733177,0.190173979366588,0.162731747576118,0.255789925231207,0.581478327192675,0.150872607334934,0.380180702405865,0.190090351202933,0.162790804257267,0.255814496713713,0.58139469902902,0.133721608615481,0.336042871424109,0.168021435712055,0.182765257011673,0.266761172983597,0.55047357000473,0.150873097655273,0.380182002022245,0.190091001011122,0.162790697674419,0.255813953488372,0.581395348837209,0.150849936956566,0.380122949706882,0.190061474853441,0.162793163823947,0.255841013496525,0.581365822679528,20,4,5,11,23,3,6,14
151,1,0.130434782608696,0.478260869565217,0.391304347826087,0.0789391121120217,0.219948003779668,0.109974001889834,0.0588235730268975,0.588234871455052,0.352941555518051,0.0789383512801637,0.21994624703686,0.10997312351843,0.0588250733753748,0.588233993083648,0.352940933540978,0.0598716455399892,0.169127059859604,0.084563529929802,0.0844546445071612,0.562824399495019,0.352720955997819,0.0789393829815519,0.219948849104859,0.10997442455243,0.0588235294117647,0.588235294117647,0.352941176470588,0.078943648654098,0.219962245092664,0.109981122546332,0.0588230298373545,0.58824199211155,0.352934978051096,27,2,15,10,24,1,15,8
151,2,0.130434782608696,0.478260869565217,0.391304347826087,0.0928277434120736,0.260869521369963,0.130434760684982,2.19237139837132e-08,0.530611050357871,0.469388927718415,0.0928274605038168,0.260869025994962,0.130434512997481,2.69611214763209e-07,0.530612104934097,0.469387625454688,0.0930105569627233,0.260859089059722,0.130429544529861,5.23807883451473e-06,0.528726201329786,0.47126856059138,0.0928276494463975,0.260869565217391,0.130434782608696,0,0.530612244897959,0.469387755102041,0.0928270520071181,0.260867995076387,0.130433997538193,7.85070502229396e-07,0.530612348867412,0.469386866062086,20,0,12,8,29,0,14,15
151,3,0.130434782608696,0.478260869565217,0.391304347826087,0.144312963645359,0.390393889545069,0.195196944772535,0.17642936194646,0.627463234999988,0.196107403053552,0.1443269010878,0.390452965616792,0.195226482808396,0.17646947348936,0.627452661492948,0.196077865017691,0.130120354405142,0.362758642789674,0.181379321394837,0.194233621943781,0.595841351624969,0.20992502643125,0.144326184992385,0.390451832907076,0.195225916453538,0.176470588235294,0.627450980392157,0.196078431372549,0.144324089046057,0.390442927120689,0.195221463560344,0.176464518445797,0.627452597288461,0.196082884265743,31,5,21,5,20,4,11,5
151,4,0.130434782608696,0.478260869565217,0.391304347826087,0.106122879858529,0.267154397549735,0.133577198774867,0.13797013381684,0.34468367079035,0.51734619539281,0.19366886359,0.514857999412754,0.257428999706377,0.178160544547323,0.220831869858841,0.601007585593837,0.0934461527165198,0.237862031378833,0.118931015689416,0.140002040818857,0.359329853875801,0.500668105305342,0.0848112177669041,0.217391304347826,0.108695652173913,0.12,0.38,0.5,0.0925438691550626,0.227550412979548,0.113775206489774,0.131304947778989,0.364485663075443,0.504209389145568,30,2,16,12,20,4,3,13
151,5,0.130434782608696,0.478260869565217,0.391304347826087,0.180055218182395,0.469366096585763,0.234683048292882,0.0986661661202013,0.712943917858099,0.1883899160217,0.151132305269241,0.404273042956395,0.202136521478197,0.171360873803343,0.639471299848767,0.18916782634789,0.169025319862311,0.444177235710367,0.222088617855183,0.0959530134522965,0.700349487420401,0.203697499127303,0.180857780068384,0.455242966751918,0.227621483375959,0.117647058823529,0.705882352941177,0.176470588235294,0.17713999235237,0.45905584462708,0.22952792231354,0.102593574484251,0.707788791878757,0.189617633636992,22,0,18,4,29,6,18,5
152,1,0.0869565217391304,0.521739130434783,0.391304347826087,0.0462558309123633,0.123067031248104,0.0615335156240521,0.0754153375543886,0.471746798995472,0.452837863450139,0.0734551095067976,0.195260916489976,0.0976304582449878,0.105035780303682,0.424108672189795,0.470855547506523,0.0492623984374448,0.134301562752958,0.067150781376479,0.0694514537019951,0.472093417095439,0.458455129202566,0.0462652989887064,0.123051681706317,0.0615258408531583,0.0754716981132075,0.471698113207547,0.452830188679245,0.0463731637019796,0.123550528269524,0.0617752641347619,0.075136349476511,0.47178403856264,0.453079611960849,30,4,12,14,23,0,13,10
152,2,0.0869565217391304,0.521739130434783,0.391304347826087,0.128913534047367,0.36449542906504,0.18224771453252,1.21357625738452e-06,0.426446724065136,0.573552062358607,0.103616040473123,0.291244262684451,0.145622131342226,7.78181881265745e-07,0.463072742649806,0.536926479168313,0.126344969747466,0.357315270237136,0.178657635118568,7.64769020967234e-06,0.430030369365135,0.569961982944655,0.129953823411555,0.367391304347826,0.183695652173913,0,0.425,0.575,0.129895255612071,0.367228286014567,0.183614143007283,2.38868180275099e-06,0.425079120484827,0.57491849083337,22,0,7,15,18,0,10,8
152,3,0.0869565217391304,0.521739130434783,0.391304347826087,0.118979555534005,0.315465729080811,0.157732864540405,0.0588292216600934,0.392133565973414,0.549037212366492,0.118966537801882,0.315433865198534,0.157716932599267,0.0588285448266369,0.392150174748009,0.549021280425354,0.114716168692339,0.283877787692724,0.141938893846362,0.0840290607468952,0.382727697580656,0.533243241672449,0.118963765630742,0.315430520034101,0.15771526001705,0.0588235294117647,0.392156862745098,0.549019607843137,0.118968734198092,0.315448607335017,0.157724303667508,0.0588153970981906,0.392155951408214,0.549028651493595,28,1,14,13,23,2,6,15
152,4,0.0869565217391304,0.521739130434783,0.391304347826087,0.0770378465124783,0.214323006701407,0.107161503350704,0.0503920517561204,0.628900633785486,0.320707314458393,0.0518070138405685,0.139513680543288,0.0697568402716442,0.0714800976630574,0.467458714239211,0.461061188097731,0.0772420284766177,0.214369460782131,0.107184730391065,0.0516144064876367,0.628923860825848,0.319461732686515,0.0831945500681485,0.233117483811286,0.116558741905643,0.0425531914893617,0.638297872340426,0.319148936170213,0.0788839341542508,0.219261763454474,0.109630881727237,0.0500244510908738,0.63137001216202,0.318605536747107,24,0,20,4,23,2,10,11
152,5,0.0869565217391304,0.521739130434783,0.391304347826087,0.1855478571218,0.515772262783123,0.257886131391561,2.36351494761208e-06,0.779625261826344,0.220372374658708,0.129315557438232,0.365615332373961,0.182807666186981,1.05697492524292e-06,0.704546796621763,0.295452146403311,0.185082169719177,0.514562571088547,0.257281285544273,3.63980218107468e-06,0.779020415979056,0.220975944218763,0.194850971799553,0.539855072463768,0.269927536231884,0,0.791666666666667,0.208333333333333,0.194412350489452,0.538722170082987,0.269361085041493,1.20769559499683e-06,0.791100215476276,0.208898576828129,17,0,11,6,31,0,27,4
153,1,0.0434782608695652,0.565217391304348,0.391304347826087,0.0764966988849096,0.193610904951926,0.0968054524759628,0.133703776213797,0.468411938828385,0.397884284957818,0.168129759675157,0.463706091056377,0.231853045528188,0.113747932098352,0.333364345776159,0.552887722125489,0.0837524910998654,0.221077555869258,0.110538777934629,0.135593322278682,0.454678613369719,0.409728064351599,0.0721785276281776,0.201863354037267,0.100931677018633,0.107142857142857,0.464285714285714,0.428571428571429,0.0823008627727449,0.218542824117346,0.109271412058673,0.132826600042112,0.455945979245675,0.411227420712213,31,3,9,19,25,3,17,5
153,2,0.0434782608695652,0.565217391304348,0.391304347826087,0.0946675802337105,0.231888142304696,0.115944071152348,0.0434773853164878,0.681161462456696,0.275361152226816,0.0946644284005143,0.231881108041577,0.115940554020788,0.0434798225534265,0.681156383641275,0.275363793805299,0.0838932014788182,0.210950649820711,0.105475324910356,0.0491699802707499,0.665000996813519,0.285829022915731,0.09466627025249,0.231884057971015,0.115942028985507,0.0434782608695652,0.681159420289855,0.27536231884058,0.094664583123896,0.231881985979272,0.115940992989636,0.0434803215094765,0.681156323654072,0.275363354836451,18,0,13,5,51,3,34,14
153,3,0.0434782608695652,0.565217391304348,0.391304347826087,0.0716638362621727,0.202043836566734,0.101021918283367,2.01291447804529e-06,0.666239309587715,0.333758677497807,0.038329476416493,0.0995490285096078,0.0497745142548039,7.79387210487073e-07,0.614991905559152,0.385007315053638,0.0666445697059793,0.188315146058775,0.0941575730293874,6.63221867355469e-06,0.659374964333735,0.340618403447591,0.0719790551968664,0.202898550724638,0.101449275362319,0,0.666666666666667,0.333333333333333,0.0719731885068783,0.202882349292069,0.101441174646035,1.69595088307868e-06,0.666658565950382,0.333339738098735,25,0,14,11,26,0,20,6
153,4,0.0434782608695652,0.565217391304348,0.391304347826087,0.0389351598878018,0.10199843550964,0.0509992177548201,5.76497054676152e-08,0.557696376769387,0.442303565580907,0.0389424552239306,0.102027484793219,0.0510137423966094,1.48556268835725e-09,0.557681908291741,0.442318090222696,0.0407041790148583,0.108825840258727,0.0544129201293636,3.09230798439096e-06,0.554279639736565,0.445717267955451,0.0389372452369171,0.102006688963211,0.0510033444816053,0,0.557692307692308,0.442307692307692,0.0389380592062908,0.102010035466784,0.051005017733392,7.93689678174401e-08,0.557690555071553,0.442309365559479,19,0,12,7,33,0,17,16
153,5,0.0434782608695652,0.565217391304348,0.391304347826087,0.0597853370161269,0.167225107530957,0.0836125537654787,0.0961535497961389,0.596154656143253,0.307691794060608,0.0597850471292185,0.167223480415258,0.083611740207629,0.0961554448292703,0.596151947552272,0.307692607618458,0.0634157405082145,0.159134845536756,0.0795674227683779,0.119096357162756,0.569166717779535,0.311736925057709,0.0597850448942691,0.167224080267559,0.0836120401337793,0.0961538461538462,0.596153846153846,0.307692307692308,0.0597755158464271,0.16719459349063,0.0835972967453147,0.0961529114818565,0.596140037437371,0.307707051080772,27,2,17,8,25,3,14,8
154,1,0.521739130434783,0.0434782608695652,0.434782608695652,0.0835280507520544,0.233713357938802,0.116856678969401,0.638595809404184,9.54467017626404e-06,0.36139464592564,0.124632809008076,0.339330439677962,0.169665219838981,0.3955508618383,1.30962706645286e-06,0.604447828534633,0.115431795754956,0.316011562376323,0.158005781188162,0.679744911622944,5.34410266338646e-06,0.320249744274392,0.0983493750197269,0.272311212814645,0.136155606407323,0.657894736842105,0,0.342105263157895,0.0988934842973871,0.273712531034322,0.136856265517161,0.658595395951944,3.15991552822688e-06,0.341401444132528,17,6,0,11,21,19,0,2
154,2,0.521739130434783,0.0434782608695652,0.434782608695652,0.222402205374434,0.565207635178526,0.282603817589263,0.260873752528141,0.0217398211869432,0.717386426284915,0.19373696676465,0.488858580631138,0.244429290315569,0.292324858581654,0.0284632424071254,0.679211899011221,0.20442286193882,0.506825275426773,0.253412637713387,0.274535566753799,0.0372691868371621,0.688195246409039,0.222405931206128,0.565217391304348,0.282608695652174,0.260869565217391,0.0217391304347826,0.717391304347826,0.222405233455127,0.565215081999483,0.282607540999742,0.260870042514248,0.0217398077903577,0.717390149695394,28,6,0,22,18,6,1,11
154,3,0.521739130434783,0.0434782608695652,0.434782608695652,0.0344444248936025,0.0869564307626699,0.0434782153813349,0.562500887778356,4.54882303153056e-08,0.437499066733413,0.0344435397160359,0.0869560099584439,0.0434780049792219,0.562498738974814,2.55890343338061e-07,0.437501005134843,0.0331814233694645,0.0869438915385323,0.0434719457692662,0.558777153296819,6.31510029904643e-06,0.441216531602882,0.0344441183728832,0.0869565217391305,0.0434782608695652,0.5625,0,0.4375,0.0344438734475259,0.0869552398300886,0.0434776199150443,0.562500113033619,6.40954520895829e-07,0.43749924601186,23,15,0,8,25,12,0,13
154,4,0.521739130434783,0.0434782608695652,0.434782608695652,0.0901861176161839,0.225756401346732,0.112878200673366,0.634617331108148,0.0384608249903631,0.326921843901488,0.100228035404022,0.247487989577489,0.123743994788744,0.643478117370279,0.0454832687228128,0.311038613906908,0.0812600640747983,0.201168157235955,0.100584078617977,0.620165662226708,0.045635807695617,0.334198530077675,0.0901848007441059,0.225752508361204,0.112876254180602,0.634615384615385,0.0384615384615385,0.326923076923077,0.0901816168843912,0.225744295287234,0.112872147643617,0.634611278078399,0.0384619765316009,0.32692674539,26,16,0,10,26,17,2,7
154,5,0.521739130434783,0.0434782608695652,0.434782608695652,0.118890314070223,0.324836255755192,0.162418127877596,0.359321002557187,0.0870359772610714,0.553643020181742,0.214544639586003,0.59981937390017,0.299909686950085,0.221829443484698,0.233241876214112,0.54492868030119,0.100124161816615,0.262692604311355,0.131346302155678,0.390392828279105,0.0633432974725465,0.546263874248349,0.0978248958945682,0.274247491638796,0.137123745819398,0.384615384615385,0.0961538461538462,0.519230769230769,0.0995781162467441,0.262371899349291,0.131185949674646,0.390553180760137,0.0647272754772678,0.544719543762595,17,3,5,9,35,17,0,18
155,1,0.478260869565217,0.0869565217391304,0.434782608695652,0.025951423399243,0.0730232484190035,0.0365116242095018,0.493293245947287,0.0504448975296287,0.456261856523085,0.0677304113149297,0.185079557474618,0.0925397787373091,0.570800648302527,0.0620970256123513,0.367102326085122,0.0170234590363551,0.0479187409110174,0.0239593704555088,0.49227983453726,0.0629971512836217,0.444723014179119,0.0262674912469447,0.0739130434782609,0.0369565217391304,0.5,0.05,0.45,0.0241548926825106,0.0677461095316839,0.033873054765842,0.499024978609986,0.0530834669732885,0.447891554416726,13,4,0,9,27,16,2,9
155,2,0.478260869565217,0.0869565217391304,0.434782608695652,0.109312794746961,0.294580776787073,0.147290388393536,0.363957505731244,0.0539694971795676,0.582072997089188,0.144041511577899,0.361135453158689,0.180567726579344,0.306316687423948,0.0783329773010555,0.615350335274997,0.106069455375588,0.285903350408676,0.142951675204338,0.367418701644919,0.0548470144550906,0.57773428389999,0.109253092098939,0.294071146245059,0.14703557312253,0.363636363636364,0.0545454545454545,0.581818181818182,0.1095704736908,0.295322127980901,0.147661063990451,0.363740158249355,0.0538161690645424,0.582443672686103,26,12,0,14,29,8,3,18
155,3,0.478260869565217,0.0869565217391304,0.434782608695652,0.207889268604471,0.522538489225465,0.261269244612732,0.216991624952485,0.100840519353499,0.682167855694016,0.0539710738625835,0.152227496033475,0.0761137480167374,0.435270615077489,0.0538330282101219,0.51089635671239,0.20068334555899,0.501690904621511,0.250845452310756,0.23786802960463,0.0765039093889621,0.685628061006408,0.176193780841429,0.463768115942029,0.231884057971014,0.283333333333333,0.05,0.666666666666667,0.195546931111655,0.491389475258496,0.245694737629248,0.232566131935969,0.099879028367119,0.667554839696912,27,1,2,24,33,16,1,16
155,4,0.478260869565217,0.0869565217391304,0.434782608695652,0.111437310102335,0.314608746496732,0.157304373248366,0.407909992594938,3.02546104389193e-06,0.592086981944018,0.064624158356389,0.173909082385425,0.0869545411927126,0.497374158767288,1.9805464178182e-06,0.502623860686294,0.106452957512717,0.299817387063628,0.149908693531814,0.415301769670265,6.92810226930747e-06,0.584691302227466,0.108828463067232,0.30690537084399,0.153452685421995,0.411764705882353,0,0.588235294117647,0.109097551496789,0.307704080837397,0.153852040418698,0.411363600930421,1.7499552287316e-06,0.588634649114351,18,10,0,8,16,4,0,12
155,5,0.478260869565217,0.0869565217391304,0.434782608695652,0.0325176423864216,0.0877764254051045,0.0438882127025523,0.512098847821321,0.0430683090365781,0.444832843142101,0.14621320924595,0.398454767823983,0.199227383911991,0.677488253477209,0.0352885382635385,0.287223208259253,0.0449001201375508,0.125059673771952,0.0625298368859762,0.540790706451194,0.046123646000583,0.413085647548223,0.0559666957374924,0.148741418764302,0.0743707093821511,0.552631578947368,0.0263157894736842,0.421052631578947,0.0471027847432244,0.130699626679086,0.0653498133395429,0.54361068290476,0.0430985958788645,0.413290721216375,24,17,1,6,14,4,0,10
156,1,0.434782608695652,0.130434782608696,0.434782608695652,0.153439785118821,0.405763043395537,0.202881521697768,0.400012438073371,0.333316304306464,0.266671257620165,0.153443845736535,0.405785161468982,0.202892580734491,0.399995685290595,0.333327363343187,0.266676951366218,0.15365246966495,0.407628123544252,0.203814061772126,0.398132710133715,0.334248844380822,0.267618445485464,0.153449906829695,0.405797101449275,0.202898550724638,0.4,0.333333333333333,0.266666666666667,0.153468053229138,0.405851585396911,0.202925792698456,0.399986848449531,0.333360575307151,0.266652576243318,19,8,8,3,26,10,7,9
156,2,0.434782608695652,0.130434782608696,0.434782608695652,0.125894260096493,0.341150225160881,0.170575112580441,0.564253253537857,0.171539250346931,0.264207496115212,0.201841955496967,0.569272812867469,0.284636406433735,0.558476913351086,0.291376884386996,0.150146202261918,0.118988562915246,0.31642506715066,0.15821253357533,0.563527699217462,0.159902225662216,0.276570075120322,0.110848250295495,0.304347826086957,0.152173913043478,0.543478260869565,0.173913043478261,0.282608695652174,0.118887336760401,0.316320392687148,0.158160196343574,0.563262225917658,0.160115361730264,0.276622412352078,26,14,1,11,20,11,7,2
156,3,0.434782608695652,0.130434782608696,0.434782608695652,0.0973682617668805,0.273357849733691,0.136678924866846,0.571461533562498,0.0476032112125294,0.380935255224973,0.0581611970245114,0.151450876959815,0.0757254384799075,0.51050804717556,0.0647632386137228,0.424728714210717,0.0921521198122518,0.258065859321843,0.129032929660922,0.563815538356574,0.0500785868405846,0.386105874802842,0.0973451907936809,0.273291925465838,0.136645962732919,0.571428571428571,0.0476190476190476,0.380952380952381,0.0973194595627492,0.273140771480778,0.136570385740389,0.571352994436041,0.0473843224392134,0.381262683124746,26,18,0,8,37,18,3,16
156,4,0.434782608695652,0.130434782608696,0.434782608695652,0.178708889342574,0.459299544406154,0.229649772203077,0.640991504833908,0.153875658673517,0.205132836492575,0.176608254693512,0.453753622199795,0.226876811099898,0.638669330303384,0.153424872100861,0.207905797595755,0.171364797310435,0.461419712672017,0.230709856336008,0.614391426068386,0.18153582157197,0.204072752359644,0.178722714249203,0.459308807134894,0.229654403567447,0.641025641025641,0.153846153846154,0.205128205128205,0.178702985698579,0.459298916765587,0.229649458382793,0.640974620569347,0.153892229117794,0.205133150312859,15,11,3,1,24,14,3,7
156,5,0.434782608695652,0.130434782608696,0.434782608695652,0.0981479988362105,0.264948504246862,0.132474252123431,0.302308356572221,0.232553295301678,0.465138348126101,0.0982035117248282,0.265095300686052,0.132547650343026,0.302234958352626,0.232614524619079,0.465150517028295,0.102249483265126,0.271832000039392,0.135916000019696,0.298866608675956,0.241142822922177,0.459990568401867,0.0981396550321231,0.264914054600607,0.132457027300303,0.302325581395349,0.232558139534884,0.465116279069767,0.0981618138540684,0.264987817656359,0.13249390882818,0.302288699867473,0.232565377323815,0.465145922808712,21,9,3,9,22,4,7,11
157,1,0.391304347826087,0.173913043478261,0.434782608695652,0.100656243782071,0.284279441275491,0.142139720637745,0.326923581709071,0.0961540889575312,0.576922329333397,0.100655143587158,0.284275894998604,0.142137947499302,0.326927892760852,0.0961515510441937,0.576920556194954,0.0838292551583521,0.236872932524096,0.118436466262048,0.327545341068769,0.119235583973531,0.5532190749577,0.10065676582581,0.284280936454849,0.142140468227425,0.326923076923077,0.0961538461538462,0.576923076923077,0.100666041808121,0.28430804623737,0.142154023118685,0.326909644501998,0.0961537236836649,0.576936631814337,25,7,3,15,27,10,2,15
157,2,0.391304347826087,0.173913043478261,0.434782608695652,0.0861207179825402,0.220279331739857,0.110139665869929,0.501444013696016,0.0738197988524028,0.424736187451582,0.0625862032786592,0.174776044733037,0.0873880223665185,0.478692370192605,0.118051476196584,0.40325615361081,0.089180270492959,0.222502470182725,0.111251235091363,0.50255558291745,0.0668379071225773,0.430606509959973,0.0843777646257048,0.217391304347826,0.108695652173913,0.5,0.0769230769230769,0.423076923076923,0.08612126783805,0.220284982379767,0.110142491189883,0.50144683901597,0.0738219923871315,0.424731168596898,26,12,4,10,26,14,0,12
157,3,0.391304347826087,0.173913043478261,0.434782608695652,0.196836155037667,0.492918197576831,0.246459098788416,0.156002757479106,0.162755535036827,0.681241707484068,0.19199949907052,0.50192677777106,0.25096338888553,0.176052142945241,0.138201859473577,0.685745997581182,0.201880417739625,0.51112803093915,0.255564015469575,0.153300608577554,0.156352767257219,0.690346624165227,0.15630312459267,0.414187643020595,0.207093821510298,0.184210526315789,0.210526315789474,0.605263157894737,0.195954907378512,0.495623966228322,0.247811983114161,0.159976736669637,0.15742867152055,0.682594591809813,20,7,0,13,18,0,8,10
157,4,0.391304347826087,0.173913043478261,0.434782608695652,0.169241708433996,0.43284514143492,0.21642257071746,0.194577035819517,0.390335614195721,0.415087349984762,0.176052650896194,0.462301567783698,0.231150783891849,0.355846308313975,0.40506382737011,0.239089864315915,0.168910746384074,0.424819462611675,0.212409731305837,0.190453616436867,0.386322774784098,0.423223608779035,0.144803785154298,0.358056265984655,0.179028132992327,0.215686274509804,0.352941176470588,0.431372549019608,0.16970811488326,0.431393700637645,0.215696850318822,0.192310884635255,0.389609893797083,0.418079221567662,25,10,10,5,26,1,8,17
157,5,0.391304347826087,0.173913043478261,0.434782608695652,0.297792716594479,0.823768968274868,0.411884484137434,0.109308625362262,0.0440242818046519,0.846667092833086,0.3492072215835,0.960366490593699,0.480183245296849,0.0512799297037006,0.0337542163037979,0.914965853992501,0.28877944490205,0.804053091747403,0.402026545873702,0.128070949475114,0.0351198959555326,0.836809154569354,0.276825478619282,0.777493606138107,0.388746803069054,0.156862745098039,0.0196078431372549,0.823529411764706,0.285654274880016,0.792520738399979,0.39626036919999,0.125123909832311,0.0438331122720476,0.831042977895642,31,8,0,23,20,0,1,19
158,1,0.347826086956522,0.217391304347826,0.434782608695652,0.115387438662293,0.318294146917884,0.159147073458942,0.396165855763164,0.328198609000126,0.27563553523671,0.0858888506090914,0.222372960143245,0.111186480071623,0.236639606884899,0.230634609609328,0.532725783505773,0.0805007752526689,0.213449170472205,0.106724585236103,0.366866966374393,0.305075010166057,0.32805802345955,0.0464406923419751,0.119565217391304,0.0597826086956522,0.354166666666667,0.270833333333333,0.375,0.0908920513403476,0.241348739215213,0.120674369607607,0.369818521335532,0.316073239576422,0.314108239088046,29,6,6,17,19,11,7,1
158,2,0.347826086956522,0.217391304347826,0.434782608695652,0.116266370235638,0.296489011112093,0.148244505556046,0.212104498135096,0.365635809903873,0.422259691961032,0.0823144750424407,0.230446130227704,0.115223065113852,0.275853386216066,0.17414093997443,0.550005673809504,0.105414344570369,0.269833549324567,0.134916774662284,0.212909312294238,0.339771217493951,0.447319470211811,0.121295487933907,0.298550724637681,0.149275362318841,0.2,0.366666666666667,0.433333333333333,0.0990594848177824,0.249347688680161,0.124673844340081,0.223152242616441,0.33505901994834,0.441788737435219,25,2,17,6,35,10,5,20
158,3,0.347826086956522,0.217391304347826,0.434782608695652,0.134114069265592,0.361207393862567,0.180603696931284,0.307690002249932,0.0769236921231326,0.615386305626936,0.133590475074541,0.359505870874097,0.179752935437049,0.308311154136026,0.077153301731273,0.614535544132701,0.11478205651194,0.312579963135517,0.156289981567758,0.307660853831526,0.101266555905064,0.591072590263411,0.134113295356277,0.361204013377926,0.180602006688963,0.307692307692308,0.0769230769230769,0.615384615384615,0.134118802690446,0.36123761269326,0.18061880634663,0.307660626070559,0.0769379588871592,0.615401415042282,32,12,3,17,20,4,1,15
158,4,0.347826086956522,0.217391304347826,0.434782608695652,0.0322018106259951,0.0830982980387505,0.0415491490193753,0.310905736738836,0.258940453367201,0.430153809893963,0.0990603118875589,0.27989730988809,0.139948654944045,0.283347082168853,0.357339959291871,0.359312958539276,0.0245929964539734,0.0632717280048629,0.0316358640024315,0.319494071149751,0.249027168350258,0.431478760499992,0.0354998513446837,0.0869565217391304,0.0434782608695652,0.304347826086957,0.260869565217391,0.434782608695652,0.0276973505980925,0.0692422567637402,0.03462112838187,0.313204958574652,0.250568435508495,0.436226605916854,26,9,3,14,20,5,9,6
158,5,0.347826086956522,0.217391304347826,0.434782608695652,0.0498829002641938,0.134299231959187,0.0671496159795933,0.362675179646333,0.150241688368233,0.487083131985434,0.1422032884517,0.384438736994219,0.19221936849711,0.540045455453631,0.172481704578159,0.287472839968209,0.0536900288949478,0.139066266399992,0.0695331331999961,0.409008299387243,0.14785817114783,0.443133529464927,0.0669872050627823,0.180237154150198,0.0901185770750988,0.418181818181818,0.127272727272727,0.454545454545455,0.0462765703423395,0.116097182735623,0.0580485913678115,0.40302388496881,0.159342712980015,0.437633402051175,20,3,1,16,35,20,6,9
159,1,0.304347826086957,0.260869565217391,0.434782608695652,0.111321271558404,0.277644105765586,0.138822052882793,0.44316987896975,0.1271548337729,0.429675287257351,0.0608731525967609,0.162654705455417,0.0813273527277087,0.320563448656491,0.325981295375565,0.353455255967943,0.0976696013433919,0.252895083199708,0.126447541599854,0.43079536768681,0.149507546034494,0.419697086278696,0.0735166672425826,0.207630878438332,0.103815439219166,0.408163265306122,0.204081632653061,0.387755102040816,0.103875220555776,0.262272424726068,0.131136212363034,0.43548403844999,0.137964189101088,0.426551772448921,27,8,10,9,22,12,0,10
159,2,0.304347826086957,0.260869565217391,0.434782608695652,0.219022661657162,0.608690829415761,0.304345414707881,2.41137907585369e-06,0.462910006516214,0.53708758210471,0.247364738907288,0.608691177265957,0.304345588632979,2.23745397780798e-06,0.562422053909457,0.437575708636565,0.220938320326028,0.608684635830075,0.304342317915038,5.50817191873299e-06,0.474297782766606,0.525696709061475,0.221072099881319,0.608695652173913,0.304347826086957,0,0.475,0.525,0.220891711355922,0.608691286595411,0.304345643297706,2.18278925093185e-06,0.474034347589781,0.525963469620968,23,0,14,9,17,0,5,12
159,3,0.304347826086957,0.260869565217391,0.434782608695652,0.0640081508839679,0.173912029796995,0.0869560148984974,0.217391811188459,0.326131825559646,0.456476363251895,0.0639899558062861,0.173876699329896,0.0869383496649482,0.217409476422008,0.326095674215484,0.456494849362507,0.0647517014783368,0.166799310550197,0.0833996552750985,0.220948170811858,0.33531916219009,0.443732666998052,0.0639982671473033,0.173913043478261,0.0869565217391305,0.217391304347826,0.326086956521739,0.456521739130435,0.0640213496028931,0.173983472009865,0.0869917360049323,0.217356090082024,0.326100846894318,0.456543063023658,21,7,7,7,25,3,8,14
159,4,0.304347826086957,0.260869565217391,0.434782608695652,0.111690922870609,0.293195684163295,0.146597842081647,0.428579034532585,0.114271723135744,0.457149242331671,0.111678461270998,0.293165587940303,0.146582793970151,0.428563003879381,0.11428677124724,0.457150224873379,0.0964173630072373,0.244252242052765,0.122126121026383,0.417931070874302,0.138743444191009,0.44332548493469,0.111681555443444,0.293167701863354,0.146583850931677,0.428571428571429,0.114285714285714,0.457142857142857,0.111680143305148,0.29317793706215,0.146588968531075,0.428558293518238,0.114280596686316,0.457161109795445,17,8,1,8,18,7,3,8
159,5,0.304347826086957,0.260869565217391,0.434782608695652,0.0640880070353999,0.171982582647838,0.0859912913239191,0.372143317131254,0.279065365497013,0.348791317371733,0.0640510364718244,0.171892362406524,0.0859461812032621,0.372094761002793,0.279068811504817,0.34883642749239,0.0634698450323432,0.174934168019064,0.0874670840095322,0.365538852268905,0.287145623044975,0.34731552468612,0.0640501646558835,0.171890798786653,0.0859453993933266,0.372093023255814,0.27906976744186,0.348837209302326,0.0640510710083889,0.171893490070197,0.0859467450350985,0.372093709768825,0.279070426570621,0.348835863660554,23,7,7,9,20,9,5,6
160,1,0.260869565217391,0.304347826086957,0.434782608695652,0.182185496423238,0.485288766570552,0.242644383285276,0.0645133139381223,0.25805969408095,0.677426991980928,0.182181920516586,0.485277226592237,0.242638613296119,0.06451522843027,0.258063549577959,0.677421221991771,0.162393664183782,0.429990622338405,0.214995311169203,0.0834411196901926,0.266780960444953,0.649777919864855,0.182180686189344,0.485273492286115,0.242636746143057,0.0645161290322581,0.258064516129032,0.67741935483871,0.182176517034713,0.485254215554203,0.242627107777101,0.0645127573539636,0.258077526173283,0.677409716472754,28,1,7,20,34,3,9,22
160,2,0.260869565217391,0.304347826086957,0.434782608695652,0.122843940376847,0.324637150097648,0.162318575048824,0.23333359982575,0.46666640113578,0.299999999038469,0.122844724180138,0.324638112532252,0.162319056266126,0.233334960095898,0.466666882353083,0.29999815755102,0.118001564638955,0.309237971819333,0.154618985909667,0.237931763270489,0.458966811996623,0.303101424732888,0.122844076889255,0.32463768115942,0.16231884057971,0.233333333333333,0.466666666666667,0.3,0.122858052743997,0.324678372809436,0.162339186404718,0.233324995130744,0.466687012491675,0.299987992377582,29,9,13,7,31,5,15,11
160,3,0.260869565217391,0.304347826086957,0.434782608695652,0.0878825699893226,0.238062647873452,0.119031323936726,0.28942271592948,0.394825999311594,0.315751284758926,0.0878417002411091,0.237989478094387,0.118994739047194,0.289472995024743,0.394739135326799,0.315787869648459,0.0835622490884991,0.230334066568972,0.115167033284486,0.295509890223986,0.384874534364848,0.319615575411166,0.0878402641540926,0.237986270022883,0.118993135011442,0.289473684210526,0.394736842105263,0.315789473684211,0.0878464622297634,0.238008721111851,0.119004360555926,0.289485291896174,0.3947364599641,0.315778248139727,20,5,9,6,18,6,6,6
160,4,0.260869565217391,0.304347826086957,0.434782608695652,0.0463121280095039,0.126002589011286,0.0630012945056429,0.244872061810672,0.367349120592599,0.387778817596728,0.0463197189725682,0.126005545133602,0.063002772566801,0.244900807018719,0.367350598653758,0.387748594327523,0.0488532706515597,0.129404461308727,0.0647022306543635,0.249498895340532,0.36905005674132,0.381451047918148,0.0463161842880434,0.125998225377107,0.0629991126885537,0.244897959183673,0.36734693877551,0.387755102040816,0.0463052566719415,0.125963013524481,0.0629815067622407,0.244911440321172,0.367329332849197,0.387759226829631,20,3,7,10,29,9,11,9
160,5,0.260869565217391,0.304347826086957,0.434782608695652,0.139300916104085,0.393424728916167,0.196712364458083,0.368461660673533,0.393468095088898,0.238070244237569,0.121378778293548,0.334204515877226,0.167102257938613,0.211330761571627,0.47145008402557,0.317219154402803,0.146254758338525,0.410325531005263,0.205162765502631,0.386185530513254,0.384194626293726,0.229619843193021,0.157764790268676,0.434782608695652,0.217391304347826,0.41304347826087,0.369565217391304,0.217391304347826,0.146771025178895,0.411665228054941,0.20583261402747,0.386965647900009,0.384084357431809,0.228949994668182,26,16,7,3,20,3,10,7
161,1,0.217391304347826,0.347826086956522,0.434782608695652,0.234402473891798,0.619753941940435,0.309876970970218,0.527268275318044,0.0909122279901909,0.381819496691765,0.234401475906003,0.619748437101642,0.309874218550821,0.527265522898647,0.0909107723208119,0.381823704780541,0.218110617138773,0.582127964314315,0.291063982157157,0.508455286504983,0.113865137492705,0.377679576002311,0.234405680851564,0.619762845849802,0.309881422924901,0.527272727272727,0.0909090909090909,0.381818181818182,0.23440499481928,0.619753626935998,0.309876813467999,0.527268117815825,0.0909032561640934,0.381828626020082,30,19,2,9,25,10,3,12
161,2,0.217391304347826,0.347826086956522,0.434782608695652,0.121442587120017,0.311469834279,0.1557349171395,0.23254967555961,0.488402632884238,0.279047691556152,0.121425073803991,0.311435425586857,0.155717712793428,0.232559904210973,0.488375199886803,0.279064895902224,0.111565524435207,0.29687710207931,0.148438551039655,0.245298629059141,0.468357313284861,0.286344057655997,0.121421719147537,0.311425682507583,0.155712841253792,0.232558139534884,0.488372093023256,0.27906976744186,0.121420844379874,0.311429437027578,0.155714718513789,0.232565117091215,0.488366992726922,0.279067890181863,19,4,10,5,24,6,11,7
161,3,0.217391304347826,0.347826086956522,0.434782608695652,0.0761555916543807,0.195628646857473,0.0978143234287364,0.227262843747735,0.250011763527785,0.522725392724479,0.0761614175727994,0.195651508727973,0.0978257543639867,0.227272993649034,0.250000332592535,0.522726673758431,0.0629980617713064,0.170156487135824,0.0850782435679121,0.237030578229203,0.26274784338861,0.500221578382188,0.0761617789968177,0.195652173913043,0.0978260869565217,0.227272727272727,0.25,0.522727272727273,0.0761801449449122,0.195699597392177,0.0978497986960886,0.227275399438108,0.249976288260433,0.522748312301459,20,6,5,9,24,4,6,14
161,4,0.217391304347826,0.347826086956522,0.434782608695652,0.165958172447835,0.454805548655412,0.227402774327706,0.153980633766506,0.575228861284228,0.270790504949266,0.162651695959771,0.41517228123127,0.207586140615635,0.235368542980398,0.537434988939585,0.227196468080017,0.161241554436684,0.445299738465599,0.2226498692328,0.148710655558486,0.570475956189321,0.280813388252193,0.163328843449832,0.432552954292085,0.216276477146042,0.179487179487179,0.564102564102564,0.256410256410256,0.164618883866534,0.44696910050869,0.223484550254345,0.162129620899611,0.571310637210867,0.266559741889522,14,0,9,5,25,7,13,5
161,5,0.217391304347826,0.347826086956522,0.434782608695652,0.123048662613883,0.347690761832124,0.173845380916062,0.391236685263888,0.267596505433047,0.341166809303065,0.206934642094301,0.584321782620553,0.292160891310276,0.378115156014996,0.479263126599628,0.142621717385376,0.119255176670988,0.334351542730874,0.167175771365437,0.384567075713263,0.283522698817718,0.331910225469019,0.0872151201531452,0.242140468227425,0.121070234113712,0.338461538461538,0.307692307692308,0.353846153846154,0.125328787333418,0.351503864802108,0.175751932401054,0.39314323674888,0.279809654855996,0.327047108395124,35,13,18,4,30,9,2,19
162,1,0.173913043478261,0.391304347826087,0.434782608695652,0.0314165840690195,0.0801355670134697,0.0400677835067348,0.137252902133006,0.431372131332822,0.431374966534172,0.031417024924161,0.080146179657979,0.0400730898289894,0.137258592970812,0.431377437655076,0.431363969374112,0.0244647770818372,0.0689127283727616,0.0344563641863808,0.153972445158235,0.425760712012468,0.420266842829298,0.0314160712236799,0.0801364023870417,0.0400682011935209,0.137254901960784,0.431372549019608,0.431372549019608,0.0314193139935128,0.080148383156965,0.0400741915784825,0.137253543689215,0.431378539404569,0.431367916906216,24,2,9,13,27,5,13,9
162,2,0.173913043478261,0.391304347826087,0.434782608695652,0.0882578364247618,0.249101562825394,0.124550781412697,0.118672968876035,0.321993641015616,0.559333390108349,0.0882471825786316,0.249076574847035,0.124538287423517,0.118644547865968,0.322034556014862,0.559320896119169,0.0746611596997609,0.20757924827891,0.103789624139455,0.138817594262904,0.322610172901989,0.538572232835107,0.0882479901179016,0.249078850405306,0.124539425202653,0.11864406779661,0.322033898305085,0.559322033898305,0.0882704304200133,0.249143334016025,0.124571667008013,0.118622076944772,0.322023647351563,0.559354275703665,27,3,10,14,32,4,9,19
162,3,0.173913043478261,0.391304347826087,0.434782608695652,0.122343411925015,0.343757623206669,0.171878811603335,0.0707945441746081,0.563183159429422,0.36602229639597,0.221138638210886,0.586884836528055,0.293442418264027,0.120851357819131,0.684746766090114,0.194401876090755,0.114878801450203,0.315750527366561,0.15787526368328,0.0617751198961273,0.549179611509367,0.389045268594505,0.104596947533574,0.281221091581869,0.140610545790934,0.0638297872340425,0.531914893617021,0.404255319148936,0.11280042158129,0.311245896426591,0.155622948213295,0.0657366857817367,0.546927296039382,0.387336018178881,20,3,14,3,27,0,11,16
162,4,0.173913043478261,0.391304347826087,0.434782608695652,0.212631973123652,0.601028334924496,0.300514167462248,0.0329812134991833,0.691818515288335,0.275200271212482,0.115849364081034,0.300001171091839,0.150000585545919,0.0418471657273055,0.541304933372006,0.416847900900688,0.218522693871143,0.616629990322646,0.308314995161323,0.0380489716034955,0.69961934298741,0.262331685409094,0.230749033740444,0.652173913043478,0.326086956521739,0.0217391304347826,0.717391304347826,0.260869565217391,0.22705759781154,0.641023140479877,0.320511570239938,0.0305977156327463,0.711815918066025,0.257586366301229,28,0,24,4,18,1,9,8
162,5,0.173913043478261,0.391304347826087,0.434782608695652,0.0693134322699057,0.196027086326563,0.0980135431632816,0.271926586641542,0.343537276606169,0.384536136752289,0.167362951868508,0.454338127193089,0.227169063596545,0.34504059306073,0.164135284229542,0.490824122709727,0.0620820001061031,0.170476946545493,0.0852384732727466,0.259151516751008,0.366907737547067,0.373940745701925,0.058675352479305,0.15527950310559,0.077639751552795,0.238095238095238,0.404761904761905,0.357142857142857,0.0652378410419862,0.181428107209683,0.0907140536048414,0.264627097083102,0.360513865386097,0.374859037530801,23,3,15,5,19,7,2,10
163,1,0.130434782608696,0.434782608695652,0.434782608695652,0.033901300848126,0.0950531511004665,0.0475265755502332,0.101206537272563,0.482309184245885,0.416484278481551,0.101212853581453,0.265464765682263,0.132732382841132,0.243197617271391,0.302050225854521,0.454752156874089,0.0300015724082958,0.0848288511548524,0.0424144255774262,0.110178305144903,0.477197034273078,0.412624660582019,0.0386032007260064,0.105928853754941,0.0529644268774703,0.145454545454545,0.472727272727273,0.381818181818182,0.0285404918987288,0.079864894974415,0.0399324474872075,0.10538041136397,0.47471505618286,0.41990453245317,29,8,8,13,26,0,18,8
163,2,0.130434782608696,0.434782608695652,0.434782608695652,0.264558285908223,0.721004480636515,0.360502240318257,0.0368740944947685,0.167841056491322,0.79528484901391,0.160738684359376,0.451020445182262,0.225510222591131,0.0424635694033973,0.29724359930982,0.660292831286783,0.261484475566656,0.709985926482071,0.354992963241035,0.0426388778010705,0.167585550262242,0.789775571936688,0.269529811263894,0.740190880169671,0.370095440084836,0.024390243902439,0.170731707317073,0.804878048780488,0.269211915634985,0.733283814585198,0.366641907292599,0.0359556386154039,0.162619845396345,0.801424515988251,22,0,1,21,19,1,6,12
163,3,0.130434782608696,0.434782608695652,0.434782608695652,0.071961633280807,0.203124820645243,0.101562410322621,0.0852680768691184,0.378386904112608,0.536345019018274,0.120576714540838,0.312092416815238,0.156046208407619,0.148915450135806,0.278736400288033,0.572348149576161,0.0747805668270428,0.210099259285984,0.105049629642992,0.088475536695846,0.37169222496551,0.539832238338644,0.0696110768807129,0.191659272404614,0.0958296362023071,0.102040816326531,0.36734693877551,0.530612244897959,0.0753797278374197,0.21128208715098,0.10564104357549,0.089988932027744,0.369587415701114,0.540423652271142,28,5,7,16,21,0,11,10
163,4,0.130434782608696,0.434782608695652,0.434782608695652,0.0509359011051856,0.143391014601654,0.0716955073008269,0.100629768962094,0.392892115041427,0.506478115996479,0.0780319195204064,0.220334716636219,0.11016735831811,0.179965483560906,0.495419266061552,0.324615250377542,0.0347049733595989,0.0978847293363999,0.0489423646682,0.109147382514229,0.407127644121919,0.483724973363852,0.0402783161067349,0.106044538706257,0.0530222693531283,0.121951219512195,0.390243902439024,0.48780487804878,0.0336006156158537,0.0948648140770105,0.0474324070385053,0.109193882413623,0.40859110185222,0.482215015734157,24,5,12,7,17,0,4,13
163,5,0.130434782608696,0.434782608695652,0.434782608695652,0.134561072469929,0.370435616051117,0.185217808025558,1.40447711633497e-08,0.379999569234018,0.620000416721211,0.134560675492522,0.370434358576259,0.185217179288129,1.37712760871455e-07,0.380000074303458,0.619999787983782,0.129347709534512,0.3525757567499,0.17628787837495,3.93177847890358e-06,0.388925581150919,0.611070487070602,0.134560827349897,0.370434782608696,0.185217391304348,0,0.38,0.62,0.134560789999721,0.370434671187212,0.185217335593606,2.25642444859521e-08,0.380000033146497,0.619999944289258,17,0,6,11,33,0,13,20
164,1,0.0869565217391304,0.478260869565217,0.434782608695652,0.0655569583854218,0.185381166885672,0.0926905834428361,0.13159477072767,0.526313204019514,0.342092025252816,0.0655492641666449,0.185358937369027,0.0926794686845134,0.131579831760268,0.526317028228593,0.342103140011139,0.0655049890544484,0.18265791527652,0.09132895763826,0.146060550739229,0.510485798203378,0.343453651057392,0.0655477601254119,0.185354691075515,0.0926773455377574,0.131578947368421,0.526315789473684,0.342105263157895,0.0655252607514227,0.185293214152525,0.0926466070762624,0.131608196504063,0.526255801876547,0.34213600161939,19,1,10,8,19,4,10,5
164,2,0.0869565217391304,0.478260869565217,0.434782608695652,0.0709083633580469,0.199993716971361,0.0999968584856804,0.186953380224811,0.421745906663957,0.391300713111232,0.144414729820612,0.402758169613948,0.201379084806974,0.288335606546105,0.407037739150123,0.304626654303772,0.0722741177240333,0.204188506740941,0.10209425337047,0.189050775109601,0.422983528851616,0.387965696038783,0.0835783812402787,0.235177865612648,0.117588932806324,0.204545454545455,0.409090909090909,0.386363636363636,0.0729212426304637,0.205884110366008,0.102942055183004,0.189898576922134,0.42145491965179,0.388646503426075,23,8,9,6,21,1,9,11
164,3,0.0869565217391304,0.478260869565217,0.434782608695652,0.0867381767928746,0.227309704688011,0.113654852344006,0.0700940536432305,0.591915721909223,0.337990224447546,0.225900076904888,0.571627502311303,0.285813751155651,0.106254571352938,0.744776571107061,0.148968857540001,0.0999775288476952,0.2666135103683,0.13330675518415,0.0611105108648729,0.611567624749367,0.32732186438576,0.0811659927011134,0.21808143547274,0.10904071773637,0.0634920634920635,0.587301587301587,0.349206349206349,0.0924936199361759,0.24047147040788,0.12023573520394,0.0714495337330916,0.598496604769157,0.330053861497751,30,0,12,18,33,4,25,4
164,4,0.0869565217391304,0.478260869565217,0.434782608695652,0.0922170743511494,0.260829273778105,0.130414636889053,0.152172004160111,0.347846232676165,0.499981763163724,0.0922318031146325,0.26087093343627,0.130435466718135,0.152179273183645,0.347825402847082,0.499995323969272,0.0946525414624164,0.263550230177374,0.131775115088687,0.173219179049221,0.346485754476531,0.480295066474248,0.0922313192852019,0.260869565217391,0.130434782608696,0.152173913043478,0.347826086956522,0.5,0.0922316061176044,0.26087037649999,0.130435188249995,0.152174552542173,0.347825681315223,0.499999766142605,22,3,8,11,24,4,8,12
164,5,0.0869565217391304,0.478260869565217,0.434782608695652,0.0854728785508874,0.241545149250967,0.120772574625484,0.0222218593952876,0.422222957283576,0.555555183321136,0.0854728523192482,0.241545146263223,0.120772573131611,0.0222226025118397,0.422222215660897,0.555555181827263,0.0751244647611876,0.212284947132615,0.106142473566308,0.0378676570382437,0.421207260699796,0.54092508226196,0.0854731229163149,0.241545893719807,0.120772946859903,0.0222222222222222,0.422222222222222,0.555555555555556,0.0854726475223288,0.24154454310879,0.120772271554395,0.0222225095368327,0.42222261021312,0.555554880250047,22,1,9,12,23,0,10,13
165,1,0.0434782608695652,0.521739130434783,0.434782608695652,0.0318286260293492,0.0869378294500863,0.0434689147250431,9.34614452208051e-06,0.53335270632164,0.466637947533838,0.0724168084817047,0.204083290436951,0.102041645218475,1.85386685162645e-06,0.623780775653258,0.376217370479891,0.0319484302916004,0.0869503990015292,0.0434751995007646,3.06136880059118e-06,0.532823863508894,0.467173075122306,0.031840110247892,0.0869565217391305,0.0434782608695652,0,0.533333333333333,0.466666666666667,0.0318339824850474,0.0869545675177991,0.0434772837588995,9.77110665700099e-07,0.533358582178725,0.46664044071061,30,0,12,18,30,0,20,10
165,2,0.0434782608695652,0.521739130434783,0.434782608695652,0.104508552502416,0.288140451135624,0.144070225567812,6.8295335284792e-06,0.665809356002594,0.334183814463877,0.0822444410578589,0.23033049280576,0.11516524640288,4.82335913448146e-07,0.450051662565555,0.549947855098532,0.0990916480421887,0.274220929246429,0.137110464623215,8.33173890757682e-06,0.658849595057997,0.341142073203095,0.0833007726881585,0.233117483811286,0.116558741905643,0,0.638297872340426,0.361702127659574,0.0902403723634011,0.251296424859986,0.125648212429993,3.1143498204233e-06,0.647387342864776,0.352609542785404,26,0,11,15,21,0,19,2
165,3,0.0434782608695652,0.521739130434783,0.434782608695652,0.111241496843351,0.30535020359141,0.152675101795705,1.21084471787453e-07,0.674414232230488,0.32558564668504,0.0889600065368141,0.247958517471986,0.123979258735993,2.95311186122183e-07,0.645718389170776,0.354281315518038,0.103135546627654,0.284618624902889,0.142309312451444,8.54927942494297e-06,0.664048442886227,0.335943007834348,0.111244904020587,0.30535894843276,0.15267947421638,0,0.674418604651163,0.325581395348837,0.111244206737626,0.305356950556463,0.152678475278232,4.39649426511437e-07,0.674417605713014,0.325581954637559,21,0,12,9,22,0,17,5
165,4,0.0434782608695652,0.521739130434783,0.434782608695652,0.0161782217024869,0.0454122650237779,0.022706132511889,0.0661843933814542,0.507951737588868,0.425863869029677,0.107732923231786,0.302924905031662,0.151462452515831,0.133489481193164,0.583190362627015,0.283320156179821,0.0214328333872213,0.0606211356046026,0.0303105678023012,0.0586739196781901,0.491428562632481,0.449897517689329,0.0307437730950673,0.0869565217391304,0.0434782608695652,0.0652173913043478,0.478260869565217,0.456521739130435,0.0214676903351193,0.060612857706306,0.030306428853153,0.0570717092516835,0.49143270158163,0.451495589166687,17,3,10,4,29,0,12,17
165,5,0.0434782608695652,0.521739130434783,0.434782608695652,0.0329735637630187,0.086938510424578,0.043469255212289,9.00565727620454e-06,0.558092299326481,0.441898695016242,0.0986152810715501,0.272996259718007,0.136498129859003,1.27498033093243e-06,0.428717986465014,0.571280738554655,0.030995507322444,0.0869520431563416,0.0434760215781708,2.23929139441926e-06,0.548320577200976,0.45167718350763,0.0308686163484501,0.0869565217391305,0.0434782608695652,0,0.546875,0.453125,0.03095709791175,0.0869519742845716,0.0434759871422858,2.27372727942677e-06,0.54793714342061,0.452060582852111,29,0,21,8,35,0,14,21
166,1,0.478260869565217,0.0434782608695652,0.478260869565217,0.104456544873437,0.258859193870242,0.129429596935121,0.348831272630096,0.0465267052349604,0.604642022134943,0.097604953743158,0.246531213428198,0.123265606714099,0.354995262851118,0.0513125220171846,0.593692215131697,0.0937643996051858,0.24000401399143,0.120002006995715,0.358258862569502,0.0546194374363771,0.58712169999412,0.104457633155028,0.258847320525784,0.129423660262892,0.348837209302326,0.0465116279069767,0.604651162790698,0.104455023351028,0.258840229184452,0.129420114592226,0.348840754972991,0.0465109048841765,0.604648340142832,22,8,2,12,21,7,0,14
166,2,0.478260869565217,0.0434782608695652,0.478260869565217,0.210348084635565,0.55318383313815,0.276591916569075,0.245137917068796,9.29679691162133e-06,0.754852786134293,0.0488124402897011,0.136348785833774,0.0681743929168869,0.453563593413352,1.14410454359605e-06,0.546435262482104,0.248155689846372,0.646648186363334,0.323324093181667,0.198412454551952,2.58270116408375e-06,0.801584962746884,0.218307082689241,0.572890025575448,0.286445012787724,0.235294117647059,0,0.764705882352941,0.222931776329073,0.584327102810879,0.292163551405439,0.229572028957225,3.55007211832645e-06,0.770424420970657,28,1,0,27,23,11,0,12
166,3,0.478260869565217,0.0434782608695652,0.478260869565217,0.159891839821241,0.411400147305695,0.205700073652847,0.294086110565633,0.0219529462163025,0.683960943218065,0.0673353266288065,0.174019416585867,0.0870097082929335,0.401244042701585,0.0334853794402638,0.565270577858151,0.158589948174871,0.40011284622663,0.200056423113315,0.290430447492582,0.031252259828886,0.678317292678532,0.168649315422277,0.436335403726708,0.218167701863354,0.285714285714286,0.0178571428571429,0.696428571428571,0.168168316808375,0.433356229407565,0.216678114703782,0.285017041301711,0.0200439744292893,0.694938984269,21,9,1,11,35,7,0,28
166,4,0.478260869565217,0.0434782608695652,0.478260869565217,0.0678446494995797,0.191621101165673,0.0958105505828365,0.425928575373735,4.47821072483744e-09,0.574071420148054,0.0678473641411937,0.191628534753338,0.095814267376669,0.425924643795457,2.1926265653145e-07,0.574075136941886,0.0646810157481589,0.182872273997789,0.0914361369988945,0.430301075087888,1.91834799961875e-06,0.569697006564112,0.0678465809804881,0.191626409017713,0.0958132045088567,0.425925925925926,0,0.574074074074074,0.0678461968737325,0.191625264613834,0.0958126323069171,0.42592575412092,7.44006945402543e-07,0.574073501872134,23,12,0,11,31,11,0,20
166,5,0.478260869565217,0.0434782608695652,0.478260869565217,0.0411122150718878,0.113585006018593,0.0567925030092964,0.439081295584169,0.0258653318413168,0.535053372574514,0.120387864865459,0.303531725259986,0.151765862629993,0.335555792105198,0.0344174756995911,0.630026732195211,0.038083017965785,0.096387657355883,0.0481938286779415,0.43334351949367,0.0402017822631715,0.526454698243159,0.0405794861969461,0.11324570273003,0.0566228513650151,0.441860465116279,0.0232558139534884,0.534883720930233,0.0406374106484894,0.112435688818336,0.056217844409168,0.439819271336927,0.0257020146886872,0.534478713974385,21,6,1,14,22,13,0,9
167,1,0.434782608695652,0.0869565217391304,0.478260869565217,0.0360425323352806,0.101877441199818,0.0509387205999089,0.407722253913326,0.0630781559215473,0.529199590165126,0.0724471477988346,0.190521661797145,0.0952608308985725,0.354488537470191,0.0719897620660192,0.57352170046379,0.0305451547674556,0.0770738457578621,0.0385369228789311,0.396245685816721,0.0893226489930696,0.514431665190209,0.0370197848438093,0.104702750665484,0.0523513753327418,0.408163265306122,0.0612244897959184,0.530612244897959,0.0366051937971347,0.103411187744401,0.0517055938722005,0.406736870554007,0.0632966660085754,0.529966463437418,26,7,2,17,23,13,1,9
167,2,0.434782608695652,0.0869565217391304,0.478260869565217,0.104859155630018,0.295015829029374,0.147507914514687,0.37422808876746,3.12715263573459e-06,0.625768784079904,0.0632277740178137,0.173903412494247,0.0869517062471234,0.496318852080973,4.81549200706146e-06,0.50367633242702,0.131319963142512,0.371183394873526,0.185591697436763,0.33613949894908,7.9340489392787e-06,0.66385256700198,0.139001437286853,0.392315470171891,0.196157735085945,0.325581395348837,0,0.674418604651163,0.13628301325929,0.384872569705483,0.192436284852741,0.329301812297354,1.03328468709734e-06,0.670697154417959,10,6,0,4,33,8,0,25
167,3,0.434782608695652,0.0869565217391304,0.478260869565217,0.106437054371274,0.28345878266657,0.141729391333285,0.320010572650972,0.0599991664505256,0.619990260898503,0.106448309797649,0.283485555576938,0.141742777788469,0.319995360516064,0.0600009921302493,0.620003647353687,0.0936227068431953,0.229336521782232,0.114668260891116,0.320123009973546,0.0869478595701207,0.592929130456333,0.106445107010859,0.283478260869565,0.141739130434783,0.32,0.06,0.62,0.106474678677521,0.283548235967605,0.141774117983802,0.319959682787776,0.060005329663204,0.62003498754902,22,9,1,12,28,7,2,19
167,4,0.434782608695652,0.0869565217391304,0.478260869565217,0.178754575163243,0.498094707576504,0.249047353788252,0.272690875011358,9.01635172489864e-07,0.727308223353469,0.154284524873637,0.433565588941166,0.216782794470583,0.304955564995428,7.70968771509956e-07,0.6950436640358,0.17099863575541,0.4777991312029,0.23889956560145,0.28283592893697,3.63589636208244e-06,0.717160435166667,0.178727235256911,0.49802371541502,0.24901185770751,0.272727272727273,0,0.727272727272727,0.178726990642747,0.498022853506734,0.249011426753367,0.272727091244802,6.1243661411451e-07,0.727272296318584,28,10,0,18,27,5,0,22
167,5,0.434782608695652,0.0869565217391304,0.478260869565217,0.0524103577000177,0.140207498187385,0.0701037490936926,0.448993018235879,0.142849861292597,0.408157120471525,0.0524098153588704,0.140198031857302,0.0700990159286508,0.448980759550609,0.142857386812824,0.408161853636567,0.060424751161924,0.148790439913162,0.0743952199565809,0.433995701335955,0.161351741695711,0.404652556968334,0.0524089938037116,0.14019520851819,0.0700976042590949,0.448979591836735,0.142857142857143,0.408163265306122,0.0524127477459591,0.140209239756446,0.070104619878223,0.448986635894458,0.142857114418547,0.408156249686994,19,6,4,9,30,16,3,11
168,1,0.391304347826087,0.130434782608696,0.478260869565217,0.108696506627313,0.272803029557616,0.136401514778808,0.254902833047279,0.137248522608369,0.607848644344352,0.108689865404199,0.272799242992311,0.136399621496156,0.254904726329931,0.137262061193327,0.607833212476742,0.0944045700524672,0.244129617711122,0.122064808855561,0.269239538970526,0.144632679464833,0.586127781564641,0.108694816371759,0.272804774083546,0.136402387041773,0.254901960784314,0.137254901960784,0.607843137254902,0.108711090155861,0.272835846413427,0.136417923206714,0.254886424619373,0.137245337430696,0.607868237949931,20,5,5,10,31,8,2,21
168,2,0.391304347826087,0.130434782608696,0.478260869565217,0.13637218847695,0.376495282493005,0.188247641246502,0.579551989072589,4.2152455444145e-06,0.420443795681866,0.0991553757943533,0.260864450259757,0.130432225129879,0.501110356209817,2.55747881694054e-06,0.498887086311366,0.123255708942759,0.330716780159615,0.165358390079808,0.556662737905895,1.98243647075128e-06,0.443335279657635,0.122658390612187,0.328502415458937,0.164251207729469,0.555555555555556,0,0.444444444444444,0.123508689805404,0.331649152266053,0.165824576133026,0.557128923959113,1.42396398794884e-06,0.442869652076899,38,18,0,20,16,12,0,4
168,3,0.391304347826087,0.130434782608696,0.478260869565217,0.0688970587230363,0.177844751704905,0.0889223758524524,0.302381971973635,0.209389670765466,0.488228357260899,0.0586269549019451,0.161493239472293,0.0807466197361465,0.31055772808994,0.18710739652638,0.502334875383679,0.0647334612575083,0.160428636105231,0.0802143180526156,0.312988827226933,0.210649100661311,0.476362072111756,0.0688949612330367,0.177957532861476,0.0889787664307382,0.302325581395349,0.209302325581395,0.488372093023256,0.0686295431487826,0.177364497513249,0.0886822487566244,0.302622099069463,0.20893165841802,0.488446242512518,27,9,3,15,16,4,6,6
168,4,0.391304347826087,0.130434782608696,0.478260869565217,0.0806918904202267,0.227143473590776,0.113571736795388,0.344155243425925,0.244006519404084,0.411838237169991,0.170522329842848,0.440432159265551,0.220216079632775,0.366316553344918,0.350650862241471,0.283032584413611,0.0634258872961614,0.178431993452892,0.0892159967264458,0.338656186837757,0.219650779335141,0.441693033827102,0.0666005808559764,0.179808400884304,0.0899042004421518,0.322033898305085,0.220338983050847,0.457627118644068,0.0619716921042721,0.173047672451174,0.0865238362255869,0.33596123535984,0.216958618834283,0.447080145805877,40,12,5,23,19,7,8,4
168,5,0.391304347826087,0.130434782608696,0.478260869565217,0.169793027556824,0.429553759679086,0.214776879839543,0.176527467986544,0.144830334493084,0.678642197520372,0.184196683436336,0.477318696566875,0.238659348283438,0.152644999542649,0.340174156955163,0.507180843502187,0.177227557469923,0.451887715161131,0.225943857580566,0.165360490245521,0.149457572997702,0.685181936756777,0.199889753171238,0.547314578005115,0.273657289002558,0.117647058823529,0.205882352941176,0.676470588235294,0.169793001219475,0.429553676593796,0.214776838296898,0.176527509529189,0.144830313894331,0.67864217657648,17,2,0,15,17,2,7,8
169,1,0.347826086956522,0.173913043478261,0.478260869565217,0.17396211232938,0.489065383810079,0.244532691905039,0.103293395051482,0.319568419581815,0.577138185366703,0.175379911705362,0.450300969262158,0.225150484631079,0.122675602325443,0.376586091524371,0.500738306150186,0.16020917247528,0.445280318999777,0.222640159499888,0.125185927456633,0.321619768459926,0.553194304083441,0.175482897766322,0.491570541259982,0.245785270629991,0.102040816326531,0.326530612244898,0.571428571428571,0.172625988549539,0.483402535227751,0.241701267613876,0.106124819342646,0.32451213622751,0.569363044429843,31,4,13,14,18,1,3,14
169,2,0.347826086956522,0.173913043478261,0.478260869565217,0.0851928052947546,0.224637466101103,0.112318733050551,0.366234986392976,0.0615943104277095,0.572170703179315,0.106570701411252,0.301118929758311,0.150559464879156,0.266642351603163,0.104537313952464,0.628820334444373,0.0828322733592438,0.221206570609513,0.110603285304756,0.369706729853705,0.0633097581735044,0.56698351197279,0.0813403779733465,0.217391304347826,0.108695652173913,0.369565217391304,0.0652173913043478,0.565217391304348,0.0851962517343761,0.226309285669518,0.113154642834759,0.368561783576965,0.0607584006435017,0.570679815779533,22,5,3,14,24,12,0,12
169,3,0.347826086956522,0.173913043478261,0.478260869565217,0.0634886127225342,0.15673551070832,0.07836775535416,0.424958312538495,0.175148573250448,0.399893114211057,0.063859216805247,0.15765080822789,0.0788254041139451,0.425408359435157,0.175156175113571,0.399435465451272,0.0676530029706875,0.185885135442374,0.0929425677211872,0.413960853353842,0.200720844802127,0.38531830184403,0.0634606388087043,0.156521739130435,0.0782608695652174,0.425,0.175,0.4,0.0634572621442338,0.156561163501088,0.0782805817505439,0.424970970565572,0.175048741619755,0.399980287814674,20,11,4,5,20,6,3,11
169,4,0.347826086956522,0.173913043478261,0.478260869565217,0.0763548468281302,0.215916743171011,0.107958371585506,0.403763959726624,0.225933542293664,0.370302497979712,0.0635942843131475,0.170287123179537,0.0851435615897685,0.330339758834634,0.259056605068029,0.410603636097337,0.0737062532221071,0.20598675344592,0.10299337672296,0.385423462044898,0.239309045112844,0.375267492842257,0.073076365909221,0.206521739130435,0.103260869565217,0.395833333333333,0.229166666666667,0.375,0.0722001572564368,0.203713751428418,0.101856875714209,0.392575794030817,0.231020212118175,0.376403993851008,16,10,2,4,32,9,9,14
169,5,0.347826086956522,0.173913043478261,0.478260869565217,0.158177806812536,0.389870698640704,0.194935349320352,0.542761436276874,0.171474233070218,0.285764330652908,0.158237928297596,0.39006230250766,0.19503115125383,0.542857238210352,0.171429043963325,0.285713717826323,0.144474896239614,0.375518178622483,0.187759089311242,0.511486622941665,0.198011596804359,0.290501780253976,0.158237661256458,0.390062111801242,0.195031055900621,0.542857142857143,0.171428571428571,0.285714285714286,0.158273844261933,0.390180488152217,0.195090244076109,0.54291633103263,0.17139824379007,0.2856854251773,19,12,3,4,16,7,3,6
170,1,0.304347826086957,0.217391304347826,0.478260869565217,0.0224431661553769,0.0598304178700579,0.029915208935029,0.328489861206229,0.223164478163582,0.448345660630188,0.0995573742335778,0.271330838337878,0.135665419168939,0.440013245255896,0.182172651207075,0.37781410353703,0.0320568287730016,0.0853774614926302,0.0426887307463151,0.338910156769638,0.22551770441146,0.435572138818902,0.0407868839857458,0.108285479901559,0.0541427399507793,0.358490566037736,0.207547169811321,0.433962264150943,0.0334033520619457,0.082133890610223,0.0410669453051115,0.345414771392068,0.217076768263292,0.43750846034464,32,16,5,11,21,3,6,12
170,2,0.304347826086957,0.217391304347826,0.478260869565217,0.0213931876908289,0.0563579759058154,0.0281789879529077,0.308899962052674,0.189212316394918,0.501887721552408,0.0201597460846903,0.0555941614998233,0.0277970807499117,0.276550745337045,0.236777537283043,0.486671717379912,0.020171286893541,0.0561832583598929,0.0280916291799464,0.314096374112636,0.18929967516788,0.496603950719484,0.0192610396244939,0.0501672240802675,0.0250836120401338,0.307692307692308,0.192307692307692,0.5,0.0213926477713146,0.0563569220887633,0.0281784610443817,0.308900347644363,0.189212843303444,0.501886809052192,26,6,8,12,26,10,2,14
170,3,0.304347826086957,0.217391304347826,0.478260869565217,0.0816744031651482,0.230679031529667,0.115339515764833,0.367371019868407,0.102051788582993,0.5305771915486,0.0816810429479467,0.230701106590838,0.115350553295419,0.367350067764302,0.102040751052407,0.530609181183291,0.0648545589919314,0.18038579526842,0.0901928976342098,0.363870003492788,0.127198406713616,0.508931589793596,0.0816808622741087,0.230700976042591,0.115350488021295,0.36734693877551,0.102040816326531,0.530612244897959,0.0816806454644999,0.230700428978347,0.115350214489173,0.367346257314006,0.102041089858653,0.530612652827341,28,11,3,14,21,7,2,12
170,4,0.304347826086957,0.217391304347826,0.478260869565217,0.201302828910887,0.497630023409049,0.248815011704524,0.553162837791481,0.212785972324535,0.234051189883984,0.201318696572997,0.497689811749288,0.248844905874644,0.553192731961601,0.212764452331219,0.234042815707181,0.187244028048688,0.468439228059874,0.234219614029937,0.528445335024143,0.227513409440576,0.24404125553528,0.201318279215084,0.497687326549491,0.248843663274746,0.553191489361702,0.212765957446809,0.234042553191489,0.201319764415309,0.497710968084205,0.248855484042103,0.553203310129059,0.212745373813249,0.234051316057692,24,11,6,7,23,15,4,4
170,5,0.304347826086957,0.217391304347826,0.478260869565217,0.0546952359842897,0.154685931546965,0.0773429657734822,0.26662633956188,0.17776982509942,0.5556038353387,0.054660571877321,0.154587347557619,0.0772936737788095,0.266666997616204,0.177778459039769,0.555554543344027,0.0362577887874848,0.101612649118422,0.0508063245592109,0.272946421546081,0.197986384329491,0.529067194124428,0.0546612896082721,0.154589371980676,0.0772946859903382,0.266666666666667,0.177777777777778,0.555555555555556,0.0546484293764433,0.154553714519019,0.0772768572595093,0.266653722103838,0.177808551071436,0.555537726824727,24,5,4,15,21,7,4,10
171,1,0.260869565217391,0.260869565217391,0.478260869565217,0.08247039114497,0.23298422596989,0.116492112984945,0.377361678202336,0.207546803620987,0.415091518176677,0.0824683311950916,0.232978514870446,0.116489257435223,0.377358822652614,0.207547146551953,0.415094030795433,0.0803570221115268,0.224175547893763,0.112087773946882,0.372957339164273,0.221046797276656,0.405995863559071,0.0824680909720242,0.232977850697293,0.116488925348646,0.377358490566038,0.207547169811321,0.415094339622642,0.0824799917745091,0.233011778904457,0.116505889452229,0.37737545466962,0.207536666923321,0.415087878407059,26,9,5,12,27,11,6,10
171,2,0.260869565217391,0.260869565217391,0.478260869565217,0.0939202802739459,0.237021522424067,0.118510761212033,0.372066530106265,0.142358804005358,0.485574665888377,0.524624243225752,1.4618849364119,0.730942468205952,0.991812033423344,0.00557194864616066,0.00261601793049555,0.0980459773419362,0.245537377806922,0.122768688903461,0.383638254120852,0.143669387186853,0.472692358692294,0.115725945984334,0.288405797101449,0.144202898550725,0.4,0.116666666666667,0.483333333333333,0.0986902070505223,0.24653822519648,0.12326911259824,0.384138677815631,0.14255009151563,0.473311230668739,33,19,4,10,27,5,3,19
171,3,0.260869565217391,0.260869565217391,0.478260869565217,0.151454136258434,0.376808842206327,0.188404421103164,0.0784326468334114,0.254902062498208,0.666665290668381,0.151454677393043,0.376810555701177,0.188405277850589,0.0784321972174413,0.254901655366753,0.666666147415806,0.126364307211204,0.312466079006538,0.156233039503269,0.104636525714122,0.263850639065452,0.631512835220426,0.151455219815632,0.376811594202899,0.188405797101449,0.0784313725490196,0.254901960784314,0.666666666666667,0.151455136042433,0.376811356570099,0.188405678285049,0.0784314573728871,0.254901994776846,0.666666547850267,26,2,6,18,25,2,7,16
171,4,0.260869565217391,0.260869565217391,0.478260869565217,0.138840868341659,0.341965243603659,0.17098262180183,0.0917786887426765,0.258977819890276,0.649243491367047,0.0626622235607337,0.176859302007029,0.0884296510035146,0.172439914213877,0.300086490168866,0.527473595617257,0.134345449161247,0.336902704998295,0.168451352499147,0.0924182127182438,0.268995596616206,0.63858619066555,0.129504645641702,0.332367149758454,0.166183574879227,0.111111111111111,0.244444444444444,0.644444444444444,0.135686393372183,0.332914838064648,0.166457419032324,0.0944121461850672,0.261423358608111,0.644164495206822,21,0,4,17,24,5,7,12
171,5,0.260869565217391,0.260869565217391,0.478260869565217,0.144980271939263,0.398601937405424,0.199300968702712,0.318827582827208,0.402212516310287,0.278959900862505,0.0547750345932738,0.152068733206899,0.0760343666034494,0.336903931820841,0.210025147472861,0.453070920706299,0.143910433859283,0.392457633394915,0.196228816697458,0.312229208210199,0.405738738922041,0.28203205286776,0.141304663247646,0.360777058279371,0.180388529139686,0.276595744680851,0.425531914893617,0.297872340425532,0.14254855488877,0.392799376024804,0.196399688012402,0.319692923057498,0.398445895389686,0.281861181552815,23,5,16,2,24,8,4,12
172,1,0.217391304347826,0.304347826086957,0.478260869565217,0.268361136182772,0.757621094475349,0.378810547237674,0.5962018515855,0.0948558380508136,0.308942310363686,0.121314568553593,0.3424083589702,0.1712041794851,0.388595483832926,0.209118508802594,0.40228600736448,0.280263940066909,0.792084633293584,0.396042316646792,0.613433620994618,0.0927370864041681,0.293829292601214,0.276178871427058,0.780903665814152,0.390451832907076,0.607843137254902,0.117647058823529,0.274509803921569,0.270655696113245,0.764177778402158,0.382088889201079,0.599480193548905,0.0936102527448473,0.306909553706248,26,22,0,4,25,9,6,10
172,2,0.217391304347826,0.304347826086957,0.478260869565217,0.0616578174944672,0.158971618332082,0.0794858091660409,0.226085307288657,0.375139632312166,0.398775060399177,0.136064724940678,0.351241887241409,0.175620943620705,0.393012247968531,0.284642986797737,0.322344765233733,0.0620151895015041,0.15586504550727,0.0779325227536352,0.213263484616722,0.382280348840592,0.404456166542686,0.0655528373744726,0.178743961352657,0.0893719806763285,0.240740740740741,0.37037037037037,0.388888888888889,0.062020430231221,0.155902063419708,0.0779510317098537,0.213237163259351,0.38229885779681,0.404463978943839,24,11,6,7,30,2,14,14
172,3,0.217391304347826,0.304347826086957,0.478260869565217,0.125294427131078,0.337649763038369,0.168824881519184,0.0485664228286417,0.435361337007894,0.516072240163464,0.16385707509422,0.443467046794573,0.221733523397286,0.0482202114291266,0.526081349484243,0.42569843908663,0.1153835922448,0.3051833732829,0.15259168664145,0.0647996177063763,0.430712551109889,0.504487831183734,0.133884779458138,0.360708534621578,0.180354267310789,0.037037037037037,0.444444444444444,0.518518518518518,0.125934708527616,0.33767187858139,0.168835939290695,0.0485553650571309,0.437859027656622,0.513585607286247,28,1,17,10,26,1,7,18
172,4,0.217391304347826,0.304347826086957,0.478260869565217,0.130998628017331,0.370360589310618,0.185180294655309,0.314688326133568,0.392231098956523,0.293080574909908,0.492266349510807,1.38881735329028,0.694408676645141,0.911799980992967,1.00630081481458e-22,0.0882000190070325,0.125197645241445,0.352941894833135,0.176470947416567,0.29316968772858,0.40504039012277,0.30178992214865,0.136400176560873,0.385093167701863,0.192546583850932,0.303571428571429,0.410714285714286,0.285714285714286,0.128578347682023,0.362285464612469,0.181142732306235,0.294212392742567,0.408669469998451,0.297118137258983,21,11,5,5,35,6,18,11
172,5,0.217391304347826,0.304347826086957,0.478260869565217,0.121514704888076,0.338736900419606,0.169368450209803,0.157895991708561,0.47371627629676,0.36838773199468,0.121489991828451,0.338672730266115,0.169336365133058,0.157895005984875,0.473684191220014,0.368420802795111,0.112407123307569,0.305999697457145,0.152999848728572,0.178258836040916,0.457347674815529,0.364393489143555,0.121489969440516,0.338672768878719,0.169336384439359,0.157894736842105,0.473684210526316,0.368421052631579,0.121438145844668,0.338497689431471,0.169248844715736,0.158004875592419,0.473596670802692,0.368398453604889,19,2,9,8,19,4,9,6
173,1,0.173913043478261,0.347826086956522,0.478260869565217,0.184421615194691,0.494274121095404,0.247137060547702,0.369658115678205,0.39921807530428,0.231123809017515,0.0695219516030479,0.176067486475088,0.088033743237544,0.261946786715805,0.265894868834949,0.472158344449246,0.200007025431492,0.543461150555007,0.271730575277503,0.377793668927304,0.415676036784981,0.206530294287714,0.165669858506742,0.444893832153691,0.222446916076845,0.348837209302326,0.395348837209302,0.255813953488372,0.20077148676032,0.544518402144372,0.272259201072186,0.379827888999057,0.414170442507912,0.206001668493031,18,4,4,10,25,11,13,1
173,2,0.173913043478261,0.347826086956522,0.478260869565217,0.136939834225575,0.382091664519243,0.191045832259621,0.364958875737882,0.279778519391622,0.355262604870496,0.207507160893597,0.52818639759516,0.26409319879758,0.438006242275841,0.326594285733913,0.235399471990246,0.135147957661866,0.377181993986725,0.188590996993362,0.362504040471623,0.280410554606538,0.357085404921839,0.130747035637241,0.368591823491239,0.18429591174562,0.358208955223881,0.26865671641791,0.373134328358209,0.134707235775936,0.376827876844197,0.188413938422098,0.362326981900359,0.277995333854539,0.359677684245102,32,15,11,6,35,9,7,19
173,3,0.173913043478261,0.347826086956522,0.478260869565217,0.0631263229939115,0.174966034178888,0.0874830170894442,0.14558063201265,0.288675481332688,0.565743886654662,0.586542215786066,1.65214263398406,0.826071316992029,0.999984360470289,1.96349124310876e-08,1.56198947980838e-05,0.0714162219791071,0.191234513949039,0.0956172569745194,0.154272131780887,0.271849741679376,0.573878126539737,0.0691962588817214,0.195652173913043,0.0978260869565217,0.225,0.25,0.525,0.0642784574907456,0.180124360113377,0.0900621800566886,0.139567595155581,0.292109355222513,0.568323049621906,21,0,8,13,19,9,2,8
173,4,0.173913043478261,0.347826086956522,0.478260869565217,0.120189295152116,0.301942575751588,0.150971287875794,0.181767683567429,0.490942734743148,0.327289581689423,0.0995118407436882,0.271550715869259,0.13577535793463,0.20974298070371,0.447771507665703,0.342485511630588,0.112123046646788,0.286099932998083,0.143049966499041,0.186193645580671,0.478595451353153,0.335210903066176,0.120184103698176,0.30197628458498,0.15098814229249,0.181818181818182,0.490909090909091,0.327272727272727,0.12003407112484,0.301463025472454,0.150731512736227,0.181660195547032,0.490810447623978,0.32752935682899,24,2,15,7,31,8,12,11
173,5,0.173913043478261,0.347826086956522,0.478260869565217,0.099892370379661,0.271745047652819,0.135872523826409,0.275341415535235,0.382270238725957,0.342388345738808,0.180553853845838,0.505263889180048,0.252631944590024,0.426544988068285,0.253640577424648,0.319814434507067,0.0978512427580655,0.267252236976966,0.133626118488483,0.271876446335747,0.383488802587518,0.344634751076734,0.11816236078205,0.32237539766702,0.16118769883351,0.292682926829268,0.390243902439024,0.317073170731707,0.0991991631834914,0.271376139199411,0.135688069599705,0.27261597959826,0.384811220436228,0.342572799965512,21,2,12,7,20,10,4,6
174,1,0.130434782608696,0.391304347826087,0.478260869565217,0.0533849524132681,0.150731198031174,0.0753655990155869,0.0888855144256538,0.466669946841674,0.444444538732672,0.0533826415083649,0.150725016229145,0.0753625081145725,0.0888897351269807,0.466666855940659,0.44444340893236,0.0464368722519407,0.128185304226151,0.0640926521130756,0.11078497282282,0.455396999939163,0.433818027238017,0.0533825533108447,0.150724637681159,0.0753623188405797,0.0888888888888889,0.466666666666667,0.444444444444444,0.0533873306986957,0.150741418441784,0.0753707092208921,0.0889084955134683,0.466675057046979,0.444416447439553,23,3,11,9,22,1,10,11
174,2,0.130434782608696,0.391304347826087,0.478260869565217,0.211898484523421,0.593822868861547,0.296911434430774,0.427346217039469,0.277979125813289,0.294674657147242,0.13125291738252,0.325513802201526,0.162756901100763,0.293191683709458,0.387215196924437,0.319593119366105,0.193936677302784,0.541090555725162,0.270545277862581,0.400980060471277,0.295032884191964,0.303987055336759,0.204702128867037,0.565217391304348,0.282608695652174,0.41304347826087,0.304347826086957,0.282608695652174,0.196263031853445,0.546793674062846,0.273396837031423,0.403831619640119,0.296071500985797,0.300096879374084,28,7,12,9,18,12,2,4
174,3,0.130434782608696,0.391304347826087,0.478260869565217,0.108662648381878,0.305109923245508,0.152554961622754,0.0701758689384643,0.543859309448841,0.385964821612695,0.108662800930162,0.305110334633645,0.152555167316822,0.0701758491020322,0.543859515142909,0.385964635755058,0.0970144702950093,0.265343771422017,0.132671885711009,0.0943699353122495,0.523976233537096,0.381653831150655,0.108662861220044,0.30511060259344,0.15255530129672,0.0701754385964912,0.543859649122807,0.385964912280702,0.108661379430939,0.305106492143706,0.152553246071853,0.0701760684393188,0.54385759389794,0.385966337662741,29,2,16,11,28,2,15,11
174,4,0.130434782608696,0.391304347826087,0.478260869565217,0.122754148670678,0.326420547093905,0.163210273546952,0.293645056155648,0.258467614548686,0.447887329295666,0.0660716315196271,0.167941161651442,0.0839705808257209,0.136925046548241,0.468784664712263,0.394290288739497,0.12376109759905,0.328987430877345,0.164493715438672,0.294928498047368,0.25727354371148,0.447797958241151,0.124171876488628,0.349299926308032,0.174649963154016,0.305084745762712,0.288135593220339,0.406779661016949,0.124702064750059,0.33106057983941,0.165530289919705,0.2959650725284,0.255854292609921,0.448180634861679,29,3,15,11,30,15,2,13
174,5,0.130434782608696,0.391304347826087,0.478260869565217,0.136630660432959,0.385973010356516,0.192986505178258,0.235238430485153,0.479487205127887,0.285274364386959,0.204157373126831,0.577439448776162,0.288719724388081,0.419154506996777,0.247964321415329,0.332881171587894,0.145733055094059,0.411998358822829,0.205999179411414,0.238951489490967,0.48878682035523,0.272261690153803,0.169323499210839,0.478260869565217,0.239130434782609,0.260869565217391,0.5,0.239130434782609,0.134865544120332,0.379697556158786,0.189848778079393,0.241206997449779,0.470380911064396,0.288412091485825,24,11,5,8,22,1,18,3
175,1,0.0869565217391304,0.434782608695652,0.478260869565217,0.0493604538861703,0.128357800924587,0.0641789004622936,0.0952660820764746,0.370603708233359,0.534130209690167,0.0990978112452357,0.263214748205599,0.1316073741028,0.21856389584193,0.410694489502294,0.370741614655776,0.0439301589755167,0.123771852919092,0.0618859264595462,0.113167954444434,0.372896682236106,0.51393536331946,0.0614513876770457,0.171152518978606,0.085576259489303,0.142857142857143,0.349206349206349,0.507936507936508,0.0387997188622863,0.108764560855769,0.0543822804278845,0.107818921376475,0.380400328267768,0.511780750355758,26,0,7,19,37,9,15,13
175,2,0.0869565217391304,0.434782608695652,0.478260869565217,0.00551312502401445,0.0151163346802716,0.00755816734013581,0.089078076785162,0.427224441355516,0.483697481859322,0.0708204067168795,0.194928484313936,0.097464242156968,0.155659525043802,0.337318366538684,0.507022108417513,0.00582345810247712,0.0150966585455942,0.00754832927279708,0.0860347316046225,0.428156069557363,0.485809198838014,0.00959974007209549,0.0260869565217392,0.0130434782608696,0.1,0.425,0.475,0.00551422274349636,0.0151225276198355,0.00756126380991778,0.0890847475514596,0.427221344885734,0.483693907562806,20,0,11,9,20,4,6,10
175,3,0.0869565217391304,0.434782608695652,0.478260869565217,0.021184855622832,0.059439875191406,0.029719937595703,0.0688191845425493,0.42320000829653,0.50798080716092,0.0621364090773942,0.175728370234985,0.0878641851174924,0.129742433780167,0.479860881772109,0.390396684447725,0.0205749032183768,0.0574045231211356,0.0287022615605678,0.0684671425794086,0.424569726294806,0.506963131125785,0.0230757170226334,0.0630861040068201,0.03154305200341,0.0784313725490196,0.411764705882353,0.509803921568627,0.0221704716138647,0.0622833905006466,0.0311416952503233,0.0682327659209248,0.422364669263534,0.509402564815541,26,0,9,17,25,4,12,9
175,4,0.0869565217391304,0.434782608695652,0.478260869565217,0.142932125732191,0.397485944065131,0.198742972032566,0.285699493771696,0.367353448052321,0.346947058175983,0.142941561662797,0.39751302287558,0.19875651143779,0.28571303317692,0.367346831695677,0.346940135127402,0.144665134735683,0.40271140168108,0.20135570084054,0.288312222579671,0.365472147653541,0.346215629766788,0.142942541725659,0.397515527950311,0.198757763975155,0.285714285714286,0.36734693877551,0.346938775510204,0.14292436090915,0.397470498787586,0.198735249393793,0.285691771132924,0.367341225528623,0.346967003338453,26,9,9,8,23,5,9,9
175,5,0.0869565217391304,0.434782608695652,0.478260869565217,0.0792645883464141,0.224166151318623,0.112083075659311,0.14453121372005,0.489290992374044,0.366177793905906,0.187311461402271,0.529764748653426,0.264882374326713,0.22192182998988,0.564699674771615,0.213378495238505,0.0730293808751145,0.206551191635344,0.103275595817672,0.139335391764857,0.485679334487597,0.374985273747545,0.0611715346096804,0.172208013640239,0.0861040068201194,0.137254901960784,0.470588235294118,0.392156862745098,0.0736869305726569,0.208377676949036,0.104188838474518,0.140828596406271,0.485099372503029,0.374072031090699,24,6,14,4,27,1,10,16
176,1,0.0434782608695652,0.478260869565217,0.478260869565217,0.0773679572905962,0.217385482722874,0.108692741361437,6.41146292581569e-08,0.586953610926655,0.413046324958716,0.0773785776373155,0.217413788213135,0.108706894106567,2.35465061419465e-07,0.586967763671785,0.413032000863154,0.072145644382405,0.203348338856412,0.101674169428206,7.54964192225722e-06,0.579935038993423,0.420057411364654,0.0773701322610965,0.217391304347826,0.108695652173913,0,0.58695652173913,0.41304347826087,0.0773701692047955,0.21739125535924,0.10869562767962,5.9038980747969e-07,0.586956497244837,0.413042912365355,19,0,10,9,27,0,17,10
176,2,0.0434782608695652,0.478260869565217,0.478260869565217,0.142212582541161,0.383587458798857,0.191793729399428,2.78466571023184e-06,0.670054598964646,0.329942616369644,0.0721180894796302,0.203274704994374,0.101637352497187,2.24614863343423e-06,0.579898222062405,0.420099531788962,0.130307591123066,0.353652139848505,0.176826069924253,4.16451085605221e-06,0.65508693948947,0.344908895999674,0.133045401462924,0.360551431601273,0.180275715800636,0,0.658536585365854,0.341463414634146,0.133902421697584,0.362707737709379,0.18135386885469,1.62827699186135e-06,0.659614738419907,0.340383633303101,24,0,13,11,17,0,14,3
176,3,0.0434782608695652,0.478260869565217,0.478260869565217,0.104561926505049,0.280522648046396,0.140261324023198,0.0730519820557584,0.337999545542019,0.588948472402222,0.198831016785806,0.54690817808213,0.273454089041065,0.12347959918773,0.204806780524153,0.671713620288117,0.100407454797036,0.270180189218333,0.135090094609166,0.073135510374685,0.343170774956051,0.583693714669264,0.0945214791404768,0.256521739130435,0.128260869565217,0.075,0.35,0.575,0.10108737478273,0.270848870504916,0.135424435252458,0.0715274886550026,0.342836434312759,0.585636077032238,19,3,3,13,21,0,11,10
176,4,0.0434782608695652,0.478260869565217,0.478260869565217,0.0455180518357524,0.128339172247708,0.0641695861238541,0.0711429038318556,0.514765812726781,0.414091283441363,0.0863187360623796,0.236755571619992,0.118377785809996,0.128482094470837,0.511634821773942,0.359883083755221,0.0424827297349372,0.11912195898139,0.0595609794906949,0.0664366702738919,0.514863439651586,0.418699890074523,0.0470404929477592,0.132992327365729,0.0664961636828645,0.0784313725490196,0.509803921568627,0.411764705882353,0.0447333058546261,0.12603286360116,0.0630164318005799,0.0701594723812686,0.514596089854094,0.415244437764637,24,4,12,8,27,0,14,13
176,5,0.0434782608695652,0.478260869565217,0.478260869565217,0.0396200087767965,0.104694261095696,0.0523471305478479,4.05639720017069e-08,0.469391959322963,0.530608000113065,0.0396259484244395,0.104717514152402,0.052358757076201,2.08946460851319e-07,0.469380164412121,0.530619626641418,0.0383787338222442,0.0997541802483344,0.0498770901241672,3.32658904751759e-06,0.471858713721568,0.528137959689385,0.0396222068531785,0.104702750665484,0.0523513753327418,0,0.469387755102041,0.530612244897959,0.0396217733903179,0.104701697274149,0.0523508486370745,5.57073336658257e-07,0.469387724724371,0.530611718202292,30,0,12,18,19,0,11,8
177,1,0.434782608695652,0.0434782608695652,0.521739130434783,0.0878581745866884,0.224843533703493,0.112421766851746,0.322360841843906,0.0538677735607452,0.623771384595349,0.148374852150588,0.409369834698061,0.20468491734903,0.230097691346622,0.105811863231653,0.664090445421726,0.0777731971250848,0.197372146330696,0.0986860731653481,0.336096535530304,0.0507641992524274,0.613139265217268,0.0783691424147751,0.202898550724638,0.101449275362319,0.333333333333333,0.0555555555555556,0.611111111111111,0.0802622456128083,0.201485412601473,0.100742706300737,0.334039902394916,0.0485591906213962,0.617400906983688,21,4,3,14,33,14,0,19
177,2,0.434782608695652,0.0434782608695652,0.521739130434783,0.17961809426275,0.476953349037033,0.238476674518516,0.673259283214169,6.9775507602915e-06,0.326733739235071,0.102620589814462,0.283300582294306,0.141650291147153,0.576432899842805,4.08475519309404e-07,0.423566691681676,0.176953042106167,0.470326730994974,0.235163365497487,0.669945974193139,6.03981001386515e-06,0.330047985996847,0.179469434854107,0.476588628762542,0.238294314381271,0.673076923076923,0,0.326923076923077,0.17962289890955,0.476969176467583,0.238484588233791,0.673267196929444,1.42458290132887e-06,0.326731378487655,26,14,0,12,26,21,0,5
177,3,0.434782608695652,0.0434782608695652,0.521739130434783,0.0118785556370436,0.0324073500229718,0.0162036750114859,0.450986283707138,0.0392144975065557,0.509799218786306,0.0627910245728027,0.16558666028359,0.0827933301417949,0.503982466269881,0.0570717334371315,0.438945800292988,0.015144065962695,0.039776255310067,0.0198881276550334,0.451608597007389,0.0465404002128619,0.501851002779749,0.0118741588040785,0.0323955669224212,0.0161977834612106,0.450980392156863,0.0392156862745098,0.509803921568627,0.0118808004273035,0.0324085613306185,0.0162042806653093,0.450986889360961,0.0392226896939695,0.509790420945069,26,10,0,16,25,13,2,10
177,4,0.434782608695652,0.0434782608695652,0.521739130434783,0.0644093003214996,0.178662961567169,0.0893314807835846,0.345451127912068,0.0727247970790164,0.581824075008916,0.0643981766279718,0.178633024574339,0.0893165122871694,0.345466096408483,0.072721971799193,0.581811931792324,0.0624388503006952,0.176125345120143,0.0880626725600717,0.34671993613558,0.0931344808365878,0.560145583027832,0.0644062626152369,0.178656126482213,0.0893280632411067,0.345454545454545,0.0727272727272727,0.581818181818182,0.0644060362454452,0.178655405755172,0.0893277028775858,0.345454905818066,0.0727269450619503,0.581818149119983,30,10,3,17,25,9,1,15
177,5,0.434782608695652,0.0434782608695652,0.521739130434783,0.0813262024089746,0.210779443604054,0.105389721802027,0.540172330497679,0.0306667511475429,0.429160918354778,0.0445646544029623,0.120520181086132,0.0602600905430661,0.388666514853903,0.0293342641682484,0.581999220977849,0.0792303137330637,0.204294187198447,0.102147093599224,0.536929702294876,0.0322875722082957,0.430782725496828,0.0820104923907327,0.221343873517787,0.110671936758893,0.545454545454545,0.0181818181818182,0.436363636363636,0.0796993692860079,0.206702115541094,0.103351057770547,0.538133666466199,0.0307501752914334,0.431116158242368,27,20,0,7,28,10,1,17
178,1,0.391304347826087,0.0869565217391304,0.521739130434783,0.167393240415358,0.458624921091559,0.22931246054578,0.161991887280307,0.150695250266936,0.687312862452757,0.141741014472882,0.371537061339171,0.185768530669586,0.363637507581144,0.272725052408716,0.36363744001014,0.196708093705135,0.50612325140914,0.25306162570457,0.138242722121517,0.113432492677183,0.748324785201301,0.158832665113851,0.427053140096618,0.213526570048309,0.177777777777778,0.133333333333333,0.688888888888889,0.174295315118623,0.4728493381564,0.2364246690782,0.154879678747887,0.144788253458303,0.70033206779381,21,8,6,7,24,0,0,24
178,2,0.391304347826087,0.0869565217391304,0.521739130434783,0.0698977999183615,0.173911421344705,0.0869557106723526,0.475495615402464,8.11066777851534e-07,0.524503573530758,0.163356682578918,0.457669326654159,0.22883466332708,0.620139011153167,6.40506525170881e-07,0.379860348340308,0.0669607520785728,0.173898168333686,0.0869490841668429,0.467267442513504,7.43757228749031e-06,0.532725119914208,0.0667716040315787,0.173913043478261,0.0869565217391304,0.466666666666667,0,0.533333333333333,0.0670403654550844,0.17390876729966,0.0869543836498299,0.46750488412533,2.13808930052194e-06,0.532492977785369,24,7,0,17,21,14,0,7
178,3,0.391304347826087,0.0869565217391304,0.521739130434783,0.0307609996293134,0.087005229397548,0.043502614698774,0.413078743471972,0.10868474079202,0.478236515736009,0.0307446359937373,0.0869589623848083,0.0434794811924041,0.413043985280187,0.108696365477434,0.478259649242378,0.0420748684577777,0.115853895993913,0.0579269479969562,0.408486762643516,0.127701054918658,0.463812182437826,0.0307437730950673,0.0869565217391304,0.0434782608695652,0.41304347826087,0.108695652173913,0.478260869565217,0.0307524234784224,0.0869809832393292,0.0434904916196646,0.413062961666888,0.108688399517994,0.478248638815118,19,7,1,11,27,12,4,11
178,4,0.391304347826087,0.0869565217391304,0.521739130434783,0.144071561794178,0.40526343499457,0.202631717497285,0.188672630328802,0.169827525519629,0.641499844151569,0.143759968046515,0.404444950847372,0.202222475423686,0.189081872402401,0.169903358986327,0.641014768611272,0.141048396579931,0.398825365406592,0.199412682703296,0.191891665122791,0.190895090572879,0.61721324430433,0.144068011147013,0.405250205086136,0.202625102543068,0.188679245283019,0.169811320754717,0.641509433962264,0.144079507234731,0.405278113277411,0.202639056638705,0.188665291187381,0.169798600263237,0.641536108549381,30,3,5,22,23,7,4,12
178,5,0.391304347826087,0.0869565217391304,0.521739130434783,0.202346223473251,0.507412874036886,0.253706437018443,0.632790781820113,0.0991765247635476,0.268032693416339,0.111479430635135,0.313681219874791,0.156840609937395,0.483590527738334,0.151510951764279,0.364898520497387,0.215431744562742,0.538471599515227,0.269235799757614,0.649414425370843,0.0980822439519885,0.252503330677169,0.228244377393711,0.56433007985803,0.282165039929015,0.673469387755102,0.0816326530612245,0.244897959183673,0.223479511895341,0.548446575127381,0.27422328756369,0.664488875658323,0.0879952814705851,0.247515842871092,17,7,3,7,32,26,1,5
179,1,0.347826086956522,0.130434782608696,0.521739130434783,0.101898500609991,0.279374717274,0.139687358637,0.487513445593522,0.0912592955683528,0.421227258838125,0.268959836381936,0.66164190210018,0.33082095105009,0.678647038006612,0.127588799330979,0.193764162662409,0.103421891975021,0.288535876409621,0.144267938204811,0.492094025161332,0.0791383544873943,0.428767620351273,0.0901715441389397,0.254347826086956,0.127173913043478,0.475,0.075,0.45,0.101898403541248,0.279375358673393,0.139687679336697,0.487513766293218,0.0912575558529076,0.421228677853874,20,14,3,3,20,5,0,15
179,2,0.347826086956522,0.130434782608696,0.521739130434783,0.107745943068887,0.301967761794531,0.150983880897266,0.254538552850864,0.0727384358170882,0.672723011332048,0.107747964908045,0.301976242885565,0.150988121442783,0.254545056281743,0.0727276918406922,0.672727251877565,0.0868152995037262,0.237742775418218,0.118871387709109,0.261790783519014,0.0975986983370944,0.640610518143892,0.107747934539616,0.30197628458498,0.15098814229249,0.254545454545455,0.0727272727272727,0.672727272727273,0.107767873412085,0.302025605595895,0.151012802797948,0.254508962580198,0.0727391041870717,0.67275193323273,31,9,2,20,24,5,2,17
179,3,0.347826086956522,0.130434782608696,0.521739130434783,0.167958887218394,0.446390692782414,0.223195346391207,0.571021433347729,0.0892157972769869,0.339762769375284,0.26955876867537,0.690114518420808,0.345057259210404,0.692883346166926,0.0982432847766843,0.20887336905639,0.15893009423961,0.419486100472248,0.209743050236124,0.557569137192646,0.0955207584519461,0.346910104355408,0.157764790268676,0.434782608695652,0.217391304347826,0.565217391304348,0.0652173913043478,0.369565217391304,0.160569786371905,0.428809132320865,0.214404566160433,0.562230653116954,0.0880167256213052,0.34975262126174,21,16,2,3,25,10,1,14
179,4,0.347826086956522,0.130434782608696,0.521739130434783,0.215231742552659,0.565298064730892,0.282649032365446,0.108679293758084,0.086932543441687,0.804388162800229,0.215206345190112,0.565216288326819,0.28260814416341,0.108694952389461,0.0869577730123467,0.804347274598192,0.190018825450927,0.488614659253956,0.244307329626978,0.128738539746183,0.105215000192057,0.76604646006176,0.215206411665471,0.565217391304348,0.282608695652174,0.108695652173913,0.0869565217391304,0.804347826086957,0.215206476952804,0.565217892018132,0.282608946009066,0.108695853998948,0.0869560695572036,0.804348076443849,27,4,1,22,19,1,3,15
179,5,0.347826086956522,0.130434782608696,0.521739130434783,0.0827685376652495,0.229552091750026,0.114776045875013,0.462602132831535,0.0929412491302941,0.444456618038171,0.075874241844941,0.207294064574669,0.103647032287334,0.244179054669187,0.158210005947299,0.597610939383514,0.0657094187357473,0.184426731310013,0.0922133656550065,0.440039452611528,0.0942836490787813,0.465676898309691,0.0737839172353633,0.202307009760426,0.101153504880213,0.448979591836735,0.102040816326531,0.448979591836735,0.0635631305628489,0.177193277555335,0.0885966387776673,0.436422725734189,0.0993040008939803,0.464273273371831,21,16,0,5,28,6,5,17
180,1,0.304347826086957,0.173913043478261,0.521739130434783,0.132434186413873,0.372517613519257,0.186258806759628,0.490606632846585,0.0977825599175459,0.411610807235869,0.09275310595211,0.232361309788244,0.116180654894122,0.415175707202392,0.179265817256947,0.405558475540661,0.129163572729237,0.363875675907964,0.181937837953982,0.486285664040939,0.0970441287829763,0.416670207176085,0.12725396959949,0.351304347826087,0.175652173913043,0.48,0.12,0.4,0.129185175993543,0.362744442588963,0.181372221294482,0.485720047381438,0.102234893051762,0.4120450595668,22,13,0,9,28,11,6,11
180,2,0.304347826086957,0.173913043478261,0.521739130434783,0.121903070676598,0.326495517623501,0.16324775881175,0.433963005670896,0.207545622706071,0.358491371623032,0.121903168938243,0.326496914211273,0.163248457105636,0.433961947692903,0.20754737897795,0.358490673329146,0.118100826456523,0.320259926324257,0.160129963162128,0.425528546599022,0.212862286128324,0.361609167272654,0.121903309753438,0.326497128794094,0.163248564397047,0.433962264150943,0.207547169811321,0.358490566037736,0.121903634436142,0.32649693536584,0.16324846768292,0.433963699643003,0.207545637605134,0.358490662751862,25,13,3,9,28,10,8,10
180,3,0.304347826086957,0.173913043478261,0.521739130434783,0.048767694459583,0.127991804215933,0.0639959021079664,0.29461701268907,0.119647954768181,0.585735032542749,0.119967506948722,0.339314935037543,0.169657467518771,0.474005293605728,0.0883347287857837,0.437659977608488,0.0503300957951917,0.126693686259638,0.063346843129819,0.300782426744259,0.11413159969114,0.585085973564602,0.0642611427937072,0.175412293853073,0.0877061469265367,0.327586206896552,0.0862068965517241,0.586206896551724,0.0467560334680274,0.119160989880099,0.0595804949400497,0.299393308232125,0.119287066393043,0.581319625374832,30,16,2,12,28,3,3,22
180,4,0.304347826086957,0.173913043478261,0.521739130434783,0.129642206789166,0.334326762110476,0.167163381055238,0.1555514462832,0.155546042226779,0.688902511490021,0.129620538232738,0.334255223203057,0.167127611601528,0.155565181152906,0.155568076810783,0.688866742036311,0.105163187206045,0.262930935620897,0.131465467810448,0.178394107508318,0.168401294246451,0.653204598245231,0.129634330437566,0.334299516908213,0.167149758454106,0.155555555555556,0.155555555555556,0.688888888888889,0.129635188962239,0.334301314312217,0.167150657156109,0.155554273942755,0.155555938466354,0.688889787590891,24,3,2,19,21,4,5,12
180,5,0.304347826086957,0.173913043478261,0.521739130434783,0.0648167834051102,0.175980059488991,0.0879900297444956,0.238101089581326,0.261903073222756,0.499995837195917,0.0648207697206682,0.175986348769278,0.087993174384639,0.238091426966956,0.2619062178629,0.500002355170144,0.0699588290496491,0.196903305825116,0.0984516529125579,0.246647881854415,0.272364696390819,0.480987421754766,0.0648190756884359,0.175983436853002,0.0879917184265011,0.238095238095238,0.261904761904762,0.5,0.0648173301608084,0.175951489598537,0.0879757447992687,0.238063526192692,0.26188878827753,0.500047685529779,28,5,8,15,14,5,3,6
181,1,0.260869565217391,0.217391304347826,0.521739130434783,0.0276102233245569,0.0780933548184304,0.0390466774092152,0.221822887808176,0.236848419768235,0.541328692423588,0.0503694610678956,0.129644956502792,0.0648224782513958,0.318857329662527,0.15256882609643,0.528573844241042,0.024073844234734,0.0680641264309721,0.0340320632154861,0.226837502001905,0.235237377719713,0.537925120278382,0.0185605635610207,0.051150895140665,0.0255754475703325,0.235294117647059,0.235294117647059,0.529411764705882,0.0246027850131474,0.0694555596841294,0.0347277798420647,0.226141785375327,0.232902756406058,0.540955458218615,24,2,9,13,27,10,3,14
181,2,0.260869565217391,0.217391304347826,0.521739130434783,0.20516297402072,0.578969592583529,0.289484796291765,0.0991954394432739,0.0895806338301788,0.811223926726547,0.155652078927433,0.435013015894749,0.217506507947375,0.181434288016526,0.0793200736013168,0.739245638382157,0.19798500525431,0.556551070104885,0.278275535052443,0.0949150417020234,0.105070292810751,0.800014665487225,0.203501519515223,0.575569358178054,0.287784679089027,0.119047619047619,0.0714285714285714,0.80952380952381,0.205162949753463,0.578969480882465,0.289484740441233,0.0991951922780531,0.0895809368459315,0.811223870876015,21,5,1,15,21,0,2,19
181,3,0.260869565217391,0.217391304347826,0.521739130434783,0.118062107487741,0.292345750071244,0.146172875035622,0.114696690181769,0.220598490370393,0.664704819447838,0.0401858581162042,0.0984526075614397,0.0492263037807199,0.260851800107275,0.266617608128546,0.472530591764179,0.100460729558249,0.248766476753839,0.124383238376919,0.139220862487806,0.214656768700492,0.646122368811702,0.0838208095976732,0.225752508361204,0.112876254180602,0.173076923076923,0.192307692307692,0.634615384615385,0.0999421242995387,0.259506400656972,0.129753200328486,0.131116364888905,0.233732118048434,0.63515151706266,31,9,8,14,21,0,2,19
181,4,0.260869565217391,0.217391304347826,0.521739130434783,0.138383441100052,0.348806665498947,0.174403332749474,0.435272897966865,0.0532963788378141,0.511430723195321,0.231396140879155,0.653229575237588,0.326614787618794,0.587484352836185,0.0716437055883854,0.340871941575429,0.138433014761358,0.348832582893173,0.174416291446587,0.435285856663978,0.0531781761727981,0.511535967163224,0.141999405378735,0.347826086956522,0.173913043478261,0.434782608695652,0.0434782608695652,0.521739130434783,0.138383430179691,0.348806575913078,0.174403287956539,0.43527285317393,0.0532963545171763,0.511430792308893,23,6,0,17,23,14,2,7
181,5,0.260869565217391,0.217391304347826,0.521739130434783,0.151775791042961,0.405275199370977,0.202637599685489,0.46350716490288,0.0547753714942077,0.481717463602912,0.13737361201713,0.382236616616152,0.191118308308076,0.451987873525467,0.0916227461936432,0.45638938028089,0.153905061908266,0.410105267920784,0.205052633960392,0.465922199177783,0.0516572734324645,0.482420527389752,0.151275939151772,0.404186795491143,0.202093397745572,0.462962962962963,0.0555555555555556,0.481481481481481,0.151320609824812,0.40426896172468,0.20213448086234,0.463004046079731,0.0554707224183138,0.481525231501955,31,15,0,16,23,10,3,10
182,1,0.217391304347826,0.260869565217391,0.521739130434783,0.144559870819809,0.402867857319724,0.201433928659862,0.146916920358371,0.462303493877253,0.390779585764376,0.26575386448265,0.689293091273012,0.344646545636506,0.174882297566908,0.605516110853897,0.219601591579195,0.164999510612524,0.454461017749839,0.22723050887492,0.149732329469233,0.488100074092311,0.362167596438456,0.16280345055343,0.456984273820537,0.228492136910268,0.127659574468085,0.48936170212766,0.382978723404255,0.163853768468689,0.44984054969409,0.224920274847045,0.153203712269805,0.485789840064436,0.361006447665759,28,5,18,5,19,1,5,13
182,2,0.217391304347826,0.260869565217391,0.521739130434783,0.172578686941256,0.487926155663262,0.243963077831631,0.333321622664442,0.388902324732407,0.277776052603152,0.172591292829344,0.487962683384221,0.243981341692111,0.333343745292288,0.38889846596504,0.277757788742672,0.173431882695144,0.490476656504874,0.245238328252437,0.336612135097856,0.386887062719798,0.276500802182345,0.172577173953007,0.48792270531401,0.243961352657005,0.333333333333333,0.388888888888889,0.277777777777778,0.172578084767914,0.487925166486047,0.243962583243024,0.333332190661329,0.388891262146912,0.277776547191759,32,12,14,6,22,6,7,9
182,3,0.217391304347826,0.260869565217391,0.521739130434783,0.0770432003983788,0.217861733693492,0.108930866846746,0.10846043750108,0.313327069994244,0.578212492504676,0.0358520808515922,0.096083672167173,0.0480418360835866,0.207407623974891,0.308911401300978,0.483680974724131,0.0775129624715122,0.218822611158308,0.109411305579154,0.107979998768672,0.321428737056553,0.570591264174775,0.0574993538576133,0.16205533596838,0.0810276679841897,0.136363636363636,0.295454545454545,0.568181818181818,0.0739191751433847,0.209064983672173,0.104532491836086,0.11285881251174,0.314021979133878,0.573119208354383,20,0,6,14,24,6,7,11
182,4,0.217391304347826,0.260869565217391,0.521739130434783,0.241236527886767,0.673847982740671,0.336923991370336,0.432267323879304,0.382917537056249,0.184815139064447,0.246979657948033,0.641628175064969,0.320814087532484,0.497410923083071,0.301664034014631,0.200925042902298,0.230502449216393,0.640436993807155,0.320218496903578,0.430341392334426,0.368137974134369,0.201520633531205,0.245310908265258,0.683478260869565,0.341739130434783,0.44,0.38,0.18,0.241085371092308,0.670658114059701,0.33532905702985,0.438432343292687,0.375157583302381,0.186410073404932,29,16,7,6,21,6,12,3
182,5,0.217391304347826,0.260869565217391,0.521739130434783,0.160680641364672,0.442428259279261,0.22121412963963,0.438605433987456,0.105255452062018,0.456139113950526,0.160672678956011,0.442407367625797,0.221203683812899,0.438594988160725,0.105264808460295,0.45614020337898,0.155004193510422,0.431160029938105,0.215580014969052,0.432971319316879,0.118679080000979,0.448349600682142,0.160673881492951,0.442410373760488,0.221205186880244,0.43859649122807,0.105263157894737,0.456140350877193,0.160674057729379,0.442411072377949,0.221205536188974,0.438596840536801,0.105263327141724,0.456139832321475,35,15,5,15,22,10,1,11
183,1,0.173913043478261,0.304347826086957,0.521739130434783,0.0368815762956824,0.100225594369543,0.0501127971847714,0.186443202658124,0.254235028902185,0.559321768439691,0.0368797905849783,0.100220515944565,0.0501102579722824,0.186442200851339,0.254237568114674,0.559320231033987,0.034015520711929,0.0957622383098,0.0478811191549,0.201870105926518,0.256466706932057,0.541663187141425,0.0368803573391239,0.100221075902727,0.0501105379513633,0.186440677966102,0.254237288135593,0.559322033898305,0.0368809633017748,0.100221695500909,0.0501108477504547,0.18643908650692,0.254236978336502,0.559323935156578,29,6,5,18,30,5,10,15
183,2,0.173913043478261,0.304347826086957,0.521739130434783,0.00728903392933931,0.0203626003938251,0.0101813001969125,0.170219128200682,0.297860441167623,0.531920430631695,0.00728318709916535,0.0203495231731662,0.010174761586583,0.170212346309419,0.297873761669215,0.531913892021366,0.0116717060551441,0.0325937428647581,0.016296871432379,0.19020991491064,0.293929573308995,0.515860511780365,0.00728400358372972,0.0203515263644774,0.0101757631822387,0.170212765957447,0.297872340425532,0.531914893617021,0.00724244306234872,0.0202406591101967,0.0101203295550983,0.170218041525871,0.297922498484248,0.531859459989881,29,4,11,14,18,4,3,11
183,3,0.173913043478261,0.304347826086957,0.521739130434783,0.0153591298800464,0.0416612482639712,0.0208306241319856,0.194743667610246,0.299263379777307,0.505992952612446,0.158835963041593,0.438095916776645,0.219047958388322,0.392961001866583,0.237914317735622,0.369124680397795,0.0216322816920361,0.061122577571994,0.030561288785997,0.204474332264258,0.290266822310798,0.505258845424945,0.0511434141818639,0.143977191732003,0.0719885958660014,0.245901639344262,0.262295081967213,0.491803278688525,0.020278626834895,0.0548231361349567,0.0274115680674784,0.201324611545739,0.297941940102155,0.500733448352106,32,14,7,11,29,1,9,19
183,4,0.173913043478261,0.304347826086957,0.521739130434783,0.148298966936579,0.366545918265178,0.183272959132589,0.353850951287666,0.30768287741014,0.338466171302194,0.148301359615917,0.36656298988255,0.183281494941275,0.353847958961076,0.307694405545416,0.338457635493507,0.148301949238944,0.372491901974096,0.186245950987048,0.350549709632676,0.313957110919589,0.335493179447734,0.148299005934389,0.366555183946488,0.183277591973244,0.353846153846154,0.307692307692308,0.338461538461538,0.148299470143652,0.366557016566841,0.18327850828342,0.353846354998625,0.307693022850013,0.338460622151362,30,8,9,13,35,15,11,9
183,5,0.173913043478261,0.304347826086957,0.521739130434783,0.0108239904284317,0.0306024062908359,0.0153012031454179,0.166640648091594,0.296319018328205,0.537040333580201,0.0161498361445724,0.0454966617382964,0.0227483308691482,0.1835234364656,0.281599495217808,0.534877068316592,0.00468771517779947,0.0132123934767907,0.00660619673839535,0.1701297015537,0.301524971273122,0.528345327173178,0.0108222464592893,0.030595813204509,0.0152979066022545,0.166666666666667,0.296296296296296,0.537037037037037,0.0108406605025301,0.0306462592699362,0.0153231296349681,0.166677100369748,0.296260639560501,0.537062260069751,27,2,10,15,27,7,6,14
184,1,0.130434782608696,0.347826086956522,0.521739130434783,0.13252796416612,0.366808695381543,0.183404347690772,0.072163520583308,0.222693001291138,0.705143478125554,0.0657307339939228,0.170130433720239,0.0850652168601194,0.055441032062632,0.337754620642466,0.606804347294902,0.125801829080799,0.346883567828072,0.173441783914036,0.0780302277908517,0.22678885786033,0.695180914348819,0.12767946098306,0.360030511060259,0.18001525553013,0.0526315789473684,0.245614035087719,0.701754385964912,0.129169523343202,0.358320301835872,0.179160150917936,0.0717315412387606,0.227369177408521,0.700899281352719,27,2,2,23,30,1,12,17
184,2,0.130434782608696,0.347826086956522,0.521739130434783,0.145784972036405,0.368655607051082,0.184327803525541,0.142615356464518,0.163498283430981,0.693886360104501,0.130319374186225,0.355522804570084,0.177761402285042,0.177180322357486,0.17006468467148,0.652754992971034,0.126172883184733,0.320621273944981,0.160310636972491,0.142731649654991,0.187515449984031,0.669752900360978,0.145886522907291,0.369121561668146,0.184560780834073,0.142857142857143,0.163265306122449,0.693877551020408,0.145746005970247,0.368513335507484,0.184256667753742,0.142563381013289,0.16356941920278,0.693867199783931,25,6,4,15,24,1,4,19
184,3,0.130434782608696,0.347826086956522,0.521739130434783,0.155834611238954,0.384568552864965,0.192284276432483,0.133320785007387,0.155541810524039,0.711137404468574,0.155807023087739,0.384526067444326,0.192263033722163,0.133346467549968,0.155563053234358,0.711090479215673,0.132256599942181,0.340553710533222,0.170276855266611,0.148550402461483,0.177549231689911,0.673900365848606,0.15581838349693,0.384541062801932,0.192270531400966,0.133333333333333,0.155555555555556,0.711111111111111,0.155819806059863,0.384544959069497,0.192272479534749,0.13333375433925,0.155553607421773,0.711112638238977,28,5,5,18,17,1,2,14
184,4,0.130434782608696,0.347826086956522,0.521739130434783,0.117244465020517,0.307051051824674,0.153525525912337,0.152958892033217,0.194300561044184,0.652740546922599,0.229048299488742,0.611242243485061,0.305621121742531,0.190285767821211,0.0422049652139911,0.767509266964798,0.117872392911603,0.302556007517133,0.151278003758566,0.115434676664103,0.211548189142548,0.673017134193349,0.0440815328168324,0.119312436804853,0.0596562184024267,0.116279069767442,0.302325581395349,0.581395348837209,0.12484415559569,0.327382962912146,0.163691481456073,0.154983761180058,0.184134605500449,0.660881633319493,20,0,13,7,23,5,0,18
184,5,0.130434782608696,0.347826086956522,0.521739130434783,0.0479218923453296,0.134280784424324,0.0671403922121619,0.197575174820858,0.306262928374997,0.496161896804145,0.113286693612063,0.317388617222791,0.158694308611396,0.190732009484261,0.446223168692352,0.363044821823387,0.0539372793983933,0.148435717440652,0.074217858720326,0.204652641329022,0.325969280352809,0.46937807831817,0.0354998513446837,0.0869565217391304,0.0434782608695652,0.173913043478261,0.347826086956522,0.478260869565217,0.0493056114548559,0.13498906368029,0.0674945318401452,0.197929314448841,0.329242300523874,0.472828385027285,28,5,14,9,18,3,2,13
185,1,0.0869565217391304,0.391304347826087,0.521739130434783,0.0447742789056106,0.126629005139303,0.0633145025696514,0.0545513396123741,0.454618850395738,0.490829809991887,0.0447221314949318,0.126480133143342,0.063240066571671,0.0545465180849083,0.454544414397758,0.490909067517334,0.0403551453473182,0.106514645246984,0.0532573226234919,0.0780915825665574,0.444561670449579,0.477346746983864,0.044722873315859,0.126482213438735,0.0632411067193676,0.0545454545454545,0.454545454545455,0.490909090909091,0.0447415481795297,0.126535210241728,0.0632676051208638,0.0545373485944536,0.454571952946951,0.490890698458596,27,2,12,13,28,1,13,14
185,2,0.0869565217391304,0.391304347826087,0.521739130434783,0.0452916453002188,0.127259169401292,0.0636295847006462,0.0487811740578072,0.365850110806764,0.585368715135429,0.0452940747134349,0.127266851069222,0.063633425534611,0.0487821228937244,0.365845321136882,0.585372555969394,0.0264136592994284,0.069074662728799,0.0345373313643995,0.0820126949219493,0.361710843278869,0.556276461799182,0.0452898335186906,0.127253446447508,0.063626723223754,0.0487804878048781,0.365853658536585,0.585365853658537,0.0452882041483523,0.127248681913187,0.0636243409565934,0.0487812088882625,0.365855319720362,0.585363471391376,20,1,9,10,21,1,6,14
185,3,0.0869565217391304,0.391304347826087,0.521739130434783,0.125161218355699,0.321000140445988,0.160500070222994,0.102570719544726,0.230804277603093,0.666625002852181,0.125192643879315,0.321072639325889,0.160536319662944,0.102565075369766,0.230768028163143,0.666666896467092,0.110173259207712,0.300821175622615,0.150410587811307,0.126952273296618,0.24089376001478,0.632153966688603,0.125192000737415,0.321070234113712,0.160535117056856,0.102564102564103,0.230769230769231,0.666666666666667,0.125189770693049,0.321065758438552,0.160532879219276,0.102565293230869,0.230771468606811,0.66666323816232,19,1,6,12,20,3,3,14
185,4,0.0869565217391304,0.391304347826087,0.521739130434783,0.0868816727944488,0.243436219467886,0.121718109733943,0.133284096177758,0.466694883121403,0.40002102070084,0.0956862126892702,0.26986055095476,0.13493027547738,0.163317867542108,0.44987327750049,0.386808854957402,0.0847179291685192,0.237357351324068,0.118678675662034,0.132075443217852,0.464864102009399,0.403060454772748,0.0868920856267328,0.243478260869565,0.121739130434783,0.133333333333333,0.466666666666667,0.4,0.0868267273915834,0.243241591305289,0.121620795652644,0.13311743380957,0.466764231408292,0.400118334782138,33,7,14,12,27,1,14,12
185,5,0.0869565217391304,0.391304347826087,0.521739130434783,0.0381079514864021,0.107440043124576,0.053720021562288,0.110082444646985,0.42189844648052,0.468019108872495,0.145991294137679,0.390188543580362,0.195094271790181,0.12598993461145,0.547365206743948,0.326644858644602,0.0365441034010909,0.103339146334595,0.0516695731672976,0.111843338588876,0.418087104143639,0.470069557267485,0.0286441350182175,0.0737812911725955,0.0368906455862977,0.0909090909090909,0.424242424242424,0.484848484848485,0.0354787537802638,0.10018015912749,0.0500900795637451,0.109481461984447,0.418869487144515,0.471649050871038,34,2,9,23,32,4,19,9
186,1,0.0434782608695652,0.434782608695652,0.521739130434783,0.055070565780129,0.151278538645543,0.0756392693227716,0.0217264986638966,0.510421878018424,0.46785162331768,0.0202087084480196,0.0570901582278243,0.0285450791139121,0.0304188534121601,0.419296937039145,0.550284209548695,0.0507976594150169,0.130512599766019,0.0652562998830093,0.0368657753871926,0.500038908578662,0.463095316034146,0.0551535849899756,0.151711378353376,0.0758556891766882,0.0212765957446809,0.51063829787234,0.468085106382979,0.0549324269009208,0.150853632786519,0.0754268163932597,0.0218724227696515,0.510209425088912,0.467918152141437,24,1,9,14,23,0,15,8
186,2,0.0434782608695652,0.434782608695652,0.521739130434783,0.172694420409154,0.444025282280835,0.222012641140418,0.0663492613854828,0.212769967555235,0.720880771059283,0.082630164032018,0.232257341600676,0.116128670800338,0.112821553470971,0.318653937895314,0.568524508633715,0.164924504657556,0.427299187722908,0.213649593861454,0.0692751204148632,0.221133014834198,0.709591864750939,0.166204789453137,0.433201581027668,0.216600790513834,0.0727272727272727,0.218181818181818,0.709090909090909,0.162632656565457,0.422484762361043,0.211242381180522,0.0703177037818645,0.223540227515131,0.706142068703005,31,4,10,17,24,0,2,22
186,3,0.0434782608695652,0.434782608695652,0.521739130434783,0.0220575680141924,0.0601868941397284,0.0300934470698642,0.0514121233316907,0.404689161625788,0.543898715042521,0.18883357276278,0.47975644518872,0.23987822259436,0.0251807062667902,0.674660831290012,0.300158462443197,0.010083645540738,0.0276686639268924,0.0138343319634462,0.0296439289061191,0.444696156734247,0.525659914359634,0.0217436943150073,0.0552104899930987,0.0276052449965493,0.0158730158730159,0.46031746031746,0.523809523809524,0.00620371028133892,0.0154779168226036,0.00773895841130184,0.0512172192808671,0.434492294743701,0.514290485975432,27,0,4,23,36,1,25,10
186,4,0.0434782608695652,0.434782608695652,0.521739130434783,0.0781050662900122,0.210423647953114,0.105211823976557,0.0200006193739756,0.539994432672209,0.440004947953815,0.106155280453439,0.278064253173266,0.139032126586633,0.0230128467546375,0.573814735282285,0.403172417963077,0.0735724199534969,0.188449999395647,0.0942249996978233,0.0345834080005429,0.529007608393475,0.436408983605982,0.0781093541359079,0.210434782608696,0.105217391304348,0.02,0.54,0.44,0.0781092788530593,0.210434130086689,0.105217065043345,0.0200007441586386,0.539999673738997,0.439999582102365,17,0,7,10,33,1,20,12
186,5,0.0434782608695652,0.434782608695652,0.521739130434783,0.114956123967103,0.302681815669395,0.151340907834697,0.0192306896809887,0.307689272049531,0.67308003826948,0.114953662179903,0.302675633660211,0.151337816830106,0.0192308029463038,0.307692249788808,0.673076947264888,0.101208551904595,0.25763845223468,0.12881922611734,0.0330960640440881,0.316345579403789,0.650558356552123,0.11495363259693,0.302675585284281,0.151337792642141,0.0192307692307692,0.307692307692308,0.673076923076923,0.114953820114227,0.302676001086183,0.151338000543091,0.0192308351751907,0.307692033846935,0.673077130977874,29,1,8,20,23,0,8,15
187,1,0.391304347826087,0.0434782608695652,0.565217391304348,0.0382473403842449,0.0992175761343293,0.0496087880671647,0.385168501662727,5.31896576034008e-06,0.614826179371513,0.0765022885571184,0.21507217826127,0.107536089130635,0.498840436956722,6.18754150799009e-07,0.501158944289127,0.0436651924675862,0.119435419520391,0.0597177097601954,0.375058718338776,6.18059668080272e-06,0.624935101064543,0.0451484260174752,0.124467178175618,0.0622335890878091,0.372549019607843,0,0.627450980392157,0.0446868838376675,0.122917580918422,0.0614587904592108,0.373322077258534,1.74097790738003e-06,0.626676181763559,22,12,0,10,29,7,0,22
187,2,0.391304347826087,0.0434782608695652,0.565217391304348,0.10672689275669,0.282607617841145,0.141303808920572,0.250000538905515,0.0681859639040913,0.681813497190394,0.106652227296239,0.282438674909755,0.141219337454878,0.250085010371209,0.0682090627030069,0.681705926925784,0.0957768702577893,0.26885842208034,0.13442921104017,0.256875136785917,0.0963261086167833,0.6467987545973,0.106728516662428,0.282608695652174,0.141304347826087,0.25,0.0681818181818182,0.681818181818182,0.106728607752285,0.282610037585704,0.141305018792852,0.249999329033235,0.0681833838650725,0.681817287101693,24,4,1,19,20,7,2,11
187,3,0.391304347826087,0.0434782608695652,0.565217391304348,0.131804617124893,0.323774187200572,0.161887093600286,0.553191441426373,0.0425541638138347,0.404254394759792,0.131802469523955,0.323768208363852,0.161884104181926,0.553188452008013,0.0425548882780225,0.404256659713964,0.128142317344256,0.338858605736331,0.169429302868166,0.531705296845298,0.0725066147185199,0.395788088436182,0.131804262728859,0.32377428307123,0.161887141535615,0.553191489361702,0.0425531914893617,0.404255319148936,0.131803165027298,0.323803868773786,0.161901934386893,0.55320628221298,0.0425206321372465,0.404273085649774,23,15,1,7,24,11,1,12
187,4,0.391304347826087,0.0434782608695652,0.565217391304348,0.172079834011757,0.44521994579578,0.22260997289789,0.587760986549495,0.0696315950440478,0.342607418406458,0.0857440028543424,0.241846162711037,0.120923081355519,0.443939181990683,0.111766508060488,0.444294309948829,0.16396314935201,0.428703913747999,0.214351956873999,0.575068840130113,0.0740657254395388,0.350865434430348,0.171859780970939,0.447507953340403,0.223753976670201,0.585365853658537,0.0731707317073171,0.341463414634146,0.167451370367739,0.435213020481872,0.217606510240936,0.581011849946459,0.0713772689901292,0.347610881063412,22,9,3,10,19,15,0,4
187,5,0.391304347826087,0.0434782608695652,0.565217391304348,0.191279856506977,0.505924822859416,0.252962411429708,0.181820196014453,1.2514912334618e-09,0.818179802734056,0.191281291109575,0.505928283960631,0.252964141980316,0.181818327249533,1.39465803211219e-07,0.818181533284663,0.173685662444736,0.462197463036778,0.231098731518389,0.203677966130855,5.91104640822612e-06,0.796316122822737,0.191281480356725,0.505928853754941,0.25296442687747,0.181818181818182,0,0.818181818181818,0.191280156723294,0.50592522049984,0.25296261024992,0.181819513283443,4.85162289701825e-07,0.818180001554268,20,4,0,16,35,6,0,29
188,1,0.347826086956522,0.0869565217391304,0.565217391304348,0.125844271316548,0.340507057662005,0.170253528831002,0.177572558125519,0.216977304411328,0.605450137463152,0.158307400403351,0.432642636020151,0.216321318010076,0.289622059788389,0.303277839749206,0.407100100462405,0.128760804807656,0.356676487399015,0.178338243699507,0.169487843257014,0.207994443498893,0.622517713244093,0.124249479706393,0.347826086956522,0.173913043478261,0.173913043478261,0.195652173913043,0.630434782608696,0.127259944983786,0.34824168911454,0.17412084455727,0.173705242399252,0.213438879712396,0.612855877888353,22,7,7,8,24,1,2,21
188,2,0.347826086956522,0.0869565217391304,0.565217391304348,0.123113632546461,0.346090004241246,0.173045002120623,0.450992512102902,0.156835098713374,0.392172389183725,0.141462523753515,0.399054981593475,0.199527490796737,0.460201483806583,0.174108615685806,0.36568990050761,0.127346869491162,0.359282760849972,0.179641380424986,0.448717846812581,0.165706142308057,0.385576010879362,0.123122753503536,0.3461210571185,0.17306052855925,0.450980392156863,0.156862745098039,0.392156862745098,0.123127597486767,0.346133325284829,0.173066662642415,0.450989379361789,0.156859891976278,0.392150728661933,26,11,2,13,25,12,6,7
188,3,0.347826086956522,0.0869565217391304,0.565217391304348,0.0883643351589004,0.238535422804574,0.119267711402287,0.228558375554235,0.114282586510572,0.657159037935193,0.0883540264337405,0.238511968555529,0.119255984277764,0.228570102678757,0.114286547362497,0.657143349958746,0.0731461583262882,0.206053164819852,0.103026582409926,0.244799504546596,0.146512399874904,0.6086880955785,0.0883531730828431,0.238509316770186,0.119254658385093,0.228571428571429,0.114285714285714,0.657142857142857,0.0883546816506934,0.238514865385054,0.119257432692527,0.228568654263994,0.114288594063397,0.657142751672608,14,4,2,8,21,4,2,15
188,4,0.347826086956522,0.0869565217391304,0.565217391304348,0.0857799977293997,0.242110567103318,0.121055283551659,0.294119424498526,0.0196079006454676,0.686272674856007,0.085781598183784,0.242115307012576,0.121057653506288,0.294116884541265,0.0196080706480991,0.686275044810636,0.0682730481710686,0.192747950184479,0.0963739750922397,0.304724013720777,0.0336846198826351,0.661591366396587,0.0857812469115156,0.242114236999148,0.121057118499574,0.294117647058824,0.0196078431372549,0.686274509803922,0.0857814471678145,0.242114845497972,0.121057422748986,0.29411722274577,0.0196079632008964,0.686274814053334,26,8,0,18,25,7,1,17
188,5,0.347826086956522,0.0869565217391304,0.565217391304348,0.107706328000388,0.283795104777327,0.141897552388664,0.205928534567858,0.205861456104969,0.588210009327173,0.107734767253551,0.283881102951188,0.141940551475594,0.205885535480928,0.205883340282558,0.588231124236514,0.114093071766844,0.288735787007257,0.144367893503629,0.213237997459334,0.231324415242759,0.555437587297907,0.107736098566883,0.283887468030691,0.141943734015345,0.205882352941176,0.205882352941176,0.588235294117647,0.107738844871441,0.28389184357665,0.141945921788325,0.205880165168197,0.205887844856119,0.588231989975684,15,5,3,7,19,2,4,13
189,1,0.304347826086957,0.130434782608696,0.565217391304348,0.14715997412904,0.37832937423269,0.189164687116345,0.493512513203302,0.11099648631723,0.395491000479469,0.196942662723807,0.545104769879173,0.272552384939586,0.49028302276467,0.217051970870569,0.292665006364761,0.149503463546624,0.381765551134101,0.190882775567051,0.495230601654007,0.113731904542586,0.391037493803407,0.145645466194172,0.368530020703934,0.184265010351967,0.476190476190476,0.142857142857143,0.380952380952381,0.149696035393124,0.37988324766849,0.189941623834245,0.494289449921201,0.116426858300876,0.389283691777923,23,11,6,6,19,9,0,10
189,2,0.304347826086957,0.130434782608696,0.565217391304348,0.0939273996646983,0.260878907200317,0.130439453600159,0.217386518846923,0.0869566362485711,0.695656844904506,0.0939244566821813,0.260870615210171,0.130435307605085,0.217389007595292,0.0869582934952748,0.695652698909433,0.074990303799131,0.201273713708166,0.100636856854083,0.225055516702627,0.109090235138942,0.665854248158431,0.0939237782377951,0.260869565217391,0.130434782608696,0.217391304347826,0.0869565217391304,0.695652173913043,0.0939236027990769,0.260869013430417,0.130434506715209,0.217391337747222,0.0869567642332218,0.695651898019556,23,3,3,17,23,7,1,15
189,3,0.304347826086957,0.130434782608696,0.565217391304348,0.0820754516442223,0.230853490196927,0.115426745098463,0.257220743297853,0.0621351202993363,0.680644136402811,0.0582005686268338,0.146849638836014,0.0734248194180069,0.308849116554229,0.0570099631906888,0.634140920255082,0.0679284981835042,0.192130683148763,0.0960653415743816,0.256409544639972,0.0823077224812984,0.661282732878729,0.0817907235171601,0.22805578342904,0.11402789171452,0.264150943396226,0.0566037735849057,0.679245283018868,0.0809781409119844,0.227442869895967,0.113721434947983,0.25918178190342,0.0618793918442489,0.678938826252331,25,3,2,20,28,11,1,16
189,4,0.304347826086957,0.130434782608696,0.565217391304348,0.016245871770784,0.04580227630878,0.02290113815439,0.29130166062775,0.153335920763086,0.555362418609165,0.198185982916173,0.535142349012573,0.267571174506286,0.24281717407473,0.398005957114982,0.359176868810288,0.0534856558688643,0.151269760386798,0.0756348801933989,0.265757890565337,0.206069662802095,0.528172446632568,0.0970072688006433,0.272463768115942,0.136231884057971,0.222222222222222,0.266666666666667,0.511111111111111,0.0369896721562073,0.0994092650826794,0.0497046325413397,0.293617864339642,0.180139415150035,0.526242720510322,18,4,0,14,27,6,12,9
189,5,0.304347826086957,0.130434782608696,0.565217391304348,0.12671573586635,0.339532716003446,0.169766358001723,0.438928634229952,0.165620332467423,0.395451033302625,0.105533232006837,0.29451621824024,0.14725810912012,0.356948767072839,0.225091950742933,0.417959282184228,0.121167350784912,0.329795110095446,0.164897555047723,0.427156083275615,0.17252408046776,0.400319836256625,0.127996534294606,0.347826086956522,0.173913043478261,0.434782608695652,0.173913043478261,0.391304347826087,0.124270236798475,0.335848258552718,0.167924129276359,0.433207025778569,0.169499712193443,0.397293262027989,20,12,1,7,26,8,7,11
190,1,0.260869565217391,0.173913043478261,0.565217391304348,0.083890727364528,0.224488294971738,0.112244147485869,0.238025407920687,0.0845130532890966,0.677461538790217,0.0510218428185885,0.144302215527032,0.0721511077635161,0.297656387881145,0.101761935714745,0.600581676404111,0.0635472801704356,0.17155632525248,0.0857781626262402,0.241196110924438,0.107808335144974,0.650995553930588,0.0826423164212118,0.216503992901508,0.108251996450754,0.244897959183673,0.0816326530612245,0.673469387755102,0.0804040847943555,0.213391943630359,0.106695971815179,0.241568641976612,0.086517994903861,0.671913363119527,20,2,1,17,29,10,3,16
190,2,0.260869565217391,0.173913043478261,0.565217391304348,0.143638214372703,0.394559961693837,0.197279980846919,0.0635895843704728,0.230620208930732,0.705790206698795,0.105067690324886,0.291555348185503,0.145777674092751,0.11509189112464,0.271711349153853,0.613196759721507,0.142867983453189,0.398936237164466,0.199468118582233,0.0614014466351582,0.245785959649983,0.692812593714859,0.142984288222487,0.388405797101449,0.194202898550725,0.0666666666666667,0.222222222222222,0.711111111111111,0.145658248657982,0.397978927839026,0.198989463919513,0.0618801012978784,0.227289633238504,0.710830265463617,19,3,5,11,26,0,5,21
190,3,0.260869565217391,0.173913043478261,0.565217391304348,0.12339782125413,0.343167501894287,0.171583750947144,0.0892858142702477,0.232140526276123,0.678573659453629,0.12339691822446,0.343165977041247,0.171582988520623,0.0892865766967678,0.232142649583189,0.678570773720043,0.105120515644551,0.297075042605408,0.148537521302704,0.112332043914687,0.24289618325776,0.644771772827552,0.123397551116576,0.343167701863354,0.171583850931677,0.0892857142857143,0.232142857142857,0.678571428571429,0.12339193014837,0.343161512010594,0.171580756005297,0.0892888092120945,0.232164616766498,0.678546574021407,25,2,6,17,31,3,7,21
190,4,0.260869565217391,0.173913043478261,0.565217391304348,0.210202992557525,0.593482423887468,0.296741211943734,0.127875466353167,0.470654255421995,0.401470278224838,0.149190639645271,0.417293132415802,0.208646566207901,0.183689020440413,0.382559609686162,0.433751369873425,0.204502294558785,0.577033971851596,0.288516985925798,0.133938632496253,0.462430029404059,0.403631338099688,0.211204337328837,0.595570139458573,0.297785069729286,0.132075471698113,0.471698113207547,0.39622641509434,0.209540266549409,0.591591633519001,0.295795816759501,0.128441338446556,0.469708860237762,0.401849801315682,26,1,16,9,27,6,9,12
190,5,0.260869565217391,0.173913043478261,0.565217391304348,0.0112462465559972,0.0290929353534221,0.014546467676711,0.24632309754068,0.186755595137967,0.566921307321352,0.0362449470058443,0.099957221265479,0.0499786106327396,0.226023884573324,0.223891654111,0.550084461315676,0.00939467079284491,0.0258868348281428,0.0129434174140714,0.256994145822573,0.186856460892332,0.556149393285095,0.0124050273144258,0.0311730926989336,0.0155865463494668,0.245283018867925,0.188679245283019,0.566037735849057,0.0113518930480235,0.0292875629473876,0.0146437814736937,0.246225783743698,0.186933000709426,0.566841215546876,26,8,2,16,27,5,8,14
191,1,0.217391304347826,0.217391304347826,0.565217391304348,0.140272171529285,0.369562410869064,0.184781205434532,0.0624998796605033,0.187501523600617,0.74999859673888,0.14027229272201,0.369563364872102,0.184781682436051,0.0625002908475507,0.187500635412051,0.749999073740399,0.109362099697742,0.279053933901137,0.139526966950569,0.0898413830550975,0.205414258689986,0.704744358254916,0.140272851631568,0.369565217391304,0.184782608695652,0.0625,0.1875,0.75,0.140272420573925,0.369565052197104,0.184782526098552,0.062501309335568,0.187498773261532,0.7499999174029,21,1,4,16,27,2,5,20
191,2,0.217391304347826,0.217391304347826,0.565217391304348,0.0398670420792951,0.107402303220554,0.0537011516102768,0.271092455958103,0.205413902481897,0.52349364156,0.0606579342905418,0.167784566814786,0.083892283407393,0.301283587755219,0.190957772905261,0.50775863933952,0.041533593186089,0.104379611141543,0.0521898055707717,0.266825598519559,0.220146815746865,0.513027585733576,0.0409572762372781,0.110671936758893,0.0553359683794466,0.272727272727273,0.204545454545455,0.522727272727273,0.0398638688555646,0.107392753512939,0.0536963767564697,0.271087681104296,0.205416461343814,0.52349585755189,22,9,3,10,22,3,6,13
191,3,0.217391304347826,0.217391304347826,0.565217391304348,0.0369220768449638,0.0985285453285577,0.0492642726642789,0.266655577012105,0.177771399103577,0.555573023884318,0.0400329478433255,0.113226949922904,0.0566134749614522,0.274004779309278,0.188708788832355,0.537286431858367,0.0441528546825843,0.124856405676026,0.0624282028380128,0.279819507185839,0.187295899824345,0.532884592989816,0.036926250324151,0.0985507246376811,0.0492753623188406,0.266666666666667,0.177777777777778,0.555555555555556,0.0369410007559161,0.0985810057999102,0.0492905028999551,0.266681807247781,0.177753019576501,0.555565173175717,23,7,6,10,22,5,2,15
191,4,0.217391304347826,0.217391304347826,0.565217391304348,0.0385243909519462,0.099811846407517,0.0499059232037586,0.267297227551585,0.17351105637909,0.559191716069325,0.107395008825854,0.273073868323799,0.136536934161899,0.343268634360705,0.228050908496846,0.428680457142448,0.0510483746887977,0.142302738842167,0.0711513694210835,0.28854267376891,0.192399419034486,0.519057907196604,0.0483130014764962,0.136645962732919,0.0683229813664596,0.285714285714286,0.183673469387755,0.530612244897959,0.0494458190624542,0.139324442422535,0.0696622212112676,0.287053525559094,0.187824672450456,0.525121801990451,16,2,1,13,33,12,8,13
191,5,0.217391304347826,0.217391304347826,0.565217391304348,0.0760209935707942,0.21501984026579,0.107509920132895,0.163636344281379,0.163636344281379,0.672727311437243,0.0760192930927149,0.215015030587466,0.107507515293733,0.16363754670096,0.16363754670096,0.672724906598081,0.0541361340341157,0.153120109930988,0.0765600549654942,0.179111276865079,0.179111276865079,0.641777446269842,0.0760209661987118,0.21501976284585,0.107509881422925,0.163636363636364,0.163636363636364,0.672727272727273,0.0760206205699068,0.215018785259963,0.107509392629981,0.163636608032835,0.163636608032835,0.672726783934329,25,3,3,19,30,6,6,18
192,1,0.173913043478261,0.260869565217391,0.565217391304348,0.0690843716577426,0.190761186142953,0.0953805930714764,0.239930436347508,0.29023276541962,0.469836798232871,0.159307610117774,0.448433788950498,0.224216894475249,0.39812993795351,0.167825748478711,0.434044313567779,0.0650522410845651,0.183680129926991,0.0918400649634954,0.215170141710818,0.31145253194833,0.473377326340852,0.081484425169437,0.230434782608696,0.115217391304348,0.233333333333333,0.316666666666667,0.45,0.0656046148525317,0.185342079717013,0.0926710398585064,0.216374674717727,0.311078973836432,0.472546351445841,36,3,16,17,24,11,3,10
192,2,0.173913043478261,0.260869565217391,0.565217391304348,0.0154156729922779,0.0419709909719731,0.0209854954859865,0.152927547992274,0.276478091993239,0.570594360014486,0.0777198400374717,0.2061307479399,0.10306537396995,0.258516969017319,0.279331013648283,0.462152017334398,0.0177210114133012,0.0457275108587145,0.0228637554293573,0.151049288048904,0.281188955745868,0.567761756205228,0.00667192855322388,0.0177133655394525,0.00885668276972629,0.166666666666667,0.259259259259259,0.574074074074074,0.0168511964202097,0.0469660198275388,0.0234830099137694,0.150430033564491,0.276126097234071,0.573443869201438,28,1,7,20,26,8,7,11
192,3,0.173913043478261,0.260869565217391,0.565217391304348,0.0615629752356713,0.167422995555107,0.0837114977775535,0.195049508241354,0.177158067439838,0.627792424318808,0.19309013427742,0.544008230876264,0.272004115438132,0.445917158916393,0.103986395903215,0.450096445180392,0.0773502088938362,0.217646787916289,0.108823393958145,0.237951989257119,0.152046171259247,0.610001839483634,0.120879627988203,0.314842578710645,0.157421289355322,0.310344827586207,0.103448275862069,0.586206896551724,0.0612870529024618,0.173232393586846,0.0866161967934228,0.219937779500057,0.174253368423969,0.605808852075974,17,9,1,7,12,0,2,10
192,4,0.173913043478261,0.260869565217391,0.565217391304348,0.0706750222992126,0.193981029432616,0.0969905147163077,0.0769225287619531,0.288458646292194,0.634618824945853,0.0706737309618389,0.19397857192907,0.096989285964535,0.0769237575137258,0.288460304780278,0.634615937705997,0.0547597323679612,0.154650151424297,0.0773250757121483,0.0965879677661125,0.295848771280239,0.607563260953649,0.0706740218078282,0.193979933110368,0.0969899665551839,0.0769230769230769,0.288461538461538,0.634615384615385,0.0706740230595147,0.193990506723945,0.0969952533619725,0.0769177901162884,0.288482582204627,0.634599627679085,26,1,8,17,26,3,7,16
192,5,0.173913043478261,0.260869565217391,0.565217391304348,0.0829190080516291,0.219963330691958,0.109981665345979,0.264136926121314,0.150887899871412,0.584975174007273,0.0828943335063127,0.219853986652975,0.109926993326487,0.264150438350131,0.150942571890904,0.584906989758965,0.0806662759555453,0.198524865083058,0.0992624325415292,0.272235113399974,0.161607132675862,0.566157753924164,0.0828940471319236,0.219852337981952,0.109926168990976,0.264150943396226,0.150943396226415,0.584905660377358,0.0829001672887936,0.219839212919727,0.109919606459863,0.264184554278721,0.150949958757528,0.584865486963751,25,8,2,15,28,6,6,16
193,1,0.130434782608696,0.304347826086957,0.565217391304348,0.134006715034827,0.378933579129089,0.189466789564545,0.0393689825036706,0.493814615651501,0.466816401844828,0.274834170597045,0.748518219176603,0.374259109588301,0.0341254962532422,0.678606935675258,0.2872675680715,0.129168777123082,0.365226360984634,0.182613180492317,0.0351058537307279,0.486961006579273,0.477933139689999,0.132225036455866,0.371696504688832,0.185848252344416,0.0196078431372549,0.490196078431373,0.490196078431373,0.128041866229506,0.362151663386878,0.181075831693439,0.0390385872626323,0.485423657780396,0.475537754956972,24,1,17,6,27,0,8,19
193,2,0.130434782608696,0.304347826086957,0.565217391304348,0.0172276208254978,0.0457431923590246,0.0228715961795123,0.126269056396966,0.285641956119173,0.58808898748386,0.165284552214655,0.422558545442123,0.211279272721062,0.341714055329757,0.285306552817439,0.372979391852804,0.0329447847432318,0.0912365307556282,0.0456182653778141,0.145042167885843,0.258729560709142,0.596228271405015,0.0636982489454346,0.168695652173913,0.0843478260869565,0.2,0.22,0.58,0.0133309567677201,0.0327465346952753,0.0163732673476376,0.130527671797647,0.287974558739319,0.581497769463034,26,10,7,9,24,0,4,20
193,3,0.130434782608696,0.304347826086957,0.565217391304348,0.054750710114453,0.154814011586428,0.0774070057932141,0.170743582254281,0.341446032234585,0.487810385511134,0.062500938427011,0.168495341248197,0.0842476706240987,0.195716736415035,0.323313542904716,0.480969720680249,0.0587023150419715,0.16600902138086,0.0830045106904302,0.170659896336076,0.347127223050006,0.482212880613918,0.0547543187419961,0.154825026511135,0.0774125132555673,0.170731707317073,0.341463414634146,0.48780487804878,0.0547518223806363,0.154818305684267,0.0774091528421333,0.17072377475758,0.341467986780206,0.487808238462214,22,6,6,10,19,1,8,10
193,4,0.130434782608696,0.304347826086957,0.565217391304348,0.141514057219504,0.400260727642062,0.200130363821031,0.230030184002458,0.404882788514225,0.365087027483317,0.236050721314366,0.637884361099379,0.318942180549689,0.449376963158385,0.230239658964997,0.320383377876618,0.147203392738257,0.410802401314711,0.205401200657355,0.2037922691478,0.436391540205207,0.359816190646992,0.175677963130642,0.496288441145281,0.24814422057264,0.24390243902439,0.439024390243902,0.317073170731707,0.143027767203272,0.400271116253356,0.200135558126678,0.205110986952797,0.429807179869533,0.36508183317767,17,9,3,5,24,1,15,8
193,5,0.130434782608696,0.304347826086957,0.565217391304348,0.183581030831718,0.492930207385688,0.246465103692844,0.182997632190916,0.0578827223941127,0.759119645414972,0.172961405729454,0.428202736737637,0.214101368368818,0.125823958121637,0.0948572822051968,0.779318759673166,0.179850047942527,0.490242151696718,0.245121075848359,0.194209240134528,0.0592267502385975,0.746564009626875,0.180738756717655,0.486246672582076,0.243123336291038,0.183673469387755,0.0612244897959184,0.755102040816326,0.183952020890424,0.49503059669895,0.247515298349475,0.18484077861832,0.0568325277374817,0.758326693644198,26,7,0,19,23,2,3,18
194,1,0.0869565217391304,0.347826086956522,0.565217391304348,0.0681041548751298,0.174314397911227,0.0871571989556135,0.078874131489102,0.268751278250937,0.652374590259961,0.0570594257949066,0.161328745049826,0.0806643725249129,0.125388349630587,0.390058631589978,0.484553018779435,0.0588927229836272,0.148378192787455,0.0741890963937275,0.082641734262123,0.277951778039802,0.639406487698075,0.065853879174145,0.166862514688602,0.0834312573443009,0.0810810810810811,0.27027027027027,0.648648648648649,0.0611436947424385,0.155079854915552,0.0775399274577758,0.0813301372906538,0.275912543947223,0.642757318762124,20,3,8,9,17,0,2,15
194,2,0.0869565217391304,0.347826086956522,0.565217391304348,0.0844776045125133,0.222835886742864,0.111417943371432,0.0685869383373598,0.254777726986861,0.67663533467578,0.00547512486772,0.015030412491733,0.00751520624586649,0.0794413154932639,0.349969148414692,0.570589536092044,0.0767802015976291,0.191378299679866,0.0956891498399332,0.0835584201128007,0.255535038742918,0.660906541144281,0.0835168227748321,0.22805578342904,0.11402789171452,0.0566037735849057,0.264150943396226,0.679245283018868,0.083450999607953,0.220153697743572,0.110076848871786,0.0687748403795503,0.255930919444316,0.675294240176134,27,2,11,14,26,1,3,22
194,3,0.0869565217391304,0.347826086956522,0.565217391304348,0.146849687166772,0.377300550972603,0.188650275486302,0.106078261283296,0.517354622898658,0.376567115818046,0.269007464962514,0.682335621505899,0.34116781075295,0.111763481106069,0.664186938342532,0.224049580551398,0.159752803691583,0.41040684604704,0.20520342302352,0.107704071380188,0.532281960338984,0.360013968280828,0.154147859851872,0.384347826086957,0.192173913043478,0.08,0.54,0.38,0.159750558658269,0.410435789598839,0.205217894799419,0.107745097421191,0.53225540607388,0.359999496504928,28,3,20,5,22,1,7,14
194,4,0.0869565217391304,0.347826086956522,0.565217391304348,0.0322325025674736,0.0899421229441024,0.0449710614720512,0.0580208704460117,0.392797148428573,0.549181981125415,0.0259736611753022,0.0706919364672979,0.0353459682336489,0.113286497798513,0.312480118722873,0.574233383478614,0.0356914700601529,0.0999244691092405,0.0499622345546203,0.0557582595130503,0.397788321511142,0.546453418975808,0.0322767549493783,0.0912330719885958,0.0456165359942979,0.0655737704918033,0.39344262295082,0.540983606557377,0.0347013125003342,0.0969382280746263,0.0484691140373132,0.0560638589690444,0.396295200993835,0.547640940037121,28,4,8,16,33,0,16,17
194,5,0.0869565217391304,0.347826086956522,0.565217391304348,0.0956822176508468,0.268795249905612,0.134397624952806,0.167778438383075,0.401401795265384,0.430819766351542,0.651289687751609,1.82501306728541,0.912506533642703,0.999463055381833,4.51926634579724e-05,0.000491751954708608,0.0880171985135508,0.24315535339926,0.12157767669963,0.170868773493996,0.385491511901286,0.443639714604718,0.0744007778211402,0.210434782608696,0.105217391304348,0.14,0.4,0.46,0.0862378864397562,0.23907048243345,0.119535241216725,0.167675375409988,0.386642474502389,0.445682150087623,22,3,14,5,28,4,6,18
195,1,0.0434782608695652,0.391304347826087,0.565217391304348,0.0484035326602336,0.128070023479254,0.0640350117396269,0.0545436567116312,0.32726933608646,0.618187007201909,0.0483995836019724,0.128061108496685,0.0640305542483424,0.0545448952870114,0.327273793577745,0.618181311135244,0.0435113616644426,0.122729774287988,0.0613648871439939,0.0781130278335122,0.329939460682093,0.591947511484395,0.0484002814076116,0.128063241106719,0.0640316205533597,0.0545454545454545,0.327272727272727,0.618181818181818,0.048402660027618,0.12805967032013,0.0640298351600652,0.054532228956435,0.327274512666022,0.618193258377543,27,2,9,16,28,1,9,18
195,2,0.0434782608695652,0.391304347826087,0.565217391304348,0.0873399526738949,0.228196743322534,0.114098371661267,0.059557064864013,0.27720597616482,0.663236958971167,0.162168460906359,0.442326231561618,0.221163115780809,0.101494890027029,0.170141232045278,0.728363877927693,0.0821904636501259,0.215720660515569,0.107860330257785,0.0598914919546789,0.283444017568302,0.656664490477019,0.079959841767797,0.211180124223602,0.105590062111801,0.0612244897959184,0.285714285714286,0.653061224489796,0.0840985949802434,0.21901195448704,0.10950597724352,0.0580418077505793,0.281798370582567,0.660159821666854,23,3,3,17,26,0,11,15
195,3,0.0434782608695652,0.391304347826087,0.565217391304348,0.185550255854332,0.513806158167679,0.256903079083839,0.125626969619575,0.566058718159917,0.308314312220508,0.0973428715672707,0.27517334372451,0.137586671862255,0.108286278514237,0.46408300204367,0.427630719442093,0.175145988003475,0.48977761466765,0.244888807333825,0.133731365983412,0.545940050046065,0.320328583970523,0.164751235698662,0.451863354037267,0.225931677018633,0.107142857142857,0.553571428571429,0.339285714285714,0.173447039539669,0.481772090814886,0.240886045407443,0.123843258003336,0.551825396099759,0.324331345896905,23,3,17,3,33,3,14,16
195,4,0.0434782608695652,0.391304347826087,0.565217391304348,0.0506767830601048,0.142158933842736,0.0710794669213681,2.12087872011842e-06,0.363701020895564,0.636296858225716,0.0814847617209339,0.228322420379046,0.114161210189523,1.44771395490472e-06,0.50546555801561,0.494532994270435,0.0430076401694236,0.11715096022991,0.0585754801149553,7.06155876033315e-06,0.376200067021937,0.623792871419303,0.0409034703642453,0.109565217391304,0.0547826086956522,0,0.38,0.62,0.0421546539405061,0.114127013990267,0.0570635069951335,1.96320604950449e-06,0.377717138494469,0.622280898299481,22,0,4,18,28,0,15,13
195,5,0.0434782608695652,0.391304347826087,0.565217391304348,0.0446280194723815,0.120976026981968,0.0604880134909838,0.0893232403724467,0.405947381814189,0.504729377813364,0.0723006184786845,0.204084924064872,0.102042462032436,0.145520722902001,0.345901933889079,0.50857734320892,0.0422177081975475,0.115809693883433,0.0579048469417164,0.0850312340773278,0.407656221560041,0.507312544362631,0.050078703023684,0.130434782608696,0.0652173913043478,0.1,0.4,0.5,0.0446264070843,0.119342567615965,0.0596712838079827,0.0911121535418449,0.40334173896179,0.505546107496365,22,0,11,11,28,5,9,14
196,1,0.347826086956522,0.0434782608695652,0.608695652173913,0.0397315635652273,0.112041334756629,0.0560206673783145,0.403846754334836,0.0192308163460265,0.576922429319137,0.0397260437491755,0.112026102261069,0.0560130511305347,0.403839138087056,0.0192322412846398,0.576928620628304,0.0418368237751055,0.11124251128552,0.05562125564276,0.403447342599282,0.033137225943439,0.563415431457279,0.0397311182960426,0.112040133779264,0.0560200668896321,0.403846153846154,0.0192307692307692,0.576923076923077,0.0397307859892636,0.11203917683094,0.0560195884154701,0.403845675371992,0.0192310878635982,0.57692323676441,26,9,1,16,26,12,0,14
196,2,0.347826086956522,0.0434782608695652,0.608695652173913,0.0504312631616898,0.139679946014378,0.069839973007189,0.417666059963711,0.0210783416138632,0.561255598422426,0.0263235821580341,0.0732459235358578,0.0366229617679289,0.323729671331804,0.0309517147263536,0.645318613941842,0.0506378973691215,0.13183274982052,0.06591637491026,0.413742461866782,0.0347598880582408,0.551497650074977,0.0520626833669748,0.144347826086957,0.0721739130434783,0.42,0.02,0.56,0.0518610130691662,0.143671639724755,0.0718358198623776,0.419661906818899,0.0203688736231107,0.55996921955799,22,6,1,15,28,15,0,13
196,3,0.347826086956522,0.0434782608695652,0.608695652173913,0.040060186664205,0.103361866900174,0.051680933450087,0.301884907018953,0.0377385073570469,0.660376585624,0.0400565236169909,0.103353534872954,0.0516767674364771,0.301889907167444,0.0377376732221653,0.66037241961039,0.0340055706223781,0.0960211655054518,0.0480105827527259,0.299815504203796,0.0650739448426246,0.63511055095358,0.0400599252817048,0.103363412633306,0.0516817063166529,0.30188679245283,0.0377358490566038,0.660377358490566,0.0400597573055102,0.10336283163189,0.0516814158159448,0.30188687966404,0.0377360523461023,0.660377067989858,26,5,1,20,27,11,1,15
196,4,0.347826086956522,0.0434782608695652,0.608695652173913,0.0864191732779911,0.21315460072309,0.106577300361545,0.241248786594977,0.0449656605749777,0.713785552830045,0.164895836648659,0.425843860522246,0.212921930261123,0.134904156695399,0.0675733099516779,0.797522533352924,0.0747601168773096,0.184012673419779,0.0920063367098897,0.255819750246632,0.0443733576942031,0.699806892059165,0.0707813632537904,0.178835110746513,0.0894175553732567,0.264150943396226,0.0377358490566038,0.69811320754717,0.0763037837512685,0.188208980926665,0.0941044904633326,0.255039174588011,0.0421606827747431,0.702800142637246,31,12,0,19,22,2,2,18
196,5,0.347826086956522,0.0434782608695652,0.608695652173913,0.049710373426862,0.137417309590254,0.0687086547951272,0.279117432161395,0.0649476200273489,0.655934947811256,0.0857770576486051,0.242591423580749,0.121295711790375,0.407035834987905,0.105564224628557,0.487399940383538,0.0486234609760544,0.134630510892687,0.0673152554463437,0.280510831510178,0.0649763769216233,0.654512791568199,0.0518864150319339,0.142460684551341,0.0712303422756707,0.276595744680851,0.0638297872340425,0.659574468085106,0.0479921744753221,0.133235228003792,0.0666176140018961,0.281208472954626,0.0655423649030969,0.653249162142277,23,3,0,20,24,10,3,11
197,1,0.304347826086957,0.0869565217391304,0.608695652173913,0.0656453321925253,0.18565052873077,0.0928252643653851,0.211522561721571,0.134621024371498,0.653856413906931,0.0656280305642787,0.185601197696651,0.0928005988483258,0.211547227238631,0.134619450825125,0.653833321936244,0.0679704523988645,0.18321597283524,0.0916079864176201,0.212739839669336,0.157978687311165,0.629281473019498,0.0656341200895999,0.18561872909699,0.092809364548495,0.211538461538462,0.134615384615385,0.653846153846154,0.0656432068606281,0.185643808973892,0.0928219044869459,0.211525921600011,0.134638869272449,0.65383520912754,27,3,4,20,25,8,3,14
197,2,0.304347826086957,0.0869565217391304,0.608695652173913,0.0262005054844909,0.0720978014673187,0.0360489007336595,0.268298925353297,0.0975609115681117,0.634140163078591,0.0262063231457979,0.0721131934983074,0.0360565967491537,0.268291229337803,0.0975619882831546,0.634146782379043,0.0218556518546407,0.0582348361073844,0.0291174180536921,0.280809348054073,0.116073939792823,0.603116712153104,0.0262053771549673,0.0721102863202545,0.0360551431601273,0.268292682926829,0.0975609756097561,0.634146341463415,0.026207932669329,0.0721142611110662,0.0360571305555331,0.268290695531423,0.0975556789465287,0.634153625522048,17,4,3,10,24,7,1,16
197,3,0.304347826086957,0.0869565217391304,0.608695652173913,0.0820298339426488,0.209085376262638,0.104542688131319,0.199805137955637,0.18277623263635,0.617418629408013,0.2768602121817,0.779890051005339,0.38994502550267,0.468750362583216,0.312499010745541,0.218750626671243,0.0701366564130923,0.197413919423491,0.0987069597117453,0.263445851278124,0.185663481450876,0.550890667271,0.0803227003088462,0.210702341137124,0.105351170568562,0.288461538461538,0.192307692307692,0.519230769230769,0.0824916878982501,0.226712992506804,0.113356496253402,0.223793932915193,0.200313017992532,0.575893049092275,31,15,10,6,21,0,0,21
197,4,0.304347826086957,0.0869565217391304,0.608695652173913,0.121134852721055,0.342607857177307,0.171303928588654,0.220000412748968,6.48846566128214e-09,0.779999580762567,0.111066705898623,0.313519212471338,0.156759606235669,0.234543518779006,1.22281141188571e-06,0.765455258409582,0.110636680991908,0.31225372659881,0.156126863299405,0.235173415113031,4.06941365125272e-06,0.764822515473318,0.121135147696948,0.342608695652174,0.171304347826087,0.22,0,0.78,0.121134628521966,0.342607228245265,0.171303614122633,0.220000312752246,4.20951207946728e-07,0.779999266296546,27,4,0,23,23,7,0,16
197,5,0.304347826086957,0.0869565217391304,0.608695652173913,0.0469330929591468,0.122369857730325,0.0611849288651624,0.357219791902909,0.0952694847883406,0.547510723308751,0.0830206632475451,0.228107779417186,0.114053889708593,0.38550832581509,0.11984991171959,0.49464176246532,0.0611770715744393,0.168920854499614,0.0844604272498071,0.362819292779932,0.112945482295962,0.524235224924106,0.046855278563408,0.122153209109731,0.0610766045548654,0.357142857142857,0.0952380952380952,0.547619047619048,0.0468617726852753,0.122174998923122,0.0610874994615608,0.357146388015551,0.0952454592720966,0.547608152712352,16,7,3,6,26,8,1,17
198,1,0.260869565217391,0.130434782608696,0.608695652173913,0.128407082318737,0.317390039976703,0.158695019988352,0.416666314302542,0.133333053511897,0.450000632185561,0.128406906495433,0.317390810859412,0.158695405429706,0.41666546395554,0.133334289300253,0.450000246744207,0.130607706060768,0.339310469519855,0.169655234759928,0.408945781890931,0.152013800695084,0.439040417413985,0.12840748736633,0.317391304347826,0.158695652173913,0.416666666666667,0.133333333333333,0.45,0.128394756430446,0.317368036229131,0.158684018114565,0.416646886889411,0.133341479051241,0.450011634059348,35,16,5,14,25,9,3,13
198,2,0.260869565217391,0.130434782608696,0.608695652173913,0.113916008915879,0.321066763856679,0.160533381928339,0.192310162409387,0.0384608034883608,0.769229034102253,0.065667046133555,0.171147150502925,0.0855735752514627,0.249325598140889,0.0564051744337351,0.694269227425376,0.0986393787666333,0.276874705399589,0.138437352699795,0.206514101787503,0.0463528933387896,0.747133004873708,0.113917121722032,0.321070234113712,0.160535117056856,0.192307692307692,0.0384615384615385,0.769230769230769,0.113895713719753,0.321006420200926,0.160503210100463,0.192339311035683,0.0384618266899411,0.769198862274376,27,7,2,18,25,3,0,22
198,3,0.260869565217391,0.130434782608696,0.608695652173913,0.0851685051511515,0.240665580258857,0.120332790129429,0.325566536324147,0.186070601631368,0.488362862044484,0.0851634486491712,0.240649202775259,0.120324601387629,0.325582932205063,0.186046017008653,0.488371050786284,0.0994171934691461,0.280892708966134,0.140446354483067,0.325455041665607,0.206295660643547,0.468249297690846,0.0851626761951287,0.240647118301315,0.120323559150657,0.325581395348837,0.186046511627907,0.488372093023256,0.0851568875626428,0.24062743034288,0.12031371517144,0.325609075448592,0.186008987548935,0.488381937002473,20,8,4,8,23,6,4,13
198,4,0.260869565217391,0.130434782608696,0.608695652173913,0.0809349795591866,0.212937688747669,0.106468844373835,0.367338409591226,0.0408136147903802,0.591847975618394,0.0809372594172449,0.212966107376773,0.106483053688387,0.367352618905778,0.0408300958239976,0.591817285270224,0.0825543222607603,0.225858716484802,0.112929358242401,0.373798923459792,0.0483177308658485,0.577883345674359,0.0809384989735071,0.212954747116238,0.106477373558119,0.36734693877551,0.0408163265306122,0.591836734693878,0.0809387970555512,0.212956523557506,0.106478261778753,0.367347826996144,0.0408168374226567,0.591835335581199,25,9,2,14,24,9,0,15
198,5,0.260869565217391,0.130434782608696,0.608695652173913,0.187530692652368,0.490005617834154,0.245002808917077,0.295439981127681,0.340867175615482,0.363692843256836,0.187568511656336,0.490112354247918,0.245056177123959,0.295457205818817,0.340903319131229,0.363639475049954,0.185260554355429,0.490650797489546,0.245325398744773,0.303884313905784,0.332745432665076,0.36337025342914,0.18757186197212,0.490118577075099,0.245059288537549,0.295454545454545,0.340909090909091,0.363636363636364,0.187564534268976,0.490110827547262,0.245055413773631,0.295467954419587,0.340891807180131,0.363640238400282,23,8,5,10,21,5,10,6
199,1,0.217391304347826,0.173913043478261,0.608695652173913,0.0956661894780697,0.236736880378701,0.11836844018935,0.333318048084264,0.0555446032889104,0.611137348626825,0.112434588484596,0.312906644669366,0.156453322334683,0.373844626682509,0.0711084759846962,0.555046897332795,0.097589971348714,0.247733302829499,0.123866651414749,0.341257955762575,0.0592683028568757,0.599473741380549,0.0956676250960007,0.236714975845411,0.118357487922705,0.333333333333333,0.0555555555555556,0.611111111111111,0.0956738744870598,0.236745297899578,0.118372648949789,0.333333001912024,0.0555403945284718,0.611126603559504,20,5,0,15,34,13,3,18
199,2,0.217391304347826,0.173913043478261,0.608695652173913,0.117532496720294,0.328322700494253,0.164161350247127,0.0532299541006995,0.278557406060638,0.668212639838662,0.124544515774675,0.331161631083042,0.165580815541521,0.0825984951154414,0.339493859019782,0.577907645864777,0.117416422800914,0.321971229278974,0.160985614639487,0.0564056897083389,0.289657069562812,0.65393724072885,0.115958801792682,0.323671497584541,0.161835748792271,0.0555555555555556,0.277777777777778,0.666666666666667,0.117464983091725,0.327345908131866,0.163672954065933,0.0537183502818933,0.280354529342908,0.665927120375199,25,0,5,20,29,3,10,16
199,3,0.217391304347826,0.173913043478261,0.608695652173913,0.151650344032703,0.391285531287035,0.195642765643518,0.391302577801472,0.195644535668133,0.413052886530395,0.151654432389548,0.391302662022236,0.195651331011118,0.39130256507533,0.195653113761875,0.413044321162795,0.154559109379214,0.411070354031207,0.205535177015603,0.384573531681108,0.212265993160582,0.40316047515831,0.151655431423597,0.391304347826087,0.195652173913044,0.391304347826087,0.195652173913043,0.41304347826087,0.151657474890672,0.391313170751521,0.195656585375761,0.391304155157875,0.195656778043973,0.413039066798152,24,10,5,9,22,8,4,10
199,4,0.217391304347826,0.173913043478261,0.608695652173913,0.0738466295709624,0.199630943366099,0.0998154716830493,0.240697522225065,0.0740975717952116,0.685204905979723,0.0685091756796712,0.193534075539962,0.0967670377699809,0.261607566415749,0.07714600570828,0.661246427875971,0.0531225740260324,0.145874437542114,0.0729372187710571,0.23826717839974,0.100975824707204,0.660756996893057,0.0738549584249187,0.199677938808374,0.0998389694041868,0.240740740740741,0.0740740740740741,0.685185185185185,0.0738495288279786,0.199661199313592,0.0998305996567958,0.240735606993298,0.0740824438214651,0.685181949185237,25,3,2,20,29,10,2,17
199,5,0.217391304347826,0.173913043478261,0.608695652173913,0.0609886753152773,0.151642652615691,0.0758213263078453,0.141569978039981,0.24742950156444,0.611000520395579,0.100033241962949,0.264688006376154,0.132344003188077,0.194506400849439,0.306257046666338,0.499236552484223,0.0600097202384595,0.153008053224024,0.0765040266120119,0.147325768464798,0.250417070090273,0.602257161444929,0.0605791156529162,0.158920539730135,0.0794602698650675,0.137931034482759,0.241379310344828,0.620689655172414,0.0610398700863474,0.156189442779588,0.0780947213897942,0.139296582958032,0.244814909011957,0.615888508030011,31,2,5,24,27,6,9,12
200,1,0.173913043478261,0.217391304347826,0.608695652173913,0.104645540855116,0.27695557856307,0.138477789281535,0.197941759640464,0.0789135150662909,0.723144725293246,0.0818492151733854,0.231474690346072,0.115737345173036,0.114434639245833,0.161132363407218,0.724432997346949,0.105623285158604,0.280523535277678,0.140261767638839,0.199553535574693,0.0771295367089872,0.72331692771632,0.0924004469918625,0.24247491638796,0.12123745819398,0.192307692307692,0.0961538461538462,0.711538461538462,0.105479901478719,0.280547237847333,0.140273618923667,0.200101038399951,0.0771176854241594,0.72278127617589,25,2,5,18,27,8,0,19
200,2,0.173913043478261,0.217391304347826,0.608695652173913,0.0846009485858561,0.216888681889767,0.108444340944884,0.0654687025333773,0.315383892229888,0.619147405236735,0.125200608461849,0.342573019928502,0.171286509964251,0.127109036262097,0.388677814312077,0.484213149425826,0.085347389293352,0.222422770306166,0.111211385153083,0.062701658325178,0.31362071103369,0.623677630641132,0.0775424162719899,0.211462450592885,0.105731225296443,0.0681818181818182,0.295454545454545,0.636363636363636,0.0844081688165193,0.227048345852421,0.113524172926211,0.0603888705520503,0.306111254717987,0.633499874729963,18,3,7,8,26,0,6,20
200,3,0.173913043478261,0.217391304347826,0.608695652173913,0.0310055514826945,0.0875950864455489,0.0437975432227744,0.153843954860163,0.193662849743149,0.652493195396687,0.0734648443656869,0.180008998769988,0.0900044993849937,0.173855399739698,0.30739580373282,0.518748796527482,0.025125636825239,0.0710419942250748,0.0355209971125374,0.156952864801192,0.198830485912357,0.644216649286451,0.033021414115546,0.0856389986824769,0.0428194993412384,0.136363636363636,0.212121212121212,0.651515151515151,0.0263620994656275,0.0745631407888452,0.0372815703944226,0.155334016258183,0.198688761173481,0.645977222568336,35,6,12,17,31,3,2,26
200,4,0.173913043478261,0.217391304347826,0.608695652173913,0.172695814654551,0.487620983867543,0.243810491933771,0.0643811404734807,0.0831127154188349,0.852506144107684,0.165003701036307,0.450131946355662,0.225065973177831,0.114749643937172,0.0514887307110845,0.833761625351744,0.176897585491892,0.500339530507927,0.250169765253963,0.0494990139458903,0.0916355686262333,0.858865417427876,0.169977026121733,0.480721903199344,0.240360951599672,0.0566037735849057,0.0943396226415094,0.849056603773585,0.174715891484614,0.494163586448076,0.247081793224038,0.0515573467609742,0.0926652078410746,0.855777445397951,17,3,0,14,36,0,5,31
200,5,0.173913043478261,0.217391304347826,0.608695652173913,0.0886552808579705,0.250676385082068,0.125338192541034,0.239300844204669,0.0920531118067921,0.668646043988539,0.162604841354879,0.451387438978377,0.225693719489188,0.399606762967449,0.142718524623841,0.457674712408709,0.08970081326473,0.240020104025283,0.120010052012642,0.269520659453195,0.0973812523351844,0.63309808821162,0.0915841124509822,0.234782608695652,0.117391304347826,0.28,0.1,0.62,0.0886602240417168,0.22829485872134,0.11414742936067,0.275916995955143,0.103243874987156,0.620839129057701,32,13,5,14,18,1,0,17
201,1,0.130434782608696,0.260869565217391,0.608695652173913,0.0615188048408833,0.173603887322161,0.0868019436610803,0.168745375664526,0.309360915822642,0.521893708512833,0.122885589854654,0.345082369828583,0.172541184914292,0.234690283243771,0.329155249496608,0.436154467259621,0.0669296205473498,0.188443603423435,0.0942218017117173,0.169732219343775,0.315793930194029,0.514473850462196,0.0568509225919216,0.16078753076292,0.0803937653814603,0.169811320754717,0.30188679245283,0.528301886792453,0.0584721166407445,0.164766157995983,0.0823830789979915,0.165441351793998,0.30824607503008,0.526312573175922,24,7,8,9,29,2,8,19
201,2,0.130434782608696,0.260869565217391,0.608695652173913,0.0222697790332382,0.0607487678409046,0.0303743839204523,0.108039110338889,0.252890853566745,0.639070036094365,0.129490237717339,0.349111288952105,0.174555644476052,0.0911082662163083,0.435425209693444,0.473466524090248,0.0459152881337575,0.129103009648649,0.0645515048243243,0.104253941622911,0.222498901378852,0.673247156998237,0.0557986958316117,0.146245059288537,0.0731225296442687,0.0681818181818182,0.25,0.681818181818182,0.044514225304048,0.124884514970756,0.062442257485378,0.106141694117523,0.222720396223186,0.671137909659291,27,2,2,23,17,1,9,7
201,3,0.130434782608696,0.260869565217391,0.608695652173913,0.100808030811204,0.250193742479786,0.125096871239893,0.255531653848589,0.139105690575672,0.605362655575739,0.117710654160107,0.324911780715234,0.162455890357617,0.180202277690819,0.373557960492884,0.446239761816296,0.0772644634004729,0.197374080580451,0.0986870402902255,0.229121822898921,0.170901581803072,0.599976595298007,0.0432776946007844,0.122109158186864,0.061054579093432,0.191489361702128,0.234042553191489,0.574468085106383,0.0956039959372012,0.247813249042433,0.123906624521217,0.254341407129912,0.152059584716721,0.593599008153367,26,4,11,11,21,5,0,16
201,4,0.130434782608696,0.260869565217391,0.608695652173913,0.187858715137618,0.521771221101128,0.260885610550564,0.0434703505260677,0.0869483867494551,0.869581262724477,0.187846428868504,0.521735757664655,0.260867878832327,0.0434793850622482,0.0869570839315113,0.869563531006241,0.159000584695148,0.443295762683604,0.221647881341802,0.0524123879778265,0.117244078506458,0.830343533515715,0.18784755647559,0.521739130434782,0.260869565217391,0.0434782608695652,0.0869565217391304,0.869565217391304,0.187847384476239,0.521738540436122,0.260869270218061,0.043478621182257,0.0869564564257688,0.869564922391974,26,2,2,22,20,0,2,18
201,5,0.130434782608696,0.260869565217391,0.608695652173913,0.104306639209271,0.294720520724311,0.147360260362155,0.209905225751775,0.328759382436468,0.461335391811758,0.113341014140393,0.295883671634742,0.147941835817371,0.257830302909898,0.28141588073356,0.460753816356542,0.105731124314193,0.298864052221823,0.149432026110911,0.209750594834315,0.330985779102683,0.459263626063002,0.106345363198835,0.300724637681159,0.15036231884058,0.208333333333333,0.333333333333333,0.458333333333333,0.103993026458623,0.294108913228781,0.147054456614391,0.205712559521498,0.33264624491898,0.461641195559522,20,7,4,9,28,3,12,13
202,1,0.0869565217391304,0.304347826086957,0.608695652173913,0.0196458878921169,0.0487257791522563,0.0243628895761281,0.0625936321630023,0.304963002019833,0.632443365817165,0.0973118999548246,0.243068623857742,0.121534311928871,0.0918088578683141,0.182813514158086,0.7253776279736,0.0226449401040518,0.0633775417741087,0.0316887708870544,0.0671051027014127,0.29251047423762,0.640384423060967,0.0220080985261246,0.059204440333025,0.0296022201665125,0.0638297872340425,0.297872340425532,0.638297872340426,0.0245538353551867,0.0687685673077057,0.0343842836538528,0.0655659249365058,0.291354139235728,0.643079935827766,20,0,10,10,27,3,4,20
202,2,0.0869565217391304,0.304347826086957,0.608695652173913,0.140762025749116,0.397273647206272,0.198636823603136,0.174939984439146,0.415001186990076,0.410058828570777,0.0741497117378532,0.205479540237455,0.102739770118728,0.120141953186319,0.201608055968229,0.678249990845452,0.118466947047187,0.329902544814445,0.164951272407222,0.144036595093098,0.412219025140211,0.443744379766691,0.110594185670142,0.288819875776398,0.144409937888199,0.107142857142857,0.428571428571429,0.464285714285714,0.129969466665562,0.367460562970396,0.183730281485198,0.174296052354534,0.40073857695675,0.424965370688715,30,3,5,22,26,3,19,4
202,3,0.0869565217391304,0.304347826086957,0.608695652173913,0.0773903114666244,0.193453706709237,0.0967268533546187,0.0909710212204267,0.397060179960279,0.511968798819294,0.151341986277265,0.40546037433149,0.202730187165745,0.128891415723414,0.465143119268418,0.405965465008168,0.0950848994963581,0.242913226556361,0.12145661327818,0.0977055778176658,0.415055383286601,0.487239038895733,0.0915465784227535,0.237799467613132,0.118899733806566,0.102040816326531,0.408163265306122,0.489795918367347,0.0935956127339228,0.239393982700101,0.119696991350051,0.097869541725581,0.413131797450557,0.488998660823862,15,0,4,11,34,5,16,13
202,4,0.0869565217391304,0.304347826086957,0.608695652173913,0.201525192780277,0.544512423620751,0.272256211810376,0.0238080111718836,0.0952401248438277,0.880951863984289,0.17223416085877,0.466184278450015,0.233092139225007,0.031630957055279,0.126581251545801,0.841787791398921,0.172580083979803,0.461303187814752,0.230651593907376,0.0407372349759002,0.119915518942811,0.839347246081289,0.201525969582382,0.544513457556936,0.272256728778468,0.0238095238095238,0.0952380952380952,0.880952380952381,0.201525022533899,0.544510873783863,0.272255436891932,0.0238098616098279,0.0952390493243275,0.880951089065845,21,0,1,20,21,1,3,17
202,5,0.0869565217391304,0.304347826086957,0.608695652173913,0.0626157176139688,0.17391301307662,0.0869565065383098,1.52008206097434e-08,0.33333412929899,0.666665855500189,0.0626158427138895,0.173912803287614,0.0869564016438068,1.20095323594665e-07,0.333332794073273,0.666667085831403,0.0615022669618696,0.173897951509422,0.0869489757547112,7.54598441921845e-06,0.345898782426073,0.654093671589508,0.06261585215853,0.173913043478261,0.0869565217391304,0,0.333333333333333,0.666666666666667,0.0626156575897789,0.173912571435659,0.0869562857178297,2.36021300696411e-07,0.333333414177301,0.666666349801399,21,0,8,13,27,0,8,19
203,1,0.0434782608695652,0.347826086956522,0.608695652173913,0.13905240967879,0.374918542649721,0.187459271324861,0.0857528175603224,0.160366815631661,0.753880366808017,0.116737537647056,0.328345456823827,0.164172728411913,0.140629998558706,0.183653358544608,0.675716642896686,0.124527668233832,0.336091041276506,0.168045520638253,0.0818804394442973,0.179780566318269,0.738338994237434,0.14185655953474,0.387959866220736,0.193979933110368,0.0961538461538462,0.153846153846154,0.75,0.136912558812296,0.370453634064882,0.185226817032441,0.0872465792556749,0.162599269924081,0.750154150820244,23,0,3,20,29,5,5,19
203,2,0.0434782608695652,0.347826086956522,0.608695652173913,0.111615173695848,0.297567620850661,0.148783810425331,0.163525985155168,0.199042276531191,0.63743173831364,0.148901778964476,0.417863404724518,0.208931702362259,0.252409963231824,0.26612572455083,0.481464312217345,0.11029584720973,0.28541198369286,0.14270599184643,0.169365748501361,0.205120095110092,0.625514156388547,0.117443742393149,0.312673450508788,0.156336725254394,0.170212765957447,0.191489361702128,0.638297872340426,0.110980230620889,0.290332461552667,0.145166230776333,0.167733336397085,0.202659856180188,0.629606807422727,22,1,2,19,25,7,7,11
203,3,0.0434782608695652,0.347826086956522,0.608695652173913,0.0910272080328037,0.251666207828552,0.125833103914276,0.0828692655887475,0.221992983042246,0.695137751369007,0.156386265416717,0.437265794722371,0.218632897361186,0.181686545076337,0.129193189595336,0.689120265328327,0.0879521429042316,0.240725772670142,0.120362886335071,0.0764944531273876,0.227463200621451,0.696042346251162,0.0905879416549627,0.255652173913044,0.127826086956522,0.1,0.22,0.68,0.0865300376601889,0.237124780300641,0.118562390150321,0.0765222522523935,0.229263696806201,0.694214050941406,22,5,2,15,28,0,9,19
203,4,0.0434782608695652,0.347826086956522,0.608695652173913,0.113875418616758,0.29170907929936,0.14585453964968,0.0572763805618538,0.201971547306842,0.740752072131305,0.0468449494083142,0.129242104999861,0.0646210524999306,0.0884285500901,0.283205034456591,0.628366415453309,0.0967383331034484,0.256533387868674,0.128266693934337,0.0664023969996283,0.219559393022185,0.714038209978187,0.115525724059674,0.295652173913043,0.147826086956522,0.0571428571428571,0.2,0.742857142857143,0.114516044602886,0.293098854382721,0.14654942719136,0.0570592918041094,0.201276659765161,0.741664048430729,18,0,2,16,17,2,5,10
203,5,0.0434782608695652,0.347826086956522,0.608695652173913,0.0731733002074582,0.196091231101868,0.0980456155509342,0.0638341757491321,0.425515787627889,0.510650036622979,0.0731809997604852,0.196103576105648,0.0980517880528241,0.0638236173548286,0.425532518524082,0.510643864121089,0.0829717337484737,0.233095598817249,0.116547799408625,0.0899656962356357,0.417886450999076,0.492147852765288,0.0731838439670433,0.196114708603145,0.0980573543015727,0.0638297872340425,0.425531914893617,0.51063829787234,0.0731734370737859,0.196085132205455,0.0980425661027277,0.0638243061053297,0.425522607823485,0.510653086071185,22,2,10,10,25,1,10,14
204,1,0.304347826086957,0.0434782608695652,0.652173913043478,0.106287182800966,0.29269740001805,0.146348700009025,0.201475136972316,2.24997518082845e-06,0.798522613052503,0.0690366892074268,0.194889140916722,0.0974445704583612,0.250380214249892,1.30224826841658e-06,0.749618483501839,0.0973381131624155,0.269699500553545,0.134849750276772,0.212970476154764,5.86052498553536e-06,0.787023663320251,0.1047929835695,0.288872512896094,0.144436256448047,0.203389830508475,0,0.796610169491525,0.104880468607072,0.289096104658965,0.144548052329483,0.203276847502323,1.18712471636702e-06,0.796721965372961,32,9,0,23,27,3,0,24
204,2,0.304347826086957,0.0434782608695652,0.652173913043478,0.0462637066716249,0.1296101821904,0.0648050910951999,0.2641529151344,0.0188680807269217,0.716979004138678,0.0462640337320933,0.129610893720574,0.064805446860287,0.264152043650538,0.0188685964456972,0.716979359903765,0.0277253466828968,0.0761792376970018,0.0380896188485008,0.277245226952607,0.0324912411554135,0.690263531891979,0.0462652989887064,0.129614438063987,0.0648072190319934,0.264150943396226,0.0188679245283019,0.716981132075472,0.0462654557702019,0.129614757150126,0.0648073785750632,0.264150462562706,0.0188682458187522,0.716981291618542,31,8,0,23,22,6,1,15
204,3,0.304347826086957,0.0434782608695652,0.652173913043478,0.32238877252315,0.792707242847961,0.396353621423981,0.697664678977756,0.0465150294027466,0.255820291619498,0.314992064542257,0.789953900886148,0.394976950443074,0.680231669944866,0.06257136745473,0.257196962600404,0.304915702131371,0.755228141265191,0.377614070632596,0.673477040722969,0.0519631168661485,0.274559842410883,0.322395320083739,0.792719919110212,0.396359959555106,0.697674418604651,0.0465116279069767,0.255813953488372,0.322397448901254,0.792724164910278,0.396362082455139,0.697677521629446,0.0465106477822152,0.255811830588339,17,11,2,4,26,19,0,7
204,4,0.304347826086957,0.0434782608695652,0.652173913043478,0.101715868876382,0.257916067865202,0.128958033932601,0.433305860019557,0.0341947698550538,0.532499370125389,0.228755116596654,0.566561141244906,0.283280570622453,0.58762839670941,0.0371429783652798,0.375228624925311,0.0937467829277669,0.235406489866971,0.117703244933486,0.422051071020442,0.0374674234372508,0.540481505542307,0.0912432965795967,0.242368177613321,0.12118408880666,0.425531914893617,0.0212765957446809,0.553191489361702,0.0925274288778336,0.236072428754414,0.118036214377207,0.422384040464163,0.0333741262628055,0.544241833273031,21,13,1,7,26,7,0,19
204,5,0.304347826086957,0.0434782608695652,0.652173913043478,0.120421812417268,0.312832327781075,0.156416163890537,0.460763989977494,0.0236020494079002,0.515633960614606,0.209254311780967,0.529600422822356,0.264800211411178,0.569148037498135,0.0254970632422985,0.405354899259567,0.127951221879169,0.324287595000665,0.162143797500333,0.466491623587289,0.0319715435659161,0.501536832846795,0.12840598906547,0.336758893280632,0.168379446640316,0.472727272727273,0.0181818181818182,0.509090909090909,0.128034482087504,0.331014599919439,0.165507299959719,0.469855126046676,0.0243229060724828,0.505821967880841,23,7,0,16,32,19,1,12
205,1,0.260869565217391,0.0869565217391304,0.652173913043478,0.116881107366053,0.320636997386085,0.160318498693042,0.145849533876216,0.0416580543872632,0.812492411736521,0.1168878990024,0.320649557393159,0.160324778696579,0.145833899543059,0.0416674087168836,0.812498691740058,0.0889224993493686,0.231961752498089,0.115980876249044,0.160782291176311,0.0710629195311662,0.768154789292523,0.116888778727697,0.320652173913043,0.160326086956522,0.145833333333333,0.0416666666666667,0.8125,0.11688142734817,0.320629424266666,0.160314712133333,0.145836760857933,0.0416746139652561,0.812488625176811,24,2,1,21,24,5,1,18
205,2,0.260869565217391,0.0869565217391304,0.652173913043478,0.110856938270205,0.304371500203026,0.152185750101513,0.152165124066613,0.0434752127883957,0.804359663144991,0.110843042755939,0.304329886817008,0.152164943408504,0.152173558145024,0.0434875854029934,0.804338856451982,0.0865310689051647,0.238504559682686,0.119252279841343,0.177460886675137,0.0511129204400414,0.771426192884821,0.110848250295495,0.304347826086957,0.152173913043478,0.152173913043478,0.0434782608695652,0.804347826086957,0.110859434315319,0.304382864070023,0.152191432035012,0.152169443417568,0.0434652115039425,0.80436534507849,23,3,2,18,23,4,0,19
205,3,0.260869565217391,0.0869565217391304,0.652173913043478,0.0686358091942026,0.173908287773506,0.0869541438867532,0.341703619122723,2.37785237720293e-06,0.6582940030249,0.180543462863947,0.502758100819498,0.251379050409749,0.51224861562714,1.25444218528455e-06,0.487750129930675,0.0615126022589045,0.17389687626688,0.0869484381334399,0.306726468612722,8.08360569051244e-06,0.693265447781587,0.061735022631911,0.173913043478261,0.0869565217391304,0.311111111111111,0,0.688888888888889,0.0619642626185971,0.173908415317573,0.0869542076587863,0.313758315588395,2.31408034415695e-06,0.686239370331261,27,4,0,23,18,10,0,8
205,4,0.260869565217391,0.0869565217391304,0.652173913043478,0.06162674501936,0.159189164585974,0.0795945822929868,0.181274982924404,0.096007912269029,0.722717104806566,0.209676962353735,0.555181177461162,0.277590588730581,0.538460153947972,0.038462066788495,0.423077779263533,0.0600639999107675,0.169670778189595,0.0848353890947977,0.222159119754116,0.0408315781076079,0.737009302138276,0.0465669304297991,0.131359851988899,0.0656799259944496,0.297872340425532,0.0212765957446809,0.680851063829787,0.0534692900862157,0.140220521743911,0.0701102608719555,0.190759304345436,0.0974787973914598,0.711761898263104,22,0,0,22,25,14,1,10
205,5,0.260869565217391,0.0869565217391304,0.652173913043478,0.0348620085758886,0.0984407683660861,0.049220384183043,0.283019107278285,0.0377361375560874,0.679244755165627,0.0348615662018364,0.0984397270208734,0.0492198635104367,0.283020437380403,0.0377366582286937,0.679242904390903,0.0192409154729971,0.0494201775536536,0.0247100887768268,0.285579653994218,0.064733454405895,0.649686891599887,0.0348622302885575,0.0984413453650533,0.0492206726825267,0.283018867924528,0.0377358490566038,0.679245283018868,0.034865576748999,0.0984550087725719,0.049227504386286,0.283053858214714,0.0377290173528445,0.679217124432441,25,5,1,19,28,10,1,17
206,1,0.217391304347826,0.130434782608696,0.652173913043478,0.0582572208222805,0.156459593317414,0.0782297966587072,0.234124740415814,0.191931143199415,0.573944116384771,0.0914803730789016,0.254845122618758,0.127422561309379,0.173060584572551,0.257857343918075,0.569082071509374,0.0613939404637253,0.169042296791144,0.0845211483955719,0.242448521491959,0.189898713860134,0.567652764647906,0.0605698388428284,0.166416791604198,0.0832083958020989,0.241379310344828,0.189655172413793,0.568965517241379,0.0566638566757976,0.155697758166612,0.0778488790833058,0.239858131694278,0.185816834345549,0.574325033960172,25,3,8,14,33,11,3,19
206,2,0.217391304347826,0.130434782608696,0.652173913043478,0.0990870334855191,0.277744425039357,0.138872212519679,0.164179924583602,0.0447739498532413,0.791046125563157,0.0990826508243796,0.277731992598132,0.138865996299066,0.164182789101601,0.0447773015558545,0.791039909342544,0.0764170177760203,0.214791721511263,0.107395860755631,0.174130697769178,0.0662995284317122,0.75956977379911,0.0990859246793226,0.277741726151849,0.138870863075925,0.164179104477612,0.0447761194029851,0.791044776119403,0.0990832235349631,0.277734325726911,0.138867162863455,0.164179963446004,0.0447789606470622,0.791041075906934,38,8,2,28,29,3,1,25
206,3,0.217391304347826,0.130434782608696,0.652173913043478,0.0342805472223458,0.0944778222463518,0.0472389111231759,0.203211013670789,0.0973761621625568,0.699412824166654,0.0249720408061794,0.0656662349331535,0.0328331174665767,0.184558186881249,0.158116066421084,0.657325746697666,0.0312926759087736,0.0800654071349678,0.0400327035674839,0.221071061256693,0.0904020790412118,0.688526859702095,0.0307437730950673,0.0869565217391304,0.0434782608695652,0.195652173913043,0.108695652173913,0.695652173913043,0.0332683452505334,0.0919156882955041,0.0459578441477521,0.203134859819421,0.0987333829893492,0.69813175719123,21,5,0,16,25,4,5,16
206,4,0.217391304347826,0.130434782608696,0.652173913043478,0.0942423392967407,0.256588420653939,0.12829421032697,0.12197321468405,0.0975586619455016,0.780468123370448,0.0506829844064453,0.12826808212947,0.0641340410647352,0.157606673077047,0.12608537281474,0.716307954108213,0.0756206634764577,0.210900504899277,0.105450252449638,0.149241836624579,0.0931339978823047,0.757624165493117,0.0942584245885919,0.256627783669141,0.128313891834571,0.121951219512195,0.0975609756097561,0.780487804878049,0.0939894013409647,0.256370911736883,0.128185455868441,0.122845694374308,0.0967949367137722,0.780359368911919,15,1,0,14,26,4,4,18
206,5,0.217391304347826,0.130434782608696,0.652173913043478,0.0635026015799349,0.162003473466935,0.0810017367334677,0.136389567614358,0.20452001632229,0.659090416063351,0.063522265300179,0.162051627067679,0.0810258135338396,0.136365490813987,0.204544273118372,0.659090236067641,0.0587440162223021,0.162029822515889,0.0810149112579445,0.160955029607266,0.21144969386664,0.627595276526093,0.0635235376538864,0.162055335968379,0.0810276679841897,0.136363636363636,0.204545454545455,0.659090909090909,0.0635230872453154,0.162053847768393,0.0810269238841967,0.136364380463629,0.204545151017943,0.659090468518427,25,4,3,18,19,2,6,11
207,1,0.173913043478261,0.173913043478261,0.652173913043478,0.0588960277225346,0.161418105253399,0.0807090526266997,0.196444838791121,0.2320903007921,0.571464860416779,0.08760845601755,0.23795231831234,0.11897615915617,0.203461725717675,0.263340520395017,0.533197753887308,0.0680783003654171,0.191961072991428,0.0959805364957138,0.215362292580591,0.228444330871645,0.556193376547764,0.0589278383301781,0.161490683229814,0.0807453416149069,0.196428571428571,0.232142857142857,0.571428571428571,0.0588967923556926,0.161576274652569,0.0807881373262846,0.196751318932425,0.231862905350381,0.571385775717194,35,7,11,17,21,4,2,15
207,2,0.173913043478261,0.173913043478261,0.652173913043478,0.0137304895372636,0.0368217400649194,0.0184108700324597,0.177773442209743,0.155502173445801,0.666724384344456,0.0320043706867843,0.0882087406617137,0.0441043703308569,0.204769943453075,0.187160513834303,0.608069542712621,0.0158525966287021,0.0447376817203971,0.0223688408601986,0.196281884338459,0.164026100884904,0.639692014776637,0.0136866533725448,0.0367149758454106,0.0183574879227053,0.177777777777778,0.155555555555556,0.666666666666667,0.0137489820832705,0.037201116465277,0.0186005582326385,0.178307592519983,0.155312485245622,0.666379922234395,18,2,1,15,27,6,6,15
207,3,0.173913043478261,0.173913043478261,0.652173913043478,0.119748044575703,0.333151804888808,0.166575902444404,0.117058836091942,0.0641913484201757,0.818749815487882,0.135261412443037,0.381824353107774,0.190912176553887,0.0680704169560173,0.0888434934466176,0.843086089597365,0.115705928424445,0.314972823312622,0.157486411656311,0.133644704986566,0.0566949703136446,0.809660324699789,0.112218281305255,0.295652173913043,0.147826086956522,0.15,0.05,0.8,0.11556308866696,0.314636298361054,0.157318149180527,0.133600952435356,0.0569069853406385,0.809492062224005,14,0,2,12,26,6,0,20
207,4,0.173913043478261,0.173913043478261,0.652173913043478,0.0765650300175925,0.214683539269141,0.10734176963457,0.0665712738436904,0.239897096091909,0.693531630064401,0.103773425497674,0.293153348340679,0.146576674170339,0.0943124404644826,0.1069369723217,0.798750587213818,0.0764611168220037,0.210513904450224,0.105256952225112,0.0686560912531491,0.205089617933562,0.726254290813289,0.0752308011518359,0.212232866617539,0.106116433308769,0.0677966101694915,0.220338983050847,0.711864406779661,0.0729542237698366,0.203710445800198,0.101855222900099,0.0720578205781619,0.210606424188033,0.717335755233805,22,0,10,12,37,4,3,30
207,5,0.173913043478261,0.173913043478261,0.652173913043478,0.108541520993117,0.306652884416074,0.153326442208037,0.327239485686298,0.0909138726334314,0.581846641680271,0.108564543874814,0.306719375470532,0.153359687735266,0.327272731213527,0.0909090464320725,0.581818222354401,0.110082556179658,0.308971440934024,0.154485720467012,0.328398763945273,0.113339778063241,0.558261457991487,0.108564539440663,0.306719367588933,0.153359683794466,0.327272727272727,0.0909090909090909,0.581818181818182,0.108566417913546,0.306724257147791,0.153362128573896,0.327275172052156,0.0909039631253506,0.581820864822493,28,10,2,16,27,8,3,16
208,1,0.130434782608696,0.217391304347826,0.652173913043478,0.113510481187279,0.320777031067608,0.160388515533804,0.0444450893362884,0.37777981988163,0.577775090782081,0.113509499396829,0.320774169175695,0.160387084587847,0.0444449481347557,0.377778388935673,0.577776662929571,0.112764679105838,0.31448157514971,0.157240787574855,0.074842856483998,0.374632091922681,0.550525051593321,0.113509095170639,0.320772946859903,0.160386473429952,0.0444444444444444,0.377777777777778,0.577777777777778,0.113535213835314,0.320849048791027,0.160424524395514,0.044447907843803,0.37781582874334,0.577736263412857,21,1,8,12,24,1,9,14
208,2,0.130434782608696,0.217391304347826,0.652173913043478,0.15644287821694,0.436994216693505,0.218497108346753,0.0512830962172148,0.435888412694579,0.512828491088207,0.106251245951875,0.29814765604662,0.14907382802331,0.0722299305717611,0.366465132371136,0.561304937057103,0.154385155778585,0.428524104916082,0.214262052458041,0.0596492395174428,0.431653356805867,0.50869740367669,0.156449624006095,0.43701226309922,0.21850613154961,0.0512820512820513,0.435897435897436,0.512820512820513,0.15645152003542,0.437015324184434,0.218507662092217,0.0512877346410813,0.435898966440043,0.512813298918876,19,2,6,11,20,0,11,9
208,3,0.130434782608696,0.217391304347826,0.652173913043478,0.313070819336076,0.850918931422829,0.425459465711415,0.0238096639649115,0.642850770059241,0.333339565975848,0.313074459283569,0.850928096376151,0.425464048188075,0.0238097015396566,0.642855352535901,0.333334945924442,0.296889636232967,0.800358362876219,0.400179181438109,0.0403799646274366,0.617570485785936,0.342049549586628,0.313075837895723,0.850931677018634,0.425465838509317,0.0238095238095238,0.642857142857143,0.333333333333333,0.313075826152214,0.850931642591036,0.425465821295518,0.0238095322090763,0.642857125643344,0.333333342147579,18,0,12,6,24,1,15,8
208,4,0.130434782608696,0.217391304347826,0.652173913043478,0.0247379022613442,0.0637583806662801,0.0318791903331401,0.133895049659726,0.185512114014686,0.680592836325588,0.0345778828498462,0.0968579094274638,0.0484289547137319,0.160516306289566,0.235738735380688,0.603744958329746,0.0192117927521433,0.0503899336790352,0.0251949668395176,0.151838497094788,0.192196337508309,0.655965165396903,0.022803020770456,0.0574241181296144,0.0287120590648072,0.132075471698113,0.188679245283019,0.679245283018868,0.0230470682891995,0.0605065602416723,0.0302532801208361,0.135058788878573,0.18713802422699,0.677803186894437,29,5,8,16,24,2,2,20
208,5,0.130434782608696,0.217391304347826,0.652173913043478,0.0334169027632827,0.0912353298862487,0.0456176649431244,0.163934993349156,0.22950875855049,0.606556248100354,0.0334162198619607,0.091233320470453,0.0456166602352265,0.163934504428621,0.229508242763127,0.606557252808252,0.0508874063259243,0.140589158411021,0.0702945792055106,0.178934835394018,0.239185830768014,0.581879333837968,0.0334161316314499,0.0912330719885959,0.0456165359942979,0.163934426229508,0.229508196721311,0.60655737704918,0.0334373845383765,0.0912907309068643,0.0456453654534321,0.163956226320585,0.229515226089369,0.606528547590046,28,4,7,17,33,6,7,20
209,1,0.0869565217391304,0.260869565217391,0.652173913043478,0.0892614120119002,0.236021155252376,0.118010577626188,0.10714780292885,0.142858987591203,0.749993209479947,0.0892647504925366,0.236021995850811,0.118010997925405,0.107137456348454,0.142858567291986,0.75000397635956,0.0725841022024851,0.201657915340124,0.100828957670062,0.120703102980648,0.160040607547329,0.719256289472023,0.0892643326635194,0.236024844720497,0.118012422360248,0.107142857142857,0.142857142857143,0.75,0.0892640742551025,0.236023936510958,0.118011968255479,0.107142486028113,0.142857596961912,0.749999917009975,35,2,6,27,21,4,2,15
209,2,0.0869565217391304,0.260869565217391,0.652173913043478,0.00672882467690432,0.0177993424798839,0.00889967123994201,0.0795890653136937,0.269769236457333,0.650641698228973,0.0536559365256677,0.137931117853582,0.0689655589267908,0.0798827380272441,0.329835124144182,0.590282137828574,0.0160620076845648,0.044728530397949,0.0223642651989745,0.101582760590025,0.268607591565472,0.629809647844504,0.0124906884360924,0.033816425120773,0.0169082125603865,0.0740740740740741,0.277777777777778,0.648148148148148,0.00869233021601799,0.0244343013490853,0.0122171506745426,0.079668612300304,0.273086715891934,0.647244671807762,24,2,3,19,30,2,12,16
209,3,0.0869565217391304,0.260869565217391,0.652173913043478,0.0990115691533602,0.277049752938703,0.138524876469352,1.13705709624542e-08,0.209301199116599,0.79069878951283,0.0809355346182566,0.215874127309009,0.107937063654505,2.63159720924947e-06,0.239886391704808,0.760110976697983,0.0893661021369488,0.245810176006906,0.122905088003453,4.86355916316879e-06,0.224916135393905,0.775079001046931,0.0990108568830662,0.277047522750253,0.138523761375126,0,0.209302325581395,0.790697674418605,0.0990101425562008,0.27704549173649,0.138522745868245,5.40831391026721e-07,0.209302800256886,0.790696658911723,18,0,2,16,25,0,7,18
209,4,0.0869565217391304,0.260869565217391,0.652173913043478,0.0954208014916008,0.236027317547654,0.118013658773827,0.0892864043746503,0.142855906443565,0.767857689181785,0.0851366420406684,0.213762478895221,0.106881239447611,0.0923901397074811,0.153988325769781,0.753621534522738,0.0846471407642697,0.22947642666043,0.114738213330215,0.11476104721844,0.146131351887176,0.739107600894384,0.0954200653765127,0.236024844720497,0.118012422360248,0.0892857142857143,0.142857142857143,0.767857142857143,0.0954196155822009,0.236025015795588,0.118012507897794,0.0892870265395838,0.142857057319597,0.767855916140819,22,2,1,19,34,3,7,24
209,5,0.0869565217391304,0.260869565217391,0.652173913043478,0.140912987489065,0.395265337659969,0.197632668829984,0.163621079182665,0.381837676603841,0.454541244213494,0.140908076454101,0.395256394997799,0.197628197498899,0.163635790920808,0.381818493534613,0.454545715544579,0.148168759619392,0.418395811253889,0.209197905626944,0.181155993714664,0.375867998868803,0.442976007416534,0.140908213173606,0.395256916996047,0.197628458498024,0.163636363636364,0.381818181818182,0.454545454545455,0.140901473882086,0.395241463307119,0.197620731653559,0.16364511483518,0.381801703774901,0.454553181389919,27,4,12,11,28,5,9,14
210,1,0.0434782608695652,0.304347826086957,0.652173913043478,0.0253059739494894,0.0706476714378228,0.0353238357189114,0.0208405567530567,0.291661694484554,0.68749774876239,0.0701434062533838,0.184649518431481,0.0923247592157403,0.0287364205323305,0.226764907208451,0.744498672259219,0.0126973867744516,0.0357372183608414,0.0178686091804207,0.0360834532160417,0.293874024560059,0.670042522223899,0.0253083449150916,0.0706521739130435,0.0353260869565217,0.0208333333333333,0.291666666666667,0.6875,0.0253076296542416,0.0706513893582192,0.0353256946791096,0.0208368947088031,0.291663497568609,0.687499607722588,25,0,10,15,23,1,4,18
210,2,0.0434782608695652,0.304347826086957,0.652173913043478,0.0652745259873787,0.181403419943021,0.0907017099715106,0.0739615178482969,0.364566279079735,0.561472203071968,0.107337359412196,0.289361497906674,0.144680748953337,0.076037059835698,0.416469776074161,0.507493164090141,0.0756109675959773,0.213856070135265,0.106928035067632,0.0963729642271249,0.358381157797029,0.545245877975846,0.0659731863462774,0.181540808543097,0.0907704042715485,0.0701754385964912,0.368421052631579,0.56140350877193,0.0662939836841255,0.184058494513145,0.0920292472565724,0.0739912185838874,0.365864115629207,0.560144665786906,27,2,6,19,30,2,15,13
210,3,0.0434782608695652,0.304347826086957,0.652173913043478,0.206182201688719,0.535147687957755,0.267573843978878,0.0769166454825849,0.538483285452815,0.384600069064601,0.206166025700777,0.535115310935083,0.267557655467542,0.0769260316946494,0.538457710729414,0.384616257575937,0.203471247368776,0.549090606283641,0.27454530314182,0.106121962623511,0.516249427474831,0.377628609901658,0.206167692406989,0.535117056856187,0.267558528428094,0.0769230769230769,0.538461538461538,0.384615384615385,0.206169450996227,0.535121165243324,0.267560582621662,0.0769227920721664,0.538463877506017,0.384613330421816,17,2,10,5,22,1,11,10
210,4,0.0434782608695652,0.304347826086957,0.652173913043478,0.17986620388899,0.477571511065999,0.238785755533,5.07203850860836e-06,0.543133581619956,0.456861346341535,0.257031370865056,0.668553073443098,0.334276536721549,1.16734244740967e-06,0.638624362808506,0.361374469849047,0.17989810104501,0.47764919765437,0.238824598827185,7.3756229228081e-06,0.543172424914142,0.456820199462935,0.181732236088105,0.482213438735178,0.241106719367589,0,0.545454545454545,0.454545454545455,0.181609840447271,0.481905572248809,0.240952786124404,5.22724764914264e-06,0.545300612211361,0.45469416054099,17,0,12,5,16,0,6,10
210,5,0.0434782608695652,0.304347826086957,0.652173913043478,0.0821112023498908,0.210951891518916,0.105475945759458,0.0328056297408304,0.409823771846415,0.557370598412755,0.0822313318782677,0.211238263655356,0.105619131827678,0.0328164962944243,0.409966957914635,0.557216545790941,0.0853232377416452,0.221290916912212,0.110645458456106,0.0571084339232292,0.401363111489398,0.541528454587372,0.0821147968416622,0.210976478973628,0.105488239486814,0.0327868852459016,0.409836065573771,0.557377049180328,0.0821152781423674,0.210967588097096,0.105483794048548,0.0327988798356618,0.409831620135505,0.557369500028834,30,1,16,13,31,1,9,21
211,1,0.260869565217391,0.0434782608695652,0.695652173913043,0.109738585572614,0.301516852288353,0.150758426144177,0.153588025347482,1.37459529808738e-06,0.84641060005722,0.04864606618291,0.135823463301668,0.0679117316508341,0.236435104789652,9.89646470691211e-07,0.763563905563878,0.104475509420518,0.288058202905542,0.144029101452771,0.16031711768613,1.6069480552866e-06,0.839681275365814,0.108198181699424,0.297584541062802,0.148792270531401,0.155555555555556,0,0.844444444444444,0.108742513328782,0.298974242008885,0.149487121004442,0.154859380369985,1.32471252955521e-06,0.845139294917486,23,6,0,17,22,1,0,21
211,2,0.260869565217391,0.0434782608695652,0.695652173913043,0.0618691127910883,0.174991162214209,0.0874955811071043,0.216851328029163,9.16950688965049e-07,0.783147755020148,0.0351050255737567,0.0869542049980992,0.0434771024990496,0.26185118028846,1.15837051559703e-06,0.738147661341025,0.0527717708017487,0.148542023369262,0.074271011684631,0.230070644246638,6.17015568785092e-06,0.769923185597674,0.0596524274300609,0.168695652173913,0.0843478260869566,0.22,0,0.78,0.0598521398335094,0.169266210142133,0.0846331050710664,0.219713231841037,1.48917485290657e-06,0.78028527898411,31,9,0,22,19,2,0,17
211,3,0.260869565217391,0.0434782608695652,0.695652173913043,0.0254239449033146,0.0702304537650414,0.0351152268825207,0.250001951209015,0.0192306479954207,0.730767400795564,0.0254257710601987,0.0702371158873848,0.0351185579436923,0.249997581436809,0.0192316867064552,0.730770731856736,0.00753256359847528,0.0207906941780944,0.0103953470890472,0.264051837878396,0.033082913780518,0.702865248341086,0.0254250269159431,0.0702341137123745,0.0351170568561873,0.25,0.0192307692307692,0.730769230769231,0.0254247461786388,0.0702333056834805,0.0351166528417403,0.250000192172561,0.0192309810726552,0.730768826754784,26,6,1,19,26,7,0,19
211,4,0.260869565217391,0.0434782608695652,0.695652173913043,0.0995332436403843,0.275362114148724,0.137681057074362,0.166666765951254,3.06134084087394e-09,0.833333230987405,0.0995433471356133,0.275388119082482,0.137694059541241,0.166653727557323,3.89883926937733e-08,0.833346233454284,0.0782824736956821,0.219823111711183,0.109911555855591,0.194433110091574,3.16013979144023e-06,0.805563729768635,0.0995333225992102,0.27536231884058,0.13768115942029,0.166666666666667,0,0.833333333333333,0.099532794605546,0.275360749802921,0.13768037490146,0.166666972947132,4.78238364122267e-07,0.833332548814504,20,4,0,16,22,3,0,19
211,5,0.260869565217391,0.0434782608695652,0.695652173913043,0.0636257582845946,0.179927231696461,0.0899636158482304,0.21438225287,1.95736872581694e-06,0.785615789761274,0.0343657616168453,0.0869544928837711,0.0434772464418855,0.26379847981134,1.01442767967828e-06,0.73620050576098,0.0536809011697286,0.15126914706757,0.0756345735337852,0.228710651923776,2.60062939502522e-06,0.771286747446829,0.0614875461901346,0.173913043478261,0.0869565217391305,0.217391304347826,0,0.782608695652174,0.0616545891478131,0.174385295818016,0.0871926479090079,0.217154256220591,9.21957357913528e-07,0.782844821822051,27,8,0,19,19,2,0,17
212,1,0.217391304347826,0.0869565217391304,0.695652173913043,0.0823430233832107,0.23266594676299,0.116332973381495,0.280089868707505,0.140590930760947,0.579319200531548,0.148709701316313,0.420411050997473,0.210205525498736,0.328158931237719,0.186394420347973,0.485446648414307,0.0916575885704149,0.259199094051674,0.129599547025837,0.284344765822966,0.149602607289827,0.566052626887207,0.0760062192881967,0.214833759590793,0.107416879795396,0.274509803921569,0.137254901960784,0.588235294117647,0.0781278110923817,0.220743487925401,0.110371743962701,0.276992026281821,0.137727543767836,0.585280429950343,22,8,5,9,29,6,2,21
212,2,0.217391304347826,0.0869565217391304,0.695652173913043,0.103897035882876,0.270099035802797,0.135049517901399,0.352440822249225,0.0695627101545158,0.57799646759626,0.280345030518207,0.69409489410769,0.347047447053845,0.556922727468587,0.0944725456722152,0.348604726859198,0.0930846391302208,0.252791966800595,0.126395983400297,0.343787287748123,0.0556202091882197,0.600592503063657,0.0980298888820595,0.26697177726926,0.13348588863463,0.350877192982456,0.0526315789473684,0.596491228070175,0.101379745868606,0.264268146760009,0.132134073380004,0.34952537772783,0.0690788956865323,0.581395726585637,28,16,3,9,29,4,0,25
212,3,0.217391304347826,0.0869565217391304,0.695652173913043,0.132269504680754,0.365218885082904,0.182609442541452,0.400000746889278,0.0307684122605881,0.569230840850134,0.132227536437525,0.365100578950629,0.182550289475315,0.399941593823141,0.0307915742077618,0.569266831969098,0.134883273986441,0.368448223250801,0.1842241116254,0.401615415973227,0.0376971662360504,0.560687417790723,0.132269067883316,0.365217391304348,0.182608695652174,0.4,0.0307692307692308,0.569230769230769,0.132266202897173,0.365209839455206,0.182604919727603,0.399996224075429,0.0307696582921801,0.569234117632391,29,13,0,16,36,13,2,21
212,4,0.217391304347826,0.0869565217391304,0.695652173913043,0.0301804941797162,0.0788976518825292,0.0394488259412646,0.177942478406562,0.0925693812059955,0.729488140387443,0.0812841679091877,0.207905951025091,0.103952975512546,0.226870638192341,0.181430163407161,0.591699198400498,0.024164112410032,0.0649848030887183,0.0324924015443591,0.184898902803467,0.0940354233312302,0.721065673865303,0.0412739201172957,0.116600790513834,0.058300395256917,0.159090909090909,0.113636363636364,0.727272727272727,0.0278304852237884,0.0745759729523468,0.0372879864761734,0.180103317871653,0.0946914173930083,0.725205264735339,23,5,5,13,21,2,0,19
212,5,0.217391304347826,0.0869565217391304,0.695652173913043,0.0491530810177654,0.127720939535604,0.063860469767802,0.281251774115628,0.0312477595441186,0.687500466340253,0.0509300162774575,0.139249536128252,0.0696247680641258,0.287016072411952,0.0361724881039224,0.676811439484126,0.0539179663164067,0.149849354328795,0.0749246771643976,0.292315981512224,0.03722877646152,0.670455242026256,0.049151492056626,0.127717391304348,0.0638586956521739,0.28125,0.03125,0.6875,0.0491532973693946,0.127724260831744,0.0638621304158722,0.281253434763698,0.0312496034973746,0.687496961738927,31,9,2,20,33,9,0,24
213,1,0.173913043478261,0.130434782608696,0.695652173913043,0.0663385929412199,0.183222254263663,0.0916111271318316,0.145622171155923,0.0671145277992023,0.787263301044875,0.156488647601153,0.441025392641863,0.220512696320932,0.0474191366031529,0.0364159931628721,0.916164870233975,0.0721211533207216,0.191387503600728,0.0956937518003639,0.191194897961073,0.0347410308083318,0.774064071230596,0.0799095876331583,0.223133716160788,0.111566858080394,0.245283018867925,0.0188679245283019,0.735849056603774,0.0524174540204722,0.131593185201943,0.0657965926009715,0.170586533234062,0.0679647002519227,0.761448766514015,32,13,0,19,21,0,1,20
213,2,0.173913043478261,0.130434782608696,0.695652173913043,0.107508123828266,0.301936967747093,0.150968483873547,0.114029528809877,0.281403266482242,0.604567204707881,0.0306133175303611,0.0846346462176372,0.0423173231088186,0.144836305200306,0.172752105717514,0.68241158908218,0.104950611757821,0.292220757041473,0.146110378520737,0.123457949989961,0.276545161129432,0.599996888880607,0.114353072471993,0.322463768115942,0.161231884057971,0.104166666666667,0.291666666666667,0.604166666666667,0.10481645782451,0.294480409416148,0.147240204708074,0.115124540311748,0.277674987316769,0.607200472371483,25,4,3,18,23,1,11,11
213,3,0.173913043478261,0.130434782608696,0.695652173913043,0.0556798751061122,0.148705262804755,0.0743526314023774,0.248265674880638,0.0708054628678462,0.680928862251515,0.0675148695820418,0.188553360238804,0.0942766801194019,0.11368588715168,0.0963852588158743,0.789928854032445,0.0462027442283682,0.118172746193246,0.059086373096623,0.227614887834137,0.0713484095120726,0.70103670265379,0.0550357252378446,0.141062801932367,0.0705314009661836,0.244444444444444,0.0666666666666667,0.688888888888889,0.0460451187261571,0.112826951748298,0.0564134758741489,0.230286592427704,0.0740213067345468,0.695692100837749,19,9,0,10,26,2,3,21
213,4,0.173913043478261,0.130434782608696,0.695652173913043,0.250841100449972,0.658177902820482,0.329088951410241,0.503001994888502,0.0805952896079463,0.416402715503552,0.0758890663058931,0.210637549833087,0.105318774916543,0.279231818394804,0.0956553368373868,0.625112844767809,0.215080518308794,0.573294721343139,0.28664736067157,0.460560404149831,0.0752270032158543,0.464212592634315,0.217719558935814,0.585507246376812,0.292753623188406,0.466666666666667,0.0666666666666667,0.466666666666667,0.215148486745635,0.566427671360403,0.283213835680201,0.457126879158462,0.085138557232546,0.457734563608992,17,14,0,3,28,7,3,18
213,5,0.173913043478261,0.130434782608696,0.695652173913043,0.0782738823585599,0.220779736125337,0.110389868062668,0.236232495812787,0.178505198336838,0.585262305850375,0.0745030064239666,0.210603162760001,0.10530158138,0.118143011138792,0.235736363988696,0.646120624872512,0.0778538927630423,0.219519062474339,0.109759531237169,0.236307920838301,0.177799436485824,0.585892642675874,0.0882760071800966,0.243156199677939,0.121578099838969,0.259259259259259,0.166666666666667,0.574074074074074,0.0782727554635541,0.220776458643765,0.110388229321882,0.236232148817837,0.178503906591001,0.585263944591161,27,12,2,13,27,2,7,18
214,1,0.130434782608696,0.173913043478261,0.695652173913043,0.244683555142054,0.676555982678539,0.33827799133927,0.02439145768622,0.51219103481753,0.463417507496249,0.206022006733302,0.573422046518868,0.286711023259434,0.0319701692075891,0.460624066737695,0.507405764054716,0.237807623109567,0.650649298251388,0.325324649125694,0.041607428872458,0.499237692603955,0.459154878523587,0.244686523046869,0.676564156945917,0.338282078472959,0.024390243902439,0.51219512195122,0.463414634146341,0.244686288944328,0.676563241099956,0.338281620549978,0.0243909524086764,0.512194664028239,0.463414383563085,18,1,7,10,23,0,14,9
214,2,0.130434782608696,0.173913043478261,0.695652173913043,0.0479893522579055,0.135038824530528,0.0675194122652638,0.170137015200252,0.106393631212997,0.723469353586751,0.0404139124158628,0.112265637057219,0.0561328185286095,0.149186875571672,0.117780224949651,0.733032899478677,0.0396549625023339,0.100220760716568,0.0501103803582839,0.177295623703445,0.123802663119977,0.698901713176578,0.0480026930753535,0.135060129509713,0.0675300647548566,0.170212765957447,0.106382978723404,0.723404255319149,0.0479130466624732,0.134852523975709,0.0674262619878546,0.169958632704369,0.106486781490406,0.723554585805225,22,6,1,15,25,2,4,19
214,3,0.130434782608696,0.173913043478261,0.695652173913043,0.0271061235968004,0.0687431463246927,0.0343715731623464,0.12794794576642,0.208284616640607,0.663767437592973,0.0310383240741788,0.0877551871159022,0.0438775935579511,0.174312376166647,0.150909385359457,0.674778238473896,0.0334069141480991,0.0867665289650433,0.0433832644825216,0.135926040117335,0.211805050452144,0.652268909430522,0.0281558692399188,0.0705496308449549,0.0352748154224775,0.132075471698113,0.207547169811321,0.660377358490566,0.0260305308588572,0.0645978132166594,0.0322989066083297,0.129581350980793,0.206211950086591,0.664206698932617,25,1,8,16,28,6,3,19
214,4,0.130434782608696,0.173913043478261,0.695652173913043,0.0779069855516838,0.216629765101214,0.108314882550607,0.0588084472595957,0.137224496276754,0.803967056463651,0.0778778692919135,0.216542331815739,0.108271165907869,0.0588217924418615,0.137254867737226,0.803923339820913,0.049077537796664,0.136185877260491,0.0680929386302453,0.0847512665978812,0.15150362085883,0.763745112543289,0.077876510698615,0.216538789428815,0.108269394714408,0.0588235294117647,0.137254901960784,0.803921568627451,0.077887637489897,0.21657200510939,0.108286002554695,0.058818019610419,0.137243803921842,0.803938176467739,26,2,2,22,25,1,5,19
214,5,0.130434782608696,0.173913043478261,0.695652173913043,0.0940049212441256,0.235506392773727,0.117753196386864,0.12499998811498,0.291666239865124,0.583333772019896,0.0940036956872572,0.235502969806068,0.117751484903034,0.125000438498181,0.291664528381295,0.583335033120525,0.107656387936852,0.280335771416616,0.140167885708308,0.149044754783853,0.295470957011411,0.555484288204736,0.0940052739392338,0.235507246376812,0.117753623188406,0.125,0.291666666666667,0.583333333333333,0.0939982822149199,0.235477774067063,0.117738887033531,0.125013271223235,0.291651930511792,0.583334798264973,23,3,8,12,25,3,6,16
215,1,0.0869565217391304,0.217391304347826,0.695652173913043,0.0951798683923872,0.25889054123324,0.12944527061662,0.119714294197262,0.087946033731206,0.792339672071532,0.146519021136052,0.414323632706184,0.207161816353092,0.294118338092222,0.1176472850107,0.588234376897078,0.126140449084713,0.314835102881284,0.157417551440642,0.0929885803021369,0.059973752907184,0.847037666790679,0.124094070665327,0.334782608695652,0.167391304347826,0.125,0.05,0.825,0.108772964490942,0.279786191467992,0.139893095733996,0.101497491992581,0.0774982086138301,0.821004299393588,24,0,0,24,16,5,2,9
215,2,0.0869565217391304,0.217391304347826,0.695652173913043,0.140422597917545,0.345882146274183,0.172941073137092,0.0888912793409448,0.0444502312107344,0.866658489448321,0.140425258681295,0.345890041225583,0.172945020612791,0.088892680116349,0.0444462837350346,0.866661036148616,0.108052333786787,0.283613744980958,0.141806872490479,0.10855409179171,0.075584431857347,0.815861476350943,0.14042828196274,0.345893719806763,0.172946859903382,0.0888888888888889,0.0444444444444444,0.866666666666667,0.14042585091834,0.345888368198739,0.17294418409937,0.0888895027285354,0.0444471202484564,0.866663377023008,25,1,1,23,20,3,1,16
215,3,0.0869565217391304,0.217391304347826,0.695652173913043,0.0573660979834873,0.152856240661759,0.0764281203308796,0.0723085519111444,0.155611153844932,0.772080294243923,0.151170758403444,0.413706266390517,0.206853133195259,0.030303166062785,0.424244437543085,0.54545239639413,0.0432146324899215,0.108917015345735,0.0544585076728673,0.0357072783441716,0.214182040069918,0.750110681585911,0.050088194905557,0.135451505016722,0.0677257525083612,0.0192307692307692,0.269230769230769,0.711538461538462,0.0307687412330499,0.0842538384115588,0.0421269192057794,0.075330496335846,0.186890410545331,0.737779093118823,20,0,0,20,32,1,14,17
215,4,0.0869565217391304,0.217391304347826,0.695652173913043,0.0880227850875669,0.248721993289275,0.124360996644638,0.0200039246099652,0.159982904832354,0.820013170557681,0.0880133332662039,0.248694143546475,0.124347071773237,0.020000250755538,0.160000503558181,0.819999245686281,0.0622036321521802,0.174721931479951,0.0873609657399753,0.0343326598589611,0.18265420048802,0.783013139653019,0.0880138615421825,0.248695652173913,0.124347826086956,0.02,0.16,0.82,0.0880153020136817,0.248699826991136,0.124349913495568,0.0199998975967112,0.159998014994677,0.820002087408612,36,1,6,29,14,0,2,12
215,5,0.0869565217391304,0.217391304347826,0.695652173913043,0.0987587899351908,0.264753593171694,0.132376796585847,0.114580225317242,0.085014507761979,0.800405266920779,0.0780463878018051,0.191839867385206,0.0959199336926028,0.182206896848309,0.121471370655223,0.696321732496467,0.0903746566356832,0.245014075864104,0.122507037932052,0.116660284987203,0.0948842664157741,0.788455448597023,0.106785628800803,0.283839212469237,0.141919606234619,0.113207547169811,0.0754716981132075,0.811320754716981,0.102723496578092,0.271202521317379,0.13560126065869,0.10961959891509,0.0817900436891365,0.808590357395773,30,1,1,28,23,5,3,15
216,1,0.0434782608695652,0.260869565217391,0.695652173913043,0.0422389197417786,0.11534083092856,0.0576704154642801,0.0588308169129012,0.303187424638335,0.637981758448763,0.246640020072139,0.608076510699447,0.304038255349723,0.0395047468234095,0.564907820567115,0.395587432609476,0.00917744118531921,0.0258989588918725,0.0129494794459363,0.0377594157321351,0.273819044663328,0.688421539604537,0.032000671315845,0.0905057675244011,0.0452528837622005,0.0204081632653061,0.306122448979592,0.673469387755102,0.0266611066983997,0.0746743401030915,0.0373371700515457,0.0576000101844678,0.284084985954034,0.658315003861498,27,0,2,25,22,1,13,8
216,2,0.0434782608695652,0.260869565217391,0.695652173913043,0.151655378606213,0.391304310426235,0.195652155213117,0.0217390179365375,0.0869566529373018,0.891304329126161,0.130805817183024,0.335327368537215,0.167663684268607,0.0273362218557128,0.109347919962636,0.863315858181651,0.124916807282796,0.311908489746392,0.155954244873196,0.0373691997823196,0.111024381431441,0.851606418786239,0.151655431423597,0.391304347826087,0.195652173913043,0.0217391304347826,0.0869565217391304,0.891304347826087,0.151655368717574,0.391303796484016,0.195651898242008,0.0217396124433486,0.0869563154015998,0.891304072155052,24,1,3,20,22,0,1,21
216,3,0.0434782608695652,0.260869565217391,0.695652173913043,0.0676036080088088,0.187550090683169,0.0937750453415845,0.13725330621115,0.230108182106359,0.632638511682492,0.135414454424114,0.351517266405258,0.175758633202629,0.219236894072194,0.238848344864969,0.541914761062837,0.0686790536453673,0.185474002416703,0.0927370012083516,0.136215262077917,0.239503165916836,0.624281572005247,0.0724259093821114,0.20395256916996,0.10197628458498,0.145454545454545,0.218181818181818,0.636363636363636,0.0655469363054934,0.182416940027404,0.0912084700137018,0.134686730883267,0.229595806018216,0.635717463098517,29,1,6,22,26,7,6,13
216,4,0.0434782608695652,0.260869565217391,0.695652173913043,0.0669651013979527,0.180122236768778,0.0900611183843889,0.0238097486052501,0.190476959097318,0.785713292297432,0.0669672663520867,0.180127419588206,0.0900637097941033,0.0238101256839369,0.190473990608916,0.785715883707147,0.0436566922834662,0.10969361671126,0.0548468083556299,0.0406054347216153,0.208895583009711,0.750498982268673,0.0669658380745776,0.180124223602484,0.0900621118012422,0.0238095238095238,0.19047619047619,0.785714285714286,0.0669656778270966,0.180123678193898,0.0900618390969489,0.0238097517767278,0.19047623521328,0.785714013009992,19,0,5,14,23,1,3,19
216,5,0.0434782608695652,0.260869565217391,0.695652173913043,0.114747255250351,0.285955392559764,0.142977696279882,0.0384607046992201,0.403847261497273,0.557692033803507,0.104539959697402,0.257810204397656,0.128905102198828,0.0452370265462279,0.388015901739557,0.566747071714215,0.11883315722644,0.293188820834736,0.146594410417368,0.0456098984883397,0.405332338015985,0.549057763495675,0.114746673281162,0.285953177257525,0.142976588628763,0.0384615384615385,0.403846153846154,0.557692307692308,0.114746856644403,0.285953906759918,0.142976953379959,0.0384612424627881,0.40384651859735,0.557692238939862,26,0,12,14,26,2,9,15
217,1,0.217391304347826,0.0434782608695652,0.739130434782609,0.0332204014226402,0.0869565209182479,0.043478260459124,0.254545468038541,4.10441259889304e-10,0.745454531551018,0.0332204665261206,0.0869563570805673,0.0434781785402835,0.254545810817449,8.2329281669326e-08,0.745454106853269,0.0399545842138743,0.105991871845154,0.0529959359225773,0.270387240270403,6.00996840187048e-06,0.729606749761195,0.033220397453677,0.0869565217391305,0.0434782608695652,0.254545454545455,0,0.745454545454545,0.0332203467435778,0.0869561732565921,0.043478086628296,0.254545572084671,1.74241269192667e-07,0.74545425367406,32,7,0,25,23,7,0,16
217,2,0.217391304347826,0.0434782608695652,0.739130434782609,0.119853880492514,0.302085400935034,0.151042700467517,0.0752590992908419,0.0345677654590324,0.890173135250126,0.15617639925945,0.399876100080766,0.199938050040383,0.0361499984564305,0.0247815167205779,0.939068484822992,0.123066209946546,0.311887211532957,0.155943605766479,0.0724931844336707,0.0324327750172421,0.895074040549087,0.114999160554294,0.303557312252964,0.151778656126482,0.0909090909090909,0.0181818181818182,0.890909090909091,0.122024037389558,0.307682795689588,0.153841397844794,0.0727622840524822,0.0342658833201153,0.892971832627402,29,0,1,28,26,5,0,21
217,3,0.217391304347826,0.0434782608695652,0.739130434782609,0.126785757011333,0.325530819890858,0.162765409945429,0.0708740596486536,0.0272300956233088,0.901895844728038,0.147810403007775,0.378361238208342,0.189180619104171,0.0457951971406071,0.0258937489726134,0.92831105388678,0.122219006640877,0.307232870630037,0.153616435315019,0.0719702491360062,0.0352828807663665,0.892746870097627,0.122891030669572,0.321739130434783,0.160869565217391,0.08,0.02,0.9,0.125969086150488,0.32353770875895,0.161768854379475,0.0718891991361434,0.0272115117017727,0.900899289162084,26,4,0,22,24,0,1,23
217,4,0.217391304347826,0.0434782608695652,0.739130434782609,0.0422989659631663,0.118412261274943,0.0592061306374718,0.276597434985298,0.0212765031065,0.702126061908202,0.0422996455027011,0.118413784506945,0.0592068922534726,0.276598196601299,0.0212773782680906,0.702124425130611,0.0564781424522801,0.144889255746321,0.0724446278731603,0.289835932220986,0.03638501800519,0.673779049773824,0.0422976952191976,0.11840888066605,0.059204440333025,0.276595744680851,0.0212765957446809,0.702127659574468,0.0422975138585205,0.118408295589644,0.0592041477948221,0.276595452142648,0.0212769423953699,0.702127605461982,23,6,0,17,24,7,1,16
217,5,0.217391304347826,0.0434782608695652,0.739130434782609,0.127120410299398,0.33305878788168,0.16652939394084,0.075471950381536,0.0188682208950152,0.905659828723449,0.0917496557720069,0.238329156441085,0.119164578220542,0.113347217314362,0.0283577696824868,0.858295013003151,0.104737190540577,0.266603962786204,0.133301981393102,0.0948139787006957,0.0327536051235935,0.872432416175711,0.127120762876547,0.333059885151764,0.166529942575882,0.0754716981132075,0.0188679245283019,0.905660377358491,0.127120549359587,0.333059125154638,0.166529562577319,0.0754717730803283,0.0188682295597438,0.905659997359928,29,1,0,28,24,3,1,20
218,1,0.173913043478261,0.0869565217391304,0.739130434782609,0.0820585833082152,0.226153936578256,0.113076968289128,0.139971374899869,0.200033490028258,0.659995135071873,0.0820420753494912,0.2260948910562,0.1130474455281,0.140007001544832,0.20000396726723,0.659989031187938,0.0944593914546922,0.24186753561063,0.120933767805315,0.162590160270436,0.207890289544446,0.629519550185118,0.0820376909397113,0.226086956521739,0.11304347826087,0.14,0.2,0.66,0.0820378039634487,0.226086899580622,0.113043449790311,0.140000736163994,0.199999971529441,0.659999292306565,25,4,7,14,25,3,3,19
218,2,0.173913043478261,0.0869565217391304,0.739130434782609,0.0741160137218447,0.208517236003736,0.104258618001868,0.131131497005357,0.191215139740998,0.677653363253645,0.167380739361818,0.431845944454363,0.215922972227181,0.197866075181606,0.278926462262967,0.523207462555427,0.0728687206824499,0.205174012306547,0.102587006153274,0.131087439032719,0.189543527892404,0.679369033074877,0.0684362022201894,0.193433895297249,0.0967169476486247,0.122448979591837,0.183673469387755,0.693877551020408,0.07087057122971,0.200227891132875,0.100113945566437,0.127961582475372,0.187070467305568,0.68496795021906,26,1,2,23,23,5,7,11
218,3,0.173913043478261,0.0869565217391304,0.739130434782609,0.011652937277147,0.0322179601192705,0.0161089800596352,0.162848239202988,0.0819123459547677,0.755239414842244,0.0190015354598279,0.0471070575722925,0.0235535287861462,0.196892976442626,0.0875301175609116,0.715576905996462,0.017126158596269,0.0482698096786735,0.0241349048393368,0.160088394799218,0.111091426578467,0.728820178622314,0.011500870804628,0.0319432120674357,0.0159716060337178,0.163265306122449,0.0816326530612245,0.755102040816326,0.0116478827179986,0.0318566214446542,0.0159283107223271,0.162312070020447,0.0826291844746176,0.755058745504936,22,1,2,19,27,7,2,18
218,4,0.173913043478261,0.0869565217391304,0.739130434782609,0.0610752061653106,0.163799003139572,0.0818995015697859,0.255812545048047,0.0697686089338268,0.674418846018126,0.0610840852053122,0.163818967503869,0.0819094837519344,0.255822527230195,0.0697720459885868,0.674405426781218,0.0777041423960161,0.200824938421333,0.100412469210666,0.262783248889931,0.098498785538127,0.638717965571942,0.0610760304498161,0.163801820020222,0.0819009100101112,0.255813953488372,0.0697674418604651,0.674418604651163,0.0610778487005077,0.163796564737359,0.0818982823686794,0.25581132584694,0.0697825548258284,0.674406119327231,23,4,1,18,20,7,2,11
218,5,0.173913043478261,0.0869565217391304,0.739130434782609,0.16686728086015,0.470847459613997,0.235423729806998,0.305724011733081,0.190569283291309,0.50370670497561,0.280737026346972,0.793913256963135,0.396956628481567,0.366146898445381,0.291679295253578,0.342173806301041,0.153936869417452,0.433904746130026,0.216952373065013,0.297996616568522,0.179825321713883,0.522178061717596,0.140907134013431,0.398260869565217,0.199130434782609,0.28,0.18,0.54,0.151993210081214,0.42837475821126,0.21418737910563,0.296682473526629,0.178374470796393,0.524943055676979,29,6,2,21,21,8,7,6
219,1,0.130434782608696,0.130434782608696,0.739130434782609,0.125496588779281,0.351539308293889,0.175769654146945,0.063830514824193,0.0212693962462537,0.914900088929553,0.116426366246231,0.324335514811518,0.162167757405759,0.0740260326682449,0.0246757751433873,0.901298192188368,0.0965813996841572,0.265718167185293,0.132859083592647,0.0914515170191366,0.0365589646056081,0.871989518375255,0.125491608483011,0.351526364477336,0.175763182238668,0.0638297872340425,0.0212765957446809,0.914893617021277,0.125488364352152,0.351516625309946,0.175758312654973,0.063833690835466,0.0212775617269521,0.914888747437582,22,2,1,19,25,1,0,24
219,2,0.130434782608696,0.130434782608696,0.739130434782609,0.079980939505328,0.225780048773152,0.112890024386576,0.192987807713817,0.0175447582221197,0.789467434064064,0.0797308458791069,0.22128986522254,0.11064493261127,0.166948053224922,0.0197898499974256,0.813262096777653,0.073080477640516,0.199732712484036,0.0998663562420179,0.203415031833333,0.0305684263666777,0.766016541799989,0.0799812784632509,0.225781845919146,0.112890922959573,0.192982456140351,0.0175438596491228,0.789473684210526,0.0799802713719503,0.225779201484776,0.112889600742388,0.192980340823336,0.0175451818663075,0.789474477310356,38,5,1,32,19,6,0,13
219,3,0.130434782608696,0.130434782608696,0.739130434782609,0.112467973959063,0.318082762864607,0.159041381432304,0.289476164040999,0.0526307729237623,0.657893063035239,0.120051718309046,0.33681903879192,0.16840951939596,0.298844302004656,0.0648659542276133,0.636289743767731,0.125782056882477,0.35345481534343,0.176727407671715,0.307162190280411,0.0595998061541054,0.633238003565484,0.11246621617559,0.318077803203661,0.159038901601831,0.289473684210526,0.0526315789473684,0.657894736842105,0.112466682813075,0.318079120451907,0.159039560225953,0.289474342834649,0.052631343608864,0.657894313556487,17,5,2,10,21,6,0,15
219,4,0.130434782608696,0.130434782608696,0.739130434782609,0.0353742355060215,0.0986860594887021,0.049343029744351,0.162244495305902,0.0810917528643446,0.756663751829753,0.0353701283459431,0.0987074667779173,0.0493537333889587,0.162163295865604,0.081081049219737,0.756755654914659,0.0414200281392457,0.115391748597396,0.0576958742986983,0.188130656907394,0.110351414089089,0.701517929003517,0.0353699575635544,0.0987074030552292,0.0493537015276146,0.162162162162162,0.0810810810810811,0.756756756756757,0.0353552726553454,0.0986686630125973,0.0493343315062987,0.16214366391423,0.081100451102397,0.756755884983373,22,3,1,18,15,3,2,10
219,5,0.130434782608696,0.130434782608696,0.739130434782609,0.0475163236159363,0.118051495967611,0.0590257479838053,0.0714090346248903,0.187762622377601,0.740828342997509,0.0318700801636646,0.0895697855506278,0.0447848927753139,0.112434152335738,0.103650520106339,0.783915327557923,0.0380369530710535,0.101559651569611,0.0507798257848057,0.07965495682389,0.171195826505123,0.749149216670987,0.0349137164914805,0.0913780397936625,0.0456890198968312,0.0847457627118644,0.169491525423729,0.745762711864407,0.0376473952911774,0.101950447644319,0.0509752238221594,0.0794595587865363,0.169231582155609,0.751308859057855,38,5,3,30,21,0,7,14
220,1,0.0869565217391304,0.173913043478261,0.739130434782609,0.0275522101242422,0.0752451561938916,0.0376225780969459,0.0769254739800526,0.211535621575207,0.711538904444741,0.0275530585433131,0.0752481843694913,0.0376240921847457,0.0769238445359305,0.211537135663007,0.711539019801063,0.0484182418372108,0.131284331928167,0.0656421659640832,0.102901030733311,0.223610700448164,0.673488268818525,0.0275539415606757,0.0752508361204013,0.0376254180602007,0.0769230769230769,0.211538461538462,0.711538461538462,0.0275555657429752,0.075254666389803,0.0376273331949015,0.076923609813292,0.211540376673162,0.711536013513546,23,2,6,15,29,2,5,22
220,2,0.0869565217391304,0.173913043478261,0.739130434782609,0.112959470798393,0.301313857529842,0.150656928764921,0.116278134176248,0.02325611471334,0.860465751110412,0.112958967338835,0.301313363189673,0.150656681594837,0.116279257752915,0.0232563618834243,0.860464380363661,0.0952837066198605,0.268592839971084,0.134296419985542,0.144521892636432,0.0396166234927189,0.815861483870849,0.112959458162063,0.301314459049545,0.150657229524773,0.116279069767442,0.0232558139534884,0.86046511627907,0.1129590926473,0.301313864567411,0.150656932283706,0.116279537294133,0.0232561111945552,0.860464351511311,22,2,1,19,21,3,0,18
220,3,0.0869565217391304,0.173913043478261,0.739130434782609,0.106402494684049,0.298220654060198,0.149110327030099,0.23606684876923,0.116874132194107,0.647059019036663,0.122107606070951,0.337565359731105,0.168782679865552,0.139729727261105,0.289922517821839,0.570347754917056,0.101523790687504,0.285820841335373,0.142910420667687,0.229866942406817,0.11441939080965,0.655713666783533,0.0956780363371778,0.24469160768453,0.122345803842265,0.209302325581395,0.162790697674419,0.627906976744186,0.108317045857254,0.304876763288834,0.152438381644417,0.239394903383547,0.110762076945791,0.649843019670662,20,2,7,11,23,7,0,16
220,4,0.0869565217391304,0.173913043478261,0.739130434782609,0.10787578971425,0.264623146306554,0.132311573153277,0.0873398618279854,0.0416014703249838,0.871058667847031,0.0708707319472897,0.198109529456938,0.099054764728469,0.149716672466698,0.0748582787497919,0.775425048783511,0.100093636476189,0.256058657565274,0.128029328782637,0.0986790038931238,0.0458837146956237,0.855437281411253,0.112287326107112,0.281739130434783,0.140869565217391,0.08,0.04,0.88,0.112158632466303,0.279782487309768,0.139891243654884,0.081757855180521,0.0392204663819865,0.879021678437492,20,3,2,15,30,1,0,29
220,5,0.0869565217391304,0.173913043478261,0.739130434782609,0.117837254416892,0.308974523099773,0.154487261549886,0.063830284719614,0.0425520189478909,0.893617696332495,0.109010732201939,0.283779086339194,0.141889543169597,0.0682183374508267,0.0507616845969675,0.881019977952206,0.0997945372455566,0.251404980074988,0.125702490037494,0.094241702520229,0.0482105534407669,0.857547744039004,0.117836556254809,0.308973172987974,0.154486586493987,0.0638297872340425,0.0425531914893617,0.893617021276596,0.117836686961346,0.308973108089378,0.154486554044689,0.0638302998434964,0.0425527113292057,0.893616988827298,28,2,0,26,19,1,2,16
221,1,0.0434782608695652,0.217391304347826,0.739130434782609,0.0822569192017289,0.216253932049125,0.108126966024562,0.0265728260915763,0.126169773101253,0.847257400807171,0.0112873901203081,0.02942668824432,0.01471334412216,0.0287649167474053,0.230109495983543,0.741125587269051,0.0814483798056686,0.212306810037014,0.106153405018507,0.0291229841047919,0.125593176094092,0.845283839801116,0.0836957615585542,0.226657163221668,0.113328581610834,0.0163934426229508,0.131147540983607,0.852459016393443,0.0849053600056308,0.223137370134176,0.111568685067088,0.0261348030920901,0.123166077058213,0.850699119849697,29,1,7,21,32,0,1,31
221,2,0.0434782608695652,0.217391304347826,0.739130434782609,0.0865802785838171,0.241735136932305,0.120867568466153,1.05203566568785e-08,0.140001986230882,0.859998003248761,0.0865813657889896,0.241737987544619,0.12086899377231,5.0521819258232e-09,0.1400005663929,0.859999428554918,0.0667482253707469,0.188601613002108,0.094300806501054,3.01818071648484e-06,0.166565740535621,0.833431241283663,0.0865818013070896,0.241739130434783,0.120869565217391,0,0.14,0.86,0.0865816108319385,0.241738575085774,0.120869287542887,1.64448218069156e-07,0.140000113226286,0.859999722325496,28,0,4,24,22,0,3,19
221,3,0.0434782608695652,0.217391304347826,0.739130434782609,0.158949450427635,0.430642523342849,0.215321261671425,0.0952375733752049,0.380953253513611,0.523809173111184,0.15895030423645,0.430645324406249,0.215322662203124,0.095238678010713,0.380953549409803,0.523807772579484,0.171112372085861,0.473546829374381,0.236773414687191,0.118587625477028,0.379055354427554,0.502357020095418,0.158949049421691,0.43064182194617,0.215320910973085,0.0952380952380952,0.380952380952381,0.523809523809524,0.158962731795522,0.430673184826772,0.215336592413386,0.0952328814173804,0.380973276213397,0.523793842369223,22,3,9,10,20,1,7,12
221,4,0.0434782608695652,0.217391304347826,0.739130434782609,0.142000891274668,0.353045822149336,0.176522911074668,0.0488173063870883,0.0408683932731579,0.910314300339754,0.113912594231452,0.313953868913716,0.156976934456858,0.0906170833917969,0.0604143698909683,0.848968546717235,0.127707506061083,0.315698457631022,0.157849228815511,0.0463994123412577,0.0595420755323151,0.894058512126427,0.146905388655894,0.366985998526161,0.18349299926308,0.0508474576271186,0.0338983050847458,0.915254237288136,0.145262290122237,0.359748515380215,0.179874257690107,0.0474756552336455,0.0375170466577187,0.915007298108636,36,0,1,35,23,3,1,19
221,5,0.0434782608695652,0.217391304347826,0.739130434782609,0.0356026957369019,0.100684282610313,0.0503421413051567,0.017545926655305,0.19298149725693,0.789472576087765,0.0214157236704286,0.0599455499299786,0.0299727749649893,0.0247269827955905,0.247364079312815,0.727908937891594,0.0196142622676552,0.0554303809196939,0.0277151904598469,0.0306106604817259,0.202543714275818,0.766845625242456,0.0356035007662635,0.100686498855835,0.0503432494279177,0.0175438596491228,0.192982456140351,0.789473684210526,0.0356022859866146,0.100683091504607,0.0503415457523033,0.0175454317877375,0.19298258767735,0.789471980534912,30,1,8,21,27,0,3,24
222,1,0.173913043478261,0.0434782608695652,0.782608695652174,0.0890427697430931,0.244273510441758,0.122136755220879,0.0517762882573819,0.0779970239184227,0.870226687824195,0.0892755424823793,0.232278831031782,0.116139415515891,0.0577736279623698,0.144430492468874,0.797795879568757,0.0790056895803856,0.217135234593757,0.108567617296879,0.0653454261813821,0.0749004677594391,0.859754106059179,0.0980635342847347,0.273752012882448,0.136876006441224,0.037037037037037,0.0925925925925926,0.87037037037037,0.0890414236734622,0.244268753494282,0.122134376747141,0.0517786667311199,0.077994400165254,0.870226933103626,27,1,5,21,27,1,0,26
222,2,0.173913043478261,0.0434782608695652,0.782608695652174,0.0635112415332585,0.179606627354494,0.089803313677247,0.127582981555869,5.00911471000248e-06,0.872412009329421,0.0341787996130839,0.0869544927073143,0.0434772463536572,0.21394325766338,1.01451590802989e-06,0.786055727820712,0.0702489271662863,0.198198416315584,0.0990992081577922,0.118290725105474,1.3710845597531e-06,0.881707903809966,0.0723908388692754,0.204013377926421,0.102006688963211,0.115384615384615,0,0.884615384615385,0.0722180780241405,0.203545461756575,0.101772730878287,0.115616574974178,1.99849536056082e-06,0.884381426530461,31,1,0,30,21,5,0,16
222,3,0.173913043478261,0.0434782608695652,0.782608695652174,0.0541760686874093,0.136655358482356,0.0683276792411782,0.238094641422388,0.0476243421666163,0.714281016410996,0.105741034175247,0.277933309218928,0.138966654609464,0.291228903045738,0.0651290559115522,0.64364204104271,0.0712552310059249,0.186561004004741,0.0932805020023705,0.253568788996429,0.057103017353768,0.689328193649803,0.0541741943596697,0.136645962732919,0.0683229813664596,0.238095238095238,0.0476190476190476,0.714285714285714,0.0541752681204657,0.136648853131032,0.0683244265655159,0.238096400389412,0.0476193305239304,0.714284269086658,19,3,0,16,23,7,2,14
222,4,0.173913043478261,0.0434782608695652,0.782608695652174,0.0266757171514558,0.0750375267816967,0.0375187633908484,0.196085286661185,0.058824781077489,0.745089932261326,0.0474683422064662,0.134075297439116,0.0670376487195581,0.210486455921583,0.0739424971458014,0.715571046932616,0.0438829170517177,0.120158603496543,0.0600793017482715,0.217422057348916,0.0600485487471811,0.722529393903902,0.0266697771108839,0.0750213128729753,0.0375106564364877,0.196078431372549,0.0588235294117647,0.745098039215686,0.0266810367717336,0.0750512299349601,0.0375256149674801,0.196094586226134,0.0588223330891724,0.745083080684694,29,6,3,20,22,4,0,18
222,5,0.173913043478261,0.0434782608695652,0.782608695652174,0.0529470093621446,0.149068211004918,0.0745341055024591,0.142857193372555,5.47281196774992e-09,0.857142801154633,0.0529539136547881,0.149088988859933,0.0745444944299666,0.142846778834445,3.10834140524042e-08,0.857153190082141,0.0391015238650664,0.102665736068072,0.0513328680340361,0.16605380596731,4.63034647941508e-06,0.83394156368621,0.0529470470084655,0.149068322981366,0.0745341614906831,0.142857142857143,0,0.857142857142857,0.0529469794661163,0.149068134057203,0.0745340670286013,0.142857176602361,6.07168639334245e-08,0.857142762680775,32,5,0,27,24,3,0,21
223,1,0.130434782608696,0.0869565217391304,0.782608695652174,0.0912545871042367,0.226093278602331,0.113046639301166,0.0200000308830769,0.200003161040296,0.779996808076627,0.0912539606339864,0.226090783237358,0.113045391618679,0.0200002831528603,0.200001913357809,0.77999780348933,0.0966696149313628,0.264524789000804,0.132262394500402,0.034345015178462,0.219218916239532,0.746436068582006,0.0912532638323168,0.226086956521739,0.11304347826087,0.02,0.2,0.78,0.0912532841679208,0.226087146729538,0.113043573364769,0.0200000503766562,0.200000095103899,0.779999854519444,23,1,5,17,27,0,5,22
223,2,0.130434782608696,0.0869565217391304,0.782608695652174,0.107992441690514,0.294165472895777,0.147082736447889,0.0212766673032243,0.234039258187019,0.744684074509757,0.107994242667451,0.294171780199601,0.147085890099801,0.0212766669971297,0.234042411838931,0.744680921163939,0.115397917796915,0.325068249060168,0.162534124530084,0.0364392907380506,0.249490646269215,0.714070062992735,0.107994339053738,0.294172062904718,0.147086031452359,0.0212765957446809,0.234042553191489,0.74468085106383,0.107994307718706,0.294172155282553,0.147086077641277,0.0212768582408299,0.234042599380407,0.744680542378763,21,0,6,15,26,1,5,20
223,3,0.130434782608696,0.0869565217391304,0.782608695652174,0.00267538847030487,0.00744046292564571,0.0037202314628228,0.131697852615034,0.0832362902763076,0.785065857108658,0.144069909762383,0.365217297131186,0.182608648565593,0.300000013161465,0.0999999397519535,0.600000047086581,0.0236875195259033,0.0665745726479386,0.0332872863239693,0.163722068932665,0.0735709913475455,0.76270693971979,0.0469618891188976,0.130434782608696,0.0652173913043478,0.195652173913043,0.0652173913043478,0.739130434782609,0.0242197078298501,0.0639547876454074,0.0319773938227037,0.157052500372211,0.0923161977983184,0.75063130182947,29,9,3,17,17,0,0,17
223,4,0.130434782608696,0.0869565217391304,0.782608695652174,0.0120824205001196,0.0335110795351447,0.0167555397675723,0.147190322376268,0.081479828041097,0.771329849582635,0.106423855295906,0.299025648898475,0.149512824449238,0.220140842253056,0.146763286544007,0.633095871202936,0.0194784927009866,0.0499358069753832,0.0249679034876916,0.155402686096387,0.0845507823082679,0.760046531595345,0.0107958324085251,0.0303336703741153,0.0151668351870576,0.13953488372093,0.0930232558139535,0.767441860465116,0.0158746256760354,0.0414752434673639,0.0207376217336819,0.151172404342378,0.0840354551049016,0.764792140552721,20,1,0,19,23,5,4,14
223,5,0.130434782608696,0.0869565217391304,0.782608695652174,0.0542260731499496,0.152491860530282,0.076245930265141,0.0994265277582079,0.163202452004271,0.737371020237521,0.153704295581567,0.382993116382931,0.191496558191466,0.123761285976664,0.278453079930596,0.59778563409274,0.0539512324152845,0.150932888659838,0.0754664443299189,0.102433726381569,0.162422966069049,0.735143307549382,0.063571933285087,0.179028132992327,0.0895140664961637,0.0784313725490196,0.176470588235294,0.745098039215686,0.053024957810012,0.149382413927784,0.0746912069638919,0.0988673213747501,0.161647728703022,0.739484949922228,26,1,1,24,25,3,8,14
224,1,0.0869565217391304,0.130434782608696,0.782608695652174,0.0917626400291618,0.253810043429859,0.12690502171493,1.12512452957004e-05,0.257339804323625,0.742648944431079,0.232193786409191,0.635408258909699,0.31770412945485,1.88916022087626e-07,0.448138912063545,0.551860899020433,0.0838205909626815,0.226497360477376,0.113248680238688,2.5010717441237e-06,0.243683462847384,0.756314036080872,0.0985853060287305,0.275715800636267,0.137857900318134,0,0.268292682926829,0.731707317073171,0.09399064615051,0.26108722086541,0.130543610432705,2.08114141393706e-06,0.260978393041401,0.739019525817185,20,0,1,19,21,0,10,11
224,2,0.0869565217391304,0.130434782608696,0.782608695652174,0.0515800396106493,0.144926565426861,0.0724632827134305,0.0144932390257,0.173915922096269,0.811590838878031,0.0568337713795349,0.14136363856114,0.0706818192805698,0.0184768633110064,0.201116601889265,0.780406534799728,0.0480251429878728,0.123133321465999,0.0615666607329993,0.0253898610061312,0.186053194073296,0.788556944920572,0.0515800881740643,0.144927536231884,0.072463768115942,0.0144927536231884,0.173913043478261,0.811594202898551,0.0515794215739601,0.144926278944518,0.0724631394722591,0.0144933822668713,0.173910326269709,0.81159629146342,33,0,4,29,36,1,8,27
224,3,0.0869565217391304,0.130434782608696,0.782608695652174,0.0218998294467409,0.058530100413194,0.029265050206597,0.0576914715325334,0.153846340802177,0.78846218766529,0.0218992822842139,0.0585281585573755,0.0292640792786877,0.0576924424604427,0.153846235373274,0.788461322166284,0.0338272352655094,0.0866993299299449,0.0433496649649724,0.0828038945724903,0.173784447573668,0.743411657853842,0.0218993325312856,0.0585284280936454,0.0292642140468227,0.0576923076923077,0.153846153846154,0.788461538461538,0.0218998337678789,0.0585271969697291,0.0292635984848646,0.0576929232542658,0.153849259767263,0.788457816978471,27,2,4,21,25,1,4,20
224,4,0.0869565217391304,0.130434782608696,0.782608695652174,0.101380622663325,0.286651265264642,0.143325632632321,0.0185136821797113,0.0555519895357937,0.925934328284495,0.068367145684478,0.192357373894115,0.0961786869470574,0.0303030060102763,0.0909096113904923,0.878787382599231,0.0894768187272974,0.252287445572219,0.126143722786109,0.0325433285798377,0.058704252981879,0.908752418438283,0.101374696747988,0.286634460547504,0.143317230273752,0.0185185185185185,0.0555555555555556,0.925925925925926,0.101374258341757,0.286633151571306,0.143316575785653,0.0185199896282403,0.0555547389339328,0.925925271437827,22,0,0,22,32,1,3,28
224,5,0.0869565217391304,0.130434782608696,0.782608695652174,0.0490274176994988,0.136545533599999,0.0682727667999995,0.110621347732213,0.0621620158086962,0.827216636459091,0.0409075993421821,0.10853258064147,0.0542662903207348,0.0771878468278098,0.0859371671992814,0.836874985972909,0.0456507408844382,0.128739155752633,0.0643695778763163,0.123431217199092,0.0660652047323793,0.810503578068529,0.0469618891188975,0.130434782608696,0.0652173913043478,0.108695652173913,0.0652173913043478,0.826086956521739,0.0485460768081379,0.134755871391941,0.0673779356959707,0.109233097366172,0.0630568469127249,0.827710055721103,25,1,3,21,21,4,0,17
225,1,0.0434782608695652,0.173913043478261,0.782608695652174,0.105667465224156,0.291111106474141,0.145555553237071,2.45520411014248e-06,0.0718332959066452,0.928164248889245,0.0562701284786182,0.158920408183437,0.0794602040917186,9.09511730322275e-08,0.137931009304934,0.862068899743893,0.104395423461315,0.28785041552142,0.14392520776071,7.0168686222751e-06,0.0734590797184937,0.926533903412884,0.100526897391048,0.277919863597613,0.138959931798806,0,0.0784313725490196,0.92156862745098,0.102308669162706,0.2824966762853,0.14124833814265,6.91683948782577e-06,0.0761360493656881,0.923857033794824,28,0,4,24,23,0,0,23
225,2,0.0434782608695652,0.173913043478261,0.782608695652174,0.0367291959941555,0.102834745313053,0.0514173726565267,0.0755698226776207,0.193238854326732,0.731191322995647,0.0474379134509656,0.124327491689911,0.0621637458449557,0.105642006714521,0.164678023321451,0.729679969964028,0.0449113012648365,0.126556410097887,0.0632782050489437,0.070380376346426,0.210289133050344,0.71933049060323,0.0371674093158744,0.103678929765886,0.0518394648829432,0.0769230769230769,0.192307692307692,0.730769230769231,0.0363992115622345,0.102047033722172,0.0510235168610859,0.0748895488468881,0.193525272362024,0.731585178791088,23,0,6,17,29,4,4,21
225,3,0.0434782608695652,0.173913043478261,0.782608695652174,0.0526063570912986,0.148789997721059,0.0743949988605296,0.0802499457484332,0.0995180446177313,0.820232009633835,0.0346806599513619,0.0892365116739525,0.0446182558369762,0.0880965167065415,0.13396785317208,0.777935630121379,0.0645894964339405,0.174862629903373,0.0874313149516867,0.11009650441662,0.0864817285265742,0.803421767056806,0.0522656198858694,0.147826086956522,0.0739130434782609,0.08,0.1,0.82,0.0542632504999783,0.153468166628542,0.0767340833142711,0.0826582451285922,0.0971789601639897,0.820162794707418,29,2,5,22,21,2,0,19
225,4,0.0434782608695652,0.173913043478261,0.782608695652174,0.0277944329207797,0.0778930959355465,0.0389465479677732,0.019403839949638,0.212859591446034,0.767736568604328,0.0925093197647933,0.242853225161444,0.121426612580722,0.0249389356919193,0.295339656058983,0.679721408249098,0.0328745154511177,0.0908618068041548,0.0454309034020774,0.02931414890403,0.219343946880338,0.751341904215632,0.0305553168729102,0.0855072463768116,0.0427536231884058,0.0166666666666667,0.216666666666667,0.766666666666667,0.0287967782199279,0.0810871524631924,0.0405435762315962,0.0198829996402702,0.214456619709857,0.765660380649873,28,0,3,25,32,1,10,21
225,5,0.0434782608695652,0.173913043478261,0.782608695652174,0.0687204335553388,0.18551049506528,0.0927552475326402,0.0222222418175061,0.266668291010901,0.711109467171593,0.0687195083389618,0.185507943312096,0.0927539716560479,0.0222226164875061,0.266667015134309,0.711110368378185,0.0855684159962359,0.21497204578697,0.107486022893485,0.0378808295529156,0.281399066371746,0.680720104075338,0.068719134619989,0.185507246376812,0.0927536231884058,0.0222222222222222,0.266666666666667,0.711111111111111,0.0687200257966794,0.185509661795967,0.0927548308979833,0.0222219307287232,0.266667874376244,0.711110194895033,29,1,8,20,16,0,4,12
226,1,0.130434782608696,0.0434782608695652,0.826086956521739,0.00662471288225094,0.0186212750445188,0.00931063752225944,0.121124145086436,0.0490359392348514,0.829839915678712,0.0283671765541094,0.0802344914867924,0.0401172457433962,0.110378147446368,0.0835955066129614,0.806026345940671,0.00967732866263497,0.0263951634108481,0.0131975817054241,0.140171074523316,0.0469395506603688,0.812889374816315,0.00842369353941648,0.023581429624171,0.0117907148120855,0.11864406779661,0.0508474576271186,0.830508474576271,0.00657973522330315,0.0185993956977007,0.0092996978488504,0.121135084759845,0.0478522686200695,0.831012646620085,35,5,0,30,24,2,3,19
226,2,0.130434782608696,0.0434782608695652,0.826086956521739,0.015215620621545,0.0430306324838914,0.0215153162419457,0.141494171743946,0.0539341879762602,0.804571640279793,0.0800340582230977,0.212059960095342,0.106029980047671,0.217748580364071,0.062194443161861,0.720056976474068,0.0279578006789787,0.0755070581615878,0.0377535290807939,0.1391399587939,0.0725266137651549,0.788333427440945,0.0119024174785187,0.0307971014492754,0.0153985507246377,0.145833333333333,0.0416666666666667,0.8125,0.0109018681253582,0.0305518546170155,0.0152759273085078,0.136267025746662,0.0529219450401065,0.810811029213231,21,6,1,14,27,1,1,25
226,3,0.130434782608696,0.0434782608695652,0.826086956521739,0.0589844481189564,0.147829428593841,0.0739147142969206,0.0599929673094718,0.0400053618718683,0.90000167081866,0.0280309375464603,0.0790497349096662,0.0395248674548331,0.0909099151538625,0.0606065288640146,0.848483555982123,0.0507259384736997,0.130940818095879,0.0654704090479396,0.064964373560756,0.0508185760380376,0.884217050401206,0.0589810559870152,0.147826086956522,0.0739130434782609,0.06,0.04,0.9,0.0589808487856048,0.147819050080415,0.0739095250402078,0.059996481350075,0.0400070370879782,0.899996481561947,18,0,0,18,32,3,2,27
226,4,0.130434782608696,0.0434782608695652,0.826086956521739,0.0823279835350202,0.220164701683489,0.110082350841745,0.0425568543903843,0.0212738382461319,0.936169307363484,0.0823291666424483,0.220165097169133,0.110082548584566,0.0425528034989918,0.0212776913947025,0.936169505106306,0.067844492613647,0.172219831577501,0.0861099157887504,0.0507311607667009,0.0370719669228096,0.91219687231049,0.082329442480224,0.220166512488437,0.110083256244218,0.0425531914893617,0.0212765957446809,0.936170212765957,0.0823289570653525,0.220164841776457,0.110082420888229,0.0425533344105216,0.0212772881795108,0.936169377409968,24,0,1,23,23,2,0,21
226,5,0.130434782608696,0.0434782608695652,0.826086956521739,0.0366853117699189,0.0925067784579082,0.0462533892289541,0.12765965152409,2.72521710099027e-09,0.872340345750693,0.0366840849400717,0.0925017541969617,0.0462508770984809,0.127661872343467,2.9403631283497e-07,0.87233783362022,0.0309511451306067,0.0869530484984742,0.0434765242492371,0.156566671566347,1.73662032807666e-06,0.843431591813325,0.0366853483193721,0.0925069380203516,0.0462534690101758,0.127659574468085,0,0.872340425531915,0.0366858767312953,0.09250961790585,0.046254808952925,0.127658049223428,1.85301907753091e-07,0.872341765474664,24,3,0,21,23,3,0,20
227,1,0.0869565217391304,0.0869565217391304,0.826086956521739,0.00962462925483482,0.0263383154853556,0.0131691577426778,0.100125679481808,0.0773919771463636,0.822482343371828,0.0364329646633981,0.102428317454303,0.0512141587271513,0.0357423630119792,0.117449686514284,0.846807950473737,0.0200374656962302,0.0559702801807228,0.0279851400903614,0.104805774022134,0.058971381648769,0.836222844329097,0.0328786464293209,0.0927536231884058,0.0463768115942029,0.133333333333333,0.0666666666666667,0.8,0.0141365463238147,0.0394813119904824,0.0197406559952412,0.106697177734372,0.0743488978849759,0.818953924380653,27,0,4,23,33,8,0,25
227,2,0.0869565217391304,0.0869565217391304,0.826086956521739,0.0406070168531085,0.111801741321491,0.0559008706607453,0.142857392399876,0.0476168712869454,0.809525736313179,0.0410679214058256,0.114775596698677,0.0573877983493387,0.144344320088469,0.0659983645039477,0.789657315407583,0.0541863459311467,0.153208054437832,0.0766040272189157,0.163560548958046,0.0468917295169264,0.789547721525027,0.0406064615137492,0.111801242236025,0.0559006211180124,0.142857142857143,0.0476190476190476,0.80952380952381,0.040607790044398,0.111804724470987,0.0559023622354936,0.142858883974624,0.0476174812613628,0.809523634764013,31,4,3,24,32,5,0,27
227,3,0.0869565217391304,0.0869565217391304,0.826086956521739,0.0276457146877305,0.0682865371547789,0.0341432685773895,0.053389245024865,0.0863805298760064,0.860230225099129,0.0600247834360411,0.168501875125596,0.0842509375627978,0.0538197447233675,0.0358423611920955,0.910337894084537,0.0351532408937327,0.0887749911343424,0.0443874955671711,0.0453736482415016,0.084151899669588,0.87047445208891,0.0358676142865319,0.101185770750988,0.0505928853754941,0.0363636363636364,0.109090909090909,0.854545454545454,0.0280215409389759,0.0701977385490589,0.0350988692745294,0.0534740344555844,0.0853401397481469,0.861185825796269,28,2,0,26,27,0,6,21
227,4,0.0869565217391304,0.0869565217391304,0.826086956521739,0.259973204268995,0.64659547687276,0.32329773843638,0.0769256911847954,0.41025426017551,0.512820048639694,0.259963871471764,0.64657061395199,0.323285306975995,0.0769277839249911,0.410241828715125,0.512830387359884,0.26173805722559,0.661802787971095,0.330901393985548,0.108746449925124,0.396067987538684,0.495185562536192,0.259973942719507,0.64659977703456,0.32329988851728,0.0769230769230769,0.41025641025641,0.512820512820513,0.2599763039935,0.646600405407218,0.323300202703609,0.076928490535556,0.41025672444274,0.512814785021704,20,1,11,8,19,2,5,12
227,5,0.0869565217391304,0.0869565217391304,0.826086956521739,0.0946908794029118,0.267826251769266,0.133913125884633,0.0199999587968139,0.0199999587968139,0.960000082406372,0.0742078077978001,0.20989137644325,0.104945688221625,0.034483677628318,0.034483677628318,0.931032644743364,0.0737366144918464,0.208558640515691,0.104279320257846,0.0348168616102075,0.0348168616102075,0.930366276779585,0.0946908211328072,0.267826086956522,0.133913043478261,0.02,0.02,0.96,0.094690317608442,0.267824662774549,0.133912331387275,0.0200003560454931,0.0200003560454931,0.959999287909014,28,1,1,26,22,0,0,22
228,1,0.0434782608695652,0.130434782608696,0.826086956521739,0.0916408307388758,0.248743834136818,0.124371917068409,0.0741081982459384,0.224176762300731,0.70171503945333,0.0320355385394553,0.089160235996202,0.044580117998101,0.07275927142945,0.0858546646105947,0.841386063959955,0.0608824166005857,0.168241806763111,0.0841209033815556,0.0696403419710615,0.188393604888755,0.741966053140183,0.0747328952744133,0.192714453584019,0.0963572267920094,0.0540540540540541,0.216216216216216,0.72972972972973,0.0680545705142456,0.189078896897706,0.0945394484488531,0.075132083997429,0.193320407929685,0.731547508072886,23,2,1,20,14,0,7,7
228,2,0.0434782608695652,0.130434782608696,0.826086956521739,0.103970084018,0.276398826701061,0.138199413350531,0.0178568150638652,0.0178568150638652,0.96428636987227,0.0876326308584836,0.226614007434397,0.113307003717198,0.0303030198805312,0.0303030198805312,0.939393960238938,0.0864268284611589,0.222878572004757,0.111439286002378,0.0312368787379413,0.0312368787379413,0.937526242524117,0.1039696483078,0.27639751552795,0.138198757763975,0.0178571428571429,0.0178571428571429,0.964285714285714,0.103969285870662,0.276396424853301,0.13819821242665,0.0178574155258053,0.0178574155258053,0.964285168948389,32,1,1,30,24,0,0,24
228,3,0.0434782608695652,0.130434782608696,0.826086956521739,0.0186836816677964,0.048194290040704,0.024097145020352,0.0649138266361797,0.133096361862433,0.801989811501387,0.182019293708123,0.453415417206465,0.226707708603232,0.0357143969453974,0.357142491211928,0.607143111842675,0.0131303661109669,0.0367022468799776,0.0183511234399888,0.0367597243182991,0.148785906048684,0.814454369633016,0.050048495700322,0.139130434782609,0.0695652173913044,0.02,0.2,0.78,0.0250240143770742,0.0695329127958381,0.0347664563979191,0.0665861790570501,0.14209332081913,0.79132050012382,27,1,10,16,23,0,0,23
228,4,0.0434782608695652,0.130434782608696,0.826086956521739,0.0382060884143859,0.0996116585083929,0.0498058292541964,0.0932840901237616,0.123672769754061,0.783043140122177,0.12198730008385,0.302119391621552,0.151059695810776,0.19116819676539,0.133804542523647,0.675027260710963,0.0410002799219975,0.100850843743011,0.0504254218715054,0.0934799220116852,0.130858543338081,0.775661534650234,0.0544850441663323,0.15304347826087,0.0765217391304348,0.12,0.1,0.78,0.0401272496409382,0.103628857773277,0.0518144288866384,0.0952926897562036,0.124571094925477,0.780136215318319,26,6,3,17,24,0,2,22
228,5,0.0434782608695652,0.130434782608696,0.826086956521739,0.0621990915341567,0.170508976901543,0.0852544884507714,0.0196085386222969,0.215689271059467,0.764702190318236,0.0495827556751159,0.137223005030895,0.0686115025154475,0.0217033029800568,0.199046285124143,0.7792504118958,0.0749560293273321,0.192412495933962,0.0962062479669808,0.0339222235187457,0.226641030575676,0.739436745905578,0.0621965968527625,0.170502983802217,0.0852514919011083,0.0196078431372549,0.215686274509804,0.764705882352941,0.0621965509794316,0.170502524738947,0.0852512623694733,0.0196085121997614,0.215686044978169,0.76470544282207,28,1,4,23,23,0,7,16
229,1,0.0869565217391304,0.0434782608695652,0.869565217391304,0.0307714894630855,0.086948350742752,0.043474175371376,0.110374056537734,4.08549818924001e-06,0.889621857964076,0.0681462797572502,0.192449211129564,0.0962246055647819,0.183181127303912,1.91861943916895e-06,0.816816954076648,0.0307693802978951,0.0869539223560995,0.0434769611780498,0.107130543662512,1.29969151546249e-06,0.892868156645972,0.0319513068569091,0.0869565217391305,0.0434782608695652,0.0980392156862745,0,0.901960784313726,0.031854737209586,0.0869438007694643,0.0434719003847322,0.0984586148022116,6.36048483302803e-06,0.901535024712955,32,1,0,31,19,4,0,15
229,2,0.0869565217391304,0.0434782608695652,0.869565217391304,0.0424821422657437,0.117989370684379,0.0589946853421897,0.0476195173227133,0.0238205799437928,0.928559902733494,0.0424889020629806,0.118011069036622,0.0590055345183111,0.0476191029898287,0.0238101451005558,0.928570751909615,0.0234094520636909,0.0595103054009785,0.0297551527004892,0.0595100617983959,0.0411695681098105,0.899320370091794,0.0424893282504311,0.118012422360249,0.0590062111801243,0.0476190476190476,0.0238095238095238,0.928571428571429,0.042488727272138,0.11801056456833,0.0590052822841651,0.0476192268291881,0.0238102734953424,0.928570499675469,27,2,0,25,15,0,1,14
229,3,0.0869565217391304,0.0434782608695652,0.869565217391304,0.00562831051582958,0.0155088694738083,0.00775443473690415,0.0892786264662548,0.0357238261326611,0.874997547401084,0.00563294561829131,0.0155258264504867,0.00776291322524334,0.0892894312259121,0.0357153476443219,0.874995221129766,0.025726808015438,0.0727656513440265,0.0363828256720132,0.105291018762683,0.0615265895180262,0.833182391719291,0.00563445679530985,0.015527950310559,0.0077639751552795,0.0892857142857143,0.0357142857142857,0.875,0.00563406701049313,0.0155260220402165,0.00776301102010824,0.0892837391342107,0.035715249849457,0.875001011016332,25,1,1,23,31,4,1,26
229,4,0.0869565217391304,0.0434782608695652,0.869565217391304,0.0125707479636778,0.0355552725491491,0.0177776362745745,0.0691788854645559,0.052414963411019,0.878406151124425,0.0684798503947191,0.193676823823993,0.0968384119119965,0.13636383138226,0.0909093631384323,0.772726805479308,0.0120794709308332,0.031312230689713,0.0156561153448565,0.0732094298393405,0.0591343762144218,0.867656193946238,0.00983416595492652,0.0275715800636268,0.0137857900318134,0.0731707317073171,0.0487804878048781,0.878048780487805,0.012126909296908,0.0342171251003985,0.0171085625501993,0.0698479591889312,0.0530648740886584,0.87708716672241,20,0,0,20,21,3,2,16
229,5,0.0869565217391304,0.0434782608695652,0.869565217391304,0.0471073419383141,0.128458629935418,0.0642293149677088,0.0227272067714217,0.0909095374589539,0.886363255769624,0.0471069683685989,0.128457286928887,0.0642286434644433,0.0227278782746872,0.0909095902194105,0.886362531505902,0.0559007165999539,0.156737507810412,0.078368753905206,0.0387672026383796,0.121847014774771,0.839385782586849,0.0471072073283753,0.128458498023715,0.0642292490118577,0.0227272727272727,0.0909090909090909,0.886363636363636,0.0471069712579919,0.128457734050909,0.0642288670254546,0.0227276547136759,0.0909090122205254,0.886363333065799,24,0,2,22,20,1,2,17
230,1,0.0434782608695652,0.0869565217391304,0.869565217391304,0.0939237753230101,0.260869556821851,0.130434778410925,2.0988850863235e-09,2.0988850863235e-09,0.99999999580223,0.0939237752116211,0.260869556501014,0.130434778250507,2.17909430041433e-09,2.17909430041433e-09,0.999999995641811,0.0939237734793742,0.260869551511573,0.130434775755786,3.42645470738033e-09,3.42645470738033e-09,0.999999993147091,0.0939237782377951,0.260869565217391,0.130434782608696,0,0,1,0.093923778236572,0.260869565213868,0.130434782606934,8.80765097117054e-13,8.80765097117054e-13,0.999999999998239,29,0,0,29,31,0,0,31
230,2,0.0434782608695652,0.0869565217391304,0.869565217391304,0.0710080775334112,0.200264115259627,0.100132057629813,1.53389802414105e-08,0.0303027096399019,0.969697275021118,0.0541817607379394,0.152761891934525,0.0763809459672626,2.44519250480679e-07,0.0540535921221827,0.945946163358567,0.0654935577759117,0.18513024297755,0.0925651214887749,3.34647866790385e-06,0.0378663146412527,0.962130338880079,0.0710078518661736,0.200263504611331,0.100131752305665,0,0.0303030303030303,0.96969696969697,0.07100753446055,0.200262604105984,0.100131302052992,2.2603776668236e-07,0.0303032545179369,0.969696519444296,30,0,0,30,36,0,2,34
230,3,0.0434782608695652,0.0869565217391304,0.869565217391304,0.0260796773438806,0.0724348494976559,0.0362174247488279,0.0555497583261865,0.111102449031337,0.833347792642476,0.0260907736041436,0.0724662643614587,0.0362331321807293,0.055556383437435,0.11111153135199,0.833332085210575,0.0571030606172782,0.161166962668511,0.0805834813342557,0.0792020479653908,0.131816215977561,0.788981736057049,0.0260899383993875,0.072463768115942,0.036231884057971,0.0555555555555556,0.111111111111111,0.833333333333333,0.0260892307527006,0.0724623927241176,0.0362311963620588,0.05555670330207,0.111109275668684,0.833334021029245,29,1,4,24,25,2,2,21
230,4,0.0434782608695652,0.0869565217391304,0.869565217391304,0.0173249722476179,0.0485307610444255,0.0242653805222128,0.0192128803473525,0.0961522959041834,0.884634823748464,0.0173093005533152,0.0484603833270225,0.0242301916635113,0.019248069206054,0.0960564579682066,0.884695472825739,0.0166281916407152,0.046874642240281,0.0234373211201405,0.0334221645621151,0.110393842859271,0.856183992578614,0.0173112599256071,0.048494983277592,0.024247491638796,0.0192307692307692,0.0961538461538462,0.884615384615385,0.0173107186653326,0.0484935045051715,0.0242467522525858,0.0192315086169794,0.0961536844475849,0.884614806935436,25,0,4,21,27,1,1,25
230,5,0.0434782608695652,0.0869565217391304,0.869565217391304,0.0396939874240399,0.108005163656627,0.0540025818283137,0.0974808426978789,0.0732296356454153,0.829289521656706,0.0798165406814154,0.207540052082279,0.103770026041139,0.133832177189917,0.100372631459918,0.765795191350165,0.0472038263503681,0.130587092399165,0.0652935461995824,0.0881610819788073,0.107567246829471,0.804271671191722,0.0397443085293259,0.108165429480382,0.0540827147401909,0.0975609756097561,0.0731707317073171,0.829268292682927,0.0395921864521926,0.107609318117929,0.0538046590589647,0.0972829199285299,0.0734745439099279,0.829242536161542,23,4,2,17,18,0,1,17
231,1,0.0434782608695652,0.0434782608695652,0.91304347826087,0.0252614898766045,0.0699084150417087,0.0349542075208544,0.0784324683904196,0.0196084394851166,0.901959092124464,0.0252607123611665,0.0699056369052423,0.0349528184526212,0.0784310793221864,0.0196080464261744,0.901960874251639,0.041895198566787,0.110831955855921,0.0554159779279603,0.0988942387975255,0.033925533873996,0.867180227328478,0.0252609247911834,0.0699062233589087,0.0349531116794544,0.0784313725490196,0.0196078431372549,0.901960784313726,0.0252669811051088,0.0699296735609163,0.0349648367804582,0.0784430976500234,0.0196141778896053,0.901942724460371,24,3,0,21,27,1,1,25
231,2,0.0434782608695652,0.0434782608695652,0.91304347826087,0.0494014588615428,0.138198625494087,0.0690993127470434,0.0178572068439908,2.14809623180232e-09,0.982142791007913,0.0408577835962727,0.109395940079015,0.0546979700395075,0.0322580320252775,5.19674345539525e-07,0.967741448300377,0.0412472421377869,0.110837790083342,0.0554188950416712,0.0315346634758244,2.96322163489255e-06,0.968462373302541,0.0494015013885371,0.138198757763975,0.0690993788819876,0.0178571428571429,0,0.982142857142857,0.0494012330785608,0.138198043526597,0.0690990217632985,0.0178571674311048,3.32544727203878e-07,0.982142500024168,26,0,0,26,30,1,0,29
231,3,0.0434782608695652,0.0434782608695652,0.91304347826087,0.0998816954674781,0.246438031217704,0.123219015608852,0.166697276478417,0.0416795821722183,0.791623141349365,0.0998521675177046,0.246377653982439,0.123188826991219,0.166667087860784,0.041667354425409,0.791665557713806,0.127514190980142,0.336026600539696,0.168013300269848,0.184216309288911,0.0707535127200675,0.745030177991021,0.0998515491269614,0.246376811594203,0.123188405797101,0.166666666666667,0.0416666666666667,0.791666666666667,0.0998491759528538,0.246372146678433,0.123186073339216,0.166664334208781,0.0416654919238881,0.79167017386733,24,5,1,18,24,3,1,20
231,4,0.0434782608695652,0.0434782608695652,0.91304347826087,0.10523520291984,0.297572959354663,0.148786479677331,0.120805695536481,0.114937305879981,0.764256998583538,0.228500231840973,0.612463572750502,0.306231786375251,0.28595356143624,0.107234746678141,0.606811691885619,0.104671699626358,0.293915104647186,0.146957552323593,0.132347144740519,0.101566929322204,0.766085925937276,0.120244900381437,0.314975845410628,0.157487922705314,0.177777777777778,0.0666666666666667,0.755555555555556,0.110987380704511,0.313714839661033,0.156857419830516,0.126817204644536,0.116996736925111,0.756186058430353,21,0,1,20,24,8,2,14
231,5,0.0434782608695652,0.0434782608695652,0.91304347826087,0.0390730786570798,0.107292850401572,0.0536464252007862,0.081773352609657,0.0588295943302595,0.859397053060083,0.136501464558875,0.371540815942249,0.185770407971125,0.181816642761167,0.0909102869490877,0.727273070289745,0.032315672508948,0.0874115564248834,0.0437057782124417,0.0768986798630182,0.0537636200885539,0.869337700048428,0.0374782928348928,0.0927536231884057,0.0463768115942028,0.0888888888888889,0.0444444444444444,0.866666666666667,0.0348273204841838,0.0952740257917904,0.0476370128958952,0.0781341853646914,0.0564593492703343,0.865406465364974,24,0,0,24,21,4,2,15
